<?xml version="1.0" encoding="UTF-8"?>
<section xml:id="C23.S16">
<title>Graphics</title>          
<para xml:id="C23.S16.p1">

</para>

 
<para xml:id="C23.S16.p2">

<sentence sentence-num-in-para="1" sentence-num-in-section="1" xml:id="C23.S16.p2.s1">
See Figures 23.16.1–23.16.3 for the modular functions <Math mode="inline" xml:id="C23.S16.p2.m1">\lambda</Math> , <Math mode="inline" xml:id="C23.S16.p2.m2">J</Math> , and <Math mode="inline" xml:id="C23.S16.p2.m3">\eta</Math>.
</sentence>

<sentence sentence-num-in-para="2" sentence-num-in-section="2" xml:id="C23.S16.p2.s2">
In Figures 23.16.2 and 23.16.3, height corresponds to the absolute value of the function and color to the phase.
</sentence>

<sentence sentence-num-in-para="3" sentence-num-in-section="3" xml:id="C23.S16.p2.s3">
See also About Color Map.
</sentence>

</para>
          
<sentence sentence-num-in-section="4" xml:id="C23.S16.F1.s1">
Figure 23.16.1: Modular functions <Math mode="inline" xml:id="C23.S16.F1.m5">\lambda\left(iy\right)</Math> , <Math mode="inline" xml:id="C23.S16.F1.m6">J\left(iy\right)</Math> , <Math mode="inline" xml:id="C23.S16.F1.m7">\eta\left(iy\right)</Math> for <Math mode="inline" xml:id="C23.S16.F1.m8">0\leq y\leq 3</Math> . See also Figure  .
</sentence>             
<sentence sentence-num-in-section="5" xml:id="C23.S16.F2.s1">
Figure 23.16.2: Elliptic modular function <Math mode="inline" xml:id="C23.S16.F2.m4">\lambda\left(x+iy\right)</Math> for <Math mode="inline" xml:id="C23.S16.F2.m5">-0.25\leq x\leq 0.25</Math> , <Math mode="inline" xml:id="C23.S16.F2.m6">0.005\leq y\leq 0.1</Math> . 
</sentence>           
<sentence sentence-num-in-section="6" xml:id="C23.S16.F3.s1">
Figure 23.16.3: Dedekind’s eta function <Math mode="inline" xml:id="C23.S16.F3.m4">\eta\left(x+iy\right)</Math> for <Math mode="inline" xml:id="C23.S16.F3.m5">-0.0625\leq x\leq 0.0625</Math> , <Math mode="inline" xml:id="C23.S16.F3.m6">0.0001\leq y\leq 0.07</Math> . 
</sentence>    
</section>
