<?xml version="1.0" encoding="UTF-8"?>
<section xml:id="C23.S18">
<title>Modular Transformations</title>          
<paragraph xml:id="C23.S18.Px1">
<title>Elliptic Modular Function</title>   
<para xml:id="C23.S18.Px1.p1">

<sentence sentence-num-in-para="1" sentence-num-in-section="1" xml:id="C23.S18.Px1.p1.s1">
 <Math mode="inline" xml:id="C23.S18.Px1.p1.m1">\lambda\left(\mathcal{A}\tau\right)</Math> equals <Math equation-number="23.18.1" mode="display" xml:id="C23.S18.E1">\lambda\left(\tau\right),1-\lambda\left(\tau\right),\frac{1}{\lambda\left(\tau\right)},\frac{1}{1-\lambda\left(\tau\right)},\frac{\lambda\left(\tau\right)}{\lambda\left(\tau\right)-1},1-\frac{1}{\lambda\left(\tau\right)},</Math> according as the elements <Math mode="inline" xml:id="C23.S18.Px1.p1.m2">\begin{bmatrix}a&amp;b\\ c&amp;d\end{bmatrix}</Math> of <Math mode="inline" xml:id="C23.S18.Px1.p1.m3">\mathcal{A}</Math> in (23.15.3) have the respective forms <Math equation-number="23.18.2" mode="display" xml:id="C23.S18.E2">\begin{bmatrix}\mathrm{o}&amp;\mathrm{e}\\ \mathrm{e}&amp;\mathrm{o}\end{bmatrix},\begin{bmatrix}\mathrm{e}&amp;\mathrm{o}\\ \mathrm{o}&amp;\mathrm{e}\end{bmatrix},\begin{bmatrix}\mathrm{o}&amp;\mathrm{e}\\ \mathrm{o}&amp;\mathrm{o}\end{bmatrix},\begin{bmatrix}\mathrm{e}&amp;\mathrm{o}\\ \mathrm{o}&amp;\mathrm{o}\end{bmatrix},\begin{bmatrix}\mathrm{o}&amp;\mathrm{o}\\ \mathrm{e}&amp;\mathrm{o}\end{bmatrix},\begin{bmatrix}\mathrm{o}&amp;\mathrm{o}\\ \mathrm{o}&amp;\mathrm{e}\end{bmatrix}</Math>.
</sentence>

<sentence sentence-num-in-para="2" sentence-num-in-section="2" xml:id="C23.S18.Px1.p1.s2">
Here e and o are generic symbols for even and odd integers, respectively.
</sentence>

<sentence sentence-num-in-para="3" sentence-num-in-section="3" xml:id="C23.S18.Px1.p1.s3">
In particular, if <Math mode="inline" xml:id="C23.S18.Px1.p1.m4">a-1,b,c</Math> , and <Math mode="inline" xml:id="C23.S18.Px1.p1.m5">d-1</Math> are all even, then <Math equation-number="23.18.3" mode="display" xml:id="C23.S18.E3">\lambda\left(\mathcal{A}\tau\right)=\lambda\left(\tau\right),</Math> and <Math mode="inline" xml:id="C23.S18.Px1.p1.m6">\lambda\left(\tau\right)</Math> is a cusp form of level zero for the correspondingsubgroup of SL <Math mode="inline" xml:id="C23.S18.Px1.p1.m7">(2,\mathbb{Z})</Math>.
</sentence>

</para>
 
</paragraph>
 
<paragraph xml:id="C23.S18.Px2">
<title>Klein’s Complete Invariant</title>   
<para xml:id="C23.S18.Px2.p1">

<sentence sentence-num-in-para="1" sentence-num-in-section="4" xml:id="C23.S18.Px2.p1.s1">
 <Math equation-number="23.18.4" mode="display" xml:id="C23.S18.E4">J\left(\mathcal{A}\tau\right)=J\left(\tau\right)</Math>.
</sentence>

<sentence sentence-num-in-para="2" sentence-num-in-section="5" xml:id="C23.S18.Px2.p1.s2">
<Math mode="inline" xml:id="C23.S18.Px2.p1.m1">J\left(\tau\right)</Math> is a modular form of level zero for SL <Math mode="inline" xml:id="C23.S18.Px2.p1.m2">(2,\mathbb{Z})</Math>.
</sentence>

</para>
 
</paragraph>
 
<paragraph xml:id="C23.S18.Px3">
<title>Dedekind’s Eta Function</title>   
<para xml:id="C23.S18.Px3.p1">

<sentence sentence-num-in-para="1" sentence-num-in-section="6" xml:id="C23.S18.Px3.p1.s1">
 <Math equation-number="23.18.5" mode="display" xml:id="C23.S18.E5">\eta\left(\mathcal{A}\tau\right)=\varepsilon(\mathcal{A})\left(-i(c\tau+d) \right)^{1/2}\eta\left(\tau\right),</Math> where the square root has its principal value and <Math equation-number="23.18.6" mode="display" xml:id="C23.S18.E6">\varepsilon(\mathcal{A})=\exp\left(\pi i\left(\frac{a+d}{12c}+s(-d,c)\right) \right),</Math> <Math equation-number="23.18.7" mode="display" xml:id="C23.S18.E7">{s(d,c)=\sum_{r=1}^{c-1}\frac{r}{c}\left(\frac{dr}{c}-\left\lfloor\frac{dr}{c} \right\rfloor-\frac{1}{2}\right),} if c&gt;0</Math>.
</sentence>

<sentence sentence-num-in-para="2" sentence-num-in-section="7" xml:id="C23.S18.Px3.p1.s2">
Here <Math mode="inline" xml:id="C23.S18.Px3.p1.m1">s(d,c)</Math> is a Dedekind sum.
</sentence>

<sentence sentence-num-in-para="3" sentence-num-in-section="8" xml:id="C23.S18.Px3.p1.s3">
See (27.14.11), §27.14(iii), §27.14(iv) and Apostol (1990, pp. 48 and 51–53).
</sentence>

<sentence sentence-num-in-para="4" sentence-num-in-section="9" xml:id="C23.S18.Px3.p1.s4">
Note that <Math mode="inline" xml:id="C23.S18.Px3.p1.m2">\eta\left(\tau\right)</Math> is of level <Math mode="inline" xml:id="C23.S18.Px3.p1.m3">\tfrac{1}{2}</Math>.
</sentence>

</para>
 
</paragraph>
 
</section>
