<?xml version="1.0" encoding="UTF-8"?>
<section xml:id="C23.S19">
<title>Interrelations</title>        
  
<para xml:id="C23.S19.p1">

<sentence sentence-num-in-para="1" sentence-num-in-section="1" xml:id="C23.S19.p1.s1">
 <Math equation-number="23.19.1" mode="display" xml:id="C23.S19.E1">\lambda\left(\tau\right)=16\left(\frac{{\eta^{2}}\left(2\tau\right)\eta\left( \tfrac{1}{2}\tau\right)}{{\eta^{3}}\left(\tau\right)}\right)^{8},</Math> <Math equation-number="23.19.2" mode="display" xml:id="C23.S19.E2">J\left(\tau\right)=\frac{4}{27}\frac{\left(1-\lambda\left(\tau\right)+{\lambda ^{2}}\left(\tau\right)\right)^{3}}{\left(\lambda\left(\tau\right)\left(1- \lambda\left(\tau\right)\right)\right)^{2}},</Math> <Math equation-number="23.19.3" mode="display" xml:id="C23.S19.E3">J\left(\tau\right)=\frac{{g_{2}^{3}}}{{g_{2}^{3}}-27{g_{3}^{2}}},</Math> where <Math mode="inline" xml:id="C23.S19.p1.m1">g_{2},g_{3}</Math> are the invariants of the lattice <Math mode="inline" xml:id="C23.S19.p1.m2">\mathbb{L}</Math> with generators <Math mode="inline" xml:id="C23.S19.p1.m3">1</Math> and <Math mode="inline" xml:id="C23.S19.p1.m4">\tau</Math> ; see §23.3(i).
</sentence>

</para>
 
<para xml:id="C23.S19.p2">

<sentence sentence-num-in-para="1" sentence-num-in-section="2" xml:id="C23.S19.p2.s1">
Also,with <Math mode="inline" xml:id="C23.S19.p2.m1">\Delta</Math> defined as in (23.3.4),
</sentence>

<sentence sentence-num-in-para="2" sentence-num-in-section="3" xml:id="C23.S19.p2.s2">
<Math equation-number="23.19.4" mode="display" xml:id="C23.S19.E4">\Delta=(2\pi)^{12}{\eta^{24}}\left(\tau\right)</Math>.
</sentence>

</para>

 
</section>
