<?xml version="1.0" encoding="UTF-8"?>
<section xml:id="C23.S14">
<title>Integrals</title>          
<para xml:id="C23.S14.p1">

<sentence sentence-num-in-para="1" sentence-num-in-section="1" xml:id="C23.S14.p1.s1">
 <Math equation-number="23.14.1" mode="display" xml:id="C23.S14.E1">\int\wp\left(z\right)\mathrm{d}z=-\zeta\left(z\right),</Math> <Math equation-number="23.14.2" mode="display" xml:id="C23.S14.E2">\int{\wp^{2}}\left(z\right)\mathrm{d}z=\frac{1}{6}\wp'\left(z\right)+\frac{1}{ 12}g_{2}z,</Math> <Math equation-number="23.14.3" mode="display" xml:id="C23.S14.E3">\int{\wp^{3}}\left(z\right)\mathrm{d}z=\frac{1}{120}\wp'''\left(z\right)-\frac {3}{20}g_{2}\zeta\left(z\right)+\frac{1}{10}g_{3}z</Math>.
</sentence>

</para>
 
<para xml:id="C23.S14.p2">

<sentence sentence-num-in-para="1" sentence-num-in-section="2" xml:id="C23.S14.p2.s1">
For further integrals see Gröbner and Hofreiter (1949, Vol. 1, pp. 161–162),Gradshteyn and Ryzhik (2000, p. 622), and Prudnikov et al. (1990, pp. 51–52).
</sentence>

</para>
 
</section>
