<?xml version="1.0" encoding="UTF-8"?>
<section xml:id="C23.S12">
<title>Asymptotic Approximations</title>          
<para xml:id="C23.S12.p1">

<sentence sentence-num-in-para="1" sentence-num-in-section="1" xml:id="C23.S12.p1.s1">
If <Math mode="inline" xml:id="C23.S12.p1.m1">q\&gt;(=e^{\pi i\omega_{3}/\omega_{1}})\to 0</Math> with <Math mode="inline" xml:id="C23.S12.p1.m2">\omega_{1}</Math> and <Math mode="inline" xml:id="C23.S12.p1.m3">z</Math> fixed, then <Math equation-number="23.12.1" mode="display" xml:id="C23.S12.E1">\wp\left(z\right)=\frac{\pi^{2}}{4\omega_{1}^{2}}\left(-\frac{1}{3}+{\csc^{2}} \left(\frac{\pi z}{2\omega_{1}}\right)+8\left(1-\cos\left(\frac{\pi z}{\omega_ {1}}\right)\right)q^{2}+O\left(q^{4}\right)\right),</Math> <Math equation-number="23.12.2" mode="display" xml:id="C23.S12.E2">\zeta\left(z\right)=\frac{\pi^{2}}{4\omega_{1}^{2}}\left(\frac{z}{3}+\frac{2 \omega_{1}}{\pi}\cot\left(\frac{\pi z}{\omega_{1}}\right)-8\left(z-\frac{ \omega_{1}}{\pi}\sin\left(\frac{\pi z}{\omega_{1}}\right)\right)q^{2}+O\left(q ^{4}\right)\right),</Math> <Math equation-number="23.12.3" mode="display" xml:id="C23.S12.E3">\sigma\left(z\right)=\frac{2\omega_{1}}{\pi}\exp\left(\frac{\pi^{2}z^{2}}{24 \omega_{1}^{2}}\right)\sin\left(\frac{\pi z}{2\omega_{1}}\right)\*\left(1- \left(\frac{\pi^{2}z^{2}}{\omega_{1}^{2}}-4{\sin^{2}}\left(\frac{\pi z}{2 \omega_{1}}\right)\right)q^{2}+O\left(q^{4}\right)\right),</Math> provided that <Math mode="inline" xml:id="C23.S12.p1.m4">z\notin\mathbb{L}</Math> in the case of (23.12.1) and (23.12.2).
</sentence>

<sentence sentence-num-in-para="2" sentence-num-in-section="2" xml:id="C23.S12.p1.s2">
Also, <Math equation-number="23.12.4" mode="display" xml:id="C23.S12.E4">\eta_{1}=\frac{\pi^{2}}{4\omega_{1}}\left(\frac{1}{3}-8q^{2}+O\left(q^{4} \right)\right),</Math> with similar results for <Math mode="inline" xml:id="C23.S12.p1.m5">\eta_{2}</Math> and <Math mode="inline" xml:id="C23.S12.p1.m6">\eta_{3}</Math> obtainable by use of(23.2.14).
</sentence>

</para>
 
</section>
