<?xml version="1.0" encoding="UTF-8"?>
<section xml:id="C23.S1">
<title>Special Notation</title>        
 
<para xml:id="C23.S1.p1">

<sentence sentence-num-in-para="1" sentence-num-in-section="1" xml:id="C23.S1.p1.s1">
(For other notation see Notation for the Special Functions.)
</sentence>

</para>

 
<para xml:id="C23.S1.p2">

<sentence sentence-num-in-para="1" sentence-num-in-section="2" sentence-num-in-table="1" xml:id="C23.S1.p2.t1.s1">
<Math mode="inline" xml:id="C23.S1.p2.t1.r1.m1">\mathbb{L}</Math>
</sentence>

<sentence sentence-num-in-para="2" sentence-num-in-section="3" sentence-num-in-table="2" xml:id="C23.S1.p2.t1.s2">
lattice in <Math mode="inline" xml:id="C23.S1.p2.t1.r1.m2">\mathbb{C}</Math>.  
</sentence>

<sentence sentence-num-in-para="3" sentence-num-in-section="4" sentence-num-in-table="3" xml:id="C23.S1.p2.t1.s3">
<Math mode="inline" xml:id="C23.S1.p2.t1.r2.m1">\ell,n</Math>
</sentence>

<sentence sentence-num-in-para="4" sentence-num-in-section="5" sentence-num-in-table="4" xml:id="C23.S1.p2.t1.s4">
integers.    
</sentence>

<sentence sentence-num-in-para="5" sentence-num-in-section="6" sentence-num-in-table="5" xml:id="C23.S1.p2.t1.s5">
<Math mode="inline" xml:id="C23.S1.p2.t1.r3.m1">m</Math>
</sentence>

<sentence sentence-num-in-para="6" sentence-num-in-section="7" sentence-num-in-table="6" xml:id="C23.S1.p2.t1.s6">
integer, except in §23.20(ii).  
</sentence>

<sentence sentence-num-in-para="7" sentence-num-in-section="8" sentence-num-in-table="7" xml:id="C23.S1.p2.t1.s7">
<Math mode="inline" xml:id="C23.S1.p2.t1.r4.m1">z=x+iy</Math>
</sentence>

<sentence sentence-num-in-para="8" sentence-num-in-section="9" sentence-num-in-table="8" xml:id="C23.S1.p2.t1.s8">
complex variable, except in §§23.20(ii),23.21(iii).      
</sentence>

<sentence sentence-num-in-para="9" sentence-num-in-section="10" sentence-num-in-table="9" xml:id="C23.S1.p2.t1.s9">
<Math mode="inline" xml:id="C23.S1.p2.t1.r5.m1">[a,b]</Math> or <Math mode="inline" xml:id="C23.S1.p2.t1.r5.m2">(a,b)</Math>
</sentence>

<sentence sentence-num-in-para="10" sentence-num-in-section="11" sentence-num-in-table="10" xml:id="C23.S1.p2.t1.s10">
closed, or open, straight-line segment joining <Math mode="inline" xml:id="C23.S1.p2.t1.r5.m3">a</Math> and <Math mode="inline" xml:id="C23.S1.p2.t1.r5.m4">b</Math>, whether or not <Math mode="inline" xml:id="C23.S1.p2.t1.r5.m5">a</Math> and <Math mode="inline" xml:id="C23.S1.p2.t1.r5.m6">b</Math> are real.
</sentence>

<sentence sentence-num-in-para="11" sentence-num-in-section="12" sentence-num-in-table="11" xml:id="C23.S1.p2.t1.s11">
primes
</sentence>

<sentence sentence-num-in-para="12" sentence-num-in-section="13" sentence-num-in-table="12" xml:id="C23.S1.p2.t1.s12">
derivatives with respect to the variable, except where indicated otherwise.
</sentence>

<sentence sentence-num-in-para="13" sentence-num-in-section="14" sentence-num-in-table="13" xml:id="C23.S1.p2.t1.s13">
<Math mode="inline" xml:id="C23.S1.p2.t1.r7.m1">K\left(k\right)</Math>, <Math mode="inline" xml:id="C23.S1.p2.t1.r7.m2">K'\left(k\right)</Math>
</sentence>

<sentence sentence-num-in-para="14" sentence-num-in-section="15" sentence-num-in-table="14" xml:id="C23.S1.p2.t1.s14">
complete elliptic integrals (§19.2(i)).
</sentence>

<sentence sentence-num-in-para="15" sentence-num-in-section="16" sentence-num-in-table="15" xml:id="C23.S1.p2.t1.s15">
<Math mode="inline" xml:id="C23.S1.p2.t1.r8.m1">2\omega_{1},2\omega_{3}</Math>
</sentence>

<sentence sentence-num-in-para="16" sentence-num-in-section="17" sentence-num-in-table="16" xml:id="C23.S1.p2.t1.s16">
lattice generators (<Math mode="inline" xml:id="C23.S1.p2.t1.r8.m2">\Im(\omega_{3}/\omega_{1})&gt;0</Math>).  
</sentence>

<sentence sentence-num-in-para="17" sentence-num-in-section="18" sentence-num-in-table="17" xml:id="C23.S1.p2.t1.s17">
<Math mode="inline" xml:id="C23.S1.p2.t1.r9.m1">\omega_{2}</Math>
</sentence>

<sentence sentence-num-in-para="18" sentence-num-in-section="19" sentence-num-in-table="18" xml:id="C23.S1.p2.t1.s18">
<Math mode="inline" xml:id="C23.S1.p2.t1.r9.m2">-\omega_{1}-\omega_{3}</Math>.
</sentence>

<sentence sentence-num-in-para="19" sentence-num-in-section="20" sentence-num-in-table="19" xml:id="C23.S1.p2.t1.s19">
<Math mode="inline" xml:id="C23.S1.p2.t1.r10.m1">\tau=\omega_{3}/\omega_{1}</Math>
</sentence>

<sentence sentence-num-in-para="20" sentence-num-in-section="21" sentence-num-in-table="20" xml:id="C23.S1.p2.t1.s20">
lattice parameter (<Math mode="inline" xml:id="C23.S1.p2.t1.r10.m2">\Im\tau&gt;0</Math>).  
</sentence>

<sentence sentence-num-in-para="21" sentence-num-in-section="22" sentence-num-in-table="21" xml:id="C23.S1.p2.t1.s21">
<Math mode="inline" xml:id="C23.S1.p2.t1.r11.m1">q=e^{i\pi\omega_{3}/\omega_{1}}</Math>
</sentence>

<sentence sentence-num-in-para="22" sentence-num-in-section="23" sentence-num-in-table="22" xml:id="C23.S1.p2.t1.s22">
<Math mode="inline" xml:id="C23.S1.p2.t1.r12.m1">\phantom{q}=e^{i\pi\tau}</Math>
</sentence>

<sentence sentence-num-in-para="23" sentence-num-in-section="24" sentence-num-in-table="23" xml:id="C23.S1.p2.t1.s23">
nome.  
</sentence>

<sentence sentence-num-in-para="24" sentence-num-in-section="25" sentence-num-in-table="24" xml:id="C23.S1.p2.t1.s24">
<Math mode="inline" xml:id="C23.S1.p2.t1.r13.m1">\Delta</Math>
</sentence>

<sentence sentence-num-in-para="25" sentence-num-in-section="26" sentence-num-in-table="25" xml:id="C23.S1.p2.t1.s25">
discriminant <Math mode="inline" xml:id="C23.S1.p2.t1.r13.m2">{g_{2}^{3}}-27{g_{3}^{2}}</Math>.  
</sentence>

<sentence sentence-num-in-para="26" sentence-num-in-section="27" sentence-num-in-table="26" xml:id="C23.S1.p2.t1.s26">
<Math mode="inline" xml:id="C23.S1.p2.t1.r14.m1">n\mathbb{Z}</Math>
</sentence>

<sentence sentence-num-in-para="27" sentence-num-in-section="28" sentence-num-in-table="27" xml:id="C23.S1.p2.t1.s27">
set of all integer multiples of <Math mode="inline" xml:id="C23.S1.p2.t1.r14.m2">n</Math>.
</sentence>

<sentence sentence-num-in-para="28" sentence-num-in-section="29" sentence-num-in-table="28" xml:id="C23.S1.p2.t1.s28">
<Math mode="inline" xml:id="C23.S1.p2.t1.r15.m1">S_{1}/S_{2}</Math>
</sentence>

<sentence sentence-num-in-para="29" sentence-num-in-section="30" sentence-num-in-table="29" xml:id="C23.S1.p2.t1.s29">
set of all elements of <Math mode="inline" xml:id="C23.S1.p2.t1.r15.m2">S_{1}</Math>, modulo elements of <Math mode="inline" xml:id="C23.S1.p2.t1.r15.m3">S_{2}</Math>. Thus two elements of <Math mode="inline" xml:id="C23.S1.p2.t1.r15.m4">S_{1}/S_{2}</Math> are equivalent if they are both in <Math mode="inline" xml:id="C23.S1.p2.t1.r15.m5">S_{1}</Math> and their difference is in <Math mode="inline" xml:id="C23.S1.p2.t1.r15.m6">S_{2}</Math>. (For an example see §20.12(ii).)
</sentence>

<sentence sentence-num-in-para="30" sentence-num-in-section="31" sentence-num-in-table="30" xml:id="C23.S1.p2.t1.s30">
<Math mode="inline" xml:id="C23.S1.p2.t1.r16.m1">G\times H</Math>
</sentence>

<sentence sentence-num-in-para="31" sentence-num-in-section="32" sentence-num-in-table="31" xml:id="C23.S1.p2.t1.s31">
Cartesian product of groups <Math mode="inline" xml:id="C23.S1.p2.t1.r16.m2">G</Math> and <Math mode="inline" xml:id="C23.S1.p2.t1.r16.m3">H</Math>, that is, the set of all pairs of elements <Math mode="inline" xml:id="C23.S1.p2.t1.r16.m4">(g,h)</Math> with group operation <Math mode="inline" xml:id="C23.S1.p2.t1.r16.m5">(g_{1},h_{1})+(g_{2},h_{2})=(g_{1}+g_{2},h_{1}+h_{2})</Math>.
</sentence>

</para>
 
    
<para xml:id="C23.S1.p3">

<sentence sentence-num-in-para="1" sentence-num-in-section="33" xml:id="C23.S1.p3.s1">
The main functions treated in this chapter are the Weierstrass <Math mode="inline" xml:id="C23.S1.p3.m1">\wp</Math> -function <Math mode="inline" xml:id="C23.S1.p3.m2">\wp\left(z\right)=\wp\left(z|\mathbb{L}\right)=\wp\left(z;g_{2},g_{3}\right)</Math> ; the Weierstrass zeta function <Math mode="inline" xml:id="C23.S1.p3.m3">\zeta\left(z\right)=\zeta\left(z|\mathbb{L}\right)=\zeta\left(z;g_{2},g_{3}\right)</Math> ; the Weierstrass sigma function <Math mode="inline" xml:id="C23.S1.p3.m4">\sigma\left(z\right)=\sigma\left(z|\mathbb{L}\right)=\sigma\left(z;g_{2},g_{3}\right)</Math> ; the elliptic modular function <Math mode="inline" xml:id="C23.S1.p3.m5">\lambda\left(\tau\right)</Math> ; Klein’s complete invariant <Math mode="inline" xml:id="C23.S1.p3.m6">J\left(\tau\right)</Math> ; Dedekind’s eta function <Math mode="inline" xml:id="C23.S1.p3.m7">\eta\left(\tau\right)</Math>.
</sentence>

</para>
        
   
<paragraph xml:id="C23.S1.Px1">
<title>Other Notations</title>   
<para xml:id="C23.S1.Px1.p1">

<sentence sentence-num-in-para="1" sentence-num-in-section="34" xml:id="C23.S1.Px1.p1.s1">
Whittaker and Watson (1927) requires only <Math mode="inline" xml:id="C23.S1.Px1.p1.m1">\Im(\omega_{3}/\omega_{1})\neq 0</Math> , instead of <Math mode="inline" xml:id="C23.S1.Px1.p1.m2">\Im(\omega_{3}/\omega_{1})&gt;0</Math>.
</sentence>

<sentence sentence-num-in-para="2" sentence-num-in-section="35" xml:id="C23.S1.Px1.p1.s2">
Abramowitz and Stegun (1964, Chapter 18) considers only rectangular and rhombic lattices (§23.5);
</sentence>

<sentence sentence-num-in-para="3" sentence-num-in-section="36" xml:id="C23.S1.Px1.p1.s3">
<Math mode="inline" xml:id="C23.S1.Px1.p1.m3">\omega_{1}</Math> , <Math mode="inline" xml:id="C23.S1.Px1.p1.m4">\omega_{3}</Math> are replaced by <Math mode="inline" xml:id="C23.S1.Px1.p1.m5">\omega</Math> , <Math mode="inline" xml:id="C23.S1.Px1.p1.m6">\omega^{\prime}</Math> for the former and by <Math mode="inline" xml:id="C23.S1.Px1.p1.m7">\omega_{2}</Math> , <Math mode="inline" xml:id="C23.S1.Px1.p1.m8">\omega^{\prime}</Math> for the latter.
</sentence>

<sentence sentence-num-in-para="4" sentence-num-in-section="37" xml:id="C23.S1.Px1.p1.s4">
Silverman and Tate (1992) andKoblitz (1993) replace <Math mode="inline" xml:id="C23.S1.Px1.p1.m9">2\omega_{1}</Math> and <Math mode="inline" xml:id="C23.S1.Px1.p1.m10">2\omega_{3}</Math> by <Math mode="inline" xml:id="C23.S1.Px1.p1.m11">\omega_{1}</Math> and <Math mode="inline" xml:id="C23.S1.Px1.p1.m12">\omega_{3}</Math> , respectively.
</sentence>

<sentence sentence-num-in-para="5" sentence-num-in-section="38" xml:id="C23.S1.Px1.p1.s5">
Walker (1996) normalizes <Math mode="inline" xml:id="C23.S1.Px1.p1.m13">2\omega_{1}=1</Math> , <Math mode="inline" xml:id="C23.S1.Px1.p1.m14">2\omega_{3}=\tau</Math> , and uses homogeneity (§23.10(iv)).
</sentence>

<sentence sentence-num-in-para="6" sentence-num-in-section="39" xml:id="C23.S1.Px1.p1.s6">
McKean and Moll (1999) replaces <Math mode="inline" xml:id="C23.S1.Px1.p1.m15">2\omega_{1}</Math> and <Math mode="inline" xml:id="C23.S1.Px1.p1.m16">2\omega_{3}</Math> by <Math mode="inline" xml:id="C23.S1.Px1.p1.m17">\omega_{1}</Math> and <Math mode="inline" xml:id="C23.S1.Px1.p1.m18">\omega_{2}</Math> , respectively.
</sentence>

</para>
 
</paragraph>
 
</section>
