<?xml version="1.0" encoding="UTF-8"?>
<section xml:id="C23.S11">
<title>Integral Representations</title>         
 
<para xml:id="C23.S11.p1">

<sentence sentence-num-in-para="1" sentence-num-in-section="1" xml:id="C23.S11.p1.s1">
Let <Math mode="inline" xml:id="C23.S11.p1.m1">\tau=\ifrac{\omega_{3}}{\omega_{1}}</Math> and <Math equation-number="23.11.1" mode="display" xml:id="C23.S11.E1">f_{1}(s,\tau)=\frac{{\cosh^{2}}\left(\tfrac{1}{2}\tau s\right)}{1-2e^{-s}\cosh \left(\tau s\right)+e^{-2s}},f_{2}(s,\tau)=\frac{{\cos^{2}}\left(\tfrac{1}{2}s\right)}{1-2e^{i\tau s}\cos s +e^{2i\tau s}}</Math>.
</sentence>

</para>

 
<para xml:id="C23.S11.p2">

<sentence sentence-num-in-para="1" sentence-num-in-section="2" xml:id="C23.S11.p2.s1">
Then <Math equation-number="23.11.2" mode="display" xml:id="C23.S11.E2">\wp\left(z\right)=\frac{1}{z^{2}}+8\int_{0}^{\infty}s\left(e^{-s}{\sinh^{2}} \left(\tfrac{1}{2}zs\right)f_{1}(s,\tau)+e^{i\tau s}{\sin^{2}}\left(\tfrac{1}{ 2}zs\right)f_{2}(s,\tau)\right)\mathrm{d}s,</Math> and <Math equation-number="23.11.3" mode="display" xml:id="C23.S11.E3">\zeta\left(z\right)=\frac{1}{z}+\int_{0}^{\infty}\left(e^{-s}\left(zs-\sinh \left(zs\right)\right)f_{1}(s,\tau)-e^{i\tau s}\left(zs-\sin\left(zs\right) \right)f_{2}(s,\tau)\right)\mathrm{d}s,</Math> provided that <Math mode="inline" xml:id="C23.S11.p2.m1">-1&lt;\Re(z+\tau)&lt;1</Math> and <Math mode="inline" xml:id="C23.S11.p2.m2">\left|\Im z\right|&lt;\Im\tau</Math>.
</sentence>

</para>
 
</section>
