<?xml version="1.0" encoding="UTF-8"?>
<section xml:id="C23.S17">
<title>Elementary Properties</title>          
<subsection xml:id="C23.S17.SS1">
<title>Special Values</title>         
 
<para xml:id="C23.S17.SS1.p1">

<sentence sentence-num-in-para="1" sentence-num-in-section="1" xml:id="C23.S17.SS1.p1.s1">
 <Math equation-number="23.17.1" mode="display" xml:id="C23.S17.E1">\lambda\left(i\right)=\tfrac{1}{2},\lambda\left(\textstyle e^{\pi i/3}\right)=e^{\pi i/3},</Math> <Math equation-number="23.17.2" mode="display" xml:id="C23.S17.E2">J\left(i\right)=1,J\left(\textstyle e^{\pi i/3}\right)=0,</Math> <Math equation-number="23.17.3" mode="display" xml:id="C23.S17.E3">\eta\left(i\right)=\frac{\Gamma\left(\tfrac{1}{4}\right)}{2\pi^{3/4}},\eta\left(\textstyle e^{\pi i/3}\right)=\frac{3^{1/8}\left(\Gamma\left(\tfrac{ 1}{3}\right)\right)^{3/2}}{2\pi}e^{\pi i/24}</Math>.
</sentence>

</para>
 
<para xml:id="C23.S17.SS1.p2">

<sentence sentence-num-in-para="1" sentence-num-in-section="2" xml:id="C23.S17.SS1.p2.s1">
For further results for <Math mode="inline" xml:id="C23.S17.SS1.p2.m1">J\left(\tau\right)</Math> see Cohen (1993, p. 376).
</sentence>

</para>
 
</subsection>
 
<subsection xml:id="C23.S17.SS2">
<title>Power and Laurent Series</title>           
<para xml:id="C23.S17.SS2.p1">

<sentence sentence-num-in-para="1" sentence-num-in-section="3" xml:id="C23.S17.SS2.p1.s1">
When <Math mode="inline" xml:id="C23.S17.SS2.p1.m1">|q|&lt;1</Math> <Math equation-number="23.17.4" mode="display" xml:id="C23.S17.E4">\lambda\left(\tau\right)=16q(1-8q+44q^{2}+\cdots),</Math> <Math equation-number="23.17.5" mode="display" xml:id="C23.S17.E5">1728\!J\left(\tau\right)=q^{-2}+744+1\;96884q^{2}+214\;93760q^{4}+\cdots,</Math> <Math equation-number="23.17.6" mode="display" xml:id="C23.S17.E6">\eta\left(\tau\right)=\sum_{n=-\infty}^{\infty}(-1)^{n}q^{(6n+1)^{2}/12}</Math>.
</sentence>

</para>
 
<para xml:id="C23.S17.SS2.p2">

<sentence sentence-num-in-para="1" sentence-num-in-section="4" xml:id="C23.S17.SS2.p2.s1">
In (23.17.5) for terms up to <Math mode="inline" xml:id="C23.S17.SS2.p2.m1">q^{48}</Math> see Zuckerman (1939), and for terms up to <Math mode="inline" xml:id="C23.S17.SS2.p2.m2">q^{100}</Math> see van Wijngaarden (1953).
</sentence>

<sentence sentence-num-in-para="2" sentence-num-in-section="5" xml:id="C23.S17.SS2.p2.s2">
See alsoApostol (1990, p. 22).
</sentence>

</para>
 
</subsection>
 
<subsection xml:id="C23.S17.SS3">
<title>Infinite Products</title>          
<para xml:id="C23.S17.SS3.p1">

<sentence sentence-num-in-para="1" sentence-num-in-section="6" xml:id="C23.S17.SS3.p1.s1">
 <Math equation-number="23.17.7" mode="display" xml:id="C23.S17.E7">\lambda\left(\tau\right)=16q\prod_{n=1}^{\infty}\left(\frac{1+q^{2n}}{1+q^{2n- 1}}\right)^{8},</Math> <Math equation-number="23.17.8" mode="display" xml:id="C23.S17.E8">\eta\left(\tau\right)=q^{1/12}\prod_{n=1}^{\infty}(1-q^{2n}),</Math> with <Math mode="inline" xml:id="C23.S17.SS3.p1.m1">q^{1/12}=e^{i\pi\tau/12}</Math>.
</sentence>

</para>
 
</subsection>
 
</section>
