<?xml version="1.0" encoding="UTF-8"?>
<section xml:id="C23.S20">
<title>Mathematical Applications</title>        
   
<subsection xml:id="C23.S20.SS1">
<title>Conformal Mappings</title>          
<paragraph xml:id="C23.S20.Px1">
<title>Rectangular Lattice</title>   
<para xml:id="C23.S20.Px1.p1">

<sentence sentence-num-in-para="1" sentence-num-in-section="1" xml:id="C23.S20.Px1.p1.s1">
The boundary of the rectangle <Math mode="inline" xml:id="C23.S20.Px1.p1.m1">R</Math> , with vertices <Math mode="inline" xml:id="C23.S20.Px1.p1.m2">0</Math> , <Math mode="inline" xml:id="C23.S20.Px1.p1.m3">\omega_{1}</Math> , <Math mode="inline" xml:id="C23.S20.Px1.p1.m4">\omega_{1}+\omega_{3}</Math> , <Math mode="inline" xml:id="C23.S20.Px1.p1.m5">\omega_{3}</Math> , is mapped strictly monotonically by <Math mode="inline" xml:id="C23.S20.Px1.p1.m6">\wp</Math> onto the real line with <Math mode="inline" xml:id="C23.S20.Px1.p1.m7">0\to\infty</Math> , <Math mode="inline" xml:id="C23.S20.Px1.p1.m8">\omega_{1}\to e_{1}</Math> , <Math mode="inline" xml:id="C23.S20.Px1.p1.m9">\omega_{1}+\omega_{3}\to e_{2}</Math> , <Math mode="inline" xml:id="C23.S20.Px1.p1.m10">\omega_{3}\to e_{3}</Math> , <Math mode="inline" xml:id="C23.S20.Px1.p1.m11">0\to-\infty</Math>.
</sentence>

<sentence sentence-num-in-para="2" sentence-num-in-section="2" xml:id="C23.S20.Px1.p1.s2">
There is a unique point <Math mode="inline" xml:id="C23.S20.Px1.p1.m12">z_{0}\in[\omega_{1},\omega_{1}+\omega_{3}]\cup[\omega_{1}+\omega_{3},\omega_{3}]</Math> such that <Math mode="inline" xml:id="C23.S20.Px1.p1.m13">\wp\left(z_{0}\right)=0</Math>.
</sentence>

<sentence sentence-num-in-para="3" sentence-num-in-section="3" xml:id="C23.S20.Px1.p1.s3">
The interior of <Math mode="inline" xml:id="C23.S20.Px1.p1.m14">R</Math> is mapped one-to-one onto the lower half-plane.
</sentence>

</para>
 
</paragraph>
 
<paragraph xml:id="C23.S20.Px2">
<title>Rhombic Lattice</title>   
<para xml:id="C23.S20.Px2.p1">

<sentence sentence-num-in-para="1" sentence-num-in-section="4" xml:id="C23.S20.Px2.p1.s1">
The two pairs of edges <Math mode="inline" xml:id="C23.S20.Px2.p1.m1">[0,\omega_{1}]\cup[\omega_{1},2\omega_{3}]</Math> and <Math mode="inline" xml:id="C23.S20.Px2.p1.m2">[2\omega_{3},2\omega_{3}-\omega_{1}]\cup[2\omega_{3}-\omega_{1},0]</Math> of <Math mode="inline" xml:id="C23.S20.Px2.p1.m3">R</Math> are eachmapped strictly monotonically by <Math mode="inline" xml:id="C23.S20.Px2.p1.m4">\wp</Math> onto the real line, with <Math mode="inline" xml:id="C23.S20.Px2.p1.m5">0\to\infty</Math> , <Math mode="inline" xml:id="C23.S20.Px2.p1.m6">\omega_{1}\to e_{1}</Math> , <Math mode="inline" xml:id="C23.S20.Px2.p1.m7">2\omega_{3}\to-\infty</Math> ; similarly for the other pair of edges.
</sentence>

<sentence sentence-num-in-para="2" sentence-num-in-section="5" xml:id="C23.S20.Px2.p1.s2">
For each pair of edges there is a unique point <Math mode="inline" xml:id="C23.S20.Px2.p1.m8">z_{0}</Math> such that <Math mode="inline" xml:id="C23.S20.Px2.p1.m9">\wp\left(z_{0}\right)=0</Math>.
</sentence>

</para>
 
<para xml:id="C23.S20.Px2.p2">

<sentence sentence-num-in-para="1" sentence-num-in-section="6" xml:id="C23.S20.Px2.p2.s1">
The interior of the rectangle with vertices <Math mode="inline" xml:id="C23.S20.Px2.p2.m1">0</Math> , <Math mode="inline" xml:id="C23.S20.Px2.p2.m2">\omega_{1}</Math> , <Math mode="inline" xml:id="C23.S20.Px2.p2.m3">2\omega_{3}</Math> , <Math mode="inline" xml:id="C23.S20.Px2.p2.m4">2\omega_{3}-\omega_{1}</Math> is mapped two-to-one onto the lower half-plane.
</sentence>

<sentence sentence-num-in-para="2" sentence-num-in-section="7" xml:id="C23.S20.Px2.p2.s2">
The interior of the rectangle with vertices <Math mode="inline" xml:id="C23.S20.Px2.p2.m5">0</Math> , <Math mode="inline" xml:id="C23.S20.Px2.p2.m6">\omega_{1}</Math> , <Math mode="inline" xml:id="C23.S20.Px2.p2.m7">\frac{1}{2}\omega_{1}+\omega_{3}</Math> , <Math mode="inline" xml:id="C23.S20.Px2.p2.m8">\frac{1}{2}\omega_{1}-\omega_{3}</Math> is mapped one-to-one onto the lower half-plane with a cut from <Math mode="inline" xml:id="C23.S20.Px2.p2.m9">e_{3}</Math> to <Math mode="inline" xml:id="C23.S20.Px2.p2.m10">\wp\left(\frac{1}{2}\omega_{1}+\omega_{3}\right)\&gt;(=\wp\left(\frac{1}{2}\omega _{1}-\omega_{3}\right))</Math>.
</sentence>

<sentence sentence-num-in-para="3" sentence-num-in-section="8" xml:id="C23.S20.Px2.p2.s3">
The cut is the image of the edge from <Math mode="inline" xml:id="C23.S20.Px2.p2.m11">\frac{1}{2}\omega_{1}+\omega_{3}</Math> to <Math mode="inline" xml:id="C23.S20.Px2.p2.m12">\frac{1}{2}\omega_{1}-\omega_{3}</Math> and is not a line segment.
</sentence>

</para>
 
<para xml:id="C23.S20.Px2.p3">

<sentence sentence-num-in-para="1" sentence-num-in-section="9" xml:id="C23.S20.Px2.p3.s1">
For examples of conformal mappings of the function <Math mode="inline" xml:id="C23.S20.Px2.p3.m1">\wp\left(z\right)</Math> , see Abramowitz and Stegun (1964, pp. 642–648, 654–655, and 659–60).
</sentence>

</para>
 
<para xml:id="C23.S20.Px2.p4">

<sentence sentence-num-in-para="1" sentence-num-in-section="10" xml:id="C23.S20.Px2.p4.s1">
For conformal mappings via modular functions seeApostol (1990, §2.7).
</sentence>

</para>
  
</paragraph>
 
</subsection>
 
<subsection xml:id="C23.S20.SS2">
<title>Elliptic Curves</title>        
    
<para xml:id="C23.S20.SS2.p1">

<sentence sentence-num-in-para="1" sentence-num-in-section="11" xml:id="C23.S20.SS2.p1.s1">
An algebraic curve that can be put either into the form <Math equation-number="23.20.1" mode="display" xml:id="C23.S20.E1">C:y^{2}=x^{3}+ax+b,</Math> or equivalently, on replacing <Math mode="inline" xml:id="C23.S20.SS2.p1.m1">x</Math> by <Math mode="inline" xml:id="C23.S20.SS2.p1.m2">x/z</Math> and <Math mode="inline" xml:id="C23.S20.SS2.p1.m3">y</Math> by <Math mode="inline" xml:id="C23.S20.SS2.p1.m4">y/z</Math> (projective coordinates), into the form <Math equation-number="23.20.2" mode="display" xml:id="C23.S20.E2">C:y^{2}z=x^{3}+axz^{2}+bz^{3},</Math> is an example of an elliptic curve (§22.18(iv)).
</sentence>

<sentence sentence-num-in-para="2" sentence-num-in-section="12" xml:id="C23.S20.SS2.p1.s2">
Here <Math mode="inline" xml:id="C23.S20.SS2.p1.m5">a</Math> and <Math mode="inline" xml:id="C23.S20.SS2.p1.m6">b</Math> are real or complex constants.
</sentence>

</para>
 
<para xml:id="C23.S20.SS2.p2">

<sentence sentence-num-in-para="1" sentence-num-in-section="13" xml:id="C23.S20.SS2.p2.s1">
Points <Math mode="inline" xml:id="C23.S20.SS2.p2.m1">P=(x,y)</Math> on the curve can be parametrized by <Math mode="inline" xml:id="C23.S20.SS2.p2.m2">x=\wp\left(z;g_{2},g_{3}\right)</Math> , <Math mode="inline" xml:id="C23.S20.SS2.p2.m3">2y=\wp'\left(z;g_{2},g_{3}\right)</Math> , where <Math mode="inline" xml:id="C23.S20.SS2.p2.m4">g_{2}=-4a</Math> and <Math mode="inline" xml:id="C23.S20.SS2.p2.m5">g_{3}=-4b</Math> : in this case we write <Math mode="inline" xml:id="C23.S20.SS2.p2.m6">P=P(z)</Math>.
</sentence>

<sentence sentence-num-in-para="2" sentence-num-in-section="14" xml:id="C23.S20.SS2.p2.s2">
The curve <Math mode="inline" xml:id="C23.S20.SS2.p2.m7">C</Math> is made into an abelian group (Macdonald (1968, Chapter 5)) by defining the zero element <Math mode="inline" xml:id="C23.S20.SS2.p2.m8">o=(0,1,0)</Math> as the point at infinity, the negative of <Math mode="inline" xml:id="C23.S20.SS2.p2.m9">P=(x,y)</Math> by <Math mode="inline" xml:id="C23.S20.SS2.p2.m10">-P=(x,-y)</Math> , and generally <Math mode="inline" xml:id="C23.S20.SS2.p2.m11">P_{1}+P_{2}+P_{3}=0</Math> on the curve iff the points <Math mode="inline" xml:id="C23.S20.SS2.p2.m12">P_{1}</Math> , <Math mode="inline" xml:id="C23.S20.SS2.p2.m13">P_{2}</Math> , <Math mode="inline" xml:id="C23.S20.SS2.p2.m14">P_{3}</Math> are collinear.
</sentence>

<sentence sentence-num-in-para="3" sentence-num-in-section="15" xml:id="C23.S20.SS2.p2.s3">
It follows from the addition formula (23.10.1) that the points <Math mode="inline" xml:id="C23.S20.SS2.p2.m15">P_{j}=P(z_{j})</Math> , <Math mode="inline" xml:id="C23.S20.SS2.p2.m16">j=1,2,3</Math> , have zero sum iff <Math mode="inline" xml:id="C23.S20.SS2.p2.m17">z_{1}+z_{2}+z_{3}\in\mathbb{L}</Math> , so that addition of points on the curve <Math mode="inline" xml:id="C23.S20.SS2.p2.m18">C</Math> corresponds to addition of parameters <Math mode="inline" xml:id="C23.S20.SS2.p2.m19">z_{j}</Math> on the torus <Math mode="inline" xml:id="C23.S20.SS2.p2.m20">\mathbb{C}/\mathbb{L}</Math> ; see McKean and Moll (1999, §§2.11, 2.14).
</sentence>

</para>
 
<para xml:id="C23.S20.SS2.p3">

<sentence sentence-num-in-para="1" sentence-num-in-section="16" xml:id="C23.S20.SS2.p3.s1">
In terms of <Math mode="inline" xml:id="C23.S20.SS2.p3.m1">(x,y)</Math> the addition law can be expressed <Math mode="inline" xml:id="C23.S20.SS2.p3.m2">(x,y)+o=(x,y)</Math> , <Math mode="inline" xml:id="C23.S20.SS2.p3.m3">(x,y)+(x,-y)=o</Math> ; otherwise <Math mode="inline" xml:id="C23.S20.SS2.p3.m4">(x_{1},y_{1})+(x_{2},y_{2})=(x_{3},y_{3})</Math> , where <Math equation-number="23.20.3" mode="display" xml:id="C23.S20.E3">x_{3}=m^{2}-x_{1}-x_{2},y_{3}=-m(x_{3}-x_{1})-y_{1},</Math> and <Math equation-number="23.20.4" mode="display" xml:id="C23.S20.E4">m=\begin{cases}(3x_{1}^{2}+a)/(2y_{1}),&amp;P_{1}=P_{2},\\ (y_{2}-y_{1})/(x_{2}-x_{1}),&amp;P_{1}\neq P_{2}.\end{cases</Math> }
</sentence>

</para>
 
<para xml:id="C23.S20.SS2.p4">

<sentence sentence-num-in-para="1" sentence-num-in-section="17" xml:id="C23.S20.SS2.p4.s1">
If <Math mode="inline" xml:id="C23.S20.SS2.p4.m1">a,b\in\mathbb{R}</Math> , then <Math mode="inline" xml:id="C23.S20.SS2.p4.m2">C</Math> intersects the plane <Math mode="inline" xml:id="C23.S20.SS2.p4.m3">{\mathbb{R}^{2}}</Math> in a curve that is connected if <Math mode="inline" xml:id="C23.S20.SS2.p4.m4">\Delta=4a^{3}+27b^{2}&gt;0</Math> ; if <Math mode="inline" xml:id="C23.S20.SS2.p4.m5">\Delta&lt;0</Math> , then the intersection has two components, one of which is a closed loop.
</sentence>

<sentence sentence-num-in-para="2" sentence-num-in-section="18" xml:id="C23.S20.SS2.p4.s2">
These cases correspond to rhombic and rectangular lattices, respectively.
</sentence>

<sentence sentence-num-in-para="3" sentence-num-in-section="19" xml:id="C23.S20.SS2.p4.s3">
The addition law states that to find the sum of two points, take the third intersection with <Math mode="inline" xml:id="C23.S20.SS2.p4.m6">C</Math> of the chord joining them (or the tangent if they coincide); then its reflection in the <Math mode="inline" xml:id="C23.S20.SS2.p4.m7">x</Math> -axis gives the required sum.
</sentence>

<sentence sentence-num-in-para="4" sentence-num-in-section="20" xml:id="C23.S20.SS2.p4.s4">
The geometric nature of this construction is illustrated in McKean and Moll (1999, §2.14),Koblitz (1993, §§6, 7), andSilverman and Tate (1992, Chapter 1, §§3, 4): each of these referencesmakes a connection with the addition theorem (23.10.1).
</sentence>

</para>
 
<para xml:id="C23.S20.SS2.p5">

<sentence sentence-num-in-para="1" sentence-num-in-section="21" xml:id="C23.S20.SS2.p5.s1">
If <Math mode="inline" xml:id="C23.S20.SS2.p5.m1">a,b\in\mathbb{Q}</Math> , then by rescaling we may assume <Math mode="inline" xml:id="C23.S20.SS2.p5.m2">a,b\in\mathbb{Z}</Math>.
</sentence>

<sentence sentence-num-in-para="2" sentence-num-in-section="22" xml:id="C23.S20.SS2.p5.s2">
Let <Math mode="inline" xml:id="C23.S20.SS2.p5.m3">T</Math> denote the set of points on <Math mode="inline" xml:id="C23.S20.SS2.p5.m4">C</Math> that are of finite order (that is, those points <Math mode="inline" xml:id="C23.S20.SS2.p5.m5">P</Math> for which there exists a positive integer <Math mode="inline" xml:id="C23.S20.SS2.p5.m6">n</Math> with <Math mode="inline" xml:id="C23.S20.SS2.p5.m7">nP=o</Math> ), and let <Math mode="inline" xml:id="C23.S20.SS2.p5.m8">I,K</Math> be the sets of points with integer andrational coordinates, respectively.
</sentence>

<sentence sentence-num-in-para="3" sentence-num-in-section="23" xml:id="C23.S20.SS2.p5.s3">
Then <Math mode="inline" xml:id="C23.S20.SS2.p5.m9">\emptyset\subseteq T\subseteq I\subseteq K\subseteq C</Math>.
</sentence>

<sentence sentence-num-in-para="4" sentence-num-in-section="24" xml:id="C23.S20.SS2.p5.s4">
Both <Math mode="inline" xml:id="C23.S20.SS2.p5.m10">T,K</Math> are subgroups of <Math mode="inline" xml:id="C23.S20.SS2.p5.m11">C</Math> , though <Math mode="inline" xml:id="C23.S20.SS2.p5.m12">I</Math> may not be.
</sentence>

<sentence sentence-num-in-para="5" sentence-num-in-section="25" xml:id="C23.S20.SS2.p5.s5">
<Math mode="inline" xml:id="C23.S20.SS2.p5.m13">K</Math> always has the form <Math mode="inline" xml:id="C23.S20.SS2.p5.m14">T\times{\mathbb{Z}^{r}}</Math> (Mordell’s Theorem:Silverman and Tate (1992, Chapter 3, §5)); the determination of <Math mode="inline" xml:id="C23.S20.SS2.p5.m15">r</Math> , the rank of <Math mode="inline" xml:id="C23.S20.SS2.p5.m16">K</Math> , raises questions of great difficulty, many of which are still open.
</sentence>

<sentence sentence-num-in-para="6" sentence-num-in-section="26" xml:id="C23.S20.SS2.p5.s6">
Both <Math mode="inline" xml:id="C23.S20.SS2.p5.m17">T</Math> and <Math mode="inline" xml:id="C23.S20.SS2.p5.m18">I</Math> are finite sets.
</sentence>

<sentence sentence-num-in-para="7" sentence-num-in-section="27" xml:id="C23.S20.SS2.p5.s7">
<Math mode="inline" xml:id="C23.S20.SS2.p5.m19">T</Math> must have one of the forms <Math mode="inline" xml:id="C23.S20.SS2.p5.m20">\mathbb{Z}/(n\mathbb{Z})</Math> , <Math mode="inline" xml:id="C23.S20.SS2.p5.m21">1\leq n\leq 10</Math> or <Math mode="inline" xml:id="C23.S20.SS2.p5.m22">n=12</Math> , or <Math mode="inline" xml:id="C23.S20.SS2.p5.m23">(\mathbb{Z}/(2\mathbb{Z}))\times(\mathbb{Z}/(2n\mathbb{Z}))</Math> , <Math mode="inline" xml:id="C23.S20.SS2.p5.m24">1\leq n\leq 4</Math>.
</sentence>

<sentence sentence-num-in-para="8" sentence-num-in-section="28" xml:id="C23.S20.SS2.p5.s8">
To determine <Math mode="inline" xml:id="C23.S20.SS2.p5.m25">T</Math> , we make use of the fact that if <Math mode="inline" xml:id="C23.S20.SS2.p5.m26">(x,y)\in T</Math> then <Math mode="inline" xml:id="C23.S20.SS2.p5.m27">y^{2}</Math> must be a divisor of <Math mode="inline" xml:id="C23.S20.SS2.p5.m28">\Delta</Math> ; hence there are only afinite number of possibilities for <Math mode="inline" xml:id="C23.S20.SS2.p5.m29">y</Math>.
</sentence>

<sentence sentence-num-in-para="9" sentence-num-in-section="29" xml:id="C23.S20.SS2.p5.s9">
Values of <Math mode="inline" xml:id="C23.S20.SS2.p5.m30">x</Math> are then found as integer solutions of <Math mode="inline" xml:id="C23.S20.SS2.p5.m31">x^{3}+ax+b-y^{2}=0</Math> (in particular <Math mode="inline" xml:id="C23.S20.SS2.p5.m32">x</Math> must be a divisor of <Math mode="inline" xml:id="C23.S20.SS2.p5.m33">b-y^{2}</Math> ).
</sentence>

<sentence sentence-num-in-para="10" sentence-num-in-section="30" xml:id="C23.S20.SS2.p5.s10">
The resulting points are then tested for finite order as follows.
</sentence>

<sentence sentence-num-in-para="11" sentence-num-in-section="31" xml:id="C23.S20.SS2.p5.s11">
Given <Math mode="inline" xml:id="C23.S20.SS2.p5.m34">P</Math> , calculate <Math mode="inline" xml:id="C23.S20.SS2.p5.m35">2P</Math> , <Math mode="inline" xml:id="C23.S20.SS2.p5.m36">4P</Math> , <Math mode="inline" xml:id="C23.S20.SS2.p5.m37">8P</Math> by doubling as above.
</sentence>

<sentence sentence-num-in-para="12" sentence-num-in-section="32" xml:id="C23.S20.SS2.p5.s12">
If any of these quantities is zero, then the point has finite order.
</sentence>

<sentence sentence-num-in-para="13" sentence-num-in-section="33" xml:id="C23.S20.SS2.p5.s13">
If any of <Math mode="inline" xml:id="C23.S20.SS2.p5.m38">2P</Math> , <Math mode="inline" xml:id="C23.S20.SS2.p5.m39">4P</Math> , <Math mode="inline" xml:id="C23.S20.SS2.p5.m40">8P</Math> is not an integer, then the point has infinite order.
</sentence>

<sentence sentence-num-in-para="14" sentence-num-in-section="34" xml:id="C23.S20.SS2.p5.s14">
Otherwise observe any equalities between <Math mode="inline" xml:id="C23.S20.SS2.p5.m41">P</Math> , <Math mode="inline" xml:id="C23.S20.SS2.p5.m42">2P</Math> , <Math mode="inline" xml:id="C23.S20.SS2.p5.m43">4P</Math> , <Math mode="inline" xml:id="C23.S20.SS2.p5.m44">8P</Math> , and their negatives.
</sentence>

<sentence sentence-num-in-para="15" sentence-num-in-section="35" xml:id="C23.S20.SS2.p5.s15">
The order of a point (if finite and not already determined) can have only the values 3, 5, 6, 7, 9, 10, or 12, and so can be found from <Math mode="inline" xml:id="C23.S20.SS2.p5.m45">2P=-P</Math> , <Math mode="inline" xml:id="C23.S20.SS2.p5.m46">4P=-P</Math> , <Math mode="inline" xml:id="C23.S20.SS2.p5.m47">4P=-2P</Math> , <Math mode="inline" xml:id="C23.S20.SS2.p5.m48">8P=P</Math> , <Math mode="inline" xml:id="C23.S20.SS2.p5.m49">8P=-P</Math> , <Math mode="inline" xml:id="C23.S20.SS2.p5.m50">8P=-2P</Math> , or <Math mode="inline" xml:id="C23.S20.SS2.p5.m51">8P=-4P</Math>.
</sentence>

<sentence sentence-num-in-para="16" sentence-num-in-section="36" xml:id="C23.S20.SS2.p5.s16">
If none of these equalities hold, then <Math mode="inline" xml:id="C23.S20.SS2.p5.m52">P</Math> has infinite order.
</sentence>

</para>
 
<para xml:id="C23.S20.SS2.p6">

<sentence sentence-num-in-para="1" sentence-num-in-section="37" xml:id="C23.S20.SS2.p6.s1">
For extensive tables of elliptic curves see Cremona (1997, pp. 84–340).
</sentence>

</para>
 
</subsection>
 
<subsection xml:id="C23.S20.SS3">
<title>Factorization</title>            
<para xml:id="C23.S20.SS3.p1">

<sentence sentence-num-in-para="1" sentence-num-in-section="38" xml:id="C23.S20.SS3.p1.s1">
§27.16 describes the use of primality testing and factorization in cryptography.
</sentence>

<sentence sentence-num-in-para="2" sentence-num-in-section="39" xml:id="C23.S20.SS3.p1.s2">
For applications of the Weierstrass function and the ellipticcurve method to these problems see Bressoud (1989) andKoblitz (1999).
</sentence>

</para>
 
</subsection>
 
<subsection xml:id="C23.S20.SS4">
<title>Modular and Quintic Equations</title>          
<para xml:id="C23.S20.SS4.p1">

<sentence sentence-num-in-para="1" sentence-num-in-section="40" xml:id="C23.S20.SS4.p1.s1">
The modular equation of degree <Math mode="inline" xml:id="C23.S20.SS4.p1.m1">p</Math> , <Math mode="inline" xml:id="C23.S20.SS4.p1.m2">p</Math> prime, is an algebraic equation in <Math mode="inline" xml:id="C23.S20.SS4.p1.m3">\alpha=\lambda\left(p\tau\right)</Math> and <Math mode="inline" xml:id="C23.S20.SS4.p1.m4">\beta=\lambda\left(\tau\right)</Math>.
</sentence>

<sentence sentence-num-in-para="2" sentence-num-in-section="41" xml:id="C23.S20.SS4.p1.s2">
For <Math mode="inline" xml:id="C23.S20.SS4.p1.m5">p=2,3,5,7</Math> and with <Math mode="inline" xml:id="C23.S20.SS4.p1.m6">u=\alpha^{1/4}</Math> , <Math mode="inline" xml:id="C23.S20.SS4.p1.m7">v=\beta^{1/4}</Math> , the modular equation is as follows: <Math equation-number="23.20.5" mode="display" xml:id="C23.S20.E5">v^{8}(1+u^{8})=4u^{4}, if p=2,</Math> <Math equation-number="23.20.6" mode="display" xml:id="C23.S20.E6">u^{4}-v^{4}+2uv(1-u^{2}v^{2})=0, if p=3,</Math> <Math equation-number="23.20.7" mode="display" xml:id="C23.S20.E7">{u^{6}-v^{6}+5u^{2}v^{2}(u^{2}-v^{2})+4uv(1-u^{4}v^{4})=0}, if p=5,</Math> <Math equation-number="23.20.8" mode="display" xml:id="C23.S20.E8">(1-u^{8})(1-v^{8})=(1-uv)^{8}, if p=7</Math>.
</sentence>

</para>
  
<para xml:id="C23.S20.SS4.p2">

<sentence sentence-num-in-para="1" sentence-num-in-section="42" xml:id="C23.S20.SS4.p2.s1">
For further information, including the application of (23.20.7) to the solution of the general quintic equation, seeBorwein and Borwein (1987, Chapter 4).
</sentence>

</para>
 
</subsection>
 
<subsection xml:id="C23.S20.SS5">
<title>Modular Functions and Number Theory</title>           
<para xml:id="C23.S20.SS5.p1">

<sentence sentence-num-in-para="1" sentence-num-in-section="43" xml:id="C23.S20.SS5.p1.s1">
For applications of modular functions to number theory see§27.14(iv)and Apostol (1990).
</sentence>

<sentence sentence-num-in-para="2" sentence-num-in-section="44" xml:id="C23.S20.SS5.p1.s2">
See alsoSilverman and Tate (1992), Serre (1973, Part 2, Chapters 6, 7),Koblitz (1993), and Cornell et al. (1997).
</sentence>

</para>
 
</subsection>
 
</section>
