<?xml version="1.0" encoding="UTF-8"?>
<section xml:id="C23.S23">
<title>Tables</title>        
 
 
<para xml:id="C23.S23.p1">

<sentence sentence-num-in-para="1" sentence-num-in-section="1" xml:id="C23.S23.p1.s1">
Table 18.2 in Abramowitz and Stegun (1964) gives values of <Math mode="inline" xml:id="C23.S23.p1.m1">\wp\left(z\right)</Math> , <Math mode="inline" xml:id="C23.S23.p1.m2">\wp'\left(z\right)</Math> , and <Math mode="inline" xml:id="C23.S23.p1.m3">\zeta\left(z\right)</Math> to 7 or 8D in the rectangular and rhombic cases, normalized so that <Math mode="inline" xml:id="C23.S23.p1.m4">\omega_{1}=1</Math> and <Math mode="inline" xml:id="C23.S23.p1.m5">\omega_{3}=ia</Math> (rectangular case), or <Math mode="inline" xml:id="C23.S23.p1.m6">\omega_{1}=1</Math> and <Math mode="inline" xml:id="C23.S23.p1.m7">\omega_{3}=\tfrac{1}{2}+ia</Math> (rhombic case), for <Math mode="inline" xml:id="C23.S23.p1.m8">a</Math> = 1.00, 1.05, 1.1, 1.2, 1.4, 2, 4. The values are tabulated on the real and imaginary <Math mode="inline" xml:id="C23.S23.p1.m9">z</Math> -axes, mostly ranging from 0 to 1 or <Math mode="inline" xml:id="C23.S23.p1.m10">i</Math> in steps of length 0.05, and in the case of <Math mode="inline" xml:id="C23.S23.p1.m11">\wp\left(z\right)</Math> the user may deduce values for complex <Math mode="inline" xml:id="C23.S23.p1.m12">z</Math> by application of the addition theorem (23.10.1).
</sentence>

</para>
 
<para xml:id="C23.S23.p2">

<sentence sentence-num-in-para="1" sentence-num-in-section="2" xml:id="C23.S23.p2.s1">
Abramowitz and Stegun (1964) also includes other tables to assist the computation of the Weierstrass functions, for example, the generators as functions of the lattice invariants <Math mode="inline" xml:id="C23.S23.p2.m1">g_{2}</Math> and <Math mode="inline" xml:id="C23.S23.p2.m2">g_{3}</Math>.
</sentence>

</para>
 
<para xml:id="C23.S23.p3">

<sentence sentence-num-in-para="1" sentence-num-in-section="3" xml:id="C23.S23.p3.s1">
For earlier tables related to Weierstrass functions seeFletcher et al. (1962, pp. 503–505) andLebedev and Fedorova (1960, pp. 223–226).
</sentence>

</para>

 
</section>
