<?xml version="1.0" encoding="UTF-8"?>
<section xml:id="C23.S22">
<title>Methods of Computation</title>          
<subsection xml:id="C23.S22.SS1">
<title>Function Values</title>        
 
<para xml:id="C23.S22.SS1.p1">

<sentence sentence-num-in-para="1" sentence-num-in-section="1" xml:id="C23.S22.SS1.p1.s1">
Given <Math mode="inline" xml:id="C23.S22.SS1.p1.m1">\omega_{1}</Math> and <Math mode="inline" xml:id="C23.S22.SS1.p1.m2">\omega_{3}</Math> , with <Math mode="inline" xml:id="C23.S22.SS1.p1.m3">\Im(\omega_{3}/\omega_{1})&gt;0</Math> , the nome <Math mode="inline" xml:id="C23.S22.SS1.p1.m4">q</Math> is computed from <Math mode="inline" xml:id="C23.S22.SS1.p1.m5">q=e^{i\pi\omega_{3}/\omega_{1}}</Math>.
</sentence>

<sentence sentence-num-in-para="2" sentence-num-in-section="2" xml:id="C23.S22.SS1.p1.s2">
For <Math mode="inline" xml:id="C23.S22.SS1.p1.m6">\wp\left(z\right)</Math> we apply (23.6.2) and (23.6.5),generating all needed values of the theta functions by the methods described in §20.14.
</sentence>

</para>
 
<para xml:id="C23.S22.SS1.p2">

<sentence sentence-num-in-para="1" sentence-num-in-section="3" xml:id="C23.S22.SS1.p2.s1">
The functions <Math mode="inline" xml:id="C23.S22.SS1.p2.m1">\zeta\left(z\right)</Math> and <Math mode="inline" xml:id="C23.S22.SS1.p2.m2">\sigma\left(z\right)</Math> are computed in a similar manner: the former by replacing <Math mode="inline" xml:id="C23.S22.SS1.p2.m3">u</Math> and <Math mode="inline" xml:id="C23.S22.SS1.p2.m4">z</Math> in (23.6.13) by <Math mode="inline" xml:id="C23.S22.SS1.p2.m5">z</Math> and <Math mode="inline" xml:id="C23.S22.SS1.p2.m6">\pi z/(2\omega_{1})</Math> , respectively, and also referring to (23.6.8); the latter by applying (23.6.9).
</sentence>

</para>
 
<para xml:id="C23.S22.SS1.p3">

<sentence sentence-num-in-para="1" sentence-num-in-section="4" xml:id="C23.S22.SS1.p3.s1">
The modular functions <Math mode="inline" xml:id="C23.S22.SS1.p3.m1">\lambda\left(\tau\right)</Math> , <Math mode="inline" xml:id="C23.S22.SS1.p3.m2">J\left(\tau\right)</Math> , and <Math mode="inline" xml:id="C23.S22.SS1.p3.m3">\eta\left(\tau\right)</Math> are also obtainable in a similar manner from their definitions in §23.15(ii).
</sentence>

</para>
 
</subsection>
 
<subsection xml:id="C23.S22.SS2">
<title>Lattice Calculations</title>        
 
 
<paragraph xml:id="C23.S22.Px1">
<title>Starting from Lattice</title>   
<para xml:id="C23.S22.Px1.p1">

<sentence sentence-num-in-para="1" sentence-num-in-section="5" xml:id="C23.S22.Px1.p1.s1">
Suppose that the lattice <Math mode="inline" xml:id="C23.S22.Px1.p1.m1">\mathbb{L}</Math> is given.
</sentence>

<sentence sentence-num-in-para="2" sentence-num-in-section="6" xml:id="C23.S22.Px1.p1.s2">
Then a pair of generators <Math mode="inline" xml:id="C23.S22.Px1.p1.m2">2\omega_{1}</Math> and <Math mode="inline" xml:id="C23.S22.Px1.p1.m3">2\omega_{3}</Math> can be chosen in an almost canonical way as follows.
</sentence>

<sentence sentence-num-in-para="3" sentence-num-in-section="7" xml:id="C23.S22.Px1.p1.s3">
For <Math mode="inline" xml:id="C23.S22.Px1.p1.m4">2\omega_{1}</Math> choose a nonzero point of <Math mode="inline" xml:id="C23.S22.Px1.p1.m5">\mathbb{L}</Math> of smallest absolute value.
</sentence>

<sentence sentence-num-in-para="4" sentence-num-in-section="8" xml:id="C23.S22.Px1.p1.s4">
(There will be <Math mode="inline" xml:id="C23.S22.Px1.p1.m6">2</Math> , <Math mode="inline" xml:id="C23.S22.Px1.p1.m7">4</Math> , or <Math mode="inline" xml:id="C23.S22.Px1.p1.m8">6</Math> possible choices.)For
</sentence>

<sentence sentence-num-in-para="5" sentence-num-in-section="9" xml:id="C23.S22.Px1.p1.s5">
<Math mode="inline" xml:id="C23.S22.Px1.p1.m9">2\omega_{3}</Math> choose a nonzero point that is not a multiple of <Math mode="inline" xml:id="C23.S22.Px1.p1.m10">2\omega_{1}</Math> and is such that <Math mode="inline" xml:id="C23.S22.Px1.p1.m11">\Im\tau&gt;0</Math> and <Math mode="inline" xml:id="C23.S22.Px1.p1.m12">|\tau|</Math> is as small as possible, where <Math mode="inline" xml:id="C23.S22.Px1.p1.m13">\tau=\omega_{3}/\omega_{1}</Math>.
</sentence>

<sentence sentence-num-in-para="6" sentence-num-in-section="10" xml:id="C23.S22.Px1.p1.s6">
(There will be either <Math mode="inline" xml:id="C23.S22.Px1.p1.m14">1</Math> or <Math mode="inline" xml:id="C23.S22.Px1.p1.m15">2</Math> possible choices.)This yields a pair of generators that satisfy <Math mode="inline" xml:id="C23.S22.Px1.p1.m16">\Im\tau&gt;0</Math> , <Math mode="inline" xml:id="C23.S22.Px1.p1.m17">|\Re\tau|\leq\tfrac{1}{2}</Math> , <Math mode="inline" xml:id="C23.S22.Px1.p1.m18">|\tau|&gt;1</Math>.
</sentence>

<sentence sentence-num-in-para="7" sentence-num-in-section="11" xml:id="C23.S22.Px1.p1.s7">
In consequence, <Math mode="inline" xml:id="C23.S22.Px1.p1.m19">q=e^{i\pi\omega_{3}/\omega_{1}}</Math> satisfies <Math mode="inline" xml:id="C23.S22.Px1.p1.m20">|q|\leq e^{-\pi\sqrt{3}/2}=0.0658\dot</Math> s.
</sentence>

<sentence sentence-num-in-para="8" sentence-num-in-section="12" xml:id="C23.S22.Px1.p1.s8">
The corresponding values of <Math mode="inline" xml:id="C23.S22.Px1.p1.m21">e_{1}</Math> , <Math mode="inline" xml:id="C23.S22.Px1.p1.m22">e_{2}</Math> , <Math mode="inline" xml:id="C23.S22.Px1.p1.m23">e_{3}</Math> are calculated from (23.6.2)–(23.6.4), then <Math mode="inline" xml:id="C23.S22.Px1.p1.m24">g_{2}</Math> and <Math mode="inline" xml:id="C23.S22.Px1.p1.m25">g_{3}</Math> are obtained from (23.3.6) and (23.3.7).
</sentence>

</para>

 
</paragraph>
 
<paragraph xml:id="C23.S22.Px2">
<title>Starting from Invariants</title>   
<para xml:id="C23.S22.Px2.p1">

<sentence sentence-num-in-para="1" sentence-num-in-section="13" xml:id="C23.S22.Px2.p1.s1">
Suppose that the invariants <Math mode="inline" xml:id="C23.S22.Px2.p1.m1">g_{2}=c</Math> , <Math mode="inline" xml:id="C23.S22.Px2.p1.m2">g_{3}=d</Math> , are given, for example in the differential equation (23.3.10) or via coefficients of an elliptic curve (§23.20(ii)).
</sentence>

<sentence sentence-num-in-para="2" sentence-num-in-section="14" xml:id="C23.S22.Px2.p1.s2">
The determination of suitable generators <Math mode="inline" xml:id="C23.S22.Px2.p1.m3">2\omega_{1}</Math> and <Math mode="inline" xml:id="C23.S22.Px2.p1.m4">2\omega_{3}</Math> is the classical inversion problem (Whittaker and Watson (1927, §21.73),McKean and Moll (1999, §2.12); see also §20.9(i) and McKean and Moll (1999, §2.16)).
</sentence>

<sentence sentence-num-in-para="3" sentence-num-in-section="15" xml:id="C23.S22.Px2.p1.s3">
This problem is solvable as follows:
</sentence>

</para>
 
<para xml:id="C23.S22.Px2.p2">

<sentence sentence-num-in-para="1" sentence-num-in-section="16" xml:id="C23.S22.Px2.p2.s1">
In the general case, given by <Math mode="inline" xml:id="C23.S22.I1.i1.p1.m1">cd\neq 0</Math> , we compute the roots <Math mode="inline" xml:id="C23.S22.I1.i1.p1.m2">\alpha</Math> , <Math mode="inline" xml:id="C23.S22.I1.i1.p1.m3">\beta</Math> , <Math mode="inline" xml:id="C23.S22.I1.i1.p1.m4">\gamma</Math> , say, of the cubic equation <Math mode="inline" xml:id="C23.S22.I1.i1.p1.m5">4t^{3}-ct-d=0</Math> ; see §1.11(iii).
</sentence>

<sentence sentence-num-in-para="2" sentence-num-in-section="17" xml:id="C23.S22.Px2.p2.s2">
These roots are necessarily distinct and represent <Math mode="inline" xml:id="C23.S22.I1.i1.p1.m6">e_{1}</Math> , <Math mode="inline" xml:id="C23.S22.I1.i1.p1.m7">e_{2}</Math> , <Math mode="inline" xml:id="C23.S22.I1.i1.p1.m8">e_{3}</Math> in some order.
</sentence>

<sentence sentence-num-in-para="3" sentence-num-in-section="18" xml:id="C23.S22.Px2.p2.s3">
If <Math mode="inline" xml:id="C23.S22.I1.i1.p2.m1">c</Math> and <Math mode="inline" xml:id="C23.S22.I1.i1.p2.m2">d</Math> are real, then <Math mode="inline" xml:id="C23.S22.I1.i1.p2.m3">e_{1}</Math> , <Math mode="inline" xml:id="C23.S22.I1.i1.p2.m4">e_{2}</Math> , <Math mode="inline" xml:id="C23.S22.I1.i1.p2.m5">e_{3}</Math> can be identified via (23.5.1), and <Math mode="inline" xml:id="C23.S22.I1.i1.p2.m6">k^{2}</Math> , <Math mode="inline" xml:id="C23.S22.I1.i1.p2.m7">{k^{\prime}}^{2}</Math> obtained from (23.6.16).
</sentence>

<sentence sentence-num-in-para="4" sentence-num-in-section="19" xml:id="C23.S22.Px2.p2.s4">
If <Math mode="inline" xml:id="C23.S22.I1.i1.p3.m1">c</Math> and <Math mode="inline" xml:id="C23.S22.I1.i1.p3.m2">d</Math> are not both real, then we label <Math mode="inline" xml:id="C23.S22.I1.i1.p3.m3">\alpha</Math> , <Math mode="inline" xml:id="C23.S22.I1.i1.p3.m4">\beta</Math> , <Math mode="inline" xml:id="C23.S22.I1.i1.p3.m5">\gamma</Math> so that the triangle with vertices <Math mode="inline" xml:id="C23.S22.I1.i1.p3.m6">\alpha</Math> , <Math mode="inline" xml:id="C23.S22.I1.i1.p3.m7">\beta</Math> , <Math mode="inline" xml:id="C23.S22.I1.i1.p3.m8">\gamma</Math> is positively oriented and <Math mode="inline" xml:id="C23.S22.I1.i1.p3.m9">[\alpha,\gamma]</Math> is its longest side (chosen arbitrarily if there is more than one).
</sentence>

<sentence sentence-num-in-para="5" sentence-num-in-section="20" xml:id="C23.S22.Px2.p2.s5">
In particular, if <Math mode="inline" xml:id="C23.S22.I1.i1.p3.m10">\alpha</Math> , <Math mode="inline" xml:id="C23.S22.I1.i1.p3.m11">\beta</Math> , <Math mode="inline" xml:id="C23.S22.I1.i1.p3.m12">\gamma</Math> are collinear, then we label them so that <Math mode="inline" xml:id="C23.S22.I1.i1.p3.m13">\beta</Math> is on the line segment <Math mode="inline" xml:id="C23.S22.I1.i1.p3.m14">(\alpha,\gamma)</Math>.
</sentence>

<sentence sentence-num-in-para="6" sentence-num-in-section="21" xml:id="C23.S22.Px2.p2.s6">
In consequence, <Math mode="inline" xml:id="C23.S22.I1.i1.p3.m15">k^{2}=(\beta-\gamma)/(\alpha-\gamma)</Math> , <Math mode="inline" xml:id="C23.S22.I1.i1.p3.m16">{k^{\prime}}^{2}=(\alpha-\beta)/(\alpha-\gamma)</Math> satisfy <Math mode="inline" xml:id="C23.S22.I1.i1.p3.m17">\Im k^{2}\geq 0\geq\Im{k^{\prime}}^{2}</Math> (with strict inequality unless <Math mode="inline" xml:id="C23.S22.I1.i1.p3.m18">\alpha</Math> , <Math mode="inline" xml:id="C23.S22.I1.i1.p3.m19">\beta</Math> , <Math mode="inline" xml:id="C23.S22.I1.i1.p3.m20">\gamma</Math> are collinear); also <Math mode="inline" xml:id="C23.S22.I1.i1.p3.m21">|k^{2}|</Math> , <Math mode="inline" xml:id="C23.S22.I1.i1.p3.m22">|{k^{\prime}}^{2}|\leq 1</Math>.
</sentence>

<sentence sentence-num-in-para="7" sentence-num-in-section="22" xml:id="C23.S22.Px2.p2.s7">
Finally, on taking the principal square roots of <Math mode="inline" xml:id="C23.S22.I1.i1.p4.m1">k^{2}</Math> and <Math mode="inline" xml:id="C23.S22.I1.i1.p4.m2">{k^{\prime}}^{2}</Math> we obtain values for <Math mode="inline" xml:id="C23.S22.I1.i1.p4.m3">k</Math> and <Math mode="inline" xml:id="C23.S22.I1.i1.p4.m4">k^{\prime}</Math> that lie in the 1st and 4th quadrants, respectively, and <Math mode="inline" xml:id="C23.S22.I1.i1.p4.m5">2\omega_{1}</Math> , <Math mode="inline" xml:id="C23.S22.I1.i1.p4.m6">2\omega_{3}</Math> are given by <Math equation-number="23.22.1" mode="display" xml:id="C23.S22.E1">2\omega_{1}M(1,k^{\prime})=-2i\omega_{3}M(1,k)=\frac{\pi}{3}\sqrt{\frac{c(2+k^ {2}{k^{\prime}}^{2})({k^{\prime}}^{2}-k^{2})}{d(1-k^{2}{k^{\prime}}^{2})}},</Math> where <Math mode="inline" xml:id="C23.S22.I1.i1.p4.m7">M</Math> denotes the arithmetic-geometric mean (see §§19.8(i) and22.20(ii)).
</sentence>

<sentence sentence-num-in-para="8" sentence-num-in-section="23" xml:id="C23.S22.Px2.p2.s8">
This process yields 2 possible pairs ( <Math mode="inline" xml:id="C23.S22.I1.i1.p4.m8">2\omega_{1}</Math> , <Math mode="inline" xml:id="C23.S22.I1.i1.p4.m9">2\omega_{3}</Math> ), corresponding to the 2 possible choices of thesquare root.
</sentence>

<sentence sentence-num-in-para="9" sentence-num-in-section="24" xml:id="C23.S22.Px2.p2.s9">
If <Math mode="inline" xml:id="C23.S22.I1.i2.p1.m1">d=0</Math> , then <Math equation-number="23.22.2" mode="display" xml:id="C23.S22.E2">2\omega_{1}=-2i\omega_{3}=\frac{\left(\Gamma\left(\frac{1}{4}\right)\right)^{2 }}{2\sqrt{\pi}c^{1/4}}</Math>.
</sentence>

<sentence sentence-num-in-para="10" sentence-num-in-section="25" xml:id="C23.S22.Px2.p2.s10">
There are 4 possible pairs ( <Math mode="inline" xml:id="C23.S22.I1.i2.p1.m2">2\omega_{1}</Math> , <Math mode="inline" xml:id="C23.S22.I1.i2.p1.m3">2\omega_{3}</Math> ), corresponding to the 4 rotations of a square lattice.
</sentence>

<sentence sentence-num-in-para="11" sentence-num-in-section="26" xml:id="C23.S22.Px2.p2.s11">
The lemniscatic case occurs when <Math mode="inline" xml:id="C23.S22.I1.i2.p1.m4">c&gt;0</Math> and <Math mode="inline" xml:id="C23.S22.I1.i2.p1.m5">\omega_{1}&gt;0</Math>.
</sentence>

<sentence sentence-num-in-para="12" sentence-num-in-section="27" xml:id="C23.S22.Px2.p2.s12">
If <Math mode="inline" xml:id="C23.S22.I1.i3.p1.m1">c=0</Math> , then <Math equation-number="23.22.3" mode="display" xml:id="C23.S22.E3">2\omega_{1}=2e^{-\pi i/3}\omega_{3}=\frac{\left(\Gamma\left(\frac{1}{3}\right) \right)^{3}}{2\pi d^{1/6}}</Math>.
</sentence>

<sentence sentence-num-in-para="13" sentence-num-in-section="28" xml:id="C23.S22.Px2.p2.s13">
There are 6 possible pairs ( <Math mode="inline" xml:id="C23.S22.I1.i3.p1.m2">2\omega_{1}</Math> , <Math mode="inline" xml:id="C23.S22.I1.i3.p1.m3">2\omega_{3}</Math> ), corresponding to the 6 rotations of a lattice of equilateral triangles.
</sentence>

<sentence sentence-num-in-para="14" sentence-num-in-section="29" xml:id="C23.S22.Px2.p2.s14">
The equianharmonic case occurs when <Math mode="inline" xml:id="C23.S22.I1.i3.p1.m4">d&gt;0</Math> and <Math mode="inline" xml:id="C23.S22.I1.i3.p1.m5">\omega_{1}&gt;0</Math>.
</sentence>

</para>

 
</paragraph>
 
<paragraph xml:id="C23.S22.Px3">
<title>Example</title>   
<para xml:id="C23.S22.Px3.p1">

<sentence sentence-num-in-para="1" sentence-num-in-section="30" xml:id="C23.S22.Px3.p1.s1">
Assume <Math mode="inline" xml:id="C23.S22.Px3.p1.m1">c=g_{2}=-4(3-2i)</Math> and <Math mode="inline" xml:id="C23.S22.Px3.p1.m2">d=g_{3}=4(4-2i)</Math>.
</sentence>

<sentence sentence-num-in-para="2" sentence-num-in-section="31" xml:id="C23.S22.Px3.p1.s2">
Then <Math mode="inline" xml:id="C23.S22.Px3.p1.m3">\alpha=-1-2i</Math> , <Math mode="inline" xml:id="C23.S22.Px3.p1.m4">\beta=1</Math> , <Math mode="inline" xml:id="C23.S22.Px3.p1.m5">\gamma=2i</Math> ; <Math mode="inline" xml:id="C23.S22.Px3.p1.m6">k^{2}=\ifrac{(7+6i)}{17}</Math> , and <Math mode="inline" xml:id="C23.S22.Px3.p1.m7">{k^{\prime}}^{2}=\ifrac{(10-6i)}{17}</Math>.
</sentence>

<sentence sentence-num-in-para="3" sentence-num-in-section="32" xml:id="C23.S22.Px3.p1.s3">
Working to 6 decimal places we obtain <Math equation-number="23.22.4" mode="display" xml:id="C23.S22.E4">2\omega_{1}=0.867568+i1.466607,2\omega_{3}=-1.223741+i1.328694,\tau=0.305480+i1.015109</Math>.
</sentence>

</para>
 
</paragraph>
 
</subsection>
 
</section>
