<?xml version="1.0" encoding="UTF-8"?>
<section xml:id="C23.S4">
<title>Graphics</title>         
<subsection xml:id="C23.S4.SS1">
<title>Real Variables</title>             
<para xml:id="C23.S4.SS1.p1">

<sentence sentence-num-in-para="1" sentence-num-in-section="1" xml:id="C23.S4.SS1.p1.s1">
Linegraphs of the Weierstrass functions <Math mode="inline" xml:id="C23.S4.SS1.p1.m1">\wp\left(x\right)</Math> , <Math mode="inline" xml:id="C23.S4.SS1.p1.m2">\zeta\left(x\right)</Math> , and <Math mode="inline" xml:id="C23.S4.SS1.p1.m3">\sigma\left(x\right)</Math> , illustrating the lemniscatic and equianharmonic cases.
</sentence>

<sentence sentence-num-in-para="2" sentence-num-in-section="2" xml:id="C23.S4.SS1.p1.s2">
(The figures in this subsection may be compared with the figures in §22.3(i).)
</sentence>

</para>
          
<sentence sentence-num-in-section="3" xml:id="C23.S4.F1.s1">
Figure 23.4.1: <Math mode="inline" xml:id="C23.S4.F1.m4">\wp\left(x;g_{2},0\right)</Math> for <Math mode="inline" xml:id="C23.S4.F1.m5">0\leq x\leq 9</Math> , <Math mode="inline" xml:id="C23.S4.F1.m6">g_{2}</Math> = 0.1, 0.2, 0.5, 0.8. (Lemniscatic case.)
</sentence>             
<sentence sentence-num-in-section="4" xml:id="C23.S4.F2.s1">
Figure 23.4.2: <Math mode="inline" xml:id="C23.S4.F2.m4">\wp\left(x;0,g_{3}\right)</Math> for <Math mode="inline" xml:id="C23.S4.F2.m5">0\leq x\leq 9</Math> , <Math mode="inline" xml:id="C23.S4.F2.m6">g_{3}</Math> = 0.1, 0.2, 0.5, 0.8. (Equianharmonic case.)
</sentence> 
          
<sentence sentence-num-in-section="5" xml:id="C23.S4.F3.s1">
Figure 23.4.3: <Math mode="inline" xml:id="C23.S4.F3.m4">\zeta\left(x;g_{2},0\right)</Math> for <Math mode="inline" xml:id="C23.S4.F3.m5">0\leq x\leq 8</Math> , <Math mode="inline" xml:id="C23.S4.F3.m6">g_{2}</Math> = 0.1, 0.2, 0.5, 0.8. (Lemniscatic case.)
</sentence>             
<sentence sentence-num-in-section="6" xml:id="C23.S4.F4.s1">
Figure 23.4.4: <Math mode="inline" xml:id="C23.S4.F4.m4">\zeta\left(x;0,g_{3}\right)</Math> for <Math mode="inline" xml:id="C23.S4.F4.m5">0\leq x\leq 8</Math> , <Math mode="inline" xml:id="C23.S4.F4.m6">g_{3}</Math> = 0.1, 0.2, 0.5, 0.8. (Equianharmonic case.)
</sentence>           
<sentence sentence-num-in-section="7" xml:id="C23.S4.F5.s1">
Figure 23.4.5: <Math mode="inline" xml:id="C23.S4.F5.m4">\sigma\left(x;g_{2},0\right)</Math> for <Math mode="inline" xml:id="C23.S4.F5.m5">-5\leq x\leq 5</Math> , <Math mode="inline" xml:id="C23.S4.F5.m6">g_{2}</Math> = 0.1, 0.2, 0.5, 0.8. (Lemniscatic case.)
</sentence>             
<sentence sentence-num-in-section="8" xml:id="C23.S4.F6.s1">
Figure 23.4.6: <Math mode="inline" xml:id="C23.S4.F6.m4">\sigma\left(x;0,g_{3}\right)</Math> for <Math mode="inline" xml:id="C23.S4.F6.m5">-5\leq x\leq 5</Math> , <Math mode="inline" xml:id="C23.S4.F6.m6">g_{3}</Math> = 0.1, 0.2, 0.5, 0.8. (Equianharmonic case.)
</sentence>            
<sentence sentence-num-in-section="9" xml:id="C23.S4.F7.s1">
Figure 23.4.7: <Math mode="inline" xml:id="C23.S4.F7.m4">\wp\left(x\right)</Math> with <Math mode="inline" xml:id="C23.S4.F7.m5">\omega_{1}=K\left(k\right)</Math> , <Math mode="inline" xml:id="C23.S4.F7.m6">\omega_{3}=i\!{K^{\prime}}\left(k\right</Math>) for <Math mode="inline" xml:id="C23.S4.F7.m7">0\leq x\leq 9</Math> , <Math mode="inline" xml:id="C23.S4.F7.m8">k^{2}</Math> = 0.2, 0.8, 0.95, 0.99. (Lemniscatic case.)
</sentence>       
</subsection>
 
<subsection xml:id="C23.S4.SS2">
<title>Complex Variables</title>          
<para xml:id="C23.S4.SS2.p1">

</para>
 
<para xml:id="C23.S4.SS2.p2">

<sentence sentence-num-in-para="1" sentence-num-in-section="10" xml:id="C23.S4.SS2.p2.s1">
Surfaces for the Weierstrass functions <Math mode="inline" xml:id="C23.S4.SS2.p2.m1">\wp\left(z\right)</Math> , <Math mode="inline" xml:id="C23.S4.SS2.p2.m2">\zeta\left(z\right)</Math> , and <Math mode="inline" xml:id="C23.S4.SS2.p2.m3">\sigma\left(z\right)</Math>.
</sentence>

<sentence sentence-num-in-para="2" sentence-num-in-section="11" xml:id="C23.S4.SS2.p2.s2">
Height corresponds to the absolute value of the function and color to the phase.
</sentence>

<sentence sentence-num-in-para="3" sentence-num-in-section="12" xml:id="C23.S4.SS2.p2.s3">
See also About Color Map.
</sentence>

<sentence sentence-num-in-para="4" sentence-num-in-section="13" xml:id="C23.S4.SS2.p2.s4">
(The figures in this subsection may be compared with the figures in §22.3(iii).)
</sentence>

</para>
           
<sentence sentence-num-in-section="14" xml:id="C23.S4.F8.s1">
Figure 23.4.8: <Math mode="inline" xml:id="C23.S4.F8.m5">\wp\left(x+iy\right)</Math> with <Math mode="inline" xml:id="C23.S4.F8.m6">\omega_{1}=K\left(k\right)</Math> , <Math mode="inline" xml:id="C23.S4.F8.m7">\omega_{3}=i\!{K^{\prime}}\left(k\right</Math>) for <Math mode="inline" xml:id="C23.S4.F8.m8">-2\!K\left(k\right)\leq x\leq 2\!K\left(k\right)</Math> , <Math mode="inline" xml:id="C23.S4.F8.m9">0\leq y\leq 6\!{K^{\prime}}\left(k\right</Math>) , <Math mode="inline" xml:id="C23.S4.F8.m10">k^{2}=0.</Math>9 . (The scaling makes the lattice appear to be square.)
</sentence>           
<sentence sentence-num-in-section="15" xml:id="C23.S4.F9.s1">
Figure 23.4.9: <Math mode="inline" xml:id="C23.S4.F9.m4">\wp\left(x+iy;1,4i\right)</Math> for <Math mode="inline" xml:id="C23.S4.F9.m5">-3.8\leq x\leq 3.8</Math> , <Math mode="inline" xml:id="C23.S4.F9.m6">-3.8\leq y\leq 3.8</Math>. (The variables are unscaled and the lattice is skew.)
</sentence>             
<sentence sentence-num-in-section="16" xml:id="C23.S4.F10.s1">
Figure 23.4.10: <Math mode="inline" xml:id="C23.S4.F10.m4">\zeta\left(x+iy;1,0\right)</Math> for <Math mode="inline" xml:id="C23.S4.F10.m5">-5\leq x\leq 5</Math> , <Math mode="inline" xml:id="C23.S4.F10.m6">-5\leq y\leq 5</Math>. 
</sentence>           
<sentence sentence-num-in-section="17" xml:id="C23.S4.F11.s1">
Figure 23.4.11: <Math mode="inline" xml:id="C23.S4.F11.m4">\sigma\left(x+iy;1,i\right)</Math> for <Math mode="inline" xml:id="C23.S4.F11.m5">-2.5\leq x\leq 2.5</Math> , <Math mode="inline" xml:id="C23.S4.F11.m6">-2.5\leq y\leq 2.5</Math>. 
</sentence>              
<sentence sentence-num-in-section="18" xml:id="C23.S4.F12.s1">
Figure 23.4.12: <Math mode="inline" xml:id="C23.S4.F12.m4">\wp\left(3.7;a+ib,0\right</Math>) for <Math mode="inline" xml:id="C23.S4.F12.m5">-5\leq a\leq 3</Math> , <Math mode="inline" xml:id="C23.S4.F12.m6">-4\leq b\leq 4</Math> . There is a double zero at <Math mode="inline" xml:id="C23.S4.F12.m7">a=b=0</Math> and double poles on the real axis. 
</sentence>   
</subsection>
 
</section>
