<?xml version="1.0" encoding="UTF-8"?>
<section xml:id="C23.S5">
<title>Special Lattices</title>        
 
<subsection xml:id="C23.S5.SS1">
<title>Real-Valued Functions</title>         
<para xml:id="C23.S5.SS1.p1">

<sentence sentence-num-in-para="1" sentence-num-in-section="1" xml:id="C23.S5.SS1.p1.s1">
The Weierstrass functions take real values on the real axis iff the lattice is fixed under complex conjugation: <Math mode="inline" xml:id="C23.S5.SS1.p1.m1">\mathbb{L}=\overline{\mathbb{L}}</Math> ; equivalently, when <Math mode="inline" xml:id="C23.S5.SS1.p1.m2">g_{2},g_{3}\in\mathbb{R}</Math>.
</sentence>

<sentence sentence-num-in-para="2" sentence-num-in-section="2" xml:id="C23.S5.SS1.p1.s2">
This happens in the cases treated in the following four subsections.
</sentence>

</para>
 
</subsection>
 
<subsection xml:id="C23.S5.SS2">
<title>Rectangular Lattice</title>          
<para xml:id="C23.S5.SS2.p1">

<sentence sentence-num-in-para="1" sentence-num-in-section="3" xml:id="C23.S5.SS2.p1.s1">
This occurs when both <Math mode="inline" xml:id="C23.S5.SS2.p1.m1">\omega_{1}</Math> and <Math mode="inline" xml:id="C23.S5.SS2.p1.m2">\omega_{3}/i</Math> are real and positive.
</sentence>

<sentence sentence-num-in-para="2" sentence-num-in-section="4" xml:id="C23.S5.SS2.p1.s2">
Then <Math mode="inline" xml:id="C23.S5.SS2.p1.m3">\Delta&gt;0</Math> and the parallelogram with vertices at <Math mode="inline" xml:id="C23.S5.SS2.p1.m4">0</Math> , <Math mode="inline" xml:id="C23.S5.SS2.p1.m5">2\omega_{1}</Math> , <Math mode="inline" xml:id="C23.S5.SS2.p1.m6">2\omega_{1}+2\omega_{3}</Math> , <Math mode="inline" xml:id="C23.S5.SS2.p1.m7">2\omega_{3}</Math> is a rectangle.
</sentence>

</para>
 
<para xml:id="C23.S5.SS2.p2">

<sentence sentence-num-in-para="1" sentence-num-in-section="5" xml:id="C23.S5.SS2.p2.s1">
In this case the lattice roots <Math mode="inline" xml:id="C23.S5.SS2.p2.m1">e_{1}</Math> , <Math mode="inline" xml:id="C23.S5.SS2.p2.m2">e_{2}</Math> , and <Math mode="inline" xml:id="C23.S5.SS2.p2.m3">e_{3}</Math> are real and distinct.
</sentence>

<sentence sentence-num-in-para="2" sentence-num-in-section="6" xml:id="C23.S5.SS2.p2.s2">
When they are identified as in (23.3.9)
</sentence>

<sentence sentence-num-in-para="3" sentence-num-in-section="7" xml:id="C23.S5.SS2.p2.s3">
<Math equation-number="23.5.1" mode="display" xml:id="C23.S5.E1">e_{1}&gt;e_{2}&gt;e_{3},e_{1}&gt;0&gt;e_{3}</Math>.
</sentence>

<sentence sentence-num-in-para="4" sentence-num-in-section="8" xml:id="C23.S5.SS2.p2.s4">
Also, <Math mode="inline" xml:id="C23.S5.SS2.p2.m4">e_{2}</Math> and <Math mode="inline" xml:id="C23.S5.SS2.p2.m5">g_{3}</Math> have opposite signs unless <Math mode="inline" xml:id="C23.S5.SS2.p2.m6">\omega_{3}=i\omega_{1}</Math> , in which event both are zero.
</sentence>

</para>
 
<para xml:id="C23.S5.SS2.p3">

<sentence sentence-num-in-para="1" sentence-num-in-section="9" xml:id="C23.S5.SS2.p3.s1">
As functions of <Math mode="inline" xml:id="C23.S5.SS2.p3.m1">\Im\omega_{3}</Math> , <Math mode="inline" xml:id="C23.S5.SS2.p3.m2">e_{1}</Math> and <Math mode="inline" xml:id="C23.S5.SS2.p3.m3">e_{2}</Math> are decreasing and <Math mode="inline" xml:id="C23.S5.SS2.p3.m4">e_{3}</Math> is increasing.
</sentence>

</para>
 
</subsection>
 
<subsection xml:id="C23.S5.SS3">
<title>Lemniscatic Lattice</title>           
<para xml:id="C23.S5.SS3.p1">

<sentence sentence-num-in-para="1" sentence-num-in-section="10" xml:id="C23.S5.SS3.p1.s1">
This occurs when <Math mode="inline" xml:id="C23.S5.SS3.p1.m1">\omega_{1}</Math> is real and positive and <Math mode="inline" xml:id="C23.S5.SS3.p1.m2">\omega_{3}=i\omega_{1}</Math>.
</sentence>

<sentence sentence-num-in-para="2" sentence-num-in-section="11" xml:id="C23.S5.SS3.p1.s2">
The parallelogram <Math mode="inline" xml:id="C23.S5.SS3.p1.m3">0</Math> , <Math mode="inline" xml:id="C23.S5.SS3.p1.m4">2\omega_{1}</Math> , <Math mode="inline" xml:id="C23.S5.SS3.p1.m5">2\omega_{1}+2\omega_{3}</Math> , <Math mode="inline" xml:id="C23.S5.SS3.p1.m6">2\omega_{3}</Math> is a square, and <Math equation-number="23.5.2" mode="display" xml:id="C23.S5.E2">\eta_{1}=i\eta_{3}=\pi/(4\omega_{1}),</Math> <Math equation-number="23.5.3" mode="display" xml:id="C23.S5.E3">e_{1}=-e_{3}=\left(\Gamma\left(\tfrac{1}{4}\right)\right)^{4}/(32\pi\omega_{1} ^{2}),e_{2}=0,</Math> <Math equation-number="23.5.4" mode="display" xml:id="C23.S5.E4">g_{2}=\left(\Gamma\left(\tfrac{1}{4}\right)\right)^{8}/(256\pi^{2}\omega_{1}^{ 4}),g_{3}=0</Math>.
</sentence>

</para>
 
<para xml:id="C23.S5.SS3.p2">

<sentence sentence-num-in-para="1" sentence-num-in-section="12" xml:id="C23.S5.SS3.p2.s1">
Note also that in this case <Math mode="inline" xml:id="C23.S5.SS3.p2.m1">\tau=\mathrm{i}</Math>.
</sentence>

<sentence sentence-num-in-para="2" sentence-num-in-section="13" xml:id="C23.S5.SS3.p2.s2">
In consequence, <Math equation-number="23.5.5" mode="display" xml:id="C23.S5.E5">k^{2}=\tfrac{1}{2},K\left(k\right)=K'\left(k\right)=\ifrac{\left(\Gamma\left(\tfrac{1}{4}\right) \right)^{2}}{\left(4\sqrt{\pi}\right)}</Math>.
</sentence>

</para>
 
</subsection>
 
<subsection xml:id="C23.S5.SS4">
<title>Rhombic Lattice</title>          
 
<para xml:id="C23.S5.SS4.p1">

<sentence sentence-num-in-para="1" sentence-num-in-section="14" xml:id="C23.S5.SS4.p1.s1">
This occurs when <Math mode="inline" xml:id="C23.S5.SS4.p1.m1">\omega_{1}</Math> is real and positive, <Math mode="inline" xml:id="C23.S5.SS4.p1.m2">\Im\omega_{3}&gt;0</Math> , <Math mode="inline" xml:id="C23.S5.SS4.p1.m3">\Re\omega_{3}=\tfrac{1}{2}\omega_{1}</Math> , and <Math mode="inline" xml:id="C23.S5.SS4.p1.m4">\Delta&lt;0</Math>.
</sentence>

<sentence sentence-num-in-para="2" sentence-num-in-section="15" xml:id="C23.S5.SS4.p1.s2">
The parallelogram <Math mode="inline" xml:id="C23.S5.SS4.p1.m5">0</Math> , <Math mode="inline" xml:id="C23.S5.SS4.p1.m6">2\omega_{1}-2\omega_{3}</Math> , <Math mode="inline" xml:id="C23.S5.SS4.p1.m7">2\omega_{1}</Math> , <Math mode="inline" xml:id="C23.S5.SS4.p1.m8">2\omega_{3}</Math> , is a rhombus: see Figure 23.5.1.
</sentence>

</para>
 
<para xml:id="C23.S5.SS4.p2">

<sentence sentence-num-in-para="1" sentence-num-in-section="16" xml:id="C23.S5.SS4.p2.s1">
The lattice root <Math mode="inline" xml:id="C23.S5.SS4.p2.m1">e_{1}</Math> is real, and <Math mode="inline" xml:id="C23.S5.SS4.p2.m2">e_{3}=\overline{e_{2}}</Math> , with <Math mode="inline" xml:id="C23.S5.SS4.p2.m3">\Im e_{2}&gt;0</Math>.
</sentence>

<sentence sentence-num-in-para="2" sentence-num-in-section="17" xml:id="C23.S5.SS4.p2.s2">
<Math mode="inline" xml:id="C23.S5.SS4.p2.m4">e_{1}</Math> and <Math mode="inline" xml:id="C23.S5.SS4.p2.m5">g_{3}</Math> have the same sign unless <Math mode="inline" xml:id="C23.S5.SS4.p2.m6">2\omega_{3}=(1+i)\omega_{1}</Math> when both are zero: the pseudo-lemniscatic case.
</sentence>

<sentence sentence-num-in-para="3" sentence-num-in-section="18" xml:id="C23.S5.SS4.p2.s3">
As a function of <Math mode="inline" xml:id="C23.S5.SS4.p2.m7">\Im e_{3}</Math> the root <Math mode="inline" xml:id="C23.S5.SS4.p2.m8">e_{1}</Math> is increasing.
</sentence>

<sentence sentence-num-in-para="4" sentence-num-in-section="19" xml:id="C23.S5.SS4.p2.s4">
For the case <Math mode="inline" xml:id="C23.S5.SS4.p2.m9">\omega_{3}=e^{\pi i/3}\omega_{1}</Math> see §23.5(v).
</sentence>

</para>
   
</subsection>
 
<subsection xml:id="C23.S5.SS5">
<title>Equianharmonic Lattice</title>          
 
<para xml:id="C23.S5.SS5.p1">

<sentence sentence-num-in-para="1" sentence-num-in-section="20" xml:id="C23.S5.SS5.p1.s1">
This occurs when <Math mode="inline" xml:id="C23.S5.SS5.p1.m1">\omega_{1}</Math> is real and positive and <Math mode="inline" xml:id="C23.S5.SS5.p1.m2">\omega_{3}=e^{\pi i/3}\omega_{1}</Math>.
</sentence>

<sentence sentence-num-in-para="2" sentence-num-in-section="21" xml:id="C23.S5.SS5.p1.s2">
The rhombus <Math mode="inline" xml:id="C23.S5.SS5.p1.m3">0</Math> , <Math mode="inline" xml:id="C23.S5.SS5.p1.m4">2\omega_{1}-2\omega_{3}</Math> , <Math mode="inline" xml:id="C23.S5.SS5.p1.m5">2\omega_{1}</Math> , <Math mode="inline" xml:id="C23.S5.SS5.p1.m6">2\omega_{3}</Math> can be regarded as the union of two equilateral triangles: see Figure 23.5.2.
</sentence>

</para>
           
<sentence sentence-num-in-section="22" xml:id="C23.S5.F1.s1">
Figure 23.5.1: Rhombic lattice. <Math mode="inline" xml:id="C23.S5.F1.m2">\Re(2\omega_{3})=\omega_{1}</Math> .
</sentence>           
<sentence sentence-num-in-section="23" xml:id="C23.S5.F2.s1">
Figure 23.5.2: Equianharmonic lattice. <Math mode="inline" xml:id="C23.S5.F2.m3">2\omega_{3}=e^{\pi i/3}2\omega_{1}</Math> , <Math mode="inline" xml:id="C23.S5.F2.m4">2\omega_{1}-2\omega_{3}=e^{-\pi i/3}2\omega_{1}</Math> .
</sentence>      
<para xml:id="C23.S5.SS5.p2">

<sentence sentence-num-in-para="1" sentence-num-in-section="24" xml:id="C23.S5.SS5.p2.s1">
 <Math equation-number="23.5.6" mode="display" xml:id="C23.S5.E6">\eta_{1}=e^{\pi i/3}\eta_{3}=\frac{\pi}{2\sqrt{3}\omega_{1}},</Math> and the lattice roots and invariants are given by <Math equation-number="23.5.7" mode="display" xml:id="C23.S5.E7">e_{1}=e^{2\pi i/3}e_{3}=e^{-2\pi i/3}e_{2}=\frac{\left(\Gamma\left(\tfrac{1}{3 }\right)\right)^{6}}{2^{14/3}\pi^{2}\omega_{1}^{2}},</Math> <Math equation-number="23.5.8" mode="display" xml:id="C23.S5.E8">g_{2}=0,g_{3}=\frac{\left(\Gamma\left(\tfrac{1}{3}\right)\right)^{18}}{(4\pi\omega_{1} )^{6}}</Math>.
</sentence>

</para>
 
<para xml:id="C23.S5.SS5.p3">

<sentence sentence-num-in-para="1" sentence-num-in-section="25" xml:id="C23.S5.SS5.p3.s1">
Note also that in this case <Math mode="inline" xml:id="C23.S5.SS5.p3.m1">\tau=e^{\mathrm{i}\pi/3}</Math>.
</sentence>

<sentence sentence-num-in-para="2" sentence-num-in-section="26" xml:id="C23.S5.SS5.p3.s2">
In consequence, <Math equation-number="23.5.9" mode="display" xml:id="C23.S5.E9">k^{2}=e^{\mathrm{i}\pi/3},K\left(k\right)=e^{\mathrm{i}\pi/6}K'\left(k\right)=e^{\mathrm{i}\pi/12}\frac{ 3^{1/4}\left(\Gamma\left(\frac{1}{3}\right)\right)^{3}}{2^{7/3}\pi}</Math>.
</sentence>

</para>
 
</subsection>
 
</section>
