<?xml version="1.0" encoding="UTF-8"?>
<section xml:id="C23.S6">
<title>Relations to Other Functions</title>        
 
<subsection xml:id="C23.S6.SS1">
<title>Theta Functions</title>        
   
<para xml:id="C23.S6.SS1.p1">

<sentence sentence-num-in-para="1" sentence-num-in-section="1" xml:id="C23.S6.SS1.p1.s1">
In this subsection <Math mode="inline" xml:id="C23.S6.SS1.p1.m1">2\omega_{1}</Math> , <Math mode="inline" xml:id="C23.S6.SS1.p1.m2">2\omega_{3}</Math> are any pair of generators of the lattice <Math mode="inline" xml:id="C23.S6.SS1.p1.m3">\mathbb{L}</Math> , and the lattice roots <Math mode="inline" xml:id="C23.S6.SS1.p1.m4">e_{1}</Math> , <Math mode="inline" xml:id="C23.S6.SS1.p1.m5">e_{2}</Math> , <Math mode="inline" xml:id="C23.S6.SS1.p1.m6">e_{3}</Math> are given by (23.3.9).
</sentence>

<sentence sentence-num-in-para="2" sentence-num-in-section="2" xml:id="C23.S6.SS1.p1.s2">
<Math equation-number="23.6.1" mode="display" xml:id="C23.S6.E1">q=e^{i\pi\tau},\tau=\omega_{3}/\omega_{1}</Math>.
</sentence>

<sentence sentence-num-in-para="3" sentence-num-in-section="3" xml:id="C23.S6.SS1.p1.s3">
<Math equation-number="23.6.2" mode="display" xml:id="C23.S6.E2">e_{1}=\frac{\pi^{2}}{12\omega_{1}^{2}}\left({\theta_{2}^{4}}\left(0,q\right)+2 \!{\theta_{4}^{4}}\left(0,q\right)\right),</Math> , <Math equation-number="23.6.3" mode="display" xml:id="C23.S6.E3">e_{2}=\frac{\pi^{2}}{12\omega_{1}^{2}}\left({\theta_{2}^{4}}\left(0,q\right)-{ \theta_{4}^{4}}\left(0,q\right)\right),</Math> , <Math equation-number="23.6.4" mode="display" xml:id="C23.S6.E4">e_{3}=-\frac{\pi^{2}}{12\omega_{1}^{2}}\left(2\!{\theta_{2}^{4}}\left(0,q \right)+{\theta_{4}^{4}}\left(0,q\right)\right)</Math>.
</sentence>

<sentence sentence-num-in-para="4" sentence-num-in-section="4" xml:id="C23.S6.SS1.p1.s4">
<Math equation-number="23.6.5" mode="display" xml:id="C23.S6.E5">\wp\left(z\right)-e_{1}=\left(\frac{\pi\theta_{3}\left(0,q\right)\theta_{4} \left(0,q\right)\theta_{2}\left(\pi z/(2\omega_{1}),q\right)}{2\omega_{1} \theta_{1}\left(\pi z/(2\omega_{1}),q\right)}\right)^{2},</Math> , <Math equation-number="23.6.6" mode="display" xml:id="C23.S6.E6">\wp\left(z\right)-e_{2}=\left(\frac{\pi\theta_{2}\left(0,q\right)\theta_{4} \left(0,q\right)\theta_{3}\left(\pi z/(2\omega_{1}),q\right)}{2\omega_{1} \theta_{1}\left(\pi z/(2\omega_{1}),q\right)}\right)^{2},</Math> , <Math equation-number="23.6.7" mode="display" xml:id="C23.S6.E7">\wp\left(z\right)-e_{3}=\left(\frac{\pi\theta_{2}\left(0,q\right)\theta_{3} \left(0,q\right)\theta_{4}\left(\pi z/(2\omega_{1}),q\right)}{2\omega_{1} \theta_{1}\left(\pi z/(2\omega_{1}),q\right)}\right)^{2}</Math>.
</sentence>

<sentence sentence-num-in-para="5" sentence-num-in-section="5" xml:id="C23.S6.SS1.p1.s5">
<Math equation-number="23.6.8" mode="display" xml:id="C23.S6.E8">\eta_{1}=-\frac{\pi^{2}}{12\omega_{1}}\frac{\theta_{1}'''\left(0,q\right)}{ \theta_{1}'\left(0,q\right)}</Math>.
</sentence>

<sentence sentence-num-in-para="6" sentence-num-in-section="6" xml:id="C23.S6.SS1.p1.s6">
<Math equation-number="23.6.9" mode="display" xml:id="C23.S6.E9">\sigma\left(z\right)=2\omega_{1}\exp\left(\frac{\eta_{1}z^{2}}{2\omega_{1}} \right)\frac{\theta_{1}\left(\pi z/(2\omega_{1}),q\right)}{\pi\theta_{1}'\left (0,q\right)},</Math> <Math equation-number="23.6.10" mode="display" xml:id="C23.S6.E10">\sigma\left(\omega_{1}\right)=2\omega_{1}\frac{\exp\left(\tfrac{1}{2}\eta_{1} \omega_{1}\right)\theta_{2}\left(0,q\right)}{\pi\theta_{1}'\left(0,q\right)},</Math> , <Math equation-number="23.6.11" mode="display" xml:id="C23.S6.E11">\sigma\left(\omega_{2}\right)=2\omega_{1}i\frac{\exp\left(\tfrac{1}{2}\eta_{1} \omega_{1}\tau^{2}\right)\theta_{3}\left(0,q\right)}{\pi q^{1/4}\theta_{1}' \left(0,q\right)},</Math> , <Math equation-number="23.6.12" mode="display" xml:id="C23.S6.E12">\sigma\left(\omega_{3}\right)=-2\omega_{1}\frac{\exp\left(\tfrac{1}{2}\eta_{1} \omega_{1}\right)\theta_{4}\left(0,q\right)}{\pi q^{1/4}\theta_{1}'\left(0,q \right)}</Math>.
</sentence>

<sentence sentence-num-in-para="7" sentence-num-in-section="7" xml:id="C23.S6.SS1.p1.s7">
With <Math mode="inline" xml:id="C23.S6.SS1.p1.m7">z=\ifrac{\pi u}{(2\omega_{1})}</Math> , <Math equation-number="23.6.13" mode="display" xml:id="C23.S6.E13">\zeta\left(u\right)=\frac{\eta_{1}}{\omega_{1}}u+\frac{\pi}{2\omega_{1}}\frac{ \mathrm{d}}{\mathrm{d}z}\ln\theta_{1}\left(z,q\right),</Math> <Math equation-number="23.6.14" mode="display" xml:id="C23.S6.E14">\wp\left(u\right)=\left(\frac{\pi}{2\omega_{1}}\right)^{2}\left(\frac{\theta_{ 1}'''\left(0,q\right)}{3\!\theta_{1}'\left(0,q\right)}-\frac{{\mathrm{d}}^{2}} {{\mathrm{d}z}^{2}}\ln\theta_{1}\left(z,q\right)\right),</Math> <Math equation-number="23.6.15" mode="display" xml:id="C23.S6.E15">\frac{\sigma\left(u+\omega_{j}\right)}{\sigma\left(\omega_{j}\right)}=\exp \left(\eta_{j}u+\frac{\eta_{j}u^{2}}{2\omega_{1}}\right)\frac{\theta_{j+1} \left(z,q\right)}{\theta_{j+1}\left(0,q\right)}, if j=1,2,3</Math>.
</sentence>

</para>
 
<para xml:id="C23.S6.SS1.p2">

<sentence sentence-num-in-para="1" sentence-num-in-section="8" xml:id="C23.S6.SS1.p2.s1">
For further results for the <Math mode="inline" xml:id="C23.S6.SS1.p2.m1">\sigma</Math> -function seeLawden (1989, §6.2).
</sentence>

</para>
 
</subsection>
 
<subsection xml:id="C23.S6.SS2">
<title>Jacobian Elliptic Functions</title>         
  
<para xml:id="C23.S6.SS2.p1">

<sentence sentence-num-in-para="1" sentence-num-in-section="9" xml:id="C23.S6.SS2.p1.s1">
Again, in Equations (23.6.16)–(23.6.26),
</sentence>

<sentence sentence-num-in-para="2" sentence-num-in-section="10" xml:id="C23.S6.SS2.p1.s2">
<Math mode="inline" xml:id="C23.S6.SS2.p1.m1">2\omega_{1},2\omega_{3}</Math> are any pair of generators of the lattice <Math mode="inline" xml:id="C23.S6.SS2.p1.m2">\mathbb{L}</Math> and <Math mode="inline" xml:id="C23.S6.SS2.p1.m3">e_{1},e_{2},e_{3}</Math> are given by (23.3.9).
</sentence>

<sentence sentence-num-in-para="3" sentence-num-in-section="11" xml:id="C23.S6.SS2.p1.s3">
<Math equation-number="23.6.16" mode="display" xml:id="C23.S6.E16">k^{2}=\frac{e_{2}-e_{3}}{e_{1}-e_{3}},{k^{\prime}}^{2}=\frac{e_{1}-e_{2}}{e_{1}-e_{3}},</Math> <Math equation-number="23.6.17" mode="display" xml:id="C23.S6.E17">{K^{2}}=(K\left(k\right))^{2}=\omega_{1}^{2}(e_{1}-e_{3}),{{K^{\prime}}^{2}}=(K\left(k^{\prime}\right))^{2}=\omega_{3}^{2}(e_{3}-e_{1})</Math>.
</sentence>

<sentence sentence-num-in-para="4" sentence-num-in-section="12" xml:id="C23.S6.SS2.p1.s4">
<Math equation-number="23.6.18" mode="display" xml:id="C23.S6.E18">e_{1}=\frac{{K^{2}}}{3\omega_{1}^{2}}(1+{k^{\prime}}^{2}),</Math> , <Math equation-number="23.6.19" mode="display" xml:id="C23.S6.E19">e_{2}=\frac{{K^{2}}}{3\omega_{1}^{2}}(k^{2}-{k^{\prime}}^{2}),</Math> , <Math equation-number="23.6.20" mode="display" xml:id="C23.S6.E20">e_{3}=-\frac{{K^{2}}}{3\omega_{1}^{2}}(1+k^{2})</Math>.
</sentence>

<sentence sentence-num-in-para="5" sentence-num-in-section="13" xml:id="C23.S6.SS2.p1.s5">
<Math equation-number="23.6.21" mode="display" xml:id="C23.S6.E21">\wp\left(z\right)-e_{1}=\frac{{K^{2}}}{\omega_{1}^{2}}{\operatorname{cs}^{2}} \left(\frac{K\!z}{\omega_{1}},k\right)</Math> , <Math equation-number="23.6.22" mode="display" xml:id="C23.S6.E22">\wp\left(z\right)-e_{2}=\frac{{K^{2}}}{\omega_{1}^{2}}{\operatorname{ds}^{2}} \left(\frac{K\!z}{\omega_{1}},k\right)</Math> ,, <Math equation-number="23.6.23" mode="display" xml:id="C23.S6.E23">\wp\left(z\right)-e_{3}=\frac{{K^{2}}}{\omega_{1}^{2}}{\operatorname{ns}^{2}} \left(\frac{K\!z}{\omega_{1}},k\right)</Math>.
</sentence>

<sentence sentence-num-in-para="6" sentence-num-in-section="14" xml:id="C23.S6.SS2.p1.s6">
<Math equation-number="23.6.24" mode="display" xml:id="C23.S6.E24">\wp\left(z+\omega_{1}\right)-e_{1}=\left(\frac{K\!k^{\prime}}{\omega_{1}} \right)^{2}{\operatorname{sc}^{2}}\left(\frac{K\!z}{\omega_{1}},k\right)</Math> , <Math equation-number="23.6.25" mode="display" xml:id="C23.S6.E25">\wp\left(z+\omega_{2}\right)-e_{2}=-\left(\frac{K\!kk^{\prime}}{\omega_{1}} \right)^{2}{\operatorname{sd}^{2}}\left(\frac{K\!z}{\omega_{1}},k\right)</Math> ,, <Math equation-number="23.6.26" mode="display" xml:id="C23.S6.E26">\wp\left(z+\omega_{3}\right)-e_{3}=\left(\frac{K\!k}{\omega_{1}}\right)^{2}{ \operatorname{sn}^{2}}\left(\frac{K\!z}{\omega_{1}},k\right)</Math>.
</sentence>

</para>
 
<para xml:id="C23.S6.SS2.p2">

<sentence sentence-num-in-para="1" sentence-num-in-section="15" xml:id="C23.S6.SS2.p2.s1">
In (23.6.27)–(23.6.29) the modulus <Math mode="inline" xml:id="C23.S6.SS2.p2.m1">k</Math> is given and <Math mode="inline" xml:id="C23.S6.SS2.p2.m2">K=K\left(k\right)</Math> , <Math mode="inline" xml:id="C23.S6.SS2.p2.m3">{K^{\prime}}=K\left(k^{\prime}\right)</Math> are the corresponding complete elliptic integrals (§19.2(ii)).
</sentence>

<sentence sentence-num-in-para="2" sentence-num-in-section="16" xml:id="C23.S6.SS2.p2.s2">
Also, <Math mode="inline" xml:id="C23.S6.SS2.p2.m4">\mathbb{L}_{\mspace{1.0mu }1}</Math> , <Math mode="inline" xml:id="C23.S6.SS2.p2.m5">\mathbb{L}_{\mspace{1.0mu }2}</Math> , <Math mode="inline" xml:id="C23.S6.SS2.p2.m6">\mathbb{L}_{\mspace{1.0mu }3}</Math> are the lattices with generators <Math mode="inline" xml:id="C23.S6.SS2.p2.m7">(4\!K,2\mathrm{i}{K^{\prime}})</Math> , <Math mode="inline" xml:id="C23.S6.SS2.p2.m8">(2\!K-2\mathrm{i}{K^{\prime}},2\!K+2\mathrm{i}{K^{\prime}})</Math> , <Math mode="inline" xml:id="C23.S6.SS2.p2.m9">(2\!K,4\mathrm{i}{K^{\prime}})</Math> , respectively.
</sentence>

<sentence sentence-num-in-para="3" sentence-num-in-section="17" xml:id="C23.S6.SS2.p2.s3">
<Math equation-number="23.6.27" mode="display" xml:id="C23.S6.E27">\zeta\left(z|\mathbb{L}_{\mspace{1.0mu }1}\right)-\zeta\left(z+2\!K|\mathbb{L} _{\mspace{1.0mu }1}\right)+\zeta\left(2\!K|\mathbb{L}_{\mspace{1.0mu }1}\right )=\operatorname{ns}\left(z,k\right),</Math> <Math equation-number="23.6.28" mode="display" xml:id="C23.S6.E28">\zeta\left(z|\mathbb{L}_{\mspace{1.0mu }2}\right)-\zeta\left(z+2\!K|\mathbb{L} _{\mspace{1.0mu }2}\right)+\zeta\left(2\!K|\mathbb{L}_{\mspace{1.0mu }2}\right )=\operatorname{ds}\left(z,k\right),</Math> <Math equation-number="23.6.29" mode="display" xml:id="C23.S6.E29">\zeta\left(z|\mathbb{L}_{\mspace{1.0mu }3}\right)-\zeta\left(z+2\mathrm{i}\!{K ^{\prime}}|\mathbb{L}_{\mspace{1.0mu }3}\right)-\zeta\left(2\mathrm{i}\!{K^{ \prime}}|\mathbb{L}_{\mspace{1.0mu }3}\right)=\operatorname{cs}\left(z,k\right)</Math>.
</sentence>

</para>
 
<para xml:id="C23.S6.SS2.p3">

</para>
 
<para xml:id="C23.S6.SS2.p4">

<sentence sentence-num-in-para="1" sentence-num-in-section="18" xml:id="C23.S6.SS2.p4.s1">
Similar results for the other nine Jacobi functions can be constructed with the aid of the transformations given by Table 22.4.3.
</sentence>

</para>
 
<para xml:id="C23.S6.SS2.p5">

<sentence sentence-num-in-para="1" sentence-num-in-section="19" xml:id="C23.S6.SS2.p5.s1">
For representations of the Jacobi functions <Math mode="inline" xml:id="C23.S6.SS2.p5.m1">\operatorname{sn}</Math> , <Math mode="inline" xml:id="C23.S6.SS2.p5.m2">\operatorname{cn}</Math> , and <Math mode="inline" xml:id="C23.S6.SS2.p5.m3">\operatorname{dn}</Math> as quotients of <Math mode="inline" xml:id="C23.S6.SS2.p5.m4">\sigma</Math> -functions seeLawden (1989, §§6.2, 6.3).
</sentence>

</para>
 
</subsection>
 
<subsection xml:id="C23.S6.SS3">
<title>General Elliptic Functions</title>           
<para xml:id="C23.S6.SS3.p1">

<sentence sentence-num-in-para="1" sentence-num-in-section="20" xml:id="C23.S6.SS3.p1.s1">
For representations of general elliptic functions (§23.2(iii))interms of <Math mode="inline" xml:id="C23.S6.SS3.p1.m1">\sigma\left(z\right)</Math> and <Math mode="inline" xml:id="C23.S6.SS3.p1.m2">\wp\left(z\right)</Math> seeLawden (1989, §§8.9, 8.10), and for expansions in terms of <Math mode="inline" xml:id="C23.S6.SS3.p1.m3">\zeta\left(z\right)</Math> see Lawden (1989, §8.11).
</sentence>

</para>
 
</subsection>
 
<subsection xml:id="C23.S6.SS4">
<title>Elliptic Integrals</title>          
 
<paragraph xml:id="C23.S6.Px1">
<title>Rectangular Lattice</title>   
<para xml:id="C23.S6.Px1.p1">

<sentence sentence-num-in-para="1" sentence-num-in-section="21" xml:id="C23.S6.Px1.p1.s1">
Let <Math mode="inline" xml:id="C23.S6.Px1.p1.m1">z</Math> be on the perimeter of the rectangle with vertices <Math mode="inline" xml:id="C23.S6.Px1.p1.m2">0,2\omega_{1},2\omega_{1}+2\omega_{3},2\omega_{3}</Math>.
</sentence>

<sentence sentence-num-in-para="2" sentence-num-in-section="22" xml:id="C23.S6.Px1.p1.s2">
Then <Math mode="inline" xml:id="C23.S6.Px1.p1.m3">t=\wp\left(z\right)</Math> is real (§§ 23.5(i)–23.5(ii)),and
</sentence>

<sentence sentence-num-in-para="3" sentence-num-in-section="23" xml:id="C23.S6.Px1.p1.s3">
<Math equation-number="23.6.30" mode="display" xml:id="C23.S6.E30">z=\frac{1}{2}\int_{t}^{\infty}\frac{\mathrm{d}u}{\sqrt{(u-e_{1})(u-e_{2})(u-e_ {3})}}, if t\geq e_{1}, z\in(0,\omega_{1}],</Math> <Math equation-number="23.6.31" mode="display" xml:id="C23.S6.E31">z-\omega_{1}=\frac{i}{2}\int_{t}^{e_{1}}\frac{\mathrm{d}u}{\sqrt{(e_{1}-u)(u-e _{2})(u-e_{3})}}, if e_{2}\leq t\leq e_{1}, z\in[\omega_{1},\omega_{1}+\omega_{3}],</Math> , <Math equation-number="23.6.32" mode="display" xml:id="C23.S6.E32">z-\omega_{3}=\frac{1}{2}\int_{e_{3}}^{t}\frac{\mathrm{d}u}{\sqrt{(e_{1}-u)(e_{ 2}-u)(u-e_{3})}}, if e_{3}\leq t\leq e_{2}, z\in[\omega_{3},\omega_{1}+\omega_{3}],</Math> <Math equation-number="23.6.33" mode="display" xml:id="C23.S6.E33">z=\frac{i}{2}\int_{-\infty}^{t}\frac{\mathrm{d}u}{\sqrt{(e_{1}-u)(e_{2}-u)(e_{ 3}-u)}}, if t\leq e_{3}, z\in(0,\omega_{3}]</Math>.
</sentence>

<sentence sentence-num-in-para="4" sentence-num-in-section="24" xml:id="C23.S6.Px1.p1.s4">
<Math equation-number="23.6.34" mode="display" xml:id="C23.S6.E34">2\omega_{1}=\int_{e_{1}}^{\infty}\frac{\mathrm{d}u}{\sqrt{(u-e_{1})(u-e_{2})(u -e_{3})}}=\int_{e_{3}}^{e_{2}}\frac{\mathrm{d}u}{\sqrt{(e_{1}-u)(e_{2}-u)(u-e_ {3})}},</Math> <Math equation-number="23.6.35" mode="display" xml:id="C23.S6.E35">2\omega_{3}=i\int_{e_{2}}^{e_{1}}\frac{\mathrm{d}u}{\sqrt{(e_{1}-u)(u-e_{2})(u -e_{3})}}=i\int_{-\infty}^{e_{3}}\frac{\mathrm{d}u}{\sqrt{(e_{1}-u)(e_{2}-u)(e _{3}-u)}}</Math>.
</sentence>

<sentence sentence-num-in-para="5" sentence-num-in-section="25" xml:id="C23.S6.Px1.p1.s5">
For (23.6.30)–(23.6.35) and further identities see Lawden (1989, §6.12).
</sentence>

</para>
 
<para xml:id="C23.S6.Px1.p2">

<sentence sentence-num-in-para="1" sentence-num-in-section="26" xml:id="C23.S6.Px1.p2.s1">
See also §§19.2(i),19.14, and Erdélyi et al. (1953b, §13.14).
</sentence>

</para>
 
<para xml:id="C23.S6.Px1.p3">

<sentence sentence-num-in-para="1" sentence-num-in-section="27" xml:id="C23.S6.Px1.p3.s1">
For relations to symmetric elliptic integrals see §19.25(vi).
</sentence>

</para>
 
</paragraph>
 
<paragraph xml:id="C23.S6.Px2">
<title>General Lattice</title>   
<para xml:id="C23.S6.Px2.p1">

<sentence sentence-num-in-para="1" sentence-num-in-section="28" xml:id="C23.S6.Px2.p1.s1">
Let <Math mode="inline" xml:id="C23.S6.Px2.p1.m1">z</Math> be a point of <Math mode="inline" xml:id="C23.S6.Px2.p1.m2">\mathbb{C}</Math> different from <Math mode="inline" xml:id="C23.S6.Px2.p1.m3">e_{1},e_{2},e_{3}</Math> , and define <Math mode="inline" xml:id="C23.S6.Px2.p1.m4">w</Math> by <Math equation-number="23.6.36" mode="display" xml:id="C23.S6.E36">w=\int_{z}^{\infty}\frac{\mathrm{d}u}{\sqrt{4u^{3}-g_{2}u-g_{3}}}=\frac{1}{2} \int_{z}^{\infty}\frac{\mathrm{d}u}{\sqrt{(u-e_{1})(u-e_{2})(u-e_{3})}},</Math> where the integral is taken along any path from <Math mode="inline" xml:id="C23.S6.Px2.p1.m5">z</Math> to <Math mode="inline" xml:id="C23.S6.Px2.p1.m6">\infty</Math> that does not pass through any of <Math mode="inline" xml:id="C23.S6.Px2.p1.m7">e_{1},e_{2},e_{3}</Math>.
</sentence>

<sentence sentence-num-in-para="2" sentence-num-in-section="29" xml:id="C23.S6.Px2.p1.s2">
Then <Math mode="inline" xml:id="C23.S6.Px2.p1.m8">z=\wp\left(w\right)</Math> , where the value of <Math mode="inline" xml:id="C23.S6.Px2.p1.m9">w</Math> depends on the choice of path and determination of the square root; see McKean and Moll (1999, pp. 87–88 and §2.5).
</sentence>

</para>
 
</paragraph>
 
</subsection>
 
</section>
