<?xml version="1.0" encoding="UTF-8"?>
<section xml:id="C23.S7">
<title>Quarter Periods</title>         
 
<para xml:id="C23.S7.p1">

<sentence sentence-num-in-para="1" sentence-num-in-section="1" xml:id="C23.S7.p1.s1">
 <Math equation-number="23.7.1" mode="display" xml:id="C23.S7.E1">\wp\left(\tfrac{1}{2}\omega_{1}\right)=e_{1}+\sqrt{(e_{1}-e_{3})(e_{1}-e_{2})} =e_{1}+\omega_{1}^{-2}(K\left(k\right))^{2}k^{\prime},</Math> , <Math equation-number="23.7.2" mode="display" xml:id="C23.S7.E2">\wp\left(\tfrac{1}{2}\omega_{2}\right)=e_{2}-i\sqrt{(e_{1}-e_{2})(e_{2}-e_{3}) }=e_{2}-i\omega_{1}^{-2}(K\left(k\right))^{2}kk^{\prime},</Math> , <Math equation-number="23.7.3" mode="display" xml:id="C23.S7.E3">\wp\left(\tfrac{1}{2}\omega_{3}\right)=e_{3}-\sqrt{(e_{1}-e_{3})(e_{2}-e_{3})} =e_{3}-\omega_{1}^{-2}(K\left(k\right))^{2}k,</Math> where <Math mode="inline" xml:id="C23.S7.p1.m1">k,k^{\prime}</Math> and the square roots are real and positive when the lattice is rectangular; otherwise they are determined by continuity from the rectangular case.
</sentence>

</para>
 
</section>
