<?xml version="1.0" encoding="UTF-8"?>
<section xml:id="C23.S8">
<title>Trigonometric Series and Products</title>         
<subsection xml:id="C23.S8.SS1">
<title>Fourier Series</title>          
<para xml:id="C23.S8.SS1.p1">

<sentence sentence-num-in-para="1" sentence-num-in-section="1" xml:id="C23.S8.SS1.p1.s1">
If <Math mode="inline" xml:id="C23.S8.SS1.p1.m1">q=e^{i\pi\omega_{3}/\omega_{1}}</Math> , <Math mode="inline" xml:id="C23.S8.SS1.p1.m2">\Im(z/\omega_{1})&lt;2\Im(\omega_{3}/\omega_{1})</Math> , and <Math mode="inline" xml:id="C23.S8.SS1.p1.m3">z\notin\mathbb{L}</Math> , then <Math equation-number="23.8.1" mode="display" xml:id="C23.S8.E1">\wp\left(z\right)+\frac{\eta_{1}}{\omega_{1}}-\frac{\pi^{2}}{4\omega_{1}^{2}}{ \csc^{2}}\left(\frac{\pi z}{2\omega_{1}}\right)=-\frac{2\pi^{2}}{\omega_{1}^{2 }}\sum_{n=1}^{\infty}\frac{nq^{2n}}{1-q^{2n}}\cos\left(\frac{n\pi z}{\omega_{1 }}\right),</Math> , <Math equation-number="23.8.2" mode="display" xml:id="C23.S8.E2">\zeta\left(z\right)-\frac{\eta_{1}z}{\omega_{1}}-\frac{\pi}{2\omega_{1}}\cot \left(\frac{\pi z}{2\omega_{1}}\right)=\frac{2\pi}{\omega_{1}}\sum_{n=1}^{ \infty}\frac{q^{2n}}{1-q^{2n}}\sin\left(\frac{n\pi z}{\omega_{1}}\right)</Math>.
</sentence>

</para>
 
</subsection>
 
<subsection xml:id="C23.S8.SS2">
<title>Series of Cosecants and Cotangents</title>          
<para xml:id="C23.S8.SS2.p1">

<sentence sentence-num-in-para="1" sentence-num-in-section="2" xml:id="C23.S8.SS2.p1.s1">
When <Math mode="inline" xml:id="C23.S8.SS2.p1.m1">z\notin\mathbb{L}</Math> , <Math equation-number="23.8.3" mode="display" xml:id="C23.S8.E3">\wp\left(z\right)=-\frac{\eta_{1}}{\omega_{1}}+\frac{\pi^{2}}{4\omega_{1}^{2}} \sum_{n=-\infty}^{\infty}{\csc^{2}}\left(\frac{\pi(z+2n\omega_{3})}{2\omega_{1 }}\right),</Math> <Math equation-number="23.8.4" mode="display" xml:id="C23.S8.E4">\zeta\left(z\right)=\frac{\eta_{1}z}{\omega_{1}}+\frac{\pi}{2\omega_{1}}\sum_{ n=-\infty}^{\infty}\cot\left(\frac{\pi(z+2n\omega_{3})}{2\omega_{1}}\right),</Math> where in (23.8.4) the terms in <Math mode="inline" xml:id="C23.S8.SS2.p1.m2">n</Math> and <Math mode="inline" xml:id="C23.S8.SS2.p1.m3">-n</Math> are to be bracketed together (the Eisenstein convention or principal value: see Weil (1999, p. 6) or Walker (1996, p. 3)).
</sentence>

<sentence sentence-num-in-para="2" sentence-num-in-section="3" xml:id="C23.S8.SS2.p1.s2">
<Math equation-number="23.8.5" mode="display" xml:id="C23.S8.E5">\eta_{1}=\frac{\pi^{2}}{2\omega_{1}}\left(\frac{1}{6}+\sum_{n=1}^{\infty}{\csc ^{2}}\left(\frac{n\pi\omega_{3}}{\omega_{1}}\right)\right),</Math> with similar results for <Math mode="inline" xml:id="C23.S8.SS2.p1.m4">\eta_{2}</Math> and <Math mode="inline" xml:id="C23.S8.SS2.p1.m5">\eta_{3}</Math> obtainable by use of (23.2.14).
</sentence>

</para>
  
</subsection>
 
<subsection xml:id="C23.S8.SS3">
<title>Infinite Products</title>          
<para xml:id="C23.S8.SS3.p1">

<sentence sentence-num-in-para="1" sentence-num-in-section="4" xml:id="C23.S8.SS3.p1.s1">
 <Math equation-number="23.8.6" mode="display" xml:id="C23.S8.E6">\sigma\left(z\right)=\frac{2\omega_{1}}{\pi}\exp\left(\frac{\eta_{1}z^{2}}{2 \omega_{1}}\right)\sin\left(\frac{\pi z}{2\omega_{1}}\right)\*\prod_{n=1}^{ \infty}\frac{1-2q^{2n}\cos\left(\pi z/\omega_{1}\right)+q^{4n}}{(1-q^{2n})^{2}},</Math> <Math equation-number="23.8.7" mode="display" xml:id="C23.S8.E7">\sigma\left(z\right)=\frac{2\omega_{1}}{\pi}\exp\left(\frac{\eta_{1}z^{2}}{2 \omega_{1}}\right)\sin\left(\frac{\pi z}{2\omega_{1}}\right)\prod_{n=1}^{ \infty}\frac{\sin\left(\pi(2n\omega_{3}+z)/(2\omega_{1})\right)\sin\left(\pi(2 n\omega_{3}-z)/(2\omega_{1})\right)}{{\sin^{2}}\left(\pi n\omega_{3}/\omega_{1 }\right)}</Math>.
</sentence>

</para>
  
</subsection>
 
</section>
