{"equation":{"symbols-used":[{"symbol":{"tex":"$x$","meaning":"real","idref":"C22.S1.p2.t1.r1"}},{"symbol":{"tex":"$y$","meaning":"real","idref":"C22.S1.p2.t1.r1"}},{"symbol":{"tex":"$a$","meaning":"real","idref":"C22.S18.Px1.p1"}},{"symbol":{"tex":"$b$","meaning":"real","idref":"C22.S18.Px1.p1"}}],"xml-id":"C22.S18.E1","tex":"$\\left(x^{2}\/a^{2}\\right)+\\left(y^{2}\/b^{2}\\right)=1,$","context":{"sentence-num-in-corpus":"12847","sentence-xmlid":"C22.S18.Px1.p1.s1","chapter-title":"Jacobian Elliptic Functions","chapter-xmlid":"C22","paragraph-xmlid":"C22.S18.Px1","sentence-num-in-chapter":"643","section-xmlid":"C22.S18","sentence-num-in-section":"1","para-xmlid":"C22.S18.Px1.p1","subsection-title":"Lengths and Parametrization of Plane Curves","subsection-xmlid":"C22.S18.SS1","paragraph-title":"Ellipse","section-title":"Mathematical Applications","para-num-of-sentences":"2"},"permalink":"http:\/\/dlmf.nist.gov\/22.18.E1","equation-number":"22.18.1"}}{"expression":{"xml-id":"C22.S18.XMD1.m1","tex":"$a$","context":{"chapter-title":"Jacobian Elliptic Functions","chapter-xmlid":"C22"}}}{"expression":{"xml-id":"C22.S18.XMD2.m1","tex":"$b$","context":{"chapter-title":"Jacobian Elliptic Functions","chapter-xmlid":"C22"}}}{"expression":{"xml-id":"C22.S18.Px1.p1.m1","tex":"$a\\geq b>0$","context":{"sentence-num-in-corpus":"12847","sentence-xmlid":"C22.S18.Px1.p1.s1","chapter-title":"Jacobian Elliptic Functions","chapter-xmlid":"C22","paragraph-xmlid":"C22.S18.Px1","sentence-num-in-chapter":"643","section-xmlid":"C22.S18","sentence-num-in-section":"1","para-xmlid":"C22.S18.Px1.p1","subsection-title":"Lengths and Parametrization of Plane Curves","subsection-xmlid":"C22.S18.SS1","paragraph-title":"Ellipse","section-title":"Mathematical Applications","para-num-of-sentences":"2"}}}{"equation":{"symbols-used":[{"symbol":{"tex":"$\\operatorname{cn}\\left(\\NVar{z},\\NVar{k}\\right)$","meaning":"Jacobian elliptic function","idref":"C22.S2.E5","content-tex":"$\\Jacobiellcnk@{\\NVar{z}}{\\NVar{k}}$"}},{"symbol":{"tex":"$\\operatorname{sn}\\left(\\NVar{z},\\NVar{k}\\right)$","meaning":"Jacobian elliptic function","idref":"C22.S2.E4","content-tex":"$\\Jacobiellsnk@{\\NVar{z}}{\\NVar{k}}$"}},{"symbol":{"tex":"$x$","meaning":"real","idref":"C22.S1.p2.t1.r1"}},{"symbol":{"tex":"$y$","meaning":"real","idref":"C22.S1.p2.t1.r1"}},{"symbol":{"tex":"$k$","meaning":"modulus","idref":"C22.S1.p2.t1.r3"}},{"symbol":{"tex":"$a$","meaning":"real","idref":"C22.S18.Px1.p1"}},{"symbol":{"tex":"$b$","meaning":"real","idref":"C22.S18.Px1.p1"}},{"symbol":{"tex":"$u$","meaning":"variable","idref":"C22.S18.Px1.p1"}}],"context":{"sentence-num-in-corpus":"12847","sentence-xmlid":"C22.S18.Px1.p1.s1","chapter-title":"Jacobian Elliptic Functions","chapter-xmlid":"C22","paragraph-xmlid":"C22.S18.Px1","sentence-num-in-chapter":"643","section-xmlid":"C22.S18","sentence-num-in-section":"1","para-xmlid":"C22.S18.Px1.p1","subsection-title":"Lengths and Parametrization of Plane Curves","subsection-xmlid":"C22.S18.SS1","paragraph-title":"Ellipse","section-title":"Mathematical Applications","para-num-of-sentences":"2"},"permalink":"http:\/\/dlmf.nist.gov\/22.18.E2","equation-number":"22.18.2","subequations":[{"subequation":{"xml-id":"C22.S18.Ex1","tex":"$x=a\\operatorname{sn}\\left(u,k\\right),$","context":{"chapter-title":"Jacobian Elliptic Functions","chapter-xmlid":"C22"},"content-tex":"$x=a\\Jacobiellsnk@{u}{k},$"}},{"subequation":{"xml-id":"C22.S18.Ex2","tex":"$y=b\\operatorname{cn}\\left(u,k\\right),$","context":{"chapter-title":"Jacobian Elliptic Functions","chapter-xmlid":"C22"},"content-tex":"$y=b\\Jacobiellcnk@{u}{k},$"}}]}}{"expression":{"xml-id":"C22.S2.E5.m2adec","tex":"$\\operatorname{cn}\\left(\\NVar{z},\\NVar{k}\\right)$","context":{"chapter-title":"Jacobian Elliptic Functions","chapter-xmlid":"C22"},"content-tex":"$\\Jacobiellcnk@{\\NVar{z}}{\\NVar{k}}$"}}{"expression":{"xml-id":"C22.S2.E4.m2adec","tex":"$\\operatorname{sn}\\left(\\NVar{z},\\NVar{k}\\right)$","context":{"chapter-title":"Jacobian Elliptic Functions","chapter-xmlid":"C22"},"content-tex":"$\\Jacobiellsnk@{\\NVar{z}}{\\NVar{k}}$"}}{"expression":{"xml-id":"C22.S1.XMD1.m1adec","tex":"$x$","context":{"chapter-title":"Jacobian Elliptic Functions","chapter-xmlid":"C22"}}}{"expression":{"xml-id":"C22.S1.XMD2.m1adec","tex":"$y$","context":{"chapter-title":"Jacobian Elliptic Functions","chapter-xmlid":"C22"}}}{"expression":{"xml-id":"C22.S1.XMD4.m1dec","tex":"$k$","context":{"chapter-title":"Jacobian Elliptic Functions","chapter-xmlid":"C22"}}}{"expression":{"xml-id":"C22.S18.XMD1.m1adec","tex":"$a$","context":{"chapter-title":"Jacobian Elliptic Functions","chapter-xmlid":"C22"}}}{"expression":{"xml-id":"C22.S18.XMD2.m1adec","tex":"$b$","context":{"chapter-title":"Jacobian Elliptic Functions","chapter-xmlid":"C22"}}}{"expression":{"xml-id":"C22.S18.XMD3.m1dec","tex":"$u$","context":{"chapter-title":"Jacobian Elliptic Functions","chapter-xmlid":"C22"}}}{"expression":{"xml-id":"C22.S18.Px1.p1.m2","tex":"$k=\\sqrt{1-(b^{2}\/a^{2})}$","context":{"sentence-num-in-corpus":"12847","sentence-xmlid":"C22.S18.Px1.p1.s1","chapter-title":"Jacobian Elliptic Functions","chapter-xmlid":"C22","paragraph-xmlid":"C22.S18.Px1","sentence-num-in-chapter":"643","section-xmlid":"C22.S18","sentence-num-in-section":"1","para-xmlid":"C22.S18.Px1.p1","subsection-title":"Lengths and Parametrization of Plane Curves","subsection-xmlid":"C22.S18.SS1","paragraph-title":"Ellipse","section-title":"Mathematical Applications","para-num-of-sentences":"2"}}}{"expression":{"xml-id":"C22.S18.XMD3.m1","tex":"$u$","context":{"chapter-title":"Jacobian Elliptic Functions","chapter-xmlid":"C22"}}}{"expression":{"xml-id":"C22.S18.Px1.p1.m3","tex":"$0\\leq u\\leq 4K\\left(k\\right)$","context":{"sentence-num-in-corpus":"12847","sentence-xmlid":"C22.S18.Px1.p1.s1","chapter-title":"Jacobian Elliptic Functions","chapter-xmlid":"C22","paragraph-xmlid":"C22.S18.Px1","sentence-num-in-chapter":"643","section-xmlid":"C22.S18","sentence-num-in-section":"1","para-xmlid":"C22.S18.Px1.p1","subsection-title":"Lengths and Parametrization of Plane Curves","subsection-xmlid":"C22.S18.SS1","paragraph-title":"Ellipse","section-title":"Mathematical Applications","para-num-of-sentences":"2"},"content-tex":"$0\\leq u\\leq 4\\compellintKk@{k}$"}}{"expression":{"xml-id":"C22.S18.Px1.p1.m4","tex":"$l(u)$","context":{"sentence-num-in-corpus":"12848","sentence-xmlid":"C22.S18.Px1.p1.s2","chapter-title":"Jacobian Elliptic Functions","chapter-xmlid":"C22","paragraph-xmlid":"C22.S18.Px1","sentence-num-in-chapter":"644","section-xmlid":"C22.S18","sentence-num-in-section":"2","para-xmlid":"C22.S18.Px1.p1","subsection-title":"Lengths and Parametrization of Plane Curves","subsection-xmlid":"C22.S18.SS1","paragraph-title":"Ellipse","section-title":"Mathematical Applications","para-num-of-sentences":"2"}}}{"expression":{"xml-id":"C22.S18.XMD4.m1","tex":"$l(u)$","context":{"chapter-title":"Jacobian Elliptic Functions","chapter-xmlid":"C22"}}}{"expression":{"xml-id":"C22.S18.Px1.p1.m5","tex":"$u=0$","context":{"sentence-num-in-corpus":"12848","sentence-xmlid":"C22.S18.Px1.p1.s2","chapter-title":"Jacobian Elliptic Functions","chapter-xmlid":"C22","paragraph-xmlid":"C22.S18.Px1","sentence-num-in-chapter":"644","section-xmlid":"C22.S18","sentence-num-in-section":"2","para-xmlid":"C22.S18.Px1.p1","subsection-title":"Lengths and Parametrization of Plane Curves","subsection-xmlid":"C22.S18.SS1","paragraph-title":"Ellipse","section-title":"Mathematical Applications","para-num-of-sentences":"2"}}}{"equation":{"symbols-used":[{"symbol":{"tex":"$\\mathcal{E}\\left(\\NVar{x},\\NVar{k}\\right)$","meaning":"Jacobi\u2019s epsilon function","idref":"C22.S16.E14","content-tex":"$\\JacobiEpsilonk@{\\NVar{x}}{\\NVar{k}}$"}},{"symbol":{"tex":"$k$","meaning":"modulus","idref":"C22.S1.p2.t1.r3"}},{"symbol":{"tex":"$a$","meaning":"real","idref":"C22.S18.Px1.p1"}},{"symbol":{"tex":"$u$","meaning":"variable","idref":"C22.S18.Px1.p1"}},{"symbol":{"tex":"$l(r)$","meaning":"arc length","idref":"C22.S18.Px2.p1"}}],"xml-id":"C22.S18.E3","tex":"$l(u)=a\\mathcal{E}\\left(u,k\\right),$","context":{"sentence-num-in-corpus":"12848","sentence-xmlid":"C22.S18.Px1.p1.s2","chapter-title":"Jacobian Elliptic Functions","chapter-xmlid":"C22","paragraph-xmlid":"C22.S18.Px1","sentence-num-in-chapter":"644","section-xmlid":"C22.S18","sentence-num-in-section":"2","para-xmlid":"C22.S18.Px1.p1","subsection-title":"Lengths and Parametrization of Plane Curves","subsection-xmlid":"C22.S18.SS1","paragraph-title":"Ellipse","section-title":"Mathematical Applications","para-num-of-sentences":"2"},"permalink":"http:\/\/dlmf.nist.gov\/22.18.E3","equation-number":"22.18.3","content-tex":"$l(u)=a\\JacobiEpsilonk@{u}{k},$"}}{"expression":{"xml-id":"C22.S18.Px1.p1.m6","tex":"$\\mathcal{E}\\left(u,k\\right)$","context":{"sentence-num-in-corpus":"12848","sentence-xmlid":"C22.S18.Px1.p1.s2","chapter-title":"Jacobian Elliptic Functions","chapter-xmlid":"C22","paragraph-xmlid":"C22.S18.Px1","sentence-num-in-chapter":"644","section-xmlid":"C22.S18","sentence-num-in-section":"2","para-xmlid":"C22.S18.Px1.p1","subsection-title":"Lengths and Parametrization of Plane Curves","subsection-xmlid":"C22.S18.SS1","paragraph-title":"Ellipse","section-title":"Mathematical Applications","para-num-of-sentences":"2"},"content-tex":"$\\JacobiEpsilonk@{u}{k}$"}}{"expression":{"xml-id":"C22.S18.Px2.p1.m1","tex":"$x=r\\cos\\phi$","context":{"sentence-num-in-corpus":"12849","sentence-xmlid":"C22.S18.Px2.p1.s1","chapter-title":"Jacobian Elliptic Functions","chapter-xmlid":"C22","paragraph-xmlid":"C22.S18.Px2","sentence-num-in-chapter":"645","section-xmlid":"C22.S18","sentence-num-in-section":"3","para-xmlid":"C22.S18.Px2.p1","subsection-title":"Lengths and Parametrization of Plane Curves","subsection-xmlid":"C22.S18.SS1","paragraph-title":"Lemniscate","section-title":"Mathematical Applications","para-num-of-sentences":"3"},"content-tex":"$x=r\\cos@@{\\phi}$"}}{"expression":{"xml-id":"C22.S18.Px2.p1.m2","tex":"$y=r\\sin\\phi$","context":{"sentence-num-in-corpus":"12849","sentence-xmlid":"C22.S18.Px2.p1.s1","chapter-title":"Jacobian Elliptic Functions","chapter-xmlid":"C22","paragraph-xmlid":"C22.S18.Px2","sentence-num-in-chapter":"645","section-xmlid":"C22.S18","sentence-num-in-section":"3","para-xmlid":"C22.S18.Px2.p1","subsection-title":"Lengths and Parametrization of Plane Curves","subsection-xmlid":"C22.S18.SS1","paragraph-title":"Lemniscate","section-title":"Mathematical Applications","para-num-of-sentences":"3"},"content-tex":"$y=r\\sin@@{\\phi}$"}}{"expression":{"xml-id":"C22.S18.XMD5.m1","tex":"$r$","context":{"chapter-title":"Jacobian Elliptic Functions","chapter-xmlid":"C22"}}}{"expression":{"xml-id":"C22.S18.XMD6.m1","tex":"$\\phi$","context":{"chapter-title":"Jacobian Elliptic Functions","chapter-xmlid":"C22"}}}{"expression":{"xml-id":"C22.S18.Px2.p1.m3","tex":"$r^{2}=\\cos\\left(2\\phi\\right)$","context":{"sentence-num-in-corpus":"12849","sentence-xmlid":"C22.S18.Px2.p1.s1","chapter-title":"Jacobian Elliptic Functions","chapter-xmlid":"C22","paragraph-xmlid":"C22.S18.Px2","sentence-num-in-chapter":"645","section-xmlid":"C22.S18","sentence-num-in-section":"3","para-xmlid":"C22.S18.Px2.p1","subsection-title":"Lengths and Parametrization of Plane Curves","subsection-xmlid":"C22.S18.SS1","paragraph-title":"Lemniscate","section-title":"Mathematical Applications","para-num-of-sentences":"3"},"content-tex":"$r^{2}=\\cos@{2\\phi}$"}}{"expression":{"xml-id":"C22.S18.Px2.p1.m4","tex":"$0\\leq\\phi\\leq 2\\pi$","context":{"sentence-num-in-corpus":"12849","sentence-xmlid":"C22.S18.Px2.p1.s1","chapter-title":"Jacobian Elliptic Functions","chapter-xmlid":"C22","paragraph-xmlid":"C22.S18.Px2","sentence-num-in-chapter":"645","section-xmlid":"C22.S18","sentence-num-in-section":"3","para-xmlid":"C22.S18.Px2.p1","subsection-title":"Lengths and Parametrization of Plane Curves","subsection-xmlid":"C22.S18.SS1","paragraph-title":"Lemniscate","section-title":"Mathematical Applications","para-num-of-sentences":"3"}}}{"expression":{"xml-id":"C22.S18.XMD7.m1","tex":"$l(r)$","context":{"chapter-title":"Jacobian Elliptic Functions","chapter-xmlid":"C22"}}}{"expression":{"xml-id":"C22.S18.Px2.p1.m5","tex":"$l(r)$","context":{"sentence-num-in-corpus":"12850","sentence-xmlid":"C22.S18.Px2.p1.s2","chapter-title":"Jacobian Elliptic Functions","chapter-xmlid":"C22","paragraph-xmlid":"C22.S18.Px2","sentence-num-in-chapter":"646","section-xmlid":"C22.S18","sentence-num-in-section":"4","para-xmlid":"C22.S18.Px2.p1","subsection-title":"Lengths and Parametrization of Plane Curves","subsection-xmlid":"C22.S18.SS1","paragraph-title":"Lemniscate","section-title":"Mathematical Applications","para-num-of-sentences":"3"}}}{"expression":{"xml-id":"C22.S18.Px2.p1.m6","tex":"$\\phi=0$","context":{"sentence-num-in-corpus":"12850","sentence-xmlid":"C22.S18.Px2.p1.s2","chapter-title":"Jacobian Elliptic Functions","chapter-xmlid":"C22","paragraph-xmlid":"C22.S18.Px2","sentence-num-in-chapter":"646","section-xmlid":"C22.S18","sentence-num-in-section":"4","para-xmlid":"C22.S18.Px2.p1","subsection-title":"Lengths and Parametrization of Plane Curves","subsection-xmlid":"C22.S18.SS1","paragraph-title":"Lemniscate","section-title":"Mathematical Applications","para-num-of-sentences":"3"}}}{"equation":{"symbols-used":[{"symbol":{"tex":"$\\operatorname{arccn}\\left(\\NVar{x},\\NVar{k}\\right)$","meaning":"inverse Jacobian elliptic function","idref":"C22.S15.SS1.p1","content-tex":"$\\aJacobiellcnk@{\\NVar{x}}{\\NVar{k}}$"}},{"symbol":{"tex":"$r$","meaning":"radius","idref":"C22.S18.Px2.p1"}},{"symbol":{"tex":"$l(r)$","meaning":"arc length","idref":"C22.S18.Px2.p1"}}],"xml-id":"C22.S18.E4","tex":"$l(r)=(1\/\\sqrt{2})\\operatorname{arccn}\\left(r,1\/\\sqrt{2}\\right).$","context":{"sentence-num-in-corpus":"12850","sentence-xmlid":"C22.S18.Px2.p1.s2","chapter-title":"Jacobian Elliptic Functions","chapter-xmlid":"C22","paragraph-xmlid":"C22.S18.Px2","sentence-num-in-chapter":"646","section-xmlid":"C22.S18","sentence-num-in-section":"4","para-xmlid":"C22.S18.Px2.p1","subsection-title":"Lengths and Parametrization of Plane Curves","subsection-xmlid":"C22.S18.SS1","paragraph-title":"Lemniscate","section-title":"Mathematical Applications","para-num-of-sentences":"3"},"permalink":"http:\/\/dlmf.nist.gov\/22.18.E4","equation-number":"22.18.4","content-tex":"$l(r)=(1\/\\sqrt{2})\\aJacobiellcnk@{r}{1\/\\sqrt{2}}.$"}}{"equation":{"symbols-used":[{"symbol":{"tex":"$\\operatorname{cn}\\left(\\NVar{z},\\NVar{k}\\right)$","meaning":"Jacobian elliptic function","idref":"C22.S2.E5","content-tex":"$\\Jacobiellcnk@{\\NVar{z}}{\\NVar{k}}$"}},{"symbol":{"tex":"$r$","meaning":"radius","idref":"C22.S18.Px2.p1"}},{"symbol":{"tex":"$l(r)$","meaning":"arc length","idref":"C22.S18.Px2.p1"}}],"xml-id":"C22.S18.E5","tex":"$r=\\operatorname{cn}\\left(\\sqrt{2}l,1\/\\sqrt{2}\\right),$","context":{"sentence-num-in-corpus":"12851","sentence-xmlid":"C22.S18.Px2.p1.s3","chapter-title":"Jacobian Elliptic Functions","chapter-xmlid":"C22","paragraph-xmlid":"C22.S18.Px2","sentence-num-in-chapter":"647","section-xmlid":"C22.S18","sentence-num-in-section":"5","para-xmlid":"C22.S18.Px2.p1","subsection-title":"Lengths and Parametrization of Plane Curves","subsection-xmlid":"C22.S18.SS1","paragraph-title":"Lemniscate","section-title":"Mathematical Applications","para-num-of-sentences":"3"},"permalink":"http:\/\/dlmf.nist.gov\/22.18.E5","equation-number":"22.18.5","content-tex":"$r=\\Jacobiellcnk@{\\sqrt{2}l}{1\/\\sqrt{2}},$"}}{"equation":{"symbols-used":[{"symbol":{"tex":"$\\operatorname{cn}\\left(\\NVar{z},\\NVar{k}\\right)$","meaning":"Jacobian elliptic function","idref":"C22.S2.E5","content-tex":"$\\Jacobiellcnk@{\\NVar{z}}{\\NVar{k}}$"}},{"symbol":{"tex":"$\\operatorname{dn}\\left(\\NVar{z},\\NVar{k}\\right)$","meaning":"Jacobian elliptic function","idref":"C22.S2.E6","content-tex":"$\\Jacobielldnk@{\\NVar{z}}{\\NVar{k}}$"}},{"symbol":{"tex":"$\\operatorname{sn}\\left(\\NVar{z},\\NVar{k}\\right)$","meaning":"Jacobian elliptic function","idref":"C22.S2.E4","content-tex":"$\\Jacobiellsnk@{\\NVar{z}}{\\NVar{k}}$"}},{"symbol":{"tex":"$x$","meaning":"real","idref":"C22.S1.p2.t1.r1"}},{"symbol":{"tex":"$y$","meaning":"real","idref":"C22.S1.p2.t1.r1"}},{"symbol":{"tex":"$l(r)$","meaning":"arc length","idref":"C22.S18.Px2.p1"}}],"context":{"sentence-num-in-corpus":"12851","sentence-xmlid":"C22.S18.Px2.p1.s3","chapter-title":"Jacobian Elliptic Functions","chapter-xmlid":"C22","paragraph-xmlid":"C22.S18.Px2","sentence-num-in-chapter":"647","section-xmlid":"C22.S18","sentence-num-in-section":"5","para-xmlid":"C22.S18.Px2.p1","subsection-title":"Lengths and Parametrization of Plane Curves","subsection-xmlid":"C22.S18.SS1","paragraph-title":"Lemniscate","section-title":"Mathematical Applications","para-num-of-sentences":"3"},"permalink":"http:\/\/dlmf.nist.gov\/22.18.E6","equation-number":"22.18.6","subequations":[{"subequation":{"xml-id":"C22.S18.Ex3","tex":"$x=\\operatorname{cn}\\left(\\sqrt{2}l,1\/\\sqrt{2}\\right)\\operatorname{dn}\\left( \\sqrt{2}l,1\/\\sqrt{2}\\right),$","context":{"chapter-title":"Jacobian Elliptic Functions","chapter-xmlid":"C22"},"content-tex":"$x=\\Jacobiellcnk@{\\sqrt{2}l}{1\/\\sqrt{2}}\\Jacobielldnk@{\\sqrt{2}l}{1\/\\sqrt{2}},$"}},{"subequation":{"xml-id":"C22.S18.Ex4","tex":"$y=\\left.\\operatorname{cn}\\left(\\sqrt{2}l,1\/\\sqrt{2}\\right)\\operatorname{sn} \\left(\\sqrt{2}l,1\/\\sqrt{2}\\right)\\right\/\\sqrt{2}.$","context":{"chapter-title":"Jacobian Elliptic Functions","chapter-xmlid":"C22"},"content-tex":"$y=\\left.\\Jacobiellcnk@{\\sqrt{2}l}{1\/\\sqrt{2}}\\Jacobiellsnk@{\\sqrt{2}l}{1\/\\sqrt {2}}\\right\/\\sqrt{2}.$"}}]}}{"expression":{"xml-id":"C22.S2.E5.m2abdec","tex":"$\\operatorname{cn}\\left(\\NVar{z},\\NVar{k}\\right)$","context":{"chapter-title":"Jacobian Elliptic Functions","chapter-xmlid":"C22"},"content-tex":"$\\Jacobiellcnk@{\\NVar{z}}{\\NVar{k}}$"}}{"expression":{"xml-id":"C22.S2.E6.m2adec","tex":"$\\operatorname{dn}\\left(\\NVar{z},\\NVar{k}\\right)$","context":{"chapter-title":"Jacobian Elliptic Functions","chapter-xmlid":"C22"},"content-tex":"$\\Jacobielldnk@{\\NVar{z}}{\\NVar{k}}$"}}{"expression":{"xml-id":"C22.S2.E4.m2aadec","tex":"$\\operatorname{sn}\\left(\\NVar{z},\\NVar{k}\\right)$","context":{"chapter-title":"Jacobian Elliptic Functions","chapter-xmlid":"C22"},"content-tex":"$\\Jacobiellsnk@{\\NVar{z}}{\\NVar{k}}$"}}{"expression":{"xml-id":"C22.S1.XMD1.m1bdec","tex":"$x$","context":{"chapter-title":"Jacobian Elliptic Functions","chapter-xmlid":"C22"}}}{"expression":{"xml-id":"C22.S1.XMD2.m1bdec","tex":"$y$","context":{"chapter-title":"Jacobian Elliptic Functions","chapter-xmlid":"C22"}}}{"expression":{"xml-id":"C22.S18.XMD7.m1cdec","tex":"$l(r)$","context":{"chapter-title":"Jacobian Elliptic Functions","chapter-xmlid":"C22"}}}{"expression":{"xml-id":"C22.S18.SS2.p1.m1","tex":"$k\\in[0,1]$","context":{"sentence-num-in-corpus":"12853","subsection-xmlid":"C22.S18.SS2","sentence-xmlid":"C22.S18.SS2.p1.s1","chapter-title":"Jacobian Elliptic Functions","chapter-xmlid":"C22","section-title":"Mathematical Applications","sentence-num-in-chapter":"649","section-xmlid":"C22.S18","sentence-num-in-section":"7","para-num-of-sentences":"3","para-xmlid":"C22.S18.SS2.p1","subsection-title":"Conformal Mapping"}}}{"expression":{"xml-id":"C22.S18.SS2.p1.m2","tex":"$z\\to w=\\operatorname{sn}\\left(z,k\\right)$","context":{"sentence-num-in-corpus":"12853","subsection-xmlid":"C22.S18.SS2","sentence-xmlid":"C22.S18.SS2.p1.s1","chapter-title":"Jacobian Elliptic Functions","chapter-xmlid":"C22","section-title":"Mathematical Applications","sentence-num-in-chapter":"649","section-xmlid":"C22.S18","sentence-num-in-section":"7","para-num-of-sentences":"3","para-xmlid":"C22.S18.SS2.p1","subsection-title":"Conformal Mapping"},"content-tex":"$z\\to w=\\Jacobiellsnk@{z}{k}$"}}{"expression":{"xml-id":"C22.S18.SS2.p1.m3","tex":"$[-K,K]\\times[0,K^{\\prime}]$","context":{"sentence-num-in-corpus":"12853","subsection-xmlid":"C22.S18.SS2","sentence-xmlid":"C22.S18.SS2.p1.s1","chapter-title":"Jacobian Elliptic Functions","chapter-xmlid":"C22","section-title":"Mathematical Applications","sentence-num-in-chapter":"649","section-xmlid":"C22.S18","sentence-num-in-section":"7","para-num-of-sentences":"3","para-xmlid":"C22.S18.SS2.p1","subsection-title":"Conformal Mapping"}}}{"expression":{"xml-id":"C22.S18.SS2.p1.m4","tex":"$\\Im w\\geq 0$","context":{"sentence-num-in-corpus":"12853","subsection-xmlid":"C22.S18.SS2","sentence-xmlid":"C22.S18.SS2.p1.s1","chapter-title":"Jacobian Elliptic Functions","chapter-xmlid":"C22","section-title":"Mathematical Applications","sentence-num-in-chapter":"649","section-xmlid":"C22.S18","sentence-num-in-section":"7","para-num-of-sentences":"3","para-xmlid":"C22.S18.SS2.p1","subsection-title":"Conformal Mapping"},"content-tex":"$\\imagpart@@{w}\\geq 0$"}}{"expression":{"xml-id":"C22.S18.SS2.p1.m5","tex":"$0,\\pm K,\\pm K+iK^{\\prime},iK^{\\prime}$","context":{"sentence-num-in-corpus":"12853","subsection-xmlid":"C22.S18.SS2","sentence-xmlid":"C22.S18.SS2.p1.s1","chapter-title":"Jacobian Elliptic Functions","chapter-xmlid":"C22","section-title":"Mathematical Applications","sentence-num-in-chapter":"649","section-xmlid":"C22.S18","sentence-num-in-section":"7","para-num-of-sentences":"3","para-xmlid":"C22.S18.SS2.p1","subsection-title":"Conformal Mapping"}}}{"expression":{"xml-id":"C22.S18.SS2.p1.m6","tex":"$0,\\pm 1,\\pm k^{-2},\\infty$","context":{"sentence-num-in-corpus":"12853","subsection-xmlid":"C22.S18.SS2","sentence-xmlid":"C22.S18.SS2.p1.s1","chapter-title":"Jacobian Elliptic Functions","chapter-xmlid":"C22","section-title":"Mathematical Applications","sentence-num-in-chapter":"649","section-xmlid":"C22.S18","sentence-num-in-section":"7","para-num-of-sentences":"3","para-xmlid":"C22.S18.SS2.p1","subsection-title":"Conformal Mapping"}}}{"expression":{"xml-id":"C22.S18.SS2.p1.m7","tex":"$(-K,K)\\times[-K^{\\prime},K^{\\prime}]$","context":{"sentence-num-in-corpus":"12854","subsection-xmlid":"C22.S18.SS2","sentence-xmlid":"C22.S18.SS2.p1.s2","chapter-title":"Jacobian Elliptic Functions","chapter-xmlid":"C22","section-title":"Mathematical Applications","sentence-num-in-chapter":"650","section-xmlid":"C22.S18","sentence-num-in-section":"8","para-num-of-sentences":"3","para-xmlid":"C22.S18.SS2.p1","subsection-title":"Conformal Mapping"}}}{"expression":{"xml-id":"C22.S18.SS2.p1.m8","tex":"$\\mathbb{C}$","context":{"sentence-num-in-corpus":"12854","subsection-xmlid":"C22.S18.SS2","sentence-xmlid":"C22.S18.SS2.p1.s2","chapter-title":"Jacobian Elliptic Functions","chapter-xmlid":"C22","section-title":"Mathematical Applications","sentence-num-in-chapter":"650","section-xmlid":"C22.S18","sentence-num-in-section":"8","para-num-of-sentences":"3","para-xmlid":"C22.S18.SS2.p1","subsection-title":"Conformal Mapping"},"content-tex":"$\\Complexes$"}}{"expression":{"xml-id":"C22.S18.SS2.p1.m9","tex":"$(-\\infty,-1]$","context":{"sentence-num-in-corpus":"12854","subsection-xmlid":"C22.S18.SS2","sentence-xmlid":"C22.S18.SS2.p1.s2","chapter-title":"Jacobian Elliptic Functions","chapter-xmlid":"C22","section-title":"Mathematical Applications","sentence-num-in-chapter":"650","section-xmlid":"C22.S18","sentence-num-in-section":"8","para-num-of-sentences":"3","para-xmlid":"C22.S18.SS2.p1","subsection-title":"Conformal Mapping"}}}{"expression":{"xml-id":"C22.S18.SS2.p1.m10","tex":"$[1,\\infty)$","context":{"sentence-num-in-corpus":"12854","subsection-xmlid":"C22.S18.SS2","sentence-xmlid":"C22.S18.SS2.p1.s2","chapter-title":"Jacobian Elliptic Functions","chapter-xmlid":"C22","section-title":"Mathematical Applications","sentence-num-in-chapter":"650","section-xmlid":"C22.S18","sentence-num-in-section":"8","para-num-of-sentences":"3","para-xmlid":"C22.S18.SS2.p1","subsection-title":"Conformal Mapping"}}}{"expression":{"xml-id":"C22.S18.SS3.p1.m1","tex":"$\\operatorname{sn}$","context":{"sentence-num-in-corpus":"12856","subsection-xmlid":"C22.S18.SS3","sentence-xmlid":"C22.S18.SS3.p1.s1","chapter-title":"Jacobian Elliptic Functions","chapter-xmlid":"C22","section-title":"Mathematical Applications","sentence-num-in-chapter":"652","section-xmlid":"C22.S18","sentence-num-in-section":"10","para-num-of-sentences":"4","para-xmlid":"C22.S18.SS3.p1","subsection-title":"Uniformization and Other Parametrizations"},"content-tex":"$\\Jacobiellsnk$"}}{"expression":{"xml-id":"C22.S18.SS3.p1.m2","tex":"$\\operatorname{cn}$","context":{"sentence-num-in-corpus":"12856","subsection-xmlid":"C22.S18.SS3","sentence-xmlid":"C22.S18.SS3.p1.s1","chapter-title":"Jacobian Elliptic Functions","chapter-xmlid":"C22","section-title":"Mathematical Applications","sentence-num-in-chapter":"652","section-xmlid":"C22.S18","sentence-num-in-section":"10","para-num-of-sentences":"4","para-xmlid":"C22.S18.SS3.p1","subsection-title":"Uniformization and Other Parametrizations"},"content-tex":"$\\Jacobiellcnk$"}}{"equation":{"symbols-used":[{"symbol":{"tex":"$x$","meaning":"real","idref":"C22.S1.p2.t1.r1"}},{"symbol":{"tex":"$y$","meaning":"real","idref":"C22.S1.p2.t1.r1"}},{"symbol":{"tex":"$c$","meaning":"real constant","idref":"C22.S18.SS3.p1"}},{"symbol":{"tex":"$d$","meaning":"real constant","idref":"C22.S18.SS3.p1"}},{"symbol":{"tex":"$e$","meaning":"real constant","idref":"C22.S18.SS3.p1"}},{"symbol":{"tex":"$f$","meaning":"real constant","idref":"C22.S18.SS3.p1"}},{"symbol":{"tex":"$a$","meaning":"real constant","idref":"C22.S18.SS3.p1"}},{"symbol":{"tex":"$b$","meaning":"real constant","idref":"C22.S18.SS3.p1"}}],"xml-id":"C22.S18.E7","tex":"$ax^{2}y^{2}+b(x^{2}y+xy^{2})+c(x^{2}+y^{2})+2dxy+e(x+y)+f=0,$","context":{"sentence-num-in-corpus":"12856","subsection-xmlid":"C22.S18.SS3","sentence-xmlid":"C22.S18.SS3.p1.s1","chapter-title":"Jacobian Elliptic Functions","chapter-xmlid":"C22","section-title":"Mathematical Applications","sentence-num-in-chapter":"652","section-xmlid":"C22.S18","sentence-num-in-section":"10","para-num-of-sentences":"4","para-xmlid":"C22.S18.SS3.p1","subsection-title":"Uniformization and Other Parametrizations"},"permalink":"http:\/\/dlmf.nist.gov\/22.18.E7","equation-number":"22.18.7"}}{"expression":{"xml-id":"C22.S18.XMD8.m1","tex":"$a$","context":{"chapter-title":"Jacobian Elliptic Functions","chapter-xmlid":"C22"}}}{"expression":{"xml-id":"C22.S18.XMD9.m1","tex":"$b$","context":{"chapter-title":"Jacobian Elliptic Functions","chapter-xmlid":"C22"}}}{"expression":{"xml-id":"C22.S18.XMD10.m1","tex":"$c$","context":{"chapter-title":"Jacobian Elliptic Functions","chapter-xmlid":"C22"}}}{"expression":{"xml-id":"C22.S18.XMD11.m1","tex":"$d$","context":{"chapter-title":"Jacobian Elliptic Functions","chapter-xmlid":"C22"}}}{"expression":{"xml-id":"C22.S18.XMD12.m1","tex":"$e$","context":{"chapter-title":"Jacobian Elliptic Functions","chapter-xmlid":"C22"}}}{"expression":{"xml-id":"C22.S18.XMD13.m1","tex":"$f$","context":{"chapter-title":"Jacobian Elliptic Functions","chapter-xmlid":"C22"}}}{"expression":{"xml-id":"C22.S18.SS3.p1.m3","tex":"$a,b,c,d,e,f$","context":{"sentence-num-in-corpus":"12856","subsection-xmlid":"C22.S18.SS3","sentence-xmlid":"C22.S18.SS3.p1.s1","chapter-title":"Jacobian Elliptic Functions","chapter-xmlid":"C22","section-title":"Mathematical Applications","sentence-num-in-chapter":"652","section-xmlid":"C22.S18","sentence-num-in-section":"10","para-num-of-sentences":"4","para-xmlid":"C22.S18.SS3.p1","subsection-title":"Uniformization and Other Parametrizations"}}}{"expression":{"xml-id":"C22.S18.SS3.p1.m4","tex":"$x(y)$","context":{"sentence-num-in-corpus":"12857","subsection-xmlid":"C22.S18.SS3","sentence-xmlid":"C22.S18.SS3.p1.s2","chapter-title":"Jacobian Elliptic Functions","chapter-xmlid":"C22","section-title":"Mathematical Applications","sentence-num-in-chapter":"653","section-xmlid":"C22.S18","sentence-num-in-section":"11","para-num-of-sentences":"4","para-xmlid":"C22.S18.SS3.p1","subsection-title":"Uniformization and Other Parametrizations"}}}{"expression":{"xml-id":"C22.S18.SS3.p1.m5","tex":"$y(x)$","context":{"sentence-num-in-corpus":"12857","subsection-xmlid":"C22.S18.SS3","sentence-xmlid":"C22.S18.SS3.p1.s2","chapter-title":"Jacobian Elliptic Functions","chapter-xmlid":"C22","section-title":"Mathematical Applications","sentence-num-in-chapter":"653","section-xmlid":"C22.S18","sentence-num-in-section":"11","para-num-of-sentences":"4","para-xmlid":"C22.S18.SS3.p1","subsection-title":"Uniformization and Other Parametrizations"}}}{"expression":{"xml-id":"C22.S18.SS4.p1.m1","tex":"$y^{2}=P(x)$","context":{"sentence-num-in-corpus":"12860","subsection-xmlid":"C22.S18.SS4","sentence-xmlid":"C22.S18.SS4.p1.s1","chapter-title":"Jacobian Elliptic Functions","chapter-xmlid":"C22","section-title":"Mathematical Applications","sentence-num-in-chapter":"656","section-xmlid":"C22.S18","sentence-num-in-section":"14","para-num-of-sentences":"7","para-xmlid":"C22.S18.SS4.p1","subsection-title":"Elliptic Curves and the Jacobi\u2013Abel Addition Theorem"}}}{"expression":{"xml-id":"C22.S18.SS4.p1.m2","tex":"$P$","context":{"sentence-num-in-corpus":"12860","subsection-xmlid":"C22.S18.SS4","sentence-xmlid":"C22.S18.SS4.p1.s1","chapter-title":"Jacobian Elliptic Functions","chapter-xmlid":"C22","section-title":"Mathematical Applications","sentence-num-in-chapter":"656","section-xmlid":"C22.S18","sentence-num-in-section":"14","para-num-of-sentences":"7","para-xmlid":"C22.S18.SS4.p1","subsection-title":"Elliptic Curves and the Jacobi\u2013Abel Addition Theorem"}}}{"expression":{"xml-id":"C22.S18.SS4.p1.m3","tex":"$y^{2}=(1-x^{2})(1-k^{2}x^{2})$","context":{"sentence-num-in-corpus":"12861","subsection-xmlid":"C22.S18.SS4","sentence-xmlid":"C22.S18.SS4.p1.s2","chapter-title":"Jacobian Elliptic Functions","chapter-xmlid":"C22","section-title":"Mathematical Applications","sentence-num-in-chapter":"657","section-xmlid":"C22.S18","sentence-num-in-section":"15","para-num-of-sentences":"7","para-xmlid":"C22.S18.SS4.p1","subsection-title":"Elliptic Curves and the Jacobi\u2013Abel Addition Theorem"}}}{"expression":{"xml-id":"C22.S18.SS4.p1.m4","tex":"$(x_{1},y_{1})$","context":{"sentence-num-in-corpus":"12862","subsection-xmlid":"C22.S18.SS4","sentence-xmlid":"C22.S18.SS4.p1.s3","chapter-title":"Jacobian Elliptic Functions","chapter-xmlid":"C22","section-title":"Mathematical Applications","sentence-num-in-chapter":"658","section-xmlid":"C22.S18","sentence-num-in-section":"16","para-num-of-sentences":"7","para-xmlid":"C22.S18.SS4.p1","subsection-title":"Elliptic Curves and the Jacobi\u2013Abel Addition Theorem"}}}{"expression":{"xml-id":"C22.S18.SS4.p1.m5","tex":"$(x_{2},y_{2})$","context":{"sentence-num-in-corpus":"12862","subsection-xmlid":"C22.S18.SS4","sentence-xmlid":"C22.S18.SS4.p1.s3","chapter-title":"Jacobian Elliptic Functions","chapter-xmlid":"C22","section-title":"Mathematical Applications","sentence-num-in-chapter":"658","section-xmlid":"C22.S18","sentence-num-in-section":"16","para-num-of-sentences":"7","para-xmlid":"C22.S18.SS4.p1","subsection-title":"Elliptic Curves and the Jacobi\u2013Abel Addition Theorem"}}}{"expression":{"xml-id":"C22.S18.SS4.p1.m6","tex":"$(x_{3},y_{3})$","context":{"sentence-num-in-corpus":"12862","subsection-xmlid":"C22.S18.SS4","sentence-xmlid":"C22.S18.SS4.p1.s3","chapter-title":"Jacobian Elliptic Functions","chapter-xmlid":"C22","section-title":"Mathematical Applications","sentence-num-in-chapter":"658","section-xmlid":"C22.S18","sentence-num-in-section":"16","para-num-of-sentences":"7","para-xmlid":"C22.S18.SS4.p1","subsection-title":"Elliptic Curves and the Jacobi\u2013Abel Addition Theorem"}}}{"equation":{"symbols-used":[{"symbol":{"tex":"$x$","meaning":"real","idref":"C22.S1.p2.t1.r1"}},{"symbol":{"tex":"$y$","meaning":"real","idref":"C22.S1.p2.t1.r1"}},{"symbol":{"tex":"$k$","meaning":"modulus","idref":"C22.S1.p2.t1.r3"}}],"context":{"sentence-num-in-corpus":"12862","subsection-xmlid":"C22.S18.SS4","sentence-xmlid":"C22.S18.SS4.p1.s3","chapter-title":"Jacobian Elliptic Functions","chapter-xmlid":"C22","section-title":"Mathematical Applications","sentence-num-in-chapter":"658","section-xmlid":"C22.S18","sentence-num-in-section":"16","para-num-of-sentences":"7","para-xmlid":"C22.S18.SS4.p1","subsection-title":"Elliptic Curves and the Jacobi\u2013Abel Addition Theorem"},"permalink":"http:\/\/dlmf.nist.gov\/22.18.E8","equation-number":"22.18.8","subequations":[{"subequation":{"xml-id":"C22.S18.Ex5","tex":"$x_{3}=\\frac{x_{1}y_{2}+x_{2}y_{1}}{1-k^{2}x_{1}^{2}x_{2}^{2}},$","context":{"chapter-title":"Jacobian Elliptic Functions","chapter-xmlid":"C22"}}},{"subequation":{"xml-id":"C22.S18.Ex6","tex":"$y_{3}=\\frac{y_{1}y_{2}+x_{2}(-(1+k^{2})x_{1}+2k^{2}x_{1}^{3})}{1-k^{2}x_{1}^{2 }x_{2}^{2}}+x_{3}\\frac{2k^{2}x_{1}y_{1}x_{2}^{2}}{1-k^{2}x_{1}^{2}x_{2}^{2}},$","context":{"chapter-title":"Jacobian Elliptic Functions","chapter-xmlid":"C22"}}}]}}{"expression":{"xml-id":"C22.S1.XMD1.m1ddec","tex":"$x$","context":{"chapter-title":"Jacobian Elliptic Functions","chapter-xmlid":"C22"}}}{"expression":{"xml-id":"C22.S1.XMD2.m1ddec","tex":"$y$","context":{"chapter-title":"Jacobian Elliptic Functions","chapter-xmlid":"C22"}}}{"expression":{"xml-id":"C22.S1.XMD4.m1bdec","tex":"$k$","context":{"chapter-title":"Jacobian Elliptic Functions","chapter-xmlid":"C22"}}}{"expression":{"xml-id":"C22.S18.SS4.p1.m7","tex":"$x=\\operatorname{sn}\\left(z,k\\right)$","context":{"sentence-num-in-corpus":"12865","subsection-xmlid":"C22.S18.SS4","sentence-xmlid":"C22.S18.SS4.p1.s6","chapter-title":"Jacobian Elliptic Functions","chapter-xmlid":"C22","section-title":"Mathematical Applications","sentence-num-in-chapter":"661","section-xmlid":"C22.S18","sentence-num-in-section":"19","para-num-of-sentences":"7","para-xmlid":"C22.S18.SS4.p1","subsection-title":"Elliptic Curves and the Jacobi\u2013Abel Addition Theorem"},"content-tex":"$x=\\Jacobiellsnk@{z}{k}$"}}{"expression":{"xml-id":"C22.S18.SS4.p1.m8","tex":"$y=\\ifrac{\\mathrm{d}(\\operatorname{sn}\\left(z,k\\right))}{\\mathrm{d}z}$","context":{"sentence-num-in-corpus":"12865","subsection-xmlid":"C22.S18.SS4","sentence-xmlid":"C22.S18.SS4.p1.s6","chapter-title":"Jacobian Elliptic Functions","chapter-xmlid":"C22","section-title":"Mathematical Applications","sentence-num-in-chapter":"661","section-xmlid":"C22.S18","sentence-num-in-section":"19","para-num-of-sentences":"7","para-xmlid":"C22.S18.SS4.p1","subsection-title":"Elliptic Curves and the Jacobi\u2013Abel Addition Theorem"},"content-tex":"$y=\\ideriv{(\\Jacobiellsnk@{z}{k})}{z}$"}}