{"expression":{"context-references":{"sentence-num-in-corpus":"12762","subsection-xmlid":"C22.S14.SS1","sentence-xmlid":"C22.S14.SS1.p1.s1","chapter-title":"Jacobian Elliptic Functions","chapter-xmlid":"C22","section-title":"Integrals","sentence-num-in-chapter":"558","section-xmlid":"C22.S14","sentence-num-in-section":"1","para-num-of-sentences":"3","para-xmlid":"C22.S14.SS1.p1","subsection-title":"Indefinite Integrals of Jacobian Elliptic Functions"},"xml-id":"C22.S14.SS1.p1.m1","tex":"$x\\in\\mathbb{R}$","content-tex":"$x\\in\\Reals$"}}{"equation":{"symbols-used":[{"symbol":{"tex":"$\\operatorname{cn}\\left(\\NVar{z},\\NVar{k}\\right)$","meaning":"Jacobian elliptic function","idref":"C22.S2.E5","content-tex":"$\\Jacobiellcnk@{\\NVar{z}}{\\NVar{k}}$"}},{"symbol":{"tex":"$\\operatorname{dn}\\left(\\NVar{z},\\NVar{k}\\right)$","meaning":"Jacobian elliptic function","idref":"C22.S2.E6","content-tex":"$\\Jacobielldnk@{\\NVar{z}}{\\NVar{k}}$"}},{"symbol":{"tex":"$\\operatorname{sn}\\left(\\NVar{z},\\NVar{k}\\right)$","meaning":"Jacobian elliptic function","idref":"C22.S2.E4","content-tex":"$\\Jacobiellsnk@{\\NVar{z}}{\\NVar{k}}$"}},{"symbol":{"tex":"$\\mathrm{d}\\NVar{x}$","meaning":"differential of $x$","idref":"C1.S4.SS4","content-tex":"$\\diff{\\NVar{x}}$"}},{"symbol":{"tex":"$\\int$","meaning":"integral","idref":"C1.S4.SS4"}},{"symbol":{"tex":"$\\ln\\NVar{z}$","meaning":"principal branch of logarithm function","idref":"C4.S2.E2","content-tex":"$\\ln@@{\\NVar{z}}$"}},{"symbol":{"tex":"$x$","meaning":"real","idref":"C22.S1.p2.t1.r1"}},{"symbol":{"tex":"$k$","meaning":"modulus","idref":"C22.S1.p2.t1.r3"}}],"context-references":{"sentence-num-in-corpus":"12762","subsection-xmlid":"C22.S14.SS1","sentence-xmlid":"C22.S14.SS1.p1.s1","chapter-title":"Jacobian Elliptic Functions","chapter-xmlid":"C22","section-title":"Integrals","sentence-num-in-chapter":"558","section-xmlid":"C22.S14","sentence-num-in-section":"1","para-num-of-sentences":"3","para-xmlid":"C22.S14.SS1.p1","subsection-title":"Indefinite Integrals of Jacobian Elliptic Functions"},"xml-id":"C22.S14.E1","tex":"$\\int\\operatorname{sn}\\left(x,k\\right)\\mathrm{d}x=k^{-1}\\ln\\left(\\operatorname{ dn}\\left(x,k\\right)-k\\operatorname{cn}\\left(x,k\\right)\\right),$","permalink":"http:\/\/dlmf.nist.gov\/22.14.E1","equation-number":"22.14.1","content-tex":"$\\int\\Jacobiellsnk@{x}{k}\\diff{x}=k^{-1}\\ln@{\\Jacobielldnk@{x}{k}-k \\Jacobiellcnk@{x}{k}},$"}}{"equation":{"symbols-used":[{"symbol":{"tex":"$\\operatorname{cn}\\left(\\NVar{z},\\NVar{k}\\right)$","meaning":"Jacobian elliptic function","idref":"C22.S2.E5","content-tex":"$\\Jacobiellcnk@{\\NVar{z}}{\\NVar{k}}$"}},{"symbol":{"tex":"$\\operatorname{dn}\\left(\\NVar{z},\\NVar{k}\\right)$","meaning":"Jacobian elliptic function","idref":"C22.S2.E6","content-tex":"$\\Jacobielldnk@{\\NVar{z}}{\\NVar{k}}$"}},{"symbol":{"tex":"$\\mathrm{d}\\NVar{x}$","meaning":"differential of $x$","idref":"C1.S4.SS4","content-tex":"$\\diff{\\NVar{x}}$"}},{"symbol":{"tex":"$\\int$","meaning":"integral","idref":"C1.S4.SS4"}},{"symbol":{"tex":"$\\operatorname{Arccos}\\NVar{z}$","meaning":"general arccosine function","idref":"C4.S23.E2","content-tex":"$\\Acos@@{\\NVar{z}}$"}},{"symbol":{"tex":"$x$","meaning":"real","idref":"C22.S1.p2.t1.r1"}},{"symbol":{"tex":"$k$","meaning":"modulus","idref":"C22.S1.p2.t1.r3"}}],"context-references":{"sentence-num-in-corpus":"12762","subsection-xmlid":"C22.S14.SS1","sentence-xmlid":"C22.S14.SS1.p1.s1","chapter-title":"Jacobian Elliptic Functions","chapter-xmlid":"C22","section-title":"Integrals","sentence-num-in-chapter":"558","section-xmlid":"C22.S14","sentence-num-in-section":"1","para-num-of-sentences":"3","para-xmlid":"C22.S14.SS1.p1","subsection-title":"Indefinite Integrals of Jacobian Elliptic Functions"},"xml-id":"C22.S14.E2","tex":"$\\int\\operatorname{cn}\\left(x,k\\right)\\mathrm{d}x=k^{-1}\\operatorname{Arccos} \\left(\\operatorname{dn}\\left(x,k\\right)\\right),$","permalink":"http:\/\/dlmf.nist.gov\/22.14.E2","equation-number":"22.14.2","content-tex":"$\\int\\Jacobiellcnk@{x}{k}\\diff{x}=k^{-1}\\Acos@{\\Jacobielldnk@{x}{k}},$"}}{"equation":{"symbols-used":[{"symbol":{"tex":"$\\operatorname{am}\\left(\\NVar{x},\\NVar{k}\\right)$","meaning":"Jacobi\u2019s amplitude function","idref":"C22.S16.E1","content-tex":"$\\Jacobiamk@{\\NVar{x}}{\\NVar{k}}$"}},{"symbol":{"tex":"$\\operatorname{dn}\\left(\\NVar{z},\\NVar{k}\\right)$","meaning":"Jacobian elliptic function","idref":"C22.S2.E6","content-tex":"$\\Jacobielldnk@{\\NVar{z}}{\\NVar{k}}$"}},{"symbol":{"tex":"$\\operatorname{sn}\\left(\\NVar{z},\\NVar{k}\\right)$","meaning":"Jacobian elliptic function","idref":"C22.S2.E4","content-tex":"$\\Jacobiellsnk@{\\NVar{z}}{\\NVar{k}}$"}},{"symbol":{"tex":"$\\mathrm{d}\\NVar{x}$","meaning":"differential of $x$","idref":"C1.S4.SS4","content-tex":"$\\diff{\\NVar{x}}$"}},{"symbol":{"tex":"$\\int$","meaning":"integral","idref":"C1.S4.SS4"}},{"symbol":{"tex":"$\\operatorname{Arcsin}\\NVar{z}$","meaning":"general arcsine function","idref":"C4.S23.E1","content-tex":"$\\Asin@@{\\NVar{z}}$"}},{"symbol":{"tex":"$x$","meaning":"real","idref":"C22.S1.p2.t1.r1"}},{"symbol":{"tex":"$k$","meaning":"modulus","idref":"C22.S1.p2.t1.r3"}}],"context-references":{"sentence-num-in-corpus":"12762","subsection-xmlid":"C22.S14.SS1","sentence-xmlid":"C22.S14.SS1.p1.s1","chapter-title":"Jacobian Elliptic Functions","chapter-xmlid":"C22","section-title":"Integrals","sentence-num-in-chapter":"558","section-xmlid":"C22.S14","sentence-num-in-section":"1","para-num-of-sentences":"3","para-xmlid":"C22.S14.SS1.p1","subsection-title":"Indefinite Integrals of Jacobian Elliptic Functions"},"xml-id":"C22.S14.E3","tex":"$\\int\\operatorname{dn}\\left(x,k\\right)\\mathrm{d}x=\\operatorname{Arcsin}\\left( \\operatorname{sn}\\left(x,k\\right)\\right)=\\operatorname{am}\\left(x,k\\right).$","permalink":"http:\/\/dlmf.nist.gov\/22.14.E3","equation-number":"22.14.3","content-tex":"$\\int\\Jacobielldnk@{x}{k}\\diff{x}=\\Asin@{\\Jacobiellsnk@{x}{k}}=\\Jacobiamk@{x}{k}.$"}}{"expression":{"context-references":{"sentence-num-in-corpus":"12764","subsection-xmlid":"C22.S14.SS1","sentence-xmlid":"C22.S14.SS1.p1.s3","chapter-title":"Jacobian Elliptic Functions","chapter-xmlid":"C22","section-title":"Integrals","sentence-num-in-chapter":"560","section-xmlid":"C22.S14","sentence-num-in-section":"3","para-num-of-sentences":"3","para-xmlid":"C22.S14.SS1.p1","subsection-title":"Indefinite Integrals of Jacobian Elliptic Functions"},"xml-id":"C22.S14.SS1.p1.m2","tex":"$\\operatorname{am}\\left(z,k\\right)$","content-tex":"$\\Jacobiamk@{z}{k}$"}}{"equation":{"symbols-used":[{"symbol":{"tex":"$\\operatorname{cd}\\left(\\NVar{z},\\NVar{k}\\right)$","meaning":"Jacobian elliptic function","idref":"C22.S2.E8","content-tex":"$\\Jacobiellcdk@{\\NVar{z}}{\\NVar{k}}$"}},{"symbol":{"tex":"$\\operatorname{nd}\\left(\\NVar{z},\\NVar{k}\\right)$","meaning":"Jacobian elliptic function","idref":"C22.S2.E6","content-tex":"$\\Jacobiellndk@{\\NVar{z}}{\\NVar{k}}$"}},{"symbol":{"tex":"$\\operatorname{sd}\\left(\\NVar{z},\\NVar{k}\\right)$","meaning":"Jacobian elliptic function","idref":"C22.S2.E7","content-tex":"$\\Jacobiellsdk@{\\NVar{z}}{\\NVar{k}}$"}},{"symbol":{"tex":"$\\mathrm{d}\\NVar{x}$","meaning":"differential of $x$","idref":"C1.S4.SS4","content-tex":"$\\diff{\\NVar{x}}$"}},{"symbol":{"tex":"$\\int$","meaning":"integral","idref":"C1.S4.SS4"}},{"symbol":{"tex":"$\\ln\\NVar{z}$","meaning":"principal branch of logarithm function","idref":"C4.S2.E2","content-tex":"$\\ln@@{\\NVar{z}}$"}},{"symbol":{"tex":"$x$","meaning":"real","idref":"C22.S1.p2.t1.r1"}},{"symbol":{"tex":"$k$","meaning":"modulus","idref":"C22.S1.p2.t1.r3"}}],"context-references":{"sentence-num-in-corpus":"12765","subsection-xmlid":"C22.S14.SS1","sentence-xmlid":"C22.S14.SS1.p3.s1","chapter-title":"Jacobian Elliptic Functions","chapter-xmlid":"C22","section-title":"Integrals","sentence-num-in-chapter":"561","section-xmlid":"C22.S14","sentence-num-in-section":"4","para-num-of-sentences":"2","para-xmlid":"C22.S14.SS1.p3","subsection-title":"Indefinite Integrals of Jacobian Elliptic Functions"},"xml-id":"C22.S14.E4","tex":"$\\int\\operatorname{cd}\\left(x,k\\right)\\mathrm{d}x=k^{-1}\\ln\\left(\\operatorname{ nd}\\left(x,k\\right)+k\\operatorname{sd}\\left(x,k\\right)\\right),$","permalink":"http:\/\/dlmf.nist.gov\/22.14.E4","equation-number":"22.14.4","content-tex":"$\\int\\Jacobiellcdk@{x}{k}\\diff{x}=k^{-1}\\ln@{\\Jacobiellndk@{x}{k}+k \\Jacobiellsdk@{x}{k}},$"}}{"equation":{"symbols-used":[{"symbol":{"tex":"$\\operatorname{cd}\\left(\\NVar{z},\\NVar{k}\\right)$","meaning":"Jacobian elliptic function","idref":"C22.S2.E8","content-tex":"$\\Jacobiellcdk@{\\NVar{z}}{\\NVar{k}}$"}},{"symbol":{"tex":"$\\operatorname{sd}\\left(\\NVar{z},\\NVar{k}\\right)$","meaning":"Jacobian elliptic function","idref":"C22.S2.E7","content-tex":"$\\Jacobiellsdk@{\\NVar{z}}{\\NVar{k}}$"}},{"symbol":{"tex":"$\\mathrm{d}\\NVar{x}$","meaning":"differential of $x$","idref":"C1.S4.SS4","content-tex":"$\\diff{\\NVar{x}}$"}},{"symbol":{"tex":"$\\int$","meaning":"integral","idref":"C1.S4.SS4"}},{"symbol":{"tex":"$\\operatorname{Arcsin}\\NVar{z}$","meaning":"general arcsine function","idref":"C4.S23.E1","content-tex":"$\\Asin@@{\\NVar{z}}$"}},{"symbol":{"tex":"$x$","meaning":"real","idref":"C22.S1.p2.t1.r1"}},{"symbol":{"tex":"$k$","meaning":"modulus","idref":"C22.S1.p2.t1.r3"}},{"symbol":{"tex":"$k^{\\prime}$","meaning":"complementary modulus","idref":"C22.S1.p2.t1.r4"}}],"context-references":{"sentence-num-in-corpus":"12765","subsection-xmlid":"C22.S14.SS1","sentence-xmlid":"C22.S14.SS1.p3.s1","chapter-title":"Jacobian Elliptic Functions","chapter-xmlid":"C22","section-title":"Integrals","sentence-num-in-chapter":"561","section-xmlid":"C22.S14","sentence-num-in-section":"4","para-num-of-sentences":"2","para-xmlid":"C22.S14.SS1.p3","subsection-title":"Indefinite Integrals of Jacobian Elliptic Functions"},"xml-id":"C22.S14.E5","tex":"$\\int\\operatorname{sd}\\left(x,k\\right)\\mathrm{d}x=(kk^{\\prime})^{-1} \\operatorname{Arcsin}\\left(-k\\operatorname{cd}\\left(x,k\\right)\\right),$","permalink":"http:\/\/dlmf.nist.gov\/22.14.E5","equation-number":"22.14.5","content-tex":"$\\int\\Jacobiellsdk@{x}{k}\\diff{x}=(kk^{\\prime})^{-1}\\Asin@{-k\\Jacobiellcdk@{x}{ k}},$"}}{"equation":{"symbols-used":[{"symbol":{"tex":"$\\operatorname{cd}\\left(\\NVar{z},\\NVar{k}\\right)$","meaning":"Jacobian elliptic function","idref":"C22.S2.E8","content-tex":"$\\Jacobiellcdk@{\\NVar{z}}{\\NVar{k}}$"}},{"symbol":{"tex":"$\\operatorname{nd}\\left(\\NVar{z},\\NVar{k}\\right)$","meaning":"Jacobian elliptic function","idref":"C22.S2.E6","content-tex":"$\\Jacobiellndk@{\\NVar{z}}{\\NVar{k}}$"}},{"symbol":{"tex":"$\\mathrm{d}\\NVar{x}$","meaning":"differential of $x$","idref":"C1.S4.SS4","content-tex":"$\\diff{\\NVar{x}}$"}},{"symbol":{"tex":"$\\int$","meaning":"integral","idref":"C1.S4.SS4"}},{"symbol":{"tex":"$\\operatorname{Arccos}\\NVar{z}$","meaning":"general arccosine function","idref":"C4.S23.E2","content-tex":"$\\Acos@@{\\NVar{z}}$"}},{"symbol":{"tex":"$x$","meaning":"real","idref":"C22.S1.p2.t1.r1"}},{"symbol":{"tex":"$k$","meaning":"modulus","idref":"C22.S1.p2.t1.r3"}},{"symbol":{"tex":"$k^{\\prime}$","meaning":"complementary modulus","idref":"C22.S1.p2.t1.r4"}}],"context-references":{"sentence-num-in-corpus":"12765","subsection-xmlid":"C22.S14.SS1","sentence-xmlid":"C22.S14.SS1.p3.s1","chapter-title":"Jacobian Elliptic Functions","chapter-xmlid":"C22","section-title":"Integrals","sentence-num-in-chapter":"561","section-xmlid":"C22.S14","sentence-num-in-section":"4","para-num-of-sentences":"2","para-xmlid":"C22.S14.SS1.p3","subsection-title":"Indefinite Integrals of Jacobian Elliptic Functions"},"xml-id":"C22.S14.E6","tex":"$\\int\\operatorname{nd}\\left(x,k\\right)\\mathrm{d}x={k^{\\prime}}^{-1} \\operatorname{Arccos}\\left(\\operatorname{cd}\\left(x,k\\right)\\right).$","permalink":"http:\/\/dlmf.nist.gov\/22.14.E6","equation-number":"22.14.6","content-tex":"$\\int\\Jacobiellndk@{x}{k}\\diff{x}={k^{\\prime}}^{-1}\\Acos@{\\Jacobiellcdk@{x}{k}}.$"}}{"expression":{"context-references":{"sentence-num-in-corpus":"12767","subsection-xmlid":"C22.S14.SS1","sentence-xmlid":"C22.S14.SS1.p4.s1","chapter-title":"Jacobian Elliptic Functions","chapter-xmlid":"C22","section-title":"Integrals","sentence-num-in-chapter":"563","section-xmlid":"C22.S14","sentence-num-in-section":"6","para-num-of-sentences":"1","para-xmlid":"C22.S14.SS1.p4","subsection-title":"Indefinite Integrals of Jacobian Elliptic Functions"},"xml-id":"C22.S14.SS1.p4.m1","tex":"$-K<x<K$"}}{"equation":{"symbols-used":[{"symbol":{"tex":"$\\operatorname{dc}\\left(\\NVar{z},\\NVar{k}\\right)$","meaning":"Jacobian elliptic function","idref":"C22.S2.E8","content-tex":"$\\Jacobielldck@{\\NVar{z}}{\\NVar{k}}$"}},{"symbol":{"tex":"$\\operatorname{nc}\\left(\\NVar{z},\\NVar{k}\\right)$","meaning":"Jacobian elliptic function","idref":"C22.S2.E5","content-tex":"$\\Jacobiellnck@{\\NVar{z}}{\\NVar{k}}$"}},{"symbol":{"tex":"$\\operatorname{sc}\\left(\\NVar{z},\\NVar{k}\\right)$","meaning":"Jacobian elliptic function","idref":"C22.S2.E9","content-tex":"$\\Jacobiellsck@{\\NVar{z}}{\\NVar{k}}$"}},{"symbol":{"tex":"$\\mathrm{d}\\NVar{x}$","meaning":"differential of $x$","idref":"C1.S4.SS4","content-tex":"$\\diff{\\NVar{x}}$"}},{"symbol":{"tex":"$\\int$","meaning":"integral","idref":"C1.S4.SS4"}},{"symbol":{"tex":"$\\ln\\NVar{z}$","meaning":"principal branch of logarithm function","idref":"C4.S2.E2","content-tex":"$\\ln@@{\\NVar{z}}$"}},{"symbol":{"tex":"$x$","meaning":"real","idref":"C22.S1.p2.t1.r1"}},{"symbol":{"tex":"$k$","meaning":"modulus","idref":"C22.S1.p2.t1.r3"}}],"context-references":{"sentence-num-in-corpus":"12767","subsection-xmlid":"C22.S14.SS1","sentence-xmlid":"C22.S14.SS1.p4.s1","chapter-title":"Jacobian Elliptic Functions","chapter-xmlid":"C22","section-title":"Integrals","sentence-num-in-chapter":"563","section-xmlid":"C22.S14","sentence-num-in-section":"6","para-num-of-sentences":"1","para-xmlid":"C22.S14.SS1.p4","subsection-title":"Indefinite Integrals of Jacobian Elliptic Functions"},"xml-id":"C22.S14.E7","tex":"$\\int\\operatorname{dc}\\left(x,k\\right)\\mathrm{d}x=\\ln\\left(\\operatorname{nc} \\left(x,k\\right)+\\operatorname{sc}\\left(x,k\\right)\\right),$","permalink":"http:\/\/dlmf.nist.gov\/22.14.E7","equation-number":"22.14.7","content-tex":"$\\int\\Jacobielldck@{x}{k}\\diff{x}=\\ln@{\\Jacobiellnck@{x}{k}+\\Jacobiellsck@{x}{k }},$"}}{"equation":{"symbols-used":[{"symbol":{"tex":"$\\operatorname{dc}\\left(\\NVar{z},\\NVar{k}\\right)$","meaning":"Jacobian elliptic function","idref":"C22.S2.E8","content-tex":"$\\Jacobielldck@{\\NVar{z}}{\\NVar{k}}$"}},{"symbol":{"tex":"$\\operatorname{nc}\\left(\\NVar{z},\\NVar{k}\\right)$","meaning":"Jacobian elliptic function","idref":"C22.S2.E5","content-tex":"$\\Jacobiellnck@{\\NVar{z}}{\\NVar{k}}$"}},{"symbol":{"tex":"$\\operatorname{sc}\\left(\\NVar{z},\\NVar{k}\\right)$","meaning":"Jacobian elliptic function","idref":"C22.S2.E9","content-tex":"$\\Jacobiellsck@{\\NVar{z}}{\\NVar{k}}$"}},{"symbol":{"tex":"$\\mathrm{d}\\NVar{x}$","meaning":"differential of $x$","idref":"C1.S4.SS4","content-tex":"$\\diff{\\NVar{x}}$"}},{"symbol":{"tex":"$\\int$","meaning":"integral","idref":"C1.S4.SS4"}},{"symbol":{"tex":"$\\ln\\NVar{z}$","meaning":"principal branch of logarithm function","idref":"C4.S2.E2","content-tex":"$\\ln@@{\\NVar{z}}$"}},{"symbol":{"tex":"$x$","meaning":"real","idref":"C22.S1.p2.t1.r1"}},{"symbol":{"tex":"$k$","meaning":"modulus","idref":"C22.S1.p2.t1.r3"}},{"symbol":{"tex":"$k^{\\prime}$","meaning":"complementary modulus","idref":"C22.S1.p2.t1.r4"}}],"context-references":{"sentence-num-in-corpus":"12767","subsection-xmlid":"C22.S14.SS1","sentence-xmlid":"C22.S14.SS1.p4.s1","chapter-title":"Jacobian Elliptic Functions","chapter-xmlid":"C22","section-title":"Integrals","sentence-num-in-chapter":"563","section-xmlid":"C22.S14","sentence-num-in-section":"6","para-num-of-sentences":"1","para-xmlid":"C22.S14.SS1.p4","subsection-title":"Indefinite Integrals of Jacobian Elliptic Functions"},"xml-id":"C22.S14.E8","tex":"$\\int\\operatorname{nc}\\left(x,k\\right)\\mathrm{d}x={k^{\\prime}}^{-1}\\ln\\left( \\operatorname{dc}\\left(x,k\\right)+k^{\\prime}\\operatorname{sc}\\left(x,k\\right) \\right),$","permalink":"http:\/\/dlmf.nist.gov\/22.14.E8","equation-number":"22.14.8","content-tex":"$\\int\\Jacobiellnck@{x}{k}\\diff{x}={k^{\\prime}}^{-1}\\ln@{\\Jacobielldck@{x}{k}+k^ {\\prime}\\Jacobiellsck@{x}{k}},$"}}{"equation":{"symbols-used":[{"symbol":{"tex":"$\\operatorname{dc}\\left(\\NVar{z},\\NVar{k}\\right)$","meaning":"Jacobian elliptic function","idref":"C22.S2.E8","content-tex":"$\\Jacobielldck@{\\NVar{z}}{\\NVar{k}}$"}},{"symbol":{"tex":"$\\operatorname{nc}\\left(\\NVar{z},\\NVar{k}\\right)$","meaning":"Jacobian elliptic function","idref":"C22.S2.E5","content-tex":"$\\Jacobiellnck@{\\NVar{z}}{\\NVar{k}}$"}},{"symbol":{"tex":"$\\operatorname{sc}\\left(\\NVar{z},\\NVar{k}\\right)$","meaning":"Jacobian elliptic function","idref":"C22.S2.E9","content-tex":"$\\Jacobiellsck@{\\NVar{z}}{\\NVar{k}}$"}},{"symbol":{"tex":"$\\mathrm{d}\\NVar{x}$","meaning":"differential of $x$","idref":"C1.S4.SS4","content-tex":"$\\diff{\\NVar{x}}$"}},{"symbol":{"tex":"$\\int$","meaning":"integral","idref":"C1.S4.SS4"}},{"symbol":{"tex":"$\\ln\\NVar{z}$","meaning":"principal branch of logarithm function","idref":"C4.S2.E2","content-tex":"$\\ln@@{\\NVar{z}}$"}},{"symbol":{"tex":"$x$","meaning":"real","idref":"C22.S1.p2.t1.r1"}},{"symbol":{"tex":"$k$","meaning":"modulus","idref":"C22.S1.p2.t1.r3"}},{"symbol":{"tex":"$k^{\\prime}$","meaning":"complementary modulus","idref":"C22.S1.p2.t1.r4"}}],"context-references":{"sentence-num-in-corpus":"12767","subsection-xmlid":"C22.S14.SS1","sentence-xmlid":"C22.S14.SS1.p4.s1","chapter-title":"Jacobian Elliptic Functions","chapter-xmlid":"C22","section-title":"Integrals","sentence-num-in-chapter":"563","section-xmlid":"C22.S14","sentence-num-in-section":"6","para-num-of-sentences":"1","para-xmlid":"C22.S14.SS1.p4","subsection-title":"Indefinite Integrals of Jacobian Elliptic Functions"},"xml-id":"C22.S14.E9","tex":"$\\int\\operatorname{sc}\\left(x,k\\right)\\mathrm{d}x={k^{\\prime}}^{-1}\\ln\\left( \\operatorname{dc}\\left(x,k\\right)+k^{\\prime}\\operatorname{nc}\\left(x,k\\right) \\right).$","permalink":"http:\/\/dlmf.nist.gov\/22.14.E9","equation-number":"22.14.9","content-tex":"$\\int\\Jacobiellsck@{x}{k}\\diff{x}={k^{\\prime}}^{-1}\\ln@{\\Jacobielldck@{x}{k}+k^ {\\prime}\\Jacobiellnck@{x}{k}}.$"}}{"expression":{"context-references":{"sentence-num-in-corpus":"12768","subsection-xmlid":"C22.S14.SS1","sentence-xmlid":"C22.S14.SS1.p5.s1","chapter-title":"Jacobian Elliptic Functions","chapter-xmlid":"C22","section-title":"Integrals","sentence-num-in-chapter":"564","section-xmlid":"C22.S14","sentence-num-in-section":"7","para-num-of-sentences":"1","para-xmlid":"C22.S14.SS1.p5","subsection-title":"Indefinite Integrals of Jacobian Elliptic Functions"},"xml-id":"C22.S14.SS1.p5.m1","tex":"$0<x<2K$"}}{"equation":{"symbols-used":[{"symbol":{"tex":"$\\operatorname{cs}\\left(\\NVar{z},\\NVar{k}\\right)$","meaning":"Jacobian elliptic function","idref":"C22.S2.E9","content-tex":"$\\Jacobiellcsk@{\\NVar{z}}{\\NVar{k}}$"}},{"symbol":{"tex":"$\\operatorname{ds}\\left(\\NVar{z},\\NVar{k}\\right)$","meaning":"Jacobian elliptic function","idref":"C22.S2.E7","content-tex":"$\\Jacobielldsk@{\\NVar{z}}{\\NVar{k}}$"}},{"symbol":{"tex":"$\\operatorname{ns}\\left(\\NVar{z},\\NVar{k}\\right)$","meaning":"Jacobian elliptic function","idref":"C22.S2.E4","content-tex":"$\\Jacobiellnsk@{\\NVar{z}}{\\NVar{k}}$"}},{"symbol":{"tex":"$\\mathrm{d}\\NVar{x}$","meaning":"differential of $x$","idref":"C1.S4.SS4","content-tex":"$\\diff{\\NVar{x}}$"}},{"symbol":{"tex":"$\\int$","meaning":"integral","idref":"C1.S4.SS4"}},{"symbol":{"tex":"$\\ln\\NVar{z}$","meaning":"principal branch of logarithm function","idref":"C4.S2.E2","content-tex":"$\\ln@@{\\NVar{z}}$"}},{"symbol":{"tex":"$x$","meaning":"real","idref":"C22.S1.p2.t1.r1"}},{"symbol":{"tex":"$k$","meaning":"modulus","idref":"C22.S1.p2.t1.r3"}}],"context-references":{"sentence-num-in-corpus":"12769","subsection-xmlid":"C22.S14.SS1","sentence-xmlid":"C22.S14.SS1.p6.s1","chapter-title":"Jacobian Elliptic Functions","chapter-xmlid":"C22","section-title":"Integrals","sentence-num-in-chapter":"565","section-xmlid":"C22.S14","sentence-num-in-section":"8","para-num-of-sentences":"1","para-xmlid":"C22.S14.SS1.p6","subsection-title":"Indefinite Integrals of Jacobian Elliptic Functions"},"xml-id":"C22.S14.E10","tex":"$\\int\\operatorname{ns}\\left(x,k\\right)\\mathrm{d}x=\\ln\\left(\\operatorname{ds} \\left(x,k\\right)-\\operatorname{cs}\\left(x,k\\right)\\right),$","permalink":"http:\/\/dlmf.nist.gov\/22.14.E10","equation-number":"22.14.10","content-tex":"$\\int\\Jacobiellnsk@{x}{k}\\diff{x}=\\ln@{\\Jacobielldsk@{x}{k}-\\Jacobiellcsk@{x}{k }},$"}}{"equation":{"symbols-used":[{"symbol":{"tex":"$\\operatorname{cs}\\left(\\NVar{z},\\NVar{k}\\right)$","meaning":"Jacobian elliptic function","idref":"C22.S2.E9","content-tex":"$\\Jacobiellcsk@{\\NVar{z}}{\\NVar{k}}$"}},{"symbol":{"tex":"$\\operatorname{ds}\\left(\\NVar{z},\\NVar{k}\\right)$","meaning":"Jacobian elliptic function","idref":"C22.S2.E7","content-tex":"$\\Jacobielldsk@{\\NVar{z}}{\\NVar{k}}$"}},{"symbol":{"tex":"$\\operatorname{ns}\\left(\\NVar{z},\\NVar{k}\\right)$","meaning":"Jacobian elliptic function","idref":"C22.S2.E4","content-tex":"$\\Jacobiellnsk@{\\NVar{z}}{\\NVar{k}}$"}},{"symbol":{"tex":"$\\mathrm{d}\\NVar{x}$","meaning":"differential of $x$","idref":"C1.S4.SS4","content-tex":"$\\diff{\\NVar{x}}$"}},{"symbol":{"tex":"$\\int$","meaning":"integral","idref":"C1.S4.SS4"}},{"symbol":{"tex":"$\\ln\\NVar{z}$","meaning":"principal branch of logarithm function","idref":"C4.S2.E2","content-tex":"$\\ln@@{\\NVar{z}}$"}},{"symbol":{"tex":"$x$","meaning":"real","idref":"C22.S1.p2.t1.r1"}},{"symbol":{"tex":"$k$","meaning":"modulus","idref":"C22.S1.p2.t1.r3"}}],"context-references":{"sentence-num-in-corpus":"12769","subsection-xmlid":"C22.S14.SS1","sentence-xmlid":"C22.S14.SS1.p6.s1","chapter-title":"Jacobian Elliptic Functions","chapter-xmlid":"C22","section-title":"Integrals","sentence-num-in-chapter":"565","section-xmlid":"C22.S14","sentence-num-in-section":"8","para-num-of-sentences":"1","para-xmlid":"C22.S14.SS1.p6","subsection-title":"Indefinite Integrals of Jacobian Elliptic Functions"},"xml-id":"C22.S14.E11","tex":"$\\int\\operatorname{ds}\\left(x,k\\right)\\mathrm{d}x=\\ln\\left(\\operatorname{ns} \\left(x,k\\right)-\\operatorname{cs}\\left(x,k\\right)\\right),$","permalink":"http:\/\/dlmf.nist.gov\/22.14.E11","equation-number":"22.14.11","content-tex":"$\\int\\Jacobielldsk@{x}{k}\\diff{x}=\\ln@{\\Jacobiellnsk@{x}{k}-\\Jacobiellcsk@{x}{k }},$"}}{"equation":{"symbols-used":[{"symbol":{"tex":"$\\operatorname{cs}\\left(\\NVar{z},\\NVar{k}\\right)$","meaning":"Jacobian elliptic function","idref":"C22.S2.E9","content-tex":"$\\Jacobiellcsk@{\\NVar{z}}{\\NVar{k}}$"}},{"symbol":{"tex":"$\\operatorname{ds}\\left(\\NVar{z},\\NVar{k}\\right)$","meaning":"Jacobian elliptic function","idref":"C22.S2.E7","content-tex":"$\\Jacobielldsk@{\\NVar{z}}{\\NVar{k}}$"}},{"symbol":{"tex":"$\\operatorname{ns}\\left(\\NVar{z},\\NVar{k}\\right)$","meaning":"Jacobian elliptic function","idref":"C22.S2.E4","content-tex":"$\\Jacobiellnsk@{\\NVar{z}}{\\NVar{k}}$"}},{"symbol":{"tex":"$\\mathrm{d}\\NVar{x}$","meaning":"differential of $x$","idref":"C1.S4.SS4","content-tex":"$\\diff{\\NVar{x}}$"}},{"symbol":{"tex":"$\\int$","meaning":"integral","idref":"C1.S4.SS4"}},{"symbol":{"tex":"$\\ln\\NVar{z}$","meaning":"principal branch of logarithm function","idref":"C4.S2.E2","content-tex":"$\\ln@@{\\NVar{z}}$"}},{"symbol":{"tex":"$x$","meaning":"real","idref":"C22.S1.p2.t1.r1"}},{"symbol":{"tex":"$k$","meaning":"modulus","idref":"C22.S1.p2.t1.r3"}}],"context-references":{"sentence-num-in-corpus":"12769","subsection-xmlid":"C22.S14.SS1","sentence-xmlid":"C22.S14.SS1.p6.s1","chapter-title":"Jacobian Elliptic Functions","chapter-xmlid":"C22","section-title":"Integrals","sentence-num-in-chapter":"565","section-xmlid":"C22.S14","sentence-num-in-section":"8","para-num-of-sentences":"1","para-xmlid":"C22.S14.SS1.p6","subsection-title":"Indefinite Integrals of Jacobian Elliptic Functions"},"xml-id":"C22.S14.E12","tex":"$\\int\\operatorname{cs}\\left(x,k\\right)\\mathrm{d}x=\\ln\\left(\\operatorname{ns} \\left(x,k\\right)-\\operatorname{ds}\\left(x,k\\right)\\right).$","permalink":"http:\/\/dlmf.nist.gov\/22.14.E12","equation-number":"22.14.12","content-tex":"$\\int\\Jacobiellcsk@{x}{k}\\diff{x}=\\ln@{\\Jacobiellnsk@{x}{k}-\\Jacobielldsk@{x}{k }}.$"}}{"expression":{"context-references":{"sentence-num-in-corpus":"12778","subsection-xmlid":"C22.S14.SS3","sentence-xmlid":"C22.S14.SS3.p1.s2","chapter-title":"Jacobian Elliptic Functions","chapter-xmlid":"C22","section-title":"Integrals","sentence-num-in-chapter":"574","section-xmlid":"C22.S14","sentence-num-in-section":"17","para-num-of-sentences":"4","para-xmlid":"C22.S14.SS3.p1","subsection-title":"Other Indefinite Integrals"},"xml-id":"C22.S14.SS3.p1.m1","tex":"$0<x<2K$"}}{"equation":{"symbols-used":[{"symbol":{"tex":"$\\operatorname{cn}\\left(\\NVar{z},\\NVar{k}\\right)$","meaning":"Jacobian elliptic function","idref":"C22.S2.E5","content-tex":"$\\Jacobiellcnk@{\\NVar{z}}{\\NVar{k}}$"}},{"symbol":{"tex":"$\\operatorname{dn}\\left(\\NVar{z},\\NVar{k}\\right)$","meaning":"Jacobian elliptic function","idref":"C22.S2.E6","content-tex":"$\\Jacobielldnk@{\\NVar{z}}{\\NVar{k}}$"}},{"symbol":{"tex":"$\\operatorname{sn}\\left(\\NVar{z},\\NVar{k}\\right)$","meaning":"Jacobian elliptic function","idref":"C22.S2.E4","content-tex":"$\\Jacobiellsnk@{\\NVar{z}}{\\NVar{k}}$"}},{"symbol":{"tex":"$\\mathrm{d}\\NVar{x}$","meaning":"differential of $x$","idref":"C1.S4.SS4","content-tex":"$\\diff{\\NVar{x}}$"}},{"symbol":{"tex":"$\\int$","meaning":"integral","idref":"C1.S4.SS4"}},{"symbol":{"tex":"$\\ln\\NVar{z}$","meaning":"principal branch of logarithm function","idref":"C4.S2.E2","content-tex":"$\\ln@@{\\NVar{z}}$"}},{"symbol":{"tex":"$x$","meaning":"real","idref":"C22.S1.p2.t1.r1"}},{"symbol":{"tex":"$k$","meaning":"modulus","idref":"C22.S1.p2.t1.r3"}}],"context-references":{"sentence-num-in-corpus":"12779","subsection-xmlid":"C22.S14.SS3","sentence-xmlid":"C22.S14.SS3.p1.s3","chapter-title":"Jacobian Elliptic Functions","chapter-xmlid":"C22","section-title":"Integrals","sentence-num-in-chapter":"575","section-xmlid":"C22.S14","sentence-num-in-section":"18","para-num-of-sentences":"4","para-xmlid":"C22.S14.SS3.p1","subsection-title":"Other Indefinite Integrals"},"xml-id":"C22.S14.E13","tex":"$\\int\\frac{\\mathrm{d}x}{\\operatorname{sn}\\left(x,k\\right)}=\\ln\\left(\\frac{ \\operatorname{sn}\\left(x,k\\right)}{\\operatorname{cn}\\left(x,k\\right)+ \\operatorname{dn}\\left(x,k\\right)}\\right),$","permalink":"http:\/\/dlmf.nist.gov\/22.14.E13","equation-number":"22.14.13","content-tex":"$\\int\\frac{\\diff{x}}{\\Jacobiellsnk@{x}{k}}=\\ln@{\\frac{\\Jacobiellsnk@{x}{k}}{ \\Jacobiellcnk@{x}{k}+\\Jacobielldnk@{x}{k}}},$"}}{"equation":{"symbols-used":[{"symbol":{"tex":"$\\operatorname{cn}\\left(\\NVar{z},\\NVar{k}\\right)$","meaning":"Jacobian elliptic function","idref":"C22.S2.E5","content-tex":"$\\Jacobiellcnk@{\\NVar{z}}{\\NVar{k}}$"}},{"symbol":{"tex":"$\\operatorname{dn}\\left(\\NVar{z},\\NVar{k}\\right)$","meaning":"Jacobian elliptic function","idref":"C22.S2.E6","content-tex":"$\\Jacobielldnk@{\\NVar{z}}{\\NVar{k}}$"}},{"symbol":{"tex":"$\\operatorname{sn}\\left(\\NVar{z},\\NVar{k}\\right)$","meaning":"Jacobian elliptic function","idref":"C22.S2.E4","content-tex":"$\\Jacobiellsnk@{\\NVar{z}}{\\NVar{k}}$"}},{"symbol":{"tex":"$\\mathrm{d}\\NVar{x}$","meaning":"differential of $x$","idref":"C1.S4.SS4","content-tex":"$\\diff{\\NVar{x}}$"}},{"symbol":{"tex":"$\\int$","meaning":"integral","idref":"C1.S4.SS4"}},{"symbol":{"tex":"$\\ln\\NVar{z}$","meaning":"principal branch of logarithm function","idref":"C4.S2.E2","content-tex":"$\\ln@@{\\NVar{z}}$"}},{"symbol":{"tex":"$x$","meaning":"real","idref":"C22.S1.p2.t1.r1"}},{"symbol":{"tex":"$k$","meaning":"modulus","idref":"C22.S1.p2.t1.r3"}}],"context-references":{"sentence-num-in-corpus":"12779","subsection-xmlid":"C22.S14.SS3","sentence-xmlid":"C22.S14.SS3.p1.s3","chapter-title":"Jacobian Elliptic Functions","chapter-xmlid":"C22","section-title":"Integrals","sentence-num-in-chapter":"575","section-xmlid":"C22.S14","sentence-num-in-section":"18","para-num-of-sentences":"4","para-xmlid":"C22.S14.SS3.p1","subsection-title":"Other Indefinite Integrals"},"xml-id":"C22.S14.E14","tex":"$\\int\\frac{\\operatorname{cn}\\left(x,k\\right)\\mathrm{d}x}{\\operatorname{sn}\\left (x,k\\right)}=\\frac{1}{2}\\ln\\left(\\frac{1-\\operatorname{dn}\\left(x,k\\right)}{1+ \\operatorname{dn}\\left(x,k\\right)}\\right),$","permalink":"http:\/\/dlmf.nist.gov\/22.14.E14","equation-number":"22.14.14","content-tex":"$\\int\\frac{\\Jacobiellcnk@{x}{k}\\diff{x}}{\\Jacobiellsnk@{x}{k}}=\\frac{1}{2}\\ln@{ \\frac{1-\\Jacobielldnk@{x}{k}}{1+\\Jacobielldnk@{x}{k}}},$"}}{"equation":{"symbols-used":[{"symbol":{"tex":"$\\operatorname{cn}\\left(\\NVar{z},\\NVar{k}\\right)$","meaning":"Jacobian elliptic function","idref":"C22.S2.E5","content-tex":"$\\Jacobiellcnk@{\\NVar{z}}{\\NVar{k}}$"}},{"symbol":{"tex":"$\\operatorname{dn}\\left(\\NVar{z},\\NVar{k}\\right)$","meaning":"Jacobian elliptic function","idref":"C22.S2.E6","content-tex":"$\\Jacobielldnk@{\\NVar{z}}{\\NVar{k}}$"}},{"symbol":{"tex":"$\\operatorname{sn}\\left(\\NVar{z},\\NVar{k}\\right)$","meaning":"Jacobian elliptic function","idref":"C22.S2.E4","content-tex":"$\\Jacobiellsnk@{\\NVar{z}}{\\NVar{k}}$"}},{"symbol":{"tex":"$\\mathrm{d}\\NVar{x}$","meaning":"differential of $x$","idref":"C1.S4.SS4","content-tex":"$\\diff{\\NVar{x}}$"}},{"symbol":{"tex":"$\\int$","meaning":"integral","idref":"C1.S4.SS4"}},{"symbol":{"tex":"$x$","meaning":"real","idref":"C22.S1.p2.t1.r1"}},{"symbol":{"tex":"$k$","meaning":"modulus","idref":"C22.S1.p2.t1.r3"}}],"context-references":{"sentence-num-in-corpus":"12779","subsection-xmlid":"C22.S14.SS3","sentence-xmlid":"C22.S14.SS3.p1.s3","chapter-title":"Jacobian Elliptic Functions","chapter-xmlid":"C22","section-title":"Integrals","sentence-num-in-chapter":"575","section-xmlid":"C22.S14","sentence-num-in-section":"18","para-num-of-sentences":"4","para-xmlid":"C22.S14.SS3.p1","subsection-title":"Other Indefinite Integrals"},"xml-id":"C22.S14.E15","tex":"$\\int\\frac{\\operatorname{cn}\\left(x,k\\right)\\mathrm{d}x}{{\\operatorname{sn}^{2} }\\left(x,k\\right)}=-\\frac{\\operatorname{dn}\\left(x,k\\right)}{\\operatorname{sn} \\left(x,k\\right)}.$","permalink":"http:\/\/dlmf.nist.gov\/22.14.E15","equation-number":"22.14.15","content-tex":"$\\int\\frac{\\Jacobiellcnk@{x}{k}\\diff{x}}{\\Jacobiellsnk^{2}@{x}{k}}=-\\frac{ \\Jacobielldnk@{x}{k}}{\\Jacobiellsnk@{x}{k}}.$"}}{"equation":{"symbols-used":[{"symbol":{"tex":"$\\operatorname{sn}\\left(\\NVar{z},\\NVar{k}\\right)$","meaning":"Jacobian elliptic function","idref":"C22.S2.E4","content-tex":"$\\Jacobiellsnk@{\\NVar{z}}{\\NVar{k}}$"}},{"symbol":{"tex":"${K^{\\prime}}\\left(\\NVar{k}\\right)$","meaning":"Legendre\u2019s complementary complete elliptic integral of the first kind","idref":"C19.S2.E9","content-tex":"$\\ccompellintKk@{\\NVar{k}}$"}},{"symbol":{"tex":"$K\\left(\\NVar{k}\\right)$","meaning":"Legendre\u2019s complete elliptic integral of the first kind","idref":"C19.S2.E8","content-tex":"$\\compellintKk@{\\NVar{k}}$"}},{"symbol":{"tex":"$\\mathrm{d}\\NVar{x}$","meaning":"differential of $x$","idref":"C1.S4.SS4","content-tex":"$\\diff{\\NVar{x}}$"}},{"symbol":{"tex":"$\\int$","meaning":"integral","idref":"C1.S4.SS4"}},{"symbol":{"tex":"$\\ln\\NVar{z}$","meaning":"principal branch of logarithm function","idref":"C4.S2.E2","content-tex":"$\\ln@@{\\NVar{z}}$"}},{"symbol":{"tex":"$k$","meaning":"modulus","idref":"C22.S1.p2.t1.r3"}}],"context-references":{"sentence-num-in-corpus":"12781","subsection-xmlid":"C22.S14.SS4","sentence-xmlid":"C22.S14.SS4.p1.s1","chapter-title":"Jacobian Elliptic Functions","chapter-xmlid":"C22","section-title":"Integrals","sentence-num-in-chapter":"577","section-xmlid":"C22.S14","sentence-num-in-section":"20","para-num-of-sentences":"1","para-xmlid":"C22.S14.SS4.p1","subsection-title":"Definite Integrals"},"xml-id":"C22.S14.E16","tex":"$\\int_{0}^{K\\left(k\\right)}\\ln\\left(\\operatorname{sn}\\left(t,k\\right)\\right) \\mathrm{d}t=-\\tfrac{1}{4}{K^{\\prime}}\\left(k\\right)-\\tfrac{1}{2}K\\left(k\\right )\\ln k,$","permalink":"http:\/\/dlmf.nist.gov\/22.14.E16","equation-number":"22.14.16","content-tex":"$\\int_{0}^{\\compellintKk@{k}}\\ln@{\\Jacobiellsnk@{t}{k}}\\diff{t}=-\\tfrac{1}{4} \\ccompellintKk@{k}-\\tfrac{1}{2}\\compellintKk@{k}\\ln@@{k},$"}}{"equation":{"symbols-used":[{"symbol":{"tex":"$\\operatorname{cn}\\left(\\NVar{z},\\NVar{k}\\right)$","meaning":"Jacobian elliptic function","idref":"C22.S2.E5","content-tex":"$\\Jacobiellcnk@{\\NVar{z}}{\\NVar{k}}$"}},{"symbol":{"tex":"${K^{\\prime}}\\left(\\NVar{k}\\right)$","meaning":"Legendre\u2019s complementary complete elliptic integral of the first kind","idref":"C19.S2.E9","content-tex":"$\\ccompellintKk@{\\NVar{k}}$"}},{"symbol":{"tex":"$K\\left(\\NVar{k}\\right)$","meaning":"Legendre\u2019s complete elliptic integral of the first kind","idref":"C19.S2.E8","content-tex":"$\\compellintKk@{\\NVar{k}}$"}},{"symbol":{"tex":"$\\mathrm{d}\\NVar{x}$","meaning":"differential of $x$","idref":"C1.S4.SS4","content-tex":"$\\diff{\\NVar{x}}$"}},{"symbol":{"tex":"$\\int$","meaning":"integral","idref":"C1.S4.SS4"}},{"symbol":{"tex":"$\\ln\\NVar{z}$","meaning":"principal branch of logarithm function","idref":"C4.S2.E2","content-tex":"$\\ln@@{\\NVar{z}}$"}},{"symbol":{"tex":"$k$","meaning":"modulus","idref":"C22.S1.p2.t1.r3"}},{"symbol":{"tex":"$k^{\\prime}$","meaning":"complementary modulus","idref":"C22.S1.p2.t1.r4"}}],"context-references":{"sentence-num-in-corpus":"12781","subsection-xmlid":"C22.S14.SS4","sentence-xmlid":"C22.S14.SS4.p1.s1","chapter-title":"Jacobian Elliptic Functions","chapter-xmlid":"C22","section-title":"Integrals","sentence-num-in-chapter":"577","section-xmlid":"C22.S14","sentence-num-in-section":"20","para-num-of-sentences":"1","para-xmlid":"C22.S14.SS4.p1","subsection-title":"Definite Integrals"},"xml-id":"C22.S14.E17","tex":"$\\int_{0}^{K\\left(k\\right)}\\ln\\left(\\operatorname{cn}\\left(t,k\\right)\\right) \\mathrm{d}t=-\\tfrac{1}{4}{K^{\\prime}}\\left(k\\right)+\\tfrac{1}{2}K\\left(k\\right )\\ln\\left(k^{\\prime}\/k\\right),$","permalink":"http:\/\/dlmf.nist.gov\/22.14.E17","equation-number":"22.14.17","content-tex":"$\\int_{0}^{\\compellintKk@{k}}\\ln@{\\Jacobiellcnk@{t}{k}}\\diff{t}=-\\tfrac{1}{4} \\ccompellintKk@{k}+\\tfrac{1}{2}\\compellintKk@{k}\\ln@{k^{\\prime}\/k},$"}}{"equation":{"symbols-used":[{"symbol":{"tex":"$\\operatorname{dn}\\left(\\NVar{z},\\NVar{k}\\right)$","meaning":"Jacobian elliptic function","idref":"C22.S2.E6","content-tex":"$\\Jacobielldnk@{\\NVar{z}}{\\NVar{k}}$"}},{"symbol":{"tex":"$K\\left(\\NVar{k}\\right)$","meaning":"Legendre\u2019s complete elliptic integral of the first kind","idref":"C19.S2.E8","content-tex":"$\\compellintKk@{\\NVar{k}}$"}},{"symbol":{"tex":"$\\mathrm{d}\\NVar{x}$","meaning":"differential of $x$","idref":"C1.S4.SS4","content-tex":"$\\diff{\\NVar{x}}$"}},{"symbol":{"tex":"$\\int$","meaning":"integral","idref":"C1.S4.SS4"}},{"symbol":{"tex":"$\\ln\\NVar{z}$","meaning":"principal branch of logarithm function","idref":"C4.S2.E2","content-tex":"$\\ln@@{\\NVar{z}}$"}},{"symbol":{"tex":"$k$","meaning":"modulus","idref":"C22.S1.p2.t1.r3"}},{"symbol":{"tex":"$k^{\\prime}$","meaning":"complementary modulus","idref":"C22.S1.p2.t1.r4"}}],"context-references":{"sentence-num-in-corpus":"12781","subsection-xmlid":"C22.S14.SS4","sentence-xmlid":"C22.S14.SS4.p1.s1","chapter-title":"Jacobian Elliptic Functions","chapter-xmlid":"C22","section-title":"Integrals","sentence-num-in-chapter":"577","section-xmlid":"C22.S14","sentence-num-in-section":"20","para-num-of-sentences":"1","para-xmlid":"C22.S14.SS4.p1","subsection-title":"Definite Integrals"},"xml-id":"C22.S14.E18","tex":"$\\int_{0}^{K\\left(k\\right)}\\ln\\left(\\operatorname{dn}\\left(t,k\\right)\\right) \\mathrm{d}t=\\tfrac{1}{2}K\\left(k\\right)\\ln k^{\\prime}.$","permalink":"http:\/\/dlmf.nist.gov\/22.14.E18","equation-number":"22.14.18","content-tex":"$\\int_{0}^{\\compellintKk@{k}}\\ln@{\\Jacobielldnk@{t}{k}}\\diff{t}=\\tfrac{1}{2} \\compellintKk@{k}\\ln@@{k^{\\prime}}.$"}}