{"expression":{"context-references":{"chapter-title":"Jacobian Elliptic Functions","chapter-xmlid":"C22"},"xml-id":"C22.S21.info.m1","tex":"$\\operatorname{am}$","content-tex":"$\\Jacobiamk$"}}{"expression":{"context-references":{"chapter-title":"Jacobian Elliptic Functions","chapter-xmlid":"C22"},"xml-id":"C22.S21.m1","tex":"$\\operatorname{am}$","content-tex":"$\\Jacobiamk$"}}{"expression":{"context-references":{"sentence-num-in-corpus":"12942","sentence-xmlid":"C22.S21.p1.s1","chapter-title":"Jacobian Elliptic Functions","chapter-xmlid":"C22","section-title":"Tables","sentence-num-in-chapter":"738","section-xmlid":"C22.S21","sentence-num-in-section":"1","para-num-of-sentences":"1","para-xmlid":"C22.S21.p1"},"xml-id":"C22.S21.p1.m1","tex":"$\\operatorname{sn}\\left(Kx,k\\right)$","content-tex":"$\\Jacobiellsnk@{Kx}{k}$"}}{"expression":{"context-references":{"sentence-num-in-corpus":"12942","sentence-xmlid":"C22.S21.p1.s1","chapter-title":"Jacobian Elliptic Functions","chapter-xmlid":"C22","section-title":"Tables","sentence-num-in-chapter":"738","section-xmlid":"C22.S21","sentence-num-in-section":"1","para-num-of-sentences":"1","para-xmlid":"C22.S21.p1"},"xml-id":"C22.S21.p1.m2","tex":"$\\operatorname{cn}\\left(Kx,k\\right)$","content-tex":"$\\Jacobiellcnk@{Kx}{k}$"}}{"expression":{"context-references":{"sentence-num-in-corpus":"12942","sentence-xmlid":"C22.S21.p1.s1","chapter-title":"Jacobian Elliptic Functions","chapter-xmlid":"C22","section-title":"Tables","sentence-num-in-chapter":"738","section-xmlid":"C22.S21","sentence-num-in-section":"1","para-num-of-sentences":"1","para-xmlid":"C22.S21.p1"},"xml-id":"C22.S21.p1.m3","tex":"$\\operatorname{dn}\\left(Kx,k\\right)$","content-tex":"$\\Jacobielldnk@{Kx}{k}$"}}{"expression":{"context-references":{"sentence-num-in-corpus":"12942","sentence-xmlid":"C22.S21.p1.s1","chapter-title":"Jacobian Elliptic Functions","chapter-xmlid":"C22","section-title":"Tables","sentence-num-in-chapter":"738","section-xmlid":"C22.S21","sentence-num-in-section":"1","para-num-of-sentences":"1","para-xmlid":"C22.S21.p1"},"xml-id":"C22.S21.p1.m4","tex":"$\\operatorname{am}\\left(Kx,k\\right)$","content-tex":"$\\Jacobiamk@{Kx}{k}$"}}{"expression":{"context-references":{"sentence-num-in-corpus":"12942","sentence-xmlid":"C22.S21.p1.s1","chapter-title":"Jacobian Elliptic Functions","chapter-xmlid":"C22","section-title":"Tables","sentence-num-in-chapter":"738","section-xmlid":"C22.S21","sentence-num-in-section":"1","para-num-of-sentences":"1","para-xmlid":"C22.S21.p1"},"xml-id":"C22.S21.p1.m5","tex":"$\\mathcal{E}\\left(Kx,k\\right)$","content-tex":"$\\JacobiEpsilonk@{Kx}{k}$"}}{"expression":{"context-references":{"sentence-num-in-corpus":"12942","sentence-xmlid":"C22.S21.p1.s1","chapter-title":"Jacobian Elliptic Functions","chapter-xmlid":"C22","section-title":"Tables","sentence-num-in-chapter":"738","section-xmlid":"C22.S21","sentence-num-in-section":"1","para-num-of-sentences":"1","para-xmlid":"C22.S21.p1"},"xml-id":"C22.S21.p1.m6","tex":"$\\operatorname{arcsin}k=1^{\\circ}(1^{\\circ})89^{\\circ}$","content-tex":"$\\asin@@{k}=1^{\\circ}(1^{\\circ})89^{\\circ}$"}}{"expression":{"context-references":{"sentence-num-in-corpus":"12942","sentence-xmlid":"C22.S21.p1.s1","chapter-title":"Jacobian Elliptic Functions","chapter-xmlid":"C22","section-title":"Tables","sentence-num-in-chapter":"738","section-xmlid":"C22.S21","sentence-num-in-section":"1","para-num-of-sentences":"1","para-xmlid":"C22.S21.p1"},"xml-id":"C22.S21.p1.m7","tex":"$x=0\\left(\\tfrac{1}{90}\\right)1$"}}{"expression":{"context-references":{"sentence-num-in-corpus":"12942","sentence-xmlid":"C22.S21.p1.s1","chapter-title":"Jacobian Elliptic Functions","chapter-xmlid":"C22","section-title":"Tables","sentence-num-in-chapter":"738","section-xmlid":"C22.S21","sentence-num-in-section":"1","para-num-of-sentences":"1","para-xmlid":"C22.S21.p1"},"xml-id":"C22.S21.p1.m8","tex":"$\\operatorname{am}\\left(Kx,k\\right)$","content-tex":"$\\Jacobiamk@{Kx}{k}$"}}{"expression":{"context-references":{"sentence-num-in-corpus":"12943","sentence-xmlid":"C22.S21.p2.s1","chapter-title":"Jacobian Elliptic Functions","chapter-xmlid":"C22","section-title":"Tables","sentence-num-in-chapter":"739","section-xmlid":"C22.S21","sentence-num-in-section":"2","para-num-of-sentences":"1","para-xmlid":"C22.S21.p2"},"xml-id":"C22.S21.p2.m1","tex":"$\\operatorname{sn}\\left(mK\/n,k\\right)$","content-tex":"$\\Jacobiellsnk@{mK\/n}{k}$"}}{"expression":{"context-references":{"sentence-num-in-corpus":"12943","sentence-xmlid":"C22.S21.p2.s1","chapter-title":"Jacobian Elliptic Functions","chapter-xmlid":"C22","section-title":"Tables","sentence-num-in-chapter":"739","section-xmlid":"C22.S21","sentence-num-in-section":"2","para-num-of-sentences":"1","para-xmlid":"C22.S21.p2"},"xml-id":"C22.S21.p2.m2","tex":"$\\operatorname{cn}\\left(mK\/n,k\\right)$","content-tex":"$\\Jacobiellcnk@{mK\/n}{k}$"}}{"expression":{"context-references":{"sentence-num-in-corpus":"12943","sentence-xmlid":"C22.S21.p2.s1","chapter-title":"Jacobian Elliptic Functions","chapter-xmlid":"C22","section-title":"Tables","sentence-num-in-chapter":"739","section-xmlid":"C22.S21","sentence-num-in-section":"2","para-num-of-sentences":"1","para-xmlid":"C22.S21.p2"},"xml-id":"C22.S21.p2.m3","tex":"$\\operatorname{dn}\\left(mK\/n,k\\right)$","content-tex":"$\\Jacobielldnk@{mK\/n}{k}$"}}{"expression":{"context-references":{"sentence-num-in-corpus":"12943","sentence-xmlid":"C22.S21.p2.s1","chapter-title":"Jacobian Elliptic Functions","chapter-xmlid":"C22","section-title":"Tables","sentence-num-in-chapter":"739","section-xmlid":"C22.S21","sentence-num-in-section":"2","para-num-of-sentences":"1","para-xmlid":"C22.S21.p2"},"xml-id":"C22.S21.p2.m4","tex":"$n=2(1)15$"}}{"expression":{"context-references":{"sentence-num-in-corpus":"12943","sentence-xmlid":"C22.S21.p2.s1","chapter-title":"Jacobian Elliptic Functions","chapter-xmlid":"C22","section-title":"Tables","sentence-num-in-chapter":"739","section-xmlid":"C22.S21","sentence-num-in-section":"2","para-num-of-sentences":"1","para-xmlid":"C22.S21.p2"},"xml-id":"C22.S21.p2.m5","tex":"$m=1(1)n-1$"}}{"expression":{"context-references":{"sentence-num-in-corpus":"12943","sentence-xmlid":"C22.S21.p2.s1","chapter-title":"Jacobian Elliptic Functions","chapter-xmlid":"C22","section-title":"Tables","sentence-num-in-chapter":"739","section-xmlid":"C22.S21","sentence-num-in-section":"2","para-num-of-sentences":"1","para-xmlid":"C22.S21.p2"},"xml-id":"C22.S21.p2.m6","tex":"$q$"}}{"expression":{"context-references":{"sentence-num-in-corpus":"12943","sentence-xmlid":"C22.S21.p2.s1","chapter-title":"Jacobian Elliptic Functions","chapter-xmlid":"C22","section-title":"Tables","sentence-num-in-chapter":"739","section-xmlid":"C22.S21","sentence-num-in-section":"2","para-num-of-sentences":"1","para-xmlid":"C22.S21.p2"},"xml-id":"C22.S21.p2.m7","tex":"$k$"}}{"expression":{"context-references":{"sentence-num-in-corpus":"12943","sentence-xmlid":"C22.S21.p2.s1","chapter-title":"Jacobian Elliptic Functions","chapter-xmlid":"C22","section-title":"Tables","sentence-num-in-chapter":"739","section-xmlid":"C22.S21","sentence-num-in-section":"2","para-num-of-sentences":"1","para-xmlid":"C22.S21.p2"},"xml-id":"C22.S21.p2.m8","tex":"$=0(.005)0.35$"}}{"expression":{"context-references":{"sentence-num-in-corpus":"12944","sentence-xmlid":"C22.S21.p3.s1","chapter-title":"Jacobian Elliptic Functions","chapter-xmlid":"C22","section-title":"Tables","sentence-num-in-chapter":"740","section-xmlid":"C22.S21","sentence-num-in-section":"3","para-num-of-sentences":"2","para-xmlid":"C22.S21.p3"},"xml-id":"C22.S21.p3.m1","tex":"$\\operatorname{sn}\\left(x,k\\right)$","content-tex":"$\\Jacobiellsnk@{x}{k}$"}}{"expression":{"context-references":{"sentence-num-in-corpus":"12944","sentence-xmlid":"C22.S21.p3.s1","chapter-title":"Jacobian Elliptic Functions","chapter-xmlid":"C22","section-title":"Tables","sentence-num-in-chapter":"740","section-xmlid":"C22.S21","sentence-num-in-section":"3","para-num-of-sentences":"2","para-xmlid":"C22.S21.p3"},"xml-id":"C22.S21.p3.m2","tex":"$\\operatorname{cn}\\left(x,k\\right)$","content-tex":"$\\Jacobiellcnk@{x}{k}$"}}{"expression":{"context-references":{"sentence-num-in-corpus":"12944","sentence-xmlid":"C22.S21.p3.s1","chapter-title":"Jacobian Elliptic Functions","chapter-xmlid":"C22","section-title":"Tables","sentence-num-in-chapter":"740","section-xmlid":"C22.S21","sentence-num-in-section":"3","para-num-of-sentences":"2","para-xmlid":"C22.S21.p3"},"xml-id":"C22.S21.p3.m3","tex":"$\\operatorname{dn}\\left(x,k\\right)$","content-tex":"$\\Jacobielldnk@{x}{k}$"}}{"expression":{"context-references":{"sentence-num-in-corpus":"12944","sentence-xmlid":"C22.S21.p3.s1","chapter-title":"Jacobian Elliptic Functions","chapter-xmlid":"C22","section-title":"Tables","sentence-num-in-chapter":"740","section-xmlid":"C22.S21","sentence-num-in-section":"3","para-num-of-sentences":"2","para-xmlid":"C22.S21.p3"},"xml-id":"C22.S21.p3.m4","tex":"$\\mathcal{E}\\left(x,k\\right)$","content-tex":"$\\JacobiEpsilonk@{x}{k}$"}}{"expression":{"context-references":{"sentence-num-in-corpus":"12944","sentence-xmlid":"C22.S21.p3.s1","chapter-title":"Jacobian Elliptic Functions","chapter-xmlid":"C22","section-title":"Tables","sentence-num-in-chapter":"740","section-xmlid":"C22.S21","sentence-num-in-section":"3","para-num-of-sentences":"2","para-xmlid":"C22.S21.p3"},"xml-id":"C22.S21.p3.m5","tex":"$\\mathrm{Z}\\left(x|k\\right)$","content-tex":"$\\JacobiZetak@{x}{k}$"}}{"expression":{"context-references":{"sentence-num-in-corpus":"12944","sentence-xmlid":"C22.S21.p3.s1","chapter-title":"Jacobian Elliptic Functions","chapter-xmlid":"C22","section-title":"Tables","sentence-num-in-chapter":"740","section-xmlid":"C22.S21","sentence-num-in-section":"3","para-num-of-sentences":"2","para-xmlid":"C22.S21.p3"},"xml-id":"C22.S21.p3.m6","tex":"$k=0.1(.1)0.9$"}}{"expression":{"context-references":{"sentence-num-in-corpus":"12945","sentence-xmlid":"C22.S21.p3.s2","chapter-title":"Jacobian Elliptic Functions","chapter-xmlid":"C22","section-title":"Tables","sentence-num-in-chapter":"741","section-xmlid":"C22.S21","sentence-num-in-section":"4","para-num-of-sentences":"2","para-xmlid":"C22.S21.p3"},"xml-id":"C22.S21.p3.m7","tex":"$x=0(.1)X$"}}{"expression":{"context-references":{"sentence-num-in-corpus":"12945","sentence-xmlid":"C22.S21.p3.s2","chapter-title":"Jacobian Elliptic Functions","chapter-xmlid":"C22","section-title":"Tables","sentence-num-in-chapter":"741","section-xmlid":"C22.S21","sentence-num-in-section":"4","para-num-of-sentences":"2","para-xmlid":"C22.S21.p3"},"xml-id":"C22.S21.p3.m8","tex":"$X$"}}{"expression":{"context-references":{"sentence-num-in-corpus":"12946","sentence-xmlid":"C22.S21.p4.s1","chapter-title":"Jacobian Elliptic Functions","chapter-xmlid":"C22","section-title":"Tables","sentence-num-in-chapter":"742","section-xmlid":"C22.S21","sentence-num-in-section":"5","para-num-of-sentences":"1","para-xmlid":"C22.S21.p4"},"xml-id":"C22.S21.p4.m1","tex":"$\\operatorname{sn}\\left(Kx,k\\right)$","content-tex":"$\\Jacobiellsnk@{Kx}{k}$"}}{"expression":{"context-references":{"sentence-num-in-corpus":"12946","sentence-xmlid":"C22.S21.p4.s1","chapter-title":"Jacobian Elliptic Functions","chapter-xmlid":"C22","section-title":"Tables","sentence-num-in-chapter":"742","section-xmlid":"C22.S21","sentence-num-in-section":"5","para-num-of-sentences":"1","para-xmlid":"C22.S21.p4"},"xml-id":"C22.S21.p4.m2","tex":"$\\operatorname{cn}\\left(Kx,k\\right)$","content-tex":"$\\Jacobiellcnk@{Kx}{k}$"}}{"expression":{"context-references":{"sentence-num-in-corpus":"12946","sentence-xmlid":"C22.S21.p4.s1","chapter-title":"Jacobian Elliptic Functions","chapter-xmlid":"C22","section-title":"Tables","sentence-num-in-chapter":"742","section-xmlid":"C22.S21","sentence-num-in-section":"5","para-num-of-sentences":"1","para-xmlid":"C22.S21.p4"},"xml-id":"C22.S21.p4.m3","tex":"$\\operatorname{dn}\\left(Kx,k\\right)$","content-tex":"$\\Jacobielldnk@{Kx}{k}$"}}{"expression":{"context-references":{"sentence-num-in-corpus":"12946","sentence-xmlid":"C22.S21.p4.s1","chapter-title":"Jacobian Elliptic Functions","chapter-xmlid":"C22","section-title":"Tables","sentence-num-in-chapter":"742","section-xmlid":"C22.S21","sentence-num-in-section":"5","para-num-of-sentences":"1","para-xmlid":"C22.S21.p4"},"xml-id":"C22.S21.p4.m4","tex":"$k=\\frac{1}{4},\\frac{1}{2}$"}}{"expression":{"context-references":{"sentence-num-in-corpus":"12946","sentence-xmlid":"C22.S21.p4.s1","chapter-title":"Jacobian Elliptic Functions","chapter-xmlid":"C22","section-title":"Tables","sentence-num-in-chapter":"742","section-xmlid":"C22.S21","sentence-num-in-section":"5","para-num-of-sentences":"1","para-xmlid":"C22.S21.p4"},"xml-id":"C22.S21.p4.m5","tex":"$x=0(.1)4$"}}