{"expression":{"xml-id":"C22.S20.SS1.p1.m1","tex":"$z$","context":{"sentence-num-in-corpus":"12906","subsection-xmlid":"C22.S20.SS1","sentence-xmlid":"C22.S20.SS1.p1.s1","chapter-title":"Jacobian Elliptic Functions","chapter-xmlid":"C22","section-title":"Methods of Computation","sentence-num-in-chapter":"702","section-xmlid":"C22.S20","sentence-num-in-section":"1","para-num-of-sentences":"1","para-xmlid":"C22.S20.SS1.p1","subsection-title":"Via Theta Functions"}}}{"expression":{"xml-id":"C22.S20.SS1.p1.m2","tex":"$k$","context":{"sentence-num-in-corpus":"12906","subsection-xmlid":"C22.S20.SS1","sentence-xmlid":"C22.S20.SS1.p1.s1","chapter-title":"Jacobian Elliptic Functions","chapter-xmlid":"C22","section-title":"Methods of Computation","sentence-num-in-chapter":"702","section-xmlid":"C22.S20","sentence-num-in-section":"1","para-num-of-sentences":"1","para-xmlid":"C22.S20.SS1.p1","subsection-title":"Via Theta Functions"}}}{"expression":{"xml-id":"C22.S20.SS2.p1.m1","tex":"$a_{0},b_{0}$","context":{"sentence-num-in-corpus":"12907","subsection-xmlid":"C22.S20.SS2","sentence-xmlid":"C22.S20.SS2.p1.s1","chapter-title":"Jacobian Elliptic Functions","chapter-xmlid":"C22","section-title":"Methods of Computation","sentence-num-in-chapter":"703","section-xmlid":"C22.S20","sentence-num-in-section":"2","para-num-of-sentences":"3","para-xmlid":"C22.S20.SS2.p1","subsection-title":"Arithmetic-Geometric Mean"}}}{"expression":{"xml-id":"C22.S20.SS2.p1.m2","tex":"$b_{0}\/a_{0}$","context":{"sentence-num-in-corpus":"12907","subsection-xmlid":"C22.S20.SS2","sentence-xmlid":"C22.S20.SS2.p1.s1","chapter-title":"Jacobian Elliptic Functions","chapter-xmlid":"C22","section-title":"Methods of Computation","sentence-num-in-chapter":"703","section-xmlid":"C22.S20","sentence-num-in-section":"2","para-num-of-sentences":"3","para-xmlid":"C22.S20.SS2.p1","subsection-title":"Arithmetic-Geometric Mean"}}}{"expression":{"xml-id":"C22.S20.XMD1.m1","tex":"$a_{n}$","context":{"chapter-title":"Jacobian Elliptic Functions","chapter-xmlid":"C22"}}}{"expression":{"xml-id":"C22.S20.XMD2.m1","tex":"$b_{n}$","context":{"chapter-title":"Jacobian Elliptic Functions","chapter-xmlid":"C22"}}}{"expression":{"xml-id":"C22.S20.XMD3.m1","tex":"$c_{n}$","context":{"chapter-title":"Jacobian Elliptic Functions","chapter-xmlid":"C22"}}}{"equation":{"symbols-used":[{"symbol":{"tex":"$a_{n}$","meaning":"numbers","idref":"C22.S20.SS2.p1"}},{"symbol":{"tex":"$b_{n}$","meaning":"numbers","idref":"C22.S20.SS2.p1"}},{"symbol":{"tex":"$c_{n}$","meaning":"numbers","idref":"C22.S20.SS2.p1"}},{"symbol":{"tex":"$n$","meaning":"positive","idref":"C22.S20.SS2.p1"}}],"context":{"sentence-num-in-corpus":"12907","subsection-xmlid":"C22.S20.SS2","sentence-xmlid":"C22.S20.SS2.p1.s1","chapter-title":"Jacobian Elliptic Functions","chapter-xmlid":"C22","section-title":"Methods of Computation","sentence-num-in-chapter":"703","section-xmlid":"C22.S20","sentence-num-in-section":"2","para-num-of-sentences":"3","para-xmlid":"C22.S20.SS2.p1","subsection-title":"Arithmetic-Geometric Mean"},"permalink":"http:\/\/dlmf.nist.gov\/22.20.E1","equation-number":"22.20.1","subequations":[{"subequation":{"xml-id":"C22.S20.Ex1","tex":"$a_{n}=\\tfrac{1}{2}\\left(a_{n-1}+b_{n-1}\\right),$","context":{"chapter-title":"Jacobian Elliptic Functions","chapter-xmlid":"C22"}}},{"subequation":{"xml-id":"C22.S20.Ex2","tex":"$b_{n}=\\left(a_{n-1}b_{n-1}\\right)^{1\/2},$","context":{"chapter-title":"Jacobian Elliptic Functions","chapter-xmlid":"C22"}}},{"subequation":{"xml-id":"C22.S20.Ex3","tex":"$c_{n}=\\tfrac{1}{2}\\left(a_{n-1}-b_{n-1}\\right),$","context":{"chapter-title":"Jacobian Elliptic Functions","chapter-xmlid":"C22"}}}]}}{"expression":{"xml-id":"C22.S20.XMD1.m1dec","tex":"$a_{n}$","context":{"chapter-title":"Jacobian Elliptic Functions","chapter-xmlid":"C22"}}}{"expression":{"xml-id":"C22.S20.XMD2.m1dec","tex":"$b_{n}$","context":{"chapter-title":"Jacobian Elliptic Functions","chapter-xmlid":"C22"}}}{"expression":{"xml-id":"C22.S20.XMD3.m1dec","tex":"$c_{n}$","context":{"chapter-title":"Jacobian Elliptic Functions","chapter-xmlid":"C22"}}}{"expression":{"xml-id":"C22.S20.XMD4.m1dec","tex":"$n$","context":{"chapter-title":"Jacobian Elliptic Functions","chapter-xmlid":"C22"}}}{"expression":{"xml-id":"C22.S20.XMD4.m1","tex":"$n$","context":{"chapter-title":"Jacobian Elliptic Functions","chapter-xmlid":"C22"}}}{"expression":{"xml-id":"C22.S20.SS2.p1.m3","tex":"$n\\geq 1$","context":{"sentence-num-in-corpus":"12907","subsection-xmlid":"C22.S20.SS2","sentence-xmlid":"C22.S20.SS2.p1.s1","chapter-title":"Jacobian Elliptic Functions","chapter-xmlid":"C22","section-title":"Methods of Computation","sentence-num-in-chapter":"703","section-xmlid":"C22.S20","sentence-num-in-section":"2","para-num-of-sentences":"3","para-xmlid":"C22.S20.SS2.p1","subsection-title":"Arithmetic-Geometric Mean"}}}{"expression":{"xml-id":"C22.S20.SS2.p1.m4","tex":"$\\operatorname{ph}b_{n}=\\tfrac{1}{2}(\\operatorname{ph}a_{n-1}+\\operatorname{ph} b_{n-1})$","context":{"sentence-num-in-corpus":"12907","subsection-xmlid":"C22.S20.SS2","sentence-xmlid":"C22.S20.SS2.p1.s1","chapter-title":"Jacobian Elliptic Functions","chapter-xmlid":"C22","section-title":"Methods of Computation","sentence-num-in-chapter":"703","section-xmlid":"C22.S20","sentence-num-in-section":"2","para-num-of-sentences":"3","para-xmlid":"C22.S20.SS2.p1","subsection-title":"Arithmetic-Geometric Mean"},"content-tex":"$\\phase@@{b_{n}}=\\tfrac{1}{2}(\\phase@@{a_{n-1}}+\\phase@@{b_{n-1}})$"}}{"expression":{"xml-id":"C22.S20.SS2.p1.m5","tex":"$\\operatorname{ph}a_{n-1}$","context":{"sentence-num-in-corpus":"12907","subsection-xmlid":"C22.S20.SS2","sentence-xmlid":"C22.S20.SS2.p1.s1","chapter-title":"Jacobian Elliptic Functions","chapter-xmlid":"C22","section-title":"Methods of Computation","sentence-num-in-chapter":"703","section-xmlid":"C22.S20","sentence-num-in-section":"2","para-num-of-sentences":"3","para-xmlid":"C22.S20.SS2.p1","subsection-title":"Arithmetic-Geometric Mean"},"content-tex":"$\\phase@@{a_{n-1}}$"}}{"expression":{"xml-id":"C22.S20.SS2.p1.m6","tex":"$\\operatorname{ph}b_{n-1}$","context":{"sentence-num-in-corpus":"12907","subsection-xmlid":"C22.S20.SS2","sentence-xmlid":"C22.S20.SS2.p1.s1","chapter-title":"Jacobian Elliptic Functions","chapter-xmlid":"C22","section-title":"Methods of Computation","sentence-num-in-chapter":"703","section-xmlid":"C22.S20","sentence-num-in-section":"2","para-num-of-sentences":"3","para-xmlid":"C22.S20.SS2.p1","subsection-title":"Arithmetic-Geometric Mean"},"content-tex":"$\\phase@@{b_{n-1}}$"}}{"expression":{"xml-id":"C22.S20.SS2.p1.m7","tex":"$\\pi$","context":{"sentence-num-in-corpus":"12907","subsection-xmlid":"C22.S20.SS2","sentence-xmlid":"C22.S20.SS2.p1.s1","chapter-title":"Jacobian Elliptic Functions","chapter-xmlid":"C22","section-title":"Methods of Computation","sentence-num-in-chapter":"703","section-xmlid":"C22.S20","sentence-num-in-section":"2","para-num-of-sentences":"3","para-xmlid":"C22.S20.SS2.p1","subsection-title":"Arithmetic-Geometric Mean"}}}{"expression":{"xml-id":"C22.S20.SS2.p1.m8","tex":"$n\\to\\infty$","context":{"sentence-num-in-corpus":"12908","subsection-xmlid":"C22.S20.SS2","sentence-xmlid":"C22.S20.SS2.p1.s2","chapter-title":"Jacobian Elliptic Functions","chapter-xmlid":"C22","section-title":"Methods of Computation","sentence-num-in-chapter":"704","section-xmlid":"C22.S20","sentence-num-in-section":"3","para-num-of-sentences":"3","para-xmlid":"C22.S20.SS2.p1","subsection-title":"Arithmetic-Geometric Mean"}}}{"expression":{"xml-id":"C22.S20.SS2.p1.m9","tex":"$\\{a_{n}\\}$","context":{"sentence-num-in-corpus":"12908","subsection-xmlid":"C22.S20.SS2","sentence-xmlid":"C22.S20.SS2.p1.s2","chapter-title":"Jacobian Elliptic Functions","chapter-xmlid":"C22","section-title":"Methods of Computation","sentence-num-in-chapter":"704","section-xmlid":"C22.S20","sentence-num-in-section":"3","para-num-of-sentences":"3","para-xmlid":"C22.S20.SS2.p1","subsection-title":"Arithmetic-Geometric Mean"}}}{"expression":{"xml-id":"C22.S20.SS2.p1.m10","tex":"$\\{b_{n}\\}$","context":{"sentence-num-in-corpus":"12908","subsection-xmlid":"C22.S20.SS2","sentence-xmlid":"C22.S20.SS2.p1.s2","chapter-title":"Jacobian Elliptic Functions","chapter-xmlid":"C22","section-title":"Methods of Computation","sentence-num-in-chapter":"704","section-xmlid":"C22.S20","sentence-num-in-section":"3","para-num-of-sentences":"3","para-xmlid":"C22.S20.SS2.p1","subsection-title":"Arithmetic-Geometric Mean"}}}{"expression":{"xml-id":"C22.S20.XMD5.m1","tex":"$M(a_{0},b_{0})$","context":{"chapter-title":"Jacobian Elliptic Functions","chapter-xmlid":"C22"}}}{"expression":{"xml-id":"C22.S20.SS2.p1.m11","tex":"$M=M(a_{0},b_{0})$","context":{"sentence-num-in-corpus":"12908","subsection-xmlid":"C22.S20.SS2","sentence-xmlid":"C22.S20.SS2.p1.s2","chapter-title":"Jacobian Elliptic Functions","chapter-xmlid":"C22","section-title":"Methods of Computation","sentence-num-in-chapter":"704","section-xmlid":"C22.S20","sentence-num-in-section":"3","para-num-of-sentences":"3","para-xmlid":"C22.S20.SS2.p1","subsection-title":"Arithmetic-Geometric Mean"}}}{"expression":{"xml-id":"C22.S20.SS2.p1.m12","tex":"$a_{0},b_{0}$","context":{"sentence-num-in-corpus":"12908","subsection-xmlid":"C22.S20.SS2","sentence-xmlid":"C22.S20.SS2.p1.s2","chapter-title":"Jacobian Elliptic Functions","chapter-xmlid":"C22","section-title":"Methods of Computation","sentence-num-in-chapter":"704","section-xmlid":"C22.S20","sentence-num-in-section":"3","para-num-of-sentences":"3","para-xmlid":"C22.S20.SS2.p1","subsection-title":"Arithmetic-Geometric Mean"}}}{"equation":{"symbols-used":[{"symbol":{"tex":"$a_{n}$","meaning":"numbers","idref":"C22.S20.SS2.p1"}},{"symbol":{"tex":"$b_{n}$","meaning":"numbers","idref":"C22.S20.SS2.p1"}},{"symbol":{"tex":"$c_{n}$","meaning":"numbers","idref":"C22.S20.SS2.p1"}},{"symbol":{"tex":"$n$","meaning":"positive","idref":"C22.S20.SS2.p1"}},{"symbol":{"tex":"$M(a_{0},b_{0})$","meaning":"limit","idref":"C22.S20.SS2.p1"}}],"xml-id":"C22.S20.E2","tex":"$\\max\\left(\\left|a_{n}-M\\right|,\\left|b_{n}-M\\right|,\\left|c_{n}\\right|\\right) \\leq\\text{(const.)}\\times 2^{-2^{n}},$","context":{"sentence-num-in-corpus":"12909","subsection-xmlid":"C22.S20.SS2","sentence-xmlid":"C22.S20.SS2.p1.s3","chapter-title":"Jacobian Elliptic Functions","chapter-xmlid":"C22","section-title":"Methods of Computation","sentence-num-in-chapter":"705","section-xmlid":"C22.S20","sentence-num-in-section":"4","para-num-of-sentences":"3","para-xmlid":"C22.S20.SS2.p1","subsection-title":"Arithmetic-Geometric Mean"},"permalink":"http:\/\/dlmf.nist.gov\/22.20.E2","equation-number":"22.20.2"}}{"expression":{"xml-id":"C22.S20.SS2.p2.m1","tex":"$x$","context":{"sentence-num-in-corpus":"12910","subsection-xmlid":"C22.S20.SS2","sentence-xmlid":"C22.S20.SS2.p2.s1","chapter-title":"Jacobian Elliptic Functions","chapter-xmlid":"C22","section-title":"Methods of Computation","sentence-num-in-chapter":"706","section-xmlid":"C22.S20","sentence-num-in-section":"5","para-num-of-sentences":"6","para-xmlid":"C22.S20.SS2.p2","subsection-title":"Arithmetic-Geometric Mean"}}}{"expression":{"xml-id":"C22.S20.SS2.p2.m2","tex":"$k\\in(0,1)$","context":{"sentence-num-in-corpus":"12910","subsection-xmlid":"C22.S20.SS2","sentence-xmlid":"C22.S20.SS2.p2.s1","chapter-title":"Jacobian Elliptic Functions","chapter-xmlid":"C22","section-title":"Methods of Computation","sentence-num-in-chapter":"706","section-xmlid":"C22.S20","sentence-num-in-section":"5","para-num-of-sentences":"6","para-xmlid":"C22.S20.SS2.p2","subsection-title":"Arithmetic-Geometric Mean"}}}{"expression":{"xml-id":"C22.S20.SS2.p2.m3","tex":"$a_{0}=1$","context":{"sentence-num-in-corpus":"12910","subsection-xmlid":"C22.S20.SS2","sentence-xmlid":"C22.S20.SS2.p2.s1","chapter-title":"Jacobian Elliptic Functions","chapter-xmlid":"C22","section-title":"Methods of Computation","sentence-num-in-chapter":"706","section-xmlid":"C22.S20","sentence-num-in-section":"5","para-num-of-sentences":"6","para-xmlid":"C22.S20.SS2.p2","subsection-title":"Arithmetic-Geometric Mean"}}}{"expression":{"xml-id":"C22.S20.SS2.p2.m4","tex":"$b_{0}=k^{\\prime}\\in(0,1)$","context":{"sentence-num-in-corpus":"12910","subsection-xmlid":"C22.S20.SS2","sentence-xmlid":"C22.S20.SS2.p2.s1","chapter-title":"Jacobian Elliptic Functions","chapter-xmlid":"C22","section-title":"Methods of Computation","sentence-num-in-chapter":"706","section-xmlid":"C22.S20","sentence-num-in-section":"5","para-num-of-sentences":"6","para-xmlid":"C22.S20.SS2.p2","subsection-title":"Arithmetic-Geometric Mean"}}}{"expression":{"xml-id":"C22.S20.SS2.p2.m5","tex":"$c_{0}=k$","context":{"sentence-num-in-corpus":"12910","subsection-xmlid":"C22.S20.SS2","sentence-xmlid":"C22.S20.SS2.p2.s1","chapter-title":"Jacobian Elliptic Functions","chapter-xmlid":"C22","section-title":"Methods of Computation","sentence-num-in-chapter":"706","section-xmlid":"C22.S20","sentence-num-in-section":"5","para-num-of-sentences":"6","para-xmlid":"C22.S20.SS2.p2","subsection-title":"Arithmetic-Geometric Mean"}}}{"expression":{"xml-id":"C22.S20.SS2.p2.m6","tex":"$c_{N}$","context":{"sentence-num-in-corpus":"12910","subsection-xmlid":"C22.S20.SS2","sentence-xmlid":"C22.S20.SS2.p2.s1","chapter-title":"Jacobian Elliptic Functions","chapter-xmlid":"C22","section-title":"Methods of Computation","sentence-num-in-chapter":"706","section-xmlid":"C22.S20","sentence-num-in-section":"5","para-num-of-sentences":"6","para-xmlid":"C22.S20.SS2.p2","subsection-title":"Arithmetic-Geometric Mean"}}}{"expression":{"xml-id":"C22.S20.SS2.p2.m7","tex":"$\\phi_{N},\\phi_{N-1},\\dots,\\phi_{0}$","context":{"sentence-num-in-corpus":"12911","subsection-xmlid":"C22.S20.SS2","sentence-xmlid":"C22.S20.SS2.p2.s2","chapter-title":"Jacobian Elliptic Functions","chapter-xmlid":"C22","section-title":"Methods of Computation","sentence-num-in-chapter":"707","section-xmlid":"C22.S20","sentence-num-in-section":"6","para-num-of-sentences":"6","para-xmlid":"C22.S20.SS2.p2","subsection-title":"Arithmetic-Geometric Mean"}}}{"expression":{"xml-id":"C22.S20.XMD6.m1","tex":"$\\phi_{N}$","context":{"chapter-title":"Jacobian Elliptic Functions","chapter-xmlid":"C22"}}}{"equation":{"symbols-used":[{"symbol":{"tex":"$x$","meaning":"real","idref":"C22.S1.p2.t1.r1"}},{"symbol":{"tex":"$a_{n}$","meaning":"numbers","idref":"C22.S20.SS2.p1"}},{"symbol":{"tex":"$\\phi_{N}$","meaning":"approximations","idref":"C22.S20.SS2.p2"}}],"xml-id":"C22.S20.E3","tex":"$\\phi_{N}=2^{N}a_{N}x,$","context":{"sentence-num-in-corpus":"12911","subsection-xmlid":"C22.S20.SS2","sentence-xmlid":"C22.S20.SS2.p2.s2","chapter-title":"Jacobian Elliptic Functions","chapter-xmlid":"C22","section-title":"Methods of Computation","sentence-num-in-chapter":"707","section-xmlid":"C22.S20","sentence-num-in-section":"6","para-num-of-sentences":"6","para-xmlid":"C22.S20.SS2.p2","subsection-title":"Arithmetic-Geometric Mean"},"permalink":"http:\/\/dlmf.nist.gov\/22.20.E3","equation-number":"22.20.3"}}{"equation":{"symbols-used":[{"symbol":{"tex":"$\\operatorname{arcsin}\\NVar{z}$","meaning":"arcsine function","idref":"C4.S23.SS2.p1","content-tex":"$\\asin@@{\\NVar{z}}$"}},{"symbol":{"tex":"$\\sin\\NVar{z}$","meaning":"sine function","idref":"C4.S14.E1","content-tex":"$\\sin@@{\\NVar{z}}$"}},{"symbol":{"tex":"$a_{n}$","meaning":"numbers","idref":"C22.S20.SS2.p1"}},{"symbol":{"tex":"$c_{n}$","meaning":"numbers","idref":"C22.S20.SS2.p1"}},{"symbol":{"tex":"$n$","meaning":"positive","idref":"C22.S20.SS2.p1"}},{"symbol":{"tex":"$\\phi_{N}$","meaning":"approximations","idref":"C22.S20.SS2.p2"}}],"xml-id":"C22.S20.E4","tex":"$\\phi_{n-1}=\\frac{1}{2}\\left(\\phi_{n}+\\operatorname{arcsin}\\left(\\frac{c_{n}}{a _{n}}\\sin\\phi_{n}\\right)\\right),$","context":{"sentence-num-in-corpus":"12911","subsection-xmlid":"C22.S20.SS2","sentence-xmlid":"C22.S20.SS2.p2.s2","chapter-title":"Jacobian Elliptic Functions","chapter-xmlid":"C22","section-title":"Methods of Computation","sentence-num-in-chapter":"707","section-xmlid":"C22.S20","sentence-num-in-section":"6","para-num-of-sentences":"6","para-xmlid":"C22.S20.SS2.p2","subsection-title":"Arithmetic-Geometric Mean"},"permalink":"http:\/\/dlmf.nist.gov\/22.20.E4","equation-number":"22.20.4","content-tex":"$\\phi_{n-1}=\\frac{1}{2}\\left(\\phi_{n}+\\asin@{\\frac{c_{n}}{a_{n}}\\sin@@{\\phi_{n} }}\\right),$"}}{"equation":{"symbols-used":[{"symbol":{"tex":"$\\operatorname{cn}\\left(\\NVar{z},\\NVar{k}\\right)$","meaning":"Jacobian elliptic function","idref":"C22.S2.E5","content-tex":"$\\Jacobiellcnk@{\\NVar{z}}{\\NVar{k}}$"}},{"symbol":{"tex":"$\\operatorname{dn}\\left(\\NVar{z},\\NVar{k}\\right)$","meaning":"Jacobian elliptic function","idref":"C22.S2.E6","content-tex":"$\\Jacobielldnk@{\\NVar{z}}{\\NVar{k}}$"}},{"symbol":{"tex":"$\\operatorname{sn}\\left(\\NVar{z},\\NVar{k}\\right)$","meaning":"Jacobian elliptic function","idref":"C22.S2.E4","content-tex":"$\\Jacobiellsnk@{\\NVar{z}}{\\NVar{k}}$"}},{"symbol":{"tex":"$K\\left(\\NVar{k}\\right)$","meaning":"Legendre\u2019s complete elliptic integral of the first kind","idref":"C19.S2.E8","content-tex":"$\\compellintKk@{\\NVar{k}}$"}},{"symbol":{"tex":"$\\cos\\NVar{z}$","meaning":"cosine function","idref":"C4.S14.E2","content-tex":"$\\cos@@{\\NVar{z}}$"}},{"symbol":{"tex":"$\\sin\\NVar{z}$","meaning":"sine function","idref":"C4.S14.E1","content-tex":"$\\sin@@{\\NVar{z}}$"}},{"symbol":{"tex":"$x$","meaning":"real","idref":"C22.S1.p2.t1.r1"}},{"symbol":{"tex":"$k$","meaning":"modulus","idref":"C22.S1.p2.t1.r3"}},{"symbol":{"tex":"$\\phi_{N}$","meaning":"approximations","idref":"C22.S20.SS2.p2"}}],"context":{"sentence-num-in-corpus":"12912","subsection-xmlid":"C22.S20.SS2","sentence-xmlid":"C22.S20.SS2.p2.s3","chapter-title":"Jacobian Elliptic Functions","chapter-xmlid":"C22","section-title":"Methods of Computation","sentence-num-in-chapter":"708","section-xmlid":"C22.S20","sentence-num-in-section":"7","para-num-of-sentences":"6","para-xmlid":"C22.S20.SS2.p2","subsection-title":"Arithmetic-Geometric Mean"},"permalink":"http:\/\/dlmf.nist.gov\/22.20.E5","equation-number":"22.20.5","subequations":[{"subequation":{"xml-id":"C22.S20.Ex4","tex":"$\\operatorname{sn}\\left(x,k\\right)=\\sin\\phi_{0},$","context":{"chapter-title":"Jacobian Elliptic Functions","chapter-xmlid":"C22"},"content-tex":"$\\Jacobiellsnk@{x}{k}=\\sin@@{\\phi_{0}},$"}},{"subequation":{"xml-id":"C22.S20.Ex5","tex":"$\\operatorname{cn}\\left(x,k\\right)=\\cos\\phi_{0},$","context":{"chapter-title":"Jacobian Elliptic Functions","chapter-xmlid":"C22"},"content-tex":"$\\Jacobiellcnk@{x}{k}=\\cos@@{\\phi_{0}},$"}},{"subequation":{"xml-id":"C22.S20.Ex6","tex":"$\\operatorname{dn}\\left(x,k\\right)=\\frac{\\cos\\phi_{0}}{\\cos\\left(\\phi_{1}-\\phi_ {0}\\right)},$","context":{"chapter-title":"Jacobian Elliptic Functions","chapter-xmlid":"C22"},"content-tex":"$\\Jacobielldnk@{x}{k}=\\frac{\\cos@@{\\phi_{0}}}{\\cos@{\\phi_{1}-\\phi_{0}}},$"}}]}}{"expression":{"xml-id":"C22.S20.E5.info.m1","tex":"$\\operatorname{dn}\\left(x,k\\right)$","context":{"chapter-title":"Jacobian Elliptic Functions","chapter-xmlid":"C22"},"content-tex":"$\\Jacobielldnk@{x}{k}$"}}{"expression":{"xml-id":"C22.S20.E5.info.m2","tex":"$x=K$","context":{"chapter-title":"Jacobian Elliptic Functions","chapter-xmlid":"C22"}}}{"expression":{"xml-id":"C22.S2.E5.m2adec","tex":"$\\operatorname{cn}\\left(\\NVar{z},\\NVar{k}\\right)$","context":{"chapter-title":"Jacobian Elliptic Functions","chapter-xmlid":"C22"},"content-tex":"$\\Jacobiellcnk@{\\NVar{z}}{\\NVar{k}}$"}}{"expression":{"xml-id":"C22.S2.E6.m2adec","tex":"$\\operatorname{dn}\\left(\\NVar{z},\\NVar{k}\\right)$","context":{"chapter-title":"Jacobian Elliptic Functions","chapter-xmlid":"C22"},"content-tex":"$\\Jacobielldnk@{\\NVar{z}}{\\NVar{k}}$"}}{"expression":{"xml-id":"C22.S2.E4.m2adec","tex":"$\\operatorname{sn}\\left(\\NVar{z},\\NVar{k}\\right)$","context":{"chapter-title":"Jacobian Elliptic Functions","chapter-xmlid":"C22"},"content-tex":"$\\Jacobiellsnk@{\\NVar{z}}{\\NVar{k}}$"}}{"expression":{"xml-id":"C19.S2.E8.m1adec","tex":"$K\\left(\\NVar{k}\\right)$","context":{"chapter-title":"Jacobian Elliptic Functions","chapter-xmlid":"C22"},"content-tex":"$\\compellintKk@{\\NVar{k}}$"}}{"expression":{"xml-id":"C4.S14.E2.m2adec","tex":"$\\cos\\NVar{z}$","context":{"chapter-title":"Jacobian Elliptic Functions","chapter-xmlid":"C22"},"content-tex":"$\\cos@@{\\NVar{z}}$"}}{"expression":{"xml-id":"C4.S14.E1.m2aadec","tex":"$\\sin\\NVar{z}$","context":{"chapter-title":"Jacobian Elliptic Functions","chapter-xmlid":"C22"},"content-tex":"$\\sin@@{\\NVar{z}}$"}}{"expression":{"xml-id":"C22.S1.XMD1.m1adec","tex":"$x$","context":{"chapter-title":"Jacobian Elliptic Functions","chapter-xmlid":"C22"}}}{"expression":{"xml-id":"C22.S1.XMD4.m1dec","tex":"$k$","context":{"chapter-title":"Jacobian Elliptic Functions","chapter-xmlid":"C22"}}}{"expression":{"xml-id":"C22.S20.XMD6.m1bdec","tex":"$\\phi_{N}$","context":{"chapter-title":"Jacobian Elliptic Functions","chapter-xmlid":"C22"}}}{"expression":{"xml-id":"C22.S20.SS2.p2.m8","tex":"$\\operatorname{dn}$","context":{"sentence-num-in-corpus":"12912","subsection-xmlid":"C22.S20.SS2","sentence-xmlid":"C22.S20.SS2.p2.s3","chapter-title":"Jacobian Elliptic Functions","chapter-xmlid":"C22","section-title":"Methods of Computation","sentence-num-in-chapter":"708","section-xmlid":"C22.S20","sentence-num-in-section":"7","para-num-of-sentences":"6","para-xmlid":"C22.S20.SS2.p2","subsection-title":"Arithmetic-Geometric Mean"},"content-tex":"$\\Jacobielldnk$"}}{"expression":{"xml-id":"C22.S20.SS2.p2.m9","tex":"$x=K$","context":{"sentence-num-in-corpus":"12912","subsection-xmlid":"C22.S20.SS2","sentence-xmlid":"C22.S20.SS2.p2.s3","chapter-title":"Jacobian Elliptic Functions","chapter-xmlid":"C22","section-title":"Methods of Computation","sentence-num-in-chapter":"708","section-xmlid":"C22.S20","sentence-num-in-section":"7","para-num-of-sentences":"6","para-xmlid":"C22.S20.SS2.p2","subsection-title":"Arithmetic-Geometric Mean"},"content-tex":"$x=\\compellintKk$"}}{"expression":{"xml-id":"C22.S20.SS2.p2.m10","tex":"$\\operatorname{dn}\\left(x,k\\right)$","context":{"sentence-num-in-corpus":"12913","subsection-xmlid":"C22.S20.SS2","sentence-xmlid":"C22.S20.SS2.p2.s4","chapter-title":"Jacobian Elliptic Functions","chapter-xmlid":"C22","section-title":"Methods of Computation","sentence-num-in-chapter":"709","section-xmlid":"C22.S20","sentence-num-in-section":"8","para-num-of-sentences":"6","para-xmlid":"C22.S20.SS2.p2","subsection-title":"Arithmetic-Geometric Mean"},"content-tex":"$\\Jacobielldnk@{x}{k}$"}}{"expression":{"xml-id":"C22.S20.SS2.p2.m11","tex":"$x=K$","context":{"sentence-num-in-corpus":"12913","subsection-xmlid":"C22.S20.SS2","sentence-xmlid":"C22.S20.SS2.p2.s4","chapter-title":"Jacobian Elliptic Functions","chapter-xmlid":"C22","section-title":"Methods of Computation","sentence-num-in-chapter":"709","section-xmlid":"C22.S20","sentence-num-in-section":"8","para-num-of-sentences":"6","para-xmlid":"C22.S20.SS2.p2","subsection-title":"Arithmetic-Geometric Mean"},"content-tex":"$x=\\compellintKk$"}}{"expression":{"xml-id":"C22.S20.SS2.p2.m12","tex":"$k$","context":{"sentence-num-in-corpus":"12914","subsection-xmlid":"C22.S20.SS2","sentence-xmlid":"C22.S20.SS2.p2.s5","chapter-title":"Jacobian Elliptic Functions","chapter-xmlid":"C22","section-title":"Methods of Computation","sentence-num-in-chapter":"710","section-xmlid":"C22.S20","sentence-num-in-section":"9","para-num-of-sentences":"6","para-xmlid":"C22.S20.SS2.p2","subsection-title":"Arithmetic-Geometric Mean"}}}{"expression":{"xml-id":"C22.S20.SS2.p2.m13","tex":"$x$","context":{"sentence-num-in-corpus":"12914","subsection-xmlid":"C22.S20.SS2","sentence-xmlid":"C22.S20.SS2.p2.s5","chapter-title":"Jacobian Elliptic Functions","chapter-xmlid":"C22","section-title":"Methods of Computation","sentence-num-in-chapter":"710","section-xmlid":"C22.S20","sentence-num-in-section":"9","para-num-of-sentences":"6","para-xmlid":"C22.S20.SS2.p2","subsection-title":"Arithmetic-Geometric Mean"}}}{"expression":{"xml-id":"C22.S20.SS2.p2.m14","tex":"$\\operatorname{dn}$","context":{"sentence-num-in-corpus":"12914","subsection-xmlid":"C22.S20.SS2","sentence-xmlid":"C22.S20.SS2.p2.s5","chapter-title":"Jacobian Elliptic Functions","chapter-xmlid":"C22","section-title":"Methods of Computation","sentence-num-in-chapter":"710","section-xmlid":"C22.S20","sentence-num-in-section":"9","para-num-of-sentences":"6","para-xmlid":"C22.S20.SS2.p2","subsection-title":"Arithmetic-Geometric Mean"},"content-tex":"$\\Jacobielldnk$"}}{"expression":{"xml-id":"C22.S20.SS2.p2.m15","tex":"$\\operatorname{dn}\\left(x,k\\right)=\\sqrt{1-k^{2}{\\operatorname{sn}^{2}}\\left(x, k\\right)}$","context":{"sentence-num-in-corpus":"12914","subsection-xmlid":"C22.S20.SS2","sentence-xmlid":"C22.S20.SS2.p2.s5","chapter-title":"Jacobian Elliptic Functions","chapter-xmlid":"C22","section-title":"Methods of Computation","sentence-num-in-chapter":"710","section-xmlid":"C22.S20","sentence-num-in-section":"9","para-num-of-sentences":"6","para-xmlid":"C22.S20.SS2.p2","subsection-title":"Arithmetic-Geometric Mean"},"content-tex":"$\\Jacobielldnk@{x}{k}=\\sqrt{1-k^{2}\\Jacobiellsnk^{2}@{x}{k}}$"}}{"expression":{"xml-id":"C22.S20.SS2.p2.m16","tex":"$k$","context":{"sentence-num-in-corpus":"12915","subsection-xmlid":"C22.S20.SS2","sentence-xmlid":"C22.S20.SS2.p2.s6","chapter-title":"Jacobian Elliptic Functions","chapter-xmlid":"C22","section-title":"Methods of Computation","sentence-num-in-chapter":"711","section-xmlid":"C22.S20","sentence-num-in-section":"10","para-num-of-sentences":"6","para-xmlid":"C22.S20.SS2.p2","subsection-title":"Arithmetic-Geometric Mean"}}}{"expression":{"xml-id":"C22.S20.SS2.p2.m17","tex":"$x$","context":{"sentence-num-in-corpus":"12915","subsection-xmlid":"C22.S20.SS2","sentence-xmlid":"C22.S20.SS2.p2.s6","chapter-title":"Jacobian Elliptic Functions","chapter-xmlid":"C22","section-title":"Methods of Computation","sentence-num-in-chapter":"711","section-xmlid":"C22.S20","sentence-num-in-section":"10","para-num-of-sentences":"6","para-xmlid":"C22.S20.SS2.p2","subsection-title":"Arithmetic-Geometric Mean"}}}{"expression":{"xml-id":"C22.S20.SS2.p2.m18","tex":"$\\operatorname{dn}\\left(x,k\\right)$","context":{"sentence-num-in-corpus":"12915","subsection-xmlid":"C22.S20.SS2","sentence-xmlid":"C22.S20.SS2.p2.s6","chapter-title":"Jacobian Elliptic Functions","chapter-xmlid":"C22","section-title":"Methods of Computation","sentence-num-in-chapter":"711","section-xmlid":"C22.S20","sentence-num-in-section":"10","para-num-of-sentences":"6","para-xmlid":"C22.S20.SS2.p2","subsection-title":"Arithmetic-Geometric Mean"},"content-tex":"$\\Jacobielldnk@{x}{k}$"}}{"expression":{"xml-id":"C22.S20.Px1.p1.m1","tex":"$\\operatorname{sn}$","context":{"sentence-num-in-corpus":"12917","sentence-xmlid":"C22.S20.Px1.p1.s1","chapter-title":"Jacobian Elliptic Functions","chapter-xmlid":"C22","paragraph-xmlid":"C22.S20.Px1","sentence-num-in-chapter":"713","section-xmlid":"C22.S20","sentence-num-in-section":"12","para-xmlid":"C22.S20.Px1.p1","subsection-title":"Arithmetic-Geometric Mean","subsection-xmlid":"C22.S20.SS2","paragraph-title":"Example","section-title":"Methods of Computation","para-num-of-sentences":"2"},"content-tex":"$\\Jacobiellsnk$"}}{"expression":{"xml-id":"C22.S20.Px1.p1.m2","tex":"$\\operatorname{cn}$","context":{"sentence-num-in-corpus":"12917","sentence-xmlid":"C22.S20.Px1.p1.s1","chapter-title":"Jacobian Elliptic Functions","chapter-xmlid":"C22","paragraph-xmlid":"C22.S20.Px1","sentence-num-in-chapter":"713","section-xmlid":"C22.S20","sentence-num-in-section":"12","para-xmlid":"C22.S20.Px1.p1","subsection-title":"Arithmetic-Geometric Mean","subsection-xmlid":"C22.S20.SS2","paragraph-title":"Example","section-title":"Methods of Computation","para-num-of-sentences":"2"},"content-tex":"$\\Jacobiellcnk$"}}{"expression":{"xml-id":"C22.S20.Px1.p1.m3","tex":"$\\operatorname{dn}$","context":{"sentence-num-in-corpus":"12917","sentence-xmlid":"C22.S20.Px1.p1.s1","chapter-title":"Jacobian Elliptic Functions","chapter-xmlid":"C22","paragraph-xmlid":"C22.S20.Px1","sentence-num-in-chapter":"713","section-xmlid":"C22.S20","sentence-num-in-section":"12","para-xmlid":"C22.S20.Px1.p1","subsection-title":"Arithmetic-Geometric Mean","subsection-xmlid":"C22.S20.SS2","paragraph-title":"Example","section-title":"Methods of Computation","para-num-of-sentences":"2"},"content-tex":"$\\Jacobielldnk$"}}{"expression":{"xml-id":"C22.S20.Px1.p1.m4","tex":"$x=0.8$","context":{"sentence-num-in-corpus":"12917","sentence-xmlid":"C22.S20.Px1.p1.s1","chapter-title":"Jacobian Elliptic Functions","chapter-xmlid":"C22","paragraph-xmlid":"C22.S20.Px1","sentence-num-in-chapter":"713","section-xmlid":"C22.S20","sentence-num-in-section":"12","para-xmlid":"C22.S20.Px1.p1","subsection-title":"Arithmetic-Geometric Mean","subsection-xmlid":"C22.S20.SS2","paragraph-title":"Example","section-title":"Methods of Computation","para-num-of-sentences":"2"}}}{"expression":{"xml-id":"C22.S20.Px1.p1.m5","tex":"$k=0.65$","context":{"sentence-num-in-corpus":"12918","sentence-xmlid":"C22.S20.Px1.p1.s2","chapter-title":"Jacobian Elliptic Functions","chapter-xmlid":"C22","paragraph-xmlid":"C22.S20.Px1","sentence-num-in-chapter":"714","section-xmlid":"C22.S20","sentence-num-in-section":"13","para-xmlid":"C22.S20.Px1.p1","subsection-title":"Arithmetic-Geometric Mean","subsection-xmlid":"C22.S20.SS2","paragraph-title":"Example","section-title":"Methods of Computation","para-num-of-sentences":"2"}}}{"expression":{"xml-id":"C22.S20.Px1.p2.m1","tex":"$c_{4}=\\Sci{6.5}{-12}$","context":{"sentence-num-in-corpus":"12919","sentence-xmlid":"C22.S20.Px1.p2.s1","chapter-title":"Jacobian Elliptic Functions","chapter-xmlid":"C22","paragraph-xmlid":"C22.S20.Px1","sentence-num-in-chapter":"715","section-xmlid":"C22.S20","sentence-num-in-section":"14","para-xmlid":"C22.S20.Px1.p2","subsection-title":"Arithmetic-Geometric Mean","subsection-xmlid":"C22.S20.SS2","paragraph-title":"Example","section-title":"Methods of Computation","para-num-of-sentences":"2"}}}{"expression":{"xml-id":"C22.S20.Px1.p2.m2","tex":"$\\phi_{1}=1.40213\\;91827$","context":{"sentence-num-in-corpus":"12919","sentence-xmlid":"C22.S20.Px1.p2.s1","chapter-title":"Jacobian Elliptic Functions","chapter-xmlid":"C22","paragraph-xmlid":"C22.S20.Px1","sentence-num-in-chapter":"715","section-xmlid":"C22.S20","sentence-num-in-section":"14","para-xmlid":"C22.S20.Px1.p2","subsection-title":"Arithmetic-Geometric Mean","subsection-xmlid":"C22.S20.SS2","paragraph-title":"Example","section-title":"Methods of Computation","para-num-of-sentences":"2"}}}{"expression":{"xml-id":"C22.S20.Px1.p2.m3","tex":"$\\phi_{0}=0.76850\\;92170$","context":{"sentence-num-in-corpus":"12919","sentence-xmlid":"C22.S20.Px1.p2.s1","chapter-title":"Jacobian Elliptic Functions","chapter-xmlid":"C22","paragraph-xmlid":"C22.S20.Px1","sentence-num-in-chapter":"715","section-xmlid":"C22.S20","sentence-num-in-section":"14","para-xmlid":"C22.S20.Px1.p2","subsection-title":"Arithmetic-Geometric Mean","subsection-xmlid":"C22.S20.SS2","paragraph-title":"Example","section-title":"Methods of Computation","para-num-of-sentences":"2"}}}{"expression":{"xml-id":"C22.S20.Px1.p2.m4","tex":"$\\operatorname{sn}\\left(0.8,0.65\\right)=0.69506\\;42165$","context":{"sentence-num-in-corpus":"12920","sentence-xmlid":"C22.S20.Px1.p2.s2","chapter-title":"Jacobian Elliptic Functions","chapter-xmlid":"C22","paragraph-xmlid":"C22.S20.Px1","sentence-num-in-chapter":"716","section-xmlid":"C22.S20","sentence-num-in-section":"15","para-xmlid":"C22.S20.Px1.p2","subsection-title":"Arithmetic-Geometric Mean","subsection-xmlid":"C22.S20.SS2","paragraph-title":"Example","section-title":"Methods of Computation","para-num-of-sentences":"2"},"content-tex":"$\\Jacobiellsnk@{0.8}{0.65}=0.69506\\;42165$"}}{"expression":{"xml-id":"C22.S20.Px1.p2.m5","tex":"$\\operatorname{cn}\\left(0.8,0.65\\right)=0.71894\\;76580$","context":{"sentence-num-in-corpus":"12920","sentence-xmlid":"C22.S20.Px1.p2.s2","chapter-title":"Jacobian Elliptic Functions","chapter-xmlid":"C22","paragraph-xmlid":"C22.S20.Px1","sentence-num-in-chapter":"716","section-xmlid":"C22.S20","sentence-num-in-section":"15","para-xmlid":"C22.S20.Px1.p2","subsection-title":"Arithmetic-Geometric Mean","subsection-xmlid":"C22.S20.SS2","paragraph-title":"Example","section-title":"Methods of Computation","para-num-of-sentences":"2"},"content-tex":"$\\Jacobiellcnk@{0.8}{0.65}=0.71894\\;76580$"}}{"expression":{"xml-id":"C22.S20.Px1.p2.m6","tex":"$\\operatorname{dn}\\left(0.8,0.65\\right)=0.89212\\;34349$","context":{"sentence-num-in-corpus":"12920","sentence-xmlid":"C22.S20.Px1.p2.s2","chapter-title":"Jacobian Elliptic Functions","chapter-xmlid":"C22","paragraph-xmlid":"C22.S20.Px1","sentence-num-in-chapter":"716","section-xmlid":"C22.S20","sentence-num-in-section":"15","para-xmlid":"C22.S20.Px1.p2","subsection-title":"Arithmetic-Geometric Mean","subsection-xmlid":"C22.S20.SS2","paragraph-title":"Example","section-title":"Methods of Computation","para-num-of-sentences":"2"},"content-tex":"$\\Jacobielldnk@{0.8}{0.65}=0.89212\\;34349$"}}{"expression":{"xml-id":"C22.S20.SS3.p1.m1","tex":"$k$","context":{"sentence-num-in-corpus":"12922","subsection-xmlid":"C22.S20.SS3","sentence-xmlid":"C22.S20.SS3.p1.s2","chapter-title":"Jacobian Elliptic Functions","chapter-xmlid":"C22","section-title":"Methods of Computation","sentence-num-in-chapter":"718","section-xmlid":"C22.S20","sentence-num-in-section":"17","para-num-of-sentences":"2","para-xmlid":"C22.S20.SS3.p1","subsection-title":"Landen Transformations"}}}{"expression":{"xml-id":"C22.S20.SS3.p1.m2","tex":"$k^{\\prime}$","context":{"sentence-num-in-corpus":"12922","subsection-xmlid":"C22.S20.SS3","sentence-xmlid":"C22.S20.SS3.p1.s2","chapter-title":"Jacobian Elliptic Functions","chapter-xmlid":"C22","section-title":"Methods of Computation","sentence-num-in-chapter":"718","section-xmlid":"C22.S20","sentence-num-in-section":"17","para-num-of-sentences":"2","para-xmlid":"C22.S20.SS3.p1","subsection-title":"Landen Transformations"}}}{"expression":{"xml-id":"C22.S20.Px2.p1.m1","tex":"$\\operatorname{dn}\\left(x,k\\right)$","context":{"sentence-num-in-corpus":"12923","sentence-xmlid":"C22.S20.Px2.p1.s1","chapter-title":"Jacobian Elliptic Functions","chapter-xmlid":"C22","paragraph-xmlid":"C22.S20.Px2","sentence-num-in-chapter":"719","section-xmlid":"C22.S20","sentence-num-in-section":"18","para-xmlid":"C22.S20.Px2.p1","subsection-title":"Landen Transformations","subsection-xmlid":"C22.S20.SS3","paragraph-title":"Example","section-title":"Methods of Computation","para-num-of-sentences":"3"},"content-tex":"$\\Jacobielldnk@{x}{k}$"}}{"expression":{"xml-id":"C22.S20.Px2.p1.m2","tex":"$x=0.2$","context":{"sentence-num-in-corpus":"12923","sentence-xmlid":"C22.S20.Px2.p1.s1","chapter-title":"Jacobian Elliptic Functions","chapter-xmlid":"C22","paragraph-xmlid":"C22.S20.Px2","sentence-num-in-chapter":"719","section-xmlid":"C22.S20","sentence-num-in-section":"18","para-xmlid":"C22.S20.Px2.p1","subsection-title":"Landen Transformations","subsection-xmlid":"C22.S20.SS3","paragraph-title":"Example","section-title":"Methods of Computation","para-num-of-sentences":"3"}}}{"expression":{"xml-id":"C22.S20.Px2.p1.m3","tex":"$k^{2}=0.19$","context":{"sentence-num-in-corpus":"12924","sentence-xmlid":"C22.S20.Px2.p1.s2","chapter-title":"Jacobian Elliptic Functions","chapter-xmlid":"C22","paragraph-xmlid":"C22.S20.Px2","sentence-num-in-chapter":"720","section-xmlid":"C22.S20","sentence-num-in-section":"19","para-xmlid":"C22.S20.Px2.p1","subsection-title":"Landen Transformations","subsection-xmlid":"C22.S20.SS3","paragraph-title":"Example","section-title":"Methods of Computation","para-num-of-sentences":"3"}}}{"expression":{"xml-id":"C22.S20.Px2.p1.m4","tex":"$k^{\\prime}=0.9$","context":{"sentence-num-in-corpus":"12924","sentence-xmlid":"C22.S20.Px2.p1.s2","chapter-title":"Jacobian Elliptic Functions","chapter-xmlid":"C22","paragraph-xmlid":"C22.S20.Px2","sentence-num-in-chapter":"720","section-xmlid":"C22.S20","sentence-num-in-section":"19","para-xmlid":"C22.S20.Px2.p1","subsection-title":"Landen Transformations","subsection-xmlid":"C22.S20.SS3","paragraph-title":"Example","section-title":"Methods of Computation","para-num-of-sentences":"3"}}}{"expression":{"xml-id":"C22.S20.Px2.p2.m1","tex":"$k_{1}=\\tfrac{1}{19}$","context":{"sentence-num-in-corpus":"12927","sentence-xmlid":"C22.S20.Px2.p2.s2","chapter-title":"Jacobian Elliptic Functions","chapter-xmlid":"C22","paragraph-xmlid":"C22.S20.Px2","sentence-num-in-chapter":"723","section-xmlid":"C22.S20","sentence-num-in-section":"22","para-xmlid":"C22.S20.Px2.p2","subsection-title":"Landen Transformations","subsection-xmlid":"C22.S20.SS3","paragraph-title":"Example","section-title":"Methods of Computation","para-num-of-sentences":"2"}}}{"expression":{"xml-id":"C22.S20.Px2.p2.m2","tex":"$x\/(1+k_{1})=0.19$","context":{"sentence-num-in-corpus":"12927","sentence-xmlid":"C22.S20.Px2.p2.s2","chapter-title":"Jacobian Elliptic Functions","chapter-xmlid":"C22","paragraph-xmlid":"C22.S20.Px2","sentence-num-in-chapter":"723","section-xmlid":"C22.S20","sentence-num-in-section":"22","para-xmlid":"C22.S20.Px2.p2","subsection-title":"Landen Transformations","subsection-xmlid":"C22.S20.SS3","paragraph-title":"Example","section-title":"Methods of Computation","para-num-of-sentences":"2"}}}{"expression":{"xml-id":"C22.S20.Px2.p2.m3","tex":"$\\operatorname{dn}\\left(0.19,\\tfrac{1}{19}\\right)=0.999951$","context":{"sentence-num-in-corpus":"12927","sentence-xmlid":"C22.S20.Px2.p2.s2","chapter-title":"Jacobian Elliptic Functions","chapter-xmlid":"C22","paragraph-xmlid":"C22.S20.Px2","sentence-num-in-chapter":"723","section-xmlid":"C22.S20","sentence-num-in-section":"22","para-xmlid":"C22.S20.Px2.p2","subsection-title":"Landen Transformations","subsection-xmlid":"C22.S20.SS3","paragraph-title":"Example","section-title":"Methods of Computation","para-num-of-sentences":"2"},"content-tex":"$\\Jacobielldnk@{0.19}{\\tfrac{1}{19}}=0.999951$"}}{"expression":{"xml-id":"C22.S20.Px2.p2.m4","tex":"$\\operatorname{dn}\\left(0.2,\\sqrt{0.19}\\right)=0.996253$","context":{"sentence-num-in-corpus":"12927","sentence-xmlid":"C22.S20.Px2.p2.s2","chapter-title":"Jacobian Elliptic Functions","chapter-xmlid":"C22","paragraph-xmlid":"C22.S20.Px2","sentence-num-in-chapter":"723","section-xmlid":"C22.S20","sentence-num-in-section":"22","para-xmlid":"C22.S20.Px2.p2","subsection-title":"Landen Transformations","subsection-xmlid":"C22.S20.SS3","paragraph-title":"Example","section-title":"Methods of Computation","para-num-of-sentences":"2"},"content-tex":"$\\Jacobielldnk@{0.2}{\\sqrt{0.19}}=0.996253$"}}{"expression":{"xml-id":"C22.S20.Px2.p3.m1","tex":"$\\operatorname{sn}$","context":{"sentence-num-in-corpus":"12928","sentence-xmlid":"C22.S20.Px2.p3.s1","chapter-title":"Jacobian Elliptic Functions","chapter-xmlid":"C22","paragraph-xmlid":"C22.S20.Px2","sentence-num-in-chapter":"724","section-xmlid":"C22.S20","sentence-num-in-section":"23","para-xmlid":"C22.S20.Px2.p3","subsection-title":"Landen Transformations","subsection-xmlid":"C22.S20.SS3","paragraph-title":"Example","section-title":"Methods of Computation","para-num-of-sentences":"1"},"content-tex":"$\\Jacobiellsnk$"}}{"expression":{"xml-id":"C22.S20.Px2.p3.m2","tex":"$\\operatorname{cn}$","context":{"sentence-num-in-corpus":"12928","sentence-xmlid":"C22.S20.Px2.p3.s1","chapter-title":"Jacobian Elliptic Functions","chapter-xmlid":"C22","paragraph-xmlid":"C22.S20.Px2","sentence-num-in-chapter":"724","section-xmlid":"C22.S20","sentence-num-in-section":"23","para-xmlid":"C22.S20.Px2.p3","subsection-title":"Landen Transformations","subsection-xmlid":"C22.S20.SS3","paragraph-title":"Example","section-title":"Methods of Computation","para-num-of-sentences":"1"},"content-tex":"$\\Jacobiellcnk$"}}{"expression":{"xml-id":"C22.S20.SS4.p1.m1","tex":"$\\tau$","context":{"sentence-num-in-corpus":"12929","subsection-xmlid":"C22.S20.SS4","sentence-xmlid":"C22.S20.SS4.p1.s1","chapter-title":"Jacobian Elliptic Functions","chapter-xmlid":"C22","section-title":"Methods of Computation","sentence-num-in-chapter":"725","section-xmlid":"C22.S20","sentence-num-in-section":"24","para-num-of-sentences":"1","para-xmlid":"C22.S20.SS4.p1","subsection-title":"Lattice Calculations"}}}{"expression":{"xml-id":"C22.S20.SS4.p1.m2","tex":"$q=e^{i\\pi\\tau}$","context":{"sentence-num-in-corpus":"12929","subsection-xmlid":"C22.S20.SS4","sentence-xmlid":"C22.S20.SS4.p1.s1","chapter-title":"Jacobian Elliptic Functions","chapter-xmlid":"C22","section-title":"Methods of Computation","sentence-num-in-chapter":"725","section-xmlid":"C22.S20","sentence-num-in-section":"24","para-num-of-sentences":"1","para-xmlid":"C22.S20.SS4.p1","subsection-title":"Lattice Calculations"}}}{"expression":{"xml-id":"C22.S20.SS4.p1.m3","tex":"$k={\\theta_{2}^{2}}\\left(0,q\\right)\/{\\theta_{3}^{2}}\\left(0,q\\right)$","context":{"sentence-num-in-corpus":"12929","subsection-xmlid":"C22.S20.SS4","sentence-xmlid":"C22.S20.SS4.p1.s1","chapter-title":"Jacobian Elliptic Functions","chapter-xmlid":"C22","section-title":"Methods of Computation","sentence-num-in-chapter":"725","section-xmlid":"C22.S20","sentence-num-in-section":"24","para-num-of-sentences":"1","para-xmlid":"C22.S20.SS4.p1","subsection-title":"Lattice Calculations"},"content-tex":"$k=\\Jacobithetaq{2}^{2}@{0}{q}\/\\Jacobithetaq{3}^{2}@{0}{q}$"}}{"expression":{"xml-id":"C22.S20.SS4.p1.m4","tex":"$k^{\\prime}={\\theta_{4}^{2}}\\left(0,q\\right)\/{\\theta_{3}^{2}}\\left(0,q\\right)$","context":{"sentence-num-in-corpus":"12929","subsection-xmlid":"C22.S20.SS4","sentence-xmlid":"C22.S20.SS4.p1.s1","chapter-title":"Jacobian Elliptic Functions","chapter-xmlid":"C22","section-title":"Methods of Computation","sentence-num-in-chapter":"725","section-xmlid":"C22.S20","sentence-num-in-section":"24","para-num-of-sentences":"1","para-xmlid":"C22.S20.SS4.p1","subsection-title":"Lattice Calculations"},"content-tex":"$k^{\\prime}=\\Jacobithetaq{4}^{2}@{0}{q}\/\\Jacobithetaq{3}^{2}@{0}{q}$"}}{"expression":{"xml-id":"C22.S20.SS4.p1.m5","tex":"$K=\\frac{1}{2}\\pi{\\theta_{3}^{2}}\\left(0,q\\right)$","context":{"sentence-num-in-corpus":"12929","subsection-xmlid":"C22.S20.SS4","sentence-xmlid":"C22.S20.SS4.p1.s1","chapter-title":"Jacobian Elliptic Functions","chapter-xmlid":"C22","section-title":"Methods of Computation","sentence-num-in-chapter":"725","section-xmlid":"C22.S20","sentence-num-in-section":"24","para-num-of-sentences":"1","para-xmlid":"C22.S20.SS4.p1","subsection-title":"Lattice Calculations"},"content-tex":"$K=\\frac{1}{2}\\pi\\Jacobithetaq{3}^{2}@{0}{q}$"}}{"expression":{"xml-id":"C22.S20.SS4.p1.m6","tex":"$K^{\\prime}=-i\\tau K$","context":{"sentence-num-in-corpus":"12929","subsection-xmlid":"C22.S20.SS4","sentence-xmlid":"C22.S20.SS4.p1.s1","chapter-title":"Jacobian Elliptic Functions","chapter-xmlid":"C22","section-title":"Methods of Computation","sentence-num-in-chapter":"725","section-xmlid":"C22.S20","sentence-num-in-section":"24","para-num-of-sentences":"1","para-xmlid":"C22.S20.SS4.p1","subsection-title":"Lattice Calculations"}}}{"expression":{"xml-id":"C22.S20.SS4.p2.m1","tex":"$k,k^{\\prime}$","context":{"sentence-num-in-corpus":"12930","subsection-xmlid":"C22.S20.SS4","sentence-xmlid":"C22.S20.SS4.p2.s1","chapter-title":"Jacobian Elliptic Functions","chapter-xmlid":"C22","section-title":"Methods of Computation","sentence-num-in-chapter":"726","section-xmlid":"C22.S20","sentence-num-in-section":"25","para-num-of-sentences":"1","para-xmlid":"C22.S20.SS4.p2","subsection-title":"Lattice Calculations"}}}{"expression":{"xml-id":"C22.S20.SS4.p2.m2","tex":"$k^{2}+{k^{\\prime}}^{2}=1$","context":{"sentence-num-in-corpus":"12930","subsection-xmlid":"C22.S20.SS4","sentence-xmlid":"C22.S20.SS4.p2.s1","chapter-title":"Jacobian Elliptic Functions","chapter-xmlid":"C22","section-title":"Methods of Computation","sentence-num-in-chapter":"726","section-xmlid":"C22.S20","sentence-num-in-section":"25","para-num-of-sentences":"1","para-xmlid":"C22.S20.SS4.p2","subsection-title":"Lattice Calculations"}}}{"expression":{"xml-id":"C22.S20.SS4.p2.m3","tex":"$\\Im k^{\\prime}\/\\Im k<0$","context":{"sentence-num-in-corpus":"12930","subsection-xmlid":"C22.S20.SS4","sentence-xmlid":"C22.S20.SS4.p2.s1","chapter-title":"Jacobian Elliptic Functions","chapter-xmlid":"C22","section-title":"Methods of Computation","sentence-num-in-chapter":"726","section-xmlid":"C22.S20","sentence-num-in-section":"25","para-num-of-sentences":"1","para-xmlid":"C22.S20.SS4.p2","subsection-title":"Lattice Calculations"},"content-tex":"$\\imagpart@@{k^{\\prime}}\/\\imagpart@@{k}<0$"}}{"expression":{"xml-id":"C22.S20.SS4.p2.m4","tex":"$K,K^{\\prime}$","context":{"sentence-num-in-corpus":"12930","subsection-xmlid":"C22.S20.SS4","sentence-xmlid":"C22.S20.SS4.p2.s1","chapter-title":"Jacobian Elliptic Functions","chapter-xmlid":"C22","section-title":"Methods of Computation","sentence-num-in-chapter":"726","section-xmlid":"C22.S20","sentence-num-in-section":"25","para-num-of-sentences":"1","para-xmlid":"C22.S20.SS4.p2","subsection-title":"Lattice Calculations"}}}{"equation":{"symbols-used":[{"symbol":{"tex":"$\\pi$","meaning":"the ratio of the circumference of a circle to its diameter","idref":"C3.S12.E1","content-tex":"$\\cpi$"}},{"symbol":{"tex":"${K^{\\prime}}\\left(\\NVar{k}\\right)$","meaning":"Legendre\u2019s complementary complete elliptic integral of the first kind","idref":"C19.S2.E9","content-tex":"$\\ccompellintKk@{\\NVar{k}}$"}},{"symbol":{"tex":"$K\\left(\\NVar{k}\\right)$","meaning":"Legendre\u2019s complete elliptic integral of the first kind","idref":"C19.S2.E8","content-tex":"$\\compellintKk@{\\NVar{k}}$"}},{"symbol":{"tex":"$k$","meaning":"modulus","idref":"C22.S1.p2.t1.r3"}},{"symbol":{"tex":"$k^{\\prime}$","meaning":"complementary modulus","idref":"C22.S1.p2.t1.r4"}},{"symbol":{"tex":"$M(a_{0},b_{0})$","meaning":"limit","idref":"C22.S20.SS2.p1"}}],"context":{"sentence-num-in-corpus":"12930","subsection-xmlid":"C22.S20.SS4","sentence-xmlid":"C22.S20.SS4.p2.s1","chapter-title":"Jacobian Elliptic Functions","chapter-xmlid":"C22","section-title":"Methods of Computation","sentence-num-in-chapter":"726","section-xmlid":"C22.S20","sentence-num-in-section":"25","para-num-of-sentences":"1","para-xmlid":"C22.S20.SS4.p2","subsection-title":"Lattice Calculations"},"permalink":"http:\/\/dlmf.nist.gov\/22.20.E6","equation-number":"22.20.6","subequations":[{"subequation":{"xml-id":"C22.S20.Ex7","tex":"$K=\\frac{\\pi}{2M(1,k^{\\prime})},$","context":{"chapter-title":"Jacobian Elliptic Functions","chapter-xmlid":"C22"}}},{"subequation":{"xml-id":"C22.S20.Ex8","tex":"$K^{\\prime}=\\frac{\\pi}{2M(1,k)},$","context":{"chapter-title":"Jacobian Elliptic Functions","chapter-xmlid":"C22"}}}]}}{"expression":{"xml-id":"C3.S12.E1.m2adec","tex":"$\\pi$","context":{"chapter-title":"Jacobian Elliptic Functions","chapter-xmlid":"C22"},"content-tex":"$\\cpi$"}}{"expression":{"xml-id":"C19.S2.E9.m1adec","tex":"${K^{\\prime}}\\left(\\NVar{k}\\right)$","context":{"chapter-title":"Jacobian Elliptic Functions","chapter-xmlid":"C22"},"content-tex":"$\\ccompellintKk@{\\NVar{k}}$"}}{"expression":{"xml-id":"C19.S2.E8.m1aadec","tex":"$K\\left(\\NVar{k}\\right)$","context":{"chapter-title":"Jacobian Elliptic Functions","chapter-xmlid":"C22"},"content-tex":"$\\compellintKk@{\\NVar{k}}$"}}{"expression":{"xml-id":"C22.S1.XMD4.m1adec","tex":"$k$","context":{"chapter-title":"Jacobian Elliptic Functions","chapter-xmlid":"C22"}}}{"expression":{"xml-id":"C22.S1.XMD5.m1dec","tex":"$k^{\\prime}$","context":{"chapter-title":"Jacobian Elliptic Functions","chapter-xmlid":"C22"}}}{"expression":{"xml-id":"C22.S20.XMD5.m1adec","tex":"$M(a_{0},b_{0})$","context":{"chapter-title":"Jacobian Elliptic Functions","chapter-xmlid":"C22"}}}{"expression":{"xml-id":"C22.S20.Px3.p1.m1","tex":"$k=k^{\\prime}=1\/\\sqrt{2}$","context":{"sentence-num-in-corpus":"12931","sentence-xmlid":"C22.S20.Px3.p1.s1","chapter-title":"Jacobian Elliptic Functions","chapter-xmlid":"C22","paragraph-xmlid":"C22.S20.Px3","sentence-num-in-chapter":"727","section-xmlid":"C22.S20","sentence-num-in-section":"26","para-xmlid":"C22.S20.Px3.p1","subsection-title":"Lattice Calculations","subsection-xmlid":"C22.S20.SS4","paragraph-title":"Example 1","section-title":"Methods of Computation","para-num-of-sentences":"3"}}}{"expression":{"xml-id":"C22.S20.Px3.p1.m2","tex":"$M=0.84721\\;30848$","context":{"sentence-num-in-corpus":"12932","sentence-xmlid":"C22.S20.Px3.p1.s2","chapter-title":"Jacobian Elliptic Functions","chapter-xmlid":"C22","paragraph-xmlid":"C22.S20.Px3","sentence-num-in-chapter":"728","section-xmlid":"C22.S20","sentence-num-in-section":"27","para-xmlid":"C22.S20.Px3.p1","subsection-title":"Lattice Calculations","subsection-xmlid":"C22.S20.SS4","paragraph-title":"Example 1","section-title":"Methods of Computation","para-num-of-sentences":"3"}}}{"expression":{"xml-id":"C22.S20.Px3.p1.m3","tex":"$K=\\pi\/(2M)=1.85407\\;46773$","context":{"sentence-num-in-corpus":"12933","sentence-xmlid":"C22.S20.Px3.p1.s3","chapter-title":"Jacobian Elliptic Functions","chapter-xmlid":"C22","paragraph-xmlid":"C22.S20.Px3","sentence-num-in-chapter":"729","section-xmlid":"C22.S20","sentence-num-in-section":"28","para-xmlid":"C22.S20.Px3.p1","subsection-title":"Lattice Calculations","subsection-xmlid":"C22.S20.SS4","paragraph-title":"Example 1","section-title":"Methods of Computation","para-num-of-sentences":"3"}}}{"expression":{"xml-id":"C22.S20.Px3.p1.m4","tex":"$\\left(\\Gamma\\left(\\tfrac{1}{4}\\right)\\right)^{2}\/\\left(4\\sqrt{\\pi}\\right)$","context":{"sentence-num-in-corpus":"12933","sentence-xmlid":"C22.S20.Px3.p1.s3","chapter-title":"Jacobian Elliptic Functions","chapter-xmlid":"C22","paragraph-xmlid":"C22.S20.Px3","sentence-num-in-chapter":"729","section-xmlid":"C22.S20","sentence-num-in-section":"28","para-xmlid":"C22.S20.Px3.p1","subsection-title":"Lattice Calculations","subsection-xmlid":"C22.S20.SS4","paragraph-title":"Example 1","section-title":"Methods of Computation","para-num-of-sentences":"3"},"content-tex":"$\\left(\\EulerGamma@{\\tfrac{1}{4}}\\right)^{2}\/\\left(4\\sqrt{\\pi}\\right)$"}}{"expression":{"xml-id":"C22.S20.Px4.p1.m1","tex":"$k^{\\prime}=1-i$","context":{"sentence-num-in-corpus":"12934","sentence-xmlid":"C22.S20.Px4.p1.s1","chapter-title":"Jacobian Elliptic Functions","chapter-xmlid":"C22","paragraph-xmlid":"C22.S20.Px4","sentence-num-in-chapter":"730","section-xmlid":"C22.S20","sentence-num-in-section":"29","para-xmlid":"C22.S20.Px4.p1","subsection-title":"Lattice Calculations","subsection-xmlid":"C22.S20.SS4","paragraph-title":"Example 2","section-title":"Methods of Computation","para-num-of-sentences":"2"}}}{"expression":{"xml-id":"C22.S20.Px4.p1.m2","tex":"$K=1.23969\\;74481+i0.56499\\;30988$","context":{"sentence-num-in-corpus":"12935","sentence-xmlid":"C22.S20.Px4.p1.s2","chapter-title":"Jacobian Elliptic Functions","chapter-xmlid":"C22","paragraph-xmlid":"C22.S20.Px4","sentence-num-in-chapter":"731","section-xmlid":"C22.S20","sentence-num-in-section":"30","para-xmlid":"C22.S20.Px4.p1","subsection-title":"Lattice Calculations","subsection-xmlid":"C22.S20.SS4","paragraph-title":"Example 2","section-title":"Methods of Computation","para-num-of-sentences":"2"}}}{"expression":{"xml-id":"C22.S20.SS6.info.m1","tex":"$\\operatorname{am}$","context":{"chapter-title":"Jacobian Elliptic Functions","chapter-xmlid":"C22"},"content-tex":"$\\Jacobiamk$"}}{"expression":{"xml-id":"C22.S20.SS6.m1","tex":"$\\operatorname{am}$","context":{"chapter-title":"Jacobian Elliptic Functions","chapter-xmlid":"C22"},"content-tex":"$\\Jacobiamk$"}}{"expression":{"xml-id":"C22.S20.SS6.p1.m1","tex":"$\\operatorname{am}\\left(x,k\\right)$","context":{"sentence-num-in-corpus":"12937","subsection-xmlid":"C22.S20.SS6","sentence-xmlid":"C22.S20.SS6.p1.s1","chapter-title":"Jacobian Elliptic Functions","chapter-xmlid":"C22","section-title":"Methods of Computation","sentence-num-in-chapter":"733","section-xmlid":"C22.S20","sentence-num-in-section":"32","para-num-of-sentences":"2","para-xmlid":"C22.S20.SS6.p1","subsection-title":"Related Functions"},"content-tex":"$\\Jacobiamk@{x}{k}$"}}{"expression":{"xml-id":"C22.S20.SS6.p1.m2","tex":"$\\operatorname{am}\\left(x,k\\right)$","context":{"sentence-num-in-corpus":"12938","subsection-xmlid":"C22.S20.SS6","sentence-xmlid":"C22.S20.SS6.p1.s2","chapter-title":"Jacobian Elliptic Functions","chapter-xmlid":"C22","section-title":"Methods of Computation","sentence-num-in-chapter":"734","section-xmlid":"C22.S20","sentence-num-in-section":"33","para-num-of-sentences":"2","para-xmlid":"C22.S20.SS6.p1","subsection-title":"Related Functions"},"content-tex":"$\\Jacobiamk@{x}{k}$"}}