{"expression":{"xml-id":"C22.S8.SS1.p1.m1","tex":"$u,v\\in\\mathbb{C}$","context":{"sentence-num-in-corpus":"12672","subsection-xmlid":"C22.S8.SS1","sentence-xmlid":"C22.S8.SS1.p1.s1","chapter-title":"Jacobian Elliptic Functions","chapter-xmlid":"C22","section-title":"Addition Theorems","sentence-num-in-chapter":"468","section-xmlid":"C22.S8","sentence-num-in-section":"1","para-num-of-sentences":"1","para-xmlid":"C22.S8.SS1.p1","subsection-title":"Sum of Two Arguments"},"content-tex":"$u,v\\in\\Complexes$"}}{"expression":{"xml-id":"C22.S8.SS1.p1.m2","tex":"$k$","context":{"sentence-num-in-corpus":"12672","subsection-xmlid":"C22.S8.SS1","sentence-xmlid":"C22.S8.SS1.p1.s1","chapter-title":"Jacobian Elliptic Functions","chapter-xmlid":"C22","section-title":"Addition Theorems","sentence-num-in-chapter":"468","section-xmlid":"C22.S8","sentence-num-in-section":"1","para-num-of-sentences":"1","para-xmlid":"C22.S8.SS1.p1","subsection-title":"Sum of Two Arguments"}}}{"expression":{"xml-id":"C22.S8.XMD1.m1","tex":"$u$","context":{"chapter-title":"Jacobian Elliptic Functions","chapter-xmlid":"C22"}}}{"expression":{"xml-id":"C22.S8.XMD2.m1","tex":"$v$","context":{"chapter-title":"Jacobian Elliptic Functions","chapter-xmlid":"C22"}}}{"expression":{"xml-id":"C22.S8.XMD3.m1","tex":"$k$","context":{"chapter-title":"Jacobian Elliptic Functions","chapter-xmlid":"C22"}}}{"equation":{"symbols-used":[{"symbol":{"tex":"$\\operatorname{cn}\\left(\\NVar{z},\\NVar{k}\\right)$","meaning":"Jacobian elliptic function","idref":"C22.S2.E5","content-tex":"$\\Jacobiellcnk@{\\NVar{z}}{\\NVar{k}}$"}},{"symbol":{"tex":"$\\operatorname{dn}\\left(\\NVar{z},\\NVar{k}\\right)$","meaning":"Jacobian elliptic function","idref":"C22.S2.E6","content-tex":"$\\Jacobielldnk@{\\NVar{z}}{\\NVar{k}}$"}},{"symbol":{"tex":"$\\operatorname{sn}\\left(\\NVar{z},\\NVar{k}\\right)$","meaning":"Jacobian elliptic function","idref":"C22.S2.E4","content-tex":"$\\Jacobiellsnk@{\\NVar{z}}{\\NVar{k}}$"}},{"symbol":{"tex":"$u$","meaning":"complex","idref":"C22.S8.SS1.p1"}},{"symbol":{"tex":"$v$","meaning":"complex","idref":"C22.S8.SS1.p1"}},{"symbol":{"tex":"$k$","meaning":"modulus","idref":"C22.S8.SS1.p1"}}],"xml-id":"C22.S8.E1","tex":"$\\operatorname{sn}(u+v)=\\frac{\\operatorname{sn}u\\operatorname{cn}v\\operatorname {dn}v+\\operatorname{sn}v\\operatorname{cn}u\\operatorname{dn}u}{1-k^{2}{ \\operatorname{sn}^{2}}u{\\operatorname{sn}^{2}}v},$","context":{"sentence-num-in-corpus":"12672","subsection-xmlid":"C22.S8.SS1","sentence-xmlid":"C22.S8.SS1.p1.s1","chapter-title":"Jacobian Elliptic Functions","chapter-xmlid":"C22","section-title":"Addition Theorems","sentence-num-in-chapter":"468","section-xmlid":"C22.S8","sentence-num-in-section":"1","para-num-of-sentences":"1","para-xmlid":"C22.S8.SS1.p1","subsection-title":"Sum of Two Arguments"},"permalink":"http:\/\/dlmf.nist.gov\/22.8.E1","equation-number":"22.8.1","content-tex":"$\\Jacobiellsnk@@{(u+v)}{k}=\\frac{\\Jacobiellsnk@@{u}{k}\\Jacobiellcnk@@{v}{k} \\Jacobielldnk@@{v}{k}+\\Jacobiellsnk@@{v}{k}\\Jacobiellcnk@@{u}{k}\\Jacobielldnk @@{u}{k}}{1-k^{2}\\Jacobiellsnk^{2}@@{u}{k}\\Jacobiellsnk^{2}@@{v}{k}},$"}}{"equation":{"symbols-used":[{"symbol":{"tex":"$\\operatorname{cn}\\left(\\NVar{z},\\NVar{k}\\right)$","meaning":"Jacobian elliptic function","idref":"C22.S2.E5","content-tex":"$\\Jacobiellcnk@{\\NVar{z}}{\\NVar{k}}$"}},{"symbol":{"tex":"$\\operatorname{dn}\\left(\\NVar{z},\\NVar{k}\\right)$","meaning":"Jacobian elliptic function","idref":"C22.S2.E6","content-tex":"$\\Jacobielldnk@{\\NVar{z}}{\\NVar{k}}$"}},{"symbol":{"tex":"$\\operatorname{sn}\\left(\\NVar{z},\\NVar{k}\\right)$","meaning":"Jacobian elliptic function","idref":"C22.S2.E4","content-tex":"$\\Jacobiellsnk@{\\NVar{z}}{\\NVar{k}}$"}},{"symbol":{"tex":"$u$","meaning":"complex","idref":"C22.S8.SS1.p1"}},{"symbol":{"tex":"$v$","meaning":"complex","idref":"C22.S8.SS1.p1"}},{"symbol":{"tex":"$k$","meaning":"modulus","idref":"C22.S8.SS1.p1"}}],"xml-id":"C22.S8.E2","tex":"$\\operatorname{cn}(u+v)=\\frac{\\operatorname{cn}u\\operatorname{cn}v- \\operatorname{sn}u\\operatorname{dn}u\\operatorname{sn}v\\operatorname{dn}v}{1-k^ {2}{\\operatorname{sn}^{2}}u{\\operatorname{sn}^{2}}v},$","context":{"sentence-num-in-corpus":"12672","subsection-xmlid":"C22.S8.SS1","sentence-xmlid":"C22.S8.SS1.p1.s1","chapter-title":"Jacobian Elliptic Functions","chapter-xmlid":"C22","section-title":"Addition Theorems","sentence-num-in-chapter":"468","section-xmlid":"C22.S8","sentence-num-in-section":"1","para-num-of-sentences":"1","para-xmlid":"C22.S8.SS1.p1","subsection-title":"Sum of Two Arguments"},"permalink":"http:\/\/dlmf.nist.gov\/22.8.E2","equation-number":"22.8.2","content-tex":"$\\Jacobiellcnk@@{(u+v)}{k}=\\frac{\\Jacobiellcnk@@{u}{k}\\Jacobiellcnk@@{v}{k}- \\Jacobiellsnk@@{u}{k}\\Jacobielldnk@@{u}{k}\\Jacobiellsnk@@{v}{k}\\Jacobielldnk@@ {v}{k}}{1-k^{2}\\Jacobiellsnk^{2}@@{u}{k}\\Jacobiellsnk^{2}@@{v}{k}},$"}}{"equation":{"symbols-used":[{"symbol":{"tex":"$\\operatorname{cn}\\left(\\NVar{z},\\NVar{k}\\right)$","meaning":"Jacobian elliptic function","idref":"C22.S2.E5","content-tex":"$\\Jacobiellcnk@{\\NVar{z}}{\\NVar{k}}$"}},{"symbol":{"tex":"$\\operatorname{dn}\\left(\\NVar{z},\\NVar{k}\\right)$","meaning":"Jacobian elliptic function","idref":"C22.S2.E6","content-tex":"$\\Jacobielldnk@{\\NVar{z}}{\\NVar{k}}$"}},{"symbol":{"tex":"$\\operatorname{sn}\\left(\\NVar{z},\\NVar{k}\\right)$","meaning":"Jacobian elliptic function","idref":"C22.S2.E4","content-tex":"$\\Jacobiellsnk@{\\NVar{z}}{\\NVar{k}}$"}},{"symbol":{"tex":"$u$","meaning":"complex","idref":"C22.S8.SS1.p1"}},{"symbol":{"tex":"$v$","meaning":"complex","idref":"C22.S8.SS1.p1"}},{"symbol":{"tex":"$k$","meaning":"modulus","idref":"C22.S8.SS1.p1"}}],"xml-id":"C22.S8.E3","tex":"$\\operatorname{dn}(u+v)=\\frac{\\operatorname{dn}u\\operatorname{dn}v-k^{2} \\operatorname{sn}u\\operatorname{cn}u\\operatorname{sn}v\\operatorname{cn}v}{1-k^ {2}{\\operatorname{sn}^{2}}u{\\operatorname{sn}^{2}}v}.$","context":{"sentence-num-in-corpus":"12672","subsection-xmlid":"C22.S8.SS1","sentence-xmlid":"C22.S8.SS1.p1.s1","chapter-title":"Jacobian Elliptic Functions","chapter-xmlid":"C22","section-title":"Addition Theorems","sentence-num-in-chapter":"468","section-xmlid":"C22.S8","sentence-num-in-section":"1","para-num-of-sentences":"1","para-xmlid":"C22.S8.SS1.p1","subsection-title":"Sum of Two Arguments"},"permalink":"http:\/\/dlmf.nist.gov\/22.8.E3","equation-number":"22.8.3","content-tex":"$\\Jacobielldnk@@{(u+v)}{k}=\\frac{\\Jacobielldnk@@{u}{k}\\Jacobielldnk@@{v}{k}-k^{ 2}\\Jacobiellsnk@@{u}{k}\\Jacobiellcnk@@{u}{k}\\Jacobiellsnk@@{v}{k}\\Jacobiellcnk @@{v}{k}}{1-k^{2}\\Jacobiellsnk^{2}@@{u}{k}\\Jacobiellsnk^{2}@@{v}{k}}.$"}}{"equation":{"symbols-used":[{"symbol":{"tex":"$\\operatorname{cd}\\left(\\NVar{z},\\NVar{k}\\right)$","meaning":"Jacobian elliptic function","idref":"C22.S2.E8","content-tex":"$\\Jacobiellcdk@{\\NVar{z}}{\\NVar{k}}$"}},{"symbol":{"tex":"$\\operatorname{nd}\\left(\\NVar{z},\\NVar{k}\\right)$","meaning":"Jacobian elliptic function","idref":"C22.S2.E6","content-tex":"$\\Jacobiellndk@{\\NVar{z}}{\\NVar{k}}$"}},{"symbol":{"tex":"$\\operatorname{sd}\\left(\\NVar{z},\\NVar{k}\\right)$","meaning":"Jacobian elliptic function","idref":"C22.S2.E7","content-tex":"$\\Jacobiellsdk@{\\NVar{z}}{\\NVar{k}}$"}},{"symbol":{"tex":"$u$","meaning":"complex","idref":"C22.S8.SS1.p1"}},{"symbol":{"tex":"$v$","meaning":"complex","idref":"C22.S8.SS1.p1"}},{"symbol":{"tex":"$k$","meaning":"modulus","idref":"C22.S8.SS1.p1"}}],"xml-id":"C22.S8.E4","tex":"$\\operatorname{cd}(u+v)=\\frac{\\operatorname{cd}u\\operatorname{cd}v-{k^{\\prime}} ^{2}\\operatorname{sd}u\\operatorname{nd}u\\operatorname{sd}v\\operatorname{nd}v}{ 1+k^{2}{k^{\\prime}}^{2}{\\operatorname{sd}^{2}}u{\\operatorname{sd}^{2}}v},$","context":{"sentence-num-in-corpus":"12673","subsection-xmlid":"C22.S8.SS1","sentence-xmlid":"C22.S8.SS1.p3.s1","chapter-title":"Jacobian Elliptic Functions","chapter-xmlid":"C22","section-title":"Addition Theorems","sentence-num-in-chapter":"469","section-xmlid":"C22.S8","sentence-num-in-section":"2","para-num-of-sentences":"1","para-xmlid":"C22.S8.SS1.p3","subsection-title":"Sum of Two Arguments"},"permalink":"http:\/\/dlmf.nist.gov\/22.8.E4","equation-number":"22.8.4","content-tex":"$\\Jacobiellcdk@@{(u+v)}{k}=\\frac{\\Jacobiellcdk@@{u}{k}\\Jacobiellcdk@@{v}{k}-{k^ {\\prime}}^{2}\\Jacobiellsdk@@{u}{k}\\Jacobiellndk@@{u}{k}\\Jacobiellsdk@@{v}{k} \\Jacobiellndk@@{v}{k}}{1+k^{2}{k^{\\prime}}^{2}\\Jacobiellsdk^{2}@@{u}{k} \\Jacobiellsdk^{2}@@{v}{k}},$"}}{"equation":{"symbols-used":[{"symbol":{"tex":"$\\operatorname{cd}\\left(\\NVar{z},\\NVar{k}\\right)$","meaning":"Jacobian elliptic function","idref":"C22.S2.E8","content-tex":"$\\Jacobiellcdk@{\\NVar{z}}{\\NVar{k}}$"}},{"symbol":{"tex":"$\\operatorname{nd}\\left(\\NVar{z},\\NVar{k}\\right)$","meaning":"Jacobian elliptic function","idref":"C22.S2.E6","content-tex":"$\\Jacobiellndk@{\\NVar{z}}{\\NVar{k}}$"}},{"symbol":{"tex":"$\\operatorname{sd}\\left(\\NVar{z},\\NVar{k}\\right)$","meaning":"Jacobian elliptic function","idref":"C22.S2.E7","content-tex":"$\\Jacobiellsdk@{\\NVar{z}}{\\NVar{k}}$"}},{"symbol":{"tex":"$u$","meaning":"complex","idref":"C22.S8.SS1.p1"}},{"symbol":{"tex":"$v$","meaning":"complex","idref":"C22.S8.SS1.p1"}},{"symbol":{"tex":"$k$","meaning":"modulus","idref":"C22.S8.SS1.p1"}}],"xml-id":"C22.S8.E5","tex":"$\\operatorname{sd}(u+v)=\\frac{\\operatorname{sd}u\\operatorname{cd}v\\operatorname {nd}v+\\operatorname{sd}v\\operatorname{cd}u\\operatorname{nd}u}{1+k^{2}{k^{ \\prime}}^{2}{\\operatorname{sd}^{2}}u{\\operatorname{sd}^{2}}v},$","context":{"sentence-num-in-corpus":"12673","subsection-xmlid":"C22.S8.SS1","sentence-xmlid":"C22.S8.SS1.p3.s1","chapter-title":"Jacobian Elliptic Functions","chapter-xmlid":"C22","section-title":"Addition Theorems","sentence-num-in-chapter":"469","section-xmlid":"C22.S8","sentence-num-in-section":"2","para-num-of-sentences":"1","para-xmlid":"C22.S8.SS1.p3","subsection-title":"Sum of Two Arguments"},"permalink":"http:\/\/dlmf.nist.gov\/22.8.E5","equation-number":"22.8.5","content-tex":"$\\Jacobiellsdk@@{(u+v)}{k}=\\frac{\\Jacobiellsdk@@{u}{k}\\Jacobiellcdk@@{v}{k} \\Jacobiellndk@@{v}{k}+\\Jacobiellsdk@@{v}{k}\\Jacobiellcdk@@{u}{k}\\Jacobiellndk @@{u}{k}}{1+k^{2}{k^{\\prime}}^{2}\\Jacobiellsdk^{2}@@{u}{k}\\Jacobiellsdk^{2}@@{ v}{k}},$"}}{"equation":{"symbols-used":[{"symbol":{"tex":"$\\operatorname{cd}\\left(\\NVar{z},\\NVar{k}\\right)$","meaning":"Jacobian elliptic function","idref":"C22.S2.E8","content-tex":"$\\Jacobiellcdk@{\\NVar{z}}{\\NVar{k}}$"}},{"symbol":{"tex":"$\\operatorname{nd}\\left(\\NVar{z},\\NVar{k}\\right)$","meaning":"Jacobian elliptic function","idref":"C22.S2.E6","content-tex":"$\\Jacobiellndk@{\\NVar{z}}{\\NVar{k}}$"}},{"symbol":{"tex":"$\\operatorname{sd}\\left(\\NVar{z},\\NVar{k}\\right)$","meaning":"Jacobian elliptic function","idref":"C22.S2.E7","content-tex":"$\\Jacobiellsdk@{\\NVar{z}}{\\NVar{k}}$"}},{"symbol":{"tex":"$u$","meaning":"complex","idref":"C22.S8.SS1.p1"}},{"symbol":{"tex":"$v$","meaning":"complex","idref":"C22.S8.SS1.p1"}},{"symbol":{"tex":"$k$","meaning":"modulus","idref":"C22.S8.SS1.p1"}}],"xml-id":"C22.S8.E6","tex":"$\\operatorname{nd}(u+v)=\\frac{\\operatorname{nd}u\\operatorname{nd}v+k^{2} \\operatorname{sd}u\\operatorname{cd}u\\operatorname{sd}v\\operatorname{cd}v}{1+k^ {2}{k^{\\prime}}^{2}{\\operatorname{sd}^{2}}u{\\operatorname{sd}^{2}}v},$","context":{"sentence-num-in-corpus":"12673","subsection-xmlid":"C22.S8.SS1","sentence-xmlid":"C22.S8.SS1.p3.s1","chapter-title":"Jacobian Elliptic Functions","chapter-xmlid":"C22","section-title":"Addition Theorems","sentence-num-in-chapter":"469","section-xmlid":"C22.S8","sentence-num-in-section":"2","para-num-of-sentences":"1","para-xmlid":"C22.S8.SS1.p3","subsection-title":"Sum of Two Arguments"},"permalink":"http:\/\/dlmf.nist.gov\/22.8.E6","equation-number":"22.8.6","content-tex":"$\\Jacobiellndk@@{(u+v)}{k}=\\frac{\\Jacobiellndk@@{u}{k}\\Jacobiellndk@@{v}{k}+k^{ 2}\\Jacobiellsdk@@{u}{k}\\Jacobiellcdk@@{u}{k}\\Jacobiellsdk@@{v}{k}\\Jacobiellcdk @@{v}{k}}{1+k^{2}{k^{\\prime}}^{2}\\Jacobiellsdk^{2}@@{u}{k}\\Jacobiellsdk^{2}@@{ v}{k}},$"}}{"equation":{"symbols-used":[{"symbol":{"tex":"$\\operatorname{dc}\\left(\\NVar{z},\\NVar{k}\\right)$","meaning":"Jacobian elliptic function","idref":"C22.S2.E8","content-tex":"$\\Jacobielldck@{\\NVar{z}}{\\NVar{k}}$"}},{"symbol":{"tex":"$\\operatorname{nc}\\left(\\NVar{z},\\NVar{k}\\right)$","meaning":"Jacobian elliptic function","idref":"C22.S2.E5","content-tex":"$\\Jacobiellnck@{\\NVar{z}}{\\NVar{k}}$"}},{"symbol":{"tex":"$\\operatorname{sc}\\left(\\NVar{z},\\NVar{k}\\right)$","meaning":"Jacobian elliptic function","idref":"C22.S2.E9","content-tex":"$\\Jacobiellsck@{\\NVar{z}}{\\NVar{k}}$"}},{"symbol":{"tex":"$u$","meaning":"complex","idref":"C22.S8.SS1.p1"}},{"symbol":{"tex":"$v$","meaning":"complex","idref":"C22.S8.SS1.p1"}},{"symbol":{"tex":"$k$","meaning":"modulus","idref":"C22.S8.SS1.p1"}}],"xml-id":"C22.S8.E7","tex":"$\\operatorname{dc}(u+v)=\\frac{\\operatorname{dc}u\\operatorname{dc}v+{k^{\\prime}} ^{2}\\operatorname{sc}u\\operatorname{nc}u\\operatorname{sc}v\\operatorname{nc}v}{ 1-{k^{\\prime}}^{2}{\\operatorname{sc}^{2}}u{\\operatorname{sc}^{2}}v},$","context":{"sentence-num-in-corpus":"12673","subsection-xmlid":"C22.S8.SS1","sentence-xmlid":"C22.S8.SS1.p3.s1","chapter-title":"Jacobian Elliptic Functions","chapter-xmlid":"C22","section-title":"Addition Theorems","sentence-num-in-chapter":"469","section-xmlid":"C22.S8","sentence-num-in-section":"2","para-num-of-sentences":"1","para-xmlid":"C22.S8.SS1.p3","subsection-title":"Sum of Two Arguments"},"permalink":"http:\/\/dlmf.nist.gov\/22.8.E7","equation-number":"22.8.7","content-tex":"$\\Jacobielldck@@{(u+v)}{k}=\\frac{\\Jacobielldck@@{u}{k}\\Jacobielldck@@{v}{k}+{k^ {\\prime}}^{2}\\Jacobiellsck@@{u}{k}\\Jacobiellnck@@{u}{k}\\Jacobiellsck@@{v}{k} \\Jacobiellnck@@{v}{k}}{1-{k^{\\prime}}^{2}\\Jacobiellsck^{2}@@{u}{k} \\Jacobiellsck^{2}@@{v}{k}},$"}}{"equation":{"symbols-used":[{"symbol":{"tex":"$\\operatorname{dc}\\left(\\NVar{z},\\NVar{k}\\right)$","meaning":"Jacobian elliptic function","idref":"C22.S2.E8","content-tex":"$\\Jacobielldck@{\\NVar{z}}{\\NVar{k}}$"}},{"symbol":{"tex":"$\\operatorname{nc}\\left(\\NVar{z},\\NVar{k}\\right)$","meaning":"Jacobian elliptic function","idref":"C22.S2.E5","content-tex":"$\\Jacobiellnck@{\\NVar{z}}{\\NVar{k}}$"}},{"symbol":{"tex":"$\\operatorname{sc}\\left(\\NVar{z},\\NVar{k}\\right)$","meaning":"Jacobian elliptic function","idref":"C22.S2.E9","content-tex":"$\\Jacobiellsck@{\\NVar{z}}{\\NVar{k}}$"}},{"symbol":{"tex":"$u$","meaning":"complex","idref":"C22.S8.SS1.p1"}},{"symbol":{"tex":"$v$","meaning":"complex","idref":"C22.S8.SS1.p1"}},{"symbol":{"tex":"$k$","meaning":"modulus","idref":"C22.S8.SS1.p1"}}],"xml-id":"C22.S8.E8","tex":"$\\operatorname{nc}(u+v)=\\frac{\\operatorname{nc}u\\operatorname{nc}v+ \\operatorname{sc}u\\operatorname{dc}u\\operatorname{sc}v\\operatorname{dc}v}{1-{k ^{\\prime}}^{2}{\\operatorname{sc}^{2}}u{\\operatorname{sc}^{2}}v},$","context":{"sentence-num-in-corpus":"12673","subsection-xmlid":"C22.S8.SS1","sentence-xmlid":"C22.S8.SS1.p3.s1","chapter-title":"Jacobian Elliptic Functions","chapter-xmlid":"C22","section-title":"Addition Theorems","sentence-num-in-chapter":"469","section-xmlid":"C22.S8","sentence-num-in-section":"2","para-num-of-sentences":"1","para-xmlid":"C22.S8.SS1.p3","subsection-title":"Sum of Two Arguments"},"permalink":"http:\/\/dlmf.nist.gov\/22.8.E8","equation-number":"22.8.8","content-tex":"$\\Jacobiellnck@@{(u+v)}{k}=\\frac{\\Jacobiellnck@@{u}{k}\\Jacobiellnck@@{v}{k}+ \\Jacobiellsck@@{u}{k}\\Jacobielldck@@{u}{k}\\Jacobiellsck@@{v}{k}\\Jacobielldck@@ {v}{k}}{1-{k^{\\prime}}^{2}\\Jacobiellsck^{2}@@{u}{k}\\Jacobiellsck^{2}@@{v}{k}},$"}}{"equation":{"symbols-used":[{"symbol":{"tex":"$\\operatorname{dc}\\left(\\NVar{z},\\NVar{k}\\right)$","meaning":"Jacobian elliptic function","idref":"C22.S2.E8","content-tex":"$\\Jacobielldck@{\\NVar{z}}{\\NVar{k}}$"}},{"symbol":{"tex":"$\\operatorname{nc}\\left(\\NVar{z},\\NVar{k}\\right)$","meaning":"Jacobian elliptic function","idref":"C22.S2.E5","content-tex":"$\\Jacobiellnck@{\\NVar{z}}{\\NVar{k}}$"}},{"symbol":{"tex":"$\\operatorname{sc}\\left(\\NVar{z},\\NVar{k}\\right)$","meaning":"Jacobian elliptic function","idref":"C22.S2.E9","content-tex":"$\\Jacobiellsck@{\\NVar{z}}{\\NVar{k}}$"}},{"symbol":{"tex":"$u$","meaning":"complex","idref":"C22.S8.SS1.p1"}},{"symbol":{"tex":"$v$","meaning":"complex","idref":"C22.S8.SS1.p1"}},{"symbol":{"tex":"$k$","meaning":"modulus","idref":"C22.S8.SS1.p1"}}],"xml-id":"C22.S8.E9","tex":"$\\operatorname{sc}(u+v)=\\frac{\\operatorname{sc}u\\operatorname{dc}v\\operatorname {nc}v+\\operatorname{sc}v\\operatorname{dc}u\\operatorname{nc}u}{1-{k^{\\prime}}^{ 2}{\\operatorname{sc}^{2}}u{\\operatorname{sc}^{2}}v},$","context":{"sentence-num-in-corpus":"12673","subsection-xmlid":"C22.S8.SS1","sentence-xmlid":"C22.S8.SS1.p3.s1","chapter-title":"Jacobian Elliptic Functions","chapter-xmlid":"C22","section-title":"Addition Theorems","sentence-num-in-chapter":"469","section-xmlid":"C22.S8","sentence-num-in-section":"2","para-num-of-sentences":"1","para-xmlid":"C22.S8.SS1.p3","subsection-title":"Sum of Two Arguments"},"permalink":"http:\/\/dlmf.nist.gov\/22.8.E9","equation-number":"22.8.9","content-tex":"$\\Jacobiellsck@@{(u+v)}{k}=\\frac{\\Jacobiellsck@@{u}{k}\\Jacobielldck@@{v}{k} \\Jacobiellnck@@{v}{k}+\\Jacobiellsck@@{v}{k}\\Jacobielldck@@{u}{k}\\Jacobiellnck @@{u}{k}}{1-{k^{\\prime}}^{2}\\Jacobiellsck^{2}@@{u}{k}\\Jacobiellsck^{2}@@{v}{k}},$"}}{"equation":{"symbols-used":[{"symbol":{"tex":"$\\operatorname{cs}\\left(\\NVar{z},\\NVar{k}\\right)$","meaning":"Jacobian elliptic function","idref":"C22.S2.E9","content-tex":"$\\Jacobiellcsk@{\\NVar{z}}{\\NVar{k}}$"}},{"symbol":{"tex":"$\\operatorname{ds}\\left(\\NVar{z},\\NVar{k}\\right)$","meaning":"Jacobian elliptic function","idref":"C22.S2.E7","content-tex":"$\\Jacobielldsk@{\\NVar{z}}{\\NVar{k}}$"}},{"symbol":{"tex":"$\\operatorname{ns}\\left(\\NVar{z},\\NVar{k}\\right)$","meaning":"Jacobian elliptic function","idref":"C22.S2.E4","content-tex":"$\\Jacobiellnsk@{\\NVar{z}}{\\NVar{k}}$"}},{"symbol":{"tex":"$u$","meaning":"complex","idref":"C22.S8.SS1.p1"}},{"symbol":{"tex":"$v$","meaning":"complex","idref":"C22.S8.SS1.p1"}},{"symbol":{"tex":"$k$","meaning":"modulus","idref":"C22.S8.SS1.p1"}}],"xml-id":"C22.S8.E10","tex":"$\\operatorname{ns}(u+v)=\\frac{\\operatorname{ns}u\\operatorname{ds}v\\operatorname {cs}v-\\operatorname{ns}v\\operatorname{ds}u\\operatorname{cs}u}{{\\operatorname{ cs}^{2}}v-{\\operatorname{cs}^{2}}u},$","context":{"sentence-num-in-corpus":"12673","subsection-xmlid":"C22.S8.SS1","sentence-xmlid":"C22.S8.SS1.p3.s1","chapter-title":"Jacobian Elliptic Functions","chapter-xmlid":"C22","section-title":"Addition Theorems","sentence-num-in-chapter":"469","section-xmlid":"C22.S8","sentence-num-in-section":"2","para-num-of-sentences":"1","para-xmlid":"C22.S8.SS1.p3","subsection-title":"Sum of Two Arguments"},"permalink":"http:\/\/dlmf.nist.gov\/22.8.E10","equation-number":"22.8.10","content-tex":"$\\Jacobiellnsk@@{(u+v)}{k}=\\frac{\\Jacobiellnsk@@{u}{k}\\Jacobielldsk@@{v}{k} \\Jacobiellcsk@@{v}{k}-\\Jacobiellnsk@@{v}{k}\\Jacobielldsk@@{u}{k}\\Jacobiellcsk @@{u}{k}}{\\Jacobiellcsk^{2}@@{v}{k}-\\Jacobiellcsk^{2}@@{u}{k}},$"}}{"equation":{"symbols-used":[{"symbol":{"tex":"$\\operatorname{cs}\\left(\\NVar{z},\\NVar{k}\\right)$","meaning":"Jacobian elliptic function","idref":"C22.S2.E9","content-tex":"$\\Jacobiellcsk@{\\NVar{z}}{\\NVar{k}}$"}},{"symbol":{"tex":"$\\operatorname{ds}\\left(\\NVar{z},\\NVar{k}\\right)$","meaning":"Jacobian elliptic function","idref":"C22.S2.E7","content-tex":"$\\Jacobielldsk@{\\NVar{z}}{\\NVar{k}}$"}},{"symbol":{"tex":"$\\operatorname{ns}\\left(\\NVar{z},\\NVar{k}\\right)$","meaning":"Jacobian elliptic function","idref":"C22.S2.E4","content-tex":"$\\Jacobiellnsk@{\\NVar{z}}{\\NVar{k}}$"}},{"symbol":{"tex":"$u$","meaning":"complex","idref":"C22.S8.SS1.p1"}},{"symbol":{"tex":"$v$","meaning":"complex","idref":"C22.S8.SS1.p1"}},{"symbol":{"tex":"$k$","meaning":"modulus","idref":"C22.S8.SS1.p1"}}],"xml-id":"C22.S8.E11","tex":"$\\operatorname{ds}(u+v)=\\frac{\\operatorname{ds}u\\operatorname{cs}v\\operatorname {ns}v-\\operatorname{ds}v\\operatorname{cs}u\\operatorname{ns}u}{{\\operatorname{ cs}^{2}}v-{\\operatorname{cs}^{2}}u},$","context":{"sentence-num-in-corpus":"12673","subsection-xmlid":"C22.S8.SS1","sentence-xmlid":"C22.S8.SS1.p3.s1","chapter-title":"Jacobian Elliptic Functions","chapter-xmlid":"C22","section-title":"Addition Theorems","sentence-num-in-chapter":"469","section-xmlid":"C22.S8","sentence-num-in-section":"2","para-num-of-sentences":"1","para-xmlid":"C22.S8.SS1.p3","subsection-title":"Sum of Two Arguments"},"permalink":"http:\/\/dlmf.nist.gov\/22.8.E11","equation-number":"22.8.11","content-tex":"$\\Jacobielldsk@@{(u+v)}{k}=\\frac{\\Jacobielldsk@@{u}{k}\\Jacobiellcsk@@{v}{k} \\Jacobiellnsk@@{v}{k}-\\Jacobielldsk@@{v}{k}\\Jacobiellcsk@@{u}{k}\\Jacobiellnsk @@{u}{k}}{\\Jacobiellcsk^{2}@@{v}{k}-\\Jacobiellcsk^{2}@@{u}{k}},$"}}{"equation":{"symbols-used":[{"symbol":{"tex":"$\\operatorname{cs}\\left(\\NVar{z},\\NVar{k}\\right)$","meaning":"Jacobian elliptic function","idref":"C22.S2.E9","content-tex":"$\\Jacobiellcsk@{\\NVar{z}}{\\NVar{k}}$"}},{"symbol":{"tex":"$\\operatorname{ds}\\left(\\NVar{z},\\NVar{k}\\right)$","meaning":"Jacobian elliptic function","idref":"C22.S2.E7","content-tex":"$\\Jacobielldsk@{\\NVar{z}}{\\NVar{k}}$"}},{"symbol":{"tex":"$\\operatorname{ns}\\left(\\NVar{z},\\NVar{k}\\right)$","meaning":"Jacobian elliptic function","idref":"C22.S2.E4","content-tex":"$\\Jacobiellnsk@{\\NVar{z}}{\\NVar{k}}$"}},{"symbol":{"tex":"$u$","meaning":"complex","idref":"C22.S8.SS1.p1"}},{"symbol":{"tex":"$v$","meaning":"complex","idref":"C22.S8.SS1.p1"}},{"symbol":{"tex":"$k$","meaning":"modulus","idref":"C22.S8.SS1.p1"}}],"xml-id":"C22.S8.E12","tex":"$\\operatorname{cs}(u+v)=\\frac{\\operatorname{cs}u\\operatorname{ds}v\\operatorname {ns}v-\\operatorname{cs}v\\operatorname{ds}u\\operatorname{ns}u}{{\\operatorname{ cs}^{2}}v-{\\operatorname{cs}^{2}}u}.$","context":{"sentence-num-in-corpus":"12673","subsection-xmlid":"C22.S8.SS1","sentence-xmlid":"C22.S8.SS1.p3.s1","chapter-title":"Jacobian Elliptic Functions","chapter-xmlid":"C22","section-title":"Addition Theorems","sentence-num-in-chapter":"469","section-xmlid":"C22.S8","sentence-num-in-section":"2","para-num-of-sentences":"1","para-xmlid":"C22.S8.SS1.p3","subsection-title":"Sum of Two Arguments"},"permalink":"http:\/\/dlmf.nist.gov\/22.8.E12","equation-number":"22.8.12","content-tex":"$\\Jacobiellcsk@@{(u+v)}{k}=\\frac{\\Jacobiellcsk@@{u}{k}\\Jacobielldsk@@{v}{k} \\Jacobiellnsk@@{v}{k}-\\Jacobiellcsk@@{v}{k}\\Jacobielldsk@@{u}{k}\\Jacobiellnsk @@{u}{k}}{\\Jacobiellcsk^{2}@@{v}{k}-\\Jacobiellcsk^{2}@@{u}{k}}.$"}}{"expression":{"xml-id":"C22.S8.SS2.p1.m1","tex":"$u,v\\in\\mathbb{C}$","context":{"sentence-num-in-corpus":"12675","subsection-xmlid":"C22.S8.SS2","sentence-xmlid":"C22.S8.SS2.p1.s1","chapter-title":"Jacobian Elliptic Functions","chapter-xmlid":"C22","section-title":"Addition Theorems","sentence-num-in-chapter":"471","section-xmlid":"C22.S8","sentence-num-in-section":"4","para-num-of-sentences":"1","para-xmlid":"C22.S8.SS2.p1","subsection-title":"Alternative Forms for Sum of Two Arguments"},"content-tex":"$u,v\\in\\Complexes$"}}{"expression":{"xml-id":"C22.S8.SS2.p1.m2","tex":"$k$","context":{"sentence-num-in-corpus":"12675","subsection-xmlid":"C22.S8.SS2","sentence-xmlid":"C22.S8.SS2.p1.s1","chapter-title":"Jacobian Elliptic Functions","chapter-xmlid":"C22","section-title":"Addition Theorems","sentence-num-in-chapter":"471","section-xmlid":"C22.S8","sentence-num-in-section":"4","para-num-of-sentences":"1","para-xmlid":"C22.S8.SS2.p1","subsection-title":"Alternative Forms for Sum of Two Arguments"}}}{"expression":{"xml-id":"C22.S8.XMD4.m1","tex":"$u$","context":{"chapter-title":"Jacobian Elliptic Functions","chapter-xmlid":"C22"}}}{"expression":{"xml-id":"C22.S8.XMD5.m1","tex":"$v$","context":{"chapter-title":"Jacobian Elliptic Functions","chapter-xmlid":"C22"}}}{"expression":{"xml-id":"C22.S8.XMD6.m1","tex":"$k$","context":{"chapter-title":"Jacobian Elliptic Functions","chapter-xmlid":"C22"}}}{"equation":{"symbols-used":[{"symbol":{"tex":"$\\operatorname{cn}\\left(\\NVar{z},\\NVar{k}\\right)$","meaning":"Jacobian elliptic function","idref":"C22.S2.E5","content-tex":"$\\Jacobiellcnk@{\\NVar{z}}{\\NVar{k}}$"}},{"symbol":{"tex":"$\\operatorname{dn}\\left(\\NVar{z},\\NVar{k}\\right)$","meaning":"Jacobian elliptic function","idref":"C22.S2.E6","content-tex":"$\\Jacobielldnk@{\\NVar{z}}{\\NVar{k}}$"}},{"symbol":{"tex":"$\\operatorname{sn}\\left(\\NVar{z},\\NVar{k}\\right)$","meaning":"Jacobian elliptic function","idref":"C22.S2.E4","content-tex":"$\\Jacobiellsnk@{\\NVar{z}}{\\NVar{k}}$"}},{"symbol":{"tex":"$u$","meaning":"complex","idref":"C22.S8.SS2.p1"}},{"symbol":{"tex":"$v$","meaning":"complex","idref":"C22.S8.SS2.p1"}},{"symbol":{"tex":"$k$","meaning":"modulus","idref":"C22.S8.SS2.p1"}}],"xml-id":"C22.S8.E13","tex":"$\\operatorname{sn}(u+v)=\\frac{{\\operatorname{sn}^{2}}u-{\\operatorname{sn}^{2}}v }{\\operatorname{sn}u\\operatorname{cn}v\\operatorname{dn}v-\\operatorname{sn}v \\operatorname{cn}u\\operatorname{dn}u},$","context":{"sentence-num-in-corpus":"12675","subsection-xmlid":"C22.S8.SS2","sentence-xmlid":"C22.S8.SS2.p1.s1","chapter-title":"Jacobian Elliptic Functions","chapter-xmlid":"C22","section-title":"Addition Theorems","sentence-num-in-chapter":"471","section-xmlid":"C22.S8","sentence-num-in-section":"4","para-num-of-sentences":"1","para-xmlid":"C22.S8.SS2.p1","subsection-title":"Alternative Forms for Sum of Two Arguments"},"permalink":"http:\/\/dlmf.nist.gov\/22.8.E13","equation-number":"22.8.13","content-tex":"$\\Jacobiellsnk@@{(u+v)}{k}=\\frac{\\Jacobiellsnk^{2}@@{u}{k}-\\Jacobiellsnk^{2}@@{ v}{k}}{\\Jacobiellsnk@@{u}{k}\\Jacobiellcnk@@{v}{k}\\Jacobielldnk@@{v}{k}- \\Jacobiellsnk@@{v}{k}\\Jacobiellcnk@@{u}{k}\\Jacobielldnk@@{u}{k}},$"}}{"equation":{"symbols-used":[{"symbol":{"tex":"$\\operatorname{cn}\\left(\\NVar{z},\\NVar{k}\\right)$","meaning":"Jacobian elliptic function","idref":"C22.S2.E5","content-tex":"$\\Jacobiellcnk@{\\NVar{z}}{\\NVar{k}}$"}},{"symbol":{"tex":"$\\operatorname{dn}\\left(\\NVar{z},\\NVar{k}\\right)$","meaning":"Jacobian elliptic function","idref":"C22.S2.E6","content-tex":"$\\Jacobielldnk@{\\NVar{z}}{\\NVar{k}}$"}},{"symbol":{"tex":"$\\operatorname{sn}\\left(\\NVar{z},\\NVar{k}\\right)$","meaning":"Jacobian elliptic function","idref":"C22.S2.E4","content-tex":"$\\Jacobiellsnk@{\\NVar{z}}{\\NVar{k}}$"}},{"symbol":{"tex":"$u$","meaning":"complex","idref":"C22.S8.SS2.p1"}},{"symbol":{"tex":"$v$","meaning":"complex","idref":"C22.S8.SS2.p1"}},{"symbol":{"tex":"$k$","meaning":"modulus","idref":"C22.S8.SS2.p1"}}],"xml-id":"C22.S8.E14","tex":"$\\operatorname{sn}(u+v)=\\frac{\\operatorname{sn}u\\operatorname{cn}u\\operatorname {dn}v+\\operatorname{sn}v\\operatorname{cn}v\\operatorname{dn}u}{\\operatorname{cn }u\\operatorname{cn}v+\\operatorname{sn}u\\operatorname{dn}u\\operatorname{sn}v \\operatorname{dn}v},$","context":{"sentence-num-in-corpus":"12675","subsection-xmlid":"C22.S8.SS2","sentence-xmlid":"C22.S8.SS2.p1.s1","chapter-title":"Jacobian Elliptic Functions","chapter-xmlid":"C22","section-title":"Addition Theorems","sentence-num-in-chapter":"471","section-xmlid":"C22.S8","sentence-num-in-section":"4","para-num-of-sentences":"1","para-xmlid":"C22.S8.SS2.p1","subsection-title":"Alternative Forms for Sum of Two Arguments"},"permalink":"http:\/\/dlmf.nist.gov\/22.8.E14","equation-number":"22.8.14","content-tex":"$\\Jacobiellsnk@@{(u+v)}{k}=\\frac{\\Jacobiellsnk@@{u}{k}\\Jacobiellcnk@@{u}{k} \\Jacobielldnk@@{v}{k}+\\Jacobiellsnk@@{v}{k}\\Jacobiellcnk@@{v}{k}\\Jacobielldnk @@{u}{k}}{\\Jacobiellcnk@@{u}{k}\\Jacobiellcnk@@{v}{k}+\\Jacobiellsnk@@{u}{k} \\Jacobielldnk@@{u}{k}\\Jacobiellsnk@@{v}{k}\\Jacobielldnk@@{v}{k}},$"}}{"equation":{"symbols-used":[{"symbol":{"tex":"$\\operatorname{cn}\\left(\\NVar{z},\\NVar{k}\\right)$","meaning":"Jacobian elliptic function","idref":"C22.S2.E5","content-tex":"$\\Jacobiellcnk@{\\NVar{z}}{\\NVar{k}}$"}},{"symbol":{"tex":"$\\operatorname{dn}\\left(\\NVar{z},\\NVar{k}\\right)$","meaning":"Jacobian elliptic function","idref":"C22.S2.E6","content-tex":"$\\Jacobielldnk@{\\NVar{z}}{\\NVar{k}}$"}},{"symbol":{"tex":"$\\operatorname{sn}\\left(\\NVar{z},\\NVar{k}\\right)$","meaning":"Jacobian elliptic function","idref":"C22.S2.E4","content-tex":"$\\Jacobiellsnk@{\\NVar{z}}{\\NVar{k}}$"}},{"symbol":{"tex":"$u$","meaning":"complex","idref":"C22.S8.SS2.p1"}},{"symbol":{"tex":"$v$","meaning":"complex","idref":"C22.S8.SS2.p1"}},{"symbol":{"tex":"$k$","meaning":"modulus","idref":"C22.S8.SS2.p1"}}],"xml-id":"C22.S8.E15","tex":"$\\operatorname{cn}(u+v)=\\frac{\\operatorname{sn}u\\operatorname{cn}u\\operatorname {dn}v-\\operatorname{sn}v\\operatorname{cn}v\\operatorname{dn}u}{\\operatorname{sn }u\\operatorname{cn}v\\operatorname{dn}v-\\operatorname{sn}v\\operatorname{cn}u \\operatorname{dn}u},$","context":{"sentence-num-in-corpus":"12675","subsection-xmlid":"C22.S8.SS2","sentence-xmlid":"C22.S8.SS2.p1.s1","chapter-title":"Jacobian Elliptic Functions","chapter-xmlid":"C22","section-title":"Addition Theorems","sentence-num-in-chapter":"471","section-xmlid":"C22.S8","sentence-num-in-section":"4","para-num-of-sentences":"1","para-xmlid":"C22.S8.SS2.p1","subsection-title":"Alternative Forms for Sum of Two Arguments"},"permalink":"http:\/\/dlmf.nist.gov\/22.8.E15","equation-number":"22.8.15","content-tex":"$\\Jacobiellcnk@@{(u+v)}{k}=\\frac{\\Jacobiellsnk@@{u}{k}\\Jacobiellcnk@@{u}{k} \\Jacobielldnk@@{v}{k}-\\Jacobiellsnk@@{v}{k}\\Jacobiellcnk@@{v}{k}\\Jacobielldnk @@{u}{k}}{\\Jacobiellsnk@@{u}{k}\\Jacobiellcnk@@{v}{k}\\Jacobielldnk@@{v}{k}- \\Jacobiellsnk@@{v}{k}\\Jacobiellcnk@@{u}{k}\\Jacobielldnk@@{u}{k}},$"}}{"equation":{"symbols-used":[{"symbol":{"tex":"$\\operatorname{cn}\\left(\\NVar{z},\\NVar{k}\\right)$","meaning":"Jacobian elliptic function","idref":"C22.S2.E5","content-tex":"$\\Jacobiellcnk@{\\NVar{z}}{\\NVar{k}}$"}},{"symbol":{"tex":"$\\operatorname{dn}\\left(\\NVar{z},\\NVar{k}\\right)$","meaning":"Jacobian elliptic function","idref":"C22.S2.E6","content-tex":"$\\Jacobielldnk@{\\NVar{z}}{\\NVar{k}}$"}},{"symbol":{"tex":"$\\operatorname{sn}\\left(\\NVar{z},\\NVar{k}\\right)$","meaning":"Jacobian elliptic function","idref":"C22.S2.E4","content-tex":"$\\Jacobiellsnk@{\\NVar{z}}{\\NVar{k}}$"}},{"symbol":{"tex":"$u$","meaning":"complex","idref":"C22.S8.SS2.p1"}},{"symbol":{"tex":"$v$","meaning":"complex","idref":"C22.S8.SS2.p1"}},{"symbol":{"tex":"$k$","meaning":"modulus","idref":"C22.S8.SS2.p1"}}],"xml-id":"C22.S8.E16","tex":"$\\operatorname{cn}(u+v)=\\frac{1-{\\operatorname{sn}^{2}}u-{\\operatorname{sn}^{2} }v+k^{2}{\\operatorname{sn}^{2}}u{\\operatorname{sn}^{2}}v}{\\operatorname{cn}u \\operatorname{cn}v+\\operatorname{sn}u\\operatorname{dn}u\\operatorname{sn}v \\operatorname{dn}v},$","context":{"sentence-num-in-corpus":"12675","subsection-xmlid":"C22.S8.SS2","sentence-xmlid":"C22.S8.SS2.p1.s1","chapter-title":"Jacobian Elliptic Functions","chapter-xmlid":"C22","section-title":"Addition Theorems","sentence-num-in-chapter":"471","section-xmlid":"C22.S8","sentence-num-in-section":"4","para-num-of-sentences":"1","para-xmlid":"C22.S8.SS2.p1","subsection-title":"Alternative Forms for Sum of Two Arguments"},"permalink":"http:\/\/dlmf.nist.gov\/22.8.E16","equation-number":"22.8.16","content-tex":"$\\Jacobiellcnk@@{(u+v)}{k}=\\frac{1-\\Jacobiellsnk^{2}@@{u}{k}-\\Jacobiellsnk^{2} @@{v}{k}+k^{2}\\Jacobiellsnk^{2}@@{u}{k}\\Jacobiellsnk^{2}@@{v}{k}}{ \\Jacobiellcnk@@{u}{k}\\Jacobiellcnk@@{v}{k}+\\Jacobiellsnk@@{u}{k}\\Jacobielldnk @@{u}{k}\\Jacobiellsnk@@{v}{k}\\Jacobielldnk@@{v}{k}},$"}}{"equation":{"symbols-used":[{"symbol":{"tex":"$\\operatorname{cn}\\left(\\NVar{z},\\NVar{k}\\right)$","meaning":"Jacobian elliptic function","idref":"C22.S2.E5","content-tex":"$\\Jacobiellcnk@{\\NVar{z}}{\\NVar{k}}$"}},{"symbol":{"tex":"$\\operatorname{dn}\\left(\\NVar{z},\\NVar{k}\\right)$","meaning":"Jacobian elliptic function","idref":"C22.S2.E6","content-tex":"$\\Jacobielldnk@{\\NVar{z}}{\\NVar{k}}$"}},{"symbol":{"tex":"$\\operatorname{sn}\\left(\\NVar{z},\\NVar{k}\\right)$","meaning":"Jacobian elliptic function","idref":"C22.S2.E4","content-tex":"$\\Jacobiellsnk@{\\NVar{z}}{\\NVar{k}}$"}},{"symbol":{"tex":"$u$","meaning":"complex","idref":"C22.S8.SS2.p1"}},{"symbol":{"tex":"$v$","meaning":"complex","idref":"C22.S8.SS2.p1"}},{"symbol":{"tex":"$k$","meaning":"modulus","idref":"C22.S8.SS2.p1"}}],"xml-id":"C22.S8.E17","tex":"$\\operatorname{dn}(u+v)=\\frac{\\operatorname{sn}u\\operatorname{cn}v\\operatorname {dn}u-\\operatorname{sn}v\\operatorname{cn}u\\operatorname{dn}v}{\\operatorname{sn }u\\operatorname{cn}v\\operatorname{dn}v-\\operatorname{sn}v\\operatorname{cn}u \\operatorname{dn}u},$","context":{"sentence-num-in-corpus":"12675","subsection-xmlid":"C22.S8.SS2","sentence-xmlid":"C22.S8.SS2.p1.s1","chapter-title":"Jacobian Elliptic Functions","chapter-xmlid":"C22","section-title":"Addition Theorems","sentence-num-in-chapter":"471","section-xmlid":"C22.S8","sentence-num-in-section":"4","para-num-of-sentences":"1","para-xmlid":"C22.S8.SS2.p1","subsection-title":"Alternative Forms for Sum of Two Arguments"},"permalink":"http:\/\/dlmf.nist.gov\/22.8.E17","equation-number":"22.8.17","content-tex":"$\\Jacobielldnk@@{(u+v)}{k}=\\frac{\\Jacobiellsnk@@{u}{k}\\Jacobiellcnk@@{v}{k} \\Jacobielldnk@@{u}{k}-\\Jacobiellsnk@@{v}{k}\\Jacobiellcnk@@{u}{k}\\Jacobielldnk @@{v}{k}}{\\Jacobiellsnk@@{u}{k}\\Jacobiellcnk@@{v}{k}\\Jacobielldnk@@{v}{k}- \\Jacobiellsnk@@{v}{k}\\Jacobiellcnk@@{u}{k}\\Jacobielldnk@@{u}{k}},$"}}{"equation":{"symbols-used":[{"symbol":{"tex":"$\\operatorname{cn}\\left(\\NVar{z},\\NVar{k}\\right)$","meaning":"Jacobian elliptic function","idref":"C22.S2.E5","content-tex":"$\\Jacobiellcnk@{\\NVar{z}}{\\NVar{k}}$"}},{"symbol":{"tex":"$\\operatorname{dn}\\left(\\NVar{z},\\NVar{k}\\right)$","meaning":"Jacobian elliptic function","idref":"C22.S2.E6","content-tex":"$\\Jacobielldnk@{\\NVar{z}}{\\NVar{k}}$"}},{"symbol":{"tex":"$\\operatorname{sn}\\left(\\NVar{z},\\NVar{k}\\right)$","meaning":"Jacobian elliptic function","idref":"C22.S2.E4","content-tex":"$\\Jacobiellsnk@{\\NVar{z}}{\\NVar{k}}$"}},{"symbol":{"tex":"$u$","meaning":"complex","idref":"C22.S8.SS2.p1"}},{"symbol":{"tex":"$v$","meaning":"complex","idref":"C22.S8.SS2.p1"}},{"symbol":{"tex":"$k$","meaning":"modulus","idref":"C22.S8.SS2.p1"}}],"xml-id":"C22.S8.E18","tex":"$\\operatorname{dn}(u+v)=\\frac{\\operatorname{cn}u\\operatorname{dn}u\\operatorname {cn}v\\operatorname{dn}v+{k^{\\prime}}^{2}\\operatorname{sn}u\\operatorname{sn}v}{ \\operatorname{cn}u\\operatorname{cn}v+\\operatorname{sn}u\\operatorname{dn}u \\operatorname{sn}v\\operatorname{dn}v}.$","context":{"sentence-num-in-corpus":"12675","subsection-xmlid":"C22.S8.SS2","sentence-xmlid":"C22.S8.SS2.p1.s1","chapter-title":"Jacobian Elliptic Functions","chapter-xmlid":"C22","section-title":"Addition Theorems","sentence-num-in-chapter":"471","section-xmlid":"C22.S8","sentence-num-in-section":"4","para-num-of-sentences":"1","para-xmlid":"C22.S8.SS2.p1","subsection-title":"Alternative Forms for Sum of Two Arguments"},"permalink":"http:\/\/dlmf.nist.gov\/22.8.E18","equation-number":"22.8.18","content-tex":"$\\Jacobielldnk@@{(u+v)}{k}=\\frac{\\Jacobiellcnk@@{u}{k}\\Jacobielldnk@@{u}{k} \\Jacobiellcnk@@{v}{k}\\Jacobielldnk@@{v}{k}+{k^{\\prime}}^{2}\\Jacobiellsnk@@{u}{ k}\\Jacobiellsnk@@{v}{k}}{\\Jacobiellcnk@@{u}{k}\\Jacobiellcnk@@{v}{k}+ \\Jacobiellsnk@@{u}{k}\\Jacobielldnk@@{u}{k}\\Jacobiellsnk@@{v}{k}\\Jacobielldnk@@ {v}{k}}.$"}}{"expression":{"xml-id":"C22.S8.SS3.p1.m1","tex":"$k$","context":{"sentence-num-in-corpus":"12677","subsection-xmlid":"C22.S8.SS3","sentence-xmlid":"C22.S8.SS3.p1.s1","chapter-title":"Jacobian Elliptic Functions","chapter-xmlid":"C22","section-title":"Addition Theorems","sentence-num-in-chapter":"473","section-xmlid":"C22.S8","sentence-num-in-section":"6","para-num-of-sentences":"1","para-xmlid":"C22.S8.SS3.p1","subsection-title":"Special Relations Between Arguments"}}}{"equation":{"symbols-used":[{"symbol":{"tex":"$z$","meaning":"complex","idref":"C22.S1.p2.t1.r2"}}],"xml-id":"C22.S8.E19","tex":"$z_{1}+z_{2}+z_{3}+z_{4}=0.$","context":{"sentence-num-in-corpus":"12678","subsection-xmlid":"C22.S8.SS3","sentence-xmlid":"C22.S8.SS3.p2.s1","chapter-title":"Jacobian Elliptic Functions","chapter-xmlid":"C22","section-title":"Addition Theorems","sentence-num-in-chapter":"474","section-xmlid":"C22.S8","sentence-num-in-section":"7","para-num-of-sentences":"2","para-xmlid":"C22.S8.SS3.p2","subsection-title":"Special Relations Between Arguments"},"permalink":"http:\/\/dlmf.nist.gov\/22.8.E19","equation-number":"22.8.19"}}{"equation":{"symbols-used":[{"symbol":{"tex":"$\\operatorname{cn}\\left(\\NVar{z},\\NVar{k}\\right)$","meaning":"Jacobian elliptic function","idref":"C22.S2.E5","content-tex":"$\\Jacobiellcnk@{\\NVar{z}}{\\NVar{k}}$"}},{"symbol":{"tex":"$\\operatorname{dn}\\left(\\NVar{z},\\NVar{k}\\right)$","meaning":"Jacobian elliptic function","idref":"C22.S2.E6","content-tex":"$\\Jacobielldnk@{\\NVar{z}}{\\NVar{k}}$"}},{"symbol":{"tex":"$\\operatorname{sn}\\left(\\NVar{z},\\NVar{k}\\right)$","meaning":"Jacobian elliptic function","idref":"C22.S2.E4","content-tex":"$\\Jacobiellsnk@{\\NVar{z}}{\\NVar{k}}$"}},{"symbol":{"tex":"$\\det$","meaning":"determinant","idref":"C1.S3.SS1"}},{"symbol":{"tex":"$z$","meaning":"complex","idref":"C22.S1.p2.t1.r2"}},{"symbol":{"tex":"$k$","meaning":"modulus","idref":"C22.S1.p2.t1.r3"}}],"xml-id":"C22.S8.E20","tex":"$\\begin{vmatrix}\\operatorname{sn}z_{1}&\\operatorname{cn}z_{1}&\\operatorname{dn} z_{1}&1\\\\ \\operatorname{sn}z_{2}&\\operatorname{cn}z_{2}&\\operatorname{dn}z_{2}&1\\\\ \\operatorname{sn}z_{3}&\\operatorname{cn}z_{3}&\\operatorname{dn}z_{3}&1\\\\ \\operatorname{sn}z_{4}&\\operatorname{cn}z_{4}&\\operatorname{dn}z_{4}&1\\end{ vmatrix}=0,$","context":{"sentence-num-in-corpus":"12679","subsection-xmlid":"C22.S8.SS3","sentence-xmlid":"C22.S8.SS3.p2.s2","chapter-title":"Jacobian Elliptic Functions","chapter-xmlid":"C22","section-title":"Addition Theorems","sentence-num-in-chapter":"475","section-xmlid":"C22.S8","sentence-num-in-section":"8","para-num-of-sentences":"2","para-xmlid":"C22.S8.SS3.p2","subsection-title":"Special Relations Between Arguments"},"permalink":"http:\/\/dlmf.nist.gov\/22.8.E20","equation-number":"22.8.20","content-tex":"$\\begin{vmatrix}\\Jacobiellsnk@@{z_{1}}{k}&\\Jacobiellcnk@@{z_{1}}{k}& \\Jacobielldnk@@{z_{1}}{k}&1\\\\ \\Jacobiellsnk@@{z_{2}}{k}&\\Jacobiellcnk@@{z_{2}}{k}&\\Jacobielldnk@@{z_{2}}{k}& 1\\\\ \\Jacobiellsnk@@{z_{3}}{k}&\\Jacobiellcnk@@{z_{3}}{k}&\\Jacobielldnk@@{z_{3}}{k}& 1\\\\ \\Jacobiellsnk@@{z_{4}}{k}&\\Jacobiellcnk@@{z_{4}}{k}&\\Jacobielldnk@@{z_{4}}{k}& 1\\end{vmatrix}=0,$"}}{"equation":{"symbols-used":[{"symbol":{"tex":"$\\operatorname{cn}\\left(\\NVar{z},\\NVar{k}\\right)$","meaning":"Jacobian elliptic function","idref":"C22.S2.E5","content-tex":"$\\Jacobiellcnk@{\\NVar{z}}{\\NVar{k}}$"}},{"symbol":{"tex":"$\\operatorname{dn}\\left(\\NVar{z},\\NVar{k}\\right)$","meaning":"Jacobian elliptic function","idref":"C22.S2.E6","content-tex":"$\\Jacobielldnk@{\\NVar{z}}{\\NVar{k}}$"}},{"symbol":{"tex":"$\\operatorname{sn}\\left(\\NVar{z},\\NVar{k}\\right)$","meaning":"Jacobian elliptic function","idref":"C22.S2.E4","content-tex":"$\\Jacobiellsnk@{\\NVar{z}}{\\NVar{k}}$"}},{"symbol":{"tex":"$z$","meaning":"complex","idref":"C22.S1.p2.t1.r2"}},{"symbol":{"tex":"$k$","meaning":"modulus","idref":"C22.S1.p2.t1.r3"}},{"symbol":{"tex":"$k^{\\prime}$","meaning":"complementary modulus","idref":"C22.S1.p2.t1.r4"}}],"xml-id":"C22.S8.E21","tex":"${k^{\\prime}}^{2}-{k^{\\prime}}^{2}k^{2}\\operatorname{sn}z_{1}\\operatorname{sn}z _{2}\\operatorname{sn}z_{3}\\operatorname{sn}z_{4}+k^{2}\\operatorname{cn}z_{1} \\operatorname{cn}z_{2}\\operatorname{cn}z_{3}\\operatorname{cn}z_{4}- \\operatorname{dn}z_{1}\\operatorname{dn}z_{2}\\operatorname{dn}z_{3} \\operatorname{dn}z_{4}=0.$","context":{"sentence-num-in-corpus":"12679","subsection-xmlid":"C22.S8.SS3","sentence-xmlid":"C22.S8.SS3.p2.s2","chapter-title":"Jacobian Elliptic Functions","chapter-xmlid":"C22","section-title":"Addition Theorems","sentence-num-in-chapter":"475","section-xmlid":"C22.S8","sentence-num-in-section":"8","para-num-of-sentences":"2","para-xmlid":"C22.S8.SS3.p2","subsection-title":"Special Relations Between Arguments"},"permalink":"http:\/\/dlmf.nist.gov\/22.8.E21","equation-number":"22.8.21","content-tex":"${k^{\\prime}}^{2}-{k^{\\prime}}^{2}k^{2}\\Jacobiellsnk@@{z_{1}}{k}\\Jacobiellsnk@@ {z_{2}}{k}\\Jacobiellsnk@@{z_{3}}{k}\\Jacobiellsnk@@{z_{4}}{k}+k^{2} \\Jacobiellcnk@@{z_{1}}{k}\\Jacobiellcnk@@{z_{2}}{k}\\Jacobiellcnk@@{z_{3}}{k} \\Jacobiellcnk@@{z_{4}}{k}-\\Jacobielldnk@@{z_{1}}{k}\\Jacobielldnk@@{z_{2}}{k} \\Jacobielldnk@@{z_{3}}{k}\\Jacobielldnk@@{z_{4}}{k}=0.$"}}{"equation":{"symbols-used":[{"symbol":{"tex":"$K\\left(\\NVar{k}\\right)$","meaning":"Legendre\u2019s complete elliptic integral of the first kind","idref":"C19.S2.E8","content-tex":"$\\compellintKk@{\\NVar{k}}$"}},{"symbol":{"tex":"$z$","meaning":"complex","idref":"C22.S1.p2.t1.r2"}},{"symbol":{"tex":"$k$","meaning":"modulus","idref":"C22.S1.p2.t1.r3"}}],"xml-id":"C22.S8.E22","tex":"$z_{1}+z_{2}+z_{3}+z_{4}=2K\\left(k\\right).$","context":{"sentence-num-in-corpus":"12681","subsection-xmlid":"C22.S8.SS3","sentence-xmlid":"C22.S8.SS3.p4.s1","chapter-title":"Jacobian Elliptic Functions","chapter-xmlid":"C22","section-title":"Addition Theorems","sentence-num-in-chapter":"477","section-xmlid":"C22.S8","sentence-num-in-section":"10","para-num-of-sentences":"3","para-xmlid":"C22.S8.SS3.p4","subsection-title":"Special Relations Between Arguments"},"permalink":"http:\/\/dlmf.nist.gov\/22.8.E22","equation-number":"22.8.22","content-tex":"$z_{1}+z_{2}+z_{3}+z_{4}=2\\compellintKk@{k}.$"}}{"equation":{"symbols-used":[{"symbol":{"tex":"$\\operatorname{cn}\\left(\\NVar{z},\\NVar{k}\\right)$","meaning":"Jacobian elliptic function","idref":"C22.S2.E5","content-tex":"$\\Jacobiellcnk@{\\NVar{z}}{\\NVar{k}}$"}},{"symbol":{"tex":"$\\operatorname{dn}\\left(\\NVar{z},\\NVar{k}\\right)$","meaning":"Jacobian elliptic function","idref":"C22.S2.E6","content-tex":"$\\Jacobielldnk@{\\NVar{z}}{\\NVar{k}}$"}},{"symbol":{"tex":"$\\operatorname{sn}\\left(\\NVar{z},\\NVar{k}\\right)$","meaning":"Jacobian elliptic function","idref":"C22.S2.E4","content-tex":"$\\Jacobiellsnk@{\\NVar{z}}{\\NVar{k}}$"}},{"symbol":{"tex":"$\\det$","meaning":"determinant","idref":"C1.S3.SS1"}},{"symbol":{"tex":"$z$","meaning":"complex","idref":"C22.S1.p2.t1.r2"}},{"symbol":{"tex":"$k$","meaning":"modulus","idref":"C22.S1.p2.t1.r3"}}],"xml-id":"C22.S8.E23","tex":"$\\begin{vmatrix}\\operatorname{sn}z_{1}\\operatorname{cn}z_{1}&\\operatorname{cn}z _{1}\\operatorname{dn}z_{1}&\\operatorname{cn}z_{1}&\\operatorname{dn}z_{1}\\\\ \\operatorname{sn}z_{2}\\operatorname{cn}z_{2}&\\operatorname{cn}z_{2} \\operatorname{dn}z_{2}&\\operatorname{cn}z_{2}&\\operatorname{dn}z_{2}\\\\ \\operatorname{sn}z_{3}\\operatorname{cn}z_{3}&\\operatorname{cn}z_{3} \\operatorname{dn}z_{3}&\\operatorname{cn}z_{3}&\\operatorname{dn}z_{3}\\\\ \\operatorname{sn}z_{4}\\operatorname{cn}z_{4}&\\operatorname{cn}z_{4} \\operatorname{dn}z_{4}&\\operatorname{cn}z_{4}&\\operatorname{dn}z_{4}\\end{ vmatrix}=0.$","context":{"sentence-num-in-corpus":"12682","subsection-xmlid":"C22.S8.SS3","sentence-xmlid":"C22.S8.SS3.p4.s2","chapter-title":"Jacobian Elliptic Functions","chapter-xmlid":"C22","section-title":"Addition Theorems","sentence-num-in-chapter":"478","section-xmlid":"C22.S8","sentence-num-in-section":"11","para-num-of-sentences":"3","para-xmlid":"C22.S8.SS3.p4","subsection-title":"Special Relations Between Arguments"},"permalink":"http:\/\/dlmf.nist.gov\/22.8.E23","equation-number":"22.8.23","content-tex":"$\\begin{vmatrix}\\Jacobiellsnk@@{z_{1}}{k}\\Jacobiellcnk@@{z_{1}}{k}& \\Jacobiellcnk@@{z_{1}}{k}\\Jacobielldnk@@{z_{1}}{k}&\\Jacobiellcnk@@{z_{1}}{k}& \\Jacobielldnk@@{z_{1}}{k}\\\\ \\Jacobiellsnk@@{z_{2}}{k}\\Jacobiellcnk@@{z_{2}}{k}&\\Jacobiellcnk@@{z_{2}}{k} \\Jacobielldnk@@{z_{2}}{k}&\\Jacobiellcnk@@{z_{2}}{k}&\\Jacobielldnk@@{z_{2}}{k} \\\\ \\Jacobiellsnk@@{z_{3}}{k}\\Jacobiellcnk@@{z_{3}}{k}&\\Jacobiellcnk@@{z_{3}}{k} \\Jacobielldnk@@{z_{3}}{k}&\\Jacobiellcnk@@{z_{3}}{k}&\\Jacobielldnk@@{z_{3}}{k} \\\\ \\Jacobiellsnk@@{z_{4}}{k}\\Jacobiellcnk@@{z_{4}}{k}&\\Jacobiellcnk@@{z_{4}}{k} \\Jacobielldnk@@{z_{4}}{k}&\\Jacobiellcnk@@{z_{4}}{k}&\\Jacobielldnk@@{z_{4}}{k} \\end{vmatrix}=0.$"}}{"expression":{"xml-id":"C22.S8.SS3.p5.m1","tex":"$z_{j}$","context":{"sentence-num-in-corpus":"12684","subsection-xmlid":"C22.S8.SS3","sentence-xmlid":"C22.S8.SS3.p5.s1","chapter-title":"Jacobian Elliptic Functions","chapter-xmlid":"C22","section-title":"Addition Theorems","sentence-num-in-chapter":"480","section-xmlid":"C22.S8","sentence-num-in-section":"13","para-num-of-sentences":"5","para-xmlid":"C22.S8.SS3.p5","subsection-title":"Special Relations Between Arguments"}}}{"expression":{"xml-id":"C22.S8.SS3.p5.m2","tex":"$K\\left(k\\right)$","context":{"sentence-num-in-corpus":"12684","subsection-xmlid":"C22.S8.SS3","sentence-xmlid":"C22.S8.SS3.p5.s1","chapter-title":"Jacobian Elliptic Functions","chapter-xmlid":"C22","section-title":"Addition Theorems","sentence-num-in-chapter":"480","section-xmlid":"C22.S8","sentence-num-in-section":"13","para-num-of-sentences":"5","para-xmlid":"C22.S8.SS3.p5","subsection-title":"Special Relations Between Arguments"},"content-tex":"$\\compellintKk@{k}$"}}{"equation":{"symbols-used":[{"symbol":{"tex":"$K\\left(\\NVar{k}\\right)$","meaning":"Legendre\u2019s complete elliptic integral of the first kind","idref":"C19.S2.E8","content-tex":"$\\compellintKk@{\\NVar{k}}$"}},{"symbol":{"tex":"$z$","meaning":"complex","idref":"C22.S1.p2.t1.r2"}},{"symbol":{"tex":"$k$","meaning":"modulus","idref":"C22.S1.p2.t1.r3"}}],"xml-id":"C22.S8.E24","tex":"$z_{1}-z_{2}=z_{2}-z_{3}=\\tfrac{2}{3}K\\left(k\\right),$","context":{"sentence-num-in-corpus":"12685","subsection-xmlid":"C22.S8.SS3","sentence-xmlid":"C22.S8.SS3.p5.s2","chapter-title":"Jacobian Elliptic Functions","chapter-xmlid":"C22","section-title":"Addition Theorems","sentence-num-in-chapter":"481","section-xmlid":"C22.S8","sentence-num-in-section":"14","para-num-of-sentences":"5","para-xmlid":"C22.S8.SS3.p5","subsection-title":"Special Relations Between Arguments"},"permalink":"http:\/\/dlmf.nist.gov\/22.8.E24","equation-number":"22.8.24","content-tex":"$z_{1}-z_{2}=z_{2}-z_{3}=\\tfrac{2}{3}\\compellintKk@{k},$"}}{"equation":{"symbols-used":[{"symbol":{"tex":"$\\operatorname{dn}\\left(\\NVar{z},\\NVar{k}\\right)$","meaning":"Jacobian elliptic function","idref":"C22.S2.E6","content-tex":"$\\Jacobielldnk@{\\NVar{z}}{\\NVar{k}}$"}},{"symbol":{"tex":"$z$","meaning":"complex","idref":"C22.S1.p2.t1.r2"}},{"symbol":{"tex":"$k$","meaning":"modulus","idref":"C22.S1.p2.t1.r3"}}],"xml-id":"C22.S8.E25","tex":"$\\frac{(\\operatorname{dn}z_{2}+\\operatorname{dn}z_{3})(\\operatorname{dn}z_{3}+ \\operatorname{dn}z_{1})(\\operatorname{dn}z_{1}+\\operatorname{dn}z_{2})}{ \\operatorname{dn}z_{1}+\\operatorname{dn}z_{2}+\\operatorname{dn}z_{3}}$","context":{"sentence-num-in-corpus":"12685","subsection-xmlid":"C22.S8.SS3","sentence-xmlid":"C22.S8.SS3.p5.s2","chapter-title":"Jacobian Elliptic Functions","chapter-xmlid":"C22","section-title":"Addition Theorems","sentence-num-in-chapter":"481","section-xmlid":"C22.S8","sentence-num-in-section":"14","para-num-of-sentences":"5","para-xmlid":"C22.S8.SS3.p5","subsection-title":"Special Relations Between Arguments"},"permalink":"http:\/\/dlmf.nist.gov\/22.8.E25","equation-number":"22.8.25","content-tex":"$\\frac{(\\Jacobielldnk@@{z_{2}}{k}+\\Jacobielldnk@@{z_{3}}{k})(\\Jacobielldnk@@{z_ {3}}{k}+\\Jacobielldnk@@{z_{1}}{k})(\\Jacobielldnk@@{z_{1}}{k}+\\Jacobielldnk@@{z _{2}}{k})}{\\Jacobielldnk@@{z_{1}}{k}+\\Jacobielldnk@@{z_{2}}{k}+\\Jacobielldnk@@ {z_{3}}{k}}$"}}{"expression":{"xml-id":"C22.S8.SS3.p5.m3","tex":"$z_{1}$","context":{"sentence-num-in-corpus":"12685","subsection-xmlid":"C22.S8.SS3","sentence-xmlid":"C22.S8.SS3.p5.s2","chapter-title":"Jacobian Elliptic Functions","chapter-xmlid":"C22","section-title":"Addition Theorems","sentence-num-in-chapter":"481","section-xmlid":"C22.S8","sentence-num-in-section":"14","para-num-of-sentences":"5","para-xmlid":"C22.S8.SS3.p5","subsection-title":"Special Relations Between Arguments"}}}{"expression":{"xml-id":"C22.S8.SS3.p5.m4","tex":"$z_{2}$","context":{"sentence-num-in-corpus":"12685","subsection-xmlid":"C22.S8.SS3","sentence-xmlid":"C22.S8.SS3.p5.s2","chapter-title":"Jacobian Elliptic Functions","chapter-xmlid":"C22","section-title":"Addition Theorems","sentence-num-in-chapter":"481","section-xmlid":"C22.S8","sentence-num-in-section":"14","para-num-of-sentences":"5","para-xmlid":"C22.S8.SS3.p5","subsection-title":"Special Relations Between Arguments"}}}{"expression":{"xml-id":"C22.S8.SS3.p5.m5","tex":"$z_{3}$","context":{"sentence-num-in-corpus":"12685","subsection-xmlid":"C22.S8.SS3","sentence-xmlid":"C22.S8.SS3.p5.s2","chapter-title":"Jacobian Elliptic Functions","chapter-xmlid":"C22","section-title":"Addition Theorems","sentence-num-in-chapter":"481","section-xmlid":"C22.S8","sentence-num-in-section":"14","para-num-of-sentences":"5","para-xmlid":"C22.S8.SS3.p5","subsection-title":"Special Relations Between Arguments"}}}{"equation":{"symbols-used":[{"symbol":{"tex":"$K\\left(\\NVar{k}\\right)$","meaning":"Legendre\u2019s complete elliptic integral of the first kind","idref":"C19.S2.E8","content-tex":"$\\compellintKk@{\\NVar{k}}$"}},{"symbol":{"tex":"$z$","meaning":"complex","idref":"C22.S1.p2.t1.r2"}},{"symbol":{"tex":"$k$","meaning":"modulus","idref":"C22.S1.p2.t1.r3"}}],"xml-id":"C22.S8.E26","tex":"$z_{1}-z_{2}=z_{2}-z_{3}=z_{3}-z_{4}=\\tfrac{1}{2}K\\left(k\\right),$","context":{"sentence-num-in-corpus":"12686","subsection-xmlid":"C22.S8.SS3","sentence-xmlid":"C22.S8.SS3.p5.s3","chapter-title":"Jacobian Elliptic Functions","chapter-xmlid":"C22","section-title":"Addition Theorems","sentence-num-in-chapter":"482","section-xmlid":"C22.S8","sentence-num-in-section":"15","para-num-of-sentences":"5","para-xmlid":"C22.S8.SS3.p5","subsection-title":"Special Relations Between Arguments"},"permalink":"http:\/\/dlmf.nist.gov\/22.8.E26","equation-number":"22.8.26","content-tex":"$z_{1}-z_{2}=z_{2}-z_{3}=z_{3}-z_{4}=\\tfrac{1}{2}\\compellintKk@{k},$"}}{"equation":{"symbols-used":[{"symbol":{"tex":"$\\operatorname{dn}\\left(\\NVar{z},\\NVar{k}\\right)$","meaning":"Jacobian elliptic function","idref":"C22.S2.E6","content-tex":"$\\Jacobielldnk@{\\NVar{z}}{\\NVar{k}}$"}},{"symbol":{"tex":"$z$","meaning":"complex","idref":"C22.S1.p2.t1.r2"}},{"symbol":{"tex":"$k$","meaning":"modulus","idref":"C22.S1.p2.t1.r3"}},{"symbol":{"tex":"$k^{\\prime}$","meaning":"complementary modulus","idref":"C22.S1.p2.t1.r4"}}],"xml-id":"C22.S8.E27","tex":"$\\operatorname{dn}z_{1}\\operatorname{dn}z_{3}=\\operatorname{dn}z_{2} \\operatorname{dn}z_{4}=k^{\\prime}.$","context":{"sentence-num-in-corpus":"12686","subsection-xmlid":"C22.S8.SS3","sentence-xmlid":"C22.S8.SS3.p5.s3","chapter-title":"Jacobian Elliptic Functions","chapter-xmlid":"C22","section-title":"Addition Theorems","sentence-num-in-chapter":"482","section-xmlid":"C22.S8","sentence-num-in-section":"15","para-num-of-sentences":"5","para-xmlid":"C22.S8.SS3.p5","subsection-title":"Special Relations Between Arguments"},"permalink":"http:\/\/dlmf.nist.gov\/22.8.E27","equation-number":"22.8.27","content-tex":"$\\Jacobielldnk@@{z_{1}}{k}\\Jacobielldnk@@{z_{3}}{k}=\\Jacobielldnk@@{z_{2}}{k} \\Jacobielldnk@@{z_{4}}{k}=k^{\\prime}.$"}}