{"expression":{"context-references":{"chapter-title":"q-Hypergeometric and Related Functions","chapter-xmlid":"C17"},"xml-id":"C17.S12.Px1.info.m1","tex":"$q$"}}{"expression":{"context-references":{"chapter-title":"q-Hypergeometric and Related Functions","chapter-xmlid":"C17"},"xml-id":"C17.S12.Px1.m1","tex":"$q$"}}{"equation":{"symbols-used":[{"symbol":{"tex":"$n$","meaning":"nonnegative integer","idref":"C17.S1.p1.t1.r1"}},{"symbol":{"tex":"$\\alpha_{n}$","meaning":"part of Bailey pair","idref":"C17.S12.Px2"}},{"symbol":{"tex":"$\\beta_{n}$","meaning":"part of Bailey pair","idref":"C17.S12.Px2"}}],"context-references":{"sentence-num-in-corpus":"9782","sentence-xmlid":"C17.S12.Px1.p1.s1","chapter-title":"q-Hypergeometric and Related Functions","chapter-xmlid":"C17","paragraph-title":"Bailey Transform","paragraph-xmlid":"C17.S12.Px1","section-title":"Bailey Pairs","sentence-num-in-chapter":"152","section-xmlid":"C17.S12","sentence-num-in-section":"1","para-num-of-sentences":"1","para-xmlid":"C17.S12.Px1.p1"},"xml-id":"C17.S12.E1","tex":"$\\sum_{n=0}^{\\infty}\\alpha_{n}\\gamma_{n}=\\sum_{n=0}^{\\infty}\\beta_{n}\\delta_{n},$","permalink":"http:\/\/dlmf.nist.gov\/17.12.E1","equation-number":"17.12.1"}}{"equation":{"symbols-used":[{"symbol":{"tex":"$j$","meaning":"nonnegative integer","idref":"C17.S1.p1.t1.r1"}},{"symbol":{"tex":"$n$","meaning":"nonnegative integer","idref":"C17.S1.p1.t1.r1"}},{"symbol":{"tex":"$\\alpha_{n}$","meaning":"part of Bailey pair","idref":"C17.S12.Px2"}},{"symbol":{"tex":"$\\beta_{n}$","meaning":"part of Bailey pair","idref":"C17.S12.Px2"}}],"context-references":{"sentence-num-in-corpus":"9782","sentence-xmlid":"C17.S12.Px1.p1.s1","chapter-title":"q-Hypergeometric and Related Functions","chapter-xmlid":"C17","paragraph-title":"Bailey Transform","paragraph-xmlid":"C17.S12.Px1","section-title":"Bailey Pairs","sentence-num-in-chapter":"152","section-xmlid":"C17.S12","sentence-num-in-section":"1","para-num-of-sentences":"1","para-xmlid":"C17.S12.Px1.p1"},"xml-id":"C17.S12.E2","permalink":"http:\/\/dlmf.nist.gov\/17.12.E2","equation-number":"17.12.2","subequations":[{"subequation":{"xml-id":"C17.S12.Ex1","tex":"$\\beta_{n}=\\sum_{j=0}^{n}\\alpha_{j}u_{n-j}v_{n+j},$"}},{"subequation":{"xml-id":"C17.S12.Ex2","tex":"$\\gamma_{n}=\\sum_{j=n}^{\\infty}\\delta_{j}u_{j-n}v_{j+n}.$"}}]}}{"expression":{"context-references":{"chapter-title":"q-Hypergeometric and Related Functions","chapter-xmlid":"C17"},"xml-id":"C17.S1.XMD2.m1dec","tex":"$j$"}}{"expression":{"context-references":{"chapter-title":"q-Hypergeometric and Related Functions","chapter-xmlid":"C17"},"xml-id":"C17.S1.XMD4.m1adec","tex":"$n$"}}{"expression":{"context-references":{"chapter-title":"q-Hypergeometric and Related Functions","chapter-xmlid":"C17"},"xml-id":"C17.S12.XMD1.m1adec","tex":"$\\alpha_{n}$"}}{"expression":{"context-references":{"chapter-title":"q-Hypergeometric and Related Functions","chapter-xmlid":"C17"},"xml-id":"C17.S12.XMD2.m1adec","tex":"$\\beta_{n}$"}}{"expression":{"context-references":{"chapter-title":"q-Hypergeometric and Related Functions","chapter-xmlid":"C17"},"xml-id":"C17.S12.Px2.info.m1","tex":"$q$"}}{"expression":{"context-references":{"chapter-title":"q-Hypergeometric and Related Functions","chapter-xmlid":"C17"},"xml-id":"C17.S12.Px2.m1","tex":"$q$"}}{"expression":{"context-references":{"chapter-title":"q-Hypergeometric and Related Functions","chapter-xmlid":"C17"},"xml-id":"C17.S12.XMD1.m1","tex":"$\\alpha_{n}$"}}{"expression":{"context-references":{"chapter-title":"q-Hypergeometric and Related Functions","chapter-xmlid":"C17"},"xml-id":"C17.S12.XMD2.m1","tex":"$\\beta_{n}$"}}{"expression":{"context-references":{"sentence-num-in-corpus":"9783","sentence-xmlid":"C17.S12.Px2.p1.s1","chapter-title":"q-Hypergeometric and Related Functions","chapter-xmlid":"C17","paragraph-title":"Bailey Pairs","paragraph-xmlid":"C17.S12.Px2","section-title":"Bailey Pairs","sentence-num-in-chapter":"153","section-xmlid":"C17.S12","sentence-num-in-section":"2","para-num-of-sentences":"1","para-xmlid":"C17.S12.Px2.p1"},"xml-id":"C17.S12.Px2.p1.m1","tex":"$(\\alpha_{n},\\beta_{n})$"}}{"expression":{"context-references":{"sentence-num-in-corpus":"9783","sentence-xmlid":"C17.S12.Px2.p1.s1","chapter-title":"q-Hypergeometric and Related Functions","chapter-xmlid":"C17","paragraph-title":"Bailey Pairs","paragraph-xmlid":"C17.S12.Px2","section-title":"Bailey Pairs","sentence-num-in-chapter":"153","section-xmlid":"C17.S12","sentence-num-in-section":"2","para-num-of-sentences":"1","para-xmlid":"C17.S12.Px2.p1"},"xml-id":"C17.S12.Px2.p1.m2","tex":"$n=0,1,2,\\dots$"}}{"expression":{"context-references":{"sentence-num-in-corpus":"9783","sentence-xmlid":"C17.S12.Px2.p1.s1","chapter-title":"q-Hypergeometric and Related Functions","chapter-xmlid":"C17","paragraph-title":"Bailey Pairs","paragraph-xmlid":"C17.S12.Px2","section-title":"Bailey Pairs","sentence-num-in-chapter":"153","section-xmlid":"C17.S12","sentence-num-in-section":"2","para-num-of-sentences":"1","para-xmlid":"C17.S12.Px2.p1"},"xml-id":"C17.S12.Px2.p1.m3","tex":"$n\\geqq 0$"}}{"equation":{"symbols-used":[{"symbol":{"tex":"$\\left(\\NVar{a};\\NVar{q}\\right)_{\\NVar{n}}$","meaning":" $q$ -Pochhammer symbol (or $q$ -shifted factorial)","idref":"C17.S2.SS1.p1","content-tex":"$\\qPochhammer{\\NVar{a}}{\\NVar{q}}{\\NVar{n}}$"}},{"symbol":{"tex":"$q$","meaning":"complex base","idref":"C17.S1.p1.t1.r4"}},{"symbol":{"tex":"$j$","meaning":"nonnegative integer","idref":"C17.S1.p1.t1.r1"}},{"symbol":{"tex":"$n$","meaning":"nonnegative integer","idref":"C17.S1.p1.t1.r1"}},{"symbol":{"tex":"$\\alpha_{n}$","meaning":"part of Bailey pair","idref":"C17.S12.Px2"}},{"symbol":{"tex":"$\\beta_{n}$","meaning":"part of Bailey pair","idref":"C17.S12.Px2"}}],"context-references":{"sentence-num-in-corpus":"9783","sentence-xmlid":"C17.S12.Px2.p1.s1","chapter-title":"q-Hypergeometric and Related Functions","chapter-xmlid":"C17","paragraph-title":"Bailey Pairs","paragraph-xmlid":"C17.S12.Px2","section-title":"Bailey Pairs","sentence-num-in-chapter":"153","section-xmlid":"C17.S12","sentence-num-in-section":"2","para-num-of-sentences":"1","para-xmlid":"C17.S12.Px2.p1"},"xml-id":"C17.S12.E3","tex":"$\\beta_{n}=\\sum_{j=0}^{n}\\frac{\\alpha_{j}}{\\left(q;q\\right)_{n-j}\\left(aq;q \\right)_{n+j}}.$","permalink":"http:\/\/dlmf.nist.gov\/17.12.E3","equation-number":"17.12.3","content-tex":"$\\beta_{n}=\\sum_{j=0}^{n}\\frac{\\alpha_{j}}{\\qPochhammer{q}{q}{n-j}\\qPochhammer{ aq}{q}{n+j}}.$"}}{"expression":{"context-references":{"chapter-title":"q-Hypergeometric and Related Functions","chapter-xmlid":"C17"},"xml-id":"C17.S12.Px3.info.m1","tex":"$q$"}}{"expression":{"context-references":{"chapter-title":"q-Hypergeometric and Related Functions","chapter-xmlid":"C17"},"xml-id":"C17.S12.Px3.m1","tex":"$q$"}}{"expression":{"context-references":{"sentence-num-in-corpus":"9784","sentence-xmlid":"C17.S12.Px3.p1.s1","chapter-title":"q-Hypergeometric and Related Functions","chapter-xmlid":"C17","paragraph-title":"Weak Bailey Lemma","paragraph-xmlid":"C17.S12.Px3","section-title":"Bailey Pairs","sentence-num-in-chapter":"154","section-xmlid":"C17.S12","sentence-num-in-section":"3","para-num-of-sentences":"1","para-xmlid":"C17.S12.Px3.p1"},"xml-id":"C17.S12.Px3.p1.m1","tex":"$(\\alpha_{n},\\beta_{n})$"}}{"equation":{"symbols-used":[{"symbol":{"tex":"$\\left(\\NVar{a};\\NVar{q}\\right)_{\\NVar{n}}$","meaning":" $q$ -Pochhammer symbol (or $q$ -shifted factorial)","idref":"C17.S2.SS1.p1","content-tex":"$\\qPochhammer{\\NVar{a}}{\\NVar{q}}{\\NVar{n}}$"}},{"symbol":{"tex":"$q$","meaning":"complex base","idref":"C17.S1.p1.t1.r4"}},{"symbol":{"tex":"$n$","meaning":"nonnegative integer","idref":"C17.S1.p1.t1.r1"}},{"symbol":{"tex":"$\\alpha_{n}$","meaning":"part of Bailey pair","idref":"C17.S12.Px2"}},{"symbol":{"tex":"$\\beta_{n}$","meaning":"part of Bailey pair","idref":"C17.S12.Px2"}}],"context-references":{"sentence-num-in-corpus":"9784","sentence-xmlid":"C17.S12.Px3.p1.s1","chapter-title":"q-Hypergeometric and Related Functions","chapter-xmlid":"C17","paragraph-title":"Weak Bailey Lemma","paragraph-xmlid":"C17.S12.Px3","section-title":"Bailey Pairs","sentence-num-in-chapter":"154","section-xmlid":"C17.S12","sentence-num-in-section":"3","para-num-of-sentences":"1","para-xmlid":"C17.S12.Px3.p1"},"xml-id":"C17.S12.E4","tex":"$\\sum_{n=0}^{\\infty}q^{n^{2}}a^{n}\\beta_{n}=\\frac{1}{\\left(aq;q\\right)_{\\infty} }\\sum_{n=0}^{\\infty}q^{n^{2}}a^{n}\\alpha_{n}.$","permalink":"http:\/\/dlmf.nist.gov\/17.12.E4","equation-number":"17.12.4","content-tex":"$\\sum_{n=0}^{\\infty}q^{n^{2}}a^{n}\\beta_{n}=\\frac{1}{\\qPochhammer{aq}{q}{\\infty }}\\sum_{n=0}^{\\infty}q^{n^{2}}a^{n}\\alpha_{n}.$"}}{"expression":{"context-references":{"chapter-title":"q-Hypergeometric and Related Functions","chapter-xmlid":"C17"},"xml-id":"C17.S12.Px4.info.m1","tex":"$q$"}}{"expression":{"context-references":{"chapter-title":"q-Hypergeometric and Related Functions","chapter-xmlid":"C17"},"xml-id":"C17.S12.Px4.info.m2","tex":"$q$"}}{"expression":{"context-references":{"chapter-title":"q-Hypergeometric and Related Functions","chapter-xmlid":"C17"},"xml-id":"C17.S12.Px4.m1","tex":"$q$"}}{"expression":{"context-references":{"sentence-num-in-corpus":"9785","sentence-xmlid":"C17.S12.Px4.p1.s1","chapter-title":"q-Hypergeometric and Related Functions","chapter-xmlid":"C17","paragraph-title":"Strong Bailey Lemma","paragraph-xmlid":"C17.S12.Px4","section-title":"Bailey Pairs","sentence-num-in-chapter":"155","section-xmlid":"C17.S12","sentence-num-in-section":"4","para-num-of-sentences":"1","para-xmlid":"C17.S12.Px4.p1"},"xml-id":"C17.S12.Px4.p1.m1","tex":"$(\\alpha_{n},\\beta_{n})$"}}{"expression":{"context-references":{"sentence-num-in-corpus":"9785","sentence-xmlid":"C17.S12.Px4.p1.s1","chapter-title":"q-Hypergeometric and Related Functions","chapter-xmlid":"C17","paragraph-title":"Strong Bailey Lemma","paragraph-xmlid":"C17.S12.Px4","section-title":"Bailey Pairs","sentence-num-in-chapter":"155","section-xmlid":"C17.S12","sentence-num-in-section":"4","para-num-of-sentences":"1","para-xmlid":"C17.S12.Px4.p1"},"xml-id":"C17.S12.Px4.p1.m2","tex":"$(\\alpha_{n}^{\\prime},\\beta_{n}^{\\prime})$"}}{"equation":{"symbols-used":[{"symbol":{"tex":"$\\left(\\NVar{a};\\NVar{q}\\right)_{\\NVar{n}}$","meaning":" $q$ -Pochhammer symbol (or $q$ -shifted factorial)","idref":"C17.S2.SS1.p1","content-tex":"$\\qPochhammer{\\NVar{a}}{\\NVar{q}}{\\NVar{n}}$"}},{"symbol":{"tex":"$\\left(\\NVar{a_{1},a_{2},\\dots,a_{r}};\\NVar{q}\\right)_{\\NVar{n}}$","meaning":"multiple $q$ -Pochhammer symbol","idref":"C17.S2.SS1.p1","content-tex":"$\\qmultiPochhammersym{\\NVar{a_{1},a_{2},\\dots,a_{r}}}{\\NVar{q}}{\\NVar{n}}$"}},{"symbol":{"tex":"$q$","meaning":"complex base","idref":"C17.S1.p1.t1.r4"}},{"symbol":{"tex":"$j$","meaning":"nonnegative integer","idref":"C17.S1.p1.t1.r1"}},{"symbol":{"tex":"$n$","meaning":"nonnegative integer","idref":"C17.S1.p1.t1.r1"}},{"symbol":{"tex":"$\\alpha_{n}$","meaning":"part of Bailey pair","idref":"C17.S12.Px2"}},{"symbol":{"tex":"$\\beta_{n}$","meaning":"part of Bailey pair","idref":"C17.S12.Px2"}}],"context-references":{"sentence-num-in-corpus":"9785","sentence-xmlid":"C17.S12.Px4.p1.s1","chapter-title":"q-Hypergeometric and Related Functions","chapter-xmlid":"C17","paragraph-title":"Strong Bailey Lemma","paragraph-xmlid":"C17.S12.Px4","section-title":"Bailey Pairs","sentence-num-in-chapter":"155","section-xmlid":"C17.S12","sentence-num-in-section":"4","para-num-of-sentences":"1","para-xmlid":"C17.S12.Px4.p1"},"xml-id":"C17.S12.E5","permalink":"http:\/\/dlmf.nist.gov\/17.12.E5","equation-number":"17.12.5","subequations":[{"subequation":{"xml-id":"C17.S12.Ex3","tex":"$\\left(\\frac{aq}{\\rho_{1}},\\frac{aq}{\\rho_{2}};q\\right)_{n}\\alpha_{n}^{\\prime}= \\left(\\rho_{1},\\rho_{2};q\\right)_{n}\\left(\\frac{aq}{\\rho_{1}\\rho_{2}}\\right)^{ n}\\alpha_{n}$","content-tex":"$\\qmultiPochhammersym{\\frac{aq}{\\rho_{1}},\\frac{aq}{\\rho_{2}}}{q}{n}\\alpha_{n}^ {\\prime}=\\qmultiPochhammersym{\\rho_{1},\\rho_{2}}{q}{n}\\left(\\frac{aq}{\\rho_{1} \\rho_{2}}\\right)^{n}\\alpha_{n}$"}},{"subequation":{"xml-id":"C17.S12.Ex4","tex":"$\\left(\\frac{aq}{\\rho_{1}},\\frac{aq}{\\rho_{2}};q\\right)_{n}\\beta_{n}^{\\prime}= \\sum_{j=0}^{n}\\left(\\rho_{1},\\rho_{2};q\\right)_{j}\\left(\\frac{aq}{\\rho_{1}\\rho _{2}};q\\right)_{n-j}\\left(\\frac{aq}{\\rho_{1}\\rho_{2}}\\right)^{j}\\frac{\\beta_{j }}{\\left(q;q\\right)_{n-j}}$","content-tex":"$\\qmultiPochhammersym{\\frac{aq}{\\rho_{1}},\\frac{aq}{\\rho_{2}}}{q}{n}\\beta_{n}^{ \\prime}=\\sum_{j=0}^{n}\\qmultiPochhammersym{\\rho_{1},\\rho_{2}}{q}{j} \\qPochhammer{\\frac{aq}{\\rho_{1}\\rho_{2}}}{q}{n-j}\\left(\\frac{aq}{\\rho_{1}\\rho_ {2}}\\right)^{j}\\frac{\\beta_{j}}{\\qPochhammer{q}{q}{n-j}}$"}}]}}{"expression":{"context-references":{"chapter-title":"q-Hypergeometric and Related Functions","chapter-xmlid":"C17"},"xml-id":"C17.S2.SS1.p1.m2abdec","tex":"$\\left(\\NVar{a};\\NVar{q}\\right)_{\\NVar{n}}$","content-tex":"$\\qPochhammer{\\NVar{a}}{\\NVar{q}}{\\NVar{n}}$"}}{"expression":{"context-references":{"chapter-title":"q-Hypergeometric and Related Functions","chapter-xmlid":"C17"},"xml-id":"C17.S2.SS1.p1.m3abdec","tex":"$q$"}}{"expression":{"context-references":{"chapter-title":"q-Hypergeometric and Related Functions","chapter-xmlid":"C17"},"xml-id":"C17.S2.SS1.p1.m4abdec","tex":"$q$"}}{"expression":{"context-references":{"chapter-title":"q-Hypergeometric and Related Functions","chapter-xmlid":"C17"},"xml-id":"C17.S2.SS1.p1.m6adec","tex":"$\\left(\\NVar{a_{1},a_{2},\\dots,a_{r}};\\NVar{q}\\right)_{\\NVar{n}}$","content-tex":"$\\qmultiPochhammersym{\\NVar{a_{1},a_{2},\\dots,a_{r}}}{\\NVar{q}}{\\NVar{n}}$"}}{"expression":{"context-references":{"chapter-title":"q-Hypergeometric and Related Functions","chapter-xmlid":"C17"},"xml-id":"C17.S2.SS1.p1.m7adec","tex":"$q$"}}{"expression":{"context-references":{"chapter-title":"q-Hypergeometric and Related Functions","chapter-xmlid":"C17"},"xml-id":"C17.S1.XMD10.m1bdec","tex":"$q$"}}{"expression":{"context-references":{"chapter-title":"q-Hypergeometric and Related Functions","chapter-xmlid":"C17"},"xml-id":"C17.S1.XMD2.m1bdec","tex":"$j$"}}{"expression":{"context-references":{"chapter-title":"q-Hypergeometric and Related Functions","chapter-xmlid":"C17"},"xml-id":"C17.S1.XMD4.m1ddec","tex":"$n$"}}{"expression":{"context-references":{"chapter-title":"q-Hypergeometric and Related Functions","chapter-xmlid":"C17"},"xml-id":"C17.S12.XMD1.m1ddec","tex":"$\\alpha_{n}$"}}{"expression":{"context-references":{"chapter-title":"q-Hypergeometric and Related Functions","chapter-xmlid":"C17"},"xml-id":"C17.S12.XMD2.m1ddec","tex":"$\\beta_{n}$"}}{"expression":{"context-references":{"chapter-title":"q-Hypergeometric and Related Functions","chapter-xmlid":"C17"},"xml-id":"C17.S12.Px4.p2.m1","tex":"$q$"}}{"equation":{"symbols-used":[{"symbol":{"tex":"$\\left(\\NVar{a};\\NVar{q}\\right)_{\\NVar{n}}$","meaning":" $q$ -Pochhammer symbol (or $q$ -shifted factorial)","idref":"C17.S2.SS1.p1","content-tex":"$\\qPochhammer{\\NVar{a}}{\\NVar{q}}{\\NVar{n}}$"}},{"symbol":{"tex":"$q$","meaning":"complex base","idref":"C17.S1.p1.t1.r4"}},{"symbol":{"tex":"$n$","meaning":"nonnegative integer","idref":"C17.S1.p1.t1.r1"}},{"symbol":{"tex":"$\\alpha_{n}$","meaning":"part of Bailey pair","idref":"C17.S12.Px2"}},{"symbol":{"tex":"$\\beta_{n}$","meaning":"part of Bailey pair","idref":"C17.S12.Px2"}}],"context-references":{"sentence-num-in-corpus":"9787","sentence-xmlid":"C17.S12.Px4.p3.s1","chapter-title":"q-Hypergeometric and Related Functions","chapter-xmlid":"C17","paragraph-title":"Strong Bailey Lemma","paragraph-xmlid":"C17.S12.Px4","section-title":"Bailey Pairs","sentence-num-in-chapter":"157","section-xmlid":"C17.S12","sentence-num-in-section":"6","para-num-of-sentences":"1","para-xmlid":"C17.S12.Px4.p3"},"xml-id":"C17.S12.E6","permalink":"http:\/\/dlmf.nist.gov\/17.12.E6","equation-number":"17.12.6","subequations":[{"subequation":{"xml-id":"C17.S12.Ex5","tex":"$\\alpha_{n}=\\frac{\\left(a;q\\right)_{n}(1-aq^{2n})(-1)^{n}q^{n(3n-1)\/2}a^{n}}{ \\left(q;q\\right)_{n}(1-a)},$","content-tex":"$\\alpha_{n}=\\frac{\\qPochhammer{a}{q}{n}(1-aq^{2n})(-1)^{n}q^{n(3n-1)\/2}a^{n}}{ \\qPochhammer{q}{q}{n}(1-a)},$"}},{"subequation":{"xml-id":"C17.S12.Ex6","tex":"$\\beta_{n}=\\frac{1}{\\left(q;q\\right)_{n}}.$","content-tex":"$\\beta_{n}=\\frac{1}{\\qPochhammer{q}{q}{n}}.$"}}]}}{"expression":{"context-references":{"chapter-title":"q-Hypergeometric and Related Functions","chapter-xmlid":"C17"},"xml-id":"C17.S2.SS1.p1.m2acdec","tex":"$\\left(\\NVar{a};\\NVar{q}\\right)_{\\NVar{n}}$","content-tex":"$\\qPochhammer{\\NVar{a}}{\\NVar{q}}{\\NVar{n}}$"}}{"expression":{"context-references":{"chapter-title":"q-Hypergeometric and Related Functions","chapter-xmlid":"C17"},"xml-id":"C17.S2.SS1.p1.m3acdec","tex":"$q$"}}{"expression":{"context-references":{"chapter-title":"q-Hypergeometric and Related Functions","chapter-xmlid":"C17"},"xml-id":"C17.S2.SS1.p1.m4acdec","tex":"$q$"}}{"expression":{"context-references":{"chapter-title":"q-Hypergeometric and Related Functions","chapter-xmlid":"C17"},"xml-id":"C17.S1.XMD10.m1cdec","tex":"$q$"}}{"expression":{"context-references":{"chapter-title":"q-Hypergeometric and Related Functions","chapter-xmlid":"C17"},"xml-id":"C17.S1.XMD4.m1edec","tex":"$n$"}}{"expression":{"context-references":{"chapter-title":"q-Hypergeometric and Related Functions","chapter-xmlid":"C17"},"xml-id":"C17.S12.XMD1.m1edec","tex":"$\\alpha_{n}$"}}{"expression":{"context-references":{"chapter-title":"q-Hypergeometric and Related Functions","chapter-xmlid":"C17"},"xml-id":"C17.S12.XMD2.m1edec","tex":"$\\beta_{n}$"}}{"expression":{"context-references":{"chapter-title":"q-Hypergeometric and Related Functions","chapter-xmlid":"C17"},"xml-id":"C17.S11.m2a","tex":"$q$"}}{"expression":{"context-references":{"chapter-title":"q-Hypergeometric and Related Functions","chapter-xmlid":"C17"},"xml-id":"C17.S3.m3a","tex":"$q$"}}{"expression":{"context-references":{"chapter-title":"q-Hypergeometric and Related Functions","chapter-xmlid":"C17"},"xml-id":"C17.S3.m4a","tex":"$q$"}}{"expression":{"context-references":{"chapter-title":"q-Hypergeometric and Related Functions","chapter-xmlid":"C17"},"xml-id":"C17.S5.m2a","tex":"${{}_{0}\\phi_{0}},{{}_{1}\\phi_{0}},{{}_{1}\\phi_{1}}$","content-tex":"$\\qgenhyperphi{0}{0},\\qgenhyperphi{1}{0},\\qgenhyperphi{1}{1}$"}}{"expression":{"context-references":{"chapter-title":"q-Hypergeometric and Related Functions","chapter-xmlid":"C17"},"xml-id":"C17.S6.m2a","tex":"${{}_{2}\\phi_{1}}$","content-tex":"$\\qgenhyperphi{2}{1}$"}}{"expression":{"context-references":{"chapter-title":"q-Hypergeometric and Related Functions","chapter-xmlid":"C17"},"xml-id":"C17.S7.m2a","tex":"${{}_{r}\\phi_{s}}$","content-tex":"$\\qgenhyperphi{r}{s}$"}}{"expression":{"context-references":{"chapter-title":"q-Hypergeometric and Related Functions","chapter-xmlid":"C17"},"xml-id":"C17.S8.m2a","tex":"${{}_{r}\\psi_{r}}$","content-tex":"$\\qgenhyperpsi{r}{r}$"}}{"expression":{"context-references":{"chapter-title":"q-Hypergeometric and Related Functions","chapter-xmlid":"C17"},"xml-id":"C17.S9.m2a","tex":"${{}_{r+1}\\phi_{r}}$","content-tex":"$\\qgenhyperphi{r+1}{r}$"}}{"expression":{"context-references":{"chapter-title":"q-Hypergeometric and Related Functions","chapter-xmlid":"C17"},"xml-id":"C17.S10.m2a","tex":"${{}_{r}\\psi_{r}}$","content-tex":"$\\qgenhyperpsi{r}{r}$"}}{"expression":{"context-references":{"chapter-title":"q-Hypergeometric and Related Functions","chapter-xmlid":"C17"},"xml-id":"C17.S11.m2aa","tex":"$q$"}}