{"expression":{"context-references":{"chapter-title":"q-Hypergeometric and Related Functions","chapter-xmlid":"C17"},"xml-id":"C17.S16.info.m1","tex":"$q$"}}{"expression":{"context-references":{"chapter-title":"q-Hypergeometric and Related Functions","chapter-xmlid":"C17"},"xml-id":"C17.S16.info.m2","tex":"$q$"}}{"expression":{"context-references":{"chapter-title":"q-Hypergeometric and Related Functions","chapter-xmlid":"C17"},"xml-id":"C17.S16.m1","tex":"$q$"}}{"expression":{"context-references":{"chapter-title":"q-Hypergeometric and Related Functions","chapter-xmlid":"C17"},"xml-id":"C17.S16.m2","tex":"$q$"}}{"expression":{"context-references":{"sentence-num-in-corpus":"9802","sentence-xmlid":"C17.S16.p1.s1","chapter-title":"q-Hypergeometric and Related Functions","chapter-xmlid":"C17","section-title":"Mathematical Applications","sentence-num-in-chapter":"172","section-xmlid":"C17.S16","sentence-num-in-section":"1","para-num-of-sentences":"4","para-xmlid":"C17.S16.p1"},"xml-id":"C17.S16.p1.m1","tex":"$q$"}}{"expression":{"context-references":{"sentence-num-in-corpus":"9803","sentence-xmlid":"C17.S16.p1.s2","chapter-title":"q-Hypergeometric and Related Functions","chapter-xmlid":"C17","section-title":"Mathematical Applications","sentence-num-in-chapter":"173","section-xmlid":"C17.S16","sentence-num-in-section":"2","para-num-of-sentences":"4","para-xmlid":"C17.S16.p1"},"xml-id":"C17.S16.p1.m2","tex":"$q$"}}{"expression":{"context-references":{"chapter-title":"q-Hypergeometric and Related Functions","chapter-xmlid":"C17"},"xml-id":"C17.S3.m3a","tex":"$q$"}}{"expression":{"context-references":{"chapter-title":"q-Hypergeometric and Related Functions","chapter-xmlid":"C17"},"xml-id":"C17.S3.m4a","tex":"$q$"}}{"expression":{"context-references":{"chapter-title":"q-Hypergeometric and Related Functions","chapter-xmlid":"C17"},"xml-id":"C17.S5.m2a","tex":"${{}_{0}\\phi_{0}},{{}_{1}\\phi_{0}},{{}_{1}\\phi_{1}}$","content-tex":"$\\qgenhyperphi{0}{0},\\qgenhyperphi{1}{0},\\qgenhyperphi{1}{1}$"}}{"expression":{"context-references":{"chapter-title":"q-Hypergeometric and Related Functions","chapter-xmlid":"C17"},"xml-id":"C17.S6.m2a","tex":"${{}_{2}\\phi_{1}}$","content-tex":"$\\qgenhyperphi{2}{1}$"}}{"expression":{"context-references":{"chapter-title":"q-Hypergeometric and Related Functions","chapter-xmlid":"C17"},"xml-id":"C17.S7.m2a","tex":"${{}_{r}\\phi_{s}}$","content-tex":"$\\qgenhyperphi{r}{s}$"}}{"expression":{"context-references":{"chapter-title":"q-Hypergeometric and Related Functions","chapter-xmlid":"C17"},"xml-id":"C17.S8.m2a","tex":"${{}_{r}\\psi_{r}}$","content-tex":"$\\qgenhyperpsi{r}{r}$"}}{"expression":{"context-references":{"chapter-title":"q-Hypergeometric and Related Functions","chapter-xmlid":"C17"},"xml-id":"C17.S9.m2a","tex":"${{}_{r+1}\\phi_{r}}$","content-tex":"$\\qgenhyperphi{r+1}{r}$"}}{"expression":{"context-references":{"chapter-title":"q-Hypergeometric and Related Functions","chapter-xmlid":"C17"},"xml-id":"C17.S10.m2a","tex":"${{}_{r}\\psi_{r}}$","content-tex":"$\\qgenhyperpsi{r}{r}$"}}{"expression":{"context-references":{"chapter-title":"q-Hypergeometric and Related Functions","chapter-xmlid":"C17"},"xml-id":"C17.S11.m2a","tex":"$q$"}}