{"expression":{"xml-id":"C17.S15.info.m1","tex":"$q$","context":{"chapter-title":"q-Hypergeometric and Related Functions","chapter-xmlid":"C17"}}}{"expression":{"xml-id":"C17.S15.m1","tex":"$q$","context":{"chapter-title":"q-Hypergeometric and Related Functions","chapter-xmlid":"C17"}}}{"expression":{"xml-id":"C17.S3.m3a","tex":"$q$","context":{"chapter-title":"q-Hypergeometric and Related Functions","chapter-xmlid":"C17"}}}{"expression":{"xml-id":"C17.S3.m4a","tex":"$q$","context":{"chapter-title":"q-Hypergeometric and Related Functions","chapter-xmlid":"C17"}}}{"expression":{"xml-id":"C17.S5.m2a","tex":"${{}_{0}\\phi_{0}},{{}_{1}\\phi_{0}},{{}_{1}\\phi_{1}}$","context":{"chapter-title":"q-Hypergeometric and Related Functions","chapter-xmlid":"C17"},"content-tex":"$\\qgenhyperphi{0}{0},\\qgenhyperphi{1}{0},\\qgenhyperphi{1}{1}$"}}{"expression":{"xml-id":"C17.S6.m2a","tex":"${{}_{2}\\phi_{1}}$","context":{"chapter-title":"q-Hypergeometric and Related Functions","chapter-xmlid":"C17"},"content-tex":"$\\qgenhyperphi{2}{1}$"}}{"expression":{"xml-id":"C17.S7.m2a","tex":"${{}_{r}\\phi_{s}}$","context":{"chapter-title":"q-Hypergeometric and Related Functions","chapter-xmlid":"C17"},"content-tex":"$\\qgenhyperphi{r}{s}$"}}{"expression":{"xml-id":"C17.S8.m2a","tex":"${{}_{r}\\psi_{r}}$","context":{"chapter-title":"q-Hypergeometric and Related Functions","chapter-xmlid":"C17"},"content-tex":"$\\qgenhyperpsi{r}{r}$"}}{"expression":{"xml-id":"C17.S9.m2a","tex":"${{}_{r+1}\\phi_{r}}$","context":{"chapter-title":"q-Hypergeometric and Related Functions","chapter-xmlid":"C17"},"content-tex":"$\\qgenhyperphi{r+1}{r}$"}}{"expression":{"xml-id":"C17.S10.m2a","tex":"${{}_{r}\\psi_{r}}$","context":{"chapter-title":"q-Hypergeometric and Related Functions","chapter-xmlid":"C17"},"content-tex":"$\\qgenhyperpsi{r}{r}$"}}{"expression":{"xml-id":"C17.S11.m2a","tex":"$q$","context":{"chapter-title":"q-Hypergeometric and Related Functions","chapter-xmlid":"C17"}}}