{"expression":{"xml-id":"C17.S6.m1","tex":"${{}_{2}\\phi_{1}}$","context":{"chapter-title":"q-Hypergeometric and Related Functions","chapter-xmlid":"C17","section-title":"<Math mode=\"inline\" xml:id=\"C17.S6.m1\">{{}_{2}\\phi_{1}}<\/Math> Function","section-xmlid":"C17.S6"},"content-tex":"$\\qgenhyperphi{2}{1}$"}}{"expression":{"xml-id":"C17.S6.m2","tex":"${{}_{2}\\phi_{1}}$","context":{"chapter-title":"q-Hypergeometric and Related Functions","chapter-xmlid":"C17"},"content-tex":"$\\qgenhyperphi{2}{1}$"}}{"expression":{"xml-id":"C17.S6.Px1.m1","tex":"$q$","context":{"subsection-xmlid":"C17.S6.SS1","chapter-title":"q-Hypergeometric and Related Functions","chapter-xmlid":"C17","paragraph-title":"<Math mode=\"inline\" xml:id=\"C17.S6.Px1.m1\">q<\/Math>-Gauss Sum","paragraph-xmlid":"C17.S6.Px1","section-title":"<Math mode=\"inline\" xml:id=\"C17.S6.m1\">{{}_{2}\\phi_{1}}<\/Math> Function","section-xmlid":"C17.S6","subsection-title":"Special Values"}}}{"equation":{"symbols-used":[{"symbol":{"tex":"${{}_{\\NVar{r+1}}\\phi_{\\NVar{s}}}\\left(\\NVar{a_{0},\\dots,a_{r}};\\NVar{b_{1}, \\dots,b_{s}};\\NVar{q},\\NVar{z}\\right)$","meaning":"basic hypergeometric (or $q$ -hypergeometric) function","idref":"C17.S4.E1","content-tex":"$\\qgenhyperphi{\\NVar{r+1}}{\\NVar{s}}@{\\NVar{a_{0},\\dots,a_{r}}}{\\NVar{b_{1}, \\dots,b_{s}}}{\\NVar{q}}{\\NVar{z}}$"}},{"symbol":{"tex":"$\\left(\\NVar{a_{1},a_{2},\\dots,a_{r}};\\NVar{q}\\right)_{\\NVar{n}}$","meaning":"multiple $q$ -Pochhammer symbol","idref":"C17.S2.SS1.p1","content-tex":"$\\qmultiPochhammersym{\\NVar{a_{1},a_{2},\\dots,a_{r}}}{\\NVar{q}}{\\NVar{n}}$"}},{"symbol":{"tex":"$q$","meaning":"complex base","idref":"C17.S1.p1.t1.r4"}}],"xml-id":"C17.S6.E1","tex":"${{}_{2}\\phi_{1}}\\left({a,b\\atop c};q,\\ifrac{c}{(ab)}\\right)=\\frac{\\left(c\/a,c\/ b;q\\right)_{\\infty}}{\\left(c,c\/(ab);q\\right)_{\\infty}}.$","context":{"sentence-num-in-corpus":"9714","sentence-xmlid":"C17.S6.Px1.p1.s1","chapter-title":"q-Hypergeometric and Related Functions","chapter-xmlid":"C17","paragraph-xmlid":"C17.S6.Px1","sentence-num-in-chapter":"84","section-xmlid":"C17.S6","sentence-num-in-section":"1","para-xmlid":"C17.S6.Px1.p1","subsection-title":"Special Values","subsection-xmlid":"C17.S6.SS1","paragraph-title":"<Math mode=\"inline\" xml:id=\"C17.S6.Px1.m1\">q<\/Math>-Gauss Sum","section-title":"<Math mode=\"inline\" xml:id=\"C17.S6.m1\">{{}_{2}\\phi_{1}}<\/Math> Function","para-num-of-sentences":"1"},"permalink":"http:\/\/dlmf.nist.gov\/17.6.E1","equation-number":"17.6.1","content-tex":"$\\qgenhyperphi{2}{1}@@{a,b}{c}{q}{\\ifrac{c}{(ab)}}=\\frac{\\qmultiPochhammersym{c \/a,c\/b}{q}{\\infty}}{\\qmultiPochhammersym{c,c\/(ab)}{q}{\\infty}}.$"}}{"expression":{"xml-id":"C17.S6.Px2.m1","tex":"$q$","context":{"subsection-xmlid":"C17.S6.SS1","chapter-title":"q-Hypergeometric and Related Functions","chapter-xmlid":"C17","paragraph-title":"First <Math mode=\"inline\" xml:id=\"C17.S6.Px2.m1\">q<\/Math>-Chu\u2013Vandermonde Sum","paragraph-xmlid":"C17.S6.Px2","section-title":"<Math mode=\"inline\" xml:id=\"C17.S6.m1\">{{}_{2}\\phi_{1}}<\/Math> Function","section-xmlid":"C17.S6","subsection-title":"Special Values"}}}{"expression":{"xml-id":"C17.S6.Px2.info.m1","tex":"$q$","context":{"chapter-title":"q-Hypergeometric and Related Functions","chapter-xmlid":"C17"}}}{"expression":{"xml-id":"C17.S6.Px2.info.m2","tex":"$q$","context":{"chapter-title":"q-Hypergeometric and Related Functions","chapter-xmlid":"C17"}}}{"expression":{"xml-id":"C17.S6.Px2.m2","tex":"$q$","context":{"chapter-title":"q-Hypergeometric and Related Functions","chapter-xmlid":"C17"}}}{"expression":{"xml-id":"C17.S6.Px2.m3","tex":"$q$","context":{"chapter-title":"q-Hypergeometric and Related Functions","chapter-xmlid":"C17"}}}{"equation":{"symbols-used":[{"symbol":{"tex":"$\\left(\\NVar{a};\\NVar{q}\\right)_{\\NVar{n}}$","meaning":" $q$ -Pochhammer symbol (or $q$ -shifted factorial)","idref":"C17.S2.SS1.p1","content-tex":"$\\qPochhammer{\\NVar{a}}{\\NVar{q}}{\\NVar{n}}$"}},{"symbol":{"tex":"${{}_{\\NVar{r+1}}\\phi_{\\NVar{s}}}\\left(\\NVar{a_{0},\\dots,a_{r}};\\NVar{b_{1}, \\dots,b_{s}};\\NVar{q},\\NVar{z}\\right)$","meaning":"basic hypergeometric (or $q$ -hypergeometric) function","idref":"C17.S4.E1","content-tex":"$\\qgenhyperphi{\\NVar{r+1}}{\\NVar{s}}@{\\NVar{a_{0},\\dots,a_{r}}}{\\NVar{b_{1}, \\dots,b_{s}}}{\\NVar{q}}{\\NVar{z}}$"}},{"symbol":{"tex":"$q$","meaning":"complex base","idref":"C17.S1.p1.t1.r4"}},{"symbol":{"tex":"$n$","meaning":"nonnegative integer","idref":"C17.S1.p1.t1.r1"}}],"xml-id":"C17.S6.E2","tex":"${{}_{2}\\phi_{1}}\\left({a,q^{-n}\\atop c};q,\\ifrac{cq^{n}}{a}\\right)=\\frac{\\left (c\/a;q\\right)_{n}}{\\left(c;q\\right)_{n}}.$","context":{"sentence-num-in-corpus":"9715","sentence-xmlid":"C17.S6.Px2.p1.s1","chapter-title":"q-Hypergeometric and Related Functions","chapter-xmlid":"C17","paragraph-xmlid":"C17.S6.Px2","sentence-num-in-chapter":"85","section-xmlid":"C17.S6","sentence-num-in-section":"2","para-xmlid":"C17.S6.Px2.p1","subsection-title":"Special Values","subsection-xmlid":"C17.S6.SS1","paragraph-title":"First <Math mode=\"inline\" xml:id=\"C17.S6.Px2.m1\">q<\/Math>-Chu\u2013Vandermonde Sum","section-title":"<Math mode=\"inline\" xml:id=\"C17.S6.m1\">{{}_{2}\\phi_{1}}<\/Math> Function","para-num-of-sentences":"1"},"permalink":"http:\/\/dlmf.nist.gov\/17.6.E2","equation-number":"17.6.2","content-tex":"$\\qgenhyperphi{2}{1}@@{a,q^{-n}}{c}{q}{\\ifrac{cq^{n}}{a}}=\\frac{\\qPochhammer{c\/ a}{q}{n}}{\\qPochhammer{c}{q}{n}}.$"}}{"expression":{"xml-id":"C17.S6.Px3.m1","tex":"$q$","context":{"subsection-xmlid":"C17.S6.SS1","chapter-title":"q-Hypergeometric and Related Functions","chapter-xmlid":"C17","paragraph-title":"Second <Math mode=\"inline\" xml:id=\"C17.S6.Px3.m1\">q<\/Math>-Chu\u2013Vandermonde Sum","paragraph-xmlid":"C17.S6.Px3","section-title":"<Math mode=\"inline\" xml:id=\"C17.S6.m1\">{{}_{2}\\phi_{1}}<\/Math> Function","section-xmlid":"C17.S6","subsection-title":"Special Values"}}}{"equation":{"symbols-used":[{"symbol":{"tex":"$\\left(\\NVar{a};\\NVar{q}\\right)_{\\NVar{n}}$","meaning":" $q$ -Pochhammer symbol (or $q$ -shifted factorial)","idref":"C17.S2.SS1.p1","content-tex":"$\\qPochhammer{\\NVar{a}}{\\NVar{q}}{\\NVar{n}}$"}},{"symbol":{"tex":"${{}_{\\NVar{r+1}}\\phi_{\\NVar{s}}}\\left(\\NVar{a_{0},\\dots,a_{r}};\\NVar{b_{1}, \\dots,b_{s}};\\NVar{q},\\NVar{z}\\right)$","meaning":"basic hypergeometric (or $q$ -hypergeometric) function","idref":"C17.S4.E1","content-tex":"$\\qgenhyperphi{\\NVar{r+1}}{\\NVar{s}}@{\\NVar{a_{0},\\dots,a_{r}}}{\\NVar{b_{1}, \\dots,b_{s}}}{\\NVar{q}}{\\NVar{z}}$"}},{"symbol":{"tex":"$q$","meaning":"complex base","idref":"C17.S1.p1.t1.r4"}},{"symbol":{"tex":"$n$","meaning":"nonnegative integer","idref":"C17.S1.p1.t1.r1"}}],"xml-id":"C17.S6.E3","tex":"${{}_{2}\\phi_{1}}\\left({a,q^{-n}\\atop c};q,q\\right)=\\frac{a^{n}\\left(c\/a;q \\right)_{n}}{\\left(c;q\\right)_{n}}.$","context":{"sentence-num-in-corpus":"9717","sentence-xmlid":"C17.S6.Px3.p1.s2","chapter-title":"q-Hypergeometric and Related Functions","chapter-xmlid":"C17","paragraph-xmlid":"C17.S6.Px3","sentence-num-in-chapter":"87","section-xmlid":"C17.S6","sentence-num-in-section":"4","para-xmlid":"C17.S6.Px3.p1","subsection-title":"Special Values","subsection-xmlid":"C17.S6.SS1","paragraph-title":"Second <Math mode=\"inline\" xml:id=\"C17.S6.Px3.m1\">q<\/Math>-Chu\u2013Vandermonde Sum","section-title":"<Math mode=\"inline\" xml:id=\"C17.S6.m1\">{{}_{2}\\phi_{1}}<\/Math> Function","para-num-of-sentences":"2"},"permalink":"http:\/\/dlmf.nist.gov\/17.6.E3","equation-number":"17.6.3","content-tex":"$\\qgenhyperphi{2}{1}@@{a,q^{-n}}{c}{q}{q}=\\frac{a^{n}\\qPochhammer{c\/a}{q}{n}}{ \\qPochhammer{c}{q}{n}}.$"}}{"expression":{"xml-id":"C17.S6.Px4.info.m1","tex":"$q$","context":{"chapter-title":"q-Hypergeometric and Related Functions","chapter-xmlid":"C17"}}}{"expression":{"xml-id":"C17.S6.Px4.m1","tex":"$q$","context":{"chapter-title":"q-Hypergeometric and Related Functions","chapter-xmlid":"C17"}}}{"equation":{"symbols-used":[{"symbol":{"tex":"$\\left(\\NVar{a};\\NVar{q}\\right)_{\\NVar{n}}$","meaning":" $q$ -Pochhammer symbol (or $q$ -shifted factorial)","idref":"C17.S2.SS1.p1","content-tex":"$\\qPochhammer{\\NVar{a}}{\\NVar{q}}{\\NVar{n}}$"}},{"symbol":{"tex":"${{}_{\\NVar{r+1}}\\phi_{\\NVar{s}}}\\left(\\NVar{a_{0},\\dots,a_{r}};\\NVar{b_{1}, \\dots,b_{s}};\\NVar{q},\\NVar{z}\\right)$","meaning":"basic hypergeometric (or $q$ -hypergeometric) function","idref":"C17.S4.E1","content-tex":"$\\qgenhyperphi{\\NVar{r+1}}{\\NVar{s}}@{\\NVar{a_{0},\\dots,a_{r}}}{\\NVar{b_{1}, \\dots,b_{s}}}{\\NVar{q}}{\\NVar{z}}$"}},{"symbol":{"tex":"$\\left(\\NVar{a_{1},a_{2},\\dots,a_{r}};\\NVar{q}\\right)_{\\NVar{n}}$","meaning":"multiple $q$ -Pochhammer symbol","idref":"C17.S2.SS1.p1","content-tex":"$\\qmultiPochhammersym{\\NVar{a_{1},a_{2},\\dots,a_{r}}}{\\NVar{q}}{\\NVar{n}}$"}},{"symbol":{"tex":"$q$","meaning":"complex base","idref":"C17.S1.p1.t1.r4"}}],"xml-id":"C17.S6.E4","tex":"${{}_{2}\\phi_{1}}\\left({b^{2},\\ifrac{b^{2}}{c}\\atop c};q^{2},\\ifrac{cq}{b^{2}} \\right)=\\frac{1}{2}\\frac{\\left(b^{2},q;q^{2}\\right)_{\\infty}}{\\left(c,cq\/b^{2} ;q^{2}\\right)_{\\infty}}\\left(\\frac{\\left(c\/b;q\\right)_{\\infty}}{\\left(b;q \\right)_{\\infty}}+\\frac{\\left(-c\/b;q\\right)_{\\infty}}{\\left(-b;q\\right)_{ \\infty}}\\right),$","context":{"sentence-num-in-corpus":"9718","sentence-xmlid":"C17.S6.Px4.p1.s1","chapter-title":"q-Hypergeometric and Related Functions","chapter-xmlid":"C17","paragraph-xmlid":"C17.S6.Px4","sentence-num-in-chapter":"88","section-xmlid":"C17.S6","sentence-num-in-section":"5","para-xmlid":"C17.S6.Px4.p1","subsection-title":"Special Values","subsection-xmlid":"C17.S6.SS1","paragraph-title":"Andrews\u2013Askey Sum","section-title":"<Math mode=\"inline\" xml:id=\"C17.S6.m1\">{{}_{2}\\phi_{1}}<\/Math> Function","para-num-of-sentences":"1"},"permalink":"http:\/\/dlmf.nist.gov\/17.6.E4","equation-number":"17.6.4","constraints":{"tex":"$|cq|<|b^{2}|$."},"content-tex":"$\\qgenhyperphi{2}{1}@@{b^{2},\\ifrac{b^{2}}{c}}{c}{q^{2}}{\\ifrac{cq}{b^{2}}}= \\frac{1}{2}\\frac{\\qmultiPochhammersym{b^{2},q}{q^{2}}{\\infty}}{ \\qmultiPochhammersym{c,cq\/b^{2}}{q^{2}}{\\infty}}\\left(\\frac{\\qPochhammer{c\/b}{ q}{\\infty}}{\\qPochhammer{b}{q}{\\infty}}+\\frac{\\qPochhammer{-c\/b}{q}{\\infty}}{ \\qPochhammer{-b}{q}{\\infty}}\\right),$"}}{"expression":{"xml-id":"C17.S6.Px5.m1","tex":"$q$","context":{"subsection-xmlid":"C17.S6.SS1","chapter-title":"q-Hypergeometric and Related Functions","chapter-xmlid":"C17","paragraph-title":"Bailey\u2013Daum <Math mode=\"inline\" xml:id=\"C17.S6.Px5.m1\">q<\/Math>-Kummer Sum","paragraph-xmlid":"C17.S6.Px5","section-title":"<Math mode=\"inline\" xml:id=\"C17.S6.m1\">{{}_{2}\\phi_{1}}<\/Math> Function","section-xmlid":"C17.S6","subsection-title":"Special Values"}}}{"expression":{"xml-id":"C17.S6.Px5.info.m1","tex":"$q$","context":{"chapter-title":"q-Hypergeometric and Related Functions","chapter-xmlid":"C17"}}}{"expression":{"xml-id":"C17.S6.Px5.info.m2","tex":"$q$","context":{"chapter-title":"q-Hypergeometric and Related Functions","chapter-xmlid":"C17"}}}{"expression":{"xml-id":"C17.S6.Px5.m2","tex":"$q$","context":{"chapter-title":"q-Hypergeometric and Related Functions","chapter-xmlid":"C17"}}}{"expression":{"xml-id":"C17.S6.Px5.m3","tex":"$q$","context":{"chapter-title":"q-Hypergeometric and Related Functions","chapter-xmlid":"C17"}}}{"equation":{"symbols-used":[{"symbol":{"tex":"$\\left(\\NVar{a};\\NVar{q}\\right)_{\\NVar{n}}$","meaning":" $q$ -Pochhammer symbol (or $q$ -shifted factorial)","idref":"C17.S2.SS1.p1","content-tex":"$\\qPochhammer{\\NVar{a}}{\\NVar{q}}{\\NVar{n}}$"}},{"symbol":{"tex":"${{}_{\\NVar{r+1}}\\phi_{\\NVar{s}}}\\left(\\NVar{a_{0},\\dots,a_{r}};\\NVar{b_{1}, \\dots,b_{s}};\\NVar{q},\\NVar{z}\\right)$","meaning":"basic hypergeometric (or $q$ -hypergeometric) function","idref":"C17.S4.E1","content-tex":"$\\qgenhyperphi{\\NVar{r+1}}{\\NVar{s}}@{\\NVar{a_{0},\\dots,a_{r}}}{\\NVar{b_{1}, \\dots,b_{s}}}{\\NVar{q}}{\\NVar{z}}$"}},{"symbol":{"tex":"$\\left(\\NVar{a_{1},a_{2},\\dots,a_{r}};\\NVar{q}\\right)_{\\NVar{n}}$","meaning":"multiple $q$ -Pochhammer symbol","idref":"C17.S2.SS1.p1","content-tex":"$\\qmultiPochhammersym{\\NVar{a_{1},a_{2},\\dots,a_{r}}}{\\NVar{q}}{\\NVar{n}}$"}},{"symbol":{"tex":"$q$","meaning":"complex base","idref":"C17.S1.p1.t1.r4"}}],"xml-id":"C17.S6.E5","tex":"${{}_{2}\\phi_{1}}\\left({a,b\\atop aq\/b};q,-q\/b\\right)=\\frac{\\left(-q;q\\right)_{ \\infty}\\left(aq,\\ifrac{aq^{2}}{b^{2}};q^{2}\\right)_{\\infty}}{\\left(-q\/b,aq\/b;q \\right)_{\\infty}},$","context":{"sentence-num-in-corpus":"9719","sentence-xmlid":"C17.S6.Px5.p1.s1","chapter-title":"q-Hypergeometric and Related Functions","chapter-xmlid":"C17","paragraph-xmlid":"C17.S6.Px5","sentence-num-in-chapter":"89","section-xmlid":"C17.S6","sentence-num-in-section":"6","para-xmlid":"C17.S6.Px5.p1","subsection-title":"Special Values","subsection-xmlid":"C17.S6.SS1","paragraph-title":"Bailey\u2013Daum <Math mode=\"inline\" xml:id=\"C17.S6.Px5.m1\">q<\/Math>-Kummer Sum","section-title":"<Math mode=\"inline\" xml:id=\"C17.S6.m1\">{{}_{2}\\phi_{1}}<\/Math> Function","para-num-of-sentences":"1"},"permalink":"http:\/\/dlmf.nist.gov\/17.6.E5","equation-number":"17.6.5","constraints":{"tex":"$|b|>|q|$."},"content-tex":"$\\qgenhyperphi{2}{1}@@{a,b}{aq\/b}{q}{-q\/b}=\\frac{\\qPochhammer{-q}{q}{\\infty} \\qmultiPochhammersym{aq,\\ifrac{aq^{2}}{b^{2}}}{q^{2}}{\\infty}}{ \\qmultiPochhammersym{-q\/b,aq\/b}{q}{\\infty}},$"}}{"expression":{"xml-id":"C17.S6.SS2.m1","tex":"${{}_{2}\\phi_{1}}$","context":{"subsection-xmlid":"C17.S6.SS2","chapter-title":"q-Hypergeometric and Related Functions","chapter-xmlid":"C17","section-title":"<Math mode=\"inline\" xml:id=\"C17.S6.m1\">{{}_{2}\\phi_{1}}<\/Math> Function","section-xmlid":"C17.S6","subsection-title":"<Math mode=\"inline\" xml:id=\"C17.S6.SS2.m1\">{{}_{2}\\phi_{1}}<\/Math> Transformations"},"content-tex":"$\\qgenhyperphi{2}{1}$"}}{"expression":{"xml-id":"C17.S6.SS2.m2","tex":"${{}_{2}\\phi_{1}}$","context":{"chapter-title":"q-Hypergeometric and Related Functions","chapter-xmlid":"C17"},"content-tex":"$\\qgenhyperphi{2}{1}$"}}{"expression":{"xml-id":"C17.S6.Px6.info.m1","tex":"$q$","context":{"chapter-title":"q-Hypergeometric and Related Functions","chapter-xmlid":"C17"}}}{"expression":{"xml-id":"C17.S6.Px6.m1","tex":"$q$","context":{"chapter-title":"q-Hypergeometric and Related Functions","chapter-xmlid":"C17"}}}{"equation":{"symbols-used":[{"symbol":{"tex":"${{}_{\\NVar{r+1}}\\phi_{\\NVar{s}}}\\left(\\NVar{a_{0},\\dots,a_{r}};\\NVar{b_{1}, \\dots,b_{s}};\\NVar{q},\\NVar{z}\\right)$","meaning":"basic hypergeometric (or $q$ -hypergeometric) function","idref":"C17.S4.E1","content-tex":"$\\qgenhyperphi{\\NVar{r+1}}{\\NVar{s}}@{\\NVar{a_{0},\\dots,a_{r}}}{\\NVar{b_{1}, \\dots,b_{s}}}{\\NVar{q}}{\\NVar{z}}$"}},{"symbol":{"tex":"$\\left(\\NVar{a_{1},a_{2},\\dots,a_{r}};\\NVar{q}\\right)_{\\NVar{n}}$","meaning":"multiple $q$ -Pochhammer symbol","idref":"C17.S2.SS1.p1","content-tex":"$\\qmultiPochhammersym{\\NVar{a_{1},a_{2},\\dots,a_{r}}}{\\NVar{q}}{\\NVar{n}}$"}},{"symbol":{"tex":"$q$","meaning":"complex base","idref":"C17.S1.p1.t1.r4"}},{"symbol":{"tex":"$z$","meaning":"complex variable","idref":"C17.S1.p1.t1.r2"}}],"xml-id":"C17.S6.E6","tex":"${{}_{2}\\phi_{1}}\\left({a,b\\atop c};q,z\\right)=\\frac{\\left(b,az;q\\right)_{ \\infty}}{\\left(c,z;q\\right)_{\\infty}}{{}_{2}\\phi_{1}}\\left({c\/b,z\\atop az};q,b \\right),$","context":{"sentence-num-in-corpus":"9720","sentence-xmlid":"C17.S6.Px6.p1.s1","chapter-title":"q-Hypergeometric and Related Functions","chapter-xmlid":"C17","paragraph-xmlid":"C17.S6.Px6","sentence-num-in-chapter":"90","section-xmlid":"C17.S6","sentence-num-in-section":"7","para-xmlid":"C17.S6.Px6.p1","subsection-title":"<Math mode=\"inline\" xml:id=\"C17.S6.SS2.m1\">{{}_{2}\\phi_{1}}<\/Math> Transformations","subsection-xmlid":"C17.S6.SS2","paragraph-title":"Heine\u2019s First Transformation","section-title":"<Math mode=\"inline\" xml:id=\"C17.S6.m1\">{{}_{2}\\phi_{1}}<\/Math> Function","para-num-of-sentences":"1"},"permalink":"http:\/\/dlmf.nist.gov\/17.6.E6","equation-number":"17.6.6","constraints":{"tex":"$|z|<1,|b|<1$."},"content-tex":"$\\qgenhyperphi{2}{1}@@{a,b}{c}{q}{z}=\\frac{\\qmultiPochhammersym{b,az}{q}{\\infty }}{\\qmultiPochhammersym{c,z}{q}{\\infty}}\\qgenhyperphi{2}{1}@@{c\/b,z}{az}{q}{b},$"}}{"equation":{"symbols-used":[{"symbol":{"tex":"${{}_{\\NVar{r+1}}\\phi_{\\NVar{s}}}\\left(\\NVar{a_{0},\\dots,a_{r}};\\NVar{b_{1}, \\dots,b_{s}};\\NVar{q},\\NVar{z}\\right)$","meaning":"basic hypergeometric (or $q$ -hypergeometric) function","idref":"C17.S4.E1","content-tex":"$\\qgenhyperphi{\\NVar{r+1}}{\\NVar{s}}@{\\NVar{a_{0},\\dots,a_{r}}}{\\NVar{b_{1}, \\dots,b_{s}}}{\\NVar{q}}{\\NVar{z}}$"}},{"symbol":{"tex":"$\\left(\\NVar{a_{1},a_{2},\\dots,a_{r}};\\NVar{q}\\right)_{\\NVar{n}}$","meaning":"multiple $q$ -Pochhammer symbol","idref":"C17.S2.SS1.p1","content-tex":"$\\qmultiPochhammersym{\\NVar{a_{1},a_{2},\\dots,a_{r}}}{\\NVar{q}}{\\NVar{n}}$"}},{"symbol":{"tex":"$q$","meaning":"complex base","idref":"C17.S1.p1.t1.r4"}},{"symbol":{"tex":"$z$","meaning":"complex variable","idref":"C17.S1.p1.t1.r2"}}],"xml-id":"C17.S6.E7","tex":"${{}_{2}\\phi_{1}}\\left({a,b\\atop c};q,z\\right)=\\frac{\\left(c\/b,bz;q\\right)_{ \\infty}}{\\left(c,z;q\\right)_{\\infty}}{{}_{2}\\phi_{1}}\\left({\\ifrac{abz}{c},b \\atop bz};q,c\/b\\right),$","context":{"sentence-num-in-corpus":"9721","sentence-xmlid":"C17.S6.Px7.p1.s1","chapter-title":"q-Hypergeometric and Related Functions","chapter-xmlid":"C17","paragraph-xmlid":"C17.S6.Px7","sentence-num-in-chapter":"91","section-xmlid":"C17.S6","sentence-num-in-section":"8","para-xmlid":"C17.S6.Px7.p1","subsection-title":"<Math mode=\"inline\" xml:id=\"C17.S6.SS2.m1\">{{}_{2}\\phi_{1}}<\/Math> Transformations","subsection-xmlid":"C17.S6.SS2","paragraph-title":"Heine\u2019s Second Tranformation","section-title":"<Math mode=\"inline\" xml:id=\"C17.S6.m1\">{{}_{2}\\phi_{1}}<\/Math> Function","para-num-of-sentences":"1"},"permalink":"http:\/\/dlmf.nist.gov\/17.6.E7","equation-number":"17.6.7","constraints":{"tex":"$|z|<1,|c|<|b|$."},"content-tex":"$\\qgenhyperphi{2}{1}@@{a,b}{c}{q}{z}=\\frac{\\qmultiPochhammersym{c\/b,bz}{q}{ \\infty}}{\\qmultiPochhammersym{c,z}{q}{\\infty}}\\qgenhyperphi{2}{1}@@{\\ifrac{abz }{c},b}{bz}{q}{c\/b},$"}}{"equation":{"symbols-used":[{"symbol":{"tex":"$\\left(\\NVar{a};\\NVar{q}\\right)_{\\NVar{n}}$","meaning":" $q$ -Pochhammer symbol (or $q$ -shifted factorial)","idref":"C17.S2.SS1.p1","content-tex":"$\\qPochhammer{\\NVar{a}}{\\NVar{q}}{\\NVar{n}}$"}},{"symbol":{"tex":"${{}_{\\NVar{r+1}}\\phi_{\\NVar{s}}}\\left(\\NVar{a_{0},\\dots,a_{r}};\\NVar{b_{1}, \\dots,b_{s}};\\NVar{q},\\NVar{z}\\right)$","meaning":"basic hypergeometric (or $q$ -hypergeometric) function","idref":"C17.S4.E1","content-tex":"$\\qgenhyperphi{\\NVar{r+1}}{\\NVar{s}}@{\\NVar{a_{0},\\dots,a_{r}}}{\\NVar{b_{1}, \\dots,b_{s}}}{\\NVar{q}}{\\NVar{z}}$"}},{"symbol":{"tex":"$q$","meaning":"complex base","idref":"C17.S1.p1.t1.r4"}},{"symbol":{"tex":"$z$","meaning":"complex variable","idref":"C17.S1.p1.t1.r2"}}],"xml-id":"C17.S6.E8","tex":"${{}_{2}\\phi_{1}}\\left({a,b\\atop c};q,z\\right)=\\frac{\\left(\\ifrac{abz}{c};q \\right)_{\\infty}}{\\left(z;q\\right)_{\\infty}}{{}_{2}\\phi_{1}}\\left({c\/a,c\/b \\atop c};q,\\ifrac{abz}{c}\\right),$","context":{"sentence-num-in-corpus":"9722","sentence-xmlid":"C17.S6.Px8.p1.s1","chapter-title":"q-Hypergeometric and Related Functions","chapter-xmlid":"C17","paragraph-xmlid":"C17.S6.Px8","sentence-num-in-chapter":"92","section-xmlid":"C17.S6","sentence-num-in-section":"9","para-xmlid":"C17.S6.Px8.p1","subsection-title":"<Math mode=\"inline\" xml:id=\"C17.S6.SS2.m1\">{{}_{2}\\phi_{1}}<\/Math> Transformations","subsection-xmlid":"C17.S6.SS2","paragraph-title":"Heine\u2019s Third Transformation","section-title":"<Math mode=\"inline\" xml:id=\"C17.S6.m1\">{{}_{2}\\phi_{1}}<\/Math> Function","para-num-of-sentences":"1"},"permalink":"http:\/\/dlmf.nist.gov\/17.6.E8","equation-number":"17.6.8","constraints":{"tex":"$|z|<1,|abz|<|c|$."},"content-tex":"$\\qgenhyperphi{2}{1}@@{a,b}{c}{q}{z}=\\frac{\\qPochhammer{\\ifrac{abz}{c}}{q}{ \\infty}}{\\qPochhammer{z}{q}{\\infty}}\\qgenhyperphi{2}{1}@@{c\/a,c\/b}{c}{q}{ \\ifrac{abz}{c}},$"}}{"expression":{"xml-id":"C17.S6.Px9.info.m1","tex":"$q$","context":{"chapter-title":"q-Hypergeometric and Related Functions","chapter-xmlid":"C17"}}}{"expression":{"xml-id":"C17.S6.Px9.m1","tex":"$q$","context":{"chapter-title":"q-Hypergeometric and Related Functions","chapter-xmlid":"C17"}}}{"equation":{"symbols-used":[{"symbol":{"tex":"$\\left(\\NVar{a};\\NVar{q}\\right)_{\\NVar{n}}$","meaning":" $q$ -Pochhammer symbol (or $q$ -shifted factorial)","idref":"C17.S2.SS1.p1","content-tex":"$\\qPochhammer{\\NVar{a}}{\\NVar{q}}{\\NVar{n}}$"}},{"symbol":{"tex":"${{}_{\\NVar{r+1}}\\phi_{\\NVar{s}}}\\left(\\NVar{a_{0},\\dots,a_{r}};\\NVar{b_{1}, \\dots,b_{s}};\\NVar{q},\\NVar{z}\\right)$","meaning":"basic hypergeometric (or $q$ -hypergeometric) function","idref":"C17.S4.E1","content-tex":"$\\qgenhyperphi{\\NVar{r+1}}{\\NVar{s}}@{\\NVar{a_{0},\\dots,a_{r}}}{\\NVar{b_{1}, \\dots,b_{s}}}{\\NVar{q}}{\\NVar{z}}$"}},{"symbol":{"tex":"$\\left(\\NVar{a_{1},a_{2},\\dots,a_{r}};\\NVar{q}\\right)_{\\NVar{n}}$","meaning":"multiple $q$ -Pochhammer symbol","idref":"C17.S2.SS1.p1","content-tex":"$\\qmultiPochhammersym{\\NVar{a_{1},a_{2},\\dots,a_{r}}}{\\NVar{q}}{\\NVar{n}}$"}},{"symbol":{"tex":"$q$","meaning":"complex base","idref":"C17.S1.p1.t1.r4"}},{"symbol":{"tex":"$n$","meaning":"nonnegative integer","idref":"C17.S1.p1.t1.r1"}},{"symbol":{"tex":"$z$","meaning":"complex variable","idref":"C17.S1.p1.t1.r2"}}],"xml-id":"C17.S6.E9","tex":"${{}_{2}\\phi_{1}}\\left({q,aq\\atop bq};q,z\\right)=-\\frac{(1-b)(aq\/b)}{(1-(\\ifrac {aq}{b}))}\\sum_{n=0}^{\\infty}\\frac{\\left(aq,azq\/b;q\\right)_{n}q^{n}}{\\left(azq ^{2}\/b;q\\right)_{n}}+\\frac{\\left(aq,azq\/b;q\\right)_{\\infty}}{\\left(aq\/b;q \\right)_{\\infty}}{{}_{2}\\phi_{1}}\\left({q,0\\atop bq};q,z\\right),$","context":{"sentence-num-in-corpus":"9723","sentence-xmlid":"C17.S6.Px9.p1.s1","chapter-title":"q-Hypergeometric and Related Functions","chapter-xmlid":"C17","paragraph-xmlid":"C17.S6.Px9","sentence-num-in-chapter":"93","section-xmlid":"C17.S6","sentence-num-in-section":"10","para-xmlid":"C17.S6.Px9.p1","subsection-title":"<Math mode=\"inline\" xml:id=\"C17.S6.SS2.m1\">{{}_{2}\\phi_{1}}<\/Math> Transformations","subsection-xmlid":"C17.S6.SS2","paragraph-title":"Fine\u2019s First Transformation","section-title":"<Math mode=\"inline\" xml:id=\"C17.S6.m1\">{{}_{2}\\phi_{1}}<\/Math> Function","para-num-of-sentences":"1"},"permalink":"http:\/\/dlmf.nist.gov\/17.6.E9","equation-number":"17.6.9","constraints":{"tex":"$|z|<1$."},"content-tex":"$\\qgenhyperphi{2}{1}@@{q,aq}{bq}{q}{z}=-\\frac{(1-b)(aq\/b)}{(1-(\\ifrac{aq}{b}))} \\sum_{n=0}^{\\infty}\\frac{\\qmultiPochhammersym{aq,azq\/b}{q}{n}q^{n}}{ \\qPochhammer{azq^{2}\/b}{q}{n}}+\\frac{\\qmultiPochhammersym{aq,azq\/b}{q}{\\infty} }{\\qPochhammer{aq\/b}{q}{\\infty}}\\qgenhyperphi{2}{1}@@{q,0}{bq}{q}{z},$"}}{"equation":{"symbols-used":[{"symbol":{"tex":"$\\left(\\NVar{a};\\NVar{q}\\right)_{\\NVar{n}}$","meaning":" $q$ -Pochhammer symbol (or $q$ -shifted factorial)","idref":"C17.S2.SS1.p1","content-tex":"$\\qPochhammer{\\NVar{a}}{\\NVar{q}}{\\NVar{n}}$"}},{"symbol":{"tex":"${{}_{\\NVar{r+1}}\\phi_{\\NVar{s}}}\\left(\\NVar{a_{0},\\dots,a_{r}};\\NVar{b_{1}, \\dots,b_{s}};\\NVar{q},\\NVar{z}\\right)$","meaning":"basic hypergeometric (or $q$ -hypergeometric) function","idref":"C17.S4.E1","content-tex":"$\\qgenhyperphi{\\NVar{r+1}}{\\NVar{s}}@{\\NVar{a_{0},\\dots,a_{r}}}{\\NVar{b_{1}, \\dots,b_{s}}}{\\NVar{q}}{\\NVar{z}}$"}},{"symbol":{"tex":"$\\left(\\NVar{a_{1},a_{2},\\dots,a_{r}};\\NVar{q}\\right)_{\\NVar{n}}$","meaning":"multiple $q$ -Pochhammer symbol","idref":"C17.S2.SS1.p1","content-tex":"$\\qmultiPochhammersym{\\NVar{a_{1},a_{2},\\dots,a_{r}}}{\\NVar{q}}{\\NVar{n}}$"}},{"symbol":{"tex":"$q$","meaning":"complex base","idref":"C17.S1.p1.t1.r4"}},{"symbol":{"tex":"$n$","meaning":"nonnegative integer","idref":"C17.S1.p1.t1.r1"}},{"symbol":{"tex":"$z$","meaning":"complex variable","idref":"C17.S1.p1.t1.r2"}}],"xml-id":"C17.S6.E10","tex":"$(1-z){{}_{2}\\phi_{1}}\\left({q,aq\\atop bq};q,z\\right)=\\sum_{n=0}^{\\infty}\\frac{ \\left(b\/a;q\\right)_{n}(-az)^{n}q^{(n^{2}+n)\/2}}{\\left(bq,zq;q\\right)_{n}},$","context":{"sentence-num-in-corpus":"9724","sentence-xmlid":"C17.S6.Px10.p1.s1","chapter-title":"q-Hypergeometric and Related Functions","chapter-xmlid":"C17","paragraph-xmlid":"C17.S6.Px10","sentence-num-in-chapter":"94","section-xmlid":"C17.S6","sentence-num-in-section":"11","para-xmlid":"C17.S6.Px10.p1","subsection-title":"<Math mode=\"inline\" xml:id=\"C17.S6.SS2.m1\">{{}_{2}\\phi_{1}}<\/Math> Transformations","subsection-xmlid":"C17.S6.SS2","paragraph-title":"Fine\u2019s Second Transformation","section-title":"<Math mode=\"inline\" xml:id=\"C17.S6.m1\">{{}_{2}\\phi_{1}}<\/Math> Function","para-num-of-sentences":"1"},"permalink":"http:\/\/dlmf.nist.gov\/17.6.E10","equation-number":"17.6.10","constraints":{"tex":"$|z|<1$."},"content-tex":"$(1-z)\\qgenhyperphi{2}{1}@@{q,aq}{bq}{q}{z}=\\sum_{n=0}^{\\infty}\\frac{ \\qPochhammer{b\/a}{q}{n}(-az)^{n}q^{(n^{2}+n)\/2}}{\\qmultiPochhammersym{bq,zq}{q }{n}},$"}}{"expression":{"xml-id":"C17.S6.Px11.info.m1","tex":"$q$","context":{"chapter-title":"q-Hypergeometric and Related Functions","chapter-xmlid":"C17"}}}{"equation":{"symbols-used":[{"symbol":{"tex":"$\\left(\\NVar{a};\\NVar{q}\\right)_{\\NVar{n}}$","meaning":" $q$ -Pochhammer symbol (or $q$ -shifted factorial)","idref":"C17.S2.SS1.p1","content-tex":"$\\qPochhammer{\\NVar{a}}{\\NVar{q}}{\\NVar{n}}$"}},{"symbol":{"tex":"${{}_{\\NVar{r+1}}\\phi_{\\NVar{s}}}\\left(\\NVar{a_{0},\\dots,a_{r}};\\NVar{b_{1}, \\dots,b_{s}};\\NVar{q},\\NVar{z}\\right)$","meaning":"basic hypergeometric (or $q$ -hypergeometric) function","idref":"C17.S4.E1","content-tex":"$\\qgenhyperphi{\\NVar{r+1}}{\\NVar{s}}@{\\NVar{a_{0},\\dots,a_{r}}}{\\NVar{b_{1}, \\dots,b_{s}}}{\\NVar{q}}{\\NVar{z}}$"}},{"symbol":{"tex":"$\\left(\\NVar{a_{1},a_{2},\\dots,a_{r}};\\NVar{q}\\right)_{\\NVar{n}}$","meaning":"multiple $q$ -Pochhammer symbol","idref":"C17.S2.SS1.p1","content-tex":"$\\qmultiPochhammersym{\\NVar{a_{1},a_{2},\\dots,a_{r}}}{\\NVar{q}}{\\NVar{n}}$"}},{"symbol":{"tex":"$q$","meaning":"complex base","idref":"C17.S1.p1.t1.r4"}},{"symbol":{"tex":"$n$","meaning":"nonnegative integer","idref":"C17.S1.p1.t1.r1"}},{"symbol":{"tex":"$z$","meaning":"complex variable","idref":"C17.S1.p1.t1.r2"}}],"xml-id":"C17.S6.E11","tex":"$\\frac{1-z}{1-b}{{}_{2}\\phi_{1}}\\left({q,aq\\atop bq};q,z\\right)=\\sum_{n=0}^{ \\infty}\\frac{\\left(aq;q\\right)_{n}\\left(azq\/b;q\\right)_{2n}b^{n}}{\\left(zq,aq\/ b;q\\right)_{n}}-aq\\sum_{n=0}^{\\infty}\\frac{\\left(aq;q\\right)_{n}\\left(azq\/b;q \\right)_{2n+1}(bq)^{n}}{\\left(zq;q\\right)_{n}\\left(aq\/b;q\\right)_{n+1}},$","context":{"sentence-num-in-corpus":"9725","sentence-xmlid":"C17.S6.Px11.p1.s1","chapter-title":"q-Hypergeometric and Related Functions","chapter-xmlid":"C17","paragraph-xmlid":"C17.S6.Px11","sentence-num-in-chapter":"95","section-xmlid":"C17.S6","sentence-num-in-section":"12","para-xmlid":"C17.S6.Px11.p1","subsection-title":"<Math mode=\"inline\" xml:id=\"C17.S6.SS2.m1\">{{}_{2}\\phi_{1}}<\/Math> Transformations","subsection-xmlid":"C17.S6.SS2","paragraph-title":"Fine\u2019s Third Transformation","section-title":"<Math mode=\"inline\" xml:id=\"C17.S6.m1\">{{}_{2}\\phi_{1}}<\/Math> Function","para-num-of-sentences":"1"},"permalink":"http:\/\/dlmf.nist.gov\/17.6.E11","equation-number":"17.6.11","constraints":{"tex":"$|z|<1,|b|<1$."},"content-tex":"$\\frac{1-z}{1-b}\\qgenhyperphi{2}{1}@@{q,aq}{bq}{q}{z}=\\sum_{n=0}^{\\infty}\\frac{ \\qPochhammer{aq}{q}{n}\\qPochhammer{azq\/b}{q}{2n}b^{n}}{\\qmultiPochhammersym{zq ,aq\/b}{q}{n}}-aq\\sum_{n=0}^{\\infty}\\frac{\\qPochhammer{aq}{q}{n}\\qPochhammer{ azq\/b}{q}{2n+1}(bq)^{n}}{\\qPochhammer{zq}{q}{n}\\qPochhammer{aq\/b}{q}{n+1}},$"}}{"expression":{"xml-id":"C17.S6.Px11.p1.m1","tex":"$q$","context":{"chapter-title":"q-Hypergeometric and Related Functions","chapter-xmlid":"C17"}}}{"expression":{"xml-id":"C17.S6.Px12.info.m1","tex":"$q$","context":{"chapter-title":"q-Hypergeometric and Related Functions","chapter-xmlid":"C17"}}}{"expression":{"xml-id":"C17.S6.Px12.m1","tex":"$q$","context":{"chapter-title":"q-Hypergeometric and Related Functions","chapter-xmlid":"C17"}}}{"equation":{"symbols-used":[{"symbol":{"tex":"${{}_{\\NVar{r+1}}\\phi_{\\NVar{s}}}\\left(\\NVar{a_{0},\\dots,a_{r}};\\NVar{b_{1}, \\dots,b_{s}};\\NVar{q},\\NVar{z}\\right)$","meaning":"basic hypergeometric (or $q$ -hypergeometric) function","idref":"C17.S4.E1","content-tex":"$\\qgenhyperphi{\\NVar{r+1}}{\\NVar{s}}@{\\NVar{a_{0},\\dots,a_{r}}}{\\NVar{b_{1}, \\dots,b_{s}}}{\\NVar{q}}{\\NVar{z}}$"}},{"symbol":{"tex":"$\\left(\\NVar{a_{1},a_{2},\\dots,a_{r}};\\NVar{q}\\right)_{\\NVar{n}}$","meaning":"multiple $q$ -Pochhammer symbol","idref":"C17.S2.SS1.p1","content-tex":"$\\qmultiPochhammersym{\\NVar{a_{1},a_{2},\\dots,a_{r}}}{\\NVar{q}}{\\NVar{n}}$"}},{"symbol":{"tex":"$q$","meaning":"complex base","idref":"C17.S1.p1.t1.r4"}},{"symbol":{"tex":"$n$","meaning":"nonnegative integer","idref":"C17.S1.p1.t1.r1"}},{"symbol":{"tex":"$z$","meaning":"complex variable","idref":"C17.S1.p1.t1.r2"}}],"xml-id":"C17.S6.E12","tex":"$(1-z){{}_{2}\\phi_{1}}\\left({q,aq\\atop bq};q,z\\right)=\\sum_{n=0}^{\\infty}\\frac{ \\left(aq,azq\/b;q\\right)_{n}}{\\left(bq,zq;q\\right)_{n}}(1-azq^{2n+1})(bz)^{n}q^ {n^{2}},$","context":{"sentence-num-in-corpus":"9726","sentence-xmlid":"C17.S6.Px12.p1.s1","chapter-title":"q-Hypergeometric and Related Functions","chapter-xmlid":"C17","paragraph-xmlid":"C17.S6.Px12","sentence-num-in-chapter":"96","section-xmlid":"C17.S6","sentence-num-in-section":"13","para-xmlid":"C17.S6.Px12.p1","subsection-title":"<Math mode=\"inline\" xml:id=\"C17.S6.SS2.m1\">{{}_{2}\\phi_{1}}<\/Math> Transformations","subsection-xmlid":"C17.S6.SS2","paragraph-title":"Rogers\u2013Fine Identity","section-title":"<Math mode=\"inline\" xml:id=\"C17.S6.m1\">{{}_{2}\\phi_{1}}<\/Math> Function","para-num-of-sentences":"1"},"permalink":"http:\/\/dlmf.nist.gov\/17.6.E12","equation-number":"17.6.12","constraints":{"tex":"$|z|<1$."},"content-tex":"$(1-z)\\qgenhyperphi{2}{1}@@{q,aq}{bq}{q}{z}=\\sum_{n=0}^{\\infty}\\frac{ \\qmultiPochhammersym{aq,azq\/b}{q}{n}}{\\qmultiPochhammersym{bq,zq}{q}{n}}(1-azq ^{2n+1})(bz)^{n}q^{n^{2}},$"}}{"expression":{"xml-id":"C17.S6.Px13.m1","tex":"$q$","context":{"subsection-xmlid":"C17.S6.SS2","chapter-title":"q-Hypergeometric and Related Functions","chapter-xmlid":"C17","paragraph-title":"Nonterminating Form of the <Math mode=\"inline\" xml:id=\"C17.S6.Px13.m1\">q<\/Math>-Vandermonde Sum","paragraph-xmlid":"C17.S6.Px13","section-title":"<Math mode=\"inline\" xml:id=\"C17.S6.m1\">{{}_{2}\\phi_{1}}<\/Math> Function","section-xmlid":"C17.S6","subsection-title":"<Math mode=\"inline\" xml:id=\"C17.S6.SS2.m1\">{{}_{2}\\phi_{1}}<\/Math> Transformations"}}}{"expression":{"xml-id":"C17.S6.Px13.info.m1","tex":"$q$","context":{"chapter-title":"q-Hypergeometric and Related Functions","chapter-xmlid":"C17"}}}{"expression":{"xml-id":"C17.S6.Px13.info.m2","tex":"$q$","context":{"chapter-title":"q-Hypergeometric and Related Functions","chapter-xmlid":"C17"}}}{"expression":{"xml-id":"C17.S6.Px13.m2","tex":"$q$","context":{"chapter-title":"q-Hypergeometric and Related Functions","chapter-xmlid":"C17"}}}{"expression":{"xml-id":"C17.S6.Px13.m3","tex":"$q$","context":{"chapter-title":"q-Hypergeometric and Related Functions","chapter-xmlid":"C17"}}}{"equation":{"symbols-used":[{"symbol":{"tex":"${{}_{\\NVar{r+1}}\\phi_{\\NVar{s}}}\\left(\\NVar{a_{0},\\dots,a_{r}};\\NVar{b_{1}, \\dots,b_{s}};\\NVar{q},\\NVar{z}\\right)$","meaning":"basic hypergeometric (or $q$ -hypergeometric) function","idref":"C17.S4.E1","content-tex":"$\\qgenhyperphi{\\NVar{r+1}}{\\NVar{s}}@{\\NVar{a_{0},\\dots,a_{r}}}{\\NVar{b_{1}, \\dots,b_{s}}}{\\NVar{q}}{\\NVar{z}}$"}},{"symbol":{"tex":"$\\left(\\NVar{a_{1},a_{2},\\dots,a_{r}};\\NVar{q}\\right)_{\\NVar{n}}$","meaning":"multiple $q$ -Pochhammer symbol","idref":"C17.S2.SS1.p1","content-tex":"$\\qmultiPochhammersym{\\NVar{a_{1},a_{2},\\dots,a_{r}}}{\\NVar{q}}{\\NVar{n}}$"}},{"symbol":{"tex":"$q$","meaning":"complex base","idref":"C17.S1.p1.t1.r4"}}],"xml-id":"C17.S6.E13","tex":"${{}_{2}\\phi_{1}}\\left(a,b;c;q,q\\right)+\\frac{\\left(q\/c,a,b;q\\right)_{\\infty}}{ \\left(c\/q,aq\/c,bq\/c;q\\right)_{\\infty}}{{}_{2}\\phi_{1}}\\left(aq\/c,bq\/c;q^{2}\/c; q,q\\right)=\\frac{\\left(q\/c,abq\/c;q\\right)_{\\infty}}{\\left(aq\/c,bq\/c;q\\right)_{ \\infty}},$","context":{"sentence-num-in-corpus":"9727","sentence-xmlid":"C17.S6.Px13.p1.s1","chapter-title":"q-Hypergeometric and Related Functions","chapter-xmlid":"C17","paragraph-xmlid":"C17.S6.Px13","sentence-num-in-chapter":"97","section-xmlid":"C17.S6","sentence-num-in-section":"14","para-xmlid":"C17.S6.Px13.p1","subsection-title":"<Math mode=\"inline\" xml:id=\"C17.S6.SS2.m1\">{{}_{2}\\phi_{1}}<\/Math> Transformations","subsection-xmlid":"C17.S6.SS2","paragraph-title":"Nonterminating Form of the <Math mode=\"inline\" xml:id=\"C17.S6.Px13.m1\">q<\/Math>-Vandermonde Sum","section-title":"<Math mode=\"inline\" xml:id=\"C17.S6.m1\">{{}_{2}\\phi_{1}}<\/Math> Function","para-num-of-sentences":"1"},"permalink":"http:\/\/dlmf.nist.gov\/17.6.E13","equation-number":"17.6.13","content-tex":"$\\qgenhyperphi{2}{1}@{a,b}{c}{q}{q}+\\frac{\\qmultiPochhammersym{q\/c,a,b}{q}{ \\infty}}{\\qmultiPochhammersym{c\/q,aq\/c,bq\/c}{q}{\\infty}}\\qgenhyperphi{2}{1}@{ aq\/c,bq\/c}{q^{2}\/c}{q}{q}=\\frac{\\qmultiPochhammersym{q\/c,abq\/c}{q}{\\infty}}{ \\qmultiPochhammersym{aq\/c,bq\/c}{q}{\\infty}},$"}}{"equation":{"symbols-used":[{"symbol":{"tex":"$\\left(\\NVar{a};\\NVar{q}\\right)_{\\NVar{n}}$","meaning":" $q$ -Pochhammer symbol (or $q$ -shifted factorial)","idref":"C17.S2.SS1.p1","content-tex":"$\\qPochhammer{\\NVar{a}}{\\NVar{q}}{\\NVar{n}}$"}},{"symbol":{"tex":"${{}_{\\NVar{r+1}}\\phi_{\\NVar{s}}}\\left(\\NVar{a_{0},\\dots,a_{r}};\\NVar{b_{1}, \\dots,b_{s}};\\NVar{q},\\NVar{z}\\right)$","meaning":"basic hypergeometric (or $q$ -hypergeometric) function","idref":"C17.S4.E1","content-tex":"$\\qgenhyperphi{\\NVar{r+1}}{\\NVar{s}}@{\\NVar{a_{0},\\dots,a_{r}}}{\\NVar{b_{1}, \\dots,b_{s}}}{\\NVar{q}}{\\NVar{z}}$"}},{"symbol":{"tex":"$\\left(\\NVar{a_{1},a_{2},\\dots,a_{r}};\\NVar{q}\\right)_{\\NVar{n}}$","meaning":"multiple $q$ -Pochhammer symbol","idref":"C17.S2.SS1.p1","content-tex":"$\\qmultiPochhammersym{\\NVar{a_{1},a_{2},\\dots,a_{r}}}{\\NVar{q}}{\\NVar{n}}$"}},{"symbol":{"tex":"$q$","meaning":"complex base","idref":"C17.S1.p1.t1.r4"}},{"symbol":{"tex":"$n$","meaning":"nonnegative integer","idref":"C17.S1.p1.t1.r1"}},{"symbol":{"tex":"$z$","meaning":"complex variable","idref":"C17.S1.p1.t1.r2"}}],"xml-id":"C17.S6.E14","tex":"$\\sum_{n=0}^{\\infty}\\frac{\\left(a;q\\right)_{n}\\left(b;q^{2}\\right)_{n}z^{n}}{ \\left(q;q\\right)_{n}\\left(azb;q^{2}\\right)_{n}}=\\frac{\\left(az,bz;q^{2}\\right) _{\\infty}}{\\left(z,azb;q^{2}\\right)_{\\infty}}{{}_{2}\\phi_{1}}\\left({a,b\\atop bz };q^{2},zq\\right).$","context":{"sentence-num-in-corpus":"9728","sentence-xmlid":"C17.S6.Px13.p2.s1","chapter-title":"q-Hypergeometric and Related Functions","chapter-xmlid":"C17","paragraph-xmlid":"C17.S6.Px13","sentence-num-in-chapter":"98","section-xmlid":"C17.S6","sentence-num-in-section":"15","para-xmlid":"C17.S6.Px13.p2","subsection-title":"<Math mode=\"inline\" xml:id=\"C17.S6.SS2.m1\">{{}_{2}\\phi_{1}}<\/Math> Transformations","subsection-xmlid":"C17.S6.SS2","paragraph-title":"Nonterminating Form of the <Math mode=\"inline\" xml:id=\"C17.S6.Px13.m1\">q<\/Math>-Vandermonde Sum","section-title":"<Math mode=\"inline\" xml:id=\"C17.S6.m1\">{{}_{2}\\phi_{1}}<\/Math> Function","para-num-of-sentences":"1"},"permalink":"http:\/\/dlmf.nist.gov\/17.6.E14","equation-number":"17.6.14","content-tex":"$\\sum_{n=0}^{\\infty}\\frac{\\qPochhammer{a}{q}{n}\\qPochhammer{b}{q^{2}}{n}z^{n}}{ \\qPochhammer{q}{q}{n}\\qPochhammer{azb}{q^{2}}{n}}=\\frac{\\qmultiPochhammersym{ az,bz}{q^{2}}{\\infty}}{\\qmultiPochhammersym{z,azb}{q^{2}}{\\infty}} \\qgenhyperphi{2}{1}@@{a,b}{bz}{q^{2}}{zq}.$"}}{"expression":{"xml-id":"C17.S6.Px14.m1","tex":"${{}_{2}\\phi_{1}}$","context":{"subsection-xmlid":"C17.S6.SS2","chapter-title":"q-Hypergeometric and Related Functions","chapter-xmlid":"C17","paragraph-title":"Three-Term <Math mode=\"inline\" xml:id=\"C17.S6.Px14.m1\">{{}_{2}\\phi_{1}}<\/Math> Transformations","paragraph-xmlid":"C17.S6.Px14","section-title":"<Math mode=\"inline\" xml:id=\"C17.S6.m1\">{{}_{2}\\phi_{1}}<\/Math> Function","section-xmlid":"C17.S6","subsection-title":"<Math mode=\"inline\" xml:id=\"C17.S6.SS2.m1\">{{}_{2}\\phi_{1}}<\/Math> Transformations"},"content-tex":"$\\qgenhyperphi{2}{1}$"}}{"expression":{"xml-id":"C17.S6.Px14.info.m1","tex":"$q$","context":{"chapter-title":"q-Hypergeometric and Related Functions","chapter-xmlid":"C17"}}}{"expression":{"xml-id":"C17.S6.Px14.info.m2","tex":"${{}_{2}\\phi_{1}}$","context":{"chapter-title":"q-Hypergeometric and Related Functions","chapter-xmlid":"C17"},"content-tex":"$\\qgenhyperphi{2}{1}$"}}{"expression":{"xml-id":"C17.S6.Px14.m2","tex":"$q$","context":{"chapter-title":"q-Hypergeometric and Related Functions","chapter-xmlid":"C17"}}}{"expression":{"xml-id":"C17.S6.Px14.m3","tex":"${{}_{2}\\phi_{1}}$","context":{"chapter-title":"q-Hypergeometric and Related Functions","chapter-xmlid":"C17"},"content-tex":"$\\qgenhyperphi{2}{1}$"}}{"equation":{"symbols-used":[{"symbol":{"tex":"${{}_{\\NVar{r+1}}\\phi_{\\NVar{s}}}\\left(\\NVar{a_{0},\\dots,a_{r}};\\NVar{b_{1}, \\dots,b_{s}};\\NVar{q},\\NVar{z}\\right)$","meaning":"basic hypergeometric (or $q$ -hypergeometric) function","idref":"C17.S4.E1","content-tex":"$\\qgenhyperphi{\\NVar{r+1}}{\\NVar{s}}@{\\NVar{a_{0},\\dots,a_{r}}}{\\NVar{b_{1}, \\dots,b_{s}}}{\\NVar{q}}{\\NVar{z}}$"}},{"symbol":{"tex":"$\\left(\\NVar{a_{1},a_{2},\\dots,a_{r}};\\NVar{q}\\right)_{\\NVar{n}}$","meaning":"multiple $q$ -Pochhammer symbol","idref":"C17.S2.SS1.p1","content-tex":"$\\qmultiPochhammersym{\\NVar{a_{1},a_{2},\\dots,a_{r}}}{\\NVar{q}}{\\NVar{n}}$"}},{"symbol":{"tex":"$q$","meaning":"complex base","idref":"C17.S1.p1.t1.r4"}},{"symbol":{"tex":"$z$","meaning":"complex variable","idref":"C17.S1.p1.t1.r2"}}],"xml-id":"C17.S6.E15","tex":"${{}_{2}\\phi_{1}}\\left({a,b\\atop c};q,z\\right)=\\frac{\\left(abz\/c,q\/c;q\\right)_{ \\infty}}{\\left(az\/c,q\/a;q\\right)_{\\infty}}{{}_{2}\\phi_{1}}\\left({c\/a,cq\/(abz) \\atop cq\/(az)};q,bq\/c\\right)-\\frac{\\left(b,q\/c,c\/a,az\/q,q^{2}\/(az);q\\right)_{ \\infty}}{\\left(c\/q,bq\/c,q\/a,az\/c,cq\/(az);q\\right)_{\\infty}}{{}_{2}\\phi_{1}} \\left({aq\/c,bq\/c\\atop q^{2}\/c};q,z\\right),$","context":{"sentence-num-in-corpus":"9729","sentence-xmlid":"C17.S6.Px14.p1.s1","chapter-title":"q-Hypergeometric and Related Functions","chapter-xmlid":"C17","paragraph-xmlid":"C17.S6.Px14","sentence-num-in-chapter":"99","section-xmlid":"C17.S6","sentence-num-in-section":"16","para-xmlid":"C17.S6.Px14.p1","subsection-title":"<Math mode=\"inline\" xml:id=\"C17.S6.SS2.m1\">{{}_{2}\\phi_{1}}<\/Math> Transformations","subsection-xmlid":"C17.S6.SS2","paragraph-title":"Three-Term <Math mode=\"inline\" xml:id=\"C17.S6.Px14.m1\">{{}_{2}\\phi_{1}}<\/Math> Transformations","section-title":"<Math mode=\"inline\" xml:id=\"C17.S6.m1\">{{}_{2}\\phi_{1}}<\/Math> Function","para-num-of-sentences":"1"},"permalink":"http:\/\/dlmf.nist.gov\/17.6.E15","equation-number":"17.6.15","constraints":{"tex":"$|z|<1,|bq|<|c|$."},"content-tex":"$\\qgenhyperphi{2}{1}@@{a,b}{c}{q}{z}=\\frac{\\qmultiPochhammersym{abz\/c,q\/c}{q}{ \\infty}}{\\qmultiPochhammersym{az\/c,q\/a}{q}{\\infty}}\\qgenhyperphi{2}{1}@@{c\/a, cq\/(abz)}{cq\/(az)}{q}{bq\/c}-\\frac{\\qmultiPochhammersym{b,q\/c,c\/a,az\/q,q^{2}\/( az)}{q}{\\infty}}{\\qmultiPochhammersym{c\/q,bq\/c,q\/a,az\/c,cq\/(az)}{q}{\\infty}} \\qgenhyperphi{2}{1}@@{aq\/c,bq\/c}{q^{2}\/c}{q}{z},$"}}{"equation":{"symbols-used":[{"symbol":{"tex":"${{}_{\\NVar{r+1}}\\phi_{\\NVar{s}}}\\left(\\NVar{a_{0},\\dots,a_{r}};\\NVar{b_{1}, \\dots,b_{s}};\\NVar{q},\\NVar{z}\\right)$","meaning":"basic hypergeometric (or $q$ -hypergeometric) function","idref":"C17.S4.E1","content-tex":"$\\qgenhyperphi{\\NVar{r+1}}{\\NVar{s}}@{\\NVar{a_{0},\\dots,a_{r}}}{\\NVar{b_{1}, \\dots,b_{s}}}{\\NVar{q}}{\\NVar{z}}$"}},{"symbol":{"tex":"$\\left(\\NVar{a_{1},a_{2},\\dots,a_{r}};\\NVar{q}\\right)_{\\NVar{n}}$","meaning":"multiple $q$ -Pochhammer symbol","idref":"C17.S2.SS1.p1","content-tex":"$\\qmultiPochhammersym{\\NVar{a_{1},a_{2},\\dots,a_{r}}}{\\NVar{q}}{\\NVar{n}}$"}},{"symbol":{"tex":"$q$","meaning":"complex base","idref":"C17.S1.p1.t1.r4"}},{"symbol":{"tex":"$z$","meaning":"complex variable","idref":"C17.S1.p1.t1.r2"}}],"xml-id":"C17.S6.E16","tex":"${{}_{2}\\phi_{1}}\\left({a,b\\atop c};q,z\\right)=\\frac{\\left(b,c\/a,az,q\/(az);q \\right)_{\\infty}}{\\left(c,b\/a,z,q\/z;q\\right)_{\\infty}}{{}_{2}\\phi_{1}}\\left({a ,aq\/c\\atop aq\/b};q,cq\/(abz)\\right)+\\frac{\\left(a,c\/b,bz,q\/(bz);q\\right)_{ \\infty}}{\\left(c,a\/b,z,q\/z;q\\right)_{\\infty}}{{}_{2}\\phi_{1}}\\left({b,bq\/c \\atop bq\/a};q,cq\/(abz)\\right),$","context":{"sentence-num-in-corpus":"9730","sentence-xmlid":"C17.S6.Px14.p2.s1","chapter-title":"q-Hypergeometric and Related Functions","chapter-xmlid":"C17","paragraph-xmlid":"C17.S6.Px14","sentence-num-in-chapter":"100","section-xmlid":"C17.S6","sentence-num-in-section":"17","para-xmlid":"C17.S6.Px14.p2","subsection-title":"<Math mode=\"inline\" xml:id=\"C17.S6.SS2.m1\">{{}_{2}\\phi_{1}}<\/Math> Transformations","subsection-xmlid":"C17.S6.SS2","paragraph-title":"Three-Term <Math mode=\"inline\" xml:id=\"C17.S6.Px14.m1\">{{}_{2}\\phi_{1}}<\/Math> Transformations","section-title":"<Math mode=\"inline\" xml:id=\"C17.S6.m1\">{{}_{2}\\phi_{1}}<\/Math> Function","para-num-of-sentences":"1"},"permalink":"http:\/\/dlmf.nist.gov\/17.6.E16","equation-number":"17.6.16","constraints":{"tex":"$|z|<1$, $|abz|<|cq|$."},"content-tex":"$\\qgenhyperphi{2}{1}@@{a,b}{c}{q}{z}=\\frac{\\qmultiPochhammersym{b,c\/a,az,q\/(az) }{q}{\\infty}}{\\qmultiPochhammersym{c,b\/a,z,q\/z}{q}{\\infty}}\\qgenhyperphi{2}{1} @@{a,aq\/c}{aq\/b}{q}{cq\/(abz)}+\\frac{\\qmultiPochhammersym{a,c\/b,bz,q\/(bz)}{q}{ \\infty}}{\\qmultiPochhammersym{c,a\/b,z,q\/z}{q}{\\infty}}\\qgenhyperphi{2}{1}@@{b, bq\/c}{bq\/a}{q}{cq\/(abz)},$"}}{"expression":{"xml-id":"C17.S6.Px14.p3.m1","tex":"$q$","context":{"sentence-num-in-corpus":"9731","sentence-xmlid":"C17.S6.Px14.p3.s1","chapter-title":"q-Hypergeometric and Related Functions","chapter-xmlid":"C17","paragraph-xmlid":"C17.S6.Px14","sentence-num-in-chapter":"101","section-xmlid":"C17.S6","sentence-num-in-section":"18","para-xmlid":"C17.S6.Px14.p3","subsection-title":"<Math mode=\"inline\" xml:id=\"C17.S6.SS2.m1\">{{}_{2}\\phi_{1}}<\/Math> Transformations","subsection-xmlid":"C17.S6.SS2","paragraph-title":"Three-Term <Math mode=\"inline\" xml:id=\"C17.S6.Px14.m1\">{{}_{2}\\phi_{1}}<\/Math> Transformations","section-title":"<Math mode=\"inline\" xml:id=\"C17.S6.m1\">{{}_{2}\\phi_{1}}<\/Math> Function","para-num-of-sentences":"1"}}}{"expression":{"xml-id":"C17.S6.Px15.info.m1","tex":"$q$","context":{"chapter-title":"q-Hypergeometric and Related Functions","chapter-xmlid":"C17"}}}{"expression":{"xml-id":"C17.S6.Px15.m1","tex":"$q$","context":{"chapter-title":"q-Hypergeometric and Related Functions","chapter-xmlid":"C17"}}}{"equation":{"symbols-used":[{"symbol":{"tex":"${{}_{\\NVar{r+1}}\\phi_{\\NVar{s}}}\\left(\\NVar{a_{0},\\dots,a_{r}};\\NVar{b_{1}, \\dots,b_{s}};\\NVar{q},\\NVar{z}\\right)$","meaning":"basic hypergeometric (or $q$ -hypergeometric) function","idref":"C17.S4.E1","content-tex":"$\\qgenhyperphi{\\NVar{r+1}}{\\NVar{s}}@{\\NVar{a_{0},\\dots,a_{r}}}{\\NVar{b_{1}, \\dots,b_{s}}}{\\NVar{q}}{\\NVar{z}}$"}},{"symbol":{"tex":"$q$","meaning":"complex base","idref":"C17.S1.p1.t1.r4"}},{"symbol":{"tex":"$z$","meaning":"complex variable","idref":"C17.S1.p1.t1.r2"}}],"xml-id":"C17.S6.E17","tex":"${{}_{2}\\phi_{1}}\\left({a,b\\atop c\/q};q,z\\right)-{{}_{2}\\phi_{1}}\\left({a,b \\atop c};q,z\\right)=cz\\frac{(1-a)(1-b)}{(q-c)(1-c)}{{}_{2}\\phi_{1}}\\left({aq, bq\\atop cq};q,z\\right),$","context":{"sentence-num-in-corpus":"9732","sentence-xmlid":"C17.S6.Px15.p1.s1","chapter-title":"q-Hypergeometric and Related Functions","chapter-xmlid":"C17","paragraph-xmlid":"C17.S6.Px15","sentence-num-in-chapter":"102","section-xmlid":"C17.S6","sentence-num-in-section":"19","para-xmlid":"C17.S6.Px15.p1","subsection-title":"Contiguous Relations","subsection-xmlid":"C17.S6.SS3","paragraph-title":"Heine\u2019s Contiguous Relations","section-title":"<Math mode=\"inline\" xml:id=\"C17.S6.m1\">{{}_{2}\\phi_{1}}<\/Math> Function","para-num-of-sentences":"1"},"permalink":"http:\/\/dlmf.nist.gov\/17.6.E17","equation-number":"17.6.17","content-tex":"$\\qgenhyperphi{2}{1}@@{a,b}{c\/q}{q}{z}-\\qgenhyperphi{2}{1}@@{a,b}{c}{q}{z}=cz \\frac{(1-a)(1-b)}{(q-c)(1-c)}\\qgenhyperphi{2}{1}@@{aq,bq}{cq}{q}{z},$"}}{"equation":{"symbols-used":[{"symbol":{"tex":"${{}_{\\NVar{r+1}}\\phi_{\\NVar{s}}}\\left(\\NVar{a_{0},\\dots,a_{r}};\\NVar{b_{1}, \\dots,b_{s}};\\NVar{q},\\NVar{z}\\right)$","meaning":"basic hypergeometric (or $q$ -hypergeometric) function","idref":"C17.S4.E1","content-tex":"$\\qgenhyperphi{\\NVar{r+1}}{\\NVar{s}}@{\\NVar{a_{0},\\dots,a_{r}}}{\\NVar{b_{1}, \\dots,b_{s}}}{\\NVar{q}}{\\NVar{z}}$"}},{"symbol":{"tex":"$q$","meaning":"complex base","idref":"C17.S1.p1.t1.r4"}},{"symbol":{"tex":"$z$","meaning":"complex variable","idref":"C17.S1.p1.t1.r2"}}],"xml-id":"C17.S6.E18","tex":"${{}_{2}\\phi_{1}}\\left({aq,b\\atop c};q,z\\right)-{{}_{2}\\phi_{1}}\\left({a,b\\atop c };q,z\\right)=az\\frac{1-b}{1-c}{{}_{2}\\phi_{1}}\\left({aq,bq\\atop cq};q,z\\right),$","context":{"sentence-num-in-corpus":"9732","sentence-xmlid":"C17.S6.Px15.p1.s1","chapter-title":"q-Hypergeometric and Related Functions","chapter-xmlid":"C17","paragraph-xmlid":"C17.S6.Px15","sentence-num-in-chapter":"102","section-xmlid":"C17.S6","sentence-num-in-section":"19","para-xmlid":"C17.S6.Px15.p1","subsection-title":"Contiguous Relations","subsection-xmlid":"C17.S6.SS3","paragraph-title":"Heine\u2019s Contiguous Relations","section-title":"<Math mode=\"inline\" xml:id=\"C17.S6.m1\">{{}_{2}\\phi_{1}}<\/Math> Function","para-num-of-sentences":"1"},"permalink":"http:\/\/dlmf.nist.gov\/17.6.E18","equation-number":"17.6.18","content-tex":"$\\qgenhyperphi{2}{1}@@{aq,b}{c}{q}{z}-\\qgenhyperphi{2}{1}@@{a,b}{c}{q}{z}=az \\frac{1-b}{1-c}\\qgenhyperphi{2}{1}@@{aq,bq}{cq}{q}{z},$"}}{"equation":{"symbols-used":[{"symbol":{"tex":"${{}_{\\NVar{r+1}}\\phi_{\\NVar{s}}}\\left(\\NVar{a_{0},\\dots,a_{r}};\\NVar{b_{1}, \\dots,b_{s}};\\NVar{q},\\NVar{z}\\right)$","meaning":"basic hypergeometric (or $q$ -hypergeometric) function","idref":"C17.S4.E1","content-tex":"$\\qgenhyperphi{\\NVar{r+1}}{\\NVar{s}}@{\\NVar{a_{0},\\dots,a_{r}}}{\\NVar{b_{1}, \\dots,b_{s}}}{\\NVar{q}}{\\NVar{z}}$"}},{"symbol":{"tex":"$q$","meaning":"complex base","idref":"C17.S1.p1.t1.r4"}},{"symbol":{"tex":"$z$","meaning":"complex variable","idref":"C17.S1.p1.t1.r2"}}],"xml-id":"C17.S6.E19","tex":"${{}_{2}\\phi_{1}}\\left({aq,b\\atop cq};q,z\\right)-{{}_{2}\\phi_{1}}\\left({a,b \\atop c};q,z\\right)=az\\frac{(1-b)(1-(c\/a))}{(1-c)(1-cq)}{{}_{2}\\phi_{1}}\\left( {aq,bq\\atop cq^{2}};q,z\\right),$","context":{"sentence-num-in-corpus":"9732","sentence-xmlid":"C17.S6.Px15.p1.s1","chapter-title":"q-Hypergeometric and Related Functions","chapter-xmlid":"C17","paragraph-xmlid":"C17.S6.Px15","sentence-num-in-chapter":"102","section-xmlid":"C17.S6","sentence-num-in-section":"19","para-xmlid":"C17.S6.Px15.p1","subsection-title":"Contiguous Relations","subsection-xmlid":"C17.S6.SS3","paragraph-title":"Heine\u2019s Contiguous Relations","section-title":"<Math mode=\"inline\" xml:id=\"C17.S6.m1\">{{}_{2}\\phi_{1}}<\/Math> Function","para-num-of-sentences":"1"},"permalink":"http:\/\/dlmf.nist.gov\/17.6.E19","equation-number":"17.6.19","content-tex":"$\\qgenhyperphi{2}{1}@@{aq,b}{cq}{q}{z}-\\qgenhyperphi{2}{1}@@{a,b}{c}{q}{z}=az \\frac{(1-b)(1-(c\/a))}{(1-c)(1-cq)}\\qgenhyperphi{2}{1}@@{aq,bq}{cq^{2}}{q}{z},$"}}{"equation":{"symbols-used":[{"symbol":{"tex":"${{}_{\\NVar{r+1}}\\phi_{\\NVar{s}}}\\left(\\NVar{a_{0},\\dots,a_{r}};\\NVar{b_{1}, \\dots,b_{s}};\\NVar{q},\\NVar{z}\\right)$","meaning":"basic hypergeometric (or $q$ -hypergeometric) function","idref":"C17.S4.E1","content-tex":"$\\qgenhyperphi{\\NVar{r+1}}{\\NVar{s}}@{\\NVar{a_{0},\\dots,a_{r}}}{\\NVar{b_{1}, \\dots,b_{s}}}{\\NVar{q}}{\\NVar{z}}$"}},{"symbol":{"tex":"$q$","meaning":"complex base","idref":"C17.S1.p1.t1.r4"}},{"symbol":{"tex":"$z$","meaning":"complex variable","idref":"C17.S1.p1.t1.r2"}}],"xml-id":"C17.S6.E20","tex":"${{}_{2}\\phi_{1}}\\left({aq,b\/q\\atop c};q,z\\right)-{{}_{2}\\phi_{1}}\\left({a,b \\atop c};q,z\\right)=az\\frac{(1-b\/(aq))}{1-c}{{}_{2}\\phi_{1}}\\left({aq,b\\atop cq };q,z\\right),$","context":{"sentence-num-in-corpus":"9732","sentence-xmlid":"C17.S6.Px15.p1.s1","chapter-title":"q-Hypergeometric and Related Functions","chapter-xmlid":"C17","paragraph-xmlid":"C17.S6.Px15","sentence-num-in-chapter":"102","section-xmlid":"C17.S6","sentence-num-in-section":"19","para-xmlid":"C17.S6.Px15.p1","subsection-title":"Contiguous Relations","subsection-xmlid":"C17.S6.SS3","paragraph-title":"Heine\u2019s Contiguous Relations","section-title":"<Math mode=\"inline\" xml:id=\"C17.S6.m1\">{{}_{2}\\phi_{1}}<\/Math> Function","para-num-of-sentences":"1"},"permalink":"http:\/\/dlmf.nist.gov\/17.6.E20","equation-number":"17.6.20","content-tex":"$\\qgenhyperphi{2}{1}@@{aq,b\/q}{c}{q}{z}-\\qgenhyperphi{2}{1}@@{a,b}{c}{q}{z}=az \\frac{(1-b\/(aq))}{1-c}\\qgenhyperphi{2}{1}@@{aq,b}{cq}{q}{z},$"}}{"equation":{"symbols-used":[{"symbol":{"tex":"${{}_{\\NVar{r+1}}\\phi_{\\NVar{s}}}\\left(\\NVar{a_{0},\\dots,a_{r}};\\NVar{b_{1}, \\dots,b_{s}};\\NVar{q},\\NVar{z}\\right)$","meaning":"basic hypergeometric (or $q$ -hypergeometric) function","idref":"C17.S4.E1","content-tex":"$\\qgenhyperphi{\\NVar{r+1}}{\\NVar{s}}@{\\NVar{a_{0},\\dots,a_{r}}}{\\NVar{b_{1}, \\dots,b_{s}}}{\\NVar{q}}{\\NVar{z}}$"}},{"symbol":{"tex":"$q$","meaning":"complex base","idref":"C17.S1.p1.t1.r4"}},{"symbol":{"tex":"$z$","meaning":"complex variable","idref":"C17.S1.p1.t1.r2"}}],"xml-id":"C17.S6.E21","tex":"$b(1-a){{}_{2}\\phi_{1}}\\left({aq,b\\atop c};q,z\\right)-a(1-b){{}_{2}\\phi_{1}} \\left({a,bq\\atop c};q,z\\right)=(b-a){{}_{2}\\phi_{1}}\\left({a,b\\atop c};q,z \\right),$","context":{"sentence-num-in-corpus":"9732","sentence-xmlid":"C17.S6.Px15.p1.s1","chapter-title":"q-Hypergeometric and Related Functions","chapter-xmlid":"C17","paragraph-xmlid":"C17.S6.Px15","sentence-num-in-chapter":"102","section-xmlid":"C17.S6","sentence-num-in-section":"19","para-xmlid":"C17.S6.Px15.p1","subsection-title":"Contiguous Relations","subsection-xmlid":"C17.S6.SS3","paragraph-title":"Heine\u2019s Contiguous Relations","section-title":"<Math mode=\"inline\" xml:id=\"C17.S6.m1\">{{}_{2}\\phi_{1}}<\/Math> Function","para-num-of-sentences":"1"},"permalink":"http:\/\/dlmf.nist.gov\/17.6.E21","equation-number":"17.6.21","content-tex":"$b(1-a)\\qgenhyperphi{2}{1}@@{aq,b}{c}{q}{z}-a(1-b)\\qgenhyperphi{2}{1}@@{a,bq}{c }{q}{z}=(b-a)\\qgenhyperphi{2}{1}@@{a,b}{c}{q}{z},$"}}{"equation":{"symbols-used":[{"symbol":{"tex":"${{}_{\\NVar{r+1}}\\phi_{\\NVar{s}}}\\left(\\NVar{a_{0},\\dots,a_{r}};\\NVar{b_{1}, \\dots,b_{s}};\\NVar{q},\\NVar{z}\\right)$","meaning":"basic hypergeometric (or $q$ -hypergeometric) function","idref":"C17.S4.E1","content-tex":"$\\qgenhyperphi{\\NVar{r+1}}{\\NVar{s}}@{\\NVar{a_{0},\\dots,a_{r}}}{\\NVar{b_{1}, \\dots,b_{s}}}{\\NVar{q}}{\\NVar{z}}$"}},{"symbol":{"tex":"$q$","meaning":"complex base","idref":"C17.S1.p1.t1.r4"}},{"symbol":{"tex":"$z$","meaning":"complex variable","idref":"C17.S1.p1.t1.r2"}}],"xml-id":"C17.S6.E22","tex":"$a\\left(1-\\frac{b}{c}\\right){{}_{2}\\phi_{1}}\\left({a,b\/q\\atop c};q,z\\right)-b \\left(1-\\frac{a}{c}\\right){{}_{2}\\phi_{1}}\\left({a\/q,b\\atop c};q,z\\right)=(a-b )\\left(1-\\frac{abz}{cq}\\right){{}_{2}\\phi_{1}}\\left({a,b\\atop c};q,z\\right),$","context":{"sentence-num-in-corpus":"9732","sentence-xmlid":"C17.S6.Px15.p1.s1","chapter-title":"q-Hypergeometric and Related Functions","chapter-xmlid":"C17","paragraph-xmlid":"C17.S6.Px15","sentence-num-in-chapter":"102","section-xmlid":"C17.S6","sentence-num-in-section":"19","para-xmlid":"C17.S6.Px15.p1","subsection-title":"Contiguous Relations","subsection-xmlid":"C17.S6.SS3","paragraph-title":"Heine\u2019s Contiguous Relations","section-title":"<Math mode=\"inline\" xml:id=\"C17.S6.m1\">{{}_{2}\\phi_{1}}<\/Math> Function","para-num-of-sentences":"1"},"permalink":"http:\/\/dlmf.nist.gov\/17.6.E22","equation-number":"17.6.22","content-tex":"$a\\left(1-\\frac{b}{c}\\right)\\qgenhyperphi{2}{1}@@{a,b\/q}{c}{q}{z}-b\\left(1- \\frac{a}{c}\\right)\\qgenhyperphi{2}{1}@@{a\/q,b}{c}{q}{z}=(a-b)\\left(1-\\frac{abz }{cq}\\right)\\qgenhyperphi{2}{1}@@{a,b}{c}{q}{z},$"}}{"equation":{"symbols-used":[{"symbol":{"tex":"${{}_{\\NVar{r+1}}\\phi_{\\NVar{s}}}\\left(\\NVar{a_{0},\\dots,a_{r}};\\NVar{b_{1}, \\dots,b_{s}};\\NVar{q},\\NVar{z}\\right)$","meaning":"basic hypergeometric (or $q$ -hypergeometric) function","idref":"C17.S4.E1","content-tex":"$\\qgenhyperphi{\\NVar{r+1}}{\\NVar{s}}@{\\NVar{a_{0},\\dots,a_{r}}}{\\NVar{b_{1}, \\dots,b_{s}}}{\\NVar{q}}{\\NVar{z}}$"}},{"symbol":{"tex":"$q$","meaning":"complex base","idref":"C17.S1.p1.t1.r4"}},{"symbol":{"tex":"$z$","meaning":"complex variable","idref":"C17.S1.p1.t1.r2"}}],"xml-id":"C17.S6.E23","tex":"$q\\left(1-\\frac{a}{c}\\right){{}_{2}\\phi_{1}}\\left({a\/q,b\\atop c};q,z\\right)+(1- a)\\left(1-\\frac{abz}{c}\\right){{}_{2}\\phi_{1}}\\left({aq,b\\atop c};q,z\\right)= \\left(1+q-a-\\frac{aq}{c}+\\frac{a^{2}z}{c}-\\frac{abz}{c}\\right){{}_{2}\\phi_{1}} \\left({a,b\\atop c};q,z\\right),$","context":{"sentence-num-in-corpus":"9732","sentence-xmlid":"C17.S6.Px15.p1.s1","chapter-title":"q-Hypergeometric and Related Functions","chapter-xmlid":"C17","paragraph-xmlid":"C17.S6.Px15","sentence-num-in-chapter":"102","section-xmlid":"C17.S6","sentence-num-in-section":"19","para-xmlid":"C17.S6.Px15.p1","subsection-title":"Contiguous Relations","subsection-xmlid":"C17.S6.SS3","paragraph-title":"Heine\u2019s Contiguous Relations","section-title":"<Math mode=\"inline\" xml:id=\"C17.S6.m1\">{{}_{2}\\phi_{1}}<\/Math> Function","para-num-of-sentences":"1"},"permalink":"http:\/\/dlmf.nist.gov\/17.6.E23","equation-number":"17.6.23","content-tex":"$q\\left(1-\\frac{a}{c}\\right)\\qgenhyperphi{2}{1}@@{a\/q,b}{c}{q}{z}+(1-a)\\left(1- \\frac{abz}{c}\\right)\\qgenhyperphi{2}{1}@@{aq,b}{c}{q}{z}=\\left(1+q-a-\\frac{aq} {c}+\\frac{a^{2}z}{c}-\\frac{abz}{c}\\right)\\qgenhyperphi{2}{1}@@{a,b}{c}{q}{z},$"}}{"equation":{"symbols-used":[{"symbol":{"tex":"${{}_{\\NVar{r+1}}\\phi_{\\NVar{s}}}\\left(\\NVar{a_{0},\\dots,a_{r}};\\NVar{b_{1}, \\dots,b_{s}};\\NVar{q},\\NVar{z}\\right)$","meaning":"basic hypergeometric (or $q$ -hypergeometric) function","idref":"C17.S4.E1","content-tex":"$\\qgenhyperphi{\\NVar{r+1}}{\\NVar{s}}@{\\NVar{a_{0},\\dots,a_{r}}}{\\NVar{b_{1}, \\dots,b_{s}}}{\\NVar{q}}{\\NVar{z}}$"}},{"symbol":{"tex":"$q$","meaning":"complex base","idref":"C17.S1.p1.t1.r4"}},{"symbol":{"tex":"$z$","meaning":"complex variable","idref":"C17.S1.p1.t1.r2"}}],"xml-id":"C17.S6.E24","tex":"$(1-c)(q-c)(abz-c){{}_{2}\\phi_{1}}\\left({a,b\\atop c\/q};q,z\\right)+z(c-a)(c-b){{ }_{2}\\phi_{1}}\\left({a,b\\atop cq};q,z\\right)=(c-1)(c(q-c)+z(ca+cb-ab-abq)){{}_ {2}\\phi_{1}}\\left({a,b\\atop c};q,z\\right).$","context":{"sentence-num-in-corpus":"9732","sentence-xmlid":"C17.S6.Px15.p1.s1","chapter-title":"q-Hypergeometric and Related Functions","chapter-xmlid":"C17","paragraph-xmlid":"C17.S6.Px15","sentence-num-in-chapter":"102","section-xmlid":"C17.S6","sentence-num-in-section":"19","para-xmlid":"C17.S6.Px15.p1","subsection-title":"Contiguous Relations","subsection-xmlid":"C17.S6.SS3","paragraph-title":"Heine\u2019s Contiguous Relations","section-title":"<Math mode=\"inline\" xml:id=\"C17.S6.m1\">{{}_{2}\\phi_{1}}<\/Math> Function","para-num-of-sentences":"1"},"permalink":"http:\/\/dlmf.nist.gov\/17.6.E24","equation-number":"17.6.24","content-tex":"$(1-c)(q-c)(abz-c)\\qgenhyperphi{2}{1}@@{a,b}{c\/q}{q}{z}+z(c-a)(c-b) \\qgenhyperphi{2}{1}@@{a,b}{cq}{q}{z}=(c-1)(c(q-c)+z(ca+cb-ab-abq)) \\qgenhyperphi{2}{1}@@{a,b}{c}{q}{z}.$"}}{"expression":{"xml-id":"C17.S6.SS4.info.m1","tex":"$q$","context":{"chapter-title":"q-Hypergeometric and Related Functions","chapter-xmlid":"C17"}}}{"expression":{"xml-id":"C17.S6.SS4.info.m2","tex":"$q$","context":{"chapter-title":"q-Hypergeometric and Related Functions","chapter-xmlid":"C17"}}}{"expression":{"xml-id":"C17.S6.SS4.m1","tex":"$q$","context":{"chapter-title":"q-Hypergeometric and Related Functions","chapter-xmlid":"C17"}}}{"expression":{"xml-id":"C17.S6.SS4.m2","tex":"$q$","context":{"chapter-title":"q-Hypergeometric and Related Functions","chapter-xmlid":"C17"}}}{"expression":{"xml-id":"C17.S6.Px16.m1","tex":"$\\mathcal{D}$","context":{"subsection-xmlid":"C17.S6.SS4","chapter-title":"q-Hypergeometric and Related Functions","chapter-xmlid":"C17","paragraph-title":"Iterations of <Math mode=\"inline\" xml:id=\"C17.S6.Px16.m1\">\\mathcal{D}<\/Math>","paragraph-xmlid":"C17.S6.Px16","section-title":"<Math mode=\"inline\" xml:id=\"C17.S6.m1\">{{}_{2}\\phi_{1}}<\/Math> Function","section-xmlid":"C17.S6","subsection-title":"Differential Equations"}}}{"equation":{"symbols-used":[{"symbol":{"tex":"$\\left(\\NVar{a};\\NVar{q}\\right)_{\\NVar{n}}$","meaning":" $q$ -Pochhammer symbol (or $q$ -shifted factorial)","idref":"C17.S2.SS1.p1","content-tex":"$\\qPochhammer{\\NVar{a}}{\\NVar{q}}{\\NVar{n}}$"}},{"symbol":{"tex":"${{}_{\\NVar{r+1}}\\phi_{\\NVar{s}}}\\left(\\NVar{a_{0},\\dots,a_{r}};\\NVar{b_{1}, \\dots,b_{s}};\\NVar{q},\\NVar{z}\\right)$","meaning":"basic hypergeometric (or $q$ -hypergeometric) function","idref":"C17.S4.E1","content-tex":"$\\qgenhyperphi{\\NVar{r+1}}{\\NVar{s}}@{\\NVar{a_{0},\\dots,a_{r}}}{\\NVar{b_{1}, \\dots,b_{s}}}{\\NVar{q}}{\\NVar{z}}$"}},{"symbol":{"tex":"$\\left(\\NVar{a_{1},a_{2},\\dots,a_{r}};\\NVar{q}\\right)_{\\NVar{n}}$","meaning":"multiple $q$ -Pochhammer symbol","idref":"C17.S2.SS1.p1","content-tex":"$\\qmultiPochhammersym{\\NVar{a_{1},a_{2},\\dots,a_{r}}}{\\NVar{q}}{\\NVar{n}}$"}},{"symbol":{"tex":"$q$","meaning":"complex base","idref":"C17.S1.p1.t1.r4"}},{"symbol":{"tex":"$n$","meaning":"nonnegative integer","idref":"C17.S1.p1.t1.r1"}},{"symbol":{"tex":"$z$","meaning":"complex variable","idref":"C17.S1.p1.t1.r2"}},{"symbol":{"tex":"$\\mathcal{D}_{q}$","meaning":" $q$ -differential operator","idref":"C17.S2.E41"}}],"xml-id":"C17.S6.E25","tex":"$\\mathcal{D}_{q}^{n}{{}_{2}\\phi_{1}}\\left({a,b\\atop c};q,zd\\right)=\\frac{\\left( a,b;q\\right)_{n}d^{n}}{\\left(c;q\\right)_{n}(1-q)^{n}}{{}_{2}\\phi_{1}}\\left({aq ^{n},bq^{n}\\atop cq^{n}};q,dz\\right),$","context":{"sentence-num-in-corpus":"9733","sentence-xmlid":"C17.S6.Px16.p1.s1","chapter-title":"q-Hypergeometric and Related Functions","chapter-xmlid":"C17","paragraph-xmlid":"C17.S6.Px16","sentence-num-in-chapter":"103","section-xmlid":"C17.S6","sentence-num-in-section":"20","para-xmlid":"C17.S6.Px16.p1","subsection-title":"Differential Equations","subsection-xmlid":"C17.S6.SS4","paragraph-title":"Iterations of <Math mode=\"inline\" xml:id=\"C17.S6.Px16.m1\">\\mathcal{D}<\/Math>","section-title":"<Math mode=\"inline\" xml:id=\"C17.S6.m1\">{{}_{2}\\phi_{1}}<\/Math> Function","para-num-of-sentences":"1"},"permalink":"http:\/\/dlmf.nist.gov\/17.6.E25","equation-number":"17.6.25","content-tex":"$\\mathcal{D}_{q}^{n}\\qgenhyperphi{2}{1}@@{a,b}{c}{q}{zd}=\\frac{ \\qmultiPochhammersym{a,b}{q}{n}d^{n}}{\\qPochhammer{c}{q}{n}(1-q)^{n}} \\qgenhyperphi{2}{1}@@{aq^{n},bq^{n}}{cq^{n}}{q}{dz},$"}}{"equation":{"symbols-used":[{"symbol":{"tex":"$\\left(\\NVar{a};\\NVar{q}\\right)_{\\NVar{n}}$","meaning":" $q$ -Pochhammer symbol (or $q$ -shifted factorial)","idref":"C17.S2.SS1.p1","content-tex":"$\\qPochhammer{\\NVar{a}}{\\NVar{q}}{\\NVar{n}}$"}},{"symbol":{"tex":"${{}_{\\NVar{r+1}}\\phi_{\\NVar{s}}}\\left(\\NVar{a_{0},\\dots,a_{r}};\\NVar{b_{1}, \\dots,b_{s}};\\NVar{q},\\NVar{z}\\right)$","meaning":"basic hypergeometric (or $q$ -hypergeometric) function","idref":"C17.S4.E1","content-tex":"$\\qgenhyperphi{\\NVar{r+1}}{\\NVar{s}}@{\\NVar{a_{0},\\dots,a_{r}}}{\\NVar{b_{1}, \\dots,b_{s}}}{\\NVar{q}}{\\NVar{z}}$"}},{"symbol":{"tex":"$\\left(\\NVar{a_{1},a_{2},\\dots,a_{r}};\\NVar{q}\\right)_{\\NVar{n}}$","meaning":"multiple $q$ -Pochhammer symbol","idref":"C17.S2.SS1.p1","content-tex":"$\\qmultiPochhammersym{\\NVar{a_{1},a_{2},\\dots,a_{r}}}{\\NVar{q}}{\\NVar{n}}$"}},{"symbol":{"tex":"$q$","meaning":"complex base","idref":"C17.S1.p1.t1.r4"}},{"symbol":{"tex":"$n$","meaning":"nonnegative integer","idref":"C17.S1.p1.t1.r1"}},{"symbol":{"tex":"$z$","meaning":"complex variable","idref":"C17.S1.p1.t1.r2"}},{"symbol":{"tex":"$\\mathcal{D}_{q}$","meaning":" $q$ -differential operator","idref":"C17.S2.E41"}}],"xml-id":"C17.S6.E26","tex":"$\\mathcal{D}_{q}^{n}\\left(\\frac{\\left(z;q\\right)_{\\infty}}{\\left(abz\/c;q\\right) _{\\infty}}{{}_{2}\\phi_{1}}\\left({a,b\\atop c};q,z\\right)\\right)=\\frac{\\left(c\/a ,c\/b;q\\right)_{n}}{\\left(c;q\\right)_{n}(1-q)^{n}}\\left(\\frac{ab}{c}\\right)^{n} \\frac{\\left(zq^{n};q\\right)_{\\infty}}{\\left(abz\/c;q\\right)_{\\infty}}{{}_{2} \\phi_{1}}\\left({a,b\\atop cq^{n}};q,zq^{n}\\right).$","context":{"sentence-num-in-corpus":"9733","sentence-xmlid":"C17.S6.Px16.p1.s1","chapter-title":"q-Hypergeometric and Related Functions","chapter-xmlid":"C17","paragraph-xmlid":"C17.S6.Px16","sentence-num-in-chapter":"103","section-xmlid":"C17.S6","sentence-num-in-section":"20","para-xmlid":"C17.S6.Px16.p1","subsection-title":"Differential Equations","subsection-xmlid":"C17.S6.SS4","paragraph-title":"Iterations of <Math mode=\"inline\" xml:id=\"C17.S6.Px16.m1\">\\mathcal{D}<\/Math>","section-title":"<Math mode=\"inline\" xml:id=\"C17.S6.m1\">{{}_{2}\\phi_{1}}<\/Math> Function","para-num-of-sentences":"1"},"permalink":"http:\/\/dlmf.nist.gov\/17.6.E26","equation-number":"17.6.26","content-tex":"$\\mathcal{D}_{q}^{n}\\left(\\frac{\\qPochhammer{z}{q}{\\infty}}{\\qPochhammer{abz\/c} {q}{\\infty}}\\qgenhyperphi{2}{1}@@{a,b}{c}{q}{z}\\right)=\\frac{ \\qmultiPochhammersym{c\/a,c\/b}{q}{n}}{\\qPochhammer{c}{q}{n}(1-q)^{n}}\\left( \\frac{ab}{c}\\right)^{n}\\frac{\\qPochhammer{zq^{n}}{q}{\\infty}}{\\qPochhammer{abz \/c}{q}{\\infty}}\\qgenhyperphi{2}{1}@@{a,b}{cq^{n}}{q}{zq^{n}}.$"}}{"expression":{"xml-id":"C17.S6.Px17.m1","tex":"$q$","context":{"subsection-xmlid":"C17.S6.SS4","chapter-title":"q-Hypergeometric and Related Functions","chapter-xmlid":"C17","paragraph-title":"<Math mode=\"inline\" xml:id=\"C17.S6.Px17.m1\">q<\/Math>-Differential Equation","paragraph-xmlid":"C17.S6.Px17","section-title":"<Math mode=\"inline\" xml:id=\"C17.S6.m1\">{{}_{2}\\phi_{1}}<\/Math> Function","section-xmlid":"C17.S6","subsection-title":"Differential Equations"}}}{"equation":{"symbols-used":[{"symbol":{"tex":"${{}_{\\NVar{r+1}}\\phi_{\\NVar{s}}}\\left(\\NVar{a_{0},\\dots,a_{r}};\\NVar{b_{1}, \\dots,b_{s}};\\NVar{q},\\NVar{z}\\right)$","meaning":"basic hypergeometric (or $q$ -hypergeometric) function","idref":"C17.S4.E1","content-tex":"$\\qgenhyperphi{\\NVar{r+1}}{\\NVar{s}}@{\\NVar{a_{0},\\dots,a_{r}}}{\\NVar{b_{1}, \\dots,b_{s}}}{\\NVar{q}}{\\NVar{z}}$"}},{"symbol":{"tex":"$q$","meaning":"complex base","idref":"C17.S1.p1.t1.r4"}},{"symbol":{"tex":"$z$","meaning":"complex variable","idref":"C17.S1.p1.t1.r2"}},{"symbol":{"tex":"$\\mathcal{D}_{q}$","meaning":" $q$ -differential operator","idref":"C17.S2.E41"}}],"xml-id":"C17.S6.E27","tex":"$z(c-abqz)\\mathcal{D}_{q}^{2}{{}_{2}\\phi_{1}}\\left({a,b\\atop c};q,z\\right)+ \\left(\\frac{1-c}{1-q}+\\frac{(1-a)(1-b)-(1-abq)}{1-q}z\\right)\\mathcal{D}_{q}{{} _{2}\\phi_{1}}\\left({a,b\\atop c};q,z\\right)-\\frac{(1-a)(1-b)}{(1-q)^{2}}{{}_{2} \\phi_{1}}\\left({a,b\\atop c};q,z\\right)=0.$","context":{"sentence-num-in-corpus":"9734","sentence-xmlid":"C17.S6.Px17.p1.s1","chapter-title":"q-Hypergeometric and Related Functions","chapter-xmlid":"C17","paragraph-xmlid":"C17.S6.Px17","sentence-num-in-chapter":"104","section-xmlid":"C17.S6","sentence-num-in-section":"21","para-xmlid":"C17.S6.Px17.p1","subsection-title":"Differential Equations","subsection-xmlid":"C17.S6.SS4","paragraph-title":"<Math mode=\"inline\" xml:id=\"C17.S6.Px17.m1\">q<\/Math>-Differential Equation","section-title":"<Math mode=\"inline\" xml:id=\"C17.S6.m1\">{{}_{2}\\phi_{1}}<\/Math> Function","para-num-of-sentences":"1"},"permalink":"http:\/\/dlmf.nist.gov\/17.6.E27","equation-number":"17.6.27","content-tex":"$z(c-abqz)\\mathcal{D}_{q}^{2}\\qgenhyperphi{2}{1}@@{a,b}{c}{q}{z}+\\left(\\frac{1- c}{1-q}+\\frac{(1-a)(1-b)-(1-abq)}{1-q}z\\right)\\mathcal{D}_{q}\\qgenhyperphi{2}{ 1}@@{a,b}{c}{q}{z}-\\frac{(1-a)(1-b)}{(1-q)^{2}}\\qgenhyperphi{2}{1}@@{a,b}{c}{q }{z}=0.$"}}{"expression":{"xml-id":"C17.S6.Px17.p2.m1","tex":"$a\\to q^{a}$","context":{"sentence-num-in-corpus":"9735","sentence-xmlid":"C17.S6.Px17.p2.s1","chapter-title":"q-Hypergeometric and Related Functions","chapter-xmlid":"C17","paragraph-xmlid":"C17.S6.Px17","sentence-num-in-chapter":"105","section-xmlid":"C17.S6","sentence-num-in-section":"22","para-xmlid":"C17.S6.Px17.p2","subsection-title":"Differential Equations","subsection-xmlid":"C17.S6.SS4","paragraph-title":"<Math mode=\"inline\" xml:id=\"C17.S6.Px17.m1\">q<\/Math>-Differential Equation","section-title":"<Math mode=\"inline\" xml:id=\"C17.S6.m1\">{{}_{2}\\phi_{1}}<\/Math> Function","para-num-of-sentences":"1"}}}{"expression":{"xml-id":"C17.S6.Px17.p2.m2","tex":"$b\\to q^{b}$","context":{"sentence-num-in-corpus":"9735","sentence-xmlid":"C17.S6.Px17.p2.s1","chapter-title":"q-Hypergeometric and Related Functions","chapter-xmlid":"C17","paragraph-xmlid":"C17.S6.Px17","sentence-num-in-chapter":"105","section-xmlid":"C17.S6","sentence-num-in-section":"22","para-xmlid":"C17.S6.Px17.p2","subsection-title":"Differential Equations","subsection-xmlid":"C17.S6.SS4","paragraph-title":"<Math mode=\"inline\" xml:id=\"C17.S6.Px17.m1\">q<\/Math>-Differential Equation","section-title":"<Math mode=\"inline\" xml:id=\"C17.S6.m1\">{{}_{2}\\phi_{1}}<\/Math> Function","para-num-of-sentences":"1"}}}{"expression":{"xml-id":"C17.S6.Px17.p2.m3","tex":"$c\\to q^{c}$","context":{"sentence-num-in-corpus":"9735","sentence-xmlid":"C17.S6.Px17.p2.s1","chapter-title":"q-Hypergeometric and Related Functions","chapter-xmlid":"C17","paragraph-xmlid":"C17.S6.Px17","sentence-num-in-chapter":"105","section-xmlid":"C17.S6","sentence-num-in-section":"22","para-xmlid":"C17.S6.Px17.p2","subsection-title":"Differential Equations","subsection-xmlid":"C17.S6.SS4","paragraph-title":"<Math mode=\"inline\" xml:id=\"C17.S6.Px17.m1\">q<\/Math>-Differential Equation","section-title":"<Math mode=\"inline\" xml:id=\"C17.S6.m1\">{{}_{2}\\phi_{1}}<\/Math> Function","para-num-of-sentences":"1"}}}{"expression":{"xml-id":"C17.S6.Px17.p2.m4","tex":"$\\lim_{q\\to 1-}$","context":{"sentence-num-in-corpus":"9735","sentence-xmlid":"C17.S6.Px17.p2.s1","chapter-title":"q-Hypergeometric and Related Functions","chapter-xmlid":"C17","paragraph-xmlid":"C17.S6.Px17","sentence-num-in-chapter":"105","section-xmlid":"C17.S6","sentence-num-in-section":"22","para-xmlid":"C17.S6.Px17.p2","subsection-title":"Differential Equations","subsection-xmlid":"C17.S6.SS4","paragraph-title":"<Math mode=\"inline\" xml:id=\"C17.S6.Px17.m1\">q<\/Math>-Differential Equation","section-title":"<Math mode=\"inline\" xml:id=\"C17.S6.m1\">{{}_{2}\\phi_{1}}<\/Math> Function","para-num-of-sentences":"1"}}}{"expression":{"xml-id":"C17.S6.SS5.info.m1","tex":"$q$","context":{"chapter-title":"q-Hypergeometric and Related Functions","chapter-xmlid":"C17"}}}{"expression":{"xml-id":"C17.S6.SS5.m1","tex":"$q$","context":{"chapter-title":"q-Hypergeometric and Related Functions","chapter-xmlid":"C17"}}}{"equation":{"symbols-used":[{"symbol":{"tex":"$\\int$","meaning":"integral","idref":"C1.S4.SS4"}},{"symbol":{"tex":"$\\Gamma_{\\NVar{q}}\\left(\\NVar{z}\\right)$","meaning":" $q$ -gamma function","idref":"C5.S18.E4","content-tex":"$\\qGamma{\\NVar{q}}@{\\NVar{z}}$"}},{"symbol":{"tex":"$\\left(\\NVar{a};\\NVar{q}\\right)_{\\NVar{n}}$","meaning":" $q$ -Pochhammer symbol (or $q$ -shifted factorial)","idref":"C17.S2.SS1.p1","content-tex":"$\\qPochhammer{\\NVar{a}}{\\NVar{q}}{\\NVar{n}}$"}},{"symbol":{"tex":"${\\mathrm{d}}_{\\NVar{q}}\\NVar{x}$","meaning":" $q$ -differential","idref":"C17.S2.SS5.p1","content-tex":"$\\qdiff{\\NVar{q}}{\\NVar{x}}$"}},{"symbol":{"tex":"${{}_{\\NVar{r+1}}\\phi_{\\NVar{s}}}\\left(\\NVar{a_{0},\\dots,a_{r}};\\NVar{b_{1}, \\dots,b_{s}};\\NVar{q},\\NVar{z}\\right)$","meaning":"basic hypergeometric (or $q$ -hypergeometric) function","idref":"C17.S4.E1","content-tex":"$\\qgenhyperphi{\\NVar{r+1}}{\\NVar{s}}@{\\NVar{a_{0},\\dots,a_{r}}}{\\NVar{b_{1}, \\dots,b_{s}}}{\\NVar{q}}{\\NVar{z}}$"}},{"symbol":{"tex":"$q$","meaning":"complex base","idref":"C17.S1.p1.t1.r4"}},{"symbol":{"tex":"$z$","meaning":"complex variable","idref":"C17.S1.p1.t1.r2"}},{"symbol":{"tex":"$x$","meaning":"real variable","idref":"C17.S1.p1.t1.r3"}}],"xml-id":"C17.S6.E28","tex":"${{}_{2}\\phi_{1}}\\left({q^{\\alpha},q^{\\beta}\\atop q^{\\gamma}};q,z\\right)=\\frac{ \\Gamma_{q}\\left(\\gamma\\right)}{\\Gamma_{q}\\left(\\beta\\right)\\Gamma_{q}\\left( \\gamma-\\beta\\right)}\\int_{0}^{1}\\frac{t^{\\beta-1}\\left(tq;q\\right)_{\\gamma- \\beta-1}}{\\left(xt;q\\right)_{\\alpha}}{\\mathrm{d}}_{q}t.$","context":{"sentence-num-in-corpus":"9736","subsection-xmlid":"C17.S6.SS5","sentence-xmlid":"C17.S6.SS5.p1.s1","chapter-title":"q-Hypergeometric and Related Functions","chapter-xmlid":"C17","section-title":"<Math mode=\"inline\" xml:id=\"C17.S6.m1\">{{}_{2}\\phi_{1}}<\/Math> Function","sentence-num-in-chapter":"106","section-xmlid":"C17.S6","sentence-num-in-section":"23","para-num-of-sentences":"2","para-xmlid":"C17.S6.SS5.p1","subsection-title":"Integral Representations"},"permalink":"http:\/\/dlmf.nist.gov\/17.6.E28","equation-number":"17.6.28","content-tex":"$\\qgenhyperphi{2}{1}@@{q^{\\alpha},q^{\\beta}}{q^{\\gamma}}{q}{z}=\\frac{\\qGamma{q} @{\\gamma}}{\\qGamma{q}@{\\beta}\\qGamma{q}@{\\gamma-\\beta}}\\int_{0}^{1}\\frac{t^{ \\beta-1}\\qPochhammer{tq}{q}{\\gamma-\\beta-1}}{\\qPochhammer{xt}{q}{\\alpha}} \\qdiff{q}{t}.$"}}{"equation":{"symbols-used":[{"symbol":{"tex":"$\\pi$","meaning":"the ratio of the circumference of a circle to its diameter","idref":"C3.S12.E1","content-tex":"$\\cpi$"}},{"symbol":{"tex":"$\\mathrm{d}\\NVar{x}$","meaning":"differential of $x$","idref":"C1.S4.SS4","content-tex":"$\\diff{\\NVar{x}}$"}},{"symbol":{"tex":"$\\mathrm{i}$","meaning":"imaginary number","idref":"C1.S9.E1","content-tex":"$\\iunit$"}},{"symbol":{"tex":"$\\int$","meaning":"integral","idref":"C1.S4.SS4"}},{"symbol":{"tex":"${{}_{\\NVar{r+1}}\\phi_{\\NVar{s}}}\\left(\\NVar{a_{0},\\dots,a_{r}};\\NVar{b_{1}, \\dots,b_{s}};\\NVar{q},\\NVar{z}\\right)$","meaning":"basic hypergeometric (or $q$ -hypergeometric) function","idref":"C17.S4.E1","content-tex":"$\\qgenhyperphi{\\NVar{r+1}}{\\NVar{s}}@{\\NVar{a_{0},\\dots,a_{r}}}{\\NVar{b_{1}, \\dots,b_{s}}}{\\NVar{q}}{\\NVar{z}}$"}},{"symbol":{"tex":"$\\left(\\NVar{a_{1},a_{2},\\dots,a_{r}};\\NVar{q}\\right)_{\\NVar{n}}$","meaning":"multiple $q$ -Pochhammer symbol","idref":"C17.S2.SS1.p1","content-tex":"$\\qmultiPochhammersym{\\NVar{a_{1},a_{2},\\dots,a_{r}}}{\\NVar{q}}{\\NVar{n}}$"}},{"symbol":{"tex":"$\\sin\\NVar{z}$","meaning":"sine function","idref":"C4.S14.E1","content-tex":"$\\sin@@{\\NVar{z}}$"}},{"symbol":{"tex":"$q$","meaning":"complex base","idref":"C17.S1.p1.t1.r4"}},{"symbol":{"tex":"$z$","meaning":"complex variable","idref":"C17.S1.p1.t1.r2"}}],"xml-id":"C17.S6.E29","tex":"${{}_{2}\\phi_{1}}\\left({a,b\\atop c};q,z\\right)=\\left(\\frac{-1}{2\\pi i}\\right) \\frac{\\left(a,b;q\\right)_{\\infty}}{\\left(q,c;q\\right)_{\\infty}}\\int_{-i\\infty} ^{i\\infty}\\frac{\\left(q^{1+\\zeta},cq^{\\zeta};q\\right)_{\\infty}}{\\left(aq^{ \\zeta},bq^{\\zeta};q\\right)_{\\infty}}\\frac{\\pi(-z)^{\\zeta}}{\\sin\\left(\\pi\\zeta \\right)}\\mathrm{d}\\zeta,$","context":{"sentence-num-in-corpus":"9737","subsection-xmlid":"C17.S6.SS5","sentence-xmlid":"C17.S6.SS5.p1.s2","chapter-title":"q-Hypergeometric and Related Functions","chapter-xmlid":"C17","section-title":"<Math mode=\"inline\" xml:id=\"C17.S6.m1\">{{}_{2}\\phi_{1}}<\/Math> Function","sentence-num-in-chapter":"107","section-xmlid":"C17.S6","sentence-num-in-section":"24","para-num-of-sentences":"2","para-xmlid":"C17.S6.SS5.p1","subsection-title":"Integral Representations"},"permalink":"http:\/\/dlmf.nist.gov\/17.6.E29","equation-number":"17.6.29","content-tex":"$\\qgenhyperphi{2}{1}@@{a,b}{c}{q}{z}=\\left(\\frac{-1}{2\\pi i}\\right)\\frac{ \\qmultiPochhammersym{a,b}{q}{\\infty}}{\\qmultiPochhammersym{q,c}{q}{\\infty}} \\int_{-i\\infty}^{i\\infty}\\frac{\\qmultiPochhammersym{q^{1+\\zeta},cq^{\\zeta}}{q} {\\infty}}{\\qmultiPochhammersym{aq^{\\zeta},bq^{\\zeta}}{q}{\\infty}}\\frac{\\pi(-z) ^{\\zeta}}{\\sin@{\\pi\\zeta}}\\diff{\\zeta},$"}}{"expression":{"xml-id":"C17.S6.SS5.p1.m1","tex":"$|z|<1$","context":{"sentence-num-in-corpus":"9737","subsection-xmlid":"C17.S6.SS5","sentence-xmlid":"C17.S6.SS5.p1.s2","chapter-title":"q-Hypergeometric and Related Functions","chapter-xmlid":"C17","section-title":"<Math mode=\"inline\" xml:id=\"C17.S6.m1\">{{}_{2}\\phi_{1}}<\/Math> Function","sentence-num-in-chapter":"107","section-xmlid":"C17.S6","sentence-num-in-section":"24","para-num-of-sentences":"2","para-xmlid":"C17.S6.SS5.p1","subsection-title":"Integral Representations"}}}{"expression":{"xml-id":"C17.S6.SS5.p1.m2","tex":"$|\\operatorname{ph}\\left(-z\\right)|<\\pi$","context":{"sentence-num-in-corpus":"9737","subsection-xmlid":"C17.S6.SS5","sentence-xmlid":"C17.S6.SS5.p1.s2","chapter-title":"q-Hypergeometric and Related Functions","chapter-xmlid":"C17","section-title":"<Math mode=\"inline\" xml:id=\"C17.S6.m1\">{{}_{2}\\phi_{1}}<\/Math> Function","sentence-num-in-chapter":"107","section-xmlid":"C17.S6","sentence-num-in-section":"24","para-num-of-sentences":"2","para-xmlid":"C17.S6.SS5.p1","subsection-title":"Integral Representations"},"content-tex":"$|\\phase@{-z}|<\\pi$"}}{"expression":{"xml-id":"C17.S6.SS5.p1.m3","tex":"$\\left(q^{1+\\zeta},cq^{\\zeta};q\\right)_{\\infty}\/\\sin\\left(\\pi\\zeta\\right)$","context":{"sentence-num-in-corpus":"9737","subsection-xmlid":"C17.S6.SS5","sentence-xmlid":"C17.S6.SS5.p1.s2","chapter-title":"q-Hypergeometric and Related Functions","chapter-xmlid":"C17","section-title":"<Math mode=\"inline\" xml:id=\"C17.S6.m1\">{{}_{2}\\phi_{1}}<\/Math> Function","sentence-num-in-chapter":"107","section-xmlid":"C17.S6","sentence-num-in-section":"24","para-num-of-sentences":"2","para-xmlid":"C17.S6.SS5.p1","subsection-title":"Integral Representations"},"content-tex":"$\\qmultiPochhammersym{q^{1+\\zeta},cq^{\\zeta}}{q}{\\infty}\/\\sin@{\\pi\\zeta}$"}}{"expression":{"xml-id":"C17.S6.SS5.p1.m4","tex":"$1\/\\left(aq^{\\zeta},bq^{\\zeta};q\\right)_{\\infty}$","context":{"sentence-num-in-corpus":"9737","subsection-xmlid":"C17.S6.SS5","sentence-xmlid":"C17.S6.SS5.p1.s2","chapter-title":"q-Hypergeometric and Related Functions","chapter-xmlid":"C17","section-title":"<Math mode=\"inline\" xml:id=\"C17.S6.m1\">{{}_{2}\\phi_{1}}<\/Math> Function","sentence-num-in-chapter":"107","section-xmlid":"C17.S6","sentence-num-in-section":"24","para-num-of-sentences":"2","para-xmlid":"C17.S6.SS5.p1","subsection-title":"Integral Representations"},"content-tex":"$1\/\\qmultiPochhammersym{aq^{\\zeta},bq^{\\zeta}}{q}{\\infty}$"}}{"expression":{"xml-id":"C17.S6.SS6.info.m1","tex":"$q$","context":{"chapter-title":"q-Hypergeometric and Related Functions","chapter-xmlid":"C17"}}}{"expression":{"xml-id":"C17.S6.SS6.m1","tex":"$q$","context":{"chapter-title":"q-Hypergeometric and Related Functions","chapter-xmlid":"C17"}}}{"expression":{"xml-id":"C17.S6.SS6.p1.m1","tex":"${{}_{2}\\phi_{1}}$","context":{"sentence-num-in-corpus":"9738","subsection-xmlid":"C17.S6.SS6","sentence-xmlid":"C17.S6.SS6.p1.s1","chapter-title":"q-Hypergeometric and Related Functions","chapter-xmlid":"C17","section-title":"<Math mode=\"inline\" xml:id=\"C17.S6.m1\">{{}_{2}\\phi_{1}}<\/Math> Function","sentence-num-in-chapter":"108","section-xmlid":"C17.S6","sentence-num-in-section":"25","para-num-of-sentences":"1","para-xmlid":"C17.S6.SS6.p1","subsection-title":"Continued Fractions"},"content-tex":"$\\qgenhyperphi{2}{1}$"}}{"expression":{"xml-id":"C17.S5.m2a","tex":"${{}_{0}\\phi_{0}},{{}_{1}\\phi_{0}},{{}_{1}\\phi_{1}}$","context":{"chapter-title":"q-Hypergeometric and Related Functions","chapter-xmlid":"C17"},"content-tex":"$\\qgenhyperphi{0}{0},\\qgenhyperphi{1}{0},\\qgenhyperphi{1}{1}$"}}{"expression":{"xml-id":"C17.S7.m2a","tex":"${{}_{r}\\phi_{s}}$","context":{"chapter-title":"q-Hypergeometric and Related Functions","chapter-xmlid":"C17"},"content-tex":"$\\qgenhyperphi{r}{s}$"}}{"expression":{"xml-id":"C17.S3.m3a","tex":"$q$","context":{"chapter-title":"q-Hypergeometric and Related Functions","chapter-xmlid":"C17"}}}{"expression":{"xml-id":"C17.S3.m4a","tex":"$q$","context":{"chapter-title":"q-Hypergeometric and Related Functions","chapter-xmlid":"C17"}}}{"expression":{"xml-id":"C17.S5.m2aa","tex":"${{}_{0}\\phi_{0}},{{}_{1}\\phi_{0}},{{}_{1}\\phi_{1}}$","context":{"chapter-title":"q-Hypergeometric and Related Functions","chapter-xmlid":"C17"},"content-tex":"$\\qgenhyperphi{0}{0},\\qgenhyperphi{1}{0},\\qgenhyperphi{1}{1}$"}}{"expression":{"xml-id":"C17.S7.m2aa","tex":"${{}_{r}\\phi_{s}}$","context":{"chapter-title":"q-Hypergeometric and Related Functions","chapter-xmlid":"C17"},"content-tex":"$\\qgenhyperphi{r}{s}$"}}{"expression":{"xml-id":"C17.S8.m2a","tex":"${{}_{r}\\psi_{r}}$","context":{"chapter-title":"q-Hypergeometric and Related Functions","chapter-xmlid":"C17"},"content-tex":"$\\qgenhyperpsi{r}{r}$"}}{"expression":{"xml-id":"C17.S9.m2a","tex":"${{}_{r+1}\\phi_{r}}$","context":{"chapter-title":"q-Hypergeometric and Related Functions","chapter-xmlid":"C17"},"content-tex":"$\\qgenhyperphi{r+1}{r}$"}}{"expression":{"xml-id":"C17.S10.m2a","tex":"${{}_{r}\\psi_{r}}$","context":{"chapter-title":"q-Hypergeometric and Related Functions","chapter-xmlid":"C17"},"content-tex":"$\\qgenhyperpsi{r}{r}$"}}{"expression":{"xml-id":"C17.S11.m2a","tex":"$q$","context":{"chapter-title":"q-Hypergeometric and Related Functions","chapter-xmlid":"C17"}}}