<?xml version="1.0" encoding="UTF-8"?>
<section xml:id="C12.S17">
<title>Physical Applications</title>        
     
<para xml:id="C12.S17.p1">

<sentence sentence-num-in-para="1" sentence-num-in-section="1" xml:id="C12.S17.p1.s1">
The main applications of PCFs in mathematical physics arise when solving the Helmholtz equation <Math equation-number="12.17.1" mode="display" xml:id="C12.S17.E1">\nabla^{2}w+k^{2}w=0,</Math> where <Math mode="inline" xml:id="C12.S17.p1.m1">k</Math> is a constant, and <Math mode="inline" xml:id="C12.S17.p1.m2">\nabla^{2}</Math> is the Laplacian <Math equation-number="12.17.2" mode="display" xml:id="C12.S17.E2">\nabla^{2}=\frac{{\partial}^{2}}{{\partial x}^{2}}+\frac{{\partial}^{2}}{{ \partial y}^{2}}+\frac{{\partial}^{2}}{{\partial z}^{2}}</Math> in Cartesian coordinates <Math mode="inline" xml:id="C12.S17.p1.m3">x,y,z</Math> of three-dimensional space (§1.5(ii)).
</sentence>

<sentence sentence-num-in-para="2" sentence-num-in-section="2" xml:id="C12.S17.p1.s2">
By using instead coordinates of the parabolic cylinder <Math mode="inline" xml:id="C12.S17.p1.m4">\xi,\eta,\zeta</Math> , defined by <Math equation-number="12.17.3" mode="display" xml:id="C12.S17.E3">x=\xi\eta,y=\tfrac{1}{2}\xi^{2}-\tfrac{1}{2}\eta^{2},z=\zeta,</Math> (12.17.1) becomes <Math equation-number="12.17.4" mode="display" xml:id="C12.S17.E4">\frac{1}{\xi^{2}+\eta^{2}}\left(\frac{{\partial}^{2}w}{{\partial\xi}^{2}}+ \frac{{\partial}^{2}w}{{\partial\eta}^{2}}\right)+\frac{{\partial}^{2}w}{{ \partial\zeta}^{2}}+k^{2}w=0</Math>.
</sentence>

<sentence sentence-num-in-para="3" sentence-num-in-section="3" xml:id="C12.S17.p1.s3">
Setting <Math mode="inline" xml:id="C12.S17.p1.m5">w=U(\xi)V(\eta)W(\zeta)</Math> and separating variables, we obtain <Math equation-number="12.17.5" mode="display" xml:id="C12.S17.E5">\frac{{\mathrm{d}}^{2}U}{{\mathrm{d}\xi}^{2}}+\left(\sigma\xi^{2}+\lambda \right)U=0,\frac{{\mathrm{d}}^{2}V}{{\mathrm{d}\eta}^{2}}+\left(\sigma\eta^{2}-\lambda \right)V=0,\frac{{\mathrm{d}}^{2}W}{{\mathrm{d}\zeta}^{2}}+\left(k^{2}-\sigma\right)W=0,</Math> with arbitrary constants <Math mode="inline" xml:id="C12.S17.p1.m6">\sigma,\lambda</Math>.
</sentence>

<sentence sentence-num-in-para="4" sentence-num-in-section="4" xml:id="C12.S17.p1.s4">
The first two equations can be transformed into (12.2.2) or (12.2.3).
</sentence>

</para>
 
<para xml:id="C12.S17.p2">

<sentence sentence-num-in-para="1" sentence-num-in-section="5" xml:id="C12.S17.p2.s1">
In a similar manner coordinates of the paraboloid of revolution transform theHelmholtz equation into equations related to the differential equations considered in this chapter.
</sentence>

<sentence sentence-num-in-para="2" sentence-num-in-section="6" xml:id="C12.S17.p2.s2">
See Buchholz (1969, §4) andMorse and Feshbach (1953a, pp. 515 and 553).
</sentence>

</para>
  
<para xml:id="C12.S17.p3">

<sentence sentence-num-in-para="1" sentence-num-in-section="7" xml:id="C12.S17.p3.s1">
Buchholz (1969) collects many results on boundary-value problems involving PCFs.
</sentence>

<sentence sentence-num-in-para="2" sentence-num-in-section="8" xml:id="C12.S17.p3.s2">
Miller (1974) treats separation of variables by group theoretic methods.Dean (1966) describes the role of PCFs in quantum mechanical systems closely related to the one-dimensional harmonic oscillator.
</sentence>

</para>
  
<para xml:id="C12.S17.p4">

<sentence sentence-num-in-para="1" sentence-num-in-section="9" xml:id="C12.S17.p4.s1">
Problems on high-frequency scattering in homogeneous media by parabolic cylinders lead to asymptotic methods for integrals involving PCFs.
</sentence>

<sentence sentence-num-in-para="2" sentence-num-in-section="10" xml:id="C12.S17.p4.s2">
For this topic and other boundary-value problems seeBoyd (1973),Hillion (1997),Magnus (1941),Morse and Feshbach (1953a, b),Müller (1988),Ott (1985),Rice (1954), and Shanmugam (1978).
</sentence>

</para>
  
<para xml:id="C12.S17.p5">

<sentence sentence-num-in-para="1" sentence-num-in-section="11" xml:id="C12.S17.p5.s1">
Lastly, parabolic cylinder functions arise in the description of ultra cold atoms in harmonic trapping potentials; see Busch et al. (1998) andEdwards et al. (1999).
</sentence>

</para>
 
</section>
