<?xml version="1.0" encoding="UTF-8"?>
<section xml:id="C12.S16">
<title>Mathematical Applications</title>        
  
<para xml:id="C12.S16.p1">

<sentence sentence-num-in-para="1" sentence-num-in-section="1" xml:id="C12.S16.p1.s1">
PCFs are used as basic approximating functions in the theory of contour integrals with a coalescing saddle point and an algebraic singularity, and in the theory of differential equations with two coalescing turning points; see §§2.4(vi) and 2.8(vi).
</sentence>

<sentence sentence-num-in-para="2" sentence-num-in-section="2" xml:id="C12.S16.p1.s2">
For examples see §§13.20(iii), 13.20(iv), 14.15(v), and14.26.
</sentence>

</para>
  
<para xml:id="C12.S16.p2">

<sentence sentence-num-in-para="1" sentence-num-in-section="3" xml:id="C12.S16.p2.s1">
Sleeman (1968b) considers certain orthogonality properties of the PCFsand corresponding eigenvalues.
</sentence>

<sentence sentence-num-in-para="2" sentence-num-in-section="4" xml:id="C12.S16.p2.s2">
In Brazel et al. (1992) exponential asymptotics are considered in connection with an eigenvalue problem involving PCFs.
</sentence>

</para>
 
<para xml:id="C12.S16.p3">

<sentence sentence-num-in-para="1" sentence-num-in-section="5" xml:id="C12.S16.p3.s1">
PCFs are also used in integral transforms with respect to the parameter, and inversion formulas exist for kernels containing PCFs.
</sentence>

<sentence sentence-num-in-para="2" sentence-num-in-section="6" xml:id="C12.S16.p3.s2">
SeeErdélyi (1941a),Cherry (1948),and Lowdon (1970).Integral transforms and sampling expansions are considered in Jerri (1982).
</sentence>

</para>

 
</section>
