<?xml version="1.0" encoding="UTF-8"?>
<section xml:id="C12.S1">
<title>Special Notation</title>         
<para xml:id="C12.S1.p1">

<sentence sentence-num-in-para="1" sentence-num-in-section="1" xml:id="C12.S1.p1.s1">
(For other notation see Notation for the Special Functions.)
</sentence>

<sentence sentence-num-in-para="2" sentence-num-in-section="2" sentence-num-in-table="1" xml:id="C12.S1.p1.t1.s1">
<Math mode="inline" xml:id="C12.S1.p1.t1.r1.m1">x,y</Math>
</sentence>

<sentence sentence-num-in-para="3" sentence-num-in-section="3" sentence-num-in-table="2" xml:id="C12.S1.p1.t1.s2">
real variables.    
</sentence>

<sentence sentence-num-in-para="4" sentence-num-in-section="4" sentence-num-in-table="3" xml:id="C12.S1.p1.t1.s3">
<Math mode="inline" xml:id="C12.S1.p1.t1.r2.m1">z</Math>
</sentence>

<sentence sentence-num-in-para="5" sentence-num-in-section="5" sentence-num-in-table="4" xml:id="C12.S1.p1.t1.s4">
complex variable.  
</sentence>

<sentence sentence-num-in-para="6" sentence-num-in-section="6" sentence-num-in-table="5" xml:id="C12.S1.p1.t1.s5">
<Math mode="inline" xml:id="C12.S1.p1.t1.r3.m1">n,s</Math>
</sentence>

<sentence sentence-num-in-para="7" sentence-num-in-section="7" sentence-num-in-table="6" xml:id="C12.S1.p1.t1.s6">
nonnegative integers.    
</sentence>

<sentence sentence-num-in-para="8" sentence-num-in-section="8" sentence-num-in-table="7" xml:id="C12.S1.p1.t1.s7">
<Math mode="inline" xml:id="C12.S1.p1.t1.r4.m1">a,\nu</Math>
</sentence>

<sentence sentence-num-in-para="9" sentence-num-in-section="9" sentence-num-in-table="8" xml:id="C12.S1.p1.t1.s8">
real or complex parameters.    
</sentence>

<sentence sentence-num-in-para="10" sentence-num-in-section="10" sentence-num-in-table="9" xml:id="C12.S1.p1.t1.s9">
<Math mode="inline" xml:id="C12.S1.p1.t1.r5.m1">\delta</Math>
</sentence>

<sentence sentence-num-in-para="11" sentence-num-in-section="11" sentence-num-in-table="10" xml:id="C12.S1.p1.t1.s10">
arbitrary small positive constant.  
</sentence>

</para>
 
<para xml:id="C12.S1.p2">

<sentence sentence-num-in-para="1" sentence-num-in-section="12" xml:id="C12.S1.p2.s1">
Unless otherwise noted, primes indicate derivatives with respect to the variable, and fractional powers take their principal values.
</sentence>

</para>
     
 
<para xml:id="C12.S1.p3">

<sentence sentence-num-in-para="1" sentence-num-in-section="13" xml:id="C12.S1.p3.s1">
The main functions treated in this chapter are the parabolic cylinder functions (PCFs), also known as Weber parabolic cylinder functions: <Math mode="inline" xml:id="C12.S1.p3.m1">U\left(a,z\right)</Math> , <Math mode="inline" xml:id="C12.S1.p3.m2">V\left(a,z\right)</Math> , <Math mode="inline" xml:id="C12.S1.p3.m3">\overline{U}\left(a,z\right)</Math> , and <Math mode="inline" xml:id="C12.S1.p3.m4">W\left(a,z\right)</Math>.
</sentence>

<sentence sentence-num-in-para="2" sentence-num-in-section="14" xml:id="C12.S1.p3.s2">
These notations are due to Miller (1952, 1955).
</sentence>

<sentence sentence-num-in-para="3" sentence-num-in-section="15" xml:id="C12.S1.p3.s3">
An older notation, due to Whittaker (1902), for <Math mode="inline" xml:id="C12.S1.p3.m5">U\left(a,z\right)</Math> is <Math mode="inline" xml:id="C12.S1.p3.m7">D_{\nu}\left(z\right)</Math>.
</sentence>

<sentence sentence-num-in-para="4" sentence-num-in-section="16" xml:id="C12.S1.p3.s4">
The notations are related by <Math mode="inline" xml:id="C12.S1.p3.m8">U\left(a,z\right)=D_{-a-\frac{1}{2}}\left(z\right)</Math>.
</sentence>

<sentence sentence-num-in-para="5" sentence-num-in-section="17" xml:id="C12.S1.p3.s5">
Whittaker’s notation <Math mode="inline" xml:id="C12.S1.p3.m9">D_{\nu}\left(z\right)</Math> is useful when <Math mode="inline" xml:id="C12.S1.p3.m10">\nu</Math> is a nonnegative integer (Hermite polynomial case).
</sentence>

</para>
 
</section>
