<?xml version="1.0" encoding="UTF-8"?>
<section xml:id="C12.S13">
<title>Sums</title>        
  
<subsection xml:id="C12.S13.SS1">
<title>Addition Theorems</title>        
 
 
<para xml:id="C12.S13.SS1.p1">

<sentence sentence-num-in-para="1" sentence-num-in-section="1" xml:id="C12.S13.SS1.p1.s1">
 <Math equation-number="12.13.1" mode="display" xml:id="C12.S13.E1">U\left(a,x+y\right)=e^{\frac{1}{2}xy+\frac{1}{4}y^{2}}\sum_{m=0}^{\infty}\frac {(-y)^{m}}{m!}U\left(a-m,x\right)</Math> , <Math equation-number="12.13.2" mode="display" xml:id="C12.S13.E2">U\left(a,x+y\right)=e^{-\frac{1}{2}xy-\frac{1}{4}y^{2}}\sum_{m=0}^{\infty} \genfrac{(}{)}{0.0pt}{}{-a-\tfrac{1}{2}}{m}y^{m}U\left(a+m,x\right)</Math> , <Math equation-number="12.13.3" mode="display" xml:id="C12.S13.E3">V\left(a,x+y\right)=e^{\frac{1}{2}xy+\frac{1}{4}y^{2}}\sum_{m=0}^{\infty} \genfrac{(}{)}{0.0pt}{}{a-\tfrac{1}{2}}{m}y^{m}V\left(a-m,x\right)</Math> , <Math equation-number="12.13.4" mode="display" xml:id="C12.S13.E4">V\left(a,x+y\right)=e^{-\frac{1}{2}xy-\frac{1}{4}y^{2}}\sum_{m=0}^{\infty} \frac{y^{m}}{m!}V\left(a+m,x\right)</Math>.
</sentence>

<sentence sentence-num-in-para="2" sentence-num-in-section="2" xml:id="C12.S13.SS1.p1.s2">
<Math equation-number="12.13.5" mode="display" xml:id="C12.S13.E5">U\left(a,x\cos t+y\sin t\right)\\ =e^{\frac{1}{4}(x\sin t-y\cos t)^{2}}\*\sum_{m=0}^{\infty}\genfrac{(}{)}{0.0pt }{}{-a-\tfrac{1}{2}}{m}(\tan t)^{m}U\left(m+a,x\right)U\left(-m-\tfrac{1}{2},y \right), if \Re a\leq-\tfrac{1}{2},0\leq t\leq\tfrac{1}{4}\pi</Math>.
</sentence>

<sentence sentence-num-in-para="3" sentence-num-in-section="3" xml:id="C12.S13.SS1.p1.s3">
<Math equation-number="12.13.6" mode="display" xml:id="C12.S13.E6">n!U\left(n+\tfrac{1}{2},z\right)=i^{n}e^{-\frac{1}{2}z^{2}}\operatorname{erfc} (z/\sqrt{2})U\left(-n-\tfrac{1}{2},iz\right)+\sum_{m=1}^{\left\lfloor\frac{1}{ 2}n+\frac{1}{2}\right\rfloor}U\left(2m-n-\tfrac{1}{2},z\right), if n=0,1,2,\dots</Math>.
</sentence>

<sentence sentence-num-in-para="4" sentence-num-in-section="4" xml:id="C12.S13.SS1.p1.s4">
For <Math mode="inline" xml:id="C12.S13.SS1.p1.m1">\operatorname{erfc}</Math> see §7.2(i).
</sentence>

</para>
 
</subsection>
 
<subsection xml:id="C12.S13.SS2">
<title>Other Series</title>         
<para xml:id="C12.S13.SS2.p1">

<sentence sentence-num-in-para="1" sentence-num-in-section="5" xml:id="C12.S13.SS2.p1.s1">
For other series see Dhar (1940), Hansen (1975, pp. 421–422), Hillion (1997),Miller (1974), Prudnikov et al. (1986b, p. 651),Shanker (1940b, a, c), andVarma (1941).
</sentence>

</para>

 
</subsection>
 
</section>
