<?xml version="1.0" encoding="UTF-8"?>
<section xml:id="C12.S14">
<title>The Function <Math mode="inline" xml:id="C12.S14.m1">W\left(a,x\right)</Math></title>        
  
 
<subsection xml:id="C12.S14.SS1">
<title>Introduction</title>        
  
<para xml:id="C12.S14.SS1.p1">

<sentence sentence-num-in-para="1" sentence-num-in-section="1" xml:id="C12.S14.SS1.p1.s1">
In this section solutions of equation (12.2.3) are considered. This equation is important when <Math mode="inline" xml:id="C12.S14.SS1.p1.m2">a</Math> and <Math mode="inline" xml:id="C12.S14.SS1.p1.m3">z</Math> <Math mode="inline" xml:id="C12.S14.SS1.p1.m4">(=x)</Math> are real, and we shall assume this to be the case.
</sentence>

<sentence sentence-num-in-para="2" sentence-num-in-section="2" xml:id="C12.S14.SS1.p1.s2">
In other cases the general theory of (12.2.2) is available.
</sentence>

<sentence sentence-num-in-para="3" sentence-num-in-section="3" xml:id="C12.S14.SS1.p1.s3">
<Math mode="inline" xml:id="C12.S14.SS1.p1.m5">W\left(a,x\right)</Math> and <Math mode="inline" xml:id="C12.S14.SS1.p1.m6">W\left(a,-x\right)</Math> form a numerically satisfactory pair of solutions when <Math mode="inline" xml:id="C12.S14.SS1.p1.m7">-\infty&lt;x&lt;\infty</Math>.
</sentence>

</para>
 
</subsection>
 
<subsection xml:id="C12.S14.SS2">
<title>Values at <Math mode="inline" xml:id="C12.S14.SS2.m1">z=0</Math> and Wronskian</title>        
   
<para xml:id="C12.S14.SS2.p1">

<sentence sentence-num-in-para="1" sentence-num-in-section="4" xml:id="C12.S14.SS2.p1.s1">
 <Math equation-number="12.14.1" mode="display" xml:id="C12.S14.E1">W\left(a,0\right)=2^{-\frac{3}{4}}\left|\frac{\Gamma\left(\tfrac{1}{4}+\tfrac{ 1}{2}ia\right)}{\Gamma\left(\tfrac{3}{4}+\tfrac{1}{2}ia\right)}\right|^{\frac{ 1}{2}},</Math> <Math equation-number="12.14.2" mode="display" xml:id="C12.S14.E2">W'\left(a,0\right)=-2^{-\frac{1}{4}}\left|\frac{\Gamma\left(\tfrac{3}{4}+ \tfrac{1}{2}ia\right)}{\Gamma\left(\tfrac{1}{4}+\tfrac{1}{2}ia\right)}\right|^ {\frac{1}{2}}</Math>.
</sentence>

<sentence sentence-num-in-para="2" sentence-num-in-section="5" xml:id="C12.S14.SS2.p1.s2">
<Math equation-number="12.14.3" mode="display" xml:id="C12.S14.E3">\mathscr{W}\left\{W\left(a,x\right),W\left(a,-x\right)\right\}=1</Math>.
</sentence>

</para>

 
</subsection>
 
<subsection xml:id="C12.S14.SS3">
<title>Graphs</title>        
  
<para xml:id="C12.S14.SS3.p1">

</para>
 
<para xml:id="C12.S14.SS3.p2">

<sentence sentence-num-in-para="1" sentence-num-in-section="6" xml:id="C12.S14.SS3.p2.s1">
For the modulus functions <Math mode="inline" xml:id="C12.S14.SS3.p2.m1">\widetilde{F}(a,x)</Math> and <Math mode="inline" xml:id="C12.S14.SS3.p2.m2">\widetilde{G}(a,x)</Math> see §12.14(x).
</sentence>

</para>
            
<sentence sentence-num-in-section="7" xml:id="C12.S14.F1.s1">
Figure 12.14.1: <Math mode="inline" xml:id="C12.S14.F1.m5">k^{-\ifrac{1}{2}}W\left(3,x\right)</Math> , <Math mode="inline" xml:id="C12.S14.F1.m6">k^{\ifrac{1}{2}}W\left(3,-x\right)</Math> , <Math mode="inline" xml:id="C12.S14.F1.m7">\widetilde{F}(3,x)</Math> , <Math mode="inline" xml:id="C12.S14.F1.m8">0\leq x\leq 8</Math> .
</sentence>           
<sentence sentence-num-in-section="8" xml:id="C12.S14.F2.s1">
Figure 12.14.2: <Math mode="inline" xml:id="C12.S14.F2.m5">k^{-\ifrac{1}{2}}W'\left(3,x\right)</Math> , <Math mode="inline" xml:id="C12.S14.F2.m6">k^{\ifrac{1}{2}}W'\left(3,-x\right)</Math> , <Math mode="inline" xml:id="C12.S14.F2.m7">\widetilde{G}(3,x)</Math> , <Math mode="inline" xml:id="C12.S14.F2.m8">0\leq x\leq 8</Math> .
</sentence>  
           
<sentence sentence-num-in-section="9" xml:id="C12.S14.F3.s1">
Figure 12.14.3: <Math mode="inline" xml:id="C12.S14.F3.m5">k^{-\ifrac{1}{2}}W\left(-3,x\right)</Math> , <Math mode="inline" xml:id="C12.S14.F3.m6">k^{\ifrac{1}{2}}W\left(-3,-x\right)</Math> , <Math mode="inline" xml:id="C12.S14.F3.m7">\widetilde{F}(-3,x)</Math> , <Math mode="inline" xml:id="C12.S14.F3.m8">0\leq x\leq 8</Math> .
</sentence>           
<sentence sentence-num-in-section="10" xml:id="C12.S14.F4.s1">
Figure 12.14.4: <Math mode="inline" xml:id="C12.S14.F4.m4">k^{-\ifrac{1}{2}}W'\left(-3,x\right),k^{\ifrac{1}{2}}W'\left(-3,-x\right)</Math> , <Math mode="inline" xml:id="C12.S14.F4.m5">\widetilde{G}(-3,x)</Math> , <Math mode="inline" xml:id="C12.S14.F4.m6">0\leq x\leq 8</Math> .
</sentence>    
</subsection>
 
<subsection xml:id="C12.S14.SS4">
<title>Connection Formula</title>        
  
<para xml:id="C12.S14.SS4.p1">

<sentence sentence-num-in-para="1" sentence-num-in-section="11" xml:id="C12.S14.SS4.p1.s1">
 <Math equation-number="12.14.4" mode="display" xml:id="C12.S14.E4">W\left(a,x\right)=\sqrt{k/2}\,e^{\frac{1}{4}\pi a}\left(e^{i\rho}U\left(ia,xe^ {-\pi i/4}\right)+e^{-i\rho}U\left(-ia,xe^{\pi i/4}\right)\right),</Math> where <Math equation-number="12.14.5" mode="display" xml:id="C12.S14.E5">k=\sqrt{1+e^{2\pi a}}-e^{\pi a},1/k=\sqrt{1+e^{2\pi a}}+e^{\pi a},</Math> <Math equation-number="12.14.6" mode="display" xml:id="C12.S14.E6">\rho=\tfrac{1}{8}\pi+\tfrac{1}{2}\phi_{2},</Math> <Math equation-number="12.14.7" mode="display" xml:id="C12.S14.E7">\phi_{2}=\operatorname{ph}\Gamma\left(\tfrac{1}{2}+ia\right),</Math> the branch of <Math mode="inline" xml:id="C12.S14.SS4.p1.m1">\operatorname{ph}</Math> being zero when <Math mode="inline" xml:id="C12.S14.SS4.p1.m2">a=0</Math> and defined by continuity elsewhere.
</sentence>

</para>

 
</subsection>
 
<subsection xml:id="C12.S14.SS5">
<title>Power-Series Expansions</title>        
  
<para xml:id="C12.S14.SS5.p1">

<sentence sentence-num-in-para="1" sentence-num-in-section="12" xml:id="C12.S14.SS5.p1.s1">
 <Math equation-number="12.14.8" mode="display" xml:id="C12.S14.E8">W\left(a,x\right)=W\left(a,0\right)w_{1}(a,x)+W'\left(a,0\right)w_{2}(a,x)</Math>.
</sentence>

<sentence sentence-num-in-para="2" sentence-num-in-section="13" xml:id="C12.S14.SS5.p1.s2">
Here <Math mode="inline" xml:id="C12.S14.SS5.p1.m1">w_{1}(a,x)</Math> and <Math mode="inline" xml:id="C12.S14.SS5.p1.m2">w_{2}(a,x)</Math> are the even and odd solutions of (12.2.3):
</sentence>

<sentence sentence-num-in-para="3" sentence-num-in-section="14" xml:id="C12.S14.SS5.p1.s3">
<Math equation-number="12.14.9" mode="display" xml:id="C12.S14.E9">w_{1}(a,x)=\sum_{n=0}^{\infty}\alpha_{n}(a)\frac{x^{2n}}{(2n)!}</Math> , <Math equation-number="12.14.10" mode="display" xml:id="C12.S14.E10">w_{2}(a,x)=\sum_{n=0}^{\infty}\beta_{n}(a)\frac{x^{2n+1}}{(2n+1)!}</Math> , where <Math mode="inline" xml:id="C12.S14.SS5.p1.m3">\alpha_{n}(a)</Math> and <Math mode="inline" xml:id="C12.S14.SS5.p1.m4">\beta_{n}(a)</Math> satisfy the recursion relations <Math equation-number="12.14.11" mode="display" xml:id="C12.S14.E11">\alpha_{n+2}=a\alpha_{n+1}-\tfrac{1}{2}(n+1)(2n+1)\alpha_{n},\beta_{n+2}=a\beta_{n+1}-\tfrac{1}{2}(n+1)(2n+3)\beta_{n},</Math> with <Math equation-number="12.14.12" mode="display" xml:id="C12.S14.E12">\alpha_{0}(a)=1,\alpha_{1}(a)=a,\beta_{0}(a)=1,\beta_{1}(a)=a</Math>.
</sentence>

</para>
 
<para xml:id="C12.S14.SS5.p2">

<sentence sentence-num-in-para="1" sentence-num-in-section="15" xml:id="C12.S14.SS5.p2.s1">
Other expansions, involving <Math mode="inline" xml:id="C12.S14.SS5.p2.m1">\cos\left(\tfrac{1}{4}x^{2}\right)</Math> and <Math mode="inline" xml:id="C12.S14.SS5.p2.m2">\sin\left(\tfrac{1}{4}x^{2}\right)</Math> , can be obtained from (12.4.3) to (12.4.6) by replacing <Math mode="inline" xml:id="C12.S14.SS5.p2.m3">a</Math> by <Math mode="inline" xml:id="C12.S14.SS5.p2.m4">-ia</Math> and <Math mode="inline" xml:id="C12.S14.SS5.p2.m5">z</Math> by <Math mode="inline" xml:id="C12.S14.SS5.p2.m6">xe^{\ifrac{\pi i}{4}}</Math> ; see Miller (1955, p. 80), and also (12.14.15) and (12.14.16).
</sentence>

</para>

 
</subsection>
 
<subsection xml:id="C12.S14.SS6">
<title>Integral Representations</title>        
  
<para xml:id="C12.S14.SS6.p1">

<sentence sentence-num-in-para="1" sentence-num-in-section="16" xml:id="C12.S14.SS6.p1.s1">
These follow from the contour integrals of §12.5(ii), which arevalid for general complex values of the argument <Math mode="inline" xml:id="C12.S14.SS6.p1.m1">z</Math> and parameter <Math mode="inline" xml:id="C12.S14.SS6.p1.m2">a</Math>.
</sentence>

<sentence sentence-num-in-para="2" sentence-num-in-section="17" xml:id="C12.S14.SS6.p1.s2">
SeeMiller (1955, p. 26).
</sentence>

</para>

 
</subsection>
 
<subsection xml:id="C12.S14.SS7">
<title>Relations to Other Functions</title>        
 
<paragraph xml:id="C12.S14.Px1">
<title>Bessel Functions</title>     
<para xml:id="C12.S14.Px1.p1">

<sentence sentence-num-in-para="1" sentence-num-in-section="18" xml:id="C12.S14.Px1.p1.s1">
For the notation see §10.2(ii).
</sentence>

<sentence sentence-num-in-para="2" sentence-num-in-section="19" xml:id="C12.S14.Px1.p1.s2">
When <Math mode="inline" xml:id="C12.S14.Px1.p1.m1">x&gt;0</Math> <Math equation-number="12.14.13" mode="display" xml:id="C12.S14.E13">W\left(0,\pm x\right)=2^{-\frac{5}{4}}\sqrt{\pi x}\left(J_{-\frac{1}{4}}\left( \tfrac{1}{4}x^{2}\right)\mp J_{\frac{1}{4}}\left(\tfrac{1}{4}x^{2}\right) \right),</Math> <Math equation-number="12.14.14" mode="display" xml:id="C12.S14.E14">\frac{\mathrm{d}}{\mathrm{d}x}W\left(0,\pm x\right)=-2^{-\frac{9}{4}}x\sqrt{ \pi x}\left(J_{\frac{3}{4}}\left(\tfrac{1}{4}x^{2}\right)\pm J_{-\frac{3}{4}} \left(\tfrac{1}{4}x^{2}\right)\right)</Math>.
</sentence>

</para>

 
</paragraph>
 
<paragraph xml:id="C12.S14.Px2">
<title>Confluent Hypergeometric Functions</title>     
<para xml:id="C12.S14.Px2.p1">

<sentence sentence-num-in-para="1" sentence-num-in-section="20" xml:id="C12.S14.Px2.p1.s1">
For the notation see §13.2(i).
</sentence>

</para>
 
<para xml:id="C12.S14.Px2.p2">

<sentence sentence-num-in-para="1" sentence-num-in-section="21" xml:id="C12.S14.Px2.p2.s1">
The even and odd solutions of (12.2.3) (see §12.14(v)) are given by
</sentence>

</para>
 
<para xml:id="C12.S14.Px2.p3">

<sentence sentence-num-in-para="1" sentence-num-in-section="22" xml:id="C12.S14.Px2.p3.s1">
 <Math equation-number="12.14.15" mode="display" xml:id="C12.S14.E15">w_{1}(a,x)=e^{-\frac{1}{4}ix^{2}}M\left(\tfrac{1}{4}-\tfrac{1}{2}ia,\tfrac{1}{ 2},\tfrac{1}{2}ix^{2}\right)=e^{\frac{1}{4}ix^{2}}M\left(\tfrac{1}{4}+\tfrac{1 }{2}ia,\tfrac{1}{2},-\tfrac{1}{2}ix^{2}\right),</Math> <Math equation-number="12.14.16" mode="display" xml:id="C12.S14.E16">w_{2}(a,x)=xe^{-\frac{1}{4}ix^{2}}M\left(\tfrac{3}{4}-\tfrac{1}{2}ia,\tfrac{3} {2},\tfrac{1}{2}ix^{2}\right)=xe^{\frac{1}{4}ix^{2}}M\left(\tfrac{3}{4}+\tfrac {1}{2}ia,\tfrac{3}{2},-\tfrac{1}{2}ix^{2}\right)</Math>.
</sentence>

</para>

 
</paragraph>
 
</subsection>
 
<subsection xml:id="C12.S14.SS8">
<title>Asymptotic Expansions for Large Variable</title>        
  
<para xml:id="C12.S14.SS8.p1">

<sentence sentence-num-in-para="1" sentence-num-in-section="23" xml:id="C12.S14.SS8.p1.s1">
Write <Math equation-number="12.14.17" mode="display" xml:id="C12.S14.E17">W\left(a,x\right)=\sqrt{\frac{2k}{x}}\left(s_{1}(a,x)\cos\omega-s_{2}(a,x)\sin \omega\right),</Math> <Math equation-number="12.14.18" mode="display" xml:id="C12.S14.E18">W\left(a,-x\right)=\sqrt{\frac{2}{kx}}\left(s_{1}(a,x)\sin\omega+s_{2}(a,x) \cos\omega\right),</Math> where <Math equation-number="12.14.19" mode="display" xml:id="C12.S14.E19">\omega=\tfrac{1}{4}x^{2}-a\ln x+\tfrac{1}{4}\pi+\tfrac{1}{2}\phi_{2},</Math> with <Math mode="inline" xml:id="C12.S14.SS8.p1.m1">\phi_{2}</Math> given by (12.14.7).
</sentence>

<sentence sentence-num-in-para="2" sentence-num-in-section="24" xml:id="C12.S14.SS8.p1.s2">
Then as <Math mode="inline" xml:id="C12.S14.SS8.p1.m2">x\to\infty</Math> <Math equation-number="12.14.20" mode="display" xml:id="C12.S14.E20">s_{1}(a,x)\sim 1+\frac{d_{2}}{1!2x^{2}}-\frac{c_{4}}{2!2^{2}x^{4}}-\frac{d_{6} }{3!2^{3}x^{6}}+\frac{c_{8}}{4!2^{4}x^{8}}+\cdots</Math> , <Math equation-number="12.14.21" mode="display" xml:id="C12.S14.E21">s_{2}(a,x)\sim-\frac{c_{2}}{1!2x^{2}}-\frac{d_{4}}{2!2^{2}x^{4}}+\frac{c_{6}}{ 3!2^{3}x^{6}}+\frac{d_{8}}{4!2^{4}x^{8}}-\cdots</Math>.
</sentence>

<sentence sentence-num-in-para="3" sentence-num-in-section="25" xml:id="C12.S14.SS8.p1.s3">
The coefficients <Math mode="inline" xml:id="C12.S14.SS8.p1.m3">c_{2r}</Math> and <Math mode="inline" xml:id="C12.S14.SS8.p1.m4">d_{2r}</Math> are obtainable by equating real and imaginary parts in <Math equation-number="12.14.22" mode="display" xml:id="C12.S14.E22">c_{2r}+id_{2r}=\frac{\Gamma\left(2r+\tfrac{1}{2}+ia\right)}{\Gamma\left(\tfrac {1}{2}+ia\right)}</Math>.
</sentence>

<sentence sentence-num-in-para="4" sentence-num-in-section="26" xml:id="C12.S14.SS8.p1.s4">
Equivalently, <Math equation-number="12.14.23" mode="display" xml:id="C12.S14.E23">s_{1}(a,x)+is_{2}(a,x)\sim\sum_{r=0}^{\infty}(-i)^{r}\frac{{\left(\tfrac{1}{2} +ia\right)_{2r}}}{2^{r}r!x^{2r}}</Math>.
</sentence>

</para>

 
</subsection>
 
<subsection xml:id="C12.S14.SS9">
<title>Uniform Asymptotic Expansions for Large Parameter</title>        
  
<para xml:id="C12.S14.SS9.p1">

<sentence sentence-num-in-para="1" sentence-num-in-section="27" xml:id="C12.S14.SS9.p1.s1">
The differential equation <Math equation-number="12.14.24" mode="display" xml:id="C12.S14.E24">\frac{{\mathrm{d}}^{2}w}{{\mathrm{d}t}^{2}}=\mu^{4}(1-t^{2})w</Math> follows from (12.2.3), and has solutions <Math mode="inline" xml:id="C12.S14.SS9.p1.m1">W\left(\tfrac{1}{2}\mu^{2},\pm\mu t\sqrt{2}\right)</Math>.
</sentence>

<sentence sentence-num-in-para="2" sentence-num-in-section="28" xml:id="C12.S14.SS9.p1.s2">
For real <Math mode="inline" xml:id="C12.S14.SS9.p1.m2">\mu</Math> and <Math mode="inline" xml:id="C12.S14.SS9.p1.m3">t</Math> oscillations occur outside the <Math mode="inline" xml:id="C12.S14.SS9.p1.m4">t</Math> -interval <Math mode="inline" xml:id="C12.S14.SS9.p1.m5">[-1,1]</Math>.
</sentence>

<sentence sentence-num-in-para="3" sentence-num-in-section="29" xml:id="C12.S14.SS9.p1.s3">
Airy-type uniform asymptotic expansions can be used to include either one of the turning points <Math mode="inline" xml:id="C12.S14.SS9.p1.m6">\pm 1</Math>.
</sentence>

<sentence sentence-num-in-para="4" sentence-num-in-section="30" xml:id="C12.S14.SS9.p1.s4">
In the following expansions, obtained from Olver (1959), <Math mode="inline" xml:id="C12.S14.SS9.p1.m7">\mu</Math> is large and positive, and <Math mode="inline" xml:id="C12.S14.SS9.p1.m8">\delta</Math> is again an arbitrary small positive constant.
</sentence>

</para>
 
<paragraph xml:id="C12.S14.Px3">
<title>Positive <Math mode="inline" xml:id="C12.S14.Px3.m1">a</Math>, <Math mode="inline" xml:id="C12.S14.Px3.m2">2\sqrt{a}&amp;lt;x&amp;lt;\infty</Math></title>   
 
<para xml:id="C12.S14.Px3.p1">

<sentence sentence-num-in-para="1" sentence-num-in-section="31" xml:id="C12.S14.Px3.p1.s1">
 <Math equation-number="12.14.25" mode="display" xml:id="C12.S14.E25">W\left(\tfrac{1}{2}\mu^{2},\mu t\sqrt{2}\right)\sim\frac{2^{-\frac{1}{2}}e^{- \frac{1}{4}\pi\mu^{2}}l(\mu)}{(t^{2}-1)^{\frac{1}{4}}}\left(\cos\sigma\sum_{s= 0}^{\infty}(-1)^{s}\frac{{\cal{A}}_{2s}(t)}{\mu^{4s}}-\sin\sigma\sum_{s=0}^{ \infty}(-1)^{s}\frac{{\cal{A}}_{2s+1}(t)}{\mu^{4s+2}}\right),</Math> <Math equation-number="12.14.26" mode="display" xml:id="C12.S14.E26">W\left(\tfrac{1}{2}\mu^{2},-\mu t\sqrt{2}\right)\sim\frac{2^{\frac{1}{2}}e^{ \frac{1}{4}\pi\mu^{2}}l(\mu)}{(t^{2}-1)^{\frac{1}{4}}}\left(\sin\sigma\sum_{s= 0}^{\infty}(-1)^{s}\frac{{\cal{A}}_{2s}(t)}{\mu^{4s}}+\cos\sigma\sum_{s=0}^{ \infty}(-1)^{s}\frac{{\cal{A}}_{2s+1}(t)}{\mu^{4s+2}}\right),</Math> uniformly for <Math mode="inline" xml:id="C12.S14.Px3.p1.m1">t\in[1+\delta,\infty)</Math>.
</sentence>

<sentence sentence-num-in-para="2" sentence-num-in-section="32" xml:id="C12.S14.Px3.p1.s2">
Here <Math mode="inline" xml:id="C12.S14.Px3.p1.m2">{\cal{A}}_{s}(t)</Math> is as in §12.10(ii),
</sentence>

<sentence sentence-num-in-para="3" sentence-num-in-section="33" xml:id="C12.S14.Px3.p1.s3">
<Math mode="inline" xml:id="C12.S14.Px3.p1.m3">\sigma</Math> is defined by <Math equation-number="12.14.27" mode="display" xml:id="C12.S14.E27">\sigma=\mu^{2}\xi+\tfrac{1}{4}\pi,</Math> with <Math mode="inline" xml:id="C12.S14.Px3.p1.m4">\xi</Math> given by (12.10.7), and <Math equation-number="12.14.28" mode="display" xml:id="C12.S14.E28">l(\mu)=\sqrt{2}e^{\frac{1}{8}\pi\mu^{2}}e^{i(\frac{1}{2}\phi_{2}-\frac{1}{8} \pi)}g(\mu e^{-\frac{1}{4}\pi i}),</Math> with <Math mode="inline" xml:id="C12.S14.Px3.p1.m5">g(\mu)</Math> as in §12.10(ii).
</sentence>

<sentence sentence-num-in-para="4" sentence-num-in-section="34" xml:id="C12.S14.Px3.p1.s4">
The function <Math mode="inline" xml:id="C12.S14.Px3.p1.m6">l(\mu)</Math> has the asymptotic expansion <Math equation-number="12.14.29" mode="display" xml:id="C12.S14.E29">l(\mu)\sim\frac{2^{\frac{1}{4}}}{\mu^{\frac{1}{2}}}\sum_{s=0}^{\infty}\frac{l_ {s}}{\mu^{4s}},</Math> with <Math equation-number="12.14.30" mode="display" xml:id="C12.S14.E30">l_{0}=1,l_{1}=-\tfrac{1}{1152},l_{2}=-\tfrac{16123}{398\;13120}</Math>.
</sentence>

</para>
 
</paragraph>
 
<paragraph xml:id="C12.S14.Px4">
<title>Positive <Math mode="inline" xml:id="C12.S14.Px4.m1">a</Math>, <Math mode="inline" xml:id="C12.S14.Px4.m2">-2\sqrt{a}&amp;lt;x&amp;lt;2\sqrt{a}</Math></title>  
 
<para xml:id="C12.S14.Px4.p1">

<sentence sentence-num-in-para="1" sentence-num-in-section="35" xml:id="C12.S14.Px4.p1.s1">
 <Math equation-number="12.14.31" mode="display" xml:id="C12.S14.E31">W\left(\tfrac{1}{2}\mu^{2},\mu t\sqrt{2}\right)\sim\frac{l(\mu)e^{\mu^{2}\eta} }{2^{\frac{1}{2}}e^{\frac{1}{4}\pi\mu^{2}}(1-t^{2})^{\frac{1}{4}}}\*\sum_{s=0} ^{\infty}(-1)^{s}\frac{\widetilde{\cal{A}}_{s}(t)}{\mu^{2s}},</Math> uniformly for <Math mode="inline" xml:id="C12.S14.Px4.p1.m1">t\in[-1+\delta,1-\delta]</Math> , with <Math mode="inline" xml:id="C12.S14.Px4.p1.m2">\eta</Math> given by (12.10.23) and <Math mode="inline" xml:id="C12.S14.Px4.p1.m3">{\widetilde{\cal A}}_{s}(t)</Math> given by (12.10.24).
</sentence>

</para>
 
<para xml:id="C12.S14.Px4.p2">

<sentence sentence-num-in-para="1" sentence-num-in-section="36" xml:id="C12.S14.Px4.p2.s1">
The expansions for the derivatives corresponding to (12.14.25), (12.14.26), and (12.14.31) may be obtained by formal term-by-term differentiation with respect to <Math mode="inline" xml:id="C12.S14.Px4.p2.m1">t</Math> ; compare the analogous results in §§12.10(ii)–12.10(v).
</sentence>

</para>
  
</paragraph>
 
<paragraph xml:id="C12.S14.Px5">
<title>Airy-type Uniform Expansions</title>   
 
<para xml:id="C12.S14.Px5.p1">

<sentence sentence-num-in-para="1" sentence-num-in-section="37" xml:id="C12.S14.Px5.p1.s1">
 <Math equation-number="12.14.32" mode="display" xml:id="C12.S14.E32">W\left(\tfrac{1}{2}\mu^{2},\mu t\sqrt{2}\right)\sim\frac{\pi^{\frac{1}{2}}\mu^ {\frac{1}{3}}l(\mu)}{2^{\frac{1}{2}}e^{\frac{1}{4}\pi\mu^{2}}}\phi(\zeta)\left (\mathrm{Bi}\left(-\mu^{\frac{4}{3}}\zeta\right)\sum_{s=0}^{\infty}(-1)^{s} \frac{A_{s}(\zeta)}{\mu^{4s}}+\frac{\mathrm{Bi}'\left(-\mu^{\frac{4}{3}}\zeta \right)}{\mu^{\frac{8}{3}}}\sum_{s=0}^{\infty}(-1)^{s}\frac{B_{s}(\zeta)}{\mu^ {4s}}\right),</Math> , <Math equation-number="12.14.33" mode="display" xml:id="C12.S14.E33">W\left(\tfrac{1}{2}\mu^{2},-\mu t\sqrt{2}\right)\sim\frac{\pi^{\frac{1}{2}}\mu ^{\frac{1}{3}}l(\mu)}{2^{-\frac{1}{2}}e^{-\frac{1}{4}\pi\mu^{2}}}\phi(\zeta) \left(\mathrm{Ai}\left(-\mu^{\frac{4}{3}}\zeta\right)\sum_{s=0}^{\infty}(-1)^{ s}\frac{A_{s}(\zeta)}{\mu^{4s}}+\frac{\mathrm{Ai}'\left(-\mu^{\frac{4}{3}} \zeta\right)}{\mu^{\frac{8}{3}}}\sum_{s=0}^{\infty}(-1)^{s}\frac{B_{s}(\zeta)} {\mu^{4s}}\right),</Math> uniformly for <Math mode="inline" xml:id="C12.S14.Px5.p1.m1">t\in[-1+\delta,\infty)</Math> , with <Math mode="inline" xml:id="C12.S14.Px5.p1.m2">\zeta</Math> , <Math mode="inline" xml:id="C12.S14.Px5.p1.m3">\phi(\zeta)</Math> , <Math mode="inline" xml:id="C12.S14.Px5.p1.m4">A_{s}(\zeta)</Math> , and <Math mode="inline" xml:id="C12.S14.Px5.p1.m5">B_{s}(\zeta)</Math> as in §12.10(vii).
</sentence>

<sentence sentence-num-in-para="2" sentence-num-in-section="38" xml:id="C12.S14.Px5.p1.s2">
For the corresponding expansions for the derivatives see Olver (1959).
</sentence>

</para>
 
</paragraph>
 
<paragraph xml:id="C12.S14.Px6">
<title>Negative <Math mode="inline" xml:id="C12.S14.Px6.m1">a</Math>, <Math mode="inline" xml:id="C12.S14.Px6.m2">-\infty&amp;lt;x&amp;lt;\infty</Math></title>   
<para xml:id="C12.S14.Px6.p1">

<sentence sentence-num-in-para="1" sentence-num-in-section="39" xml:id="C12.S14.Px6.p1.s1">
In this case there are no real turning points, and the solutions of (12.2.3), with <Math mode="inline" xml:id="C12.S14.Px6.p1.m1">z</Math> replaced by <Math mode="inline" xml:id="C12.S14.Px6.p1.m2">x</Math> , oscillate on the entire real <Math mode="inline" xml:id="C12.S14.Px6.p1.m3">x</Math> -axis.
</sentence>

<sentence sentence-num-in-para="2" sentence-num-in-section="40" xml:id="C12.S14.Px6.p1.s2">
<Math equation-number="12.14.34" mode="display" xml:id="C12.S14.E34">W\left(-\tfrac{1}{2}\mu^{2},\mu t\sqrt{2}\right)\sim\frac{l(\mu)}{(t^{2}+1)^{ \frac{1}{4}}}\left(\cos\overline{\sigma}\sum_{s=0}^{\infty}\frac{(-1)^{s} \overline{u}_{2s}(t)}{(t^{2}+1)^{3s}\mu^{4s}}-\sin\overline{\sigma}\sum_{s=0}^ {\infty}\frac{(-1)^{s}\overline{u}_{2s+1}(t)}{(t^{2}+1)^{3s+\frac{3}{2}}\mu^{4 s+2}}\right),</Math> , <Math equation-number="12.14.35" mode="display" xml:id="C12.S14.E35">W'\left(-\tfrac{1}{2}\mu^{2},\mu t\sqrt{2}\right)\sim-\frac{\mu}{\sqrt{2}}l( \mu)(t^{2}+1)^{\frac{1}{4}}\left(\sin\overline{\sigma}\sum_{s=0}^{\infty}\frac {(-1)^{s}\overline{v}_{2s}(t)}{(t^{2}+1)^{3s}\mu^{4s}}+\cos\overline{\sigma} \sum_{s=0}^{\infty}\frac{(-1)^{s}\overline{v}_{2s+1}(t)}{(t^{2}+1)^{3s+\frac{3 }{2}}\mu^{4s+2}}\right),</Math> uniformly for <Math mode="inline" xml:id="C12.S14.Px6.p1.m4">t\in\mathbb{R}</Math> , where <Math equation-number="12.14.36" mode="display" xml:id="C12.S14.E36">{\overline{\sigma}}=\mu^{2}{\overline{\xi}}+\tfrac{1}{4}\pi,</Math> and <Math mode="inline" xml:id="C12.S14.Px6.p1.m5">{\overline{\xi}}</Math> and the coefficients <Math mode="inline" xml:id="C12.S14.Px6.p1.m6">\overline{u}_{s}(t)</Math> and <Math mode="inline" xml:id="C12.S14.Px6.p1.m7">\overline{v}_{s}(t)</Math> as in §12.10(v).
</sentence>

</para>
 
 
</paragraph>
 
</subsection>
 
<subsection xml:id="C12.S14.SS10">
<title>Modulus and Phase Functions</title>        
  
<para xml:id="C12.S14.SS10.p1">

<sentence sentence-num-in-para="1" sentence-num-in-section="41" xml:id="C12.S14.SS10.p1.s1">
As noted in §12.14(ix), when <Math mode="inline" xml:id="C12.S14.SS10.p1.m1">a</Math> is negative the solutions of (12.2.3), with <Math mode="inline" xml:id="C12.S14.SS10.p1.m2">z</Math> replaced by <Math mode="inline" xml:id="C12.S14.SS10.p1.m3">x</Math> , are oscillatory on the whole real line; also, when <Math mode="inline" xml:id="C12.S14.SS10.p1.m4">a</Math> is positive there is a central interval <Math mode="inline" xml:id="C12.S14.SS10.p1.m5">-2\sqrt{a}&lt;x&lt;2\sqrt{a}</Math> in which the solutions are exponential in character.
</sentence>

<sentence sentence-num-in-para="2" sentence-num-in-section="42" xml:id="C12.S14.SS10.p1.s2">
In the oscillatory intervals we write
</sentence>

</para>
            
 
<para xml:id="C12.S14.SS10.p2">

<sentence sentence-num-in-para="1" sentence-num-in-section="43" xml:id="C12.S14.SS10.p2.s1">
 <Math equation-number="12.14.37" mode="display" xml:id="C12.S14.E37">k^{-\ifrac{1}{2}}W\left(a,x\right)+ik^{\ifrac{1}{2}}W\left(a,-x\right)= \widetilde{F}(a,x)e^{i\widetilde{\theta}(a,x)},</Math> <Math equation-number="12.14.38" mode="display" xml:id="C12.S14.E38">k^{-\ifrac{1}{2}}W'\left(a,x\right)+ik^{\ifrac{1}{2}}W'\left(a,-x\right)=- \widetilde{G}(a,x)e^{i\widetilde{\psi}(a,x)},</Math> where <Math mode="inline" xml:id="C12.S14.SS10.p2.m1">k</Math> is defined in (12.14.5), and <Math mode="inline" xml:id="C12.S14.SS10.p2.m2">\widetilde{F}(a,x)</Math> ( <Math mode="inline" xml:id="C12.S14.SS10.p2.m3">&gt;</Math> 0), <Math mode="inline" xml:id="C12.S14.SS10.p2.m4">\widetilde{\theta}(a,x)</Math> , <Math mode="inline" xml:id="C12.S14.SS10.p2.m5">\widetilde{G}(a,x)</Math> ( <Math mode="inline" xml:id="C12.S14.SS10.p2.m6">&gt;</Math> 0), and <Math mode="inline" xml:id="C12.S14.SS10.p2.m7">\widetilde{\psi}(a,x)</Math> are real.
</sentence>

<sentence sentence-num-in-para="2" sentence-num-in-section="44" xml:id="C12.S14.SS10.p2.s2">
<Math mode="inline" xml:id="C12.S14.SS10.p2.m8">\widetilde{F}</Math> or <Math mode="inline" xml:id="C12.S14.SS10.p2.m9">\widetilde{G}</Math> is the modulus and <Math mode="inline" xml:id="C12.S14.SS10.p2.m10">\widetilde{\theta}</Math> or <Math mode="inline" xml:id="C12.S14.SS10.p2.m11">\widetilde{\psi}</Math> is the corresponding phase.
</sentence>

<sentence sentence-num-in-para="3" sentence-num-in-section="45" xml:id="C12.S14.SS10.p2.s3">
Compare §12.2(vi).
</sentence>

</para>
 
<para xml:id="C12.S14.SS10.p3">

<sentence sentence-num-in-para="1" sentence-num-in-section="46" xml:id="C12.S14.SS10.p3.s1">
For properties of the modulus and phase functions, including differential equations and asymptotic expansions for large <Math mode="inline" xml:id="C12.S14.SS10.p3.m1">x</Math> , seeMiller (1955, pp. 87–88).
</sentence>

<sentence sentence-num-in-para="2" sentence-num-in-section="47" xml:id="C12.S14.SS10.p3.s2">
For graphs of the modulus functions see §12.14(iii).
</sentence>

</para>
 
</subsection>
 
<subsection xml:id="C12.S14.SS11">
<title>Zeros of <Math mode="inline" xml:id="C12.S14.SS11.m1">W\left(a,x\right)</Math>, <Math mode="inline" xml:id="C12.S14.SS11.m2">W'\left(a,x\right)</Math></title>        
  
<para xml:id="C12.S14.SS11.p1">

<sentence sentence-num-in-para="1" sentence-num-in-section="48" xml:id="C12.S14.SS11.p1.s1">
For asymptotic expansions of the zeros of <Math mode="inline" xml:id="C12.S14.SS11.p1.m1">W\left(a,x\right)</Math> and <Math mode="inline" xml:id="C12.S14.SS11.p1.m2">W'\left(a,x\right)</Math> , see Olver (1959).
</sentence>

</para>

 
</subsection>
 
</section>
