<?xml version="1.0" encoding="UTF-8"?>
<section xml:id="C12.S15">
<title>Generalized Parabolic Cylinder Functions</title>          
<para xml:id="C12.S15.p1">

<sentence sentence-num-in-para="1" sentence-num-in-section="1" xml:id="C12.S15.p1.s1">
The equation <Math equation-number="12.15.1" mode="display" xml:id="C12.S15.E1">\frac{{\mathrm{d}}^{2}w}{{\mathrm{d}z}^{2}}+\left(\nu+\lambda^{-1}-\lambda^{-2 }z^{\lambda}\right)w=0</Math> can be viewed as a generalization of (12.2.4).
</sentence>

<sentence sentence-num-in-para="2" sentence-num-in-section="2" xml:id="C12.S15.p1.s2">
This equation arises in the study of non-self-adjoint elliptic boundary-value problems involving an indefinite weight function.
</sentence>

<sentence sentence-num-in-para="3" sentence-num-in-section="3" xml:id="C12.S15.p1.s3">
See Faierman (1992) for power series and asymptotic expansions of a solution of (12.15.1).
</sentence>

</para>

 
</section>
