<?xml version="1.0" encoding="UTF-8"?>
<section xml:id="C12.S19">
<title>Tables</title>         
 
<para xml:id="C12.S19.p1">

<sentence sentence-num-in-para="1" sentence-num-in-section="1" xml:id="C12.S19.p1.s1">
Abramowitz and Stegun (1964, Chapter 19) includes <Math mode="inline" xml:id="C12.S19.I1.i1.p1.m1">U\left(a,x\right)</Math> and <Math mode="inline" xml:id="C12.S19.I1.i1.p1.m2">V\left(a,x\right)</Math> for <Math mode="inline" xml:id="C12.S19.I1.i1.p1.m3">\pm a=0(.1)1(.5)</Math> 5, <Math mode="inline" xml:id="C12.S19.I1.i1.p1.m4">x=0(.1)</Math> 5, 5S; <Math mode="inline" xml:id="C12.S19.I1.i1.p1.m5">W\left(a,\pm x\right)</Math> for <Math mode="inline" xml:id="C12.S19.I1.i1.p1.m6">\pm a=0(.1)1(1)</Math> 5, <Math mode="inline" xml:id="C12.S19.I1.i1.p1.m7">x=0(.1)</Math> 5, 4-5D or 4-5S. Miller (1955) includes <Math mode="inline" xml:id="C12.S19.I1.i2.p1.m1">W\left(a,x\right)</Math> , <Math mode="inline" xml:id="C12.S19.I1.i2.p1.m2">W\left(a,-x\right)</Math> , and reduced derivatives for <Math mode="inline" xml:id="C12.S19.I1.i2.p1.m3">a=-10(1)10</Math> , <Math mode="inline" xml:id="C12.S19.I1.i2.p1.m4">x=0(.1)1</Math> 0, 8D or 8S. Modulus and phase functions, and also other auxiliary functions are tabulated. Fox (1960) includes modulus and phase functions for <Math mode="inline" xml:id="C12.S19.I1.i3.p1.m1">W\left(a,x\right)</Math> and <Math mode="inline" xml:id="C12.S19.I1.i3.p1.m2">W\left(a,-x\right)</Math> , and several auxiliary functions for <Math mode="inline" xml:id="C12.S19.I1.i3.p1.m3">x^{-1}=0(.005)0.</Math>
</sentence>

<sentence sentence-num-in-para="2" sentence-num-in-section="2" xml:id="C12.S19.p1.s2">
1, <Math mode="inline" xml:id="C12.S19.I1.i3.p1.m4">a=-10(1)10</Math> , 8S. Kireyeva and Karpov (1961) includes <Math mode="inline" xml:id="C12.S19.I1.i4.p1.m1">D_{p}\left(x(1+i)\right)</Math> for <Math mode="inline" xml:id="C12.S19.I1.i4.p1.m2">\pm x=0(.1)</Math> 5, <Math mode="inline" xml:id="C12.S19.I1.i4.p1.m3">p=0(.1)</Math> 2, and <Math mode="inline" xml:id="C12.S19.I1.i4.p1.m4">\pm x=5(.01)1</Math> 0, <Math mode="inline" xml:id="C12.S19.I1.i4.p1.m5">p=0(.5)</Math> 2, 7D.
</sentence>

<sentence sentence-num-in-para="3" sentence-num-in-section="3" xml:id="C12.S19.p1.s3">
Karpov and Čistova (1964) includes <Math mode="inline" xml:id="C12.S19.I1.i5.p1.m1">D_{p}\left(x\right)</Math> for <Math mode="inline" xml:id="C12.S19.I1.i5.p1.m2">p=-2(.1)</Math> 0, <Math mode="inline" xml:id="C12.S19.I1.i5.p1.m3">\pm x=0(.01)</Math> 5; <Math mode="inline" xml:id="C12.S19.I1.i5.p1.m4">p=-2(.05)</Math> 0, <Math mode="inline" xml:id="C12.S19.I1.i5.p1.m5">\pm x=5(.01)1</Math> 0, 6D.
</sentence>

<sentence sentence-num-in-para="4" sentence-num-in-section="4" xml:id="C12.S19.p1.s4">
Karpov and Čistova (1968) includes <Math mode="inline" xml:id="C12.S19.I1.i6.p1.m1">e^{-\frac{1}{4}x^{2}}D_{p}\left(-x\right)</Math> and <Math mode="inline" xml:id="C12.S19.I1.i6.p1.m2">e^{-\frac{1}{4}x^{2}}D_{p}\left(ix\right)</Math> for <Math mode="inline" xml:id="C12.S19.I1.i6.p1.m3">x=0(.01)</Math> 5 and <Math mode="inline" xml:id="C12.S19.I1.i6.p1.m4">x^{-1}</Math> = 0(.001or .0001)5,
</sentence>

<sentence sentence-num-in-para="5" sentence-num-in-section="5" xml:id="C12.S19.p1.s5">
<Math mode="inline" xml:id="C12.S19.I1.i6.p1.m5">p=-1(.1)</Math> 1, 7D or 8S. Murzewski and Sowa (1972) includes <Math mode="inline" xml:id="C12.S19.I1.i7.p1.m1">D_{-n}\left(x\right)</Math> <Math mode="inline" xml:id="C12.S19.I1.i7.p1.m2">\left(=U\left(n-\tfrac{1}{2},x\right)\right)</Math> for <Math mode="inline" xml:id="C12.S19.I1.i7.p1.m3">n=1(1)20</Math> , <Math mode="inline" xml:id="C12.S19.I1.i7.p1.m4">x=0(.05)</Math> 3, 7S. Zhang and Jin (1996, pp. 455–473) includes <Math mode="inline" xml:id="C12.S19.I1.i8.p1.m1">U\left(\pm n-\frac{1}{2},x\right)</Math> , <Math mode="inline" xml:id="C12.S19.I1.i8.p1.m2">V\left(\pm n-\frac{1}{2},x\right)</Math> , <Math mode="inline" xml:id="C12.S19.I1.i8.p1.m3">U\left(\pm\nu-\frac{1}{2},x\right)</Math> , <Math mode="inline" xml:id="C12.S19.I1.i8.p1.m4">V\left(\pm\nu-\frac{1}{2},x\right)</Math> , and derivatives, <Math mode="inline" xml:id="C12.S19.I1.i8.p1.m5">\nu=n+\frac{1}{2}</Math> , <Math mode="inline" xml:id="C12.S19.I1.i8.p1.m6">n=0(1)10(10)30</Math> , <Math mode="inline" xml:id="C12.S19.I1.i8.p1.m7">x=0.5,1,5,10,30,5</Math> 0, 8S; <Math mode="inline" xml:id="C12.S19.I1.i8.p1.m8">W\left(a,\pm x\right)</Math> , <Math mode="inline" xml:id="C12.S19.I1.i8.p1.m9">W\left(-a,\pm x\right)</Math> , and derivatives, <Math mode="inline" xml:id="C12.S19.I1.i8.p1.m10">a=h(1)5+h</Math> , <Math mode="inline" xml:id="C12.S19.I1.i8.p1.m11">x=0.5,</Math> 1 and <Math mode="inline" xml:id="C12.S19.I1.i8.p1.m12">a=h(1)5+h</Math> , <Math mode="inline" xml:id="C12.S19.I1.i8.p1.m13">x=5</Math> , <Math mode="inline" xml:id="C12.S19.I1.i8.p1.m14">h=0,0.</Math>
</sentence>

<sentence sentence-num-in-para="6" sentence-num-in-section="6" xml:id="C12.S19.p1.s6">
5, 8S. Also, first zeros of <Math mode="inline" xml:id="C12.S19.I1.i8.p1.m15">U\left(a,x\right)</Math> , <Math mode="inline" xml:id="C12.S19.I1.i8.p1.m16">V\left(a,x\right)</Math> , and of derivatives, <Math mode="inline" xml:id="C12.S19.I1.i8.p1.m17">a=-6(.5){-1</Math> }, 6D; first three zeros of <Math mode="inline" xml:id="C12.S19.I1.i8.p1.m18">W\left(a,-x\right)</Math> and of derivative, <Math mode="inline" xml:id="C12.S19.I1.i8.p1.m19">a=0(.5)</Math> 4, 6D; first three zeros of <Math mode="inline" xml:id="C12.S19.I1.i8.p1.m20">W\left(-a,\pm x\right)</Math> and of derivative, <Math mode="inline" xml:id="C12.S19.I1.i8.p1.m21">a=0.5(.5)5.</Math>
</sentence>

<sentence sentence-num-in-para="7" sentence-num-in-section="7" xml:id="C12.S19.p1.s7">
5, 6D; real and imaginary parts of <Math mode="inline" xml:id="C12.S19.I1.i8.p1.m22">U\left(a,z\right)</Math> , <Math mode="inline" xml:id="C12.S19.I1.i8.p1.m23">a=-1.5(1)1.</Math>
</sentence>

<sentence sentence-num-in-para="8" sentence-num-in-section="8" xml:id="C12.S19.p1.s8">
5, <Math mode="inline" xml:id="C12.S19.I1.i8.p1.m24">z=x+iy</Math> , <Math mode="inline" xml:id="C12.S19.I1.i8.p1.m25">x=0.5,1,5,1</Math> 0, <Math mode="inline" xml:id="C12.S19.I1.i8.p1.m26">y=0(.5)1</Math> 0, 8S.
</sentence>

</para>
 
<para xml:id="C12.S19.p2">

<sentence sentence-num-in-para="1" sentence-num-in-section="9" xml:id="C12.S19.p2.s1">
For other tables prior to 1961 see Fletcher et al. (1962) and Lebedev and Fedorova (1960).
</sentence>

</para>
 
</section>
