<?xml version="1.0" encoding="UTF-8"?>
<section xml:id="C12.S20">
<title>Approximations</title>           
<para xml:id="C12.S20.p1">

<sentence sentence-num-in-para="1" sentence-num-in-section="1" xml:id="C12.S20.p1.s1">
Luke (1969b, pp. 25 and 35) gives Chebyshev-series expansions for the confluent hypergeometric functions <Math mode="inline" xml:id="C12.S20.p1.m1">U\left(a,b,x\right)</Math> and <Math mode="inline" xml:id="C12.S20.p1.m2">M\left(a,b,x\right)</Math> (§13.2(i)) whose regions of validity include intervals with endpoints <Math mode="inline" xml:id="C12.S20.p1.m3">x=\infty</Math> and <Math mode="inline" xml:id="C12.S20.p1.m4">x=0</Math> , respectively.
</sentence>

<sentence sentence-num-in-para="2" sentence-num-in-section="2" xml:id="C12.S20.p1.s2">
As special cases of these results a Chebyshev-series expansion for <Math mode="inline" xml:id="C12.S20.p1.m5">U\left(a,x\right)</Math> valid when <Math mode="inline" xml:id="C12.S20.p1.m6">\lambda\leq x&lt;\infty</Math> follows from (12.7.14), and Chebyshev-series expansions for <Math mode="inline" xml:id="C12.S20.p1.m7">U\left(a,x\right)</Math> and <Math mode="inline" xml:id="C12.S20.p1.m8">V\left(a,x\right)</Math> valid when <Math mode="inline" xml:id="C12.S20.p1.m9">0\leq x\leq\lambda</Math> follow from (12.4.1), (12.4.2), (12.7.12), and (12.7.13).
</sentence>

<sentence sentence-num-in-para="3" sentence-num-in-section="3" xml:id="C12.S20.p1.s3">
Here <Math mode="inline" xml:id="C12.S20.p1.m10">\lambda</Math> denotes an arbitrary positive constant.
</sentence>

</para>
 
</section>
