<?xml version="1.0" encoding="UTF-8"?>
<section xml:id="C12.S21">
<title>Software</title>         
<para xml:id="C12.S21.p1">

</para>
 
<subsection xml:id="C12.S21.SS1">
<title>Introduction</title>         
<para xml:id="C12.S21.SS1.p1">

<sentence sentence-num-in-para="1" sentence-num-in-section="1" xml:id="C12.S21.SS1.p1.s1">
In this section we provide links to the research literature describing the implementation of algorithms in software for the evaluation of functions described in this chapter.
</sentence>

<sentence sentence-num-in-para="2" sentence-num-in-section="2" xml:id="C12.S21.SS1.p1.s2">
Citations in bulleted lists refer to papers for which research software has been made available and can be downloaded via the Web.
</sentence>

<sentence sentence-num-in-para="3" sentence-num-in-section="3" xml:id="C12.S21.SS1.p1.s3">
References to research software that is available in other ways is listed separately.
</sentence>

</para>
 
<para xml:id="C12.S21.SS1.p2">

<sentence sentence-num-in-para="1" sentence-num-in-section="4" xml:id="C12.S21.SS1.p2.s1">
A more complete list of available software for computing these functions is found in the Software Index.
</sentence>

</para>

 
</subsection>
 
<subsection xml:id="C12.S21.SS2">
<title>Real Arguments and Parameters</title>         
<para xml:id="C12.S21.SS2.p1">

<sentence sentence-num-in-para="1" sentence-num-in-section="5" xml:id="C12.S21.SS2.p1.s1">
Gil et al. (2006b).
</sentence>

<sentence sentence-num-in-para="2" sentence-num-in-section="6" xml:id="C12.S21.SS2.p1.s2">
Fortran.
</sentence>

<sentence sentence-num-in-para="3" sentence-num-in-section="7" xml:id="C12.S21.SS2.p1.s3">
Gil et al. (2011a).
</sentence>

<sentence sentence-num-in-para="4" sentence-num-in-section="8" xml:id="C12.S21.SS2.p1.s4">
Fortran.
</sentence>

<sentence sentence-num-in-para="5" sentence-num-in-section="9" xml:id="C12.S21.SS2.p1.s5">
Segura and Gil (1998).
</sentence>

<sentence sentence-num-in-para="6" sentence-num-in-section="10" xml:id="C12.S21.SS2.p1.s6">
Fortran.
</sentence>

<sentence sentence-num-in-para="7" sentence-num-in-section="11" xml:id="C12.S21.SS2.p1.s7">
Taubmann (1992).
</sentence>

<sentence sentence-num-in-para="8" sentence-num-in-section="12" xml:id="C12.S21.SS2.p1.s8">
Fortran.
</sentence>

<sentence sentence-num-in-para="9" sentence-num-in-section="13" xml:id="C12.S21.SS2.p1.s9">
See alsoTemme (1978).
</sentence>

</para>

 
</subsection>
 
<subsection xml:id="C12.S21.SS3">
<title>Complex Arguments and Parameters</title>         
<para xml:id="C12.S21.SS3.p1">

<sentence sentence-num-in-para="1" sentence-num-in-section="14" xml:id="C12.S21.SS3.p1.s1">
No research software has been found for these functions.
</sentence>

<sentence sentence-num-in-para="2" sentence-num-in-section="15" xml:id="C12.S21.SS3.p1.s2">
For other software see the Software Index.
</sentence>

</para>

 
</subsection>
 
</section>
