<?xml version="1.0" encoding="UTF-8"?>
<section xml:id="C12.S3">
<title>Graphics</title>         
<subsection xml:id="C12.S3.SS1">
<title>Real Variables</title>        
 
            
<sentence sentence-num-in-section="1" xml:id="C12.S3.F1.s1">
Figure 12.3.1: <Math mode="inline" xml:id="C12.S3.F1.m3">U\left(a,x\right)</Math> , <Math mode="inline" xml:id="C12.S3.F1.m4">a</Math> = 0.5, 2, 3.5, 5, 8.
</sentence> 
          
<sentence sentence-num-in-section="2" xml:id="C12.S3.F2.s1">
Figure 12.3.2: <Math mode="inline" xml:id="C12.S3.F2.m3">V\left(a,x\right)</Math> , <Math mode="inline" xml:id="C12.S3.F2.m4">a</Math> = 0.5, 2, 3.5, 5, 8.
</sentence>             
<sentence sentence-num-in-section="3" xml:id="C12.S3.F3.s1">
Figure 12.3.3: <Math mode="inline" xml:id="C12.S3.F3.m7">U\left(a,x\right)</Math> , <Math mode="inline" xml:id="C12.S3.F3.m8">a</Math> = <Math mode="inline" xml:id="C12.S3.F3.m9">-0.5</Math> , <Math mode="inline" xml:id="C12.S3.F3.m10">-2</Math> , <Math mode="inline" xml:id="C12.S3.F3.m11">-3.5</Math> , <Math mode="inline" xml:id="C12.S3.F3.m12">-5</Math> .
</sentence>           
<sentence sentence-num-in-section="4" xml:id="C12.S3.F4.s1">
Figure 12.3.4: <Math mode="inline" xml:id="C12.S3.F4.m7">V\left(a,x\right)</Math> , <Math mode="inline" xml:id="C12.S3.F4.m8">a</Math> = <Math mode="inline" xml:id="C12.S3.F4.m9">-0.5</Math> , <Math mode="inline" xml:id="C12.S3.F4.m10">-2</Math> , <Math mode="inline" xml:id="C12.S3.F4.m11">-3.5</Math> , <Math mode="inline" xml:id="C12.S3.F4.m12">-5</Math> .
</sentence>           
  
<sentence sentence-num-in-section="5" xml:id="C12.S3.F5.s1">
Figure 12.3.5: <Math mode="inline" xml:id="C12.S3.F5.m5">U\left(-8,x\right)</Math> , <Math mode="inline" xml:id="C12.S3.F5.m6">\overline{U}\left(-8,x\right)</Math> , <Math mode="inline" xml:id="C12.S3.F5.m7">F(-8,x)</Math> , <Math mode="inline" xml:id="C12.S3.F5.m8">-4\sqrt{2}\leq x\leq 4\sqrt{2}</Math> .
</sentence>           
<sentence sentence-num-in-section="6" xml:id="C12.S3.F6.s1">
Figure 12.3.6: <Math mode="inline" xml:id="C12.S3.F6.m5">U'\left(-8,x\right)</Math> , <Math mode="inline" xml:id="C12.S3.F6.m6">\overline{U}'\left(-8,x\right)</Math> , <Math mode="inline" xml:id="C12.S3.F6.m7">G(-8,x)</Math> , <Math mode="inline" xml:id="C12.S3.F6.m8">-4\sqrt{2}\leq x\leq 4\sqrt{2}</Math> .
</sentence>             
<sentence sentence-num-in-section="7" xml:id="C12.S3.F7.s1">
Figure 12.3.7: <Math mode="inline" xml:id="C12.S3.F7.m4">U\left(a,x\right)</Math> , <Math mode="inline" xml:id="C12.S3.F7.m5">-2.5\leq a\leq 2.5</Math> , <Math mode="inline" xml:id="C12.S3.F7.m6">-2.5\leq x\leq 2.5</Math> .
</sentence>           
<sentence sentence-num-in-section="8" xml:id="C12.S3.F8.s1">
Figure 12.3.8: <Math mode="inline" xml:id="C12.S3.F8.m4">V\left(a,x\right)</Math> , <Math mode="inline" xml:id="C12.S3.F8.m5">-2.5\leq a\leq 2.5</Math> , <Math mode="inline" xml:id="C12.S3.F8.m6">-2.5\leq x\leq 2.5</Math> .
</sentence>  
  
</subsection>
 
<subsection xml:id="C12.S3.SS2">
<title>Complex Variables</title>        
  
<para xml:id="C12.S3.SS2.p1">

</para>
 
 
<para xml:id="C12.S3.SS2.p2">

<sentence sentence-num-in-para="1" sentence-num-in-section="9" xml:id="C12.S3.SS2.p2.s1">
In the graphics shown in this subsection, height corresponds to the absolute value of the function and color to the phase.
</sentence>

<sentence sentence-num-in-para="2" sentence-num-in-section="10" xml:id="C12.S3.SS2.p2.s2">
See also About Color Map.
</sentence>

</para>
           
<sentence sentence-num-in-section="11" xml:id="C12.S3.F9.s1">
Figure 12.3.9: <Math mode="inline" xml:id="C12.S3.F9.m4">U\left(3.5,x+iy\right</Math>) , <Math mode="inline" xml:id="C12.S3.F9.m5">-3.6\leq x\leq 5</Math> , <Math mode="inline" xml:id="C12.S3.F9.m6">-5\leq y\leq 5</Math> .
</sentence>           
<sentence sentence-num-in-section="12" xml:id="C12.S3.F10.s1">
Figure 12.3.10: <Math mode="inline" xml:id="C12.S3.F10.m4">U\left(-3.5,x+iy\right</Math>) , <Math mode="inline" xml:id="C12.S3.F10.m5">-5\leq x\leq 5</Math> , <Math mode="inline" xml:id="C12.S3.F10.m6">-3.5\leq y\leq 3.5</Math> .
</sentence>    
</subsection>
 
</section>
