<?xml version="1.0" encoding="UTF-8"?>
<section xml:id="C12.S4">
<title>Power-Series Expansions</title>          
<para xml:id="C12.S4.p1">

<sentence sentence-num-in-para="1" sentence-num-in-section="1" xml:id="C12.S4.p1.s1">
 <Math equation-number="12.4.1" mode="display" xml:id="C12.S4.E1">U\left(a,z\right)=U\left(a,0\right)u_{1}(a,z)+U'\left(a,0\right)u_{2}(a,z),</Math> <Math equation-number="12.4.2" mode="display" xml:id="C12.S4.E2">V\left(a,z\right)=V\left(a,0\right)u_{1}(a,z)+V'\left(a,0\right)u_{2}(a,z),</Math> where the initial values are given by (12.2.6)–(12.2.9), and <Math mode="inline" xml:id="C12.S4.p1.m1">u_{1}(a,z)</Math> and <Math mode="inline" xml:id="C12.S4.p1.m2">u_{2}(a,z)</Math> are the even and odd solutions of (12.2.2) given by <Math equation-number="12.4.3" mode="display" xml:id="C12.S4.E3">u_{1}(a,z)=e^{-\tfrac{1}{4}z^{2}}\left(1+(a+\tfrac{1}{2})\frac{z^{2}}{2!}+(a+ \tfrac{1}{2})(a+\tfrac{5}{2})\frac{z^{4}}{4!}+\cdots\right)</Math> , <Math equation-number="12.4.4" mode="display" xml:id="C12.S4.E4">u_{2}(a,z)=e^{-\tfrac{1}{4}z^{2}}\left(z+(a+\tfrac{3}{2})\frac{z^{3}}{3!}+(a+ \tfrac{3}{2})(a+\tfrac{7}{2})\frac{z^{5}}{5!}+\cdots\right)</Math>.
</sentence>

<sentence sentence-num-in-para="2" sentence-num-in-section="2" xml:id="C12.S4.p1.s2">
Equivalently, <Math equation-number="12.4.5" mode="display" xml:id="C12.S4.E5">u_{1}(a,z)=e^{\tfrac{1}{4}z^{2}}\left(1+(a-\tfrac{1}{2})\frac{z^{2}}{2!}+(a- \tfrac{1}{2})(a-\tfrac{5}{2})\frac{z^{4}}{4!}+\cdots\right)</Math> ,
</sentence>

</para>
 
<para xml:id="C12.S4.p2">

<sentence sentence-num-in-para="1" sentence-num-in-section="3" xml:id="C12.S4.p2.s1">
 <Math equation-number="12.4.6" mode="display" xml:id="C12.S4.E6">u_{2}(a,z)=e^{\tfrac{1}{4}z^{2}}\left(z+(a-\tfrac{3}{2})\frac{z^{3}}{3!}+(a- \tfrac{3}{2})(a-\tfrac{7}{2})\frac{z^{5}}{5!}+\cdots\right)</Math>.
</sentence>

<sentence sentence-num-in-para="2" sentence-num-in-section="4" xml:id="C12.S4.p2.s2">
These series converge for all values of <Math mode="inline" xml:id="C12.S4.p2.m1">z</Math>.
</sentence>

</para>

 
</section>
