<?xml version="1.0" encoding="UTF-8"?>
<section xml:id="C19.S10">
<title>Relations to Other Functions</title>         
<subsection xml:id="C19.S10.SS1">
<title>Theta and Elliptic Functions</title>           
 
<para xml:id="C19.S10.SS1.p1">

<sentence sentence-num-in-para="1" sentence-num-in-section="1" xml:id="C19.S10.SS1.p1.s1">
For relations of Legendre’s integrals to theta functions, Jacobian functions, and Weierstrass functions, see §§20.9(i), 22.15(ii), and 23.6(iv), respectively.
</sentence>

<sentence sentence-num-in-para="2" sentence-num-in-section="2" xml:id="C19.S10.SS1.p1.s2">
See alsoErdélyi et al. (1953b, Chapter 13).
</sentence>

</para>
 
</subsection>
 
<subsection xml:id="C19.S10.SS2">
<title>Elementary Functions</title>           
<para xml:id="C19.S10.SS2.p1">

<sentence sentence-num-in-para="1" sentence-num-in-section="3" xml:id="C19.S10.SS2.p1.s1">
If <Math mode="inline" xml:id="C19.S10.SS2.p1.m1">y&gt;0</Math> is assumed (without loss of generality), then <Math equation-number="19.10.1" mode="display" xml:id="C19.S10.E1">\ln\left(x/y\right)=(x-y)R_{C}\left(\tfrac{1}{4}(x+y)^{2},xy\right),\operatorname{arctan}\left(x/y\right)=xR_{C}\left(y^{2},y^{2}+x^{2}\right),\operatorname{arctanh}\left(x/y\right)=xR_{C}\left(y^{2},y^{2}-x^{2}\right),\operatorname{arcsin}\left(x/y\right)=xR_{C}\left(y^{2}-x^{2},y^{2}\right),\operatorname{arcsinh}\left(x/y\right)=xR_{C}\left(y^{2}+x^{2},y^{2}\right),\operatorname{arccos}\left(x/y\right)=(y^{2}-x^{2})^{1/2}R_{C}\left(x^{2},y^{2 }\right),\operatorname{arccosh}\left(x/y\right)=(x^{2}-y^{2})^{1/2}R_{C}\left(x^{2},y^{ 2}\right)</Math>.
</sentence>

<sentence sentence-num-in-para="2" sentence-num-in-section="4" xml:id="C19.S10.SS2.p1.s2">
In each case when <Math mode="inline" xml:id="C19.S10.SS2.p1.m2">y=1</Math> , the quantity multiplying <Math mode="inline" xml:id="C19.S10.SS2.p1.m3">R_{C}</Math> supplies the asymptotic behavior of the left-hand side as the left-hand side tends to 0.
</sentence>

</para>
   
<para xml:id="C19.S10.SS2.p2">

<sentence sentence-num-in-para="1" sentence-num-in-section="5" xml:id="C19.S10.SS2.p2.s1">
For relations to the Gudermannian function <Math mode="inline" xml:id="C19.S10.SS2.p2.m1">\operatorname{gd}\left(x\right)</Math> and its inverse <Math mode="inline" xml:id="C19.S10.SS2.p2.m2">{\operatorname{gd}^{-1}}\left(x\right)</Math> (§4.23(viii)), see (19.6.8)and
</sentence>

<sentence sentence-num-in-para="2" sentence-num-in-section="6" xml:id="C19.S10.SS2.p2.s2">
<Math equation-number="19.10.2" mode="display" xml:id="C19.S10.E2">(\sinh\phi)R_{C}\left(1,{\cosh^{2}}\phi\right)=\operatorname{gd}\left(\phi \right)</Math>.
</sentence>

</para>
 
</subsection>
 
</section>
