<?xml version="1.0" encoding="UTF-8"?>
<section xml:id="C19.S15">
<title>Advantages of Symmetry</title>        
  
 
<para xml:id="C19.S15.p1">

<sentence sentence-num-in-para="1" sentence-num-in-section="1" xml:id="C19.S15.p1.s1">
Elliptic integrals are special cases of a particular multivariate hypergeometric function called Lauricella’s <Math mode="inline" xml:id="C19.S15.p1.m1">F_{D}</Math> (Carlson (1961b)).
</sentence>

<sentence sentence-num-in-para="2" sentence-num-in-section="2" xml:id="C19.S15.p1.s2">
The function <Math mode="inline" xml:id="C19.S15.p1.m3">R_{-a}\left(b_{1},b_{2},\dots,b_{n};z_{1},z_{2},\dots,z_{n}\right)</Math> (Carlson (1963)) reveals the full permutation symmetry that is partially hidden in <Math mode="inline" xml:id="C19.S15.p1.m4">F_{D}</Math> , and leads to symmetric standard integrals that simplify many aspects of theory, applications, and numerical computation.
</sentence>

</para>
 
<para xml:id="C19.S15.p2">

<sentence sentence-num-in-para="1" sentence-num-in-section="3" xml:id="C19.S15.p2.s1">
Symmetry in <Math mode="inline" xml:id="C19.S15.p2.m1">x,y,z</Math> of <Math mode="inline" xml:id="C19.S15.p2.m2">R_{F}\left(x,y,z\right)</Math> , <Math mode="inline" xml:id="C19.S15.p2.m3">R_{G}\left(x,y,z\right)</Math> , and <Math mode="inline" xml:id="C19.S15.p2.m4">R_{J}\left(x,y,z,p\right)</Math> replaces the five transformations (19.7.2), (19.7.4)–(19.7.7) of Legendre’s integrals; compare (19.25.17).
</sentence>

<sentence sentence-num-in-para="2" sentence-num-in-section="4" xml:id="C19.S15.p2.s2">
Symmetry unifies the Landen transformations of §19.8(ii) with the Gauss transformations of §19.8(iii), as indicated following (19.22.22) and (19.36.9).
</sentence>

<sentence sentence-num-in-para="3" sentence-num-in-section="5" xml:id="C19.S15.p2.s3">
(19.21.12) unifies the three transformations in §19.7(iii) that change the parameter of Legendre’s third integral.
</sentence>

</para>
 
<para xml:id="C19.S15.p3">

<sentence sentence-num-in-para="1" sentence-num-in-section="6" xml:id="C19.S15.p3.s1">
Symmetry allows the expansion (19.19.7) in a series of elementary symmetric functions that gives high precision with relatively few terms and provides the most efficient method of computing the incomplete integral of the third kind (§19.36(i)).
</sentence>

</para>
 
<para xml:id="C19.S15.p4">

<sentence sentence-num-in-para="1" sentence-num-in-section="7" xml:id="C19.S15.p4.s1">
Symmetry makes possible the reduction theorems of §19.29(i), permitting remarkable compression of tables of integrals while generalizing theinterval of integration.
</sentence>

<sentence sentence-num-in-para="2" sentence-num-in-section="8" xml:id="C19.S15.p4.s2">
(Compare (19.14.4)–(19.14.10) with (19.29.19), and see the last paragraph of §19.29(i) and the text following (19.29.15).)These reduction theorems, unknown in the Legendre theory, allow symbolic integration without imposing conditions on the parameters and the limits of integration (see §19.29(ii)).
</sentence>

</para>
  
<para xml:id="C19.S15.p5">

<sentence sentence-num-in-para="1" sentence-num-in-section="9" xml:id="C19.S15.p5.s1">
For the many properties of ellipses and triaxial ellipsoids that can be represented by elliptic integrals, any symmetry in the semiaxes remains obvious when symmetric integrals are used (see (19.30.5) and §19.33).
</sentence>

<sentence sentence-num-in-para="2" sentence-num-in-section="10" xml:id="C19.S15.p5.s2">
For example, the computation of depolarization factors for solid ellipsoids is simplified considerably; compare (19.33.7) withCronemeyer (1991).
</sentence>

</para>

 
</section>
