<?xml version="1.0" encoding="UTF-8"?>
<section xml:id="C19.S16">
<title>Definitions</title>        
 
<subsection xml:id="C19.S16.SS1">
<title>Symmetric Integrals</title>         
 
<para xml:id="C19.S16.SS1.p1">

<sentence sentence-num-in-para="1" sentence-num-in-section="1" xml:id="C19.S16.SS1.p1.s1">
 <Math equation-number="19.16.1" mode="display" xml:id="C19.S16.E1">R_{F}\left(x,y,z\right)=\frac{1}{2}\int_{0}^{\infty}\frac{\mathrm{d}t}{s(t)},</Math> <Math equation-number="19.16.2" mode="display" xml:id="C19.S16.E2">R_{J}\left(x,y,z,p\right)=\frac{3}{2}\int_{0}^{\infty}\frac{\mathrm{d}t}{s(t)( t+p)},</Math> <Math equation-number="19.16.3" mode="display" xml:id="C19.S16.E3">R_{G}\left(x,y,z\right)=\frac{1}{4\pi}\int_{0}^{2\pi}\!\!\!\!\int_{0}^{\pi} \left(x{\sin^{2}}\theta{\cos^{2}}\phi+y{\sin^{2}}\theta{\sin^{2}}\phi+z{\cos^{ 2}}\theta\right)^{\frac{1}{2}}\sin\theta\mathrm{d}\theta\mathrm{d}\phi,</Math> where <Math mode="inline" xml:id="C19.S16.SS1.p1.m1">p</Math> ( <Math mode="inline" xml:id="C19.S16.SS1.p1.m2">\neq 0</Math> ) is a real or complex constant, and <Math equation-number="19.16.4" mode="display" xml:id="C19.S16.E4">s(t)=\sqrt{t+x}\sqrt{t+y}\sqrt{t+z}</Math>.
</sentence>

<sentence sentence-num-in-para="2" sentence-num-in-section="2" xml:id="C19.S16.SS1.p1.s2">
In (19.16.1) and (19.16.2),
</sentence>

<sentence sentence-num-in-para="3" sentence-num-in-section="3" xml:id="C19.S16.SS1.p1.s3">
<Math mode="inline" xml:id="C19.S16.SS1.p1.m3">x,y,z\in\mathbb{C}\setminus(-\infty,0]</Math> except that one or more of <Math mode="inline" xml:id="C19.S16.SS1.p1.m4">x,y,z</Math> may be 0 when the corresponding integral converges.
</sentence>

<sentence sentence-num-in-para="4" sentence-num-in-section="4" xml:id="C19.S16.SS1.p1.s4">
In (19.16.2) the Cauchy principal value is taken when <Math mode="inline" xml:id="C19.S16.SS1.p1.m5">p</Math> is real and negative.
</sentence>

<sentence sentence-num-in-para="5" sentence-num-in-section="5" xml:id="C19.S16.SS1.p1.s5">
See also (19.20.14).
</sentence>

<sentence sentence-num-in-para="6" sentence-num-in-section="6" xml:id="C19.S16.SS1.p1.s6">
In (19.16.3)
</sentence>

<sentence sentence-num-in-para="7" sentence-num-in-section="7" xml:id="C19.S16.SS1.p1.s7">
<Math mode="inline" xml:id="C19.S16.SS1.p1.m6">\Re x</Math> , <Math mode="inline" xml:id="C19.S16.SS1.p1.m7">\Re y</Math> , <Math mode="inline" xml:id="C19.S16.SS1.p1.m8">\Re z\geq 0</Math>.
</sentence>

<sentence sentence-num-in-para="8" sentence-num-in-section="8" xml:id="C19.S16.SS1.p1.s8">
It should be noted that the integrals (19.16.1)–(19.16.3) have been normalized so that <Math mode="inline" xml:id="C19.S16.SS1.p1.m9">R_{F}\left(1,1,1\right)=R_{J}\left(1,1,1,1\right)=R_{G}\left(1,1,1\right)=1</Math>.
</sentence>

</para>
 
<para xml:id="C19.S16.SS1.p2">

<sentence sentence-num-in-para="1" sentence-num-in-section="9" xml:id="C19.S16.SS1.p2.s1">
A fourth integral that is symmetric in only two variables is defined by <Math equation-number="19.16.5" mode="display" xml:id="C19.S16.E5">R_{D}\left(x,y,z\right)=R_{J}\left(x,y,z,z\right)=\frac{3}{2}\int_{0}^{\infty} \frac{\mathrm{d}t}{s(t)(t+z)},</Math> with the same conditions on <Math mode="inline" xml:id="C19.S16.SS1.p2.m1">x</Math> , <Math mode="inline" xml:id="C19.S16.SS1.p2.m2">y</Math> , <Math mode="inline" xml:id="C19.S16.SS1.p2.m3">z</Math> as for (19.16.1), but now <Math mode="inline" xml:id="C19.S16.SS1.p2.m4">z\neq 0</Math>.
</sentence>

</para>
  
<para xml:id="C19.S16.SS1.p3">

<sentence sentence-num-in-para="1" sentence-num-in-section="10" xml:id="C19.S16.SS1.p3.s1">
Just as the elementary function <Math mode="inline" xml:id="C19.S16.SS1.p3.m1">R_{C}\left(x,y\right)</Math> (§19.2(iv)) is the degenerate case <Math equation-number="19.16.6" mode="display" xml:id="C19.S16.E6">R_{C}\left(x,y\right)=R_{F}\left(x,y,y\right),</Math> and <Math mode="inline" xml:id="C19.S16.SS1.p3.m2">R_{D}</Math> is a degenerate case of <Math mode="inline" xml:id="C19.S16.SS1.p3.m3">R_{J}</Math> , so is <Math mode="inline" xml:id="C19.S16.SS1.p3.m4">R_{J}</Math> a degenerate case of the hyperelliptic integral, <Math equation-number="19.16.7" mode="display" xml:id="C19.S16.E7">\frac{3}{2}\int_{0}^{\infty}\frac{\mathrm{d}t}{\prod_{j=1}^{5}\sqrt{t+x_{j}}}</Math>.
</sentence>

</para>
 
</subsection>
 
<subsection xml:id="C19.S16.SS2">
<title><Math mode="inline" xml:id="C19.S16.SS2.m1">R_{-a}\left(\mathbf{b};\mathbf{z}\right)</Math></title>            
<para xml:id="C19.S16.SS2.p1">

<sentence sentence-num-in-para="1" sentence-num-in-section="11" xml:id="C19.S16.SS2.p1.s1">
All elliptic integrals of the form (19.2.3) and many multipleintegrals, including (19.16.3), are special cases of a multivariate hypergeometric function <Math equation-number="19.16.8" mode="display" xml:id="C19.S16.E8">R_{-a}\left(\mathbf{b};\mathbf{z}\right)=R_{-a}\left(b_{1},\dots,b_{n};z_{1}, \dots,z_{n}\right),</Math> which is homogeneous and of degree <Math mode="inline" xml:id="C19.S16.SS2.p1.m1">-a</Math> in the <Math mode="inline" xml:id="C19.S16.SS2.p1.m2">z</Math> ’s, and unchanged when the same permutation is applied to both sets of subscripts <Math mode="inline" xml:id="C19.S16.SS2.p1.m3">1,\dots,n</Math>.
</sentence>

<sentence sentence-num-in-para="2" sentence-num-in-section="12" xml:id="C19.S16.SS2.p1.s2">
Thus <Math mode="inline" xml:id="C19.S16.SS2.p1.m4">R_{-a}\left(\mathbf{b};\mathbf{z}\right)</Math> is symmetric in the variables <Math mode="inline" xml:id="C19.S16.SS2.p1.m5">z_{j}</Math> and <Math mode="inline" xml:id="C19.S16.SS2.p1.m6">z_{\ell}</Math> if the parameters <Math mode="inline" xml:id="C19.S16.SS2.p1.m7">b_{j}</Math> and <Math mode="inline" xml:id="C19.S16.SS2.p1.m8">b_{\ell}</Math> are equal.
</sentence>

<sentence sentence-num-in-para="3" sentence-num-in-section="13" xml:id="C19.S16.SS2.p1.s3">
The <Math mode="inline" xml:id="C19.S16.SS2.p1.m9">R</Math> -function is often used to make a unified statement of a property of several elliptic integrals.
</sentence>

<sentence sentence-num-in-para="4" sentence-num-in-section="14" xml:id="C19.S16.SS2.p1.s4">
Before 1969 <Math mode="inline" xml:id="C19.S16.SS2.p1.m10">R_{-a}\left(\mathbf{b};\mathbf{z}\right)</Math> was denoted by <Math mode="inline" xml:id="C19.S16.SS2.p1.m12">R(a;\mathbf{b};\mathbf{z})</Math>.
</sentence>

<sentence sentence-num-in-para="5" sentence-num-in-section="15" xml:id="C19.S16.SS2.p1.s5">
<Math equation-number="19.16.9" mode="display" xml:id="C19.S16.E9">R_{-a}\left(\mathbf{b};\mathbf{z}\right)=\frac{1}{\mathrm{B}\left(a,a^{\prime} \right)}\int_{0}^{\infty}t^{a^{\prime}-1}\prod^{n}_{j=1}(t+z_{j})^{-b_{j}} \mathrm{d}t=\frac{1}{\mathrm{B}\left(a,a^{\prime}\right)}\int_{0}^{\infty}t^{a -1}\prod^{n}_{j=1}(1+tz_{j})^{-b_{j}}\mathrm{d}t, if b_{1}+\cdots+b_{n}&gt;a&gt;0, b_{j}\in\mathbb{R}, z_{j}\in\mathbb{C}\setminus(-\infty,0],</Math> where <Math mode="inline" xml:id="C19.S16.SS2.p1.m13">\mathrm{B}\left(x,y\right)</Math> is the beta function (§5.12) and <Math equation-number="19.16.10" mode="display" xml:id="C19.S16.E10">a^{\prime}=-a+\sum_{j=1}^{n}b_{j}</Math>.
</sentence>

<sentence sentence-num-in-para="6" sentence-num-in-section="16" xml:id="C19.S16.SS2.p1.s6">
<Math equation-number="19.16.11" mode="display" xml:id="C19.S16.E11">R_{-a}\left(\mathbf{b};\lambda\mathbf{z}\right)=\lambda^{-a}R_{-a}\left( \mathbf{b};\mathbf{z}\right),R_{-a}\left(\mathbf{b};x\boldsymbol{{1}}\right)=x^{-a}, , if \boldsymbol{{1}}=(1,\dots,1)</Math>.
</sentence>

</para>
 
<para xml:id="C19.S16.SS2.p2">

<sentence sentence-num-in-para="1" sentence-num-in-section="17" xml:id="C19.S16.SS2.p2.s1">
When <Math mode="inline" xml:id="C19.S16.SS2.p2.m1">n=4</Math> a useful version of (19.16.9) is given by <Math equation-number="19.16.12" mode="display" xml:id="C19.S16.E12">R_{-a}\left(b_{1},\dots,b_{4};c-1,c-k^{2},c,c-\alpha^{2}\right)=\frac{2({\sin^ {2}}\phi)^{1-a^{\prime}}}{\mathrm{B}\left(a,a^{\prime}\right)}\int_{0}^{\phi}( \sin\theta)^{2a-1}{({\sin^{2}}\phi-{\sin^{2}}\theta)}^{a^{\prime}-1}\*(\cos \theta)^{1-2b_{1}}{(1-k^{2}{\sin^{2}}\theta)}^{-b_{2}}{(1-\alpha^{2}{\sin^{2}} \theta)}^{-b_{4}}\mathrm{d}\theta,</Math> where <Math equation-number="19.16.13" mode="display" xml:id="C19.S16.E13">c={\csc^{2}}\phi;a,a^{\prime}&gt;0;b_{3}=a+a^{\prime}-b_{1}-b_{2}-b_{4}</Math>.
</sentence>

</para>
 
<para xml:id="C19.S16.SS2.p3">

<sentence sentence-num-in-para="1" sentence-num-in-section="18" xml:id="C19.S16.SS2.p3.s1">
For generalizations and further information, especially representation of the <Math mode="inline" xml:id="C19.S16.SS2.p3.m1">R</Math> -function as a Dirichlet average, see Carlson (1977b).
</sentence>

</para>
 
</subsection>
 
<subsection xml:id="C19.S16.SS3">
<title>Various Cases of <Math mode="inline" xml:id="C19.S16.SS3.m1">R_{-a}\left(\mathbf{b};\mathbf{z}\right)</Math></title>           
<para xml:id="C19.S16.SS3.p1">

<sentence sentence-num-in-para="1" sentence-num-in-section="19" xml:id="C19.S16.SS3.p1.s1">
 <Math mode="inline" xml:id="C19.S16.SS3.p1.m1">R_{-a}\left(\mathbf{b};\mathbf{z}\right)</Math> is an elliptic integral iff the <Math mode="inline" xml:id="C19.S16.SS3.p1.m2">z</Math> ’s are distinct and exactly four of the parameters <Math mode="inline" xml:id="C19.S16.SS3.p1.m3">a,a^{\prime},b_{1},\dots,b_{n}</Math> are half-odd-integers, the rest are integers, and none of <Math mode="inline" xml:id="C19.S16.SS3.p1.m4">a</Math> , <Math mode="inline" xml:id="C19.S16.SS3.p1.m5">a^{\prime}</Math> , <Math mode="inline" xml:id="C19.S16.SS3.p1.m6">a+a^{\prime}</Math> is zero or a negative integer.
</sentence>

<sentence sentence-num-in-para="2" sentence-num-in-section="20" xml:id="C19.S16.SS3.p1.s2">
The only cases that are integrals of the first kind are the four in which each of <Math mode="inline" xml:id="C19.S16.SS3.p1.m7">a</Math> and <Math mode="inline" xml:id="C19.S16.SS3.p1.m8">a^{\prime}</Math> is either <Math mode="inline" xml:id="C19.S16.SS3.p1.m9">\frac{1}{2}</Math> or 1 and each <Math mode="inline" xml:id="C19.S16.SS3.p1.m10">b_{j}</Math> is <Math mode="inline" xml:id="C19.S16.SS3.p1.m11">\frac{1}{2}</Math>.
</sentence>

<sentence sentence-num-in-para="3" sentence-num-in-section="21" xml:id="C19.S16.SS3.p1.s3">
The only cases that are integrals of the third kind are those in which at least one <Math mode="inline" xml:id="C19.S16.SS3.p1.m12">b_{j}</Math> is a positive integer.
</sentence>

<sentence sentence-num-in-para="4" sentence-num-in-section="22" xml:id="C19.S16.SS3.p1.s4">
All other elliptic cases are integrals of the second kind.
</sentence>

<sentence sentence-num-in-para="5" sentence-num-in-section="23" xml:id="C19.S16.SS3.p1.s5">
<Math equation-number="19.16.14" mode="display" xml:id="C19.S16.E14">R_{F}\left(x,y,z\right)=R_{-\frac{1}{2}}\left(\tfrac{1}{2},\tfrac{1}{2},\tfrac {1}{2};x,y,z\right),</Math> , <Math equation-number="19.16.15" mode="display" xml:id="C19.S16.E15">R_{D}\left(x,y,z\right)=R_{-\frac{3}{2}}\left(\tfrac{1}{2},\tfrac{1}{2},\tfrac {3}{2};x,y,z\right),</Math> , <Math equation-number="19.16.16" mode="display" xml:id="C19.S16.E16">R_{J}\left(x,y,z,p\right)=R_{-\frac{3}{2}}\left(\tfrac{1}{2},\tfrac{1}{2}, \tfrac{1}{2},1;x,y,z,p\right),</Math> , <Math equation-number="19.16.17" mode="display" xml:id="C19.S16.E17">R_{G}\left(x,y,z\right)=R_{\frac{1}{2}}\left(\tfrac{1}{2},\tfrac{1}{2},\tfrac{ 1}{2};x,y,z\right),</Math> , <Math equation-number="19.16.18" mode="display" xml:id="C19.S16.E18">R_{C}\left(x,y\right)=R_{-\frac{1}{2}}\left(\tfrac{1}{2},1;x,y\right)</Math>.
</sentence>

<sentence sentence-num-in-para="6" sentence-num-in-section="24" xml:id="C19.S16.SS3.p1.s6">
(Note that <Math mode="inline" xml:id="C19.S16.SS3.p1.m13">R_{C}\left(x,y\right)</Math> is not an elliptic integral.)
</sentence>

</para>
 
<para xml:id="C19.S16.SS3.p2">

<sentence sentence-num-in-para="1" sentence-num-in-section="25" xml:id="C19.S16.SS3.p2.s1">
When one variable is 0 without destroying convergence, any one of (19.16.14)–(19.16.17) is said to be complete and can be written as an <Math mode="inline" xml:id="C19.S16.SS3.p2.m1">R</Math> -function with one less variable: <Math equation-number="19.16.19" mode="display" xml:id="C19.S16.E19">R_{-a}\left(b_{1},\dots,b_{n};0,z_{2},\dots,z_{n}\right)=\frac{\mathrm{B}\left (a,a^{\prime}-b_{1}\right)}{\mathrm{B}\left(a,a^{\prime}\right)}R_{-a}\left(b_ {2},\dots,b_{n};z_{2},\dots,z_{n}\right), if a+a^{\prime}&gt;0, a^{\prime}&gt;b_{1}</Math>.
</sentence>

<sentence sentence-num-in-para="2" sentence-num-in-section="26" xml:id="C19.S16.SS3.p2.s2">
Thus <Math equation-number="19.16.20" mode="display" xml:id="C19.S16.E20">R_{F}\left(0,y,z\right)=\tfrac{1}{2}\pi R_{-\frac{1}{2}}\left(\tfrac{1}{2}, \tfrac{1}{2};y,z\right),</Math> , <Math equation-number="19.16.21" mode="display" xml:id="C19.S16.E21">R_{D}\left(0,y,z\right)=\tfrac{3}{4}\pi R_{-\frac{3}{2}}\left(\tfrac{1}{2}, \tfrac{3}{2};y,z\right),</Math> , <Math equation-number="19.16.22" mode="display" xml:id="C19.S16.E22">R_{J}\left(0,y,z,p\right)=\tfrac{3}{4}\pi R_{-\frac{3}{2}}\left(\tfrac{1}{2}, \tfrac{1}{2},1;y,z,p\right),</Math> , <Math equation-number="19.16.23" mode="display" xml:id="C19.S16.E23">R_{G}\left(0,y,z\right)=\tfrac{1}{4}\pi R_{\frac{1}{2}}\left(\tfrac{1}{2}, \tfrac{1}{2};y,z\right)=\tfrac{1}{4}\pi zR_{-\frac{1}{2}}\left(-\tfrac{1}{2}, \tfrac{3}{2};y,z\right)</Math>.
</sentence>

<sentence sentence-num-in-para="3" sentence-num-in-section="27" xml:id="C19.S16.SS3.p2.s3">
The last <Math mode="inline" xml:id="C19.S16.SS3.p2.m2">R</Math> -function has <Math mode="inline" xml:id="C19.S16.SS3.p2.m3">a=a^{\prime}=\frac{1}{2}</Math>.
</sentence>

</para>
 
<para xml:id="C19.S16.SS3.p3">

<sentence sentence-num-in-para="1" sentence-num-in-section="28" xml:id="C19.S16.SS3.p3.s1">
Each of the four complete integrals (19.16.20)–(19.16.23) can be integrated to recover the incomplete integral: <Math equation-number="19.16.24" mode="display" xml:id="C19.S16.E24">R_{-a}\left(\mathbf{b};\mathbf{z}\right)=\frac{z_{1}^{a^{\prime}-b_{1}}}{ \mathrm{B}\left(b_{1},a^{\prime}-b_{1}\right)}\int_{0}^{\infty}t^{b_{1}-1}(t+z _{1})^{-a^{\prime}}\*R_{-a}\left(\mathbf{b};0,t+z_{2},\dots,t+z_{n}\right) \mathrm{d}t, if a^{\prime}&gt;b_{1}, a+a^{\prime}&gt;b_{1}&gt;0</Math>.
</sentence>

</para>

 
</subsection>
 
</section>
