<?xml version="1.0" encoding="UTF-8"?>
<section xml:id="C19.S1">
<title>Special Notation</title>         
<para xml:id="C19.S1.p1">

<sentence sentence-num-in-para="1" sentence-num-in-section="1" xml:id="C19.S1.p1.s1">
(For other notation see Notation for the Special Functions.)
</sentence>

<sentence sentence-num-in-para="2" sentence-num-in-section="2" sentence-num-in-table="1" xml:id="C19.S1.p1.t1.s1">
<Math mode="inline" xml:id="C19.S1.p1.t1.r1.m1">l,m,n</Math>
</sentence>

<sentence sentence-num-in-para="3" sentence-num-in-section="3" sentence-num-in-table="2" xml:id="C19.S1.p1.t1.s2">
nonnegative integers.      
</sentence>

<sentence sentence-num-in-para="4" sentence-num-in-section="4" sentence-num-in-table="3" xml:id="C19.S1.p1.t1.s3">
<Math mode="inline" xml:id="C19.S1.p1.t1.r2.m1">\phi</Math>
</sentence>

<sentence sentence-num-in-para="5" sentence-num-in-section="5" sentence-num-in-table="4" xml:id="C19.S1.p1.t1.s4">
real or complex argument (or amplitude).  
</sentence>

<sentence sentence-num-in-para="6" sentence-num-in-section="6" sentence-num-in-table="5" xml:id="C19.S1.p1.t1.s5">
<Math mode="inline" xml:id="C19.S1.p1.t1.r3.m1">k</Math>
</sentence>

<sentence sentence-num-in-para="7" sentence-num-in-section="7" sentence-num-in-table="6" xml:id="C19.S1.p1.t1.s6">
real or complex modulus.  
</sentence>

<sentence sentence-num-in-para="8" sentence-num-in-section="8" sentence-num-in-table="7" xml:id="C19.S1.p1.t1.s7">
<Math mode="inline" xml:id="C19.S1.p1.t1.r4.m1">k^{\prime}</Math>
</sentence>

<sentence sentence-num-in-para="9" sentence-num-in-section="9" sentence-num-in-table="8" xml:id="C19.S1.p1.t1.s8">
complementary real or complex modulus,<Math mode="inline" xml:id="C19.S1.p1.t1.r4.m2">k^{2}+{k^{\prime}}^{2}=1</Math>.  
</sentence>

<sentence sentence-num-in-para="10" sentence-num-in-section="10" sentence-num-in-table="9" xml:id="C19.S1.p1.t1.s9">
<Math mode="inline" xml:id="C19.S1.p1.t1.r5.m1">\alpha^{2}</Math>
</sentence>

<sentence sentence-num-in-para="11" sentence-num-in-section="11" sentence-num-in-table="10" xml:id="C19.S1.p1.t1.s10">
real or complex parameter.  
</sentence>

<sentence sentence-num-in-para="12" sentence-num-in-section="12" sentence-num-in-table="11" xml:id="C19.S1.p1.t1.s11">
<Math mode="inline" xml:id="C19.S1.p1.t1.r6.m1">\mathrm{B}\left(a,b\right)</Math>
</sentence>

<sentence sentence-num-in-para="13" sentence-num-in-section="13" sentence-num-in-table="12" xml:id="C19.S1.p1.t1.s12">
beta function (§5.12).
</sentence>

</para>
 
<para xml:id="C19.S1.p2">

<sentence sentence-num-in-para="1" sentence-num-in-section="14" xml:id="C19.S1.p2.s1">
All square roots have their principal values.
</sentence>

<sentence sentence-num-in-para="2" sentence-num-in-section="15" xml:id="C19.S1.p2.s2">
All derivatives are denoted by differentials, not by primes.
</sentence>

</para>
    
<para xml:id="C19.S1.p3">

<sentence sentence-num-in-para="1" sentence-num-in-section="16" xml:id="C19.S1.p3.s1">
The first set of main functions treated in this chapter are Legendre’s complete integrals <Math equation-number="19.1.1" mode="display" xml:id="C19.S1.E1">K\left(k\right),E\left(k\right),\Pi\left(\alpha^{2},k\right),</Math> of the first, second, and third kinds, respectively, and Legendre’s incomplete integrals <Math equation-number="19.1.2" mode="display" xml:id="C19.S1.E2">F\left(\phi,k\right),E\left(\phi,k\right),\Pi\left(\phi,\alpha^{2},k\right),</Math> of the first, second, and third kinds, respectively.
</sentence>

<sentence sentence-num-in-para="2" sentence-num-in-section="17" xml:id="C19.S1.p3.s2">
Thisnotation follows Byrd and Friedman (1971, 110).
</sentence>

<sentence sentence-num-in-para="3" sentence-num-in-section="18" xml:id="C19.S1.p3.s3">
We use also the function <Math mode="inline" xml:id="C19.S1.p3.m1">D\left(\phi,k\right)</Math> , introduced by Jahnke et al. (1966, p. 43).
</sentence>

<sentence sentence-num-in-para="4" sentence-num-in-section="19" xml:id="C19.S1.p3.s4">
The functions (19.1.1)and (19.1.2) are used inErdélyi et al. (1953b, Chapter 13), except that <Math mode="inline" xml:id="C19.S1.p3.m2">\Pi\left(\alpha^{2},k\right)</Math> and <Math mode="inline" xml:id="C19.S1.p3.m3">\Pi\left(\phi,\alpha^{2},k\right)</Math> are denoted by <Math mode="inline" xml:id="C19.S1.p3.m6">\Pi_{1}(\nu,k)</Math> and <Math mode="inline" xml:id="C19.S1.p3.m7">\Pi(\phi,\nu,k)</Math> , respectively, where <Math mode="inline" xml:id="C19.S1.p3.m8">\nu=-\alpha^{2}</Math>.
</sentence>

</para>
 
<para xml:id="C19.S1.p4">

<sentence sentence-num-in-para="1" sentence-num-in-section="20" xml:id="C19.S1.p4.s1">
In Abramowitz and Stegun (1964, Chapter 17) the functions (19.1.1)and (19.1.2) are denoted, in order, by <Math mode="inline" xml:id="C19.S1.p4.m7">K(\alpha)</Math> , <Math mode="inline" xml:id="C19.S1.p4.m8">E(\alpha)</Math> , <Math mode="inline" xml:id="C19.S1.p4.m9">\Pi(n\backslash\alpha)</Math> , <Math mode="inline" xml:id="C19.S1.p4.m10">F(\phi\backslash\alpha)</Math> , <Math mode="inline" xml:id="C19.S1.p4.m11">E(\phi\backslash\alpha)</Math> , and <Math mode="inline" xml:id="C19.S1.p4.m12">\Pi(n;\phi\backslash\alpha)</Math> , where <Math mode="inline" xml:id="C19.S1.p4.m13">\alpha=\operatorname{arcsin}k</Math> and <Math mode="inline" xml:id="C19.S1.p4.m14">n</Math> is the <Math mode="inline" xml:id="C19.S1.p4.m15">\alpha^{2}</Math> (not related to <Math mode="inline" xml:id="C19.S1.p4.m16">k</Math> ) in (19.1.1)and (19.1.2).
</sentence>

<sentence sentence-num-in-para="2" sentence-num-in-section="21" xml:id="C19.S1.p4.s2">
Also, frequently in this reference <Math mode="inline" xml:id="C19.S1.p4.m17">\alpha</Math> is replaced by <Math mode="inline" xml:id="C19.S1.p4.m18">m</Math> and <Math mode="inline" xml:id="C19.S1.p4.m19">\mathord{\backslash}\alpha</Math> by <Math mode="inline" xml:id="C19.S1.p4.m20">\mathord{|}m</Math> , where <Math mode="inline" xml:id="C19.S1.p4.m21">m=k^{2}</Math>.
</sentence>

<sentence sentence-num-in-para="3" sentence-num-in-section="22" xml:id="C19.S1.p4.s3">
However, it should be noted that in Chapter 8 ofAbramowitz and Stegun (1964) the notation used for elliptic integrals differs from Chapter 17 and is consistent with that used in the present chapter and the rest of the NIST Handbook and DLMF.
</sentence>

</para>
   
<para xml:id="C19.S1.p5">

<sentence sentence-num-in-para="1" sentence-num-in-section="23" xml:id="C19.S1.p5.s1">
The second set of main functions treated in this chapter is <Math equation-number="19.1.3" mode="display" xml:id="C19.S1.E3">R_{C}\left(x,y\right), ,R_{F}\left(x,y,z\right), ,R_{G}\left(x,y,z\right), ,R_{J}\left(x,y,z,p\right), ,R_{D}\left(x,y,z\right), ,R_{-a}\left(b_{1},b_{2},\dots,b_{n};z_{1},z_{2},\dots,z_{n}\right)</Math>.
</sentence>

<sentence sentence-num-in-para="2" sentence-num-in-section="24" xml:id="C19.S1.p5.s2">
<Math mode="inline" xml:id="C19.S1.p5.m1">R_{F}\left(x,y,z\right)</Math> , <Math mode="inline" xml:id="C19.S1.p5.m2">R_{G}\left(x,y,z\right)</Math> , and <Math mode="inline" xml:id="C19.S1.p5.m3">R_{J}\left(x,y,z,p\right)</Math> are the symmetric (in <Math mode="inline" xml:id="C19.S1.p5.m4">x</Math> , <Math mode="inline" xml:id="C19.S1.p5.m5">y</Math> , and <Math mode="inline" xml:id="C19.S1.p5.m6">z</Math> ) integrals of the first, second, and third kinds; they are complete if exactly one of <Math mode="inline" xml:id="C19.S1.p5.m7">x</Math> , <Math mode="inline" xml:id="C19.S1.p5.m8">y</Math> , and <Math mode="inline" xml:id="C19.S1.p5.m9">z</Math> is identically 0.
</sentence>

</para>

 
<para xml:id="C19.S1.p6">

<sentence sentence-num-in-para="1" sentence-num-in-section="25" xml:id="C19.S1.p6.s1">
 <Math mode="inline" xml:id="C19.S1.p6.m1">R_{-a}\left(b_{1},b_{2},\dots,b_{n};z_{1},z_{2},\dots,z_{n}\right)</Math> is a multivariate hypergeometric function that includes all the functions in (19.1.3).
</sentence>

</para>
   
<para xml:id="C19.S1.p7">

<sentence sentence-num-in-para="1" sentence-num-in-section="26" xml:id="C19.S1.p7.s1">
A third set of functions, introduced by Bulirsch (1965b, a, 1969a), is <Math equation-number="19.1.4" mode="display" xml:id="C19.S1.E4">\mathrm{el1}\left(x,k_{c}\right),\mathrm{el2}\left(x,k_{c},a,b\right),\mathrm{el3}\left(x,k_{c},p\right),\mathrm{cel}\left(k_{c},p,a,b\right)</Math>.
</sentence>

<sentence sentence-num-in-para="2" sentence-num-in-section="27" xml:id="C19.S1.p7.s2">
The first three functions are incomplete integrals of the first, second, and third kinds, and the <Math mode="inline" xml:id="C19.S1.p7.m1">\mathrm{cel}</Math> function includes complete integrals of all three kinds.
</sentence>

</para>
 
</section>
