<?xml version="1.0" encoding="UTF-8"?>
<section xml:id="C19.S13">
<title>Integrals of Elliptic Integrals</title>        
 
<subsection xml:id="C19.S13.SS1">
<title>Integration with Respect to the Modulus</title>          
<para xml:id="C19.S13.SS1.p1">

<sentence sentence-num-in-para="1" sentence-num-in-section="1" xml:id="C19.S13.SS1.p1.s1">
For definite and indefinite integrals of complete elliptic integrals seeByrd and Friedman (1971, pp. 610–612, 615),Prudnikov et al. (1990, §§1.11, 2.16), Glasser (1976),Bushell (1987), and Cvijović and Klinowski (1999).
</sentence>

</para>
 
<para xml:id="C19.S13.SS1.p2">

<sentence sentence-num-in-para="1" sentence-num-in-section="2" xml:id="C19.S13.SS1.p2.s1">
For definite and indefinite integrals of incomplete elliptic integrals seeByrd and Friedman (1971, pp. 613, 616),Prudnikov et al. (1990, §§1.10.2, 2.15.2), and Cvijović and Klinowski (1994).
</sentence>

</para>
 
</subsection>
 
<subsection xml:id="C19.S13.SS2">
<title>Integration with Respect to the Amplitude</title>          
<para xml:id="C19.S13.SS2.p1">

<sentence sentence-num-in-para="1" sentence-num-in-section="3" xml:id="C19.S13.SS2.p1.s1">
Various integrals are listed by Byrd and Friedman (1971, p. 630) andPrudnikov et al. (1990, §§1.10.1, 2.15.1).
</sentence>

<sentence sentence-num-in-para="2" sentence-num-in-section="4" xml:id="C19.S13.SS2.p1.s2">
Cvijović and Klinowski (1994) contains fractional integrals (with free parameters) for <Math mode="inline" xml:id="C19.S13.SS2.p1.m1">F\left(\phi,k\right)</Math> and <Math mode="inline" xml:id="C19.S13.SS2.p1.m2">E\left(\phi,k\right)</Math> , together with special cases.
</sentence>

</para>

 
</subsection>
 
<subsection xml:id="C19.S13.SS3">
<title>Laplace Transforms</title>          
<para xml:id="C19.S13.SS3.p1">

<sentence sentence-num-in-para="1" sentence-num-in-section="5" xml:id="C19.S13.SS3.p1.s1">
For direct and inverse Laplace transforms for the complete elliptic integrals <Math mode="inline" xml:id="C19.S13.SS3.p1.m1">K\left(k\right)</Math> , <Math mode="inline" xml:id="C19.S13.SS3.p1.m2">E\left(k\right)</Math> , and <Math mode="inline" xml:id="C19.S13.SS3.p1.m3">D\left(k\right)</Math> seePrudnikov et al. (1992a, §3.31) andPrudnikov et al. (1992b, §§3.29 and 4.3.33),respectively.
</sentence>

</para>
 
</subsection>
 
</section>
