<?xml version="1.0" encoding="UTF-8"?>
<section xml:id="C19.S17">
<title>Graphics</title>          
<para xml:id="C19.S17.p1">

<sentence sentence-num-in-para="1" sentence-num-in-section="1" xml:id="C19.S17.p1.s1">
See Figures 19.17.1–19.17.8 for symmetric elliptic integrals with real arguments.
</sentence>

</para>
 
<para xml:id="C19.S17.p2">

<sentence sentence-num-in-para="1" sentence-num-in-section="2" xml:id="C19.S17.p2.s1">
Because the <Math mode="inline" xml:id="C19.S17.p2.m1">R</Math> -function is homogeneous, there is no loss of generality in giving one variable the value <Math mode="inline" xml:id="C19.S17.p2.m2">1</Math> or <Math mode="inline" xml:id="C19.S17.p2.m3">-1</Math> (as in Figure 19.3.2).
</sentence>

<sentence sentence-num-in-para="2" sentence-num-in-section="3" xml:id="C19.S17.p2.s2">
For <Math mode="inline" xml:id="C19.S17.p2.m4">R_{F}</Math> , <Math mode="inline" xml:id="C19.S17.p2.m5">R_{G}</Math> , and <Math mode="inline" xml:id="C19.S17.p2.m6">R_{J}</Math> , which are symmetric in <Math mode="inline" xml:id="C19.S17.p2.m7">x,y,z</Math> , we may further assume that <Math mode="inline" xml:id="C19.S17.p2.m8">z</Math> is the largest of <Math mode="inline" xml:id="C19.S17.p2.m9">x,y,z</Math> if the variables are real, then choose <Math mode="inline" xml:id="C19.S17.p2.m10">z=1</Math> , and consider only <Math mode="inline" xml:id="C19.S17.p2.m11">0\leq x\leq 1</Math> and <Math mode="inline" xml:id="C19.S17.p2.m12">0\leq y\leq 1</Math>.
</sentence>

<sentence sentence-num-in-para="3" sentence-num-in-section="4" xml:id="C19.S17.p2.s3">
The cases <Math mode="inline" xml:id="C19.S17.p2.m13">x=0</Math> or <Math mode="inline" xml:id="C19.S17.p2.m14">y=0</Math> correspond to the complete integrals.
</sentence>

<sentence sentence-num-in-para="4" sentence-num-in-section="5" xml:id="C19.S17.p2.s4">
The case <Math mode="inline" xml:id="C19.S17.p2.m15">y=1</Math> corresponds to elementary functions.
</sentence>

</para>
 
<para xml:id="C19.S17.p3">

</para>
 
<para xml:id="C19.S17.p4">

<sentence sentence-num-in-para="1" sentence-num-in-section="6" xml:id="C19.S17.p4.s1">
To view <Math mode="inline" xml:id="C19.S17.p4.m1">R_{F}\left(0,y,1\right)</Math> and <Math mode="inline" xml:id="C19.S17.p4.m2">2\!R_{G}\left(0,y,1\right)</Math> for complex <Math mode="inline" xml:id="C19.S17.p4.m3">y</Math> , put <Math mode="inline" xml:id="C19.S17.p4.m4">y=1-k^{2}</Math> , use (19.25.1), and see Figures 19.3.7–19.3.12.
</sentence>

</para>
            
<sentence sentence-num-in-section="7" xml:id="C19.S17.F1.s1">
Figure 19.17.1: <Math mode="inline" xml:id="C19.S17.F1.m4">R_{F}\left(x,y,1\right)</Math> for <Math mode="inline" xml:id="C19.S17.F1.m5">0\leq x\leq 1</Math> , <Math mode="inline" xml:id="C19.S17.F1.m6">y=0,\,0.1,\,0.5,\,</Math>1 . <Math mode="inline" xml:id="C19.S17.F1.m7">y=1</Math> corresponds to <Math mode="inline" xml:id="C19.S17.F1.m8">R_{C}\left(x,1\right)</Math> .
</sentence>           
<sentence sentence-num-in-section="8" xml:id="C19.S17.F2.s1">
Figure 19.17.2: <Math mode="inline" xml:id="C19.S17.F2.m4">R_{G}\left(x,y,1\right)</Math> for <Math mode="inline" xml:id="C19.S17.F2.m5">0\leq x\leq 1</Math> , <Math mode="inline" xml:id="C19.S17.F2.m6">y=0,\,0.1,\,0.5,\,</Math>1 . <Math mode="inline" xml:id="C19.S17.F2.m7">y=1</Math> corresponds to <Math mode="inline" xml:id="C19.S17.F2.m8">\frac{1}{2}(R_{C}\left(x,1\right)+\sqrt{x})</Math> .
</sentence>  
 
<para xml:id="C19.S17.p5">

<sentence sentence-num-in-para="1" sentence-num-in-section="9" xml:id="C19.S17.p5.s1">
To view <Math mode="inline" xml:id="C19.S17.p5.m1">R_{F}\left(0,y,1\right)</Math> and <Math mode="inline" xml:id="C19.S17.p5.m2">2\!R_{G}\left(0,y,1\right)</Math> for complex <Math mode="inline" xml:id="C19.S17.p5.m3">y</Math> , put <Math mode="inline" xml:id="C19.S17.p5.m4">y=1-k^{2}</Math> , use (19.25.1), and see Figures 19.3.7–19.3.12.
</sentence>

</para>
           
<sentence sentence-num-in-section="10" xml:id="C19.S17.F3.s1">
Figure 19.17.3: <Math mode="inline" xml:id="C19.S17.F3.m4">R_{D}\left(x,y,1\right)</Math> for <Math mode="inline" xml:id="C19.S17.F3.m5">0\leq x\leq 2</Math> , <Math mode="inline" xml:id="C19.S17.F3.m6">y=0,\,0.1,\,1,\,5,\,2</Math>5 . <Math mode="inline" xml:id="C19.S17.F3.m7">y=1</Math> corresponds to <Math mode="inline" xml:id="C19.S17.F3.m8">\frac{3}{2}(R_{C}\left(x,1\right)-\sqrt{x})/(1-x)</Math> , <Math mode="inline" xml:id="C19.S17.F3.m9">x\neq 1</Math> .
</sentence>           
<sentence sentence-num-in-section="11" xml:id="C19.S17.F4.s1">
Figure 19.17.4: <Math mode="inline" xml:id="C19.S17.F4.m4">R_{J}\left(x,y,1,2\right)</Math> for <Math mode="inline" xml:id="C19.S17.F4.m5">0\leq x\leq 1</Math> , <Math mode="inline" xml:id="C19.S17.F4.m6">y=0,\,0.1,\,0.5,\,</Math>1 . <Math mode="inline" xml:id="C19.S17.F4.m7">y=1</Math> corresponds to <Math mode="inline" xml:id="C19.S17.F4.m8">3(R_{C}\left(x,1\right)-R_{C}\left(x,2\right))</Math> .
</sentence> 
            
<sentence sentence-num-in-section="12" xml:id="C19.S17.F5.s1">
Figure 19.17.5: <Math mode="inline" xml:id="C19.S17.F5.m4">R_{J}\left(x,y,1,0.5\right</Math>) for <Math mode="inline" xml:id="C19.S17.F5.m5">0\leq x\leq 1</Math> , <Math mode="inline" xml:id="C19.S17.F5.m6">y=0,\,0.1,\,0.5,\,</Math>1 . <Math mode="inline" xml:id="C19.S17.F5.m7">y=1</Math> corresponds to <Math mode="inline" xml:id="C19.S17.F5.m8">6(R_{C}\left(x,0.5\right)-R_{C}\left(x,1\right)</Math>) .
</sentence>           
<sentence sentence-num-in-section="13" xml:id="C19.S17.F6.s1">
Figure 19.17.6: Cauchy principal value of <Math mode="inline" xml:id="C19.S17.F6.m4">R_{J}\left(x,y,1,-0.5\right)</Math> for <Math mode="inline" xml:id="C19.S17.F6.m5">0\leq x\leq 1</Math> , <Math mode="inline" xml:id="C19.S17.F6.m6">y=0,\,0.1,\,0.5,\,</Math>1 . <Math mode="inline" xml:id="C19.S17.F6.m7">y=1</Math> corresponds to <Math mode="inline" xml:id="C19.S17.F6.m8">2(R_{C}\left(x,-0.5\right)-R_{C}\left(x,1\right)</Math>) .
</sentence>   
          
<sentence sentence-num-in-section="14" xml:id="C19.S17.F7.s1">
Figure 19.17.7: Cauchy principal value of <Math mode="inline" xml:id="C19.S17.F7.m4">R_{J}\left(0.5,y,1,p\right</Math>) for <Math mode="inline" xml:id="C19.S17.F7.m5">y=0,\,0.01,\,0.05,\,0.2,\,</Math>1 , <Math mode="inline" xml:id="C19.S17.F7.m6">-1\leq p&amp;lt;0</Math> . <Math mode="inline" xml:id="C19.S17.F7.m7">y=1</Math> corresponds to <Math mode="inline" xml:id="C19.S17.F7.m8">3(R_{C}\left(0.5,p\right)-(\pi/\sqrt{8}))/(1-p</Math>) . As <Math mode="inline" xml:id="C19.S17.F7.m9">p\to 0</Math> the curve for <Math mode="inline" xml:id="C19.S17.F7.m10">y=0</Math> has the finite limit <Math mode="inline" xml:id="C19.S17.F7.m11">-8.10386\dot</Math>s ; see ( ).
</sentence>        
   
<sentence sentence-num-in-section="15" xml:id="C19.S17.F8.s1">
Figure 19.17.8: <Math mode="inline" xml:id="C19.S17.F8.m4">R_{J}\left(0,y,1,p\right)</Math> , <Math mode="inline" xml:id="C19.S17.F8.m5">0\leq y\leq 1</Math> , <Math mode="inline" xml:id="C19.S17.F8.m6">-1\leq p\leq 2</Math> . Cauchy principal values are shown when <Math mode="inline" xml:id="C19.S17.F8.m7">p&amp;lt;0</Math> . The function is asymptotic to <Math mode="inline" xml:id="C19.S17.F8.m8">\frac{3}{2}\pi/\sqrt{yp}</Math> as <Math mode="inline" xml:id="C19.S17.F8.m9">p\to 0+</Math> , and to <Math mode="inline" xml:id="C19.S17.F8.m10">(\frac{3}{2}/p)\ln\left(16/y\right)</Math> as <Math mode="inline" xml:id="C19.S17.F8.m11">y\to 0+</Math> . As <Math mode="inline" xml:id="C19.S17.F8.m12">p\to 0-</Math> it has the limit <Math mode="inline" xml:id="C19.S17.F8.m13">(-6/y)R_{G}\left(0,y,1\right)</Math> . When <Math mode="inline" xml:id="C19.S17.F8.m14">p=1</Math> , it reduces to <Math mode="inline" xml:id="C19.S17.F8.m15">R_{D}\left(0,y,1\right)</Math> . If <Math mode="inline" xml:id="C19.S17.F8.m16">y=1</Math> , then it has the value <Math mode="inline" xml:id="C19.S17.F8.m17">\frac{3}{2}\pi/(p+\sqrt{p})</Math> when <Math mode="inline" xml:id="C19.S17.F8.m18">p&amp;gt;0</Math> , and <Math mode="inline" xml:id="C19.S17.F8.m19">\frac{3}{2}\pi/(p-1)</Math> when <Math mode="inline" xml:id="C19.S17.F8.m20">p&amp;lt;0</Math> . See ( ), ( ), and ( ) for the cases <Math mode="inline" xml:id="C19.S17.F8.m21">p\to 0\pm</Math> , <Math mode="inline" xml:id="C19.S17.F8.m22">y\to 0+</Math> , and <Math mode="inline" xml:id="C19.S17.F8.m23">y=1</Math> , respectively.
</sentence>     
</section>
