<?xml version="1.0" encoding="UTF-8"?>
<section xml:id="C19.S11">
<title>Addition Theorems</title>          
<subsection xml:id="C19.S11.SS1">
<title>General Formulas</title>         
<para xml:id="C19.S11.SS1.p1">

<sentence sentence-num-in-para="1" sentence-num-in-section="1" xml:id="C19.S11.SS1.p1.s1">
 <Math equation-number="19.11.1" mode="display" xml:id="C19.S11.E1">F\left(\theta,k\right)+F\left(\phi,k\right)=F\left(\psi,k\right),</Math> <Math equation-number="19.11.2" mode="display" xml:id="C19.S11.E2">E\left(\theta,k\right)+E\left(\phi,k\right)=E\left(\psi,k\right)+k^{2}\sin \theta\sin\phi\sin\psi</Math>.
</sentence>

<sentence sentence-num-in-para="2" sentence-num-in-section="2" xml:id="C19.S11.SS1.p1.s2">
Here <Math equation-number="19.11.3" mode="display" xml:id="C19.S11.E3">\sin\psi=\frac{(\sin\theta\cos\phi)\Delta(\phi)+(\sin\phi\cos\theta)\Delta( \theta)}{1-k^{2}{\sin^{2}}\theta{\sin^{2}}\phi},\Delta(\theta)=\sqrt{1-k^{2}{\sin^{2}}\theta}</Math>.
</sentence>

<sentence sentence-num-in-para="3" sentence-num-in-section="3" xml:id="C19.S11.SS1.p1.s3">
Also, <Math equation-number="19.11.4" mode="display" xml:id="C19.S11.E4">\cos\psi=\frac{\cos\theta\cos\phi-(\sin\theta\sin\phi)\Delta(\theta)\Delta( \phi)}{1-k^{2}{\sin^{2}}\theta{\sin^{2}}\phi},\tan\left(\tfrac{1}{2}\psi\right)=\frac{(\sin\theta)\Delta(\phi)+(\sin\phi) \Delta(\theta)}{\cos\theta+\cos\phi}</Math>.
</sentence>

</para>
 
<para xml:id="C19.S11.SS1.p2">

<sentence sentence-num-in-para="1" sentence-num-in-section="4" xml:id="C19.S11.SS1.p2.s1">
Lastly, <Math equation-number="19.11.5" mode="display" xml:id="C19.S11.E5">\Pi\left(\theta,\alpha^{2},k\right)+\Pi\left(\phi,\alpha^{2},k\right)=\Pi\left (\psi,\alpha^{2},k\right)-\alpha^{2}R_{C}\left(\gamma-\delta,\gamma\right),</Math> where <Math equation-number="19.11.6" mode="display" xml:id="C19.S11.E6">\gamma=(({\csc^{2}}\theta)-\alpha^{2})(({\csc^{2}}\phi)-\alpha^{2})(({\csc^{2} }\psi)-\alpha^{2}),\delta=\alpha^{2}(1-\alpha^{2})(\alpha^{2}-k^{2})</Math>.
</sentence>

</para>
 
</subsection>
 
<subsection xml:id="C19.S11.SS2">
<title>Case <Math mode="inline" xml:id="C19.S11.SS2.m1">\psi=\pi/2</Math></title>         
<para xml:id="C19.S11.SS2.p1">

<sentence sentence-num-in-para="1" sentence-num-in-section="5" xml:id="C19.S11.SS2.p1.s1">
 <Math equation-number="19.11.7" mode="display" xml:id="C19.S11.E7">F\left(\phi,k\right)=K\left(k\right)-F\left(\theta,k\right),</Math> <Math equation-number="19.11.8" mode="display" xml:id="C19.S11.E8">E\left(\phi,k\right)=E\left(k\right)-E\left(\theta,k\right)+k^{2}\sin\theta \sin\phi,</Math> where <Math equation-number="19.11.9" mode="display" xml:id="C19.S11.E9">\tan\theta=1/(k^{\prime}\tan\phi)</Math>.
</sentence>

<sentence sentence-num-in-para="2" sentence-num-in-section="6" xml:id="C19.S11.SS2.p1.s2">
<Math equation-number="19.11.10" mode="display" xml:id="C19.S11.E10">\Pi\left(\phi,\alpha^{2},k\right)=\Pi\left(\alpha^{2},k\right)-\Pi\left(\theta ,\alpha^{2},k\right)-\alpha^{2}R_{C}\left(\gamma-\delta,\gamma\right),</Math> where <Math equation-number="19.11.11" mode="display" xml:id="C19.S11.E11">\gamma=(1-\alpha^{2})(({\csc^{2}}\theta)-\alpha^{2})(({\csc^{2}}\phi)-\alpha^{ 2}),\delta=\alpha^{2}(1-\alpha^{2})(\alpha^{2}-k^{2})</Math>.
</sentence>

</para>
 
</subsection>
 
<subsection xml:id="C19.S11.SS3">
<title>Duplication Formulas</title>         
 
<para xml:id="C19.S11.SS3.p1">

<sentence sentence-num-in-para="1" sentence-num-in-section="7" xml:id="C19.S11.SS3.p1.s1">
If <Math mode="inline" xml:id="C19.S11.SS3.p1.m1">\phi=\theta</Math> in §19.11(i) and <Math mode="inline" xml:id="C19.S11.SS3.p1.m2">\Delta(\theta)</Math> is again defined by (19.11.3), then <Math equation-number="19.11.12" mode="display" xml:id="C19.S11.E12">F\left(\psi,k\right)=2\!F\left(\theta,k\right),</Math> <Math equation-number="19.11.13" mode="display" xml:id="C19.S11.E13">E\left(\psi,k\right)=2\!E\left(\theta,k\right)-k^{2}{\sin^{2}}\theta\sin\psi,</Math> <Math equation-number="19.11.14" mode="display" xml:id="C19.S11.E14">\sin\psi=(\sin 2\theta)\Delta(\theta)/(1-k^{2}{\sin^{4}}\theta),</Math> <Math equation-number="19.11.15" mode="display" xml:id="C19.S11.E15">\cos\psi=(\cos\left(2\theta\right)+k^{2}{\sin^{4}}\theta)/(1-k^{2}{\sin^{4}} \theta),\tan\left(\tfrac{1}{2}\psi\right)=(\tan\theta)\Delta(\theta),\sin\theta=(\sin\psi)/\sqrt{(1+\cos\psi)(1+\Delta(\psi))},\cos\theta=\sqrt{\frac{(\cos\psi)+\Delta(\psi)}{1+\Delta(\psi)}},\tan\theta=\tan\left(\tfrac{1}{2}\psi\right)\sqrt{\frac{1+\cos\psi}{(\cos\psi) +\Delta(\psi)}},</Math> <Math equation-number="19.11.16" mode="display" xml:id="C19.S11.E16">\Pi\left(\psi,\alpha^{2},k\right)=2\Pi\left(\theta,\alpha^{2},k\right)+\alpha^ {2}R_{C}\left(\gamma-\delta,\gamma\right),</Math> <Math equation-number="19.11.17" mode="display" xml:id="C19.S11.E17">\gamma=(({\csc^{2}}\theta)-\alpha^{2})^{2}(({\csc^{2}}\psi)-\alpha^{2}),\delta=\alpha^{2}(1-\alpha^{2})(\alpha^{2}-k^{2})</Math>.
</sentence>

</para>
 
</subsection>
 
</section>
