<?xml version="1.0" encoding="UTF-8"?>
<section xml:id="C19.S23">
<title>Integral Representations</title>          
<para xml:id="C19.S23.p1">

<sentence sentence-num-in-para="1" sentence-num-in-section="1" xml:id="C19.S23.p1.s1">
In (19.23.1)–(19.23.3) we assume <Math mode="inline" xml:id="C19.S23.p1.m1">\Re y&gt;0</Math> and <Math mode="inline" xml:id="C19.S23.p1.m2">\Re z&gt;0</Math>.
</sentence>

<sentence sentence-num-in-para="2" sentence-num-in-section="2" xml:id="C19.S23.p1.s2">
<Math equation-number="19.23.1" mode="display" xml:id="C19.S23.E1">R_{F}\left(0,y,z\right)=\int_{0}^{\pi/2}(y{\cos^{2}}\theta+z{\sin^{2}}\theta)^ {-1/2}\mathrm{d}\theta,</Math> <Math equation-number="19.23.2" mode="display" xml:id="C19.S23.E2">R_{G}\left(0,y,z\right)=\frac{1}{2}\int_{0}^{\pi/2}(y{\cos^{2}}\theta+z{\sin^{ 2}}\theta)^{1/2}\mathrm{d}\theta,</Math> <Math equation-number="19.23.3" mode="display" xml:id="C19.S23.E3">R_{D}\left(0,y,z\right)=3\int_{0}^{\pi/2}(y{\cos^{2}}\theta+z{\sin^{2}}\theta) ^{-3/2}{\sin^{2}}\theta\mathrm{d}\theta</Math>.
</sentence>

<sentence sentence-num-in-para="3" sentence-num-in-section="3" xml:id="C19.S23.p1.s3">
<Math equation-number="19.23.4" mode="display" xml:id="C19.S23.E4">R_{F}\left(0,y,z\right)=\frac{2}{\pi}\int_{0}^{\pi/2}R_{C}\left(y,z{\cos^{2}} \theta\right)\mathrm{d}\theta=\frac{2}{\pi}\int_{0}^{\infty}R_{C}\left(y{\cosh ^{2}}t,z\right)\mathrm{d}t</Math>.
</sentence>

<sentence sentence-num-in-para="4" sentence-num-in-section="4" xml:id="C19.S23.p1.s4">
<Math equation-number="19.23.5" mode="display" xml:id="C19.S23.E5">R_{F}\left(x,y,z\right)=\frac{2}{\pi}\int_{0}^{\pi/2}R_{C}\left(x,y{\cos^{2}} \theta+z{\sin^{2}}\theta\right)\mathrm{d}\theta, if \Re y&gt;0, \Re z&gt;0,</Math> <Math equation-number="19.23.6" mode="display" xml:id="C19.S23.E6">4\pi R_{F}\left(x,y,z\right)=\int_{0}^{2\pi}\!\!\!\!\int_{0}^{\pi}\frac{\sin \theta\mathrm{d}\theta\mathrm{d}\phi}{(x{\sin^{2}}\theta{\cos^{2}}\phi+y{\sin^ {2}}\theta{\sin^{2}}\phi+z{\cos^{2}}\theta)^{1/2}},</Math> where <Math mode="inline" xml:id="C19.S23.p1.m3">x</Math> , <Math mode="inline" xml:id="C19.S23.p1.m4">y</Math> , and <Math mode="inline" xml:id="C19.S23.p1.m5">z</Math> have positive real parts—except that at most one of them may be 0.
</sentence>

</para>
 
<para xml:id="C19.S23.p2">

<sentence sentence-num-in-para="1" sentence-num-in-section="5" xml:id="C19.S23.p2.s1">
In (19.23.7)–(19.23.10) one or more of the variables may be 0 if the integral converges.
</sentence>

<sentence sentence-num-in-para="2" sentence-num-in-section="6" xml:id="C19.S23.p2.s2">
In (19.23.8)
</sentence>

<sentence sentence-num-in-para="3" sentence-num-in-section="7" xml:id="C19.S23.p2.s3">
<Math mode="inline" xml:id="C19.S23.p2.m1">n=2</Math> , and in (19.23.9)
</sentence>

<sentence sentence-num-in-para="4" sentence-num-in-section="8" xml:id="C19.S23.p2.s4">
<Math mode="inline" xml:id="C19.S23.p2.m2">n=3</Math>.
</sentence>

<sentence sentence-num-in-para="5" sentence-num-in-section="9" xml:id="C19.S23.p2.s5">
Also, in (19.23.8) and (19.23.10)
</sentence>

<sentence sentence-num-in-para="6" sentence-num-in-section="10" xml:id="C19.S23.p2.s6">
<Math mode="inline" xml:id="C19.S23.p2.m3">\mathrm{B}</Math> denotes the beta function (§5.12).
</sentence>

</para>
  
<para xml:id="C19.S23.p3">

<sentence sentence-num-in-para="1" sentence-num-in-section="11" xml:id="C19.S23.p3.s1">
 <Math equation-number="19.23.7" mode="display" xml:id="C19.S23.E7">R_{G}\left(x,y,z\right)=\frac{1}{4}\int_{0}^{\infty}\frac{1}{\sqrt{t+x}\sqrt{t +y}\sqrt{t+z}}\*\left(\frac{x}{t+x}+\frac{y}{t+y}+\frac{z}{t+z}\right)t\mathrm {d}t, if x,y,z\in\mathbb{C}\setminus(-\infty,0]</Math>.
</sentence>

<sentence sentence-num-in-para="2" sentence-num-in-section="12" xml:id="C19.S23.p3.s2">
<Math equation-number="19.23.8" mode="display" xml:id="C19.S23.E8">R_{-a}\left(\mathbf{b};\mathbf{z}\right)=\frac{2}{\mathrm{B}\left(b_{1},b_{2} \right)}\int_{0}^{\pi/2}{(z_{1}{\cos^{2}}\theta+z_{2}{\sin^{2}}\theta)}^{-a}\* (\cos\theta)^{2b_{1}-1}(\sin\theta)^{2b_{2}-1}\mathrm{d}\theta, if b_{1},b_{2}&gt;0; \Re z_{1},\Re z_{2}&gt;0</Math>.
</sentence>

</para>
 
<para xml:id="C19.S23.p4">

<sentence sentence-num-in-para="1" sentence-num-in-section="13" xml:id="C19.S23.p4.s1">
With <Math mode="inline" xml:id="C19.S23.p4.m1">l_{1},l_{2},l_{3}</Math> denoting any permutation of <Math mode="inline" xml:id="C19.S23.p4.m2">\sin\theta\cos\phi</Math> , <Math mode="inline" xml:id="C19.S23.p4.m3">\sin\theta\sin\phi</Math> , <Math mode="inline" xml:id="C19.S23.p4.m4">\cos\theta</Math> , <Math equation-number="19.23.9" mode="display" xml:id="C19.S23.E9">R_{-a}\left(\mathbf{b};\mathbf{z}\right)=\frac{4\Gamma\left(b_{1}+b_{2}+b_{3} \right)}{\Gamma\left(b_{1}\right)\Gamma\left(b_{2}\right)\Gamma\left(b_{3} \right)}\int_{0}^{\pi/2}\!\!\!\!\int_{0}^{\pi/2}\left(\sum_{j=1}^{3}z_{j}l_{j} ^{2}\right)^{-a}\*\prod_{j=1}^{3}l_{j}^{2b_{j}-1}\sin\theta\mathrm{d}\theta \mathrm{d}\phi, if b_{j}&gt;0, \Re z_{j}&gt;0</Math>.
</sentence>

<sentence sentence-num-in-para="2" sentence-num-in-section="14" xml:id="C19.S23.p4.s2">
<Math equation-number="19.23.10" mode="display" xml:id="C19.S23.E10">R_{-a}\left(\mathbf{b};\mathbf{z}\right)=\frac{1}{\mathrm{B}\left(a,a^{\prime} \right)}\int_{0}^{1}u^{a-1}(1-u)^{a^{\prime}-1}\*\prod_{j=1}^{n}(1-u+uz_{j})^{ -b_{j}}\mathrm{d}u, if a,a^{\prime}&gt;0; a+a^{\prime}=\sum_{j=1}^{n}b_{j}; z_{j}\in\mathbb{C}\setminus(-\infty,0]</Math>.
</sentence>

</para>
  
<para xml:id="C19.S23.p5">

<sentence sentence-num-in-para="1" sentence-num-in-section="15" xml:id="C19.S23.p5.s1">
For generalizations of (19.16.3) and (19.23.8) seeCarlson (1964, (6.2), (6.12), and (6.1)).
</sentence>

</para>
 
</section>
