<?xml version="1.0" encoding="UTF-8"?>
<section xml:id="C19.S28">
<title>Integrals of Elliptic Integrals</title>        
 
 
<para xml:id="C19.S28.p1">

<sentence sentence-num-in-para="1" sentence-num-in-section="1" xml:id="C19.S28.p1.s1">
In (19.28.1)–(19.28.3) we assume <Math mode="inline" xml:id="C19.S28.p1.m1">\Re\sigma&gt;0</Math>.
</sentence>

<sentence sentence-num-in-para="2" sentence-num-in-section="2" xml:id="C19.S28.p1.s2">
Also, <Math mode="inline" xml:id="C19.S28.p1.m2">\mathrm{B}</Math> again denotes the beta function (§5.12).
</sentence>

<sentence sentence-num-in-para="3" sentence-num-in-section="3" xml:id="C19.S28.p1.s3">
<Math equation-number="19.28.1" mode="display" xml:id="C19.S28.E1">\int_{0}^{1}t^{\sigma-1}R_{F}\left(0,t,1\right)\mathrm{d}t=\tfrac{1}{2}\left( \mathrm{B}\left(\sigma,\tfrac{1}{2}\right)\right)^{2},</Math> , <Math equation-number="19.28.2" mode="display" xml:id="C19.S28.E2">\int_{0}^{1}t^{\sigma-1}R_{G}\left(0,t,1\right)\mathrm{d}t=\frac{\sigma}{4 \sigma+2}\left(\mathrm{B}\left(\sigma,\tfrac{1}{2}\right)\right)^{2},</Math> <Math equation-number="19.28.3" mode="display" xml:id="C19.S28.E3">\int_{0}^{1}t^{\sigma-1}(1-t)R_{D}\left(0,t,1\right)\mathrm{d}t=\frac{3}{4 \sigma+2}\left(\mathrm{B}\left(\sigma,\tfrac{1}{2}\right)\right)^{2}</Math>.
</sentence>

<sentence sentence-num-in-para="4" sentence-num-in-section="4" xml:id="C19.S28.p1.s4">
<Math equation-number="19.28.4" mode="display" xml:id="C19.S28.E4">\int_{0}^{1}t^{\sigma-1}(1-t)^{c-1}R_{-a}\left(b_{1},b_{2};t,1\right)\mathrm{d }t=\frac{\Gamma\left(c\right)\Gamma\left(\sigma\right)\Gamma\left(\sigma+b_{2} -a\right)}{\Gamma\left(\sigma+c-a\right)\Gamma\left(\sigma+b_{2}\right)}, if c=b_{1}+b_{2}&gt;0, \Re\sigma&gt;\max(0,a-b_{2})</Math>.
</sentence>

</para>
 
<para xml:id="C19.S28.p2">

<sentence sentence-num-in-para="1" sentence-num-in-section="5" xml:id="C19.S28.p2.s1">
In (19.28.5)–(19.28.9) we assume <Math mode="inline" xml:id="C19.S28.p2.m1">x,y,z</Math> , and <Math mode="inline" xml:id="C19.S28.p2.m2">p</Math> are real and positive.
</sentence>

<sentence sentence-num-in-para="2" sentence-num-in-section="6" xml:id="C19.S28.p2.s2">
<Math equation-number="19.28.5" mode="display" xml:id="C19.S28.E5">\int_{z}^{\infty}R_{D}\left(x,y,t\right)\mathrm{d}t=6\!R_{F}\left(x,y,z\right),</Math> <Math equation-number="19.28.6" mode="display" xml:id="C19.S28.E6">\int_{0}^{1}R_{D}\left(x,y,v^{2}z+(1-v^{2})p\right)\mathrm{d}v=R_{J}\left(x,y, z,p\right)</Math>.
</sentence>

<sentence sentence-num-in-para="3" sentence-num-in-section="7" xml:id="C19.S28.p2.s3">
<Math equation-number="19.28.7" mode="display" xml:id="C19.S28.E7">\int_{0}^{\infty}R_{J}\left(x,y,z,r^{2}\right)\mathrm{d}r=\tfrac{3}{2}\pi R_{F }\left(xy,xz,yz\right),</Math> <Math equation-number="19.28.8" mode="display" xml:id="C19.S28.E8">\int_{0}^{\infty}R_{J}\left(tx,y,z,tp\right)\mathrm{d}t=\frac{6}{\sqrt{p}}R_{C }\left(p,x\right)R_{F}\left(0,y,z\right)</Math>.
</sentence>

<sentence sentence-num-in-para="4" sentence-num-in-section="8" xml:id="C19.S28.p2.s4">
<Math equation-number="19.28.9" mode="display" xml:id="C19.S28.E9">\int_{0}^{\pi/2}R_{F}\left({\sin^{2}}\theta{\cos^{2}}\left(x+y\right),{\sin^{2 }}\theta{\cos^{2}}\left(x-y\right),1\right)\mathrm{d}\theta=R_{F}\left(0,{\cos ^{2}}x,1\right)R_{F}\left(0,{\cos^{2}}y,1\right),</Math> <Math equation-number="19.28.10" mode="display" xml:id="C19.S28.E10">\int_{0}^{\infty}R_{F}\left((ac+bd)^{2},(ad+bc)^{2},4abcd{\cosh^{2}}z\right) \mathrm{d}z=\tfrac{1}{2}R_{F}\left(0,a^{2},b^{2}\right)R_{F}\left(0,c^{2},d^{2 }\right), if a,b,c,d&gt;0</Math>.
</sentence>

</para>
 
<para xml:id="C19.S28.p3">

<sentence sentence-num-in-para="1" sentence-num-in-section="9" xml:id="C19.S28.p3.s1">
See also (19.16.24).
</sentence>

<sentence sentence-num-in-para="2" sentence-num-in-section="10" xml:id="C19.S28.p3.s2">
To replace a single component of <Math mode="inline" xml:id="C19.S28.p3.m1">\mathbf{z}</Math> in <Math mode="inline" xml:id="C19.S28.p3.m2">R_{-a}\left(\mathbf{b};\mathbf{z}\right)</Math> by several different variables (as in (19.28.6)), see Carlson (1963, (7.9)).
</sentence>

</para>
 
</section>
