<?xml version="1.0" encoding="UTF-8"?>
<section xml:id="C19.S24">
<title>Inequalities</title>        
 
<subsection xml:id="C19.S24.SS1">
<title>Complete Integrals</title>          
<para xml:id="C19.S24.SS1.p1">

<sentence sentence-num-in-para="1" sentence-num-in-section="1" xml:id="C19.S24.SS1.p1.s1">
The condition <Math mode="inline" xml:id="C19.S24.SS1.p1.m1">y\leq z</Math> for (19.24.1) and (19.24.2) serves only to identify <Math mode="inline" xml:id="C19.S24.SS1.p1.m2">y</Math> as the smaller of the two nonzero variables of a symmetric function; it does not restrict validity.
</sentence>

<sentence sentence-num-in-para="2" sentence-num-in-section="2" xml:id="C19.S24.SS1.p1.s2">
<Math equation-number="19.24.1" mode="display" xml:id="C19.S24.E1">\ln 4\leq\sqrt{z}R_{F}\left(0,y,z\right)+\ln\sqrt{y/z}\leq\tfrac{1}{2}\pi, if 0&lt;y\leq z,</Math> <Math equation-number="19.24.2" mode="display" xml:id="C19.S24.E2">\tfrac{1}{2}\leq z^{-1/2}R_{G}\left(0,y,z\right)\leq\tfrac{1}{4}\pi, if 0\leq y\leq z,</Math> <Math equation-number="19.24.3" mode="display" xml:id="C19.S24.E3">\left(\frac{y^{3/2}+z^{3/2}}{2}\right)^{2/3}\leq\frac{4}{\pi}R_{G}\left(0,y^{2 },z^{2}\right)\leq\left(\frac{y^{2}+z^{2}}{2}\right)^{1/2}, if y&gt;0, z&gt;0</Math>.
</sentence>

</para>
 
<para xml:id="C19.S24.SS1.p2">

<sentence sentence-num-in-para="1" sentence-num-in-section="3" xml:id="C19.S24.SS1.p2.s1">
If <Math mode="inline" xml:id="C19.S24.SS1.p2.m1">y</Math> , <Math mode="inline" xml:id="C19.S24.SS1.p2.m2">z</Math> , and <Math mode="inline" xml:id="C19.S24.SS1.p2.m3">p</Math> are positive, then <Math equation-number="19.24.4" mode="display" xml:id="C19.S24.E4">\frac{2}{\sqrt{p}}(2yz+yp+zp)^{-1/2}\leq\frac{4}{3\pi}R_{J}\left(0,y,z,p\right )\leq(yzp^{2})^{-3/8}</Math>.
</sentence>

<sentence sentence-num-in-para="2" sentence-num-in-section="4" xml:id="C19.S24.SS1.p2.s2">
Inequalities for <Math mode="inline" xml:id="C19.S24.SS1.p2.m4">R_{D}\left(0,y,z\right)</Math> are included as the case <Math mode="inline" xml:id="C19.S24.SS1.p2.m5">p=z</Math>.
</sentence>

</para>
 
<para xml:id="C19.S24.SS1.p3">

<sentence sentence-num-in-para="1" sentence-num-in-section="5" xml:id="C19.S24.SS1.p3.s1">
A series of successively sharper inequalities is obtained from the AGM process (§19.8(i)) with <Math mode="inline" xml:id="C19.S24.SS1.p3.m1">a_{0}\geq g_{0}&gt;0</Math> : <Math equation-number="19.24.5" mode="display" xml:id="C19.S24.E5">\frac{1}{a_{n}}\leq\frac{2}{\pi}R_{F}\left(0,a_{0}^{2},g_{0}^{2}\right)\leq \frac{1}{g_{n}}, if n=0,1,2,\dots,</Math> where <Math equation-number="19.24.6" mode="display" xml:id="C19.S24.E6">a_{n+1}=(a_{n}+g_{n})/2,g_{n+1}=\sqrt{a_{n}g_{n}}</Math>.
</sentence>

</para>

 
<para xml:id="C19.S24.SS1.p4">

<sentence sentence-num-in-para="1" sentence-num-in-section="6" xml:id="C19.S24.SS1.p4.s1">
Other inequalities can be obtained by applyingCarlson (1966, Theorems 2 and 3) to (19.16.20)–(19.16.23).
</sentence>

<sentence sentence-num-in-para="2" sentence-num-in-section="7" xml:id="C19.S24.SS1.p4.s2">
Approximations and one-sided inequalities for <Math mode="inline" xml:id="C19.S24.SS1.p4.m1">R_{G}\left(0,y,z\right)</Math> follow from those given in §19.9(i) for the length <Math mode="inline" xml:id="C19.S24.SS1.p4.m2">L(a,b)</Math> of an ellipse with semiaxes <Math mode="inline" xml:id="C19.S24.SS1.p4.m3">a</Math> and <Math mode="inline" xml:id="C19.S24.SS1.p4.m4">b</Math> , since <Math equation-number="19.24.7" mode="display" xml:id="C19.S24.E7">L(a,b)=8\!R_{G}\left(0,a^{2},b^{2}\right)</Math>.
</sentence>

</para>
 
<para xml:id="C19.S24.SS1.p5">

<sentence sentence-num-in-para="1" sentence-num-in-section="8" xml:id="C19.S24.SS1.p5.s1">
For <Math mode="inline" xml:id="C19.S24.SS1.p5.m1">x&gt;0</Math> , <Math mode="inline" xml:id="C19.S24.SS1.p5.m2">y&gt;0</Math> , and <Math mode="inline" xml:id="C19.S24.SS1.p5.m3">x\neq y</Math> , the complete cases of <Math mode="inline" xml:id="C19.S24.SS1.p5.m4">R_{F}</Math> and <Math mode="inline" xml:id="C19.S24.SS1.p5.m5">R_{G}</Math> satisfy <Math equation-number="19.24.8" mode="display" xml:id="C19.S24.E8">R_{F}\left(x,y,0\right)R_{G}\left(x,y,0\right)&gt;\tfrac{1}{8}\pi^{2},R_{F}\left(x,y,0\right)+2\!R_{G}\left(x,y,0\right)&gt;\pi</Math>.
</sentence>

<sentence sentence-num-in-para="2" sentence-num-in-section="9" xml:id="C19.S24.SS1.p5.s2">
Also, with the notation of (19.24.6),
</sentence>

<sentence sentence-num-in-para="3" sentence-num-in-section="10" xml:id="C19.S24.SS1.p5.s3">
<Math equation-number="19.24.9" mode="display" xml:id="C19.S24.E9">\frac{1}{2}\,g_{1}^{2}\leq\frac{R_{G}\left(a_{0}^{2},g_{0}^{2},0\right)}{R_{F} \left(a_{0}^{2},g_{0}^{2},0\right)}\leq\frac{1}{2}\,a_{1}^{2},</Math> with equality iff <Math mode="inline" xml:id="C19.S24.SS1.p5.m6">a_{0}=g_{0}</Math>.
</sentence>

</para>
 
</subsection>
 
<subsection xml:id="C19.S24.SS2">
<title>Incomplete Integrals</title>          
<para xml:id="C19.S24.SS2.p1">

<sentence sentence-num-in-para="1" sentence-num-in-section="11" xml:id="C19.S24.SS2.p1.s1">
Inequalities for <Math mode="inline" xml:id="C19.S24.SS2.p1.m1">R_{-a}\left(\mathbf{b};\mathbf{z}\right)</Math> inCarlson (1966, Theorems 2 and 3) can be applied to (19.16.14)–(19.16.17).
</sentence>

<sentence sentence-num-in-para="2" sentence-num-in-section="12" xml:id="C19.S24.SS2.p1.s2">
All variables are positive, and equality occurs iff all variables are equal.
</sentence>

</para>
 
<paragraph xml:id="C19.S24.Px1">
<title>Examples</title>   
<para xml:id="C19.S24.Px1.p1">

<sentence sentence-num-in-para="1" sentence-num-in-section="13" xml:id="C19.S24.Px1.p1.s1">
 <Math equation-number="19.24.10" mode="display" xml:id="C19.S24.E10">\frac{3}{\sqrt{x}+\sqrt{y}+\sqrt{z}}\leq R_{F}\left(x,y,z\right)\leq\frac{1}{( xyz)^{1/6}},</Math> <Math equation-number="19.24.11" mode="display" xml:id="C19.S24.E11">\left(\frac{5}{\sqrt{x}+\sqrt{y}+\sqrt{z}+2\sqrt{p}}\right)^{3}\leq R_{J}\left (x,y,z,p\right)\leq(xyzp^{2})^{-3/10},</Math> <Math equation-number="19.24.12" mode="display" xml:id="C19.S24.E12">\tfrac{1}{3}(\sqrt{x}+\sqrt{y}+\sqrt{z})\leq R_{G}\left(x,y,z\right)\leq\min \left(\sqrt{\frac{x+y+z}{3}},\frac{x^{2}+y^{2}+z^{2}}{3\sqrt{xyz}}\right)</Math>.
</sentence>

<sentence sentence-num-in-para="2" sentence-num-in-section="14" xml:id="C19.S24.Px1.p1.s2">
Inequalities for <Math mode="inline" xml:id="C19.S24.Px1.p1.m1">R_{C}\left(x,y\right)</Math> and <Math mode="inline" xml:id="C19.S24.Px1.p1.m2">R_{D}\left(x,y,z\right)</Math> are included as special cases (see (19.16.6) and (19.16.5)).
</sentence>

</para>
 
<para xml:id="C19.S24.Px1.p2">

<sentence sentence-num-in-para="1" sentence-num-in-section="15" xml:id="C19.S24.Px1.p2.s1">
Other inequalities for <Math mode="inline" xml:id="C19.S24.Px1.p2.m1">R_{F}\left(x,y,z\right)</Math> are given inCarlson (1970).
</sentence>

</para>

 
<para xml:id="C19.S24.Px1.p3">

<sentence sentence-num-in-para="1" sentence-num-in-section="16" xml:id="C19.S24.Px1.p3.s1">
If <Math mode="inline" xml:id="C19.S24.Px1.p3.m1">a</Math> ( <Math mode="inline" xml:id="C19.S24.Px1.p3.m2">\neq 0</Math> ) is real, all components of <Math mode="inline" xml:id="C19.S24.Px1.p3.m3">\mathbf{b}</Math> and <Math mode="inline" xml:id="C19.S24.Px1.p3.m4">\mathbf{z}</Math> are positive, and the components of <Math mode="inline" xml:id="C19.S24.Px1.p3.m5">z</Math> are not all equal, then <Math equation-number="19.24.13" mode="display" xml:id="C19.S24.E13">R_{a}\left(\mathbf{b};\mathbf{z}\right)R_{-a}\left(\mathbf{b};\mathbf{z}\right )&gt;1,R_{a}\left(\mathbf{b};\mathbf{z}\right)+R_{-a}\left(\mathbf{b};\mathbf{z} \right)&gt;2;</Math> see Neuman (2003, (2.13)).
</sentence>

<sentence sentence-num-in-para="2" sentence-num-in-section="17" xml:id="C19.S24.Px1.p3.s2">
Special cases with <Math mode="inline" xml:id="C19.S24.Px1.p3.m6">a=\pm\frac{1}{2}</Math> are (19.24.8) (because of (19.16.20), (19.16.23)), and <Math equation-number="19.24.14" mode="display" xml:id="C19.S24.E14">R_{F}\left(x,y,z\right)R_{G}\left(x,y,z\right)&gt;1,R_{F}\left(x,y,z\right)+R_{G}\left(x,y,z\right)&gt;2</Math>.
</sentence>

<sentence sentence-num-in-para="3" sentence-num-in-section="18" xml:id="C19.S24.Px1.p3.s3">
The same reference also gives upper and lower bounds for symmetric integrals in terms of their elementary degenerate cases.
</sentence>

<sentence sentence-num-in-para="4" sentence-num-in-section="19" xml:id="C19.S24.Px1.p3.s4">
These bounds include a sharper but more complicated lower bound than that supplied in the next result: <Math equation-number="19.24.15" mode="display" xml:id="C19.S24.E15">R_{C}\left(x,\tfrac{1}{2}(y+z)\right)\leq R_{F}\left(x,y,z\right)\leq R_{C} \left(x,\sqrt{yz}\right), if x\geq 0,</Math> with equality iff <Math mode="inline" xml:id="C19.S24.Px1.p3.m7">y=z</Math>.
</sentence>

</para>
 
</paragraph>
 
</subsection>
 
</section>
