<?xml version="1.0" encoding="UTF-8"?>
<section xml:id="C19.S35">
<title>Other Applications</title>         
<subsection xml:id="C19.S35.SS1">
<title>Mathematical</title>             
<para xml:id="C19.S35.SS1.p1">

<sentence sentence-num-in-para="1" sentence-num-in-section="1" xml:id="C19.S35.SS1.p1.s1">
Generalizations of elliptic integrals appear in analysis of modular theorems ofRamanujan (Anderson et al. (2000)); analysis of Selberg integrals (Van Diejen and Spiridonov (2001)); use of Legendre’s relation (19.7.1) to compute <Math mode="inline" xml:id="C19.S35.SS1.p1.m1">\pi</Math> to high precision (Borwein and Borwein (1987, p. 26)).
</sentence>

</para>
 
</subsection>
 
<subsection xml:id="C19.S35.SS2">
<title>Physical</title>               
<para xml:id="C19.S35.SS2.p1">

<sentence sentence-num-in-para="1" sentence-num-in-section="2" xml:id="C19.S35.SS2.p1.s1">
Elliptic integrals appear in lattice models of critical phenomena (Guttmann and Prellberg (1993)); theories of layered materials (Parkinson (1969)); fluid dynamics (Kida (1981)); string theory (Arutyunov and Staudacher (2004)); astrophysics (Dexter and Agol (2009)).
</sentence>

</para>
 
</subsection>
 
</section>
