<?xml version="1.0" encoding="UTF-8"?>
<section xml:id="C19.S39">
<title>Software</title>        
 
<para xml:id="C19.S39.p1">

</para>

 
<subsection xml:id="C19.S39.SS1">
<title>Introduction</title>        
 
<para xml:id="C19.S39.SS1.p1">

<sentence sentence-num-in-para="1" sentence-num-in-section="1" xml:id="C19.S39.SS1.p1.s1">
In this section we provide links to the research literature describing the implementation of algorithms in software for the evaluation of functions described in this chapter.
</sentence>

<sentence sentence-num-in-para="2" sentence-num-in-section="2" xml:id="C19.S39.SS1.p1.s2">
Citations in bulleted lists refer to papers for which research software has been made available and can be downloaded via the Web.
</sentence>

<sentence sentence-num-in-para="3" sentence-num-in-section="3" xml:id="C19.S39.SS1.p1.s3">
References to research software that is available in other ways is listed separately.
</sentence>

</para>
 
<para xml:id="C19.S39.SS1.p2">

<sentence sentence-num-in-para="1" sentence-num-in-section="4" xml:id="C19.S39.SS1.p2.s1">
A more complete list of available software for computing these functions is found in the Software Index.
</sentence>

<sentence sentence-num-in-para="2" sentence-num-in-section="5" xml:id="C19.S39.SS1.p2.s2">
For another listing of Web-accessible software for the functions in this chapter, see .
</sentence>

</para>
 
</subsection>
 
<subsection xml:id="C19.S39.SS2">
<title>Legendre’s and Bulirsch’s Complete Integrals</title>         
<para xml:id="C19.S39.SS2.p1">

<sentence sentence-num-in-para="1" sentence-num-in-section="6" xml:id="C19.S39.SS2.p1.s1">
Unless otherwise stated, the functions are <Math mode="inline" xml:id="C19.S39.SS2.p1.m1">K\left(k\right)</Math> and <Math mode="inline" xml:id="C19.S39.SS2.p1.m2">E\left(k\right)</Math> , with <Math mode="inline" xml:id="C19.S39.SS2.p1.m3">0\leq k^{2}(=m)\leq 1</Math>.
</sentence>

</para>
 
<para xml:id="C19.S39.SS2.p2">

<sentence sentence-num-in-para="1" sentence-num-in-section="7" xml:id="C19.S39.SS2.p2.s1">
For research software seeBulirsch (1969b, function <Math mode="inline" xml:id="C19.S39.SS2.p2.m1">\mathrm{cel}</Math> ),Herndon (1961a, b),Merner (1962),Morita (1978, complex modulus <Math mode="inline" xml:id="C19.S39.SS2.p2.m2">k</Math> ),and Thacher Jr. (1963).For other software, sometimes with <Math mode="inline" xml:id="C19.S39.SS2.p2.m3">\Pi\left(\alpha^{2},k\right)</Math> and complex variables, see the Software Index.
</sentence>

</para>
 
</subsection>
 
<subsection xml:id="C19.S39.SS3">
<title>Legendre’s and Bulirsch’s Incomplete Integrals</title>         
<para xml:id="C19.S39.SS3.p1">

<sentence sentence-num-in-para="1" sentence-num-in-section="8" xml:id="C19.S39.SS3.p1.s1">
Unless otherwise stated, the variables are real, and the functions are <Math mode="inline" xml:id="C19.S39.SS3.p1.m1">F\left(\phi,k\right)</Math> and <Math mode="inline" xml:id="C19.S39.SS3.p1.m2">E\left(\phi,k\right)</Math>.
</sentence>

</para>

 
<para xml:id="C19.S39.SS3.p2">

<sentence sentence-num-in-para="1" sentence-num-in-section="9" xml:id="C19.S39.SS3.p2.s1">
For research software seeBulirsch (1965b, function <Math mode="inline" xml:id="C19.S39.SS3.p2.m1">\mathrm{el2}</Math> ),Bulirsch (1969b, function <Math mode="inline" xml:id="C19.S39.SS3.p2.m2">\mathrm{el3}</Math> ),Jefferson (1961), and Neuman (1969a, functions <Math mode="inline" xml:id="C19.S39.SS3.p2.m3">E\left(\phi,k\right)</Math> and <Math mode="inline" xml:id="C19.S39.SS3.p2.m4">\Pi\left(\phi,k^{2},k\right)</Math> ).For other software, sometimes with <Math mode="inline" xml:id="C19.S39.SS3.p2.m5">\Pi\left(\phi,\alpha^{2},k\right)</Math> and complex variables, see the Software Index.
</sentence>

</para>
 
</subsection>
 
<subsection xml:id="C19.S39.SS4">
<title>Symmetric Integrals</title>        
 
<para xml:id="C19.S39.SS4.p1">

<sentence sentence-num-in-para="1" sentence-num-in-section="10" xml:id="C19.S39.SS4.p1.s1">
The variables are real and the functions are <Math mode="inline" xml:id="C19.S39.SS4.p1.m1">R</Math> -functions.
</sentence>

</para>
 
<para xml:id="C19.S39.SS4.p2">

<sentence sentence-num-in-para="1" sentence-num-in-section="11" xml:id="C19.S39.SS4.p2.s1">
Carlson and Notis (1981).
</sentence>

<sentence sentence-num-in-para="2" sentence-num-in-section="12" xml:id="C19.S39.SS4.p2.s2">
Fortran.
</sentence>

<sentence sentence-num-in-para="3" sentence-num-in-section="13" xml:id="C19.S39.SS4.p2.s3">
Press and Teukolsky (1990).
</sentence>

<sentence sentence-num-in-para="4" sentence-num-in-section="14" xml:id="C19.S39.SS4.p2.s4">
See also Carlson and FitzSimons (2000).
</sentence>

</para>
 
</subsection>
 
</section>
