<?xml version="1.0" encoding="UTF-8"?>
<section xml:id="C19.S38">
<title>Approximations</title>        
  
<para xml:id="C19.S38.p1">

<sentence sentence-num-in-para="1" sentence-num-in-section="1" xml:id="C19.S38.p1.s1">
Minimax polynomial approximations (§3.11(i)) for <Math mode="inline" xml:id="C19.S38.p1.m1">K\left(k\right)</Math> and <Math mode="inline" xml:id="C19.S38.p1.m2">E\left(k\right)</Math> in terms of <Math mode="inline" xml:id="C19.S38.p1.m3">m=k^{2}</Math> with <Math mode="inline" xml:id="C19.S38.p1.m4">0\leq m&lt;1</Math> can be found in Abramowitz and Stegun (1964, §17.3) with maximum absolute errors ranging from 4×10⁻⁵ to 2×10⁻⁸.
</sentence>

<sentence sentence-num-in-para="2" sentence-num-in-section="2" xml:id="C19.S38.p1.s2">
Approximations of thesame type for <Math mode="inline" xml:id="C19.S38.p1.m5">K\left(k\right)</Math> and <Math mode="inline" xml:id="C19.S38.p1.m6">E\left(k\right)</Math> for <Math mode="inline" xml:id="C19.S38.p1.m7">0&lt;k\leq 1</Math> are given in Cody (1965a) with maximum absolute errors ranging from 4×10⁻⁵ to 4×10⁻¹⁸.
</sentence>

<sentence sentence-num-in-para="3" sentence-num-in-section="3" xml:id="C19.S38.p1.s3">
Cody (1965b) gives Chebyshev-series expansions (§3.11(ii)) with maximum precision 25D.
</sentence>

</para>
 
<para xml:id="C19.S38.p2">

<sentence sentence-num-in-para="1" sentence-num-in-section="4" xml:id="C19.S38.p2.s1">
Approximations for Legendre’s complete or incomplete integrals of all three kinds, derived by Padé approximation of the square root in the integrand, are given in Luke (1968, 1970).
</sentence>

<sentence sentence-num-in-para="2" sentence-num-in-section="5" xml:id="C19.S38.p2.s2">
They are valid over parts of the complex <Math mode="inline" xml:id="C19.S38.p2.m1">k</Math> and <Math mode="inline" xml:id="C19.S38.p2.m2">\phi</Math> planes.
</sentence>

<sentence sentence-num-in-para="3" sentence-num-in-section="6" xml:id="C19.S38.p2.s3">
The accuracy is controlled by the number of terms retained in the approximation; for real variables the number of significant figures appears to be roughly twice the number of terms retained, perhaps even for <Math mode="inline" xml:id="C19.S38.p2.m3">\phi</Math> near <Math mode="inline" xml:id="C19.S38.p2.m4">\pi/2</Math> with the improvements made in the 1970 reference.
</sentence>

</para>
 
</section>
