<?xml version="1.0" encoding="UTF-8"?>
<section xml:id="C19.S37">
<title>Tables</title>        
  
<subsection xml:id="C19.S37.SS1">
<title>Introduction</title>        
 
<para xml:id="C19.S37.SS1.p1">

<sentence sentence-num-in-para="1" sentence-num-in-section="1" xml:id="C19.S37.SS1.p1.s1">
Only tables published since 1960 are included. For earlier tables seeFletcher (1948), Lebedev and Fedorova (1960), andFletcher et al. (1962).
</sentence>

</para>
 
</subsection>
 
<subsection xml:id="C19.S37.SS2">
<title>Legendre’s Complete Integrals</title>        
 
<paragraph xml:id="C19.S37.Px1">
<title>Functions <Math mode="inline" xml:id="C19.S37.Px1.m1">K\left(k\right)</Math> and <Math mode="inline" xml:id="C19.S37.Px1.m2">E\left(k\right)</Math></title>   
<para xml:id="C19.S37.Px1.p1">

<sentence sentence-num-in-para="1" sentence-num-in-section="2" xml:id="C19.S37.Px1.p1.s1">
Tabulated for <Math mode="inline" xml:id="C19.S37.Px1.p1.m1">k^{2}=0(.01)</Math> 1 to 6D by Byrd and Friedman (1971), to 15D for <Math mode="inline" xml:id="C19.S37.Px1.p1.m2">K\left(k\right)</Math> and 9D for <Math mode="inline" xml:id="C19.S37.Px1.p1.m3">E\left(k\right)</Math> byAbramowitz and Stegun (1964, Chapter 17), and to 10D by Fettis and Caslin (1964).
</sentence>

</para>
 
<para xml:id="C19.S37.Px1.p2">

<sentence sentence-num-in-para="1" sentence-num-in-section="3" xml:id="C19.S37.Px1.p2.s1">
Tabulated for <Math mode="inline" xml:id="C19.S37.Px1.p2.m1">k=0(.01)</Math> 1 to 10D by Fettis and Caslin (1964), and for <Math mode="inline" xml:id="C19.S37.Px1.p2.m2">k=0(.02)</Math> 1 to 7D by Zhang and Jin (1996, p. 673).
</sentence>

</para>
 
<para xml:id="C19.S37.Px1.p3">

<sentence sentence-num-in-para="1" sentence-num-in-section="4" xml:id="C19.S37.Px1.p3.s1">
Tabulated for <Math mode="inline" xml:id="C19.S37.Px1.p3.m1">\operatorname{arcsin}k=0(1^{\circ})90^{\circ}</Math> to 6D byByrd and Friedman (1971) and to 15D by Abramowitz and Stegun (1964, Chapter 17).
</sentence>

</para>

 
</paragraph>
 
<paragraph xml:id="C19.S37.Px2">
<title>Functions <Math mode="inline" xml:id="C19.S37.Px2.m1">K\left(k\right)</Math>, <Math mode="inline" xml:id="C19.S37.Px2.m2">{K^{\prime}}\left(k\right)</Math>, and<Math mode="inline" xml:id="C19.S37.Px2.m3">i{K^{\prime}}\left(k\right)/K\left(k\right)</Math></title>   
<para xml:id="C19.S37.Px2.p1">

<sentence sentence-num-in-para="1" sentence-num-in-section="5" xml:id="C19.S37.Px2.p1.s1">
Tabulated with <Math mode="inline" xml:id="C19.S37.Px2.p1.m1">k=R{\mathrm{e}^{i\theta}}</Math> for <Math mode="inline" xml:id="C19.S37.Px2.p1.m2">R=0(.01)</Math> 1 and <Math mode="inline" xml:id="C19.S37.Px2.p1.m3">\theta=0(1^{\circ})90^{\circ}</Math> to 11D by Fettis and Caslin (1969).
</sentence>

</para>
 
</paragraph>
 
<paragraph xml:id="C19.S37.Px3">
<title>Function <Math mode="inline" xml:id="C19.S37.Px3.m1">\exp\left(-\pi{K^{\prime}}\left(k\right)/K\left(k\right)\right)(=q(k))</Math></title>   
<para xml:id="C19.S37.Px3.p1">

<sentence sentence-num-in-para="1" sentence-num-in-section="6" xml:id="C19.S37.Px3.p1.s1">
Tabulated for <Math mode="inline" xml:id="C19.S37.Px3.p1.m1">k^{2}=0(.01)</Math> 1 to 6D by Byrd and Friedman (1971) and to 15D byAbramowitz and Stegun (1964, Chapter 17).
</sentence>

</para>
 
<para xml:id="C19.S37.Px3.p2">

<sentence sentence-num-in-para="1" sentence-num-in-section="7" xml:id="C19.S37.Px3.p2.s1">
Tabulated for <Math mode="inline" xml:id="C19.S37.Px3.p2.m1">\operatorname{arcsin}k=0(1^{\circ})90^{\circ}</Math> to 6D byByrd and Friedman (1971) and to 15D by Abramowitz and Stegun (1964, Chapter 17).
</sentence>

</para>
 
<para xml:id="C19.S37.Px3.p3">

<sentence sentence-num-in-para="1" sentence-num-in-section="8" xml:id="C19.S37.Px3.p3.s1">
Tabulated for <Math mode="inline" xml:id="C19.S37.Px3.p3.m1">k^{2}=0(.001)</Math> 1 to 8D by Beli͡akov et al. (1962).
</sentence>

</para>
 
</paragraph>
 
</subsection>
 
<subsection xml:id="C19.S37.SS3">
<title>Legendre’s Incomplete Integrals</title>        
 
<paragraph xml:id="C19.S37.Px4">
<title>Functions <Math mode="inline" xml:id="C19.S37.Px4.m1">F\left(\phi,k\right)</Math> and <Math mode="inline" xml:id="C19.S37.Px4.m2">E\left(\phi,k\right)</Math></title>   
<para xml:id="C19.S37.Px4.p1">

<sentence sentence-num-in-para="1" sentence-num-in-section="9" xml:id="C19.S37.Px4.p1.s1">
Tabulated for <Math mode="inline" xml:id="C19.S37.Px4.p1.m1">\phi=0(5^{\circ})90^{\circ}</Math> , <Math mode="inline" xml:id="C19.S37.Px4.p1.m2">k^{2}=0(.01)</Math> 1 to 10D byFettis and Caslin (1964).
</sentence>

</para>
 
<para xml:id="C19.S37.Px4.p2">

<sentence sentence-num-in-para="1" sentence-num-in-section="10" xml:id="C19.S37.Px4.p2.s1">
Tabulated for <Math mode="inline" xml:id="C19.S37.Px4.p2.m1">\phi=0(1^{\circ})90^{\circ}</Math> , <Math mode="inline" xml:id="C19.S37.Px4.p2.m2">k^{2}=0(.01)</Math> 1 to 7S byBeli͡akov et al. (1962).
</sentence>

<sentence sentence-num-in-para="2" sentence-num-in-section="11" xml:id="C19.S37.Px4.p2.s2">
( <Math mode="inline" xml:id="C19.S37.Px4.p2.m3">F\left(\phi,k\right)</Math> is presented as <Math mode="inline" xml:id="C19.S37.Px4.p2.m4">\Pi\left(\phi,0,k\right)</Math>.
</sentence>

<sentence sentence-num-in-para="3" sentence-num-in-section="12" xml:id="C19.S37.Px4.p2.s3">
)
</sentence>

</para>
 
<para xml:id="C19.S37.Px4.p3">

<sentence sentence-num-in-para="1" sentence-num-in-section="13" xml:id="C19.S37.Px4.p3.s1">
Tabulated for <Math mode="inline" xml:id="C19.S37.Px4.p3.m1">\phi=0(5^{\circ})90^{\circ}</Math> , <Math mode="inline" xml:id="C19.S37.Px4.p3.m2">k=0(.01)</Math> 1 to 10D byFettis and Caslin (1964).
</sentence>

</para>
 
<para xml:id="C19.S37.Px4.p4">

<sentence sentence-num-in-para="1" sentence-num-in-section="14" xml:id="C19.S37.Px4.p4.s1">
Tabulated for <Math mode="inline" xml:id="C19.S37.Px4.p4.m1">\phi=0(5^{\circ})90^{\circ}</Math> , <Math mode="inline" xml:id="C19.S37.Px4.p4.m2">\operatorname{arcsin}k=0(1^{\circ})90^{\circ}</Math> to 6D by Byrd and Friedman (1971), for <Math mode="inline" xml:id="C19.S37.Px4.p4.m3">\phi=0(5^{\circ})90^{\circ}</Math> , <Math mode="inline" xml:id="C19.S37.Px4.p4.m4">\operatorname{arcsin}k=0(2^{\circ})90^{\circ}</Math> and <Math mode="inline" xml:id="C19.S37.Px4.p4.m5">5^{\circ}(10^{\circ})85^{\circ}</Math> to 8D byAbramowitz and Stegun (1964, Chapter 17), and for <Math mode="inline" xml:id="C19.S37.Px4.p4.m6">\phi=0(10^{\circ})90^{\circ}</Math> , <Math mode="inline" xml:id="C19.S37.Px4.p4.m7">\operatorname{arcsin}k=0(5^{\circ})90^{\circ}</Math> to 9D byZhang and Jin (1996, pp. 674–675).
</sentence>

</para>
 
</paragraph>
 
<paragraph xml:id="C19.S37.Px5">
<title>Function <Math mode="inline" xml:id="C19.S37.Px5.m1">\Pi\left(\phi,\alpha^{2},k\right)</Math></title>   
<para xml:id="C19.S37.Px5.p1">

<sentence sentence-num-in-para="1" sentence-num-in-section="15" xml:id="C19.S37.Px5.p1.s1">
Tabulated (with different notation) for <Math mode="inline" xml:id="C19.S37.Px5.p1.m1">\phi=0(15^{\circ})90^{\circ}</Math> , <Math mode="inline" xml:id="C19.S37.Px5.p1.m2">\alpha^{2}=0(.1)</Math> 1, <Math mode="inline" xml:id="C19.S37.Px5.p1.m3">\operatorname{arcsin}k=0(15^{\circ})90^{\circ}</Math> to 5D byAbramowitz and Stegun (1964, Chapter 17), and for <Math mode="inline" xml:id="C19.S37.Px5.p1.m4">\phi=0(15^{\circ})90^{\circ}</Math> , <Math mode="inline" xml:id="C19.S37.Px5.p1.m5">\alpha^{2}=0(.1)</Math> 1, <Math mode="inline" xml:id="C19.S37.Px5.p1.m6">\operatorname{arcsin}k=0(15^{\circ})90^{\circ}</Math> to 7D by Zhang and Jin (1996, pp. 676–677).
</sentence>

</para>
 
<para xml:id="C19.S37.Px5.p2">

<sentence sentence-num-in-para="1" sentence-num-in-section="16" xml:id="C19.S37.Px5.p2.s1">
Tabulated for <Math mode="inline" xml:id="C19.S37.Px5.p2.m1">\phi=5^{\circ}(5^{\circ})80^{\circ}(2.5^{\circ})90^{\circ</Math> }, <Math mode="inline" xml:id="C19.S37.Px5.p2.m2">\alpha^{2}=-1(.1)-0.1,0.1(.1)</Math> 1, <Math mode="inline" xml:id="C19.S37.Px5.p2.m3">k^{2}=0(.05)0.9(.02)</Math> 1 to 10D byFettis and Caslin (1964) (and warns of inaccuracies inSelfridge and Maxfield (1958) and Paxton and Rollin (1959)).
</sentence>

</para>
 
<para xml:id="C19.S37.Px5.p3">

<sentence sentence-num-in-para="1" sentence-num-in-section="17" xml:id="C19.S37.Px5.p3.s1">
Tabulated for <Math mode="inline" xml:id="C19.S37.Px5.p3.m1">\phi=0(1^{\circ})90^{\circ}</Math> , <Math mode="inline" xml:id="C19.S37.Px5.p3.m2">\alpha^{2}=0(.05)0.85,0.88(.02)0.94(.01)0.98(.005)</Math> 1, <Math mode="inline" xml:id="C19.S37.Px5.p3.m3">k^{2}=0(.01)</Math> 1 to 7S byBeli͡akov et al. (1962).
</sentence>

</para>
 
</paragraph>
 
</subsection>
 
<subsection xml:id="C19.S37.SS4">
<title>Symmetric Integrals</title>        
  
<paragraph xml:id="C19.S37.Px6">
<title>Functions <Math mode="inline" xml:id="C19.S37.Px6.m1">R_{F}\left(x^{2},1,y^{2}\right)</Math> and <Math mode="inline" xml:id="C19.S37.Px6.m2">R_{G}\left(x^{2},1,y^{2}\right)</Math></title>   
<para xml:id="C19.S37.Px6.p1">

<sentence sentence-num-in-para="1" sentence-num-in-section="18" xml:id="C19.S37.Px6.p1.s1">
Tabulated for <Math mode="inline" xml:id="C19.S37.Px6.p1.m1">x=0(.1)</Math> 1, <Math mode="inline" xml:id="C19.S37.Px6.p1.m2">y=1(.2)</Math> 6 to 3D by Nellis and Carlson (1966).
</sentence>

</para>
 
</paragraph>
 
<paragraph xml:id="C19.S37.Px7">
<title>Function <Math mode="inline" xml:id="C19.S37.Px7.m1">R_{F}\left(a^{2},b^{2},c^{2}\right)</Math> with <Math mode="inline" xml:id="C19.S37.Px7.m2">abc=1</Math></title>   
<para xml:id="C19.S37.Px7.p1">

<sentence sentence-num-in-para="1" sentence-num-in-section="19" xml:id="C19.S37.Px7.p1.s1">
Tabulated for <Math mode="inline" xml:id="C19.S37.Px7.p1.m1">\sigma=0(.05)0.5(.1)1(.2)2(.5)</Math> 5, <Math mode="inline" xml:id="C19.S37.Px7.p1.m2">\cos\left(3\gamma\right)=-1(.2)</Math> 1 to 5D by Carlson (1961a).
</sentence>

<sentence sentence-num-in-para="2" sentence-num-in-section="20" xml:id="C19.S37.Px7.p1.s2">
Here <Math mode="inline" xml:id="C19.S37.Px7.p1.m3">\sigma^{2}=\tfrac{2}{3}((\ln a)^{2}+(\ln b)^{2}+(\ln c)^{2})</Math> , <Math mode="inline" xml:id="C19.S37.Px7.p1.m4">\cos\left(3\gamma\right)=(4/\sigma^{3})(\ln a)(\ln b)(\ln c)</Math> , and <Math mode="inline" xml:id="C19.S37.Px7.p1.m5">a,b,c</Math> are semiaxes of an ellipsoid with the same volume as the unit sphere.
</sentence>

</para>

 
</paragraph>
 
<paragraph xml:id="C19.S37.Px8">
<title>Check Values</title>   
<para xml:id="C19.S37.Px8.p1">

<sentence sentence-num-in-para="1" sentence-num-in-section="21" xml:id="C19.S37.Px8.p1.s1">
For check values of symmetric integrals with real or complex variables to 14S see Carlson (1995).
</sentence>

</para>
 
</paragraph>
 
</subsection>
 
</section>
