<?xml version="1.0" encoding="UTF-8"?>
<section xml:id="C19.S30">
<title>Lengths of Plane Curves</title>          
<subsection xml:id="C19.S30.SS1">
<title>Ellipse</title>           
<para xml:id="C19.S30.SS1.p1">

<sentence sentence-num-in-para="1" sentence-num-in-section="1" xml:id="C19.S30.SS1.p1.s1">
The arclength <Math mode="inline" xml:id="C19.S30.SS1.p1.m1">s</Math> of the ellipse <Math equation-number="19.30.1" mode="display" xml:id="C19.S30.E1">x=a\sin\phi,y=b\cos\phi, , if 0\leq\phi\leq 2\pi,</Math> with <Math mode="inline" xml:id="C19.S30.SS1.p1.m2">a&gt;b</Math> , is given by <Math equation-number="19.30.2" mode="display" xml:id="C19.S30.E2">s=a\int_{0}^{\phi}\sqrt{1-k^{2}{\sin^{2}}\theta}\mathrm{d}\theta</Math>.
</sentence>

<sentence sentence-num-in-para="2" sentence-num-in-section="2" xml:id="C19.S30.SS1.p1.s2">
When <Math mode="inline" xml:id="C19.S30.SS1.p1.m3">0\leq\phi\leq\tfrac{1}{2}\pi</Math> , <Math equation-number="19.30.3" mode="display" xml:id="C19.S30.E3">s/a=E\left(\phi,k\right)={R_{F}\left(c-1,c-k^{2},c\right)-\tfrac{1}{3}k^{2}R_{ D}\left(c-1,c-k^{2},c\right)},</Math> where
</sentence>

</para>
 
<para xml:id="C19.S30.SS1.p2">

<sentence sentence-num-in-para="1" sentence-num-in-section="3" xml:id="C19.S30.SS1.p2.s1">
 <Math equation-number="19.30.4" mode="display" xml:id="C19.S30.E4">k^{2}=1-(b^{2}/a^{2}),c={\csc^{2}}\phi</Math>.
</sentence>

<sentence sentence-num-in-para="2" sentence-num-in-section="4" xml:id="C19.S30.SS1.p2.s2">
Cancellation on the second right-hand side of (19.30.3) can be avoided by use of (19.25.10).
</sentence>

</para>
 
<para xml:id="C19.S30.SS1.p3">

<sentence sentence-num-in-para="1" sentence-num-in-section="5" xml:id="C19.S30.SS1.p3.s1">
The length of the ellipse is <Math equation-number="19.30.5" mode="display" xml:id="C19.S30.E5">L(a,b)=4aE\left(k\right)=8aR_{G}\left(0,b^{2}/a^{2},1\right)=8\!R_{G}\left(0,a ^{2},b^{2}\right)=8abR_{G}\left(0,a^{-2},b^{-2}\right),</Math> showing the symmetry in <Math mode="inline" xml:id="C19.S30.SS1.p3.m1">a</Math> and <Math mode="inline" xml:id="C19.S30.SS1.p3.m2">b</Math>.
</sentence>

<sentence sentence-num-in-para="2" sentence-num-in-section="6" xml:id="C19.S30.SS1.p3.s2">
Approximations and inequalities for <Math mode="inline" xml:id="C19.S30.SS1.p3.m3">L(a,b)</Math> are given in §19.9(i).
</sentence>

</para>
 
<para xml:id="C19.S30.SS1.p4">

<sentence sentence-num-in-para="1" sentence-num-in-section="7" xml:id="C19.S30.SS1.p4.s1">
Let <Math mode="inline" xml:id="C19.S30.SS1.p4.m1">a^{2}</Math> and <Math mode="inline" xml:id="C19.S30.SS1.p4.m2">b^{2}</Math> be replaced respectively by <Math mode="inline" xml:id="C19.S30.SS1.p4.m3">a^{2}+\lambda</Math> and <Math mode="inline" xml:id="C19.S30.SS1.p4.m4">b^{2}+\lambda</Math> , where <Math mode="inline" xml:id="C19.S30.SS1.p4.m5">\lambda\in(-b^{2},\infty)</Math> , to produce a family of confocal ellipses.
</sentence>

<sentence sentence-num-in-para="2" sentence-num-in-section="8" xml:id="C19.S30.SS1.p4.s2">
As <Math mode="inline" xml:id="C19.S30.SS1.p4.m6">\lambda</Math> increases, the eccentricity <Math mode="inline" xml:id="C19.S30.SS1.p4.m7">k</Math> decreases and the rate of change of arclength for a fixed value of <Math mode="inline" xml:id="C19.S30.SS1.p4.m8">\phi</Math> is given by <Math equation-number="19.30.6" mode="display" xml:id="C19.S30.E6">\frac{\partial s}{\partial(1/k)}=\sqrt{a^{2}-b^{2}}F\left(\phi,k\right)=\sqrt{ a^{2}-b^{2}}R_{F}\left(c-1,c-k^{2},c\right), if k^{2}=(a^{2}-b^{2})/(a^{2}+\lambda), c={\csc^{2}}\phi</Math>.
</sentence>

</para>
 
</subsection>
 
<subsection xml:id="C19.S30.SS2">
<title>Hyperbola</title>           
<para xml:id="C19.S30.SS2.p1">

<sentence sentence-num-in-para="1" sentence-num-in-section="9" xml:id="C19.S30.SS2.p1.s1">
The arclength <Math mode="inline" xml:id="C19.S30.SS2.p1.m1">s</Math> of the hyperbola <Math equation-number="19.30.7" mode="display" xml:id="C19.S30.E7">x=a\sqrt{t+1},y=b\sqrt{t}, , if 0\leq t&lt;\infty,</Math> is given by <Math equation-number="19.30.8" mode="display" xml:id="C19.S30.E8">s=\frac{1}{2}\int_{0}^{y^{2}/b^{2}}\sqrt{\frac{(a^{2}+b^{2})t+b^{2}}{t(t+1)}} \mathrm{d}t</Math>.
</sentence>

<sentence sentence-num-in-para="2" sentence-num-in-section="10" xml:id="C19.S30.SS2.p1.s2">
From (19.29.7), with <Math mode="inline" xml:id="C19.S30.SS2.p1.m2">a_{\delta}=1</Math> and <Math mode="inline" xml:id="C19.S30.SS2.p1.m3">b_{\delta}=0</Math> , <Math equation-number="19.30.9" mode="display" xml:id="C19.S30.E9">s=\tfrac{1}{2}I(\mathbf{e}_{1})=-\tfrac{1}{3}a^{2}b^{2}R_{D}\left(r,r+b^{2}+a^ {2},r+b^{2}\right)+y\sqrt{\frac{r+b^{2}+a^{2}}{r+b^{2}}}, if r=b^{4}/y^{2}</Math>.
</sentence>

</para>
 
<para xml:id="C19.S30.SS2.p2">

<sentence sentence-num-in-para="1" sentence-num-in-section="11" xml:id="C19.S30.SS2.p2.s1">
For <Math mode="inline" xml:id="C19.S30.SS2.p2.m1">s</Math> in terms of <Math mode="inline" xml:id="C19.S30.SS2.p2.m2">E\left(\phi,k\right)</Math> , <Math mode="inline" xml:id="C19.S30.SS2.p2.m3">F\left(\phi,k\right)</Math> , and an algebraic term, see Byrd and Friedman (1971, p. 3).
</sentence>

<sentence sentence-num-in-para="2" sentence-num-in-section="12" xml:id="C19.S30.SS2.p2.s2">
SeeCarlson (1977b, Ex. 9.4-1 and (9.4-4)) for arclengths of hyperbolas and ellipses in terms of <Math mode="inline" xml:id="C19.S30.SS2.p2.m4">R_{-a}</Math> that differ only in the sign of <Math mode="inline" xml:id="C19.S30.SS2.p2.m5">b^{2}</Math>.
</sentence>

</para>
 
</subsection>
 
<subsection xml:id="C19.S30.SS3">
<title>Bernoulli’s Lemniscate</title>           
<para xml:id="C19.S30.SS3.p1">

<sentence sentence-num-in-para="1" sentence-num-in-section="13" xml:id="C19.S30.SS3.p1.s1">
For <Math mode="inline" xml:id="C19.S30.SS3.p1.m1">0\leq\theta\leq\tfrac{1}{4}\pi</Math> , the arclength <Math mode="inline" xml:id="C19.S30.SS3.p1.m2">s</Math> of Bernoulli’s lemniscate <Math equation-number="19.30.10" mode="display" xml:id="C19.S30.E10">r^{2}=2a^{2}\cos\left(2\theta\right), if 0\leq\theta\leq 2\pi,</Math> is given by <Math equation-number="19.30.11" mode="display" xml:id="C19.S30.E11">s=2a^{2}\int_{0}^{r}\frac{\mathrm{d}t}{\sqrt{4a^{4}-t^{4}}}=\sqrt{2a^{2}}R_{F} \left(q-1,q,q+1\right), if q=2a^{2}/r^{2}=\sec\left(2\theta\right),</Math> or equivalently, <Math equation-number="19.30.12" mode="display" xml:id="C19.S30.E12">s=aF\left(\phi,1/\sqrt{2}\right), if \phi=\operatorname{arcsin}\sqrt{2/(q+1)}=\operatorname{arccos}\left(\tan\theta\right)</Math>.
</sentence>

<sentence sentence-num-in-para="2" sentence-num-in-section="14" xml:id="C19.S30.SS3.p1.s2">
The perimeter length <Math mode="inline" xml:id="C19.S30.SS3.p1.m3">P</Math> of the lemniscate is given by <Math equation-number="19.30.13" mode="display" xml:id="C19.S30.E13">P=4\sqrt{2a^{2}}R_{F}\left(0,1,2\right)=\sqrt{2a^{2}}\times 5.24411\;51\ldots= 4aK\left(1/\sqrt{2}\right)=a\times 7.41629\;87\dots</Math>.
</sentence>

</para>

 
<para xml:id="C19.S30.SS3.p2">

<sentence sentence-num-in-para="1" sentence-num-in-section="15" xml:id="C19.S30.SS3.p2.s1">
For other plane curves with arclength representable by an elliptic integral see Greenhill (1892, p. 190) and Bowman (1953, pp. 32–33).
</sentence>

</para>
 
</subsection>
 
</section>
