<?xml version="1.0" encoding="UTF-8"?>
<section xml:id="C19.S32">
<title>Conformal Map onto a Rectangle</title>        
  
<para xml:id="C19.S32.p1">

<sentence sentence-num-in-para="1" sentence-num-in-section="1" xml:id="C19.S32.p1.s1">
The function <Math equation-number="19.32.1" mode="display" xml:id="C19.S32.E1">z(p)=R_{F}\left(p-x_{1},p-x_{2},p-x_{3}\right),</Math> with <Math mode="inline" xml:id="C19.S32.p1.m1">x_{1},x_{2},x_{3}</Math> real constants, has differential <Math equation-number="19.32.2" mode="display" xml:id="C19.S32.E2">\mathrm{d}z=-\frac{1}{2}\left(\prod_{j=1}^{3}(p-x_{j})^{-1/2}\right)\mathrm{d}p, if \Im p&gt;0; 0&lt;\operatorname{ph}\left(p-x_{j}\right)&lt;\pi, j=1,2,3</Math>.
</sentence>

<sentence sentence-num-in-para="2" sentence-num-in-section="2" xml:id="C19.S32.p1.s2">
If <Math equation-number="19.32.3" mode="display" xml:id="C19.S32.E3">x_{1}&gt;x_{2}&gt;x_{3},</Math> then <Math mode="inline" xml:id="C19.S32.p1.m2">z(p)</Math> is a Schwartz–Christoffel mapping of the open upper-half <Math mode="inline" xml:id="C19.S32.p1.m3">p</Math> -plane onto the interior of the rectangle in the <Math mode="inline" xml:id="C19.S32.p1.m4">z</Math> -plane with vertices <Math equation-number="19.32.4" mode="display" xml:id="C19.S32.E4">z(\infty)=0,z(x_{1})=R_{F}\left(0,x_{1}-x_{2},x_{1}-x_{3}\right)\quad\text{($&gt;0$)},z(x_{2})=z(x_{1})+z(x_{3}),z(x_{3})=R_{F}\left(x_{3}-x_{1},x_{3}-x_{2},0\right)=-iR_{F}\left(0,x_{1}-x_{3 },x_{2}-x_{3}\right)</Math>.
</sentence>

<sentence sentence-num-in-para="3" sentence-num-in-section="3" xml:id="C19.S32.p1.s3">
As <Math mode="inline" xml:id="C19.S32.p1.m5">p</Math> proceeds along the entire real axis with the upper half-plane on the right, <Math mode="inline" xml:id="C19.S32.p1.m6">z</Math> describes the rectangle in the clockwise direction; hence <Math mode="inline" xml:id="C19.S32.p1.m7">z(x_{3})</Math> is negative imaginary.
</sentence>

</para>
 
<para xml:id="C19.S32.p2">

<sentence sentence-num-in-para="1" sentence-num-in-section="4" xml:id="C19.S32.p2.s1">
For further connections between elliptic integrals and conformal maps, seeBowman (1953, pp. 44–85).
</sentence>

</para>

 
</section>
