<?xml version="1.0" encoding="UTF-8"?>
<section xml:id="C19.S33">
<title>Triaxial Ellipsoids</title>          
<subsection xml:id="C19.S33.SS1">
<title>Surface Area</title>          
<para xml:id="C19.S33.SS1.p1">

<sentence sentence-num-in-para="1" sentence-num-in-section="1" xml:id="C19.S33.SS1.p1.s1">
The surface area of an ellipsoid with semiaxes <Math mode="inline" xml:id="C19.S33.SS1.p1.m1">a,b,c</Math> , and volume <Math mode="inline" xml:id="C19.S33.SS1.p1.m2">V=4\pi abc/3</Math> is given by <Math equation-number="19.33.1" mode="display" xml:id="C19.S33.E1">S=3VR_{G}\left(a^{-2},b^{-2},c^{-2}\right),</Math> or equivalently, <Math equation-number="19.33.2" mode="display" xml:id="C19.S33.E2">\frac{S}{2\pi}=c^{2}+\frac{ab}{\sin\phi}\left(E\left(\phi,k\right){\sin^{2}} \phi+F\left(\phi,k\right){\cos^{2}}\phi\right), if a\geq b\geq c,</Math> where <Math equation-number="19.33.3" mode="display" xml:id="C19.S33.E3">\cos\phi=\frac{c}{a},k^{2}=\frac{a^{2}(b^{2}-c^{2})}{b^{2}(a^{2}-c^{2})}</Math>.
</sentence>

</para>
 
<para xml:id="C19.S33.SS1.p2">

<sentence sentence-num-in-para="1" sentence-num-in-section="2" xml:id="C19.S33.SS1.p2.s1">
Application of (19.16.23) transforms the last quantity in (19.30.5) into a two-dimensional analog of (19.33.1).
</sentence>

</para>
 
<para xml:id="C19.S33.SS1.p3">

<sentence sentence-num-in-para="1" sentence-num-in-section="3" xml:id="C19.S33.SS1.p3.s1">
For additional geometrical properties of ellipsoids (and ellipses), seeCarlson (1964, p. 417).
</sentence>

</para>
 
</subsection>
 
<subsection xml:id="C19.S33.SS2">
<title>Potential of a Charged Conducting Ellipsoid</title>             
<para xml:id="C19.S33.SS2.p1">

<sentence sentence-num-in-para="1" sentence-num-in-section="4" xml:id="C19.S33.SS2.p1.s1">
If a conducting ellipsoid with semiaxes <Math mode="inline" xml:id="C19.S33.SS2.p1.m1">a,b,c</Math> bears an electric charge <Math mode="inline" xml:id="C19.S33.SS2.p1.m2">Q</Math> , then the equipotential surfaces in the exterior region are confocal ellipsoids: <Math equation-number="19.33.4" mode="display" xml:id="C19.S33.E4">\frac{x^{2}}{a^{2}+\lambda}+\frac{y^{2}}{b^{2}+\lambda}+\frac{z^{2}}{c^{2}+ \lambda}=1, if \lambda\geq 0.</Math>
</sentence>

<sentence sentence-num-in-para="2" sentence-num-in-section="5" xml:id="C19.S33.SS2.p1.s2">
The potential is <Math equation-number="19.33.5" mode="display" xml:id="C19.S33.E5">V(\lambda)=QR_{F}\left(a^{2}+\lambda,b^{2}+\lambda,c^{2}+\lambda\right),</Math> and the electric capacity <Math mode="inline" xml:id="C19.S33.SS2.p1.m3">C=Q/V(0)</Math> is given by <Math equation-number="19.33.6" mode="display" xml:id="C19.S33.E6">1/C=R_{F}\left(a^{2},b^{2},c^{2}\right)</Math>.
</sentence>

</para>
 
<para xml:id="C19.S33.SS2.p2">

<sentence sentence-num-in-para="1" sentence-num-in-section="6" xml:id="C19.S33.SS2.p2.s1">
A conducting elliptic disk is included as the case <Math mode="inline" xml:id="C19.S33.SS2.p2.m1">c=0</Math>.
</sentence>

</para>
 
</subsection>
 
<subsection xml:id="C19.S33.SS3">
<title>Depolarization Factors</title>          
<para xml:id="C19.S33.SS3.p1">

<sentence sentence-num-in-para="1" sentence-num-in-section="7" xml:id="C19.S33.SS3.p1.s1">
Let a homogeneous magnetic ellipsoid with semiaxes <Math mode="inline" xml:id="C19.S33.SS3.p1.m1">a,b,c</Math> , volume <Math mode="inline" xml:id="C19.S33.SS3.p1.m2">V=4\pi abc/3</Math> , and susceptibility <Math mode="inline" xml:id="C19.S33.SS3.p1.m3">\chi</Math> be placed in a previously uniform magnetic field <Math mode="inline" xml:id="C19.S33.SS3.p1.m4">H</Math> parallel to the principal axis with semiaxis <Math mode="inline" xml:id="C19.S33.SS3.p1.m5">c</Math>.
</sentence>

<sentence sentence-num-in-para="2" sentence-num-in-section="8" xml:id="C19.S33.SS3.p1.s2">
The external field and the induced magnetization together produce a uniform field inside the ellipsoid with strength <Math mode="inline" xml:id="C19.S33.SS3.p1.m6">H/(1+L_{c}\chi)</Math> , where <Math mode="inline" xml:id="C19.S33.SS3.p1.m7">L_{c}</Math> is the demagnetizing factor, given in cgs units by <Math equation-number="19.33.7" mode="display" xml:id="C19.S33.E7">L_{c}=2\pi abc\int_{0}^{\infty}\frac{\mathrm{d}\lambda}{\sqrt{(a^{2}+\lambda)( b^{2}+\lambda)(c^{2}+\lambda)^{3}}}=VR_{D}\left(a^{2},b^{2},c^{2}\right)</Math>.
</sentence>

</para>
 
<para xml:id="C19.S33.SS3.p2">

<sentence sentence-num-in-para="1" sentence-num-in-section="9" xml:id="C19.S33.SS3.p2.s1">
The same result holds for a homogeneous dielectric ellipsoid in an electric field.
</sentence>

<sentence sentence-num-in-para="2" sentence-num-in-section="10" xml:id="C19.S33.SS3.p2.s2">
By (19.21.8),
</sentence>

<sentence sentence-num-in-para="3" sentence-num-in-section="11" xml:id="C19.S33.SS3.p2.s3">
<Math equation-number="19.33.8" mode="display" xml:id="C19.S33.E8">L_{a}+L_{b}+L_{c}=4\pi,</Math> where <Math mode="inline" xml:id="C19.S33.SS3.p2.m1">L_{a}</Math> and <Math mode="inline" xml:id="C19.S33.SS3.p2.m2">L_{b}</Math> are obtained from <Math mode="inline" xml:id="C19.S33.SS3.p2.m3">L_{c}</Math> by permutation of <Math mode="inline" xml:id="C19.S33.SS3.p2.m4">a</Math> , <Math mode="inline" xml:id="C19.S33.SS3.p2.m5">b</Math> , and <Math mode="inline" xml:id="C19.S33.SS3.p2.m6">c</Math>.
</sentence>

<sentence sentence-num-in-para="4" sentence-num-in-section="12" xml:id="C19.S33.SS3.p2.s4">
Expressions in terms of Legendre’s integrals, numerical tables, andfurther references are given by Cronemeyer (1991).
</sentence>

</para>
 
</subsection>
 
<subsection xml:id="C19.S33.SS4">
<title>Self-Energy of an Ellipsoidal Distribution</title>          
<para xml:id="C19.S33.SS4.p1">

<sentence sentence-num-in-para="1" sentence-num-in-section="13" xml:id="C19.S33.SS4.p1.s1">
Ellipsoidal distributions of charge or mass are used to model certain atomic nuclei and some elliptical galaxies.
</sentence>

<sentence sentence-num-in-para="2" sentence-num-in-section="14" xml:id="C19.S33.SS4.p1.s2">
Let the density of charge or mass be <Math equation-number="19.33.9" mode="display" xml:id="C19.S33.E9">\rho(x,y,z)=f\left(\sqrt{(x^{2}/\alpha^{2})+(y^{2}/\beta^{2})+(z^{2}/\gamma^{2 })}\right),</Math> where <Math mode="inline" xml:id="C19.S33.SS4.p1.m1">\alpha,\beta,\gamma</Math> are dimensionless positive constants.
</sentence>

<sentence sentence-num-in-para="3" sentence-num-in-section="15" xml:id="C19.S33.SS4.p1.s3">
The contours of constant density are a family of similar, rather than confocal, ellipsoids.
</sentence>

<sentence sentence-num-in-para="4" sentence-num-in-section="16" xml:id="C19.S33.SS4.p1.s4">
In suitable units the self-energy of the distribution is given by <Math equation-number="19.33.10" mode="display" xml:id="C19.S33.E10">U=\frac{1}{2}\int_{{\mathbb{R}^{6}}}\frac{\rho(x,y,z)\rho(x^{\prime},y^{\prime },z^{\prime})\mathrm{d}x\mathrm{d}y\mathrm{d}z\mathrm{d}x^{\prime}\mathrm{d}y^ {\prime}\mathrm{d}z^{\prime}}{\sqrt{(x-x^{\prime})^{2}+(y-y^{\prime})^{2}+(z-z ^{\prime})^{2}}}</Math>.
</sentence>

<sentence sentence-num-in-para="5" sentence-num-in-section="17" xml:id="C19.S33.SS4.p1.s5">
Subject to mild conditions on <Math mode="inline" xml:id="C19.S33.SS4.p1.m2">f</Math> this becomes <Math equation-number="19.33.11" mode="display" xml:id="C19.S33.E11">U=\tfrac{1}{2}(\alpha\beta\gamma)^{2}R_{F}\left(\alpha^{2},\beta^{2},\gamma^{2 }\right)\int_{0}^{\infty}(g(r))^{2}\mathrm{d}r,</Math> where <Math equation-number="19.33.12" mode="display" xml:id="C19.S33.E12">g(r)=4\pi\int_{r}^{\infty}f(t)t\mathrm{d}t</Math>.
</sentence>

</para>
 
</subsection>
 
</section>
