<?xml version="1.0" encoding="UTF-8"?>
<section xml:id="C19.S6">
<title>Special Cases</title>           
<subsection xml:id="C19.S6.SS1">
<title>Complete Elliptic Integrals</title>         
<para xml:id="C19.S6.SS1.p1">

<sentence sentence-num-in-para="1" sentence-num-in-section="1" xml:id="C19.S6.SS1.p1.s1">
 <Math equation-number="19.6.1" mode="display" xml:id="C19.S6.E1">K\left(0\right)=E\left(0\right)={K^{\prime}}\left(1\right)={E^{\prime}}\left(1 \right)=\tfrac{1}{2}\pi,K\left(1\right)={K^{\prime}}\left(0\right)=\infty,E\left(1\right)={E^{\prime}}\left(0\right)=1</Math>.
</sentence>

<sentence sentence-num-in-para="2" sentence-num-in-section="2" xml:id="C19.S6.SS1.p1.s2">
<Math equation-number="19.6.2" mode="display" xml:id="C19.S6.E2">\Pi\left(k^{2},k\right)=E\left(k\right)/{k^{\prime}}^{2}, if k^{2}&lt;1, //// \Pi\left(-k,k\right)=\tfrac{1}{4}\pi(1+k)^{-1}+\tfrac{1}{2}K\left(k\right), if 0\leq k^{2}&lt;1</Math>.
</sentence>

</para>

 
<para xml:id="C19.S6.SS1.p2">

<sentence sentence-num-in-para="1" sentence-num-in-section="3" xml:id="C19.S6.SS1.p2.s1">
 <Math equation-number="19.6.3" mode="display" xml:id="C19.S6.E3">\Pi\left(\alpha^{2},0\right)=\pi/(2\sqrt{1-\alpha^{2}}),\quad\Pi\left(0,k \right)=K\left(k\right), if -\infty&lt;\alpha^{2}&lt;1</Math>.
</sentence>

<sentence sentence-num-in-para="2" sentence-num-in-section="4" xml:id="C19.S6.SS1.p2.s2">
<Math equation-number="19.6.4" mode="display" xml:id="C19.S6.E4">\Pi\left(\alpha^{2},k\right)\to+\infty, if \alpha^{2}\to 1-, //// \Pi\left(\alpha^{2},k\right)\to\infty\operatorname{sign}\left(1-\alpha^{2} \right), if k^{2}\to 1-</Math>.
</sentence>

</para>
 
<para xml:id="C19.S6.SS1.p3">

<sentence sentence-num-in-para="1" sentence-num-in-section="5" xml:id="C19.S6.SS1.p3.s1">
If <Math mode="inline" xml:id="C19.S6.SS1.p3.m1">1&lt;\alpha^{2}&lt;\infty</Math> , then the Cauchy principal value satisfies <Math equation-number="19.6.5" mode="display" xml:id="C19.S6.E5">\Pi\left(\alpha^{2},k\right)=K\left(k\right)-\Pi\left(k^{2}/\alpha^{2},k\right),</Math> and <Math equation-number="19.6.6" mode="display" xml:id="C19.S6.E6">\Pi\left(\alpha^{2},0\right)=0, //// \Pi\left(\alpha^{2},k\right)\to K\left(k\right)-\left(E\left(k\right)/{k^{ \prime}}^{2}\right), if \alpha^{2}\to 1+, //// \Pi\left(\alpha^{2},k\right)\to-\infty, if k^{2}\rightarrow 1-</Math>.
</sentence>

</para>
 
<para xml:id="C19.S6.SS1.p4">

<sentence sentence-num-in-para="1" sentence-num-in-section="6" xml:id="C19.S6.SS1.p4.s1">
Exact values of <Math mode="inline" xml:id="C19.S6.SS1.p4.m1">K\left(k\right)</Math> and <Math mode="inline" xml:id="C19.S6.SS1.p4.m2">E\left(k\right)</Math> for various special values of <Math mode="inline" xml:id="C19.S6.SS1.p4.m3">k</Math> are given in Byrd and Friedman (1971, 111.10 and 111.11) andCooper et al. (2006).
</sentence>

</para>

 
</subsection>
 
<subsection xml:id="C19.S6.SS2">
<title><Math mode="inline" xml:id="C19.S6.SS2.m1">F\left(\phi,k\right)</Math></title>         
<para xml:id="C19.S6.SS2.p1">

<sentence sentence-num-in-para="1" sentence-num-in-section="7" xml:id="C19.S6.SS2.p1.s1">
 <Math equation-number="19.6.7" mode="display" xml:id="C19.S6.E7">F\left(0,k\right)=0,F\left(\phi,0\right)=\phi,F\left(\tfrac{1}{2}\pi,1\right)=\infty,F\left(\tfrac{1}{2}\pi,k\right)=K\left(k\right),\lim_{\phi\to 0}\ifrac{F\left(\phi,k\right)}{\phi}=1</Math>.
</sentence>

<sentence sentence-num-in-para="2" sentence-num-in-section="8" xml:id="C19.S6.SS2.p1.s2">
<Math equation-number="19.6.8" mode="display" xml:id="C19.S6.E8">F\left(\phi,1\right)=(\sin\phi)R_{C}\left(1,{\cos^{2}}\phi\right)={ \operatorname{gd}^{-1}}\left(\phi\right)</Math>.
</sentence>

<sentence sentence-num-in-para="3" sentence-num-in-section="9" xml:id="C19.S6.SS2.p1.s3">
For the inverse Gudermannian function <Math mode="inline" xml:id="C19.S6.SS2.p1.m3">{\operatorname{gd}^{-1}}\left(\phi\right)</Math> see §4.23(viii).
</sentence>

<sentence sentence-num-in-para="4" sentence-num-in-section="10" xml:id="C19.S6.SS2.p1.s4">
Compare also (19.10.2).
</sentence>

</para>
 
</subsection>
 
<subsection xml:id="C19.S6.SS3">
<title><Math mode="inline" xml:id="C19.S6.SS3.m1">E\left(\phi,k\right)</Math></title>         
<para xml:id="C19.S6.SS3.p1">

<sentence sentence-num-in-para="1" sentence-num-in-section="11" xml:id="C19.S6.SS3.p1.s1">
 <Math equation-number="19.6.9" mode="display" xml:id="C19.S6.E9">E\left(0,k\right)=0,E\left(\phi,0\right)=\phi,E\left(\tfrac{1}{2}\pi,1\right)=1,E\left(\phi,1\right)=\sin\phi,E\left(\tfrac{1}{2}\pi,k\right)=E\left(k\right)</Math>.
</sentence>

<sentence sentence-num-in-para="2" sentence-num-in-section="12" xml:id="C19.S6.SS3.p1.s2">
<Math equation-number="19.6.10" mode="display" xml:id="C19.S6.E10">\lim_{\phi\to 0}\ifrac{E\left(\phi,k\right)}{\phi}=1</Math>.
</sentence>

</para>
 
</subsection>
 
<subsection xml:id="C19.S6.SS4">
<title><Math mode="inline" xml:id="C19.S6.SS4.m1">\Pi\left(\phi,\alpha^{2},k\right)</Math></title>         
<para xml:id="C19.S6.SS4.p1">

<sentence sentence-num-in-para="1" sentence-num-in-section="13" xml:id="C19.S6.SS4.p1.s1">
Circular and hyperbolic cases, including Cauchy principal values, are unified by using <Math mode="inline" xml:id="C19.S6.SS4.p1.m1">R_{C}\left(x,y\right)</Math>.
</sentence>

<sentence sentence-num-in-para="2" sentence-num-in-section="14" xml:id="C19.S6.SS4.p1.s2">
Let <Math mode="inline" xml:id="C19.S6.SS4.p1.m2">c={\csc^{2}}\phi\neq\alpha^{2}</Math> and <Math mode="inline" xml:id="C19.S6.SS4.p1.m3">\Delta=\sqrt{1-k^{2}{\sin^{2}}\phi}</Math>.
</sentence>

<sentence sentence-num-in-para="3" sentence-num-in-section="15" xml:id="C19.S6.SS4.p1.s3">
Then <Math equation-number="19.6.11" mode="display" xml:id="C19.S6.E11">\Pi\left(0,\alpha^{2},k\right)=0,\Pi\left(\phi,0,0\right)=\phi,\Pi\left(\phi,1,0\right)=\tan\phi</Math>.
</sentence>

<sentence sentence-num-in-para="4" sentence-num-in-section="16" xml:id="C19.S6.SS4.p1.s4">
<Math equation-number="19.6.12" mode="display" xml:id="C19.S6.E12">\Pi\left(\phi,\alpha^{2},0\right)=R_{C}\left(c-1,c-\alpha^{2}\right),\Pi\left(\phi,\alpha^{2},1\right)=\frac{1}{1-\alpha^{2}}\left(R_{C}\left(c,c-1 \right)-\alpha^{2}R_{C}\left(c,c-\alpha^{2}\right)\right),\Pi\left(\phi,1,1\right)=\tfrac{1}{2}(R_{C}\left(c,c-1\right)+\sqrt{c}(c-1)^{- 1})</Math>.
</sentence>

<sentence sentence-num-in-para="5" sentence-num-in-section="17" xml:id="C19.S6.SS4.p1.s5">
<Math equation-number="19.6.13" mode="display" xml:id="C19.S6.E13">\Pi\left(\phi,0,k\right)=F\left(\phi,k\right),\Pi\left(\phi,k^{2},k\right)=\frac{1}{{k^{\prime}}^{2}}\left(E\left(\phi,k \right)-\frac{k^{2}}{\Delta}\sin\phi\cos\phi\right),\Pi\left(\phi,1,k\right)=F\left(\phi,k\right)-\frac{1}{{k^{\prime}}^{2}}(E \left(\phi,k\right)-\Delta\tan\phi)</Math>.
</sentence>

<sentence sentence-num-in-para="6" sentence-num-in-section="18" xml:id="C19.S6.SS4.p1.s6">
<Math equation-number="19.6.14" mode="display" xml:id="C19.S6.E14">\Pi\left(\tfrac{1}{2}\pi,\alpha^{2},k\right)=\Pi\left(\alpha^{2},k\right),\lim_{\phi\to 0}\ifrac{\Pi\left(\phi,\alpha^{2},k\right)}{\phi}=1</Math>.
</sentence>

</para>
 
<para xml:id="C19.S6.SS4.p2">

<sentence sentence-num-in-para="1" sentence-num-in-section="19" xml:id="C19.S6.SS4.p2.s1">
For the Cauchy principal value of <Math mode="inline" xml:id="C19.S6.SS4.p2.m1">\Pi\left(\phi,\alpha^{2},k\right)</Math> when <Math mode="inline" xml:id="C19.S6.SS4.p2.m2">\alpha^{2}&gt;c</Math> , see §19.7(iii).
</sentence>

</para>
 
</subsection>
 
<subsection xml:id="C19.S6.SS5">
<title><Math mode="inline" xml:id="C19.S6.SS5.m1">R_{C}\left(x,y\right)</Math></title>        
   
<para xml:id="C19.S6.SS5.p1">

<sentence sentence-num-in-para="1" sentence-num-in-section="20" xml:id="C19.S6.SS5.p1.s1">
 <Math equation-number="19.6.15" mode="display" xml:id="C19.S6.E15">R_{C}\left(x,x\right)=x^{-1/2}, //// R_{C}\left(\lambda x,\lambda y\right)=\lambda^{-1/2}R_{C}\left(x,y\right), //// R_{C}\left(x,y\right)\to+\infty, if y\to 0+ or y\to 0-, x&gt;0, //// R_{C}\left(0,y\right)=\tfrac{1}{2}\pi y^{-1/2}, if |\operatorname{ph}y|&lt;\pi, //// R_{C}\left(0,y\right)=0, if y&lt;0</Math>.
</sentence>

</para>
 
</subsection>
 
</section>
