<?xml version="1.0" encoding="UTF-8"?>
<section xml:id="C19.S9">
<title>Inequalities</title>         
<subsection xml:id="C19.S9.SS1">
<title>Complete Integrals</title>          
<para xml:id="C19.S9.SS1.p1">

<sentence sentence-num-in-para="1" sentence-num-in-section="1" xml:id="C19.S9.SS1.p1.s1">
Throughout this subsection <Math mode="inline" xml:id="C19.S9.SS1.p1.m1">0&lt;k&lt;1</Math> , except in (19.9.4).
</sentence>

<sentence sentence-num-in-para="2" sentence-num-in-section="2" xml:id="C19.S9.SS1.p1.s2">
<Math equation-number="19.9.1" mode="display" xml:id="C19.S9.E1">\ln 4\leq K\left(k\right)+\ln k^{\prime}\leq\pi/2,1\leq E\left(k\right)\leq\pi/2.1\leq(2/\pi)\sqrt{1-\alpha^{2}}\Pi\left(\alpha^{2},k\right)\leq 1/k^{\prime}, if \alpha^{2}&lt;1</Math>.
</sentence>

<sentence sentence-num-in-para="3" sentence-num-in-section="3" xml:id="C19.S9.SS1.p1.s3">
<Math equation-number="19.9.2" mode="display" xml:id="C19.S9.E2">1+\frac{{k^{\prime}}^{2}}{8}&lt;\frac{K\left(k\right)}{\ln\left(4/k^{\prime} \right)}&lt;1+\frac{{k^{\prime}}^{2}}{4},</Math> <Math equation-number="19.9.3" mode="display" xml:id="C19.S9.E3">9+\frac{k^{2}{k^{\prime}}^{2}}{8}&lt;\frac{(8+k^{2})K\left(k\right)}{\ln\left(4/k ^{\prime}\right)}&lt;9.096</Math>.
</sentence>

<sentence sentence-num-in-para="4" sentence-num-in-section="4" xml:id="C19.S9.SS1.p1.s4">
The left-hand inequalities in (19.9.2) and (19.9.3) are equivalent, but the right-hand inequality of (19.9.3) is sharper than that of (19.9.2) when <Math mode="inline" xml:id="C19.S9.SS1.p1.m2">0&lt;k^{2}\leq 0.922</Math>.
</sentence>

<sentence sentence-num-in-para="5" sentence-num-in-section="5" xml:id="C19.S9.SS1.p1.s5">
<Math equation-number="19.9.4" mode="display" xml:id="C19.S9.E4">\left(\frac{1+{k^{\prime}}^{3/2}}{2}\right)^{2/3}\leq\frac{2}{\pi}E\left(k \right)\leq\left(\frac{1+{k^{\prime}}^{2}}{2}\right)^{1/2}</Math> for <Math mode="inline" xml:id="C19.S9.SS1.p1.m3">0\leq k\leq 1</Math>.
</sentence>

<sentence sentence-num-in-para="6" sentence-num-in-section="6" xml:id="C19.S9.SS1.p1.s6">
The lower bound in (19.9.4) is sharper than <Math mode="inline" xml:id="C19.S9.SS1.p1.m4">2/\pi</Math> when <Math mode="inline" xml:id="C19.S9.SS1.p1.m5">0\leq k^{2}\leq 0.9960</Math>.
</sentence>

<sentence sentence-num-in-para="7" sentence-num-in-section="7" xml:id="C19.S9.SS1.p1.s7">
<Math equation-number="19.9.5" mode="display" xml:id="C19.S9.E5">\ln\frac{(1+\sqrt{k^{\prime}})^{2}}{k}&lt;\frac{\pi{K^{\prime}}\left(k\right)}{2 \!K\left(k\right)}&lt;\ln\frac{2(1+k^{\prime})}{k}</Math>.
</sentence>

<sentence sentence-num-in-para="8" sentence-num-in-section="8" xml:id="C19.S9.SS1.p1.s8">
For a sharper, but more complicated, version of (19.9.5) seeAnderson et al. (1990).
</sentence>

</para>
 
<para xml:id="C19.S9.SS1.p2">

<sentence sentence-num-in-para="1" sentence-num-in-section="9" xml:id="C19.S9.SS1.p2.s1">
Other inequalities are: <Math equation-number="19.9.6" mode="display" xml:id="C19.S9.E6">(1-\tfrac{3}{4}k^{2})^{-1/2}&lt;\frac{4}{\pi k^{2}}(K\left(k\right)-E\left(k \right))&lt;(k^{\prime})^{-3/4},</Math> <Math equation-number="19.9.7" mode="display" xml:id="C19.S9.E7">(1-\tfrac{1}{4}k^{2})^{-1/2}&lt;\frac{4}{\pi k^{2}}(E\left(k\right)-{k^{\prime}}^ {2}K\left(k\right))&lt;\min((k^{\prime})^{-1/4},4/\pi),</Math> <Math equation-number="19.9.8" mode="display" xml:id="C19.S9.E8">k^{\prime}&lt;\frac{E\left(k\right)}{K\left(k\right)}&lt;\left(\frac{1+k^{\prime}}{2 }\right)^{2}</Math>.
</sentence>

<sentence sentence-num-in-para="2" sentence-num-in-section="10" xml:id="C19.S9.SS1.p2.s2">
Further inequalities for <Math mode="inline" xml:id="C19.S9.SS1.p2.m1">K\left(k\right)</Math> and <Math mode="inline" xml:id="C19.S9.SS1.p2.m2">E\left(k\right)</Math> can be found in Alzer and Qiu (2004), Anderson et al. (1992a, b, 1997), and Qiu and Vamanamurthy (1996).
</sentence>

</para>
 
<para xml:id="C19.S9.SS1.p3">

<sentence sentence-num-in-para="1" sentence-num-in-section="11" xml:id="C19.S9.SS1.p3.s1">
The perimeter <Math mode="inline" xml:id="C19.S9.SS1.p3.m1">L(a,b)</Math> of an ellipse with semiaxes <Math mode="inline" xml:id="C19.S9.SS1.p3.m2">a,b</Math> is given by <Math equation-number="19.9.9" mode="display" xml:id="C19.S9.E9">L(a,b)=4aE\left(k\right), if k^{2}=1-(b^{2}/a^{2}), a&gt;b</Math>.
</sentence>

<sentence sentence-num-in-para="2" sentence-num-in-section="12" xml:id="C19.S9.SS1.p3.s2">
Almkvist and Berndt (1988) list thirteen approximations to <Math mode="inline" xml:id="C19.S9.SS1.p3.m3">L(a,b)</Math> that have been proposed by various authors.
</sentence>

<sentence sentence-num-in-para="3" sentence-num-in-section="13" xml:id="C19.S9.SS1.p3.s3">
The earliest is due to Kepler and the mostaccurate to Ramanujan.
</sentence>

<sentence sentence-num-in-para="4" sentence-num-in-section="14" xml:id="C19.S9.SS1.p3.s4">
Ramanujan’s approximation and its leading error term yield the following approximation to <Math mode="inline" xml:id="C19.S9.SS1.p3.m4">L(a,b)/(\pi(a+b))</Math> : <Math equation-number="19.9.10" mode="display" xml:id="C19.S9.E10">1+\frac{3\lambda^{2}}{10+\sqrt{4-3\lambda^{2}}}+\frac{3\lambda^{10}}{2^{17}}, if \lambda=\dfrac{a-b}{a+b}</Math>.
</sentence>

<sentence sentence-num-in-para="5" sentence-num-in-section="15" xml:id="C19.S9.SS1.p3.s5">
Even for the extremely eccentric ellipse with <Math mode="inline" xml:id="C19.S9.SS1.p3.m5">a=99</Math> and <Math mode="inline" xml:id="C19.S9.SS1.p3.m6">b=1</Math> , this is correct within 0.023Barnard et al. (2000) shows that nine of the thirteen approximations, including Ramanujan’s, are from below and four are from above.
</sentence>

<sentence sentence-num-in-para="6" sentence-num-in-section="16" xml:id="C19.S9.SS1.p3.s6">
See alsoBarnard et al. (2001).
</sentence>

</para>
 
</subsection>
 
<subsection xml:id="C19.S9.SS2">
<title>Incomplete Integrals</title>         
 
<para xml:id="C19.S9.SS2.p1">

<sentence sentence-num-in-para="1" sentence-num-in-section="17" xml:id="C19.S9.SS2.p1.s1">
Throughout this subsection we assume that <Math mode="inline" xml:id="C19.S9.SS2.p1.m1">0&lt;k&lt;1</Math> , <Math mode="inline" xml:id="C19.S9.SS2.p1.m2">0\leq\phi\leq\pi/2</Math> , and <Math mode="inline" xml:id="C19.S9.SS2.p1.m3">\Delta=\sqrt{1-k^{2}{\sin^{2}}\phi}&gt;0</Math>.
</sentence>

</para>
 
<para xml:id="C19.S9.SS2.p2">

<sentence sentence-num-in-para="1" sentence-num-in-section="18" xml:id="C19.S9.SS2.p2.s1">
Simple inequalities for incomplete integrals follow directly from the defining integrals (§19.2(ii))together with (19.6.12):
</sentence>

<sentence sentence-num-in-para="2" sentence-num-in-section="19" xml:id="C19.S9.SS2.p2.s2">
<Math equation-number="19.9.11" mode="display" xml:id="C19.S9.E11">\phi\leq F\left(\phi,k\right)\leq\min(\phi/\Delta,{\operatorname{gd}^{-1}} \left(\phi\right)),</Math> where <Math mode="inline" xml:id="C19.S9.SS2.p2.m1">{\operatorname{gd}^{-1}}\left(\phi\right)</Math> is given by (4.23.41) and (4.23.42).
</sentence>

<sentence sentence-num-in-para="3" sentence-num-in-section="20" xml:id="C19.S9.SS2.p2.s3">
Also, <Math equation-number="19.9.12" mode="display" xml:id="C19.S9.E12">\max(\sin\phi,\phi\Delta)\leq E\left(\phi,k\right)\leq\phi,</Math> <Math equation-number="19.9.13" mode="display" xml:id="C19.S9.E13">\Pi\left(\phi,\alpha^{2},0\right)\leq\Pi\left(\phi,\alpha^{2},k\right)\leq\min (\Pi\left(\phi,\alpha^{2},0\right)/\Delta,\Pi\left(\phi,\alpha^{2},1\right))</Math>.
</sentence>

</para>
 
<para xml:id="C19.S9.SS2.p3">

<sentence sentence-num-in-para="1" sentence-num-in-section="21" xml:id="C19.S9.SS2.p3.s1">
Sharper inequalities for <Math mode="inline" xml:id="C19.S9.SS2.p3.m1">F\left(\phi,k\right)</Math> are: <Math equation-number="19.9.14" mode="display" xml:id="C19.S9.E14">\frac{3}{1+\Delta+\cos\phi}&lt;\frac{F\left(\phi,k\right)}{\sin\phi}&lt;\frac{1}{( \Delta\cos\phi)^{1/3}},</Math> <Math equation-number="19.9.15" mode="display" xml:id="C19.S9.E15">1&lt;F\left(\phi,k\right)\bigg{/}\left((\sin\phi)\ln\left(\frac{4}{\Delta+\cos \phi}\right)\right)&lt;\frac{4}{2+(1+k^{2}){\sin^{2}}\phi}</Math>.
</sentence>

<sentence sentence-num-in-para="2" sentence-num-in-section="22" xml:id="C19.S9.SS2.p3.s2">
<Math equation-number="19.9.16" mode="display" xml:id="C19.S9.E16">F\left(\phi,k\right)=\frac{2}{\pi}K\left(k^{\prime}\right)\ln\left(\frac{4}{ \Delta+\cos\phi}\right)-\theta\Delta^{2}, if (\sin\phi)/8&lt;\theta&lt;(\ln 2)/(k^{2}\sin\phi)</Math>.
</sentence>

<sentence sentence-num-in-para="3" sentence-num-in-section="23" xml:id="C19.S9.SS2.p3.s3">
(19.9.15) is useful when <Math mode="inline" xml:id="C19.S9.SS2.p3.m2">k^{2}</Math> and <Math mode="inline" xml:id="C19.S9.SS2.p3.m3">{\sin^{2}}\phi</Math> are both close to <Math mode="inline" xml:id="C19.S9.SS2.p3.m4">1</Math> , since the bounds are then nearly equal; otherwise (19.9.14) is preferable.
</sentence>

</para>
 
<para xml:id="C19.S9.SS2.p4">

<sentence sentence-num-in-para="1" sentence-num-in-section="24" xml:id="C19.S9.SS2.p4.s1">
Inequalities for both <Math mode="inline" xml:id="C19.S9.SS2.p4.m1">F\left(\phi,k\right)</Math> and <Math mode="inline" xml:id="C19.S9.SS2.p4.m2">E\left(\phi,k\right)</Math> involving inverse circular or inverse hyperbolic functions are given inCarlson (1961b, §4).
</sentence>

<sentence sentence-num-in-para="2" sentence-num-in-section="25" xml:id="C19.S9.SS2.p4.s2">
For example, <Math equation-number="19.9.17" mode="display" xml:id="C19.S9.E17">L\leq F\left(\phi,k\right)\leq\sqrt{UL}\leq\tfrac{1}{2}(U+L)\leq U,</Math> where <Math equation-number="19.9.18" mode="display" xml:id="C19.S9.E18">L=(1/\sigma)\operatorname{arctanh}\left(\sigma\sin\phi\right), if \sigma=\sqrt{(1+k^{2})/2}, //// U=\tfrac{1}{2}\operatorname{arctanh}\left(\sin\phi\right)+\tfrac{1}{2}k^{-1} \operatorname{arctanh}\left(k\sin\phi\right)</Math>.
</sentence>

</para>
 
<para xml:id="C19.S9.SS2.p5">

<sentence sentence-num-in-para="1" sentence-num-in-section="26" xml:id="C19.S9.SS2.p5.s1">
Other inequalities for <Math mode="inline" xml:id="C19.S9.SS2.p5.m1">F\left(\phi,k\right)</Math> can be obtained from inequalities for <Math mode="inline" xml:id="C19.S9.SS2.p5.m2">R_{F}\left(x,y,z\right)</Math> given in Carlson (1966, (2.15)) andCarlson (1970) via (19.25.5).
</sentence>

</para>
 
</subsection>
 
</section>
