{"expression":{"context-references":{"chapter-title":"Theta Functions","chapter-xmlid":"C20"},"xml-id":"C20.S10.SS1.info.m1","tex":"$z=0$"}}{"expression":{"context-references":{"chapter-title":"Theta Functions","chapter-xmlid":"C20"},"xml-id":"C20.S10.SS1.info.m2","tex":"$\\tau=\\mathrm{i}t$","content-tex":"$\\tau=\\iunit t$"}}{"expression":{"context-references":{"sentence-num-in-corpus":"11931","subsection-xmlid":"C20.S10.SS1","sentence-xmlid":"C20.S10.SS1.p1.s1","chapter-title":"Theta Functions","chapter-xmlid":"C20","section-title":"Integrals","sentence-num-in-chapter":"119","section-xmlid":"C20.S10","sentence-num-in-section":"1","para-num-of-sentences":"3","para-xmlid":"C20.S10.SS1.p1","subsection-title":"Mellin Transforms with respect to the Lattice Parameter"},"xml-id":"C20.S10.SS1.p1.m1","tex":"$s$"}}{"expression":{"context-references":{"sentence-num-in-corpus":"11931","subsection-xmlid":"C20.S10.SS1","sentence-xmlid":"C20.S10.SS1.p1.s1","chapter-title":"Theta Functions","chapter-xmlid":"C20","section-title":"Integrals","sentence-num-in-chapter":"119","section-xmlid":"C20.S10","sentence-num-in-section":"1","para-num-of-sentences":"3","para-xmlid":"C20.S10.SS1.p1","subsection-title":"Mellin Transforms with respect to the Lattice Parameter"},"xml-id":"C20.S10.SS1.p1.m2","tex":"$\\Re s>2$","content-tex":"$\\realpart@@{s}>2$"}}{"equation":{"symbols-used":[{"symbol":{"tex":"$\\Gamma\\left(\\NVar{z}\\right)$","meaning":"gamma function","idref":"C5.S2.E1","content-tex":"$\\EulerGamma@{\\NVar{z}}$"}},{"symbol":{"tex":"$\\theta_{\\NVar{j}}\\left(\\NVar{z}\\middle|\\NVar{\\tau}\\right)$","meaning":"theta function","idref":"C20.S2.SS1","content-tex":"$\\Jacobithetatau{\\NVar{j}}@{\\NVar{z}}{\\NVar{\\tau}}$"}},{"symbol":{"tex":"$\\zeta\\left(\\NVar{s}\\right)$","meaning":"Riemann zeta function","idref":"C25.S2.E1","content-tex":"$\\Riemannzeta@{\\NVar{s}}$"}},{"symbol":{"tex":"$\\pi$","meaning":"the ratio of the circumference of a circle to its diameter","idref":"C3.S12.E1","content-tex":"$\\cpi$"}},{"symbol":{"tex":"$\\mathrm{d}\\NVar{x}$","meaning":"differential of $x$","idref":"C1.S4.SS4","content-tex":"$\\diff{\\NVar{x}}$"}},{"symbol":{"tex":"$\\mathrm{i}$","meaning":"imaginary unit","idref":"C1.S9.E1","content-tex":"$\\iunit$"}},{"symbol":{"tex":"$\\int$","meaning":"integral","idref":"C1.S4.SS4"}}],"context-references":{"sentence-num-in-corpus":"11932","subsection-xmlid":"C20.S10.SS1","sentence-xmlid":"C20.S10.SS1.p1.s2","chapter-title":"Theta Functions","chapter-xmlid":"C20","section-title":"Integrals","sentence-num-in-chapter":"120","section-xmlid":"C20.S10","sentence-num-in-section":"2","para-num-of-sentences":"3","para-xmlid":"C20.S10.SS1.p1","subsection-title":"Mellin Transforms with respect to the Lattice Parameter"},"xml-id":"C20.S10.E1","tex":"$\\int_{0}^{\\infty}x^{s-1}\\theta_{2}\\left(0\\middle|ix^{2}\\right)\\mathrm{d}x=2^{s }(1-2^{-s})\\pi^{-s\/2}\\Gamma\\left(\\tfrac{1}{2}s\\right)\\zeta\\left(s\\right),$","permalink":"http:\/\/dlmf.nist.gov\/20.10.E1","equation-number":"20.10.1","content-tex":"$\\int_{0}^{\\infty}x^{s-1}\\Jacobithetatau{2}@{0}{ix^{2}}\\diff{x}=2^{s}(1-2^{-s}) \\pi^{-s\/2}\\EulerGamma@{\\tfrac{1}{2}s}\\Riemannzeta@{s},$"}}{"equation":{"symbols-used":[{"symbol":{"tex":"$\\Gamma\\left(\\NVar{z}\\right)$","meaning":"gamma function","idref":"C5.S2.E1","content-tex":"$\\EulerGamma@{\\NVar{z}}$"}},{"symbol":{"tex":"$\\theta_{\\NVar{j}}\\left(\\NVar{z}\\middle|\\NVar{\\tau}\\right)$","meaning":"theta function","idref":"C20.S2.SS1","content-tex":"$\\Jacobithetatau{\\NVar{j}}@{\\NVar{z}}{\\NVar{\\tau}}$"}},{"symbol":{"tex":"$\\zeta\\left(\\NVar{s}\\right)$","meaning":"Riemann zeta function","idref":"C25.S2.E1","content-tex":"$\\Riemannzeta@{\\NVar{s}}$"}},{"symbol":{"tex":"$\\pi$","meaning":"the ratio of the circumference of a circle to its diameter","idref":"C3.S12.E1","content-tex":"$\\cpi$"}},{"symbol":{"tex":"$\\mathrm{d}\\NVar{x}$","meaning":"differential of $x$","idref":"C1.S4.SS4","content-tex":"$\\diff{\\NVar{x}}$"}},{"symbol":{"tex":"$\\mathrm{i}$","meaning":"imaginary unit","idref":"C1.S9.E1","content-tex":"$\\iunit$"}},{"symbol":{"tex":"$\\int$","meaning":"integral","idref":"C1.S4.SS4"}}],"context-references":{"sentence-num-in-corpus":"11932","subsection-xmlid":"C20.S10.SS1","sentence-xmlid":"C20.S10.SS1.p1.s2","chapter-title":"Theta Functions","chapter-xmlid":"C20","section-title":"Integrals","sentence-num-in-chapter":"120","section-xmlid":"C20.S10","sentence-num-in-section":"2","para-num-of-sentences":"3","para-xmlid":"C20.S10.SS1.p1","subsection-title":"Mellin Transforms with respect to the Lattice Parameter"},"xml-id":"C20.S10.E2","tex":"$\\int_{0}^{\\infty}x^{s-1}(\\theta_{3}\\left(0\\middle|ix^{2}\\right)-1)\\mathrm{d}x= \\pi^{-s\/2}\\Gamma\\left(\\tfrac{1}{2}s\\right)\\zeta\\left(s\\right),$","permalink":"http:\/\/dlmf.nist.gov\/20.10.E2","equation-number":"20.10.2","content-tex":"$\\int_{0}^{\\infty}x^{s-1}(\\Jacobithetatau{3}@{0}{ix^{2}}-1)\\diff{x}=\\pi^{-s\/2} \\EulerGamma@{\\tfrac{1}{2}s}\\Riemannzeta@{s},$"}}{"equation":{"symbols-used":[{"symbol":{"tex":"$\\Gamma\\left(\\NVar{z}\\right)$","meaning":"gamma function","idref":"C5.S2.E1","content-tex":"$\\EulerGamma@{\\NVar{z}}$"}},{"symbol":{"tex":"$\\theta_{\\NVar{j}}\\left(\\NVar{z}\\middle|\\NVar{\\tau}\\right)$","meaning":"theta function","idref":"C20.S2.SS1","content-tex":"$\\Jacobithetatau{\\NVar{j}}@{\\NVar{z}}{\\NVar{\\tau}}$"}},{"symbol":{"tex":"$\\zeta\\left(\\NVar{s}\\right)$","meaning":"Riemann zeta function","idref":"C25.S2.E1","content-tex":"$\\Riemannzeta@{\\NVar{s}}$"}},{"symbol":{"tex":"$\\pi$","meaning":"the ratio of the circumference of a circle to its diameter","idref":"C3.S12.E1","content-tex":"$\\cpi$"}},{"symbol":{"tex":"$\\mathrm{d}\\NVar{x}$","meaning":"differential of $x$","idref":"C1.S4.SS4","content-tex":"$\\diff{\\NVar{x}}$"}},{"symbol":{"tex":"$\\mathrm{i}$","meaning":"imaginary unit","idref":"C1.S9.E1","content-tex":"$\\iunit$"}},{"symbol":{"tex":"$\\int$","meaning":"integral","idref":"C1.S4.SS4"}}],"context-references":{"sentence-num-in-corpus":"11932","subsection-xmlid":"C20.S10.SS1","sentence-xmlid":"C20.S10.SS1.p1.s2","chapter-title":"Theta Functions","chapter-xmlid":"C20","section-title":"Integrals","sentence-num-in-chapter":"120","section-xmlid":"C20.S10","sentence-num-in-section":"2","para-num-of-sentences":"3","para-xmlid":"C20.S10.SS1.p1","subsection-title":"Mellin Transforms with respect to the Lattice Parameter"},"xml-id":"C20.S10.E3","tex":"$\\int_{0}^{\\infty}x^{s-1}(1-\\theta_{4}\\left(0\\middle|ix^{2}\\right))\\mathrm{d}x= (1-2^{1-s})\\pi^{-s\/2}\\Gamma\\left(\\tfrac{1}{2}s\\right)\\zeta\\left(s\\right).$","permalink":"http:\/\/dlmf.nist.gov\/20.10.E3","equation-number":"20.10.3","content-tex":"$\\int_{0}^{\\infty}x^{s-1}(1-\\Jacobithetatau{4}@{0}{ix^{2}})\\diff{x}=(1-2^{1-s}) \\pi^{-s\/2}\\EulerGamma@{\\tfrac{1}{2}s}\\Riemannzeta@{s}.$"}}{"expression":{"context-references":{"sentence-num-in-corpus":"11933","subsection-xmlid":"C20.S10.SS1","sentence-xmlid":"C20.S10.SS1.p1.s3","chapter-title":"Theta Functions","chapter-xmlid":"C20","section-title":"Integrals","sentence-num-in-chapter":"121","section-xmlid":"C20.S10","sentence-num-in-section":"3","para-num-of-sentences":"3","para-xmlid":"C20.S10.SS1.p1","subsection-title":"Mellin Transforms with respect to the Lattice Parameter"},"xml-id":"C20.S10.SS1.p1.m3","tex":"$\\zeta\\left(s\\right)$","content-tex":"$\\Riemannzeta@{s}$"}}{"expression":{"context-references":{"sentence-num-in-corpus":"11935","subsection-xmlid":"C20.S10.SS2","sentence-xmlid":"C20.S10.SS2.p1.s1","chapter-title":"Theta Functions","chapter-xmlid":"C20","section-title":"Integrals","sentence-num-in-chapter":"123","section-xmlid":"C20.S10","sentence-num-in-section":"5","para-num-of-sentences":"2","para-xmlid":"C20.S10.SS2.p1","subsection-title":"Laplace Transforms with respect to the Lattice Parameter"},"xml-id":"C20.S10.SS2.p1.m1","tex":"$s$"}}{"expression":{"context-references":{"sentence-num-in-corpus":"11935","subsection-xmlid":"C20.S10.SS2","sentence-xmlid":"C20.S10.SS2.p1.s1","chapter-title":"Theta Functions","chapter-xmlid":"C20","section-title":"Integrals","sentence-num-in-chapter":"123","section-xmlid":"C20.S10","sentence-num-in-section":"5","para-num-of-sentences":"2","para-xmlid":"C20.S10.SS2.p1","subsection-title":"Laplace Transforms with respect to the Lattice Parameter"},"xml-id":"C20.S10.SS2.p1.m2","tex":"$\\ell$"}}{"expression":{"context-references":{"sentence-num-in-corpus":"11935","subsection-xmlid":"C20.S10.SS2","sentence-xmlid":"C20.S10.SS2.p1.s1","chapter-title":"Theta Functions","chapter-xmlid":"C20","section-title":"Integrals","sentence-num-in-chapter":"123","section-xmlid":"C20.S10","sentence-num-in-section":"5","para-num-of-sentences":"2","para-xmlid":"C20.S10.SS2.p1","subsection-title":"Laplace Transforms with respect to the Lattice Parameter"},"xml-id":"C20.S10.SS2.p1.m3","tex":"$\\beta$"}}{"expression":{"context-references":{"sentence-num-in-corpus":"11935","subsection-xmlid":"C20.S10.SS2","sentence-xmlid":"C20.S10.SS2.p1.s1","chapter-title":"Theta Functions","chapter-xmlid":"C20","section-title":"Integrals","sentence-num-in-chapter":"123","section-xmlid":"C20.S10","sentence-num-in-section":"5","para-num-of-sentences":"2","para-xmlid":"C20.S10.SS2.p1","subsection-title":"Laplace Transforms with respect to the Lattice Parameter"},"xml-id":"C20.S10.SS2.p1.m4","tex":"$\\Re s>0$","content-tex":"$\\realpart@@{s}>0$"}}{"expression":{"context-references":{"sentence-num-in-corpus":"11935","subsection-xmlid":"C20.S10.SS2","sentence-xmlid":"C20.S10.SS2.p1.s1","chapter-title":"Theta Functions","chapter-xmlid":"C20","section-title":"Integrals","sentence-num-in-chapter":"123","section-xmlid":"C20.S10","sentence-num-in-section":"5","para-num-of-sentences":"2","para-xmlid":"C20.S10.SS2.p1","subsection-title":"Laplace Transforms with respect to the Lattice Parameter"},"xml-id":"C20.S10.SS2.p1.m5","tex":"$\\ell>0$"}}{"expression":{"context-references":{"sentence-num-in-corpus":"11935","subsection-xmlid":"C20.S10.SS2","sentence-xmlid":"C20.S10.SS2.p1.s1","chapter-title":"Theta Functions","chapter-xmlid":"C20","section-title":"Integrals","sentence-num-in-chapter":"123","section-xmlid":"C20.S10","sentence-num-in-section":"5","para-num-of-sentences":"2","para-xmlid":"C20.S10.SS2.p1","subsection-title":"Laplace Transforms with respect to the Lattice Parameter"},"xml-id":"C20.S10.SS2.p1.m6","tex":"$\\sinh\\left|\\beta\\right|\\leq\\ell$","content-tex":"$\\sinh@@{\\abs{\\beta}}\\leq\\ell$"}}{"expression":{"context-references":{"chapter-title":"Theta Functions","chapter-xmlid":"C20"},"xml-id":"C20.S10.XMD1.m1","tex":"$s$"}}{"expression":{"context-references":{"chapter-title":"Theta Functions","chapter-xmlid":"C20"},"xml-id":"C20.S10.XMD2.m1","tex":"$\\beta$"}}{"expression":{"context-references":{"chapter-title":"Theta Functions","chapter-xmlid":"C20"},"xml-id":"C20.S10.XMD3.m1","tex":"$\\ell$"}}{"equation":{"symbols-used":[{"symbol":{"tex":"$\\theta_{\\NVar{j}}\\left(\\NVar{z}\\middle|\\NVar{\\tau}\\right)$","meaning":"theta function","idref":"C20.S2.SS1","content-tex":"$\\Jacobithetatau{\\NVar{j}}@{\\NVar{z}}{\\NVar{\\tau}}$"}},{"symbol":{"tex":"$\\pi$","meaning":"the ratio of the circumference of a circle to its diameter","idref":"C3.S12.E1","content-tex":"$\\cpi$"}},{"symbol":{"tex":"$\\mathrm{d}\\NVar{x}$","meaning":"differential of $x$","idref":"C1.S4.SS4","content-tex":"$\\diff{\\NVar{x}}$"}},{"symbol":{"tex":"$\\mathrm{e}$","meaning":"base of natural logarithm","idref":"C4.S2.E11","content-tex":"$\\expe$"}},{"symbol":{"tex":"$\\operatorname{sech}\\NVar{z}$","meaning":"hyperbolic secant function","idref":"C4.S28.E6","content-tex":"$\\sech@@{\\NVar{z}}$"}},{"symbol":{"tex":"$\\sinh\\NVar{z}$","meaning":"hyperbolic sine function","idref":"C4.S28.E1","content-tex":"$\\sinh@@{\\NVar{z}}$"}},{"symbol":{"tex":"$\\mathrm{i}$","meaning":"imaginary unit","idref":"C1.S9.E1","content-tex":"$\\iunit$"}},{"symbol":{"tex":"$\\int$","meaning":"integral","idref":"C1.S4.SS4"}},{"symbol":{"tex":"$s$","meaning":"parameter","idref":"C20.S10.SS2.p1"}},{"symbol":{"tex":"$\\beta$","meaning":"parameter","idref":"C20.S10.SS2.p1"}},{"symbol":{"tex":"$\\ell$","meaning":"parameter","idref":"C20.S10.SS2.p1"}}],"context-references":{"sentence-num-in-corpus":"11936","subsection-xmlid":"C20.S10.SS2","sentence-xmlid":"C20.S10.SS2.p1.s2","chapter-title":"Theta Functions","chapter-xmlid":"C20","section-title":"Integrals","sentence-num-in-chapter":"124","section-xmlid":"C20.S10","sentence-num-in-section":"6","para-num-of-sentences":"2","para-xmlid":"C20.S10.SS2.p1","subsection-title":"Laplace Transforms with respect to the Lattice Parameter"},"xml-id":"C20.S10.E4","tex":"$\\int_{0}^{\\infty}e^{-st}\\theta_{1}\\left(\\frac{\\beta\\pi}{2\\ell}\\middle|\\frac{i \\pi t}{\\ell^{2}}\\right)\\mathrm{d}t=\\int_{0}^{\\infty}e^{-st}\\theta_{2}\\left( \\frac{(1+\\beta)\\pi}{2\\ell}\\middle|\\frac{i\\pi t}{\\ell^{2}}\\right)\\mathrm{d}t=- \\frac{\\ell}{\\sqrt{s}}\\sinh\\left(\\beta\\sqrt{s}\\right)\\operatorname{sech}\\left( \\ell\\sqrt{s}\\right),$","permalink":"http:\/\/dlmf.nist.gov\/20.10.E4","equation-number":"20.10.4","content-tex":"$\\int_{0}^{\\infty}e^{-st}\\Jacobithetatau{1}@{\\frac{\\beta\\pi}{2\\ell}}{\\frac{i\\pi t }{\\ell^{2}}}\\diff{t}=\\int_{0}^{\\infty}e^{-st}\\Jacobithetatau{2}@{\\frac{(1+ \\beta)\\pi}{2\\ell}}{\\frac{i\\pi t}{\\ell^{2}}}\\diff{t}=-\\frac{\\ell}{\\sqrt{s}} \\sinh@{\\beta\\sqrt{s}}\\sech@{\\ell\\sqrt{s}},$"}}{"equation":{"symbols-used":[{"symbol":{"tex":"$\\theta_{\\NVar{j}}\\left(\\NVar{z}\\middle|\\NVar{\\tau}\\right)$","meaning":"theta function","idref":"C20.S2.SS1","content-tex":"$\\Jacobithetatau{\\NVar{j}}@{\\NVar{z}}{\\NVar{\\tau}}$"}},{"symbol":{"tex":"$\\pi$","meaning":"the ratio of the circumference of a circle to its diameter","idref":"C3.S12.E1","content-tex":"$\\cpi$"}},{"symbol":{"tex":"$\\mathrm{d}\\NVar{x}$","meaning":"differential of $x$","idref":"C1.S4.SS4","content-tex":"$\\diff{\\NVar{x}}$"}},{"symbol":{"tex":"$\\mathrm{e}$","meaning":"base of natural logarithm","idref":"C4.S2.E11","content-tex":"$\\expe$"}},{"symbol":{"tex":"$\\operatorname{csch}\\NVar{z}$","meaning":"hyperbolic cosecant function","idref":"C4.S28.E5","content-tex":"$\\csch@@{\\NVar{z}}$"}},{"symbol":{"tex":"$\\cosh\\NVar{z}$","meaning":"hyperbolic cosine function","idref":"C4.S28.E2","content-tex":"$\\cosh@@{\\NVar{z}}$"}},{"symbol":{"tex":"$\\mathrm{i}$","meaning":"imaginary unit","idref":"C1.S9.E1","content-tex":"$\\iunit$"}},{"symbol":{"tex":"$\\int$","meaning":"integral","idref":"C1.S4.SS4"}},{"symbol":{"tex":"$s$","meaning":"parameter","idref":"C20.S10.SS2.p1"}},{"symbol":{"tex":"$\\beta$","meaning":"parameter","idref":"C20.S10.SS2.p1"}},{"symbol":{"tex":"$\\ell$","meaning":"parameter","idref":"C20.S10.SS2.p1"}}],"context-references":{"sentence-num-in-corpus":"11936","subsection-xmlid":"C20.S10.SS2","sentence-xmlid":"C20.S10.SS2.p1.s2","chapter-title":"Theta Functions","chapter-xmlid":"C20","section-title":"Integrals","sentence-num-in-chapter":"124","section-xmlid":"C20.S10","sentence-num-in-section":"6","para-num-of-sentences":"2","para-xmlid":"C20.S10.SS2.p1","subsection-title":"Laplace Transforms with respect to the Lattice Parameter"},"xml-id":"C20.S10.E5","tex":"$\\int_{0}^{\\infty}e^{-st}\\theta_{3}\\left(\\frac{(1+\\beta)\\pi}{2\\ell}\\middle| \\frac{i\\pi t}{\\ell^{2}}\\right)\\mathrm{d}t=\\int_{0}^{\\infty}e^{-st}\\theta_{4} \\left(\\frac{\\beta\\pi}{2\\ell}\\middle|\\frac{i\\pi t}{\\ell^{2}}\\right)\\mathrm{d}t= \\frac{\\ell}{\\sqrt{s}}\\cosh\\left(\\beta\\sqrt{s}\\right)\\operatorname{csch}\\left( \\ell\\sqrt{s}\\right).$","permalink":"http:\/\/dlmf.nist.gov\/20.10.E5","equation-number":"20.10.5","content-tex":"$\\int_{0}^{\\infty}e^{-st}\\Jacobithetatau{3}@{\\frac{(1+\\beta)\\pi}{2\\ell}}{\\frac{ i\\pi t}{\\ell^{2}}}\\diff{t}=\\int_{0}^{\\infty}e^{-st}\\Jacobithetatau{4}@{\\frac{ \\beta\\pi}{2\\ell}}{\\frac{i\\pi t}{\\ell^{2}}}\\diff{t}=\\frac{\\ell}{\\sqrt{s}}\\cosh@ {\\beta\\sqrt{s}}\\csch@{\\ell\\sqrt{s}}.$"}}{"expression":{"context-references":{"chapter-title":"Theta Functions","chapter-xmlid":"C20"},"xml-id":"C20.S4.m2a","tex":"$z$"}}