{"expression":{"context-references":{"subsection-xmlid":"C20.S3.SS1","chapter-title":"Theta Functions","chapter-xmlid":"C20","section-title":"Graphics","section-xmlid":"C20.S3","subsection-title":"<Math mode=\"inline\" xml:id=\"C20.S3.SS1.m1\">\\theta<\/Math>-Functions: Real Variable and Real Nome"},"xml-id":"C20.S3.SS1.m1","tex":"$\\theta$"}}{"expression":{"context-references":{"chapter-title":"Theta Functions","chapter-xmlid":"C20"},"xml-id":"C20.S3.SS1.m2","tex":"$\\theta$"}}{"expression":{"context-references":{"chapter-title":"Theta Functions","chapter-xmlid":"C20"},"xml-id":"C20.S3.F1.info.m1","tex":"$1.5$"}}{"expression":{"context-references":{"chapter-title":"Theta Functions","chapter-xmlid":"C20"},"xml-id":"C20.S3.F1.info.m2","tex":"$2$"}}{"expression":{"context-references":{"chapter-title":"Theta Functions","chapter-xmlid":"C20"},"xml-id":"C20.S3.F1.info.m3","tex":"$x$"}}{"expression":{"context-references":{"chapter-title":"Theta Functions","chapter-xmlid":"C20"},"xml-id":"C20.S2.SS1.m2adec","tex":"$\\theta_{\\NVar{j}}\\left(\\NVar{z},\\NVar{q}\\right)$","content-tex":"$\\Jacobithetaq{\\NVar{j}}@{\\NVar{z}}{\\NVar{q}}$"}}{"expression":{"context-references":{"chapter-title":"Theta Functions","chapter-xmlid":"C20"},"xml-id":"C3.S12.E1.m2adec","tex":"$\\pi$","content-tex":"$\\cpi$"}}{"expression":{"context-references":{"chapter-title":"Theta Functions","chapter-xmlid":"C20"},"xml-id":"C20.S3.F1.m1","tex":"$\\theta_{j}\\left(\\pi x,0.15\\right)$","content-tex":"$\\Jacobithetaq{j}@{\\pi x}{0.15}$"}}{"expression":{"context-references":{"chapter-title":"Theta Functions","chapter-xmlid":"C20"},"xml-id":"C20.S3.F1.m2","tex":"$0\\leq x\\leq 2$"}}{"expression":{"context-references":{"chapter-title":"Theta Functions","chapter-xmlid":"C20"},"xml-id":"C20.S3.F1.m3","tex":"$j=1,2,3,4$"}}{"expression":{"context-references":{"sentence-num-in-corpus":"11849","subsection-xmlid":"C20.S3.SS1","sentence-xmlid":"C20.S3.F1.s1","chapter-title":"Theta Functions","chapter-xmlid":"C20","section-title":"Graphics","sentence-num-in-chapter":"37","section-xmlid":"C20.S3","sentence-num-in-section":"1","subsection-title":"<Math mode=\"inline\" xml:id=\"C20.S3.SS1.m1\">\\theta<\/Math>-Functions: Real Variable and Real Nome"},"xml-id":"C20.S3.F1.m4","tex":"$\\theta_{j}\\left(\\pi x,0.15\\right)$","content-tex":"$\\Jacobithetaq{j}@{\\pi x}{0.15}$"}}{"expression":{"context-references":{"sentence-num-in-corpus":"11849","subsection-xmlid":"C20.S3.SS1","sentence-xmlid":"C20.S3.F1.s1","chapter-title":"Theta Functions","chapter-xmlid":"C20","section-title":"Graphics","sentence-num-in-chapter":"37","section-xmlid":"C20.S3","sentence-num-in-section":"1","subsection-title":"<Math mode=\"inline\" xml:id=\"C20.S3.SS1.m1\">\\theta<\/Math>-Functions: Real Variable and Real Nome"},"xml-id":"C20.S3.F1.m5","tex":"$0\\leq x\\leq 2$"}}{"expression":{"context-references":{"sentence-num-in-corpus":"11849","subsection-xmlid":"C20.S3.SS1","sentence-xmlid":"C20.S3.F1.s1","chapter-title":"Theta Functions","chapter-xmlid":"C20","section-title":"Graphics","sentence-num-in-chapter":"37","section-xmlid":"C20.S3","sentence-num-in-section":"1","subsection-title":"<Math mode=\"inline\" xml:id=\"C20.S3.SS1.m1\">\\theta<\/Math>-Functions: Real Variable and Real Nome"},"xml-id":"C20.S3.F1.m6","tex":"$j=1,2,3,4$"}}{"expression":{"context-references":{"chapter-title":"Theta Functions","chapter-xmlid":"C20"},"xml-id":"C27.S14.E12.m2adec","tex":"$\\eta\\left(\\NVar{\\tau}\\right)$","content-tex":"$\\Dedekindeta@{\\NVar{\\tau}}$"}}{"expression":{"context-references":{"chapter-title":"Theta Functions","chapter-xmlid":"C20"},"xml-id":"C20.S2.SS1.m2aadec","tex":"$\\theta_{\\NVar{j}}\\left(\\NVar{z},\\NVar{q}\\right)$","content-tex":"$\\Jacobithetaq{\\NVar{j}}@{\\NVar{z}}{\\NVar{q}}$"}}{"expression":{"context-references":{"chapter-title":"Theta Functions","chapter-xmlid":"C20"},"xml-id":"C3.S12.E1.m2aadec","tex":"$\\pi$","content-tex":"$\\cpi$"}}{"expression":{"context-references":{"chapter-title":"Theta Functions","chapter-xmlid":"C20"},"xml-id":"C4.S2.E11.m2adec","tex":"$\\mathrm{e}$","content-tex":"$\\expe$"}}{"expression":{"context-references":{"chapter-title":"Theta Functions","chapter-xmlid":"C20"},"xml-id":"C1.S9.E1.m2adec","tex":"$\\mathrm{i}$","content-tex":"$\\iunit$"}}{"expression":{"context-references":{"chapter-title":"Theta Functions","chapter-xmlid":"C20"},"xml-id":"C20.S1.XMD5.m1dec","tex":"$q$"}}{"expression":{"context-references":{"chapter-title":"Theta Functions","chapter-xmlid":"C20"},"xml-id":"C20.S3.F2.m1","tex":"$\\theta_{1}\\left(\\pi x,q\\right)$","content-tex":"$\\Jacobithetaq{1}@{\\pi x}{q}$"}}{"expression":{"context-references":{"chapter-title":"Theta Functions","chapter-xmlid":"C20"},"xml-id":"C20.S3.F2.m2","tex":"$0\\leq x\\leq 2$"}}{"expression":{"context-references":{"chapter-title":"Theta Functions","chapter-xmlid":"C20"},"xml-id":"C20.S3.F2.m3","tex":"$q$"}}{"expression":{"context-references":{"sentence-num-in-corpus":"11850","subsection-xmlid":"C20.S3.SS1","sentence-xmlid":"C20.S3.F2.s1","chapter-title":"Theta Functions","chapter-xmlid":"C20","section-title":"Graphics","sentence-num-in-chapter":"38","section-xmlid":"C20.S3","sentence-num-in-section":"2","subsection-title":"<Math mode=\"inline\" xml:id=\"C20.S3.SS1.m1\">\\theta<\/Math>-Functions: Real Variable and Real Nome"},"xml-id":"C20.S3.F2.m4","tex":"$\\theta_{1}\\left(\\pi x,q\\right)$","content-tex":"$\\Jacobithetaq{1}@{\\pi x}{q}$"}}{"expression":{"context-references":{"sentence-num-in-corpus":"11850","subsection-xmlid":"C20.S3.SS1","sentence-xmlid":"C20.S3.F2.s1","chapter-title":"Theta Functions","chapter-xmlid":"C20","section-title":"Graphics","sentence-num-in-chapter":"38","section-xmlid":"C20.S3","sentence-num-in-section":"2","subsection-title":"<Math mode=\"inline\" xml:id=\"C20.S3.SS1.m1\">\\theta<\/Math>-Functions: Real Variable and Real Nome"},"xml-id":"C20.S3.F2.m5","tex":"$0\\leq x\\leq 2$"}}{"expression":{"context-references":{"sentence-num-in-corpus":"11850","subsection-xmlid":"C20.S3.SS1","sentence-xmlid":"C20.S3.F2.s1","chapter-title":"Theta Functions","chapter-xmlid":"C20","section-title":"Graphics","sentence-num-in-chapter":"38","section-xmlid":"C20.S3","sentence-num-in-section":"2","subsection-title":"<Math mode=\"inline\" xml:id=\"C20.S3.SS1.m1\">\\theta<\/Math>-Functions: Real Variable and Real Nome"},"xml-id":"C20.S3.F2.m6","tex":"$q$"}}{"expression":{"context-references":{"sentence-num-in-corpus":"11850","subsection-xmlid":"C20.S3.SS1","sentence-xmlid":"C20.S3.F2.s1","chapter-title":"Theta Functions","chapter-xmlid":"C20","section-title":"Graphics","sentence-num-in-chapter":"38","section-xmlid":"C20.S3","sentence-num-in-section":"2","subsection-title":"<Math mode=\"inline\" xml:id=\"C20.S3.SS1.m1\">\\theta<\/Math>-Functions: Real Variable and Real Nome"},"xml-id":"C20.S3.F2.m7","tex":"$q\\leq q^{\\text{Dedekind}}$"}}{"expression":{"context-references":{"sentence-num-in-corpus":"11850","subsection-xmlid":"C20.S3.SS1","sentence-xmlid":"C20.S3.F2.s1","chapter-title":"Theta Functions","chapter-xmlid":"C20","section-title":"Graphics","sentence-num-in-chapter":"38","section-xmlid":"C20.S3","sentence-num-in-section":"2","subsection-title":"<Math mode=\"inline\" xml:id=\"C20.S3.SS1.m1\">\\theta<\/Math>-Functions: Real Variable and Real Nome"},"xml-id":"C20.S3.F2.m8","tex":"$\\theta_{1}\\left(\\pi x,q\\right)$","content-tex":"$\\Jacobithetaq{1}@{\\pi x}{q}$"}}{"expression":{"context-references":{"sentence-num-in-corpus":"11850","subsection-xmlid":"C20.S3.SS1","sentence-xmlid":"C20.S3.F2.s1","chapter-title":"Theta Functions","chapter-xmlid":"C20","section-title":"Graphics","sentence-num-in-chapter":"38","section-xmlid":"C20.S3","sentence-num-in-section":"2","subsection-title":"<Math mode=\"inline\" xml:id=\"C20.S3.SS1.m1\">\\theta<\/Math>-Functions: Real Variable and Real Nome"},"xml-id":"C20.S3.F2.m9","tex":"$x$"}}{"expression":{"context-references":{"sentence-num-in-corpus":"11850","subsection-xmlid":"C20.S3.SS1","sentence-xmlid":"C20.S3.F2.s1","chapter-title":"Theta Functions","chapter-xmlid":"C20","section-title":"Graphics","sentence-num-in-chapter":"38","section-xmlid":"C20.S3","sentence-num-in-section":"2","subsection-title":"<Math mode=\"inline\" xml:id=\"C20.S3.SS1.m1\">\\theta<\/Math>-Functions: Real Variable and Real Nome"},"xml-id":"C20.S3.F2.m10","tex":"$0<x<1$"}}{"expression":{"context-references":{"sentence-num-in-corpus":"11850","subsection-xmlid":"C20.S3.SS1","sentence-xmlid":"C20.S3.F2.s1","chapter-title":"Theta Functions","chapter-xmlid":"C20","section-title":"Graphics","sentence-num-in-chapter":"38","section-xmlid":"C20.S3","sentence-num-in-section":"2","subsection-title":"<Math mode=\"inline\" xml:id=\"C20.S3.SS1.m1\">\\theta<\/Math>-Functions: Real Variable and Real Nome"},"xml-id":"C20.S3.F2.m11","tex":"$q^{\\text{Dedekind}}=e^{-\\pi y_{0}}=0.19$"}}{"expression":{"context-references":{"sentence-num-in-corpus":"11850","subsection-xmlid":"C20.S3.SS1","sentence-xmlid":"C20.S3.F2.s1","chapter-title":"Theta Functions","chapter-xmlid":"C20","section-title":"Graphics","sentence-num-in-chapter":"38","section-xmlid":"C20.S3","sentence-num-in-section":"2","subsection-title":"<Math mode=\"inline\" xml:id=\"C20.S3.SS1.m1\">\\theta<\/Math>-Functions: Real Variable and Real Nome"},"xml-id":"C20.S3.F2.m12","tex":"$y=y_{0}$"}}{"expression":{"context-references":{"sentence-num-in-corpus":"11850","subsection-xmlid":"C20.S3.SS1","sentence-xmlid":"C20.S3.F2.s1","chapter-title":"Theta Functions","chapter-xmlid":"C20","section-title":"Graphics","sentence-num-in-chapter":"38","section-xmlid":"C20.S3","sentence-num-in-section":"2","subsection-title":"<Math mode=\"inline\" xml:id=\"C20.S3.SS1.m1\">\\theta<\/Math>-Functions: Real Variable and Real Nome"},"xml-id":"C20.S3.F2.m13","tex":"$\\eta\\left(iy\\right)$","content-tex":"$\\Dedekindeta@{iy}$"}}{"expression":{"context-references":{"chapter-title":"Theta Functions","chapter-xmlid":"C20"},"xml-id":"C20.S2.SS1.m2abdec","tex":"$\\theta_{\\NVar{j}}\\left(\\NVar{z},\\NVar{q}\\right)$","content-tex":"$\\Jacobithetaq{\\NVar{j}}@{\\NVar{z}}{\\NVar{q}}$"}}{"expression":{"context-references":{"chapter-title":"Theta Functions","chapter-xmlid":"C20"},"xml-id":"C3.S12.E1.m2abdec","tex":"$\\pi$","content-tex":"$\\cpi$"}}{"expression":{"context-references":{"chapter-title":"Theta Functions","chapter-xmlid":"C20"},"xml-id":"C20.S1.XMD5.m1adec","tex":"$q$"}}{"expression":{"context-references":{"chapter-title":"Theta Functions","chapter-xmlid":"C20"},"xml-id":"C20.S3.F3.m1","tex":"$\\theta_{2}\\left(\\pi x,q\\right)$","content-tex":"$\\Jacobithetaq{2}@{\\pi x}{q}$"}}{"expression":{"context-references":{"chapter-title":"Theta Functions","chapter-xmlid":"C20"},"xml-id":"C20.S3.F3.m2","tex":"$0\\leq x\\leq 2$"}}{"expression":{"context-references":{"chapter-title":"Theta Functions","chapter-xmlid":"C20"},"xml-id":"C20.S3.F3.m3","tex":"$q$"}}{"expression":{"context-references":{"sentence-num-in-corpus":"11851","subsection-xmlid":"C20.S3.SS1","sentence-xmlid":"C20.S3.F3.s1","chapter-title":"Theta Functions","chapter-xmlid":"C20","section-title":"Graphics","sentence-num-in-chapter":"39","section-xmlid":"C20.S3","sentence-num-in-section":"3","subsection-title":"<Math mode=\"inline\" xml:id=\"C20.S3.SS1.m1\">\\theta<\/Math>-Functions: Real Variable and Real Nome"},"xml-id":"C20.S3.F3.m4","tex":"$\\theta_{2}\\left(\\pi x,q\\right)$","content-tex":"$\\Jacobithetaq{2}@{\\pi x}{q}$"}}{"expression":{"context-references":{"sentence-num-in-corpus":"11851","subsection-xmlid":"C20.S3.SS1","sentence-xmlid":"C20.S3.F3.s1","chapter-title":"Theta Functions","chapter-xmlid":"C20","section-title":"Graphics","sentence-num-in-chapter":"39","section-xmlid":"C20.S3","sentence-num-in-section":"3","subsection-title":"<Math mode=\"inline\" xml:id=\"C20.S3.SS1.m1\">\\theta<\/Math>-Functions: Real Variable and Real Nome"},"xml-id":"C20.S3.F3.m5","tex":"$0\\leq x\\leq 2$"}}{"expression":{"context-references":{"sentence-num-in-corpus":"11851","subsection-xmlid":"C20.S3.SS1","sentence-xmlid":"C20.S3.F3.s1","chapter-title":"Theta Functions","chapter-xmlid":"C20","section-title":"Graphics","sentence-num-in-chapter":"39","section-xmlid":"C20.S3","sentence-num-in-section":"3","subsection-title":"<Math mode=\"inline\" xml:id=\"C20.S3.SS1.m1\">\\theta<\/Math>-Functions: Real Variable and Real Nome"},"xml-id":"C20.S3.F3.m6","tex":"$q$"}}{"expression":{"context-references":{"chapter-title":"Theta Functions","chapter-xmlid":"C20"},"xml-id":"C20.S2.SS1.m2acdec","tex":"$\\theta_{\\NVar{j}}\\left(\\NVar{z},\\NVar{q}\\right)$","content-tex":"$\\Jacobithetaq{\\NVar{j}}@{\\NVar{z}}{\\NVar{q}}$"}}{"expression":{"context-references":{"chapter-title":"Theta Functions","chapter-xmlid":"C20"},"xml-id":"C3.S12.E1.m2acdec","tex":"$\\pi$","content-tex":"$\\cpi$"}}{"expression":{"context-references":{"chapter-title":"Theta Functions","chapter-xmlid":"C20"},"xml-id":"C20.S1.XMD5.m1bdec","tex":"$q$"}}{"expression":{"context-references":{"chapter-title":"Theta Functions","chapter-xmlid":"C20"},"xml-id":"C20.S3.F4.m1","tex":"$\\theta_{3}\\left(\\pi x,q\\right)$","content-tex":"$\\Jacobithetaq{3}@{\\pi x}{q}$"}}{"expression":{"context-references":{"chapter-title":"Theta Functions","chapter-xmlid":"C20"},"xml-id":"C20.S3.F4.m2","tex":"$0\\leq x\\leq 2$"}}{"expression":{"context-references":{"chapter-title":"Theta Functions","chapter-xmlid":"C20"},"xml-id":"C20.S3.F4.m3","tex":"$q$"}}{"expression":{"context-references":{"sentence-num-in-corpus":"11852","subsection-xmlid":"C20.S3.SS1","sentence-xmlid":"C20.S3.F4.s1","chapter-title":"Theta Functions","chapter-xmlid":"C20","section-title":"Graphics","sentence-num-in-chapter":"40","section-xmlid":"C20.S3","sentence-num-in-section":"4","subsection-title":"<Math mode=\"inline\" xml:id=\"C20.S3.SS1.m1\">\\theta<\/Math>-Functions: Real Variable and Real Nome"},"xml-id":"C20.S3.F4.m4","tex":"$\\theta_{3}\\left(\\pi x,q\\right)$","content-tex":"$\\Jacobithetaq{3}@{\\pi x}{q}$"}}{"expression":{"context-references":{"sentence-num-in-corpus":"11852","subsection-xmlid":"C20.S3.SS1","sentence-xmlid":"C20.S3.F4.s1","chapter-title":"Theta Functions","chapter-xmlid":"C20","section-title":"Graphics","sentence-num-in-chapter":"40","section-xmlid":"C20.S3","sentence-num-in-section":"4","subsection-title":"<Math mode=\"inline\" xml:id=\"C20.S3.SS1.m1\">\\theta<\/Math>-Functions: Real Variable and Real Nome"},"xml-id":"C20.S3.F4.m5","tex":"$0\\leq x\\leq 2$"}}{"expression":{"context-references":{"sentence-num-in-corpus":"11852","subsection-xmlid":"C20.S3.SS1","sentence-xmlid":"C20.S3.F4.s1","chapter-title":"Theta Functions","chapter-xmlid":"C20","section-title":"Graphics","sentence-num-in-chapter":"40","section-xmlid":"C20.S3","sentence-num-in-section":"4","subsection-title":"<Math mode=\"inline\" xml:id=\"C20.S3.SS1.m1\">\\theta<\/Math>-Functions: Real Variable and Real Nome"},"xml-id":"C20.S3.F4.m6","tex":"$q$"}}{"expression":{"context-references":{"chapter-title":"Theta Functions","chapter-xmlid":"C20"},"xml-id":"C20.S2.SS1.m2addec","tex":"$\\theta_{\\NVar{j}}\\left(\\NVar{z},\\NVar{q}\\right)$","content-tex":"$\\Jacobithetaq{\\NVar{j}}@{\\NVar{z}}{\\NVar{q}}$"}}{"expression":{"context-references":{"chapter-title":"Theta Functions","chapter-xmlid":"C20"},"xml-id":"C3.S12.E1.m2addec","tex":"$\\pi$","content-tex":"$\\cpi$"}}{"expression":{"context-references":{"chapter-title":"Theta Functions","chapter-xmlid":"C20"},"xml-id":"C20.S1.XMD5.m1cdec","tex":"$q$"}}{"expression":{"context-references":{"chapter-title":"Theta Functions","chapter-xmlid":"C20"},"xml-id":"C20.S3.F5.m1","tex":"$\\theta_{4}\\left(\\pi x,q\\right)$","content-tex":"$\\Jacobithetaq{4}@{\\pi x}{q}$"}}{"expression":{"context-references":{"chapter-title":"Theta Functions","chapter-xmlid":"C20"},"xml-id":"C20.S3.F5.m2","tex":"$0\\leq x\\leq 2$"}}{"expression":{"context-references":{"chapter-title":"Theta Functions","chapter-xmlid":"C20"},"xml-id":"C20.S3.F5.m3","tex":"$q$"}}{"expression":{"context-references":{"sentence-num-in-corpus":"11853","subsection-xmlid":"C20.S3.SS1","sentence-xmlid":"C20.S3.F5.s1","chapter-title":"Theta Functions","chapter-xmlid":"C20","section-title":"Graphics","sentence-num-in-chapter":"41","section-xmlid":"C20.S3","sentence-num-in-section":"5","subsection-title":"<Math mode=\"inline\" xml:id=\"C20.S3.SS1.m1\">\\theta<\/Math>-Functions: Real Variable and Real Nome"},"xml-id":"C20.S3.F5.m4","tex":"$\\theta_{4}\\left(\\pi x,q\\right)$","content-tex":"$\\Jacobithetaq{4}@{\\pi x}{q}$"}}{"expression":{"context-references":{"sentence-num-in-corpus":"11853","subsection-xmlid":"C20.S3.SS1","sentence-xmlid":"C20.S3.F5.s1","chapter-title":"Theta Functions","chapter-xmlid":"C20","section-title":"Graphics","sentence-num-in-chapter":"41","section-xmlid":"C20.S3","sentence-num-in-section":"5","subsection-title":"<Math mode=\"inline\" xml:id=\"C20.S3.SS1.m1\">\\theta<\/Math>-Functions: Real Variable and Real Nome"},"xml-id":"C20.S3.F5.m5","tex":"$0\\leq x\\leq 2$"}}{"expression":{"context-references":{"sentence-num-in-corpus":"11853","subsection-xmlid":"C20.S3.SS1","sentence-xmlid":"C20.S3.F5.s1","chapter-title":"Theta Functions","chapter-xmlid":"C20","section-title":"Graphics","sentence-num-in-chapter":"41","section-xmlid":"C20.S3","sentence-num-in-section":"5","subsection-title":"<Math mode=\"inline\" xml:id=\"C20.S3.SS1.m1\">\\theta<\/Math>-Functions: Real Variable and Real Nome"},"xml-id":"C20.S3.F5.m6","tex":"$q$"}}{"expression":{"context-references":{"chapter-title":"Theta Functions","chapter-xmlid":"C20"},"xml-id":"C20.S2.SS1.m2aedec","tex":"$\\theta_{\\NVar{j}}\\left(\\NVar{z},\\NVar{q}\\right)$","content-tex":"$\\Jacobithetaq{\\NVar{j}}@{\\NVar{z}}{\\NVar{q}}$"}}{"expression":{"context-references":{"chapter-title":"Theta Functions","chapter-xmlid":"C20"},"xml-id":"C20.S1.XMD5.m1ddec","tex":"$q$"}}{"expression":{"context-references":{"chapter-title":"Theta Functions","chapter-xmlid":"C20"},"xml-id":"C20.S3.F6.m1","tex":"$\\theta_{1}\\left(x,q\\right)$","content-tex":"$\\Jacobithetaq{1}@{x}{q}$"}}{"expression":{"context-references":{"chapter-title":"Theta Functions","chapter-xmlid":"C20"},"xml-id":"C20.S3.F6.m2","tex":"$0\\leq q\\leq 1$"}}{"expression":{"context-references":{"chapter-title":"Theta Functions","chapter-xmlid":"C20"},"xml-id":"C20.S3.F6.m3","tex":"$x$"}}{"expression":{"context-references":{"sentence-num-in-corpus":"11854","subsection-xmlid":"C20.S3.SS1","sentence-xmlid":"C20.S3.F6.s1","chapter-title":"Theta Functions","chapter-xmlid":"C20","section-title":"Graphics","sentence-num-in-chapter":"42","section-xmlid":"C20.S3","sentence-num-in-section":"6","subsection-title":"<Math mode=\"inline\" xml:id=\"C20.S3.SS1.m1\">\\theta<\/Math>-Functions: Real Variable and Real Nome"},"xml-id":"C20.S3.F6.m4","tex":"$\\theta_{1}\\left(x,q\\right)$","content-tex":"$\\Jacobithetaq{1}@{x}{q}$"}}{"expression":{"context-references":{"sentence-num-in-corpus":"11854","subsection-xmlid":"C20.S3.SS1","sentence-xmlid":"C20.S3.F6.s1","chapter-title":"Theta Functions","chapter-xmlid":"C20","section-title":"Graphics","sentence-num-in-chapter":"42","section-xmlid":"C20.S3","sentence-num-in-section":"6","subsection-title":"<Math mode=\"inline\" xml:id=\"C20.S3.SS1.m1\">\\theta<\/Math>-Functions: Real Variable and Real Nome"},"xml-id":"C20.S3.F6.m5","tex":"$0\\leq q\\leq 1$"}}{"expression":{"context-references":{"sentence-num-in-corpus":"11854","subsection-xmlid":"C20.S3.SS1","sentence-xmlid":"C20.S3.F6.s1","chapter-title":"Theta Functions","chapter-xmlid":"C20","section-title":"Graphics","sentence-num-in-chapter":"42","section-xmlid":"C20.S3","sentence-num-in-section":"6","subsection-title":"<Math mode=\"inline\" xml:id=\"C20.S3.SS1.m1\">\\theta<\/Math>-Functions: Real Variable and Real Nome"},"xml-id":"C20.S3.F6.m6","tex":"$x$"}}{"expression":{"context-references":{"chapter-title":"Theta Functions","chapter-xmlid":"C20"},"xml-id":"C20.S2.SS1.m2afdec","tex":"$\\theta_{\\NVar{j}}\\left(\\NVar{z},\\NVar{q}\\right)$","content-tex":"$\\Jacobithetaq{\\NVar{j}}@{\\NVar{z}}{\\NVar{q}}$"}}{"expression":{"context-references":{"chapter-title":"Theta Functions","chapter-xmlid":"C20"},"xml-id":"C20.S1.XMD5.m1edec","tex":"$q$"}}{"expression":{"context-references":{"chapter-title":"Theta Functions","chapter-xmlid":"C20"},"xml-id":"C20.S3.F7.m1","tex":"$\\theta_{2}\\left(x,q\\right)$","content-tex":"$\\Jacobithetaq{2}@{x}{q}$"}}{"expression":{"context-references":{"chapter-title":"Theta Functions","chapter-xmlid":"C20"},"xml-id":"C20.S3.F7.m2","tex":"$0\\leq q\\leq 1$"}}{"expression":{"context-references":{"chapter-title":"Theta Functions","chapter-xmlid":"C20"},"xml-id":"C20.S3.F7.m3","tex":"$x$"}}{"expression":{"context-references":{"sentence-num-in-corpus":"11855","subsection-xmlid":"C20.S3.SS1","sentence-xmlid":"C20.S3.F7.s1","chapter-title":"Theta Functions","chapter-xmlid":"C20","section-title":"Graphics","sentence-num-in-chapter":"43","section-xmlid":"C20.S3","sentence-num-in-section":"7","subsection-title":"<Math mode=\"inline\" xml:id=\"C20.S3.SS1.m1\">\\theta<\/Math>-Functions: Real Variable and Real Nome"},"xml-id":"C20.S3.F7.m4","tex":"$\\theta_{2}\\left(x,q\\right)$","content-tex":"$\\Jacobithetaq{2}@{x}{q}$"}}{"expression":{"context-references":{"sentence-num-in-corpus":"11855","subsection-xmlid":"C20.S3.SS1","sentence-xmlid":"C20.S3.F7.s1","chapter-title":"Theta Functions","chapter-xmlid":"C20","section-title":"Graphics","sentence-num-in-chapter":"43","section-xmlid":"C20.S3","sentence-num-in-section":"7","subsection-title":"<Math mode=\"inline\" xml:id=\"C20.S3.SS1.m1\">\\theta<\/Math>-Functions: Real Variable and Real Nome"},"xml-id":"C20.S3.F7.m5","tex":"$0\\leq q\\leq 1$"}}{"expression":{"context-references":{"sentence-num-in-corpus":"11855","subsection-xmlid":"C20.S3.SS1","sentence-xmlid":"C20.S3.F7.s1","chapter-title":"Theta Functions","chapter-xmlid":"C20","section-title":"Graphics","sentence-num-in-chapter":"43","section-xmlid":"C20.S3","sentence-num-in-section":"7","subsection-title":"<Math mode=\"inline\" xml:id=\"C20.S3.SS1.m1\">\\theta<\/Math>-Functions: Real Variable and Real Nome"},"xml-id":"C20.S3.F7.m6","tex":"$x$"}}{"expression":{"context-references":{"chapter-title":"Theta Functions","chapter-xmlid":"C20"},"xml-id":"C20.S2.SS1.m2agdec","tex":"$\\theta_{\\NVar{j}}\\left(\\NVar{z},\\NVar{q}\\right)$","content-tex":"$\\Jacobithetaq{\\NVar{j}}@{\\NVar{z}}{\\NVar{q}}$"}}{"expression":{"context-references":{"chapter-title":"Theta Functions","chapter-xmlid":"C20"},"xml-id":"C20.S1.XMD5.m1fdec","tex":"$q$"}}{"expression":{"context-references":{"chapter-title":"Theta Functions","chapter-xmlid":"C20"},"xml-id":"C20.S3.F8.m1","tex":"$\\theta_{3}\\left(x,q\\right)$","content-tex":"$\\Jacobithetaq{3}@{x}{q}$"}}{"expression":{"context-references":{"chapter-title":"Theta Functions","chapter-xmlid":"C20"},"xml-id":"C20.S3.F8.m2","tex":"$0\\leq q\\leq 1$"}}{"expression":{"context-references":{"chapter-title":"Theta Functions","chapter-xmlid":"C20"},"xml-id":"C20.S3.F8.m3","tex":"$x$"}}{"expression":{"context-references":{"sentence-num-in-corpus":"11856","subsection-xmlid":"C20.S3.SS1","sentence-xmlid":"C20.S3.F8.s1","chapter-title":"Theta Functions","chapter-xmlid":"C20","section-title":"Graphics","sentence-num-in-chapter":"44","section-xmlid":"C20.S3","sentence-num-in-section":"8","subsection-title":"<Math mode=\"inline\" xml:id=\"C20.S3.SS1.m1\">\\theta<\/Math>-Functions: Real Variable and Real Nome"},"xml-id":"C20.S3.F8.m4","tex":"$\\theta_{3}\\left(x,q\\right)$","content-tex":"$\\Jacobithetaq{3}@{x}{q}$"}}{"expression":{"context-references":{"sentence-num-in-corpus":"11856","subsection-xmlid":"C20.S3.SS1","sentence-xmlid":"C20.S3.F8.s1","chapter-title":"Theta Functions","chapter-xmlid":"C20","section-title":"Graphics","sentence-num-in-chapter":"44","section-xmlid":"C20.S3","sentence-num-in-section":"8","subsection-title":"<Math mode=\"inline\" xml:id=\"C20.S3.SS1.m1\">\\theta<\/Math>-Functions: Real Variable and Real Nome"},"xml-id":"C20.S3.F8.m5","tex":"$0\\leq q\\leq 1$"}}{"expression":{"context-references":{"sentence-num-in-corpus":"11856","subsection-xmlid":"C20.S3.SS1","sentence-xmlid":"C20.S3.F8.s1","chapter-title":"Theta Functions","chapter-xmlid":"C20","section-title":"Graphics","sentence-num-in-chapter":"44","section-xmlid":"C20.S3","sentence-num-in-section":"8","subsection-title":"<Math mode=\"inline\" xml:id=\"C20.S3.SS1.m1\">\\theta<\/Math>-Functions: Real Variable and Real Nome"},"xml-id":"C20.S3.F8.m6","tex":"$x$"}}{"expression":{"context-references":{"chapter-title":"Theta Functions","chapter-xmlid":"C20"},"xml-id":"C20.S2.SS1.m2ahdec","tex":"$\\theta_{\\NVar{j}}\\left(\\NVar{z},\\NVar{q}\\right)$","content-tex":"$\\Jacobithetaq{\\NVar{j}}@{\\NVar{z}}{\\NVar{q}}$"}}{"expression":{"context-references":{"chapter-title":"Theta Functions","chapter-xmlid":"C20"},"xml-id":"C20.S1.XMD5.m1gdec","tex":"$q$"}}{"expression":{"context-references":{"chapter-title":"Theta Functions","chapter-xmlid":"C20"},"xml-id":"C20.S3.F9.m1","tex":"$\\theta_{4}\\left(x,q\\right)$","content-tex":"$\\Jacobithetaq{4}@{x}{q}$"}}{"expression":{"context-references":{"chapter-title":"Theta Functions","chapter-xmlid":"C20"},"xml-id":"C20.S3.F9.m2","tex":"$0\\leq q\\leq 1$"}}{"expression":{"context-references":{"chapter-title":"Theta Functions","chapter-xmlid":"C20"},"xml-id":"C20.S3.F9.m3","tex":"$x$"}}{"expression":{"context-references":{"sentence-num-in-corpus":"11857","subsection-xmlid":"C20.S3.SS1","sentence-xmlid":"C20.S3.F9.s1","chapter-title":"Theta Functions","chapter-xmlid":"C20","section-title":"Graphics","sentence-num-in-chapter":"45","section-xmlid":"C20.S3","sentence-num-in-section":"9","subsection-title":"<Math mode=\"inline\" xml:id=\"C20.S3.SS1.m1\">\\theta<\/Math>-Functions: Real Variable and Real Nome"},"xml-id":"C20.S3.F9.m4","tex":"$\\theta_{4}\\left(x,q\\right)$","content-tex":"$\\Jacobithetaq{4}@{x}{q}$"}}{"expression":{"context-references":{"sentence-num-in-corpus":"11857","subsection-xmlid":"C20.S3.SS1","sentence-xmlid":"C20.S3.F9.s1","chapter-title":"Theta Functions","chapter-xmlid":"C20","section-title":"Graphics","sentence-num-in-chapter":"45","section-xmlid":"C20.S3","sentence-num-in-section":"9","subsection-title":"<Math mode=\"inline\" xml:id=\"C20.S3.SS1.m1\">\\theta<\/Math>-Functions: Real Variable and Real Nome"},"xml-id":"C20.S3.F9.m5","tex":"$0\\leq q\\leq 1$"}}{"expression":{"context-references":{"sentence-num-in-corpus":"11857","subsection-xmlid":"C20.S3.SS1","sentence-xmlid":"C20.S3.F9.s1","chapter-title":"Theta Functions","chapter-xmlid":"C20","section-title":"Graphics","sentence-num-in-chapter":"45","section-xmlid":"C20.S3","sentence-num-in-section":"9","subsection-title":"<Math mode=\"inline\" xml:id=\"C20.S3.SS1.m1\">\\theta<\/Math>-Functions: Real Variable and Real Nome"},"xml-id":"C20.S3.F9.m6","tex":"$x$"}}{"expression":{"context-references":{"chapter-title":"Theta Functions","chapter-xmlid":"C20"},"xml-id":"C20.S2.SS1.m2aidec","tex":"$\\theta_{\\NVar{j}}\\left(\\NVar{z},\\NVar{q}\\right)$","content-tex":"$\\Jacobithetaq{\\NVar{j}}@{\\NVar{z}}{\\NVar{q}}$"}}{"expression":{"context-references":{"chapter-title":"Theta Functions","chapter-xmlid":"C20"},"xml-id":"C3.S12.E1.m2aedec","tex":"$\\pi$","content-tex":"$\\cpi$"}}{"expression":{"context-references":{"chapter-title":"Theta Functions","chapter-xmlid":"C20"},"xml-id":"C20.S1.XMD5.m1hdec","tex":"$q$"}}{"expression":{"context-references":{"chapter-title":"Theta Functions","chapter-xmlid":"C20"},"xml-id":"C20.S3.F10.m1","tex":"$\\theta_{1}\\left(\\pi x,q\\right)$","content-tex":"$\\Jacobithetaq{1}@{\\pi x}{q}$"}}{"expression":{"context-references":{"chapter-title":"Theta Functions","chapter-xmlid":"C20"},"xml-id":"C20.S3.F10.m2","tex":"$0\\leq x\\leq 2$"}}{"expression":{"context-references":{"chapter-title":"Theta Functions","chapter-xmlid":"C20"},"xml-id":"C20.S3.F10.m3","tex":"$0\\leq q\\leq 0.99$"}}{"expression":{"context-references":{"sentence-num-in-corpus":"11858","subsection-xmlid":"C20.S3.SS1","sentence-xmlid":"C20.S3.F10.s1","chapter-title":"Theta Functions","chapter-xmlid":"C20","section-title":"Graphics","sentence-num-in-chapter":"46","section-xmlid":"C20.S3","sentence-num-in-section":"10","subsection-title":"<Math mode=\"inline\" xml:id=\"C20.S3.SS1.m1\">\\theta<\/Math>-Functions: Real Variable and Real Nome"},"xml-id":"C20.S3.F10.m4","tex":"$\\theta_{1}\\left(\\pi x,q\\right)$","content-tex":"$\\Jacobithetaq{1}@{\\pi x}{q}$"}}{"expression":{"context-references":{"sentence-num-in-corpus":"11858","subsection-xmlid":"C20.S3.SS1","sentence-xmlid":"C20.S3.F10.s1","chapter-title":"Theta Functions","chapter-xmlid":"C20","section-title":"Graphics","sentence-num-in-chapter":"46","section-xmlid":"C20.S3","sentence-num-in-section":"10","subsection-title":"<Math mode=\"inline\" xml:id=\"C20.S3.SS1.m1\">\\theta<\/Math>-Functions: Real Variable and Real Nome"},"xml-id":"C20.S3.F10.m5","tex":"$0\\leq x\\leq 2$"}}{"expression":{"context-references":{"sentence-num-in-corpus":"11858","subsection-xmlid":"C20.S3.SS1","sentence-xmlid":"C20.S3.F10.s1","chapter-title":"Theta Functions","chapter-xmlid":"C20","section-title":"Graphics","sentence-num-in-chapter":"46","section-xmlid":"C20.S3","sentence-num-in-section":"10","subsection-title":"<Math mode=\"inline\" xml:id=\"C20.S3.SS1.m1\">\\theta<\/Math>-Functions: Real Variable and Real Nome"},"xml-id":"C20.S3.F10.m6","tex":"$0\\leq q\\leq 0.99$"}}{"expression":{"context-references":{"chapter-title":"Theta Functions","chapter-xmlid":"C20"},"xml-id":"C20.S2.SS1.m2ajdec","tex":"$\\theta_{\\NVar{j}}\\left(\\NVar{z},\\NVar{q}\\right)$","content-tex":"$\\Jacobithetaq{\\NVar{j}}@{\\NVar{z}}{\\NVar{q}}$"}}{"expression":{"context-references":{"chapter-title":"Theta Functions","chapter-xmlid":"C20"},"xml-id":"C3.S12.E1.m2afdec","tex":"$\\pi$","content-tex":"$\\cpi$"}}{"expression":{"context-references":{"chapter-title":"Theta Functions","chapter-xmlid":"C20"},"xml-id":"C20.S1.XMD5.m1idec","tex":"$q$"}}{"expression":{"context-references":{"chapter-title":"Theta Functions","chapter-xmlid":"C20"},"xml-id":"C20.S3.F11.m1","tex":"$\\theta_{2}\\left(\\pi x,q\\right)$","content-tex":"$\\Jacobithetaq{2}@{\\pi x}{q}$"}}{"expression":{"context-references":{"chapter-title":"Theta Functions","chapter-xmlid":"C20"},"xml-id":"C20.S3.F11.m2","tex":"$0\\leq x\\leq 2$"}}{"expression":{"context-references":{"chapter-title":"Theta Functions","chapter-xmlid":"C20"},"xml-id":"C20.S3.F11.m3","tex":"$0\\leq q\\leq 0.99$"}}{"expression":{"context-references":{"sentence-num-in-corpus":"11859","subsection-xmlid":"C20.S3.SS1","sentence-xmlid":"C20.S3.F11.s1","chapter-title":"Theta Functions","chapter-xmlid":"C20","section-title":"Graphics","sentence-num-in-chapter":"47","section-xmlid":"C20.S3","sentence-num-in-section":"11","subsection-title":"<Math mode=\"inline\" xml:id=\"C20.S3.SS1.m1\">\\theta<\/Math>-Functions: Real Variable and Real Nome"},"xml-id":"C20.S3.F11.m4","tex":"$\\theta_{2}\\left(\\pi x,q\\right)$","content-tex":"$\\Jacobithetaq{2}@{\\pi x}{q}$"}}{"expression":{"context-references":{"sentence-num-in-corpus":"11859","subsection-xmlid":"C20.S3.SS1","sentence-xmlid":"C20.S3.F11.s1","chapter-title":"Theta Functions","chapter-xmlid":"C20","section-title":"Graphics","sentence-num-in-chapter":"47","section-xmlid":"C20.S3","sentence-num-in-section":"11","subsection-title":"<Math mode=\"inline\" xml:id=\"C20.S3.SS1.m1\">\\theta<\/Math>-Functions: Real Variable and Real Nome"},"xml-id":"C20.S3.F11.m5","tex":"$0\\leq x\\leq 2$"}}{"expression":{"context-references":{"sentence-num-in-corpus":"11859","subsection-xmlid":"C20.S3.SS1","sentence-xmlid":"C20.S3.F11.s1","chapter-title":"Theta Functions","chapter-xmlid":"C20","section-title":"Graphics","sentence-num-in-chapter":"47","section-xmlid":"C20.S3","sentence-num-in-section":"11","subsection-title":"<Math mode=\"inline\" xml:id=\"C20.S3.SS1.m1\">\\theta<\/Math>-Functions: Real Variable and Real Nome"},"xml-id":"C20.S3.F11.m6","tex":"$0\\leq q\\leq 0.99$"}}{"expression":{"context-references":{"chapter-title":"Theta Functions","chapter-xmlid":"C20"},"xml-id":"C20.S2.SS1.m2akdec","tex":"$\\theta_{\\NVar{j}}\\left(\\NVar{z},\\NVar{q}\\right)$","content-tex":"$\\Jacobithetaq{\\NVar{j}}@{\\NVar{z}}{\\NVar{q}}$"}}{"expression":{"context-references":{"chapter-title":"Theta Functions","chapter-xmlid":"C20"},"xml-id":"C3.S12.E1.m2agdec","tex":"$\\pi$","content-tex":"$\\cpi$"}}{"expression":{"context-references":{"chapter-title":"Theta Functions","chapter-xmlid":"C20"},"xml-id":"C20.S1.XMD5.m1jdec","tex":"$q$"}}{"expression":{"context-references":{"chapter-title":"Theta Functions","chapter-xmlid":"C20"},"xml-id":"C20.S3.F12.m1","tex":"$\\theta_{3}\\left(\\pi x,q\\right)$","content-tex":"$\\Jacobithetaq{3}@{\\pi x}{q}$"}}{"expression":{"context-references":{"chapter-title":"Theta Functions","chapter-xmlid":"C20"},"xml-id":"C20.S3.F12.m2","tex":"$0\\leq x\\leq 2$"}}{"expression":{"context-references":{"chapter-title":"Theta Functions","chapter-xmlid":"C20"},"xml-id":"C20.S3.F12.m3","tex":"$0\\leq q\\leq 0.99$"}}{"expression":{"context-references":{"sentence-num-in-corpus":"11860","subsection-xmlid":"C20.S3.SS1","sentence-xmlid":"C20.S3.F12.s1","chapter-title":"Theta Functions","chapter-xmlid":"C20","section-title":"Graphics","sentence-num-in-chapter":"48","section-xmlid":"C20.S3","sentence-num-in-section":"12","subsection-title":"<Math mode=\"inline\" xml:id=\"C20.S3.SS1.m1\">\\theta<\/Math>-Functions: Real Variable and Real Nome"},"xml-id":"C20.S3.F12.m4","tex":"$\\theta_{3}\\left(\\pi x,q\\right)$","content-tex":"$\\Jacobithetaq{3}@{\\pi x}{q}$"}}{"expression":{"context-references":{"sentence-num-in-corpus":"11860","subsection-xmlid":"C20.S3.SS1","sentence-xmlid":"C20.S3.F12.s1","chapter-title":"Theta Functions","chapter-xmlid":"C20","section-title":"Graphics","sentence-num-in-chapter":"48","section-xmlid":"C20.S3","sentence-num-in-section":"12","subsection-title":"<Math mode=\"inline\" xml:id=\"C20.S3.SS1.m1\">\\theta<\/Math>-Functions: Real Variable and Real Nome"},"xml-id":"C20.S3.F12.m5","tex":"$0\\leq x\\leq 2$"}}{"expression":{"context-references":{"sentence-num-in-corpus":"11860","subsection-xmlid":"C20.S3.SS1","sentence-xmlid":"C20.S3.F12.s1","chapter-title":"Theta Functions","chapter-xmlid":"C20","section-title":"Graphics","sentence-num-in-chapter":"48","section-xmlid":"C20.S3","sentence-num-in-section":"12","subsection-title":"<Math mode=\"inline\" xml:id=\"C20.S3.SS1.m1\">\\theta<\/Math>-Functions: Real Variable and Real Nome"},"xml-id":"C20.S3.F12.m6","tex":"$0\\leq q\\leq 0.99$"}}{"expression":{"context-references":{"chapter-title":"Theta Functions","chapter-xmlid":"C20"},"xml-id":"C20.S2.SS1.m2aldec","tex":"$\\theta_{\\NVar{j}}\\left(\\NVar{z},\\NVar{q}\\right)$","content-tex":"$\\Jacobithetaq{\\NVar{j}}@{\\NVar{z}}{\\NVar{q}}$"}}{"expression":{"context-references":{"chapter-title":"Theta Functions","chapter-xmlid":"C20"},"xml-id":"C3.S12.E1.m2ahdec","tex":"$\\pi$","content-tex":"$\\cpi$"}}{"expression":{"context-references":{"chapter-title":"Theta Functions","chapter-xmlid":"C20"},"xml-id":"C20.S1.XMD5.m1kdec","tex":"$q$"}}{"expression":{"context-references":{"chapter-title":"Theta Functions","chapter-xmlid":"C20"},"xml-id":"C20.S3.F13.m1","tex":"$\\theta_{4}\\left(\\pi x,q\\right)$","content-tex":"$\\Jacobithetaq{4}@{\\pi x}{q}$"}}{"expression":{"context-references":{"chapter-title":"Theta Functions","chapter-xmlid":"C20"},"xml-id":"C20.S3.F13.m2","tex":"$0\\leq x\\leq 2$"}}{"expression":{"context-references":{"chapter-title":"Theta Functions","chapter-xmlid":"C20"},"xml-id":"C20.S3.F13.m3","tex":"$0\\leq q\\leq 0.99$"}}{"expression":{"context-references":{"sentence-num-in-corpus":"11861","subsection-xmlid":"C20.S3.SS1","sentence-xmlid":"C20.S3.F13.s1","chapter-title":"Theta Functions","chapter-xmlid":"C20","section-title":"Graphics","sentence-num-in-chapter":"49","section-xmlid":"C20.S3","sentence-num-in-section":"13","subsection-title":"<Math mode=\"inline\" xml:id=\"C20.S3.SS1.m1\">\\theta<\/Math>-Functions: Real Variable and Real Nome"},"xml-id":"C20.S3.F13.m4","tex":"$\\theta_{4}\\left(\\pi x,q\\right)$","content-tex":"$\\Jacobithetaq{4}@{\\pi x}{q}$"}}{"expression":{"context-references":{"sentence-num-in-corpus":"11861","subsection-xmlid":"C20.S3.SS1","sentence-xmlid":"C20.S3.F13.s1","chapter-title":"Theta Functions","chapter-xmlid":"C20","section-title":"Graphics","sentence-num-in-chapter":"49","section-xmlid":"C20.S3","sentence-num-in-section":"13","subsection-title":"<Math mode=\"inline\" xml:id=\"C20.S3.SS1.m1\">\\theta<\/Math>-Functions: Real Variable and Real Nome"},"xml-id":"C20.S3.F13.m5","tex":"$0\\leq x\\leq 2$"}}{"expression":{"context-references":{"sentence-num-in-corpus":"11861","subsection-xmlid":"C20.S3.SS1","sentence-xmlid":"C20.S3.F13.s1","chapter-title":"Theta Functions","chapter-xmlid":"C20","section-title":"Graphics","sentence-num-in-chapter":"49","section-xmlid":"C20.S3","sentence-num-in-section":"13","subsection-title":"<Math mode=\"inline\" xml:id=\"C20.S3.SS1.m1\">\\theta<\/Math>-Functions: Real Variable and Real Nome"},"xml-id":"C20.S3.F13.m6","tex":"$0\\leq q\\leq 0.99$"}}{"expression":{"context-references":{"subsection-xmlid":"C20.S3.SS2","chapter-title":"Theta Functions","chapter-xmlid":"C20","section-title":"Graphics","section-xmlid":"C20.S3","subsection-title":"<Math mode=\"inline\" xml:id=\"C20.S3.SS2.m1\">\\theta<\/Math>-Functions: Complex Variable and Real Nome"},"xml-id":"C20.S3.SS2.m1","tex":"$\\theta$"}}{"expression":{"context-references":{"chapter-title":"Theta Functions","chapter-xmlid":"C20"},"xml-id":"C20.S3.SS2.m2","tex":"$\\theta$"}}{"expression":{"context-references":{"chapter-title":"Theta Functions","chapter-xmlid":"C20"},"xml-id":"C20.S2.SS1.m2amdec","tex":"$\\theta_{\\NVar{j}}\\left(\\NVar{z},\\NVar{q}\\right)$","content-tex":"$\\Jacobithetaq{\\NVar{j}}@{\\NVar{z}}{\\NVar{q}}$"}}{"expression":{"context-references":{"chapter-title":"Theta Functions","chapter-xmlid":"C20"},"xml-id":"C3.S12.E1.m2aidec","tex":"$\\pi$","content-tex":"$\\cpi$"}}{"expression":{"context-references":{"chapter-title":"Theta Functions","chapter-xmlid":"C20"},"xml-id":"C1.S9.E1.m2aadec","tex":"$\\mathrm{i}$","content-tex":"$\\iunit$"}}{"expression":{"context-references":{"chapter-title":"Theta Functions","chapter-xmlid":"C20"},"xml-id":"C20.S3.F14.m1","tex":"$\\theta_{1}\\left(\\pi x+iy,0.12\\right)$","content-tex":"$\\Jacobithetaq{1}@{\\pi x+iy}{0.12}$"}}{"expression":{"context-references":{"chapter-title":"Theta Functions","chapter-xmlid":"C20"},"xml-id":"C20.S3.F14.m2","tex":"$-1\\leq x\\leq 1$"}}{"expression":{"context-references":{"chapter-title":"Theta Functions","chapter-xmlid":"C20"},"xml-id":"C20.S3.F14.m3","tex":"$-1\\leq y\\leq 2.3$"}}{"expression":{"context-references":{"sentence-num-in-corpus":"11864","subsection-xmlid":"C20.S3.SS2","sentence-xmlid":"C20.S3.F14.s1","chapter-title":"Theta Functions","chapter-xmlid":"C20","section-title":"Graphics","sentence-num-in-chapter":"52","section-xmlid":"C20.S3","sentence-num-in-section":"16","subsection-title":"<Math mode=\"inline\" xml:id=\"C20.S3.SS2.m1\">\\theta<\/Math>-Functions: Complex Variable and Real Nome"},"xml-id":"C20.S3.F14.m4","tex":"$\\theta_{1}\\left(\\pi x+iy,0.12\\right)$","content-tex":"$\\Jacobithetaq{1}@{\\pi x+iy}{0.12}$"}}{"expression":{"context-references":{"sentence-num-in-corpus":"11864","subsection-xmlid":"C20.S3.SS2","sentence-xmlid":"C20.S3.F14.s1","chapter-title":"Theta Functions","chapter-xmlid":"C20","section-title":"Graphics","sentence-num-in-chapter":"52","section-xmlid":"C20.S3","sentence-num-in-section":"16","subsection-title":"<Math mode=\"inline\" xml:id=\"C20.S3.SS2.m1\">\\theta<\/Math>-Functions: Complex Variable and Real Nome"},"xml-id":"C20.S3.F14.m5","tex":"$-1\\leq x\\leq 1$"}}{"expression":{"context-references":{"sentence-num-in-corpus":"11864","subsection-xmlid":"C20.S3.SS2","sentence-xmlid":"C20.S3.F14.s1","chapter-title":"Theta Functions","chapter-xmlid":"C20","section-title":"Graphics","sentence-num-in-chapter":"52","section-xmlid":"C20.S3","sentence-num-in-section":"16","subsection-title":"<Math mode=\"inline\" xml:id=\"C20.S3.SS2.m1\">\\theta<\/Math>-Functions: Complex Variable and Real Nome"},"xml-id":"C20.S3.F14.m6","tex":"$-1\\leq y\\leq 2.3$"}}{"expression":{"context-references":{"chapter-title":"Theta Functions","chapter-xmlid":"C20"},"xml-id":"C20.S2.SS1.m2andec","tex":"$\\theta_{\\NVar{j}}\\left(\\NVar{z},\\NVar{q}\\right)$","content-tex":"$\\Jacobithetaq{\\NVar{j}}@{\\NVar{z}}{\\NVar{q}}$"}}{"expression":{"context-references":{"chapter-title":"Theta Functions","chapter-xmlid":"C20"},"xml-id":"C3.S12.E1.m2ajdec","tex":"$\\pi$","content-tex":"$\\cpi$"}}{"expression":{"context-references":{"chapter-title":"Theta Functions","chapter-xmlid":"C20"},"xml-id":"C1.S9.E1.m2abdec","tex":"$\\mathrm{i}$","content-tex":"$\\iunit$"}}{"expression":{"context-references":{"chapter-title":"Theta Functions","chapter-xmlid":"C20"},"xml-id":"C20.S3.F15.m1","tex":"$\\theta_{2}\\left(\\pi x+iy,0.12\\right)$","content-tex":"$\\Jacobithetaq{2}@{\\pi x+iy}{0.12}$"}}{"expression":{"context-references":{"chapter-title":"Theta Functions","chapter-xmlid":"C20"},"xml-id":"C20.S3.F15.m2","tex":"$-1\\leq x\\leq 1$"}}{"expression":{"context-references":{"chapter-title":"Theta Functions","chapter-xmlid":"C20"},"xml-id":"C20.S3.F15.m3","tex":"$-1\\leq y\\leq 2.3$"}}{"expression":{"context-references":{"sentence-num-in-corpus":"11865","subsection-xmlid":"C20.S3.SS2","sentence-xmlid":"C20.S3.F15.s1","chapter-title":"Theta Functions","chapter-xmlid":"C20","section-title":"Graphics","sentence-num-in-chapter":"53","section-xmlid":"C20.S3","sentence-num-in-section":"17","subsection-title":"<Math mode=\"inline\" xml:id=\"C20.S3.SS2.m1\">\\theta<\/Math>-Functions: Complex Variable and Real Nome"},"xml-id":"C20.S3.F15.m4","tex":"$\\theta_{2}\\left(\\pi x+iy,0.12\\right)$","content-tex":"$\\Jacobithetaq{2}@{\\pi x+iy}{0.12}$"}}{"expression":{"context-references":{"sentence-num-in-corpus":"11865","subsection-xmlid":"C20.S3.SS2","sentence-xmlid":"C20.S3.F15.s1","chapter-title":"Theta Functions","chapter-xmlid":"C20","section-title":"Graphics","sentence-num-in-chapter":"53","section-xmlid":"C20.S3","sentence-num-in-section":"17","subsection-title":"<Math mode=\"inline\" xml:id=\"C20.S3.SS2.m1\">\\theta<\/Math>-Functions: Complex Variable and Real Nome"},"xml-id":"C20.S3.F15.m5","tex":"$-1\\leq x\\leq 1$"}}{"expression":{"context-references":{"sentence-num-in-corpus":"11865","subsection-xmlid":"C20.S3.SS2","sentence-xmlid":"C20.S3.F15.s1","chapter-title":"Theta Functions","chapter-xmlid":"C20","section-title":"Graphics","sentence-num-in-chapter":"53","section-xmlid":"C20.S3","sentence-num-in-section":"17","subsection-title":"<Math mode=\"inline\" xml:id=\"C20.S3.SS2.m1\">\\theta<\/Math>-Functions: Complex Variable and Real Nome"},"xml-id":"C20.S3.F15.m6","tex":"$-1\\leq y\\leq 2.3$"}}{"expression":{"context-references":{"chapter-title":"Theta Functions","chapter-xmlid":"C20"},"xml-id":"C20.S2.SS1.m2aodec","tex":"$\\theta_{\\NVar{j}}\\left(\\NVar{z},\\NVar{q}\\right)$","content-tex":"$\\Jacobithetaq{\\NVar{j}}@{\\NVar{z}}{\\NVar{q}}$"}}{"expression":{"context-references":{"chapter-title":"Theta Functions","chapter-xmlid":"C20"},"xml-id":"C3.S12.E1.m2akdec","tex":"$\\pi$","content-tex":"$\\cpi$"}}{"expression":{"context-references":{"chapter-title":"Theta Functions","chapter-xmlid":"C20"},"xml-id":"C1.S9.E1.m2acdec","tex":"$\\mathrm{i}$","content-tex":"$\\iunit$"}}{"expression":{"context-references":{"chapter-title":"Theta Functions","chapter-xmlid":"C20"},"xml-id":"C20.S3.F16.m1","tex":"$\\theta_{3}\\left(\\pi x+iy,0.12\\right)$","content-tex":"$\\Jacobithetaq{3}@{\\pi x+iy}{0.12}$"}}{"expression":{"context-references":{"chapter-title":"Theta Functions","chapter-xmlid":"C20"},"xml-id":"C20.S3.F16.m2","tex":"$-1\\leq x\\leq 1$"}}{"expression":{"context-references":{"chapter-title":"Theta Functions","chapter-xmlid":"C20"},"xml-id":"C20.S3.F16.m3","tex":"$-1\\leq y\\leq 1.5$"}}{"expression":{"context-references":{"sentence-num-in-corpus":"11866","subsection-xmlid":"C20.S3.SS2","sentence-xmlid":"C20.S3.F16.s1","chapter-title":"Theta Functions","chapter-xmlid":"C20","section-title":"Graphics","sentence-num-in-chapter":"54","section-xmlid":"C20.S3","sentence-num-in-section":"18","subsection-title":"<Math mode=\"inline\" xml:id=\"C20.S3.SS2.m1\">\\theta<\/Math>-Functions: Complex Variable and Real Nome"},"xml-id":"C20.S3.F16.m4","tex":"$\\theta_{3}\\left(\\pi x+iy,0.12\\right)$","content-tex":"$\\Jacobithetaq{3}@{\\pi x+iy}{0.12}$"}}{"expression":{"context-references":{"sentence-num-in-corpus":"11866","subsection-xmlid":"C20.S3.SS2","sentence-xmlid":"C20.S3.F16.s1","chapter-title":"Theta Functions","chapter-xmlid":"C20","section-title":"Graphics","sentence-num-in-chapter":"54","section-xmlid":"C20.S3","sentence-num-in-section":"18","subsection-title":"<Math mode=\"inline\" xml:id=\"C20.S3.SS2.m1\">\\theta<\/Math>-Functions: Complex Variable and Real Nome"},"xml-id":"C20.S3.F16.m5","tex":"$-1\\leq x\\leq 1$"}}{"expression":{"context-references":{"sentence-num-in-corpus":"11866","subsection-xmlid":"C20.S3.SS2","sentence-xmlid":"C20.S3.F16.s1","chapter-title":"Theta Functions","chapter-xmlid":"C20","section-title":"Graphics","sentence-num-in-chapter":"54","section-xmlid":"C20.S3","sentence-num-in-section":"18","subsection-title":"<Math mode=\"inline\" xml:id=\"C20.S3.SS2.m1\">\\theta<\/Math>-Functions: Complex Variable and Real Nome"},"xml-id":"C20.S3.F16.m6","tex":"$-1\\leq y\\leq 1.5$"}}{"expression":{"context-references":{"chapter-title":"Theta Functions","chapter-xmlid":"C20"},"xml-id":"C20.S2.SS1.m2apdec","tex":"$\\theta_{\\NVar{j}}\\left(\\NVar{z},\\NVar{q}\\right)$","content-tex":"$\\Jacobithetaq{\\NVar{j}}@{\\NVar{z}}{\\NVar{q}}$"}}{"expression":{"context-references":{"chapter-title":"Theta Functions","chapter-xmlid":"C20"},"xml-id":"C3.S12.E1.m2aldec","tex":"$\\pi$","content-tex":"$\\cpi$"}}{"expression":{"context-references":{"chapter-title":"Theta Functions","chapter-xmlid":"C20"},"xml-id":"C1.S9.E1.m2addec","tex":"$\\mathrm{i}$","content-tex":"$\\iunit$"}}{"expression":{"context-references":{"chapter-title":"Theta Functions","chapter-xmlid":"C20"},"xml-id":"C20.S3.F17.m1","tex":"$\\theta_{4}\\left(\\pi x+iy,0.12\\right)$","content-tex":"$\\Jacobithetaq{4}@{\\pi x+iy}{0.12}$"}}{"expression":{"context-references":{"chapter-title":"Theta Functions","chapter-xmlid":"C20"},"xml-id":"C20.S3.F17.m2","tex":"$-1\\leq x\\leq 1$"}}{"expression":{"context-references":{"chapter-title":"Theta Functions","chapter-xmlid":"C20"},"xml-id":"C20.S3.F17.m3","tex":"$-1\\leq y\\leq 1.5$"}}{"expression":{"context-references":{"sentence-num-in-corpus":"11867","subsection-xmlid":"C20.S3.SS2","sentence-xmlid":"C20.S3.F17.s1","chapter-title":"Theta Functions","chapter-xmlid":"C20","section-title":"Graphics","sentence-num-in-chapter":"55","section-xmlid":"C20.S3","sentence-num-in-section":"19","subsection-title":"<Math mode=\"inline\" xml:id=\"C20.S3.SS2.m1\">\\theta<\/Math>-Functions: Complex Variable and Real Nome"},"xml-id":"C20.S3.F17.m4","tex":"$\\theta_{4}\\left(\\pi x+iy,0.12\\right)$","content-tex":"$\\Jacobithetaq{4}@{\\pi x+iy}{0.12}$"}}{"expression":{"context-references":{"sentence-num-in-corpus":"11867","subsection-xmlid":"C20.S3.SS2","sentence-xmlid":"C20.S3.F17.s1","chapter-title":"Theta Functions","chapter-xmlid":"C20","section-title":"Graphics","sentence-num-in-chapter":"55","section-xmlid":"C20.S3","sentence-num-in-section":"19","subsection-title":"<Math mode=\"inline\" xml:id=\"C20.S3.SS2.m1\">\\theta<\/Math>-Functions: Complex Variable and Real Nome"},"xml-id":"C20.S3.F17.m5","tex":"$-1\\leq x\\leq 1$"}}{"expression":{"context-references":{"sentence-num-in-corpus":"11867","subsection-xmlid":"C20.S3.SS2","sentence-xmlid":"C20.S3.F17.s1","chapter-title":"Theta Functions","chapter-xmlid":"C20","section-title":"Graphics","sentence-num-in-chapter":"55","section-xmlid":"C20.S3","sentence-num-in-section":"19","subsection-title":"<Math mode=\"inline\" xml:id=\"C20.S3.SS2.m1\">\\theta<\/Math>-Functions: Complex Variable and Real Nome"},"xml-id":"C20.S3.F17.m6","tex":"$-1\\leq y\\leq 1.5$"}}{"expression":{"context-references":{"subsection-xmlid":"C20.S3.SS3","chapter-title":"Theta Functions","chapter-xmlid":"C20","section-title":"Graphics","section-xmlid":"C20.S3","subsection-title":"<Math mode=\"inline\" xml:id=\"C20.S3.SS3.m1\">\\theta<\/Math>-Functions: Real Variable and Complex Lattice Parameter"},"xml-id":"C20.S3.SS3.m1","tex":"$\\theta$"}}{"expression":{"context-references":{"chapter-title":"Theta Functions","chapter-xmlid":"C20"},"xml-id":"C20.S3.SS3.m2","tex":"$\\theta$"}}{"expression":{"context-references":{"chapter-title":"Theta Functions","chapter-xmlid":"C20"},"xml-id":"C20.S2.SS1.m1adec","tex":"$\\theta_{\\NVar{j}}\\left(\\NVar{z}\\middle|\\NVar{\\tau}\\right)$","content-tex":"$\\Jacobithetatau{\\NVar{j}}@{\\NVar{z}}{\\NVar{\\tau}}$"}}{"expression":{"context-references":{"chapter-title":"Theta Functions","chapter-xmlid":"C20"},"xml-id":"C1.S9.E1.m2aedec","tex":"$\\mathrm{i}$","content-tex":"$\\iunit$"}}{"expression":{"context-references":{"chapter-title":"Theta Functions","chapter-xmlid":"C20"},"xml-id":"C20.S1.XMD3.m1dec","tex":"$z$"}}{"expression":{"context-references":{"chapter-title":"Theta Functions","chapter-xmlid":"C20"},"xml-id":"C20.S3.F18.m1","tex":"$\\theta_{1}\\left(0.1\\middle|u+iv\\right)$","content-tex":"$\\Jacobithetatau{1}@{0.1}{u+iv}$"}}{"expression":{"context-references":{"chapter-title":"Theta Functions","chapter-xmlid":"C20"},"xml-id":"C20.S3.F18.m2","tex":"$-1\\leq u\\leq 1$"}}{"expression":{"context-references":{"chapter-title":"Theta Functions","chapter-xmlid":"C20"},"xml-id":"C20.S3.F18.m3","tex":"$0.005\\leq v\\leq 0.5$"}}{"expression":{"context-references":{"sentence-num-in-corpus":"11870","subsection-xmlid":"C20.S3.SS3","sentence-xmlid":"C20.S3.F18.s1","chapter-title":"Theta Functions","chapter-xmlid":"C20","section-title":"Graphics","sentence-num-in-chapter":"58","section-xmlid":"C20.S3","sentence-num-in-section":"22","subsection-title":"<Math mode=\"inline\" xml:id=\"C20.S3.SS3.m1\">\\theta<\/Math>-Functions: Real Variable and Complex Lattice Parameter"},"xml-id":"C20.S3.F18.m4","tex":"$\\theta_{1}\\left(0.1\\middle|u+iv\\right)$","content-tex":"$\\Jacobithetatau{1}@{0.1}{u+iv}$"}}{"expression":{"context-references":{"sentence-num-in-corpus":"11870","subsection-xmlid":"C20.S3.SS3","sentence-xmlid":"C20.S3.F18.s1","chapter-title":"Theta Functions","chapter-xmlid":"C20","section-title":"Graphics","sentence-num-in-chapter":"58","section-xmlid":"C20.S3","sentence-num-in-section":"22","subsection-title":"<Math mode=\"inline\" xml:id=\"C20.S3.SS3.m1\">\\theta<\/Math>-Functions: Real Variable and Complex Lattice Parameter"},"xml-id":"C20.S3.F18.m5","tex":"$-1\\leq u\\leq 1$"}}{"expression":{"context-references":{"sentence-num-in-corpus":"11870","subsection-xmlid":"C20.S3.SS3","sentence-xmlid":"C20.S3.F18.s1","chapter-title":"Theta Functions","chapter-xmlid":"C20","section-title":"Graphics","sentence-num-in-chapter":"58","section-xmlid":"C20.S3","sentence-num-in-section":"22","subsection-title":"<Math mode=\"inline\" xml:id=\"C20.S3.SS3.m1\">\\theta<\/Math>-Functions: Real Variable and Complex Lattice Parameter"},"xml-id":"C20.S3.F18.m6","tex":"$0.005\\leq v\\leq 0.5$"}}{"expression":{"context-references":{"sentence-num-in-corpus":"11870","subsection-xmlid":"C20.S3.SS3","sentence-xmlid":"C20.S3.F18.s1","chapter-title":"Theta Functions","chapter-xmlid":"C20","section-title":"Graphics","sentence-num-in-chapter":"58","section-xmlid":"C20.S3","sentence-num-in-section":"22","subsection-title":"<Math mode=\"inline\" xml:id=\"C20.S3.SS3.m1\">\\theta<\/Math>-Functions: Real Variable and Complex Lattice Parameter"},"xml-id":"C20.S3.F18.m7","tex":"$z$"}}{"expression":{"context-references":{"sentence-num-in-corpus":"11870","subsection-xmlid":"C20.S3.SS3","sentence-xmlid":"C20.S3.F18.s1","chapter-title":"Theta Functions","chapter-xmlid":"C20","section-title":"Graphics","sentence-num-in-chapter":"58","section-xmlid":"C20.S3","sentence-num-in-section":"22","subsection-title":"<Math mode=\"inline\" xml:id=\"C20.S3.SS3.m1\">\\theta<\/Math>-Functions: Real Variable and Complex Lattice Parameter"},"xml-id":"C20.S3.F18.m8","tex":"$\\theta_{1}$","content-tex":"$\\Jacobithetatau{1}$"}}{"expression":{"context-references":{"sentence-num-in-corpus":"11870","subsection-xmlid":"C20.S3.SS3","sentence-xmlid":"C20.S3.F18.s1","chapter-title":"Theta Functions","chapter-xmlid":"C20","section-title":"Graphics","sentence-num-in-chapter":"58","section-xmlid":"C20.S3","sentence-num-in-section":"22","subsection-title":"<Math mode=\"inline\" xml:id=\"C20.S3.SS3.m1\">\\theta<\/Math>-Functions: Real Variable and Complex Lattice Parameter"},"xml-id":"C20.S3.F18.m9","tex":"$z=0$"}}{"expression":{"context-references":{"chapter-title":"Theta Functions","chapter-xmlid":"C20"},"xml-id":"C20.S2.SS1.m1aadec","tex":"$\\theta_{\\NVar{j}}\\left(\\NVar{z}\\middle|\\NVar{\\tau}\\right)$","content-tex":"$\\Jacobithetatau{\\NVar{j}}@{\\NVar{z}}{\\NVar{\\tau}}$"}}{"expression":{"context-references":{"chapter-title":"Theta Functions","chapter-xmlid":"C20"},"xml-id":"C1.S9.E1.m2afdec","tex":"$\\mathrm{i}$","content-tex":"$\\iunit$"}}{"expression":{"context-references":{"chapter-title":"Theta Functions","chapter-xmlid":"C20"},"xml-id":"C20.S3.F19.m1","tex":"$\\theta_{2}\\left(0\\middle|u+iv\\right)$","content-tex":"$\\Jacobithetatau{2}@{0}{u+iv}$"}}{"expression":{"context-references":{"chapter-title":"Theta Functions","chapter-xmlid":"C20"},"xml-id":"C20.S3.F19.m2","tex":"$-1\\leq u\\leq 1$"}}{"expression":{"context-references":{"chapter-title":"Theta Functions","chapter-xmlid":"C20"},"xml-id":"C20.S3.F19.m3","tex":"$0.005\\leq v\\leq 0.1$"}}{"expression":{"context-references":{"sentence-num-in-corpus":"11871","subsection-xmlid":"C20.S3.SS3","sentence-xmlid":"C20.S3.F19.s1","chapter-title":"Theta Functions","chapter-xmlid":"C20","section-title":"Graphics","sentence-num-in-chapter":"59","section-xmlid":"C20.S3","sentence-num-in-section":"23","subsection-title":"<Math mode=\"inline\" xml:id=\"C20.S3.SS3.m1\">\\theta<\/Math>-Functions: Real Variable and Complex Lattice Parameter"},"xml-id":"C20.S3.F19.m4","tex":"$\\theta_{2}\\left(0\\middle|u+iv\\right)$","content-tex":"$\\Jacobithetatau{2}@{0}{u+iv}$"}}{"expression":{"context-references":{"sentence-num-in-corpus":"11871","subsection-xmlid":"C20.S3.SS3","sentence-xmlid":"C20.S3.F19.s1","chapter-title":"Theta Functions","chapter-xmlid":"C20","section-title":"Graphics","sentence-num-in-chapter":"59","section-xmlid":"C20.S3","sentence-num-in-section":"23","subsection-title":"<Math mode=\"inline\" xml:id=\"C20.S3.SS3.m1\">\\theta<\/Math>-Functions: Real Variable and Complex Lattice Parameter"},"xml-id":"C20.S3.F19.m5","tex":"$-1\\leq u\\leq 1$"}}{"expression":{"context-references":{"sentence-num-in-corpus":"11871","subsection-xmlid":"C20.S3.SS3","sentence-xmlid":"C20.S3.F19.s1","chapter-title":"Theta Functions","chapter-xmlid":"C20","section-title":"Graphics","sentence-num-in-chapter":"59","section-xmlid":"C20.S3","sentence-num-in-section":"23","subsection-title":"<Math mode=\"inline\" xml:id=\"C20.S3.SS3.m1\">\\theta<\/Math>-Functions: Real Variable and Complex Lattice Parameter"},"xml-id":"C20.S3.F19.m6","tex":"$0.005\\leq v\\leq 0.1$"}}{"expression":{"context-references":{"chapter-title":"Theta Functions","chapter-xmlid":"C20"},"xml-id":"C20.S2.SS1.m1abdec","tex":"$\\theta_{\\NVar{j}}\\left(\\NVar{z}\\middle|\\NVar{\\tau}\\right)$","content-tex":"$\\Jacobithetatau{\\NVar{j}}@{\\NVar{z}}{\\NVar{\\tau}}$"}}{"expression":{"context-references":{"chapter-title":"Theta Functions","chapter-xmlid":"C20"},"xml-id":"C1.S9.E1.m2agdec","tex":"$\\mathrm{i}$","content-tex":"$\\iunit$"}}{"expression":{"context-references":{"chapter-title":"Theta Functions","chapter-xmlid":"C20"},"xml-id":"C20.S3.F20.m1","tex":"$\\theta_{3}\\left(0\\middle|u+iv\\right)$","content-tex":"$\\Jacobithetatau{3}@{0}{u+iv}$"}}{"expression":{"context-references":{"chapter-title":"Theta Functions","chapter-xmlid":"C20"},"xml-id":"C20.S3.F20.m2","tex":"$-1\\leq u\\leq 1$"}}{"expression":{"context-references":{"chapter-title":"Theta Functions","chapter-xmlid":"C20"},"xml-id":"C20.S3.F20.m3","tex":"$0.005\\leq v\\leq 0.1$"}}{"expression":{"context-references":{"sentence-num-in-corpus":"11872","subsection-xmlid":"C20.S3.SS3","sentence-xmlid":"C20.S3.F20.s1","chapter-title":"Theta Functions","chapter-xmlid":"C20","section-title":"Graphics","sentence-num-in-chapter":"60","section-xmlid":"C20.S3","sentence-num-in-section":"24","subsection-title":"<Math mode=\"inline\" xml:id=\"C20.S3.SS3.m1\">\\theta<\/Math>-Functions: Real Variable and Complex Lattice Parameter"},"xml-id":"C20.S3.F20.m4","tex":"$\\theta_{3}\\left(0\\middle|u+iv\\right)$","content-tex":"$\\Jacobithetatau{3}@{0}{u+iv}$"}}{"expression":{"context-references":{"sentence-num-in-corpus":"11872","subsection-xmlid":"C20.S3.SS3","sentence-xmlid":"C20.S3.F20.s1","chapter-title":"Theta Functions","chapter-xmlid":"C20","section-title":"Graphics","sentence-num-in-chapter":"60","section-xmlid":"C20.S3","sentence-num-in-section":"24","subsection-title":"<Math mode=\"inline\" xml:id=\"C20.S3.SS3.m1\">\\theta<\/Math>-Functions: Real Variable and Complex Lattice Parameter"},"xml-id":"C20.S3.F20.m5","tex":"$-1\\leq u\\leq 1$"}}{"expression":{"context-references":{"sentence-num-in-corpus":"11872","subsection-xmlid":"C20.S3.SS3","sentence-xmlid":"C20.S3.F20.s1","chapter-title":"Theta Functions","chapter-xmlid":"C20","section-title":"Graphics","sentence-num-in-chapter":"60","section-xmlid":"C20.S3","sentence-num-in-section":"24","subsection-title":"<Math mode=\"inline\" xml:id=\"C20.S3.SS3.m1\">\\theta<\/Math>-Functions: Real Variable and Complex Lattice Parameter"},"xml-id":"C20.S3.F20.m6","tex":"$0.005\\leq v\\leq 0.1$"}}{"expression":{"context-references":{"chapter-title":"Theta Functions","chapter-xmlid":"C20"},"xml-id":"C20.S2.SS1.m1acdec","tex":"$\\theta_{\\NVar{j}}\\left(\\NVar{z}\\middle|\\NVar{\\tau}\\right)$","content-tex":"$\\Jacobithetatau{\\NVar{j}}@{\\NVar{z}}{\\NVar{\\tau}}$"}}{"expression":{"context-references":{"chapter-title":"Theta Functions","chapter-xmlid":"C20"},"xml-id":"C1.S9.E1.m2ahdec","tex":"$\\mathrm{i}$","content-tex":"$\\iunit$"}}{"expression":{"context-references":{"chapter-title":"Theta Functions","chapter-xmlid":"C20"},"xml-id":"C20.S3.F21.m1","tex":"$\\theta_{4}\\left(0\\middle|u+iv\\right)$","content-tex":"$\\Jacobithetatau{4}@{0}{u+iv}$"}}{"expression":{"context-references":{"chapter-title":"Theta Functions","chapter-xmlid":"C20"},"xml-id":"C20.S3.F21.m2","tex":"$-1\\leq u\\leq 1$"}}{"expression":{"context-references":{"chapter-title":"Theta Functions","chapter-xmlid":"C20"},"xml-id":"C20.S3.F21.m3","tex":"$0.005\\leq v\\leq 0.1$"}}{"expression":{"context-references":{"sentence-num-in-corpus":"11873","subsection-xmlid":"C20.S3.SS3","sentence-xmlid":"C20.S3.F21.s1","chapter-title":"Theta Functions","chapter-xmlid":"C20","section-title":"Graphics","sentence-num-in-chapter":"61","section-xmlid":"C20.S3","sentence-num-in-section":"25","subsection-title":"<Math mode=\"inline\" xml:id=\"C20.S3.SS3.m1\">\\theta<\/Math>-Functions: Real Variable and Complex Lattice Parameter"},"xml-id":"C20.S3.F21.m4","tex":"$\\theta_{4}\\left(0\\middle|u+iv\\right)$","content-tex":"$\\Jacobithetatau{4}@{0}{u+iv}$"}}{"expression":{"context-references":{"sentence-num-in-corpus":"11873","subsection-xmlid":"C20.S3.SS3","sentence-xmlid":"C20.S3.F21.s1","chapter-title":"Theta Functions","chapter-xmlid":"C20","section-title":"Graphics","sentence-num-in-chapter":"61","section-xmlid":"C20.S3","sentence-num-in-section":"25","subsection-title":"<Math mode=\"inline\" xml:id=\"C20.S3.SS3.m1\">\\theta<\/Math>-Functions: Real Variable and Complex Lattice Parameter"},"xml-id":"C20.S3.F21.m5","tex":"$-1\\leq u\\leq 1$"}}{"expression":{"context-references":{"sentence-num-in-corpus":"11873","subsection-xmlid":"C20.S3.SS3","sentence-xmlid":"C20.S3.F21.s1","chapter-title":"Theta Functions","chapter-xmlid":"C20","section-title":"Graphics","sentence-num-in-chapter":"61","section-xmlid":"C20.S3","sentence-num-in-section":"25","subsection-title":"<Math mode=\"inline\" xml:id=\"C20.S3.SS3.m1\">\\theta<\/Math>-Functions: Real Variable and Complex Lattice Parameter"},"xml-id":"C20.S3.F21.m6","tex":"$0.005\\leq v\\leq 0.1$"}}{"expression":{"context-references":{"chapter-title":"Theta Functions","chapter-xmlid":"C20"},"xml-id":"C20.S4.m2a","tex":"$z$"}}{"expression":{"context-references":{"chapter-title":"Theta Functions","chapter-xmlid":"C20"},"xml-id":"C20.S4.m2aa","tex":"$z$"}}{"expression":{"context-references":{"chapter-title":"Theta Functions","chapter-xmlid":"C20"},"xml-id":"C20.S3.F1.m1.maga","tex":"$\\theta_{j}\\left(\\pi x,0.15\\right)$","content-tex":"$\\Jacobithetaq{j}@{\\pi x}{0.15}$"}}{"expression":{"context-references":{"chapter-title":"Theta Functions","chapter-xmlid":"C20"},"xml-id":"C20.S3.F1.m2.maga","tex":"$0\\leq x\\leq 2$"}}{"expression":{"context-references":{"chapter-title":"Theta Functions","chapter-xmlid":"C20"},"xml-id":"C20.S3.F1.m3.maga","tex":"$j=1,2,3,4$"}}{"expression":{"context-references":{"chapter-title":"Theta Functions","chapter-xmlid":"C20"},"xml-id":"C20.S3.F2.m1.maga","tex":"$\\theta_{1}\\left(\\pi x,q\\right)$","content-tex":"$\\Jacobithetaq{1}@{\\pi x}{q}$"}}{"expression":{"context-references":{"chapter-title":"Theta Functions","chapter-xmlid":"C20"},"xml-id":"C20.S3.F2.m2.maga","tex":"$0\\leq x\\leq 2$"}}{"expression":{"context-references":{"chapter-title":"Theta Functions","chapter-xmlid":"C20"},"xml-id":"C20.S3.F2.m3.maga","tex":"$q$"}}{"expression":{"context-references":{"chapter-title":"Theta Functions","chapter-xmlid":"C20"},"xml-id":"C20.S3.F3.m1.maga","tex":"$\\theta_{2}\\left(\\pi x,q\\right)$","content-tex":"$\\Jacobithetaq{2}@{\\pi x}{q}$"}}{"expression":{"context-references":{"chapter-title":"Theta Functions","chapter-xmlid":"C20"},"xml-id":"C20.S3.F3.m2.maga","tex":"$0\\leq x\\leq 2$"}}{"expression":{"context-references":{"chapter-title":"Theta Functions","chapter-xmlid":"C20"},"xml-id":"C20.S3.F3.m3.maga","tex":"$q$"}}{"expression":{"context-references":{"chapter-title":"Theta Functions","chapter-xmlid":"C20"},"xml-id":"C20.S3.F4.m1.maga","tex":"$\\theta_{3}\\left(\\pi x,q\\right)$","content-tex":"$\\Jacobithetaq{3}@{\\pi x}{q}$"}}{"expression":{"context-references":{"chapter-title":"Theta Functions","chapter-xmlid":"C20"},"xml-id":"C20.S3.F4.m2.maga","tex":"$0\\leq x\\leq 2$"}}{"expression":{"context-references":{"chapter-title":"Theta Functions","chapter-xmlid":"C20"},"xml-id":"C20.S3.F4.m3.maga","tex":"$q$"}}{"expression":{"context-references":{"chapter-title":"Theta Functions","chapter-xmlid":"C20"},"xml-id":"C20.S3.F5.m1.maga","tex":"$\\theta_{4}\\left(\\pi x,q\\right)$","content-tex":"$\\Jacobithetaq{4}@{\\pi x}{q}$"}}{"expression":{"context-references":{"chapter-title":"Theta Functions","chapter-xmlid":"C20"},"xml-id":"C20.S3.F5.m2.maga","tex":"$0\\leq x\\leq 2$"}}{"expression":{"context-references":{"chapter-title":"Theta Functions","chapter-xmlid":"C20"},"xml-id":"C20.S3.F5.m3.maga","tex":"$q$"}}{"expression":{"context-references":{"chapter-title":"Theta Functions","chapter-xmlid":"C20"},"xml-id":"C20.S3.F6.m1.maga","tex":"$\\theta_{1}\\left(x,q\\right)$","content-tex":"$\\Jacobithetaq{1}@{x}{q}$"}}{"expression":{"context-references":{"chapter-title":"Theta Functions","chapter-xmlid":"C20"},"xml-id":"C20.S3.F6.m2.maga","tex":"$0\\leq q\\leq 1$"}}{"expression":{"context-references":{"chapter-title":"Theta Functions","chapter-xmlid":"C20"},"xml-id":"C20.S3.F6.m3.maga","tex":"$x$"}}{"expression":{"context-references":{"chapter-title":"Theta Functions","chapter-xmlid":"C20"},"xml-id":"C20.S3.F7.m1.maga","tex":"$\\theta_{2}\\left(x,q\\right)$","content-tex":"$\\Jacobithetaq{2}@{x}{q}$"}}{"expression":{"context-references":{"chapter-title":"Theta Functions","chapter-xmlid":"C20"},"xml-id":"C20.S3.F7.m2.maga","tex":"$0\\leq q\\leq 1$"}}{"expression":{"context-references":{"chapter-title":"Theta Functions","chapter-xmlid":"C20"},"xml-id":"C20.S3.F7.m3.maga","tex":"$x$"}}{"expression":{"context-references":{"chapter-title":"Theta Functions","chapter-xmlid":"C20"},"xml-id":"C20.S3.F8.m1.maga","tex":"$\\theta_{3}\\left(x,q\\right)$","content-tex":"$\\Jacobithetaq{3}@{x}{q}$"}}{"expression":{"context-references":{"chapter-title":"Theta Functions","chapter-xmlid":"C20"},"xml-id":"C20.S3.F8.m2.maga","tex":"$0\\leq q\\leq 1$"}}{"expression":{"context-references":{"chapter-title":"Theta Functions","chapter-xmlid":"C20"},"xml-id":"C20.S3.F8.m3.maga","tex":"$x$"}}{"expression":{"context-references":{"chapter-title":"Theta Functions","chapter-xmlid":"C20"},"xml-id":"C20.S3.F9.m1.maga","tex":"$\\theta_{4}\\left(x,q\\right)$","content-tex":"$\\Jacobithetaq{4}@{x}{q}$"}}{"expression":{"context-references":{"chapter-title":"Theta Functions","chapter-xmlid":"C20"},"xml-id":"C20.S3.F9.m2.maga","tex":"$0\\leq q\\leq 1$"}}{"expression":{"context-references":{"chapter-title":"Theta Functions","chapter-xmlid":"C20"},"xml-id":"C20.S3.F9.m3.maga","tex":"$x$"}}{"expression":{"context-references":{"chapter-title":"Theta Functions","chapter-xmlid":"C20"},"xml-id":"C20.S3.F10.m1.maga","tex":"$\\theta_{1}\\left(\\pi x,q\\right)$","content-tex":"$\\Jacobithetaq{1}@{\\pi x}{q}$"}}{"expression":{"context-references":{"chapter-title":"Theta Functions","chapter-xmlid":"C20"},"xml-id":"C20.S3.F10.m2.maga","tex":"$0\\leq x\\leq 2$"}}{"expression":{"context-references":{"chapter-title":"Theta Functions","chapter-xmlid":"C20"},"xml-id":"C20.S3.F10.m3.maga","tex":"$0\\leq q\\leq 0.99$"}}{"expression":{"context-references":{"chapter-title":"Theta Functions","chapter-xmlid":"C20"},"xml-id":"C20.S3.F11.m1.maga","tex":"$\\theta_{2}\\left(\\pi x,q\\right)$","content-tex":"$\\Jacobithetaq{2}@{\\pi x}{q}$"}}{"expression":{"context-references":{"chapter-title":"Theta Functions","chapter-xmlid":"C20"},"xml-id":"C20.S3.F11.m2.maga","tex":"$0\\leq x\\leq 2$"}}{"expression":{"context-references":{"chapter-title":"Theta Functions","chapter-xmlid":"C20"},"xml-id":"C20.S3.F11.m3.maga","tex":"$0\\leq q\\leq 0.99$"}}{"expression":{"context-references":{"chapter-title":"Theta Functions","chapter-xmlid":"C20"},"xml-id":"C20.S3.F12.m1.maga","tex":"$\\theta_{3}\\left(\\pi x,q\\right)$","content-tex":"$\\Jacobithetaq{3}@{\\pi x}{q}$"}}{"expression":{"context-references":{"chapter-title":"Theta Functions","chapter-xmlid":"C20"},"xml-id":"C20.S3.F12.m2.maga","tex":"$0\\leq x\\leq 2$"}}{"expression":{"context-references":{"chapter-title":"Theta Functions","chapter-xmlid":"C20"},"xml-id":"C20.S3.F12.m3.maga","tex":"$0\\leq q\\leq 0.99$"}}{"expression":{"context-references":{"chapter-title":"Theta Functions","chapter-xmlid":"C20"},"xml-id":"C20.S3.F13.m1.maga","tex":"$\\theta_{4}\\left(\\pi x,q\\right)$","content-tex":"$\\Jacobithetaq{4}@{\\pi x}{q}$"}}{"expression":{"context-references":{"chapter-title":"Theta Functions","chapter-xmlid":"C20"},"xml-id":"C20.S3.F13.m2.maga","tex":"$0\\leq x\\leq 2$"}}{"expression":{"context-references":{"chapter-title":"Theta Functions","chapter-xmlid":"C20"},"xml-id":"C20.S3.F13.m3.maga","tex":"$0\\leq q\\leq 0.99$"}}{"expression":{"context-references":{"chapter-title":"Theta Functions","chapter-xmlid":"C20"},"xml-id":"C20.S3.F14.m1.maga","tex":"$\\theta_{1}\\left(\\pi x+iy,0.12\\right)$","content-tex":"$\\Jacobithetaq{1}@{\\pi x+iy}{0.12}$"}}{"expression":{"context-references":{"chapter-title":"Theta Functions","chapter-xmlid":"C20"},"xml-id":"C20.S3.F14.m2.maga","tex":"$-1\\leq x\\leq 1$"}}{"expression":{"context-references":{"chapter-title":"Theta Functions","chapter-xmlid":"C20"},"xml-id":"C20.S3.F14.m3.maga","tex":"$-1\\leq y\\leq 2.3$"}}{"expression":{"context-references":{"chapter-title":"Theta Functions","chapter-xmlid":"C20"},"xml-id":"C20.S3.F15.m1.maga","tex":"$\\theta_{2}\\left(\\pi x+iy,0.12\\right)$","content-tex":"$\\Jacobithetaq{2}@{\\pi x+iy}{0.12}$"}}{"expression":{"context-references":{"chapter-title":"Theta Functions","chapter-xmlid":"C20"},"xml-id":"C20.S3.F15.m2.maga","tex":"$-1\\leq x\\leq 1$"}}{"expression":{"context-references":{"chapter-title":"Theta Functions","chapter-xmlid":"C20"},"xml-id":"C20.S3.F15.m3.maga","tex":"$-1\\leq y\\leq 2.3$"}}{"expression":{"context-references":{"chapter-title":"Theta Functions","chapter-xmlid":"C20"},"xml-id":"C20.S3.F16.m1.maga","tex":"$\\theta_{3}\\left(\\pi x+iy,0.12\\right)$","content-tex":"$\\Jacobithetaq{3}@{\\pi x+iy}{0.12}$"}}{"expression":{"context-references":{"chapter-title":"Theta Functions","chapter-xmlid":"C20"},"xml-id":"C20.S3.F16.m2.maga","tex":"$-1\\leq x\\leq 1$"}}{"expression":{"context-references":{"chapter-title":"Theta Functions","chapter-xmlid":"C20"},"xml-id":"C20.S3.F16.m3.maga","tex":"$-1\\leq y\\leq 1.5$"}}{"expression":{"context-references":{"chapter-title":"Theta Functions","chapter-xmlid":"C20"},"xml-id":"C20.S3.F17.m1.maga","tex":"$\\theta_{4}\\left(\\pi x+iy,0.12\\right)$","content-tex":"$\\Jacobithetaq{4}@{\\pi x+iy}{0.12}$"}}{"expression":{"context-references":{"chapter-title":"Theta Functions","chapter-xmlid":"C20"},"xml-id":"C20.S3.F17.m2.maga","tex":"$-1\\leq x\\leq 1$"}}{"expression":{"context-references":{"chapter-title":"Theta Functions","chapter-xmlid":"C20"},"xml-id":"C20.S3.F17.m3.maga","tex":"$-1\\leq y\\leq 1.5$"}}{"expression":{"context-references":{"chapter-title":"Theta Functions","chapter-xmlid":"C20"},"xml-id":"C20.S3.F18.m1.maga","tex":"$\\theta_{1}\\left(0.1\\middle|u+iv\\right)$","content-tex":"$\\Jacobithetatau{1}@{0.1}{u+iv}$"}}{"expression":{"context-references":{"chapter-title":"Theta Functions","chapter-xmlid":"C20"},"xml-id":"C20.S3.F18.m2.maga","tex":"$-1\\leq u\\leq 1$"}}{"expression":{"context-references":{"chapter-title":"Theta Functions","chapter-xmlid":"C20"},"xml-id":"C20.S3.F18.m3.maga","tex":"$0.005\\leq v\\leq 0.5$"}}{"expression":{"context-references":{"chapter-title":"Theta Functions","chapter-xmlid":"C20"},"xml-id":"C20.S3.F19.m1.maga","tex":"$\\theta_{2}\\left(0\\middle|u+iv\\right)$","content-tex":"$\\Jacobithetatau{2}@{0}{u+iv}$"}}{"expression":{"context-references":{"chapter-title":"Theta Functions","chapter-xmlid":"C20"},"xml-id":"C20.S3.F19.m2.maga","tex":"$-1\\leq u\\leq 1$"}}{"expression":{"context-references":{"chapter-title":"Theta Functions","chapter-xmlid":"C20"},"xml-id":"C20.S3.F19.m3.maga","tex":"$0.005\\leq v\\leq 0.1$"}}{"expression":{"context-references":{"chapter-title":"Theta Functions","chapter-xmlid":"C20"},"xml-id":"C20.S3.F20.m1.maga","tex":"$\\theta_{3}\\left(0\\middle|u+iv\\right)$","content-tex":"$\\Jacobithetatau{3}@{0}{u+iv}$"}}{"expression":{"context-references":{"chapter-title":"Theta Functions","chapter-xmlid":"C20"},"xml-id":"C20.S3.F20.m2.maga","tex":"$-1\\leq u\\leq 1$"}}{"expression":{"context-references":{"chapter-title":"Theta Functions","chapter-xmlid":"C20"},"xml-id":"C20.S3.F20.m3.maga","tex":"$0.005\\leq v\\leq 0.1$"}}{"expression":{"context-references":{"chapter-title":"Theta Functions","chapter-xmlid":"C20"},"xml-id":"C20.S3.F21.m1.maga","tex":"$\\theta_{4}\\left(0\\middle|u+iv\\right)$","content-tex":"$\\Jacobithetatau{4}@{0}{u+iv}$"}}{"expression":{"context-references":{"chapter-title":"Theta Functions","chapter-xmlid":"C20"},"xml-id":"C20.S3.F21.m2.maga","tex":"$-1\\leq u\\leq 1$"}}{"expression":{"context-references":{"chapter-title":"Theta Functions","chapter-xmlid":"C20"},"xml-id":"C20.S3.F21.m3.maga","tex":"$0.005\\leq v\\leq 0.1$"}}