{"equation":{"symbols-used":[{"symbol":{"tex":"$\\theta_{\\NVar{j}}\\left(\\NVar{z},\\NVar{q}\\right)$","meaning":"theta function","idref":"C20.S2.SS1","content-tex":"$\\Jacobithetaq{\\NVar{j}}@{\\NVar{z}}{\\NVar{q}}$"}},{"symbol":{"tex":"$\\cos\\NVar{z}$","meaning":"cosine function","idref":"C4.S14.E2","content-tex":"$\\cos@@{\\NVar{z}}$"}},{"symbol":{"tex":"$\\sin\\NVar{z}$","meaning":"sine function","idref":"C4.S14.E1","content-tex":"$\\sin@@{\\NVar{z}}$"}},{"symbol":{"tex":"$n$","meaning":"integer","idref":"C20.S1.p2.t1.r2"}},{"symbol":{"tex":"$z$","meaning":"complex","idref":"C20.S1.p2.t1.r3"}},{"symbol":{"tex":"$q$","meaning":"nome","idref":"C20.S1.p2.t1.r4"}}],"context-references":{"sentence-num-in-corpus":"11880","subsection-xmlid":"C20.S5.SS1","sentence-xmlid":"C20.S5.SS1.p1.s1","chapter-title":"Theta Functions","chapter-xmlid":"C20","section-title":"Infinite Products and Related Results","sentence-num-in-chapter":"68","section-xmlid":"C20.S5","sentence-num-in-section":"1","para-num-of-sentences":"1","para-xmlid":"C20.S5.SS1.p1","subsection-title":"Single Products"},"xml-id":"C20.S5.E1","tex":"$\\theta_{1}\\left(z,q\\right)=2q^{1\/4}\\sin z\\prod\\limits_{n=1}^{\\infty}{\\left(1-q ^{2n}\\right)}{\\left(1-2q^{2n}\\cos\\left(2z\\right)+q^{4n}\\right)},$","permalink":"http:\/\/dlmf.nist.gov\/20.5.E1","equation-number":"20.5.1","content-tex":"$\\Jacobithetaq{1}@{z}{q}=2q^{1\/4}\\sin@@{z}\\prod\\limits_{n=1}^{\\infty}{\\left(1-q ^{2n}\\right)}{\\left(1-2q^{2n}\\cos@{2z}+q^{4n}\\right)},$"}}{"equation":{"symbols-used":[{"symbol":{"tex":"$\\theta_{\\NVar{j}}\\left(\\NVar{z},\\NVar{q}\\right)$","meaning":"theta function","idref":"C20.S2.SS1","content-tex":"$\\Jacobithetaq{\\NVar{j}}@{\\NVar{z}}{\\NVar{q}}$"}},{"symbol":{"tex":"$\\cos\\NVar{z}$","meaning":"cosine function","idref":"C4.S14.E2","content-tex":"$\\cos@@{\\NVar{z}}$"}},{"symbol":{"tex":"$n$","meaning":"integer","idref":"C20.S1.p2.t1.r2"}},{"symbol":{"tex":"$z$","meaning":"complex","idref":"C20.S1.p2.t1.r3"}},{"symbol":{"tex":"$q$","meaning":"nome","idref":"C20.S1.p2.t1.r4"}}],"context-references":{"sentence-num-in-corpus":"11880","subsection-xmlid":"C20.S5.SS1","sentence-xmlid":"C20.S5.SS1.p1.s1","chapter-title":"Theta Functions","chapter-xmlid":"C20","section-title":"Infinite Products and Related Results","sentence-num-in-chapter":"68","section-xmlid":"C20.S5","sentence-num-in-section":"1","para-num-of-sentences":"1","para-xmlid":"C20.S5.SS1.p1","subsection-title":"Single Products"},"xml-id":"C20.S5.E2","tex":"$\\theta_{2}\\left(z,q\\right)=2q^{1\/4}\\cos z\\prod\\limits_{n=1}^{\\infty}{\\left(1-q ^{2n}\\right)}{\\left(1+2q^{2n}\\cos\\left(2z\\right)+q^{4n}\\right)},$","permalink":"http:\/\/dlmf.nist.gov\/20.5.E2","equation-number":"20.5.2","content-tex":"$\\Jacobithetaq{2}@{z}{q}=2q^{1\/4}\\cos@@{z}\\prod\\limits_{n=1}^{\\infty}{\\left(1-q ^{2n}\\right)}{\\left(1+2q^{2n}\\cos@{2z}+q^{4n}\\right)},$"}}{"equation":{"symbols-used":[{"symbol":{"tex":"$\\theta_{\\NVar{j}}\\left(\\NVar{z},\\NVar{q}\\right)$","meaning":"theta function","idref":"C20.S2.SS1","content-tex":"$\\Jacobithetaq{\\NVar{j}}@{\\NVar{z}}{\\NVar{q}}$"}},{"symbol":{"tex":"$\\cos\\NVar{z}$","meaning":"cosine function","idref":"C4.S14.E2","content-tex":"$\\cos@@{\\NVar{z}}$"}},{"symbol":{"tex":"$n$","meaning":"integer","idref":"C20.S1.p2.t1.r2"}},{"symbol":{"tex":"$z$","meaning":"complex","idref":"C20.S1.p2.t1.r3"}},{"symbol":{"tex":"$q$","meaning":"nome","idref":"C20.S1.p2.t1.r4"}}],"context-references":{"sentence-num-in-corpus":"11880","subsection-xmlid":"C20.S5.SS1","sentence-xmlid":"C20.S5.SS1.p1.s1","chapter-title":"Theta Functions","chapter-xmlid":"C20","section-title":"Infinite Products and Related Results","sentence-num-in-chapter":"68","section-xmlid":"C20.S5","sentence-num-in-section":"1","para-num-of-sentences":"1","para-xmlid":"C20.S5.SS1.p1","subsection-title":"Single Products"},"xml-id":"C20.S5.E3","tex":"$\\theta_{3}\\left(z,q\\right)=\\prod\\limits_{n=1}^{\\infty}\\left(1-q^{2n}\\right) \\left(1+2q^{2n-1}\\cos\\left(2z\\right)+q^{4n-2}\\right),$","permalink":"http:\/\/dlmf.nist.gov\/20.5.E3","equation-number":"20.5.3","content-tex":"$\\Jacobithetaq{3}@{z}{q}=\\prod\\limits_{n=1}^{\\infty}\\left(1-q^{2n}\\right)\\left( 1+2q^{2n-1}\\cos@{2z}+q^{4n-2}\\right),$"}}{"equation":{"symbols-used":[{"symbol":{"tex":"$\\theta_{\\NVar{j}}\\left(\\NVar{z},\\NVar{q}\\right)$","meaning":"theta function","idref":"C20.S2.SS1","content-tex":"$\\Jacobithetaq{\\NVar{j}}@{\\NVar{z}}{\\NVar{q}}$"}},{"symbol":{"tex":"$\\cos\\NVar{z}$","meaning":"cosine function","idref":"C4.S14.E2","content-tex":"$\\cos@@{\\NVar{z}}$"}},{"symbol":{"tex":"$n$","meaning":"integer","idref":"C20.S1.p2.t1.r2"}},{"symbol":{"tex":"$z$","meaning":"complex","idref":"C20.S1.p2.t1.r3"}},{"symbol":{"tex":"$q$","meaning":"nome","idref":"C20.S1.p2.t1.r4"}}],"context-references":{"sentence-num-in-corpus":"11880","subsection-xmlid":"C20.S5.SS1","sentence-xmlid":"C20.S5.SS1.p1.s1","chapter-title":"Theta Functions","chapter-xmlid":"C20","section-title":"Infinite Products and Related Results","sentence-num-in-chapter":"68","section-xmlid":"C20.S5","sentence-num-in-section":"1","para-num-of-sentences":"1","para-xmlid":"C20.S5.SS1.p1","subsection-title":"Single Products"},"xml-id":"C20.S5.E4","tex":"$\\theta_{4}\\left(z,q\\right)=\\prod\\limits_{n=1}^{\\infty}\\left(1-q^{2n}\\right) \\left(1-2q^{2n-1}\\cos\\left(2z\\right)+q^{4n-2}\\right).$","permalink":"http:\/\/dlmf.nist.gov\/20.5.E4","equation-number":"20.5.4","content-tex":"$\\Jacobithetaq{4}@{z}{q}=\\prod\\limits_{n=1}^{\\infty}\\left(1-q^{2n}\\right)\\left( 1-2q^{2n-1}\\cos@{2z}+q^{4n-2}\\right).$"}}{"equation":{"symbols-used":[{"symbol":{"tex":"$\\theta_{\\NVar{j}}\\left(\\NVar{z}\\middle|\\NVar{\\tau}\\right)$","meaning":"theta function","idref":"C20.S2.SS1","content-tex":"$\\Jacobithetatau{\\NVar{j}}@{\\NVar{z}}{\\NVar{\\tau}}$"}},{"symbol":{"tex":"$\\pi$","meaning":"the ratio of the circumference of a circle to its diameter","idref":"C3.S12.E1","content-tex":"$\\cpi$"}},{"symbol":{"tex":"$\\sin\\NVar{z}$","meaning":"sine function","idref":"C4.S14.E1","content-tex":"$\\sin@@{\\NVar{z}}$"}},{"symbol":{"tex":"$n$","meaning":"integer","idref":"C20.S1.p2.t1.r2"}},{"symbol":{"tex":"$z$","meaning":"complex","idref":"C20.S1.p2.t1.r3"}},{"symbol":{"tex":"$\\tau$","meaning":"lattice parameter","idref":"C20.S1.p2.t1.r4"}}],"context-references":{"sentence-num-in-corpus":"11881","subsection-xmlid":"C20.S5.SS1","sentence-xmlid":"C20.S5.SS1.p2.s1","chapter-title":"Theta Functions","chapter-xmlid":"C20","section-title":"Infinite Products and Related Results","sentence-num-in-chapter":"69","section-xmlid":"C20.S5","sentence-num-in-section":"2","para-num-of-sentences":"1","para-xmlid":"C20.S5.SS1.p2","subsection-title":"Single Products"},"xml-id":"C20.S5.E5","tex":"$\\theta_{1}\\left(z\\middle|\\tau\\right)=\\theta_{1}'\\left(0\\middle|\\tau\\right)\\sin z \\prod_{n=1}^{\\infty}\\frac{\\sin\\left(n\\pi\\tau+z\\right)\\sin\\left(n\\pi\\tau-z \\right)}{{\\sin^{2}}\\left(n\\pi\\tau\\right)},$","permalink":"http:\/\/dlmf.nist.gov\/20.5.E5","equation-number":"20.5.5","content-tex":"$\\Jacobithetatau{1}@{z}{\\tau}=\\Jacobithetatau{1}'@{0}{\\tau}\\sin@@{z}\\prod_{n=1} ^{\\infty}\\frac{\\sin@{n\\pi\\tau+z}\\sin@{n\\pi\\tau-z}}{\\sin^{2}@{n\\pi\\tau}},$"}}{"equation":{"symbols-used":[{"symbol":{"tex":"$\\theta_{\\NVar{j}}\\left(\\NVar{z}\\middle|\\NVar{\\tau}\\right)$","meaning":"theta function","idref":"C20.S2.SS1","content-tex":"$\\Jacobithetatau{\\NVar{j}}@{\\NVar{z}}{\\NVar{\\tau}}$"}},{"symbol":{"tex":"$\\pi$","meaning":"the ratio of the circumference of a circle to its diameter","idref":"C3.S12.E1","content-tex":"$\\cpi$"}},{"symbol":{"tex":"$\\cos\\NVar{z}$","meaning":"cosine function","idref":"C4.S14.E2","content-tex":"$\\cos@@{\\NVar{z}}$"}},{"symbol":{"tex":"$n$","meaning":"integer","idref":"C20.S1.p2.t1.r2"}},{"symbol":{"tex":"$z$","meaning":"complex","idref":"C20.S1.p2.t1.r3"}},{"symbol":{"tex":"$\\tau$","meaning":"lattice parameter","idref":"C20.S1.p2.t1.r4"}}],"context-references":{"sentence-num-in-corpus":"11881","subsection-xmlid":"C20.S5.SS1","sentence-xmlid":"C20.S5.SS1.p2.s1","chapter-title":"Theta Functions","chapter-xmlid":"C20","section-title":"Infinite Products and Related Results","sentence-num-in-chapter":"69","section-xmlid":"C20.S5","sentence-num-in-section":"2","para-num-of-sentences":"1","para-xmlid":"C20.S5.SS1.p2","subsection-title":"Single Products"},"xml-id":"C20.S5.E6","tex":"$\\theta_{2}\\left(z\\middle|\\tau\\right)=\\theta_{2}\\left(0\\middle|\\tau\\right)\\cos z \\prod_{n=1}^{\\infty}\\frac{\\cos\\left(n\\pi\\tau+z\\right)\\cos\\left(n\\pi\\tau-z \\right)}{{\\cos^{2}}\\left(n\\pi\\tau\\right)},$","permalink":"http:\/\/dlmf.nist.gov\/20.5.E6","equation-number":"20.5.6","content-tex":"$\\Jacobithetatau{2}@{z}{\\tau}=\\Jacobithetatau{2}@{0}{\\tau}\\cos@@{z}\\prod_{n=1}^ {\\infty}\\frac{\\cos@{n\\pi\\tau+z}\\cos@{n\\pi\\tau-z}}{\\cos^{2}@{n\\pi\\tau}},$"}}{"equation":{"symbols-used":[{"symbol":{"tex":"$\\theta_{\\NVar{j}}\\left(\\NVar{z}\\middle|\\NVar{\\tau}\\right)$","meaning":"theta function","idref":"C20.S2.SS1","content-tex":"$\\Jacobithetatau{\\NVar{j}}@{\\NVar{z}}{\\NVar{\\tau}}$"}},{"symbol":{"tex":"$\\pi$","meaning":"the ratio of the circumference of a circle to its diameter","idref":"C3.S12.E1","content-tex":"$\\cpi$"}},{"symbol":{"tex":"$\\cos\\NVar{z}$","meaning":"cosine function","idref":"C4.S14.E2","content-tex":"$\\cos@@{\\NVar{z}}$"}},{"symbol":{"tex":"$n$","meaning":"integer","idref":"C20.S1.p2.t1.r2"}},{"symbol":{"tex":"$z$","meaning":"complex","idref":"C20.S1.p2.t1.r3"}},{"symbol":{"tex":"$\\tau$","meaning":"lattice parameter","idref":"C20.S1.p2.t1.r4"}}],"context-references":{"sentence-num-in-corpus":"11881","subsection-xmlid":"C20.S5.SS1","sentence-xmlid":"C20.S5.SS1.p2.s1","chapter-title":"Theta Functions","chapter-xmlid":"C20","section-title":"Infinite Products and Related Results","sentence-num-in-chapter":"69","section-xmlid":"C20.S5","sentence-num-in-section":"2","para-num-of-sentences":"1","para-xmlid":"C20.S5.SS1.p2","subsection-title":"Single Products"},"xml-id":"C20.S5.E7","tex":"$\\theta_{3}\\left(z\\middle|\\tau\\right)=\\theta_{3}\\left(0\\middle|\\tau\\right)\\prod _{n=1}^{\\infty}\\frac{\\cos\\left((n-\\tfrac{1}{2})\\pi\\tau+z\\right)\\cos\\left((n- \\tfrac{1}{2})\\pi\\tau-z\\right)}{{\\cos^{2}}\\left((n-\\tfrac{1}{2})\\pi\\tau\\right)},$","permalink":"http:\/\/dlmf.nist.gov\/20.5.E7","equation-number":"20.5.7","content-tex":"$\\Jacobithetatau{3}@{z}{\\tau}=\\Jacobithetatau{3}@{0}{\\tau}\\prod_{n=1}^{\\infty} \\frac{\\cos@{(n-\\tfrac{1}{2})\\pi\\tau+z}\\cos@{(n-\\tfrac{1}{2})\\pi\\tau-z}}{\\cos^{ 2}@{(n-\\tfrac{1}{2})\\pi\\tau}},$"}}{"equation":{"symbols-used":[{"symbol":{"tex":"$\\theta_{\\NVar{j}}\\left(\\NVar{z}\\middle|\\NVar{\\tau}\\right)$","meaning":"theta function","idref":"C20.S2.SS1","content-tex":"$\\Jacobithetatau{\\NVar{j}}@{\\NVar{z}}{\\NVar{\\tau}}$"}},{"symbol":{"tex":"$\\pi$","meaning":"the ratio of the circumference of a circle to its diameter","idref":"C3.S12.E1","content-tex":"$\\cpi$"}},{"symbol":{"tex":"$\\sin\\NVar{z}$","meaning":"sine function","idref":"C4.S14.E1","content-tex":"$\\sin@@{\\NVar{z}}$"}},{"symbol":{"tex":"$n$","meaning":"integer","idref":"C20.S1.p2.t1.r2"}},{"symbol":{"tex":"$z$","meaning":"complex","idref":"C20.S1.p2.t1.r3"}},{"symbol":{"tex":"$\\tau$","meaning":"lattice parameter","idref":"C20.S1.p2.t1.r4"}}],"context-references":{"sentence-num-in-corpus":"11881","subsection-xmlid":"C20.S5.SS1","sentence-xmlid":"C20.S5.SS1.p2.s1","chapter-title":"Theta Functions","chapter-xmlid":"C20","section-title":"Infinite Products and Related Results","sentence-num-in-chapter":"69","section-xmlid":"C20.S5","sentence-num-in-section":"2","para-num-of-sentences":"1","para-xmlid":"C20.S5.SS1.p2","subsection-title":"Single Products"},"xml-id":"C20.S5.E8","tex":"$\\theta_{4}\\left(z\\middle|\\tau\\right)=\\theta_{4}\\left(0\\middle|\\tau\\right)\\prod _{n=1}^{\\infty}\\frac{\\sin\\left((n-\\tfrac{1}{2})\\pi\\tau+z\\right)\\sin\\left((n- \\tfrac{1}{2})\\pi\\tau-z\\right)}{{\\sin^{2}}\\left((n-\\tfrac{1}{2})\\pi\\tau\\right)}.$","permalink":"http:\/\/dlmf.nist.gov\/20.5.E8","equation-number":"20.5.8","content-tex":"$\\Jacobithetatau{4}@{z}{\\tau}=\\Jacobithetatau{4}@{0}{\\tau}\\prod_{n=1}^{\\infty} \\frac{\\sin@{(n-\\tfrac{1}{2})\\pi\\tau+z}\\sin@{(n-\\tfrac{1}{2})\\pi\\tau-z}}{\\sin^{ 2}@{(n-\\tfrac{1}{2})\\pi\\tau}}.$"}}{"equation":{"symbols-used":[{"symbol":{"tex":"$\\theta_{\\NVar{j}}\\left(\\NVar{z}\\middle|\\NVar{\\tau}\\right)$","meaning":"theta function","idref":"C20.S2.SS1","content-tex":"$\\Jacobithetatau{\\NVar{j}}@{\\NVar{z}}{\\NVar{\\tau}}$"}},{"symbol":{"tex":"$\\pi$","meaning":"the ratio of the circumference of a circle to its diameter","idref":"C3.S12.E1","content-tex":"$\\cpi$"}},{"symbol":{"tex":"$n$","meaning":"integer","idref":"C20.S1.p2.t1.r2"}},{"symbol":{"tex":"$z$","meaning":"complex","idref":"C20.S1.p2.t1.r3"}},{"symbol":{"tex":"$\\tau$","meaning":"lattice parameter","idref":"C20.S1.p2.t1.r4"}},{"symbol":{"tex":"$q$","meaning":"nome","idref":"C20.S1.p2.t1.r4"}}],"context-references":{"sentence-num-in-corpus":"11882","sentence-xmlid":"C20.S5.Px1.p1.s1","chapter-title":"Theta Functions","chapter-xmlid":"C20","paragraph-xmlid":"C20.S5.Px1","sentence-num-in-chapter":"70","section-xmlid":"C20.S5","sentence-num-in-section":"3","para-xmlid":"C20.S5.Px1.p1","subsection-title":"Single Products","subsection-xmlid":"C20.S5.SS1","paragraph-title":"Jacobi\u2019s Triple Product","section-title":"Infinite Products and Related Results","para-num-of-sentences":"1"},"xml-id":"C20.S5.E9","tex":"$\\theta_{3}\\left(\\pi z\\middle|\\tau\\right)=\\sum_{n=-\\infty}^{\\infty}p^{2n}q^{n^{ 2}}\\\\ =\\prod_{n=1}^{\\infty}\\left(1-q^{2n}\\right)\\left(1+q^{2n-1}p^{2}\\right)\\left(1+ q^{2n-1}p^{-2}\\right),$","permalink":"http:\/\/dlmf.nist.gov\/20.5.E9","equation-number":"20.5.9","content-tex":"$\\Jacobithetatau{3}@{\\pi z}{\\tau}=\\sum_{n=-\\infty}^{\\infty}p^{2n}q^{n^{2}}\\\\ =\\prod_{n=1}^{\\infty}\\left(1-q^{2n}\\right)\\left(1+q^{2n-1}p^{2}\\right)\\left(1+ q^{2n-1}p^{-2}\\right),$"}}{"expression":{"context-references":{"sentence-num-in-corpus":"11882","sentence-xmlid":"C20.S5.Px1.p1.s1","chapter-title":"Theta Functions","chapter-xmlid":"C20","paragraph-xmlid":"C20.S5.Px1","sentence-num-in-chapter":"70","section-xmlid":"C20.S5","sentence-num-in-section":"3","para-xmlid":"C20.S5.Px1.p1","subsection-title":"Single Products","subsection-xmlid":"C20.S5.SS1","paragraph-title":"Jacobi\u2019s Triple Product","section-title":"Infinite Products and Related Results","para-num-of-sentences":"1"},"xml-id":"C20.S5.Px1.p1.m1","tex":"$p=e^{i\\pi z}$"}}{"expression":{"context-references":{"sentence-num-in-corpus":"11882","sentence-xmlid":"C20.S5.Px1.p1.s1","chapter-title":"Theta Functions","chapter-xmlid":"C20","paragraph-xmlid":"C20.S5.Px1","sentence-num-in-chapter":"70","section-xmlid":"C20.S5","sentence-num-in-section":"3","para-xmlid":"C20.S5.Px1.p1","subsection-title":"Single Products","subsection-xmlid":"C20.S5.SS1","paragraph-title":"Jacobi\u2019s Triple Product","section-title":"Infinite Products and Related Results","para-num-of-sentences":"1"},"xml-id":"C20.S5.Px1.p1.m2","tex":"$q=e^{i\\pi\\tau}$"}}{"expression":{"context-references":{"sentence-num-in-corpus":"11883","subsection-xmlid":"C20.S5.SS2","sentence-xmlid":"C20.S5.SS2.p1.s1","chapter-title":"Theta Functions","chapter-xmlid":"C20","section-title":"Infinite Products and Related Results","sentence-num-in-chapter":"71","section-xmlid":"C20.S5","sentence-num-in-section":"4","para-num-of-sentences":"2","para-xmlid":"C20.S5.SS2.p1","subsection-title":"Logarithmic Derivatives"},"xml-id":"C20.S5.SS2.p1.m1","tex":"$\\left|\\Im z\\right|<\\pi\\Im\\tau$","content-tex":"$\\abs{\\imagpart@@{z}}<\\pi\\imagpart@@{\\tau}$"}}{"equation":{"symbols-used":[{"symbol":{"tex":"$\\theta_{\\NVar{j}}\\left(\\NVar{z},\\NVar{q}\\right)$","meaning":"theta function","idref":"C20.S2.SS1","content-tex":"$\\Jacobithetaq{\\NVar{j}}@{\\NVar{z}}{\\NVar{q}}$"}},{"symbol":{"tex":"$\\cos\\NVar{z}$","meaning":"cosine function","idref":"C4.S14.E2","content-tex":"$\\cos@@{\\NVar{z}}$"}},{"symbol":{"tex":"$\\cot\\NVar{z}$","meaning":"cotangent function","idref":"C4.S14.E7","content-tex":"$\\cot@@{\\NVar{z}}$"}},{"symbol":{"tex":"$\\sin\\NVar{z}$","meaning":"sine function","idref":"C4.S14.E1","content-tex":"$\\sin@@{\\NVar{z}}$"}},{"symbol":{"tex":"$n$","meaning":"integer","idref":"C20.S1.p2.t1.r2"}},{"symbol":{"tex":"$z$","meaning":"complex","idref":"C20.S1.p2.t1.r3"}},{"symbol":{"tex":"$q$","meaning":"nome","idref":"C20.S1.p2.t1.r4"}}],"context-references":{"sentence-num-in-corpus":"11883","subsection-xmlid":"C20.S5.SS2","sentence-xmlid":"C20.S5.SS2.p1.s1","chapter-title":"Theta Functions","chapter-xmlid":"C20","section-title":"Infinite Products and Related Results","sentence-num-in-chapter":"71","section-xmlid":"C20.S5","sentence-num-in-section":"4","para-num-of-sentences":"2","para-xmlid":"C20.S5.SS2.p1","subsection-title":"Logarithmic Derivatives"},"xml-id":"C20.S5.E10","tex":"$\\frac{\\theta_{1}'\\left(z,q\\right)}{\\theta_{1}\\left(z,q\\right)}-\\cot z=4\\sin \\left(2z\\right)\\sum_{n=1}^{\\infty}\\frac{q^{2n}}{1-2q^{2n}\\cos\\left(2z\\right)+q ^{4n}}=4\\sum_{n=1}^{\\infty}\\frac{q^{2n}}{1-q^{2n}}\\sin\\left(2nz\\right),$","permalink":"http:\/\/dlmf.nist.gov\/20.5.E10","equation-number":"20.5.10","content-tex":"$\\frac{\\Jacobithetaq{1}'@{z}{q}}{\\Jacobithetaq{1}@{z}{q}}-\\cot@@{z}=4\\sin@{2z} \\sum_{n=1}^{\\infty}\\frac{q^{2n}}{1-2q^{2n}\\cos@{2z}+q^{4n}}=4\\sum_{n=1}^{ \\infty}\\frac{q^{2n}}{1-q^{2n}}\\sin@{2nz},$"}}{"equation":{"symbols-used":[{"symbol":{"tex":"$\\theta_{\\NVar{j}}\\left(\\NVar{z},\\NVar{q}\\right)$","meaning":"theta function","idref":"C20.S2.SS1","content-tex":"$\\Jacobithetaq{\\NVar{j}}@{\\NVar{z}}{\\NVar{q}}$"}},{"symbol":{"tex":"$\\cos\\NVar{z}$","meaning":"cosine function","idref":"C4.S14.E2","content-tex":"$\\cos@@{\\NVar{z}}$"}},{"symbol":{"tex":"$\\sin\\NVar{z}$","meaning":"sine function","idref":"C4.S14.E1","content-tex":"$\\sin@@{\\NVar{z}}$"}},{"symbol":{"tex":"$\\tan\\NVar{z}$","meaning":"tangent function","idref":"C4.S14.E4","content-tex":"$\\tan@@{\\NVar{z}}$"}},{"symbol":{"tex":"$n$","meaning":"integer","idref":"C20.S1.p2.t1.r2"}},{"symbol":{"tex":"$z$","meaning":"complex","idref":"C20.S1.p2.t1.r3"}},{"symbol":{"tex":"$q$","meaning":"nome","idref":"C20.S1.p2.t1.r4"}}],"context-references":{"sentence-num-in-corpus":"11883","subsection-xmlid":"C20.S5.SS2","sentence-xmlid":"C20.S5.SS2.p1.s1","chapter-title":"Theta Functions","chapter-xmlid":"C20","section-title":"Infinite Products and Related Results","sentence-num-in-chapter":"71","section-xmlid":"C20.S5","sentence-num-in-section":"4","para-num-of-sentences":"2","para-xmlid":"C20.S5.SS2.p1","subsection-title":"Logarithmic Derivatives"},"xml-id":"C20.S5.E11","tex":"$\\frac{\\theta_{2}'\\left(z,q\\right)}{\\theta_{2}\\left(z,q\\right)}+\\tan z=-4\\sin \\left(2z\\right)\\sum_{n=1}^{\\infty}\\frac{q^{2n}}{1+2q^{2n}\\cos\\left(2z\\right)+q ^{4n}}=4\\sum_{n=1}^{\\infty}(-1)^{n}\\frac{q^{2n}}{1-q^{2n}}\\sin\\left(2nz\\right).$","permalink":"http:\/\/dlmf.nist.gov\/20.5.E11","equation-number":"20.5.11","content-tex":"$\\frac{\\Jacobithetaq{2}'@{z}{q}}{\\Jacobithetaq{2}@{z}{q}}+\\tan@@{z}=-4\\sin@{2z} \\sum_{n=1}^{\\infty}\\frac{q^{2n}}{1+2q^{2n}\\cos@{2z}+q^{4n}}=4\\sum_{n=1}^{ \\infty}(-1)^{n}\\frac{q^{2n}}{1-q^{2n}}\\sin@{2nz}.$"}}{"expression":{"context-references":{"sentence-num-in-corpus":"11884","subsection-xmlid":"C20.S5.SS2","sentence-xmlid":"C20.S5.SS2.p1.s2","chapter-title":"Theta Functions","chapter-xmlid":"C20","section-title":"Infinite Products and Related Results","sentence-num-in-chapter":"72","section-xmlid":"C20.S5","sentence-num-in-section":"5","para-num-of-sentences":"2","para-xmlid":"C20.S5.SS2.p1","subsection-title":"Logarithmic Derivatives"},"xml-id":"C20.S5.SS2.p1.m2","tex":"$\\cot z$","content-tex":"$\\cot@@{z}$"}}{"expression":{"context-references":{"sentence-num-in-corpus":"11884","subsection-xmlid":"C20.S5.SS2","sentence-xmlid":"C20.S5.SS2.p1.s2","chapter-title":"Theta Functions","chapter-xmlid":"C20","section-title":"Infinite Products and Related Results","sentence-num-in-chapter":"72","section-xmlid":"C20.S5","sentence-num-in-section":"5","para-num-of-sentences":"2","para-xmlid":"C20.S5.SS2.p1","subsection-title":"Logarithmic Derivatives"},"xml-id":"C20.S5.SS2.p1.m3","tex":"$\\tan z$","content-tex":"$\\tan@@{z}$"}}{"expression":{"context-references":{"sentence-num-in-corpus":"11885","subsection-xmlid":"C20.S5.SS2","sentence-xmlid":"C20.S5.SS2.p2.s1","chapter-title":"Theta Functions","chapter-xmlid":"C20","section-title":"Infinite Products and Related Results","sentence-num-in-chapter":"73","section-xmlid":"C20.S5","sentence-num-in-section":"6","para-num-of-sentences":"1","para-xmlid":"C20.S5.SS2.p2","subsection-title":"Logarithmic Derivatives"},"xml-id":"C20.S5.SS2.p2.m1","tex":"$\\left|\\Im z\\right|<\\tfrac{1}{2}\\pi\\Im\\tau$","content-tex":"$\\abs{\\imagpart@@{z}}<\\tfrac{1}{2}\\pi\\imagpart@@{\\tau}$"}}{"equation":{"symbols-used":[{"symbol":{"tex":"$\\theta_{\\NVar{j}}\\left(\\NVar{z},\\NVar{q}\\right)$","meaning":"theta function","idref":"C20.S2.SS1","content-tex":"$\\Jacobithetaq{\\NVar{j}}@{\\NVar{z}}{\\NVar{q}}$"}},{"symbol":{"tex":"$\\cos\\NVar{z}$","meaning":"cosine function","idref":"C4.S14.E2","content-tex":"$\\cos@@{\\NVar{z}}$"}},{"symbol":{"tex":"$\\sin\\NVar{z}$","meaning":"sine function","idref":"C4.S14.E1","content-tex":"$\\sin@@{\\NVar{z}}$"}},{"symbol":{"tex":"$n$","meaning":"integer","idref":"C20.S1.p2.t1.r2"}},{"symbol":{"tex":"$z$","meaning":"complex","idref":"C20.S1.p2.t1.r3"}},{"symbol":{"tex":"$q$","meaning":"nome","idref":"C20.S1.p2.t1.r4"}}],"context-references":{"sentence-num-in-corpus":"11885","subsection-xmlid":"C20.S5.SS2","sentence-xmlid":"C20.S5.SS2.p2.s1","chapter-title":"Theta Functions","chapter-xmlid":"C20","section-title":"Infinite Products and Related Results","sentence-num-in-chapter":"73","section-xmlid":"C20.S5","sentence-num-in-section":"6","para-num-of-sentences":"1","para-xmlid":"C20.S5.SS2.p2","subsection-title":"Logarithmic Derivatives"},"xml-id":"C20.S5.E12","tex":"$\\frac{\\theta_{3}'\\left(z,q\\right)}{\\theta_{3}\\left(z,q\\right)}=-4\\sin\\left(2z \\right)\\sum_{n=1}^{\\infty}\\frac{q^{2n-1}}{1+2q^{2n-1}\\cos\\left(2z\\right)+q^{4n -2}}=4\\sum_{n=1}^{\\infty}(-1)^{n}\\frac{q^{n}}{1-q^{2n}}\\sin\\left(2nz\\right),$","permalink":"http:\/\/dlmf.nist.gov\/20.5.E12","equation-number":"20.5.12","content-tex":"$\\frac{\\Jacobithetaq{3}'@{z}{q}}{\\Jacobithetaq{3}@{z}{q}}=-4\\sin@{2z}\\sum_{n=1} ^{\\infty}\\frac{q^{2n-1}}{1+2q^{2n-1}\\cos@{2z}+q^{4n-2}}=4\\sum_{n=1}^{\\infty}(- 1)^{n}\\frac{q^{n}}{1-q^{2n}}\\sin@{2nz},$"}}{"equation":{"symbols-used":[{"symbol":{"tex":"$\\theta_{\\NVar{j}}\\left(\\NVar{z},\\NVar{q}\\right)$","meaning":"theta function","idref":"C20.S2.SS1","content-tex":"$\\Jacobithetaq{\\NVar{j}}@{\\NVar{z}}{\\NVar{q}}$"}},{"symbol":{"tex":"$\\cos\\NVar{z}$","meaning":"cosine function","idref":"C4.S14.E2","content-tex":"$\\cos@@{\\NVar{z}}$"}},{"symbol":{"tex":"$\\sin\\NVar{z}$","meaning":"sine function","idref":"C4.S14.E1","content-tex":"$\\sin@@{\\NVar{z}}$"}},{"symbol":{"tex":"$n$","meaning":"integer","idref":"C20.S1.p2.t1.r2"}},{"symbol":{"tex":"$z$","meaning":"complex","idref":"C20.S1.p2.t1.r3"}},{"symbol":{"tex":"$q$","meaning":"nome","idref":"C20.S1.p2.t1.r4"}}],"context-references":{"sentence-num-in-corpus":"11885","subsection-xmlid":"C20.S5.SS2","sentence-xmlid":"C20.S5.SS2.p2.s1","chapter-title":"Theta Functions","chapter-xmlid":"C20","section-title":"Infinite Products and Related Results","sentence-num-in-chapter":"73","section-xmlid":"C20.S5","sentence-num-in-section":"6","para-num-of-sentences":"1","para-xmlid":"C20.S5.SS2.p2","subsection-title":"Logarithmic Derivatives"},"xml-id":"C20.S5.E13","tex":"$\\frac{\\theta_{4}'\\left(z,q\\right)}{\\theta_{4}\\left(z,q\\right)}=4\\sin\\left(2z \\right)\\sum_{n=1}^{\\infty}\\frac{q^{2n-1}}{1-2q^{2n-1}\\cos\\left(2z\\right)+q^{4n -2}}=4\\sum_{n=1}^{\\infty}\\frac{q^{n}}{1-q^{2n}}\\sin\\left(2nz\\right).$","permalink":"http:\/\/dlmf.nist.gov\/20.5.E13","equation-number":"20.5.13","content-tex":"$\\frac{\\Jacobithetaq{4}'@{z}{q}}{\\Jacobithetaq{4}@{z}{q}}=4\\sin@{2z}\\sum_{n=1}^ {\\infty}\\frac{q^{2n-1}}{1-2q^{2n-1}\\cos@{2z}+q^{4n-2}}=4\\sum_{n=1}^{\\infty} \\frac{q^{n}}{1-q^{2n}}\\sin@{2nz}.$"}}{"expression":{"context-references":{"sentence-num-in-corpus":"11886","subsection-xmlid":"C20.S5.SS2","sentence-xmlid":"C20.S5.SS2.p3.s1","chapter-title":"Theta Functions","chapter-xmlid":"C20","section-title":"Infinite Products and Related Results","sentence-num-in-chapter":"74","section-xmlid":"C20.S5","sentence-num-in-section":"7","para-num-of-sentences":"1","para-xmlid":"C20.S5.SS2.p3","subsection-title":"Logarithmic Derivatives"},"xml-id":"C20.S5.SS2.p3.m1","tex":"$z$"}}{"equation":{"symbols-used":[{"symbol":{"tex":"$\\theta_{\\NVar{j}}\\left(\\NVar{z}\\middle|\\NVar{\\tau}\\right)$","meaning":"theta function","idref":"C20.S2.SS1","content-tex":"$\\Jacobithetatau{\\NVar{j}}@{\\NVar{z}}{\\NVar{\\tau}}$"}},{"symbol":{"tex":"$\\pi$","meaning":"the ratio of the circumference of a circle to its diameter","idref":"C3.S12.E1","content-tex":"$\\cpi$"}},{"symbol":{"tex":"$m$","meaning":"integer","idref":"C20.S1.p2.t1.r2"}},{"symbol":{"tex":"$n$","meaning":"integer","idref":"C20.S1.p2.t1.r2"}},{"symbol":{"tex":"$z$","meaning":"complex","idref":"C20.S1.p2.t1.r3"}},{"symbol":{"tex":"$\\tau$","meaning":"lattice parameter","idref":"C20.S1.p2.t1.r4"}}],"context-references":{"sentence-num-in-corpus":"11887","subsection-xmlid":"C20.S5.SS3","sentence-xmlid":"C20.S5.SS3.p1.s1","chapter-title":"Theta Functions","chapter-xmlid":"C20","section-title":"Infinite Products and Related Results","sentence-num-in-chapter":"75","section-xmlid":"C20.S5","sentence-num-in-section":"8","para-num-of-sentences":"1","para-xmlid":"C20.S5.SS3.p1","subsection-title":"Double Products"},"xml-id":"C20.S5.E14","tex":"$\\theta_{1}\\left(z\\middle|\\tau\\right)=z\\theta_{1}'\\left(0\\middle|\\tau\\right)\\* \\lim_{N\\to\\infty}\\prod_{n=-N}^{N}\\lim_{M\\to\\infty}\\prod_{\\begin{subarray}{c}m= -M\\\\ \\left|m\\right|+\\left|n\\right|\\neq 0\\end{subarray}}^{M}\\left(1+\\frac{z}{(m+n \\tau)\\pi}\\right),$","permalink":"http:\/\/dlmf.nist.gov\/20.5.E14","equation-number":"20.5.14","content-tex":"$\\Jacobithetatau{1}@{z}{\\tau}=z\\Jacobithetatau{1}'@{0}{\\tau}\\*\\lim_{N\\to\\infty} \\prod_{n=-N}^{N}\\lim_{M\\to\\infty}\\prod_{\\begin{subarray}{c}m=-M\\\\ \\abs{m}+\\abs{n}\\neq 0\\end{subarray}}^{M}\\left(1+\\frac{z}{(m+n\\tau)\\pi}\\right),$"}}{"equation":{"symbols-used":[{"symbol":{"tex":"$\\theta_{\\NVar{j}}\\left(\\NVar{z}\\middle|\\NVar{\\tau}\\right)$","meaning":"theta function","idref":"C20.S2.SS1","content-tex":"$\\Jacobithetatau{\\NVar{j}}@{\\NVar{z}}{\\NVar{\\tau}}$"}},{"symbol":{"tex":"$\\pi$","meaning":"the ratio of the circumference of a circle to its diameter","idref":"C3.S12.E1","content-tex":"$\\cpi$"}},{"symbol":{"tex":"$m$","meaning":"integer","idref":"C20.S1.p2.t1.r2"}},{"symbol":{"tex":"$n$","meaning":"integer","idref":"C20.S1.p2.t1.r2"}},{"symbol":{"tex":"$z$","meaning":"complex","idref":"C20.S1.p2.t1.r3"}},{"symbol":{"tex":"$\\tau$","meaning":"lattice parameter","idref":"C20.S1.p2.t1.r4"}}],"context-references":{"sentence-num-in-corpus":"11887","subsection-xmlid":"C20.S5.SS3","sentence-xmlid":"C20.S5.SS3.p1.s1","chapter-title":"Theta Functions","chapter-xmlid":"C20","section-title":"Infinite Products and Related Results","sentence-num-in-chapter":"75","section-xmlid":"C20.S5","sentence-num-in-section":"8","para-num-of-sentences":"1","para-xmlid":"C20.S5.SS3.p1","subsection-title":"Double Products"},"xml-id":"C20.S5.E15","tex":"$\\theta_{2}\\left(z\\middle|\\tau\\right)=\\theta_{2}\\left(0\\middle|\\tau\\right)\\* \\lim_{N\\to\\infty}\\prod_{n=-N}^{N}\\lim_{M\\to\\infty}\\prod_{m=1-M}^{M}\\left(1+ \\frac{z}{(m-\\tfrac{1}{2}+n\\tau)\\pi}\\right),$","permalink":"http:\/\/dlmf.nist.gov\/20.5.E15","equation-number":"20.5.15","content-tex":"$\\Jacobithetatau{2}@{z}{\\tau}=\\Jacobithetatau{2}@{0}{\\tau}\\*\\lim_{N\\to\\infty} \\prod_{n=-N}^{N}\\lim_{M\\to\\infty}\\prod_{m=1-M}^{M}\\left(1+\\frac{z}{(m-\\tfrac{1 }{2}+n\\tau)\\pi}\\right),$"}}{"equation":{"symbols-used":[{"symbol":{"tex":"$\\theta_{\\NVar{j}}\\left(\\NVar{z}\\middle|\\NVar{\\tau}\\right)$","meaning":"theta function","idref":"C20.S2.SS1","content-tex":"$\\Jacobithetatau{\\NVar{j}}@{\\NVar{z}}{\\NVar{\\tau}}$"}},{"symbol":{"tex":"$\\pi$","meaning":"the ratio of the circumference of a circle to its diameter","idref":"C3.S12.E1","content-tex":"$\\cpi$"}},{"symbol":{"tex":"$m$","meaning":"integer","idref":"C20.S1.p2.t1.r2"}},{"symbol":{"tex":"$n$","meaning":"integer","idref":"C20.S1.p2.t1.r2"}},{"symbol":{"tex":"$z$","meaning":"complex","idref":"C20.S1.p2.t1.r3"}},{"symbol":{"tex":"$\\tau$","meaning":"lattice parameter","idref":"C20.S1.p2.t1.r4"}}],"context-references":{"sentence-num-in-corpus":"11887","subsection-xmlid":"C20.S5.SS3","sentence-xmlid":"C20.S5.SS3.p1.s1","chapter-title":"Theta Functions","chapter-xmlid":"C20","section-title":"Infinite Products and Related Results","sentence-num-in-chapter":"75","section-xmlid":"C20.S5","sentence-num-in-section":"8","para-num-of-sentences":"1","para-xmlid":"C20.S5.SS3.p1","subsection-title":"Double Products"},"xml-id":"C20.S5.E16","tex":"$\\theta_{3}\\left(z\\middle|\\tau\\right)=\\theta_{3}\\left(0\\middle|\\tau\\right)\\* \\lim_{N\\to\\infty}\\prod_{n=1-N}^{N}\\lim_{M\\to\\infty}\\prod_{m=1-M}^{M}\\left(1+ \\frac{z}{(m-\\tfrac{1}{2}+(n-\\tfrac{1}{2})\\tau)\\pi}\\right),$","permalink":"http:\/\/dlmf.nist.gov\/20.5.E16","equation-number":"20.5.16","content-tex":"$\\Jacobithetatau{3}@{z}{\\tau}=\\Jacobithetatau{3}@{0}{\\tau}\\*\\lim_{N\\to\\infty} \\prod_{n=1-N}^{N}\\lim_{M\\to\\infty}\\prod_{m=1-M}^{M}\\left(1+\\frac{z}{(m-\\tfrac{ 1}{2}+(n-\\tfrac{1}{2})\\tau)\\pi}\\right),$"}}{"equation":{"symbols-used":[{"symbol":{"tex":"$\\theta_{\\NVar{j}}\\left(\\NVar{z}\\middle|\\NVar{\\tau}\\right)$","meaning":"theta function","idref":"C20.S2.SS1","content-tex":"$\\Jacobithetatau{\\NVar{j}}@{\\NVar{z}}{\\NVar{\\tau}}$"}},{"symbol":{"tex":"$\\pi$","meaning":"the ratio of the circumference of a circle to its diameter","idref":"C3.S12.E1","content-tex":"$\\cpi$"}},{"symbol":{"tex":"$m$","meaning":"integer","idref":"C20.S1.p2.t1.r2"}},{"symbol":{"tex":"$n$","meaning":"integer","idref":"C20.S1.p2.t1.r2"}},{"symbol":{"tex":"$z$","meaning":"complex","idref":"C20.S1.p2.t1.r3"}},{"symbol":{"tex":"$\\tau$","meaning":"lattice parameter","idref":"C20.S1.p2.t1.r4"}}],"context-references":{"sentence-num-in-corpus":"11887","subsection-xmlid":"C20.S5.SS3","sentence-xmlid":"C20.S5.SS3.p1.s1","chapter-title":"Theta Functions","chapter-xmlid":"C20","section-title":"Infinite Products and Related Results","sentence-num-in-chapter":"75","section-xmlid":"C20.S5","sentence-num-in-section":"8","para-num-of-sentences":"1","para-xmlid":"C20.S5.SS3.p1","subsection-title":"Double Products"},"xml-id":"C20.S5.E17","tex":"$\\theta_{4}\\left(z\\middle|\\tau\\right)=\\theta_{4}\\left(0\\middle|\\tau\\right)\\* \\lim_{N\\to\\infty}\\prod_{n=1-N}^{N}\\lim_{M\\to\\infty}\\prod_{m=-M}^{M}\\left(1+ \\frac{z}{(m+(n-\\tfrac{1}{2})\\tau)\\pi}\\right).$","permalink":"http:\/\/dlmf.nist.gov\/20.5.E17","equation-number":"20.5.17","content-tex":"$\\Jacobithetatau{4}@{z}{\\tau}=\\Jacobithetatau{4}@{0}{\\tau}\\*\\lim_{N\\to\\infty} \\prod_{n=1-N}^{N}\\lim_{M\\to\\infty}\\prod_{m=-M}^{M}\\left(1+\\frac{z}{(m+(n- \\tfrac{1}{2})\\tau)\\pi}\\right).$"}}{"expression":{"context-references":{"chapter-title":"Theta Functions","chapter-xmlid":"C20"},"xml-id":"C20.S4.m2a","tex":"$z$"}}{"expression":{"context-references":{"chapter-title":"Theta Functions","chapter-xmlid":"C20"},"xml-id":"C20.S4.m2aa","tex":"$z$"}}