{"equation":{"symbols-used":[{"symbol":{"tex":"$\\theta_{\\NVar{j}}\\left(\\NVar{z},\\NVar{q}\\right)$","meaning":"theta function","idref":"C20.S2.SS1","content-tex":"$\\Jacobithetaq{\\NVar{j}}@{\\NVar{z}}{\\NVar{q}}$"}},{"symbol":{"tex":"$\\mathrm{e}$","meaning":"base of natural logarithm","idref":"C4.S2.E11","content-tex":"$\\expe$"}},{"symbol":{"tex":"$\\mathrm{i}$","meaning":"imaginary unit","idref":"C1.S9.E1","content-tex":"$\\iunit$"}},{"symbol":{"tex":"$n$","meaning":"integer","idref":"C20.S1.p2.t1.r2"}},{"symbol":{"tex":"$z$","meaning":"complex","idref":"C20.S1.p2.t1.r3"}},{"symbol":{"tex":"$q$","meaning":"nome","idref":"C20.S1.p2.t1.r4"}}],"xml-id":"C20.S8.E1","tex":"$\\frac{\\theta_{2}\\left(0,q\\right)\\theta_{3}\\left(z,q\\right)\\theta_{4}\\left(z,q \\right)}{\\theta_{2}\\left(z,q\\right)}=2\\sum_{n=-\\infty}^{\\infty}\\frac{(-1)^{n}q ^{n^{2}}e^{i2nz}}{q^{-n}e^{-iz}+q^{n}e^{iz}}.$","context":{"sentence-num-in-corpus":"11921","sentence-xmlid":"C20.S8.p1.s1","chapter-title":"Theta Functions","chapter-xmlid":"C20","section-title":"Watson\u2019s Expansions","sentence-num-in-chapter":"109","section-xmlid":"C20.S8","sentence-num-in-section":"1","para-num-of-sentences":"3","para-xmlid":"C20.S8.p1"},"permalink":"http:\/\/dlmf.nist.gov\/20.8.E1","equation-number":"20.8.1","content-tex":"$\\frac{\\Jacobithetaq{2}@{0}{q}\\Jacobithetaq{3}@{z}{q}\\Jacobithetaq{4}@{z}{q}}{ \\Jacobithetaq{2}@{z}{q}}=2\\sum_{n=-\\infty}^{\\infty}\\frac{(-1)^{n}q^{n^{2}}e^{i 2nz}}{q^{-n}e^{-iz}+q^{n}e^{iz}}.$"}}{"expression":{"xml-id":"C20.S4.m2a","tex":"$z$","context":{"chapter-title":"Theta Functions","chapter-xmlid":"C20"}}}