<?xml version="1.0" encoding="UTF-8"?>
<section xml:id="C14.S16">
<title>Zeros</title>         
<subsection xml:id="C14.S16.SS1">
<title>Notation</title>         
<para xml:id="C14.S16.SS1.p1">

<sentence sentence-num-in-para="1" sentence-num-in-section="1" xml:id="C14.S16.SS1.p1.s1">
Throughout this section we assume that <Math mode="inline" xml:id="C14.S16.SS1.p1.m1">\mu</Math> and <Math mode="inline" xml:id="C14.S16.SS1.p1.m2">\nu</Math> are real, and when they are not integers we write <Math equation-number="14.16.1" mode="display" xml:id="C14.S16.E1">\mu=m+\delta_{\mu},\nu=n+\delta_{\nu},</Math> where <Math mode="inline" xml:id="C14.S16.SS1.p1.m3">m</Math> , <Math mode="inline" xml:id="C14.S16.SS1.p1.m4">n\in\mathbb{Z}</Math> and <Math mode="inline" xml:id="C14.S16.SS1.p1.m5">\delta_{\mu}</Math> , <Math mode="inline" xml:id="C14.S16.SS1.p1.m6">\delta_{\nu}\in(0,1)</Math>.
</sentence>

<sentence sentence-num-in-para="2" sentence-num-in-section="2" xml:id="C14.S16.SS1.p1.s2">
For all cases concerning <Math mode="inline" xml:id="C14.S16.SS1.p1.m7">\mathsf{P}^{\mu}_{\nu}\left(x\right)</Math> and <Math mode="inline" xml:id="C14.S16.SS1.p1.m8">P^{\mu}_{\nu}\left(x\right)</Math> we assume that <Math mode="inline" xml:id="C14.S16.SS1.p1.m9">\nu\geq-\frac{1}{2}</Math> without loss of generality (see (14.9.5) and (14.9.11)).
</sentence>

</para>
 
</subsection>
 
<subsection xml:id="C14.S16.SS2">
<title>Interval <Math mode="inline" xml:id="C14.S16.SS2.m1">-1&amp;lt;x&amp;lt;1</Math></title>          
<para xml:id="C14.S16.SS2.p1">

<sentence sentence-num-in-para="1" sentence-num-in-section="3" xml:id="C14.S16.SS2.p1.s1">
The number of zeros of <Math mode="inline" xml:id="C14.S16.SS2.p1.m1">\mathsf{P}^{\mu}_{\nu}\left(x\right)</Math> in the interval <Math mode="inline" xml:id="C14.S16.SS2.p1.m2">(-1,1)</Math> is <Math mode="inline" xml:id="C14.S16.SS2.p1.m3">\max(\lceil\nu-|\mu|\rceil,0)</Math> if any of the following sets of conditions hold: <Math mode="inline" xml:id="C14.S16.I1.ix1.p1.m1">\mu\leq 0</Math>.
</sentence>

<sentence sentence-num-in-para="2" sentence-num-in-section="4" xml:id="C14.S16.SS2.p1.s2">
<Math mode="inline" xml:id="C14.S16.I1.ix2.p1.m1">\mu&gt;0</Math> , <Math mode="inline" xml:id="C14.S16.I1.ix2.p1.m2">n\geq m</Math> , and <Math mode="inline" xml:id="C14.S16.I1.ix2.p1.m3">\delta_{\nu}&gt;\delta_{\mu}</Math>.
</sentence>

<sentence sentence-num-in-para="3" sentence-num-in-section="5" xml:id="C14.S16.SS2.p1.s3">
<Math mode="inline" xml:id="C14.S16.I1.ix3.p1.m1">\mu&gt;0</Math> , <Math mode="inline" xml:id="C14.S16.I1.ix3.p1.m2">n&lt;m</Math> , and <Math mode="inline" xml:id="C14.S16.I1.ix3.p1.m3">m-n</Math> is odd.
</sentence>

<sentence sentence-num-in-para="4" sentence-num-in-section="6" xml:id="C14.S16.SS2.p1.s4">
<Math mode="inline" xml:id="C14.S16.I1.ix4.p1.m1">\nu=0,1,2,3,\dots</Math>.
</sentence>

</para>
 
<para xml:id="C14.S16.SS2.p2">

<sentence sentence-num-in-para="1" sentence-num-in-section="7" xml:id="C14.S16.SS2.p2.s1">
The number of zeros of <Math mode="inline" xml:id="C14.S16.SS2.p2.m1">\mathsf{P}^{\mu}_{\nu}\left(x\right)</Math> in the interval <Math mode="inline" xml:id="C14.S16.SS2.p2.m2">(-1,1)</Math> is <Math mode="inline" xml:id="C14.S16.SS2.p2.m3">\max(\lceil\nu-|\mu|\rceil,0)+1</Math> if either of the following sets of conditions holds: <Math mode="inline" xml:id="C14.S16.I2.ix5.p1.m1">\mu&gt;0</Math> , <Math mode="inline" xml:id="C14.S16.I2.ix5.p1.m2">n&gt;m</Math> , and <Math mode="inline" xml:id="C14.S16.I2.ix5.p1.m3">\delta_{\nu}\leq\delta_{\mu}</Math>.
</sentence>

<sentence sentence-num-in-para="2" sentence-num-in-section="8" xml:id="C14.S16.SS2.p2.s2">
<Math mode="inline" xml:id="C14.S16.I2.ix6.p1.m1">\mu&gt;0</Math> , <Math mode="inline" xml:id="C14.S16.I2.ix6.p1.m2">n&lt;m</Math> , and <Math mode="inline" xml:id="C14.S16.I2.ix6.p1.m3">m-n</Math> is even.
</sentence>

</para>
 
<para xml:id="C14.S16.SS2.p3">

<sentence sentence-num-in-para="1" sentence-num-in-section="9" xml:id="C14.S16.SS2.p3.s1">
The zeros of <Math mode="inline" xml:id="C14.S16.SS2.p3.m1">\mathsf{Q}^{\mu}_{\nu}\left(x\right)</Math> in the interval <Math mode="inline" xml:id="C14.S16.SS2.p3.m2">(-1,1)</Math> interlace those of <Math mode="inline" xml:id="C14.S16.SS2.p3.m3">\mathsf{P}^{\mu}_{\nu}\left(x\right)</Math>.
</sentence>

<sentence sentence-num-in-para="2" sentence-num-in-section="10" xml:id="C14.S16.SS2.p3.s2">
<Math mode="inline" xml:id="C14.S16.SS2.p3.m4">\mathsf{Q}^{\mu}_{\nu}\left(x\right)</Math> has <Math mode="inline" xml:id="C14.S16.SS2.p3.m5">\max(\lceil\nu-|\mu|\rceil,0)+k</Math> zeros in the interval <Math mode="inline" xml:id="C14.S16.SS2.p3.m6">(-1,1)</Math> , where <Math mode="inline" xml:id="C14.S16.SS2.p3.m7">k</Math> can take one of the values <Math mode="inline" xml:id="C14.S16.SS2.p3.m8">-1</Math> , <Math mode="inline" xml:id="C14.S16.SS2.p3.m9">0</Math> , <Math mode="inline" xml:id="C14.S16.SS2.p3.m10">1</Math> , <Math mode="inline" xml:id="C14.S16.SS2.p3.m11">2</Math> , subject to <Math mode="inline" xml:id="C14.S16.SS2.p3.m12">\max(\lceil\nu-|\mu|\rceil,0)+k</Math> being even or odd according as <Math mode="inline" xml:id="C14.S16.SS2.p3.m13">\cos\left(\nu\pi\right)</Math> and <Math mode="inline" xml:id="C14.S16.SS2.p3.m14">\cos\left(\mu\pi\right)</Math> have opposite signs or the same sign.
</sentence>

<sentence sentence-num-in-para="3" sentence-num-in-section="11" xml:id="C14.S16.SS2.p3.s3">
In the special case <Math mode="inline" xml:id="C14.S16.SS2.p3.m15">\mu=0</Math> and <Math mode="inline" xml:id="C14.S16.SS2.p3.m16">\nu=n=0,1,2,3,\dots</Math> , <Math mode="inline" xml:id="C14.S16.SS2.p3.m17">\mathsf{Q}_{n}\left(x\right)</Math> has <Math mode="inline" xml:id="C14.S16.SS2.p3.m18">n+1</Math> zeros in the interval <Math mode="inline" xml:id="C14.S16.SS2.p3.m19">-1&lt;x&lt;1</Math>.
</sentence>

</para>

 
<para xml:id="C14.S16.SS2.p4">

<sentence sentence-num-in-para="1" sentence-num-in-section="12" xml:id="C14.S16.SS2.p4.s1">
For uniform asymptotic approximations for the zeros of <Math mode="inline" xml:id="C14.S16.SS2.p4.m1">\mathsf{P}^{-m}_{n}\left(x\right)</Math> in the interval <Math mode="inline" xml:id="C14.S16.SS2.p4.m2">-1&lt;x&lt;1</Math> when <Math mode="inline" xml:id="C14.S16.SS2.p4.m3">n\to\infty</Math> with <Math mode="inline" xml:id="C14.S16.SS2.p4.m4">m</Math> <Math mode="inline" xml:id="C14.S16.SS2.p4.m5">(\geq 0)</Math> fixed, seeOlver (1997b, p. 469).
</sentence>

</para>
 
</subsection>
 
<subsection xml:id="C14.S16.SS3">
<title>Interval <Math mode="inline" xml:id="C14.S16.SS3.m1">1&amp;lt;x&amp;lt;\infty</Math></title>          
<para xml:id="C14.S16.SS3.p1">

<sentence sentence-num-in-para="1" sentence-num-in-section="13" xml:id="C14.S16.SS3.p1.s1">
 <Math mode="inline" xml:id="C14.S16.SS3.p1.m1">P^{\mu}_{\nu}\left(x\right)</Math> has exactly one zero in the interval <Math mode="inline" xml:id="C14.S16.SS3.p1.m2">(1,\infty)</Math> if either of the following sets of conditions holds: <Math mode="inline" xml:id="C14.S16.I3.ix7.p1.m1">\mu&gt;0</Math> , <Math mode="inline" xml:id="C14.S16.I3.ix7.p1.m2">\mu&gt;\nu</Math> , <Math mode="inline" xml:id="C14.S16.I3.ix7.p1.m3">\mu\notin\mathbb{Z}</Math> , and <Math mode="inline" xml:id="C14.S16.I3.ix7.p1.m4">\sin\left((\mu-\nu)\pi\right)</Math> and <Math mode="inline" xml:id="C14.S16.I3.ix7.p1.m5">\sin\left(\mu\pi\right)</Math> have opposite signs.
</sentence>

<sentence sentence-num-in-para="2" sentence-num-in-section="14" xml:id="C14.S16.SS3.p1.s2">
<Math mode="inline" xml:id="C14.S16.I3.ix8.p1.m1">\mu\leq\nu</Math> , <Math mode="inline" xml:id="C14.S16.I3.ix8.p1.m2">\mu\notin\mathbb{Z}</Math> , and <Math mode="inline" xml:id="C14.S16.I3.ix8.p1.m3">\lfloor\mu\rfloor</Math> is odd.
</sentence>

</para>
 
<para xml:id="C14.S16.SS3.p2">

<sentence sentence-num-in-para="1" sentence-num-in-section="15" xml:id="C14.S16.SS3.p2.s1">
For all other values of <Math mode="inline" xml:id="C14.S16.SS3.p2.m1">\mu</Math> and <Math mode="inline" xml:id="C14.S16.SS3.p2.m2">\nu</Math> (with <Math mode="inline" xml:id="C14.S16.SS3.p2.m3">\nu\geq-\frac{1}{2}</Math> ) <Math mode="inline" xml:id="C14.S16.SS3.p2.m4">P^{\mu}_{\nu}\left(x\right)</Math> has no zeros in the interval <Math mode="inline" xml:id="C14.S16.SS3.p2.m5">(1,\infty)</Math>.
</sentence>

</para>
 
<para xml:id="C14.S16.SS3.p3">

<sentence sentence-num-in-para="1" sentence-num-in-section="16" xml:id="C14.S16.SS3.p3.s1">
 <Math mode="inline" xml:id="C14.S16.SS3.p3.m1">\boldsymbol{Q}^{\mu}_{\nu}\left(x\right)</Math> has no zeros in the interval <Math mode="inline" xml:id="C14.S16.SS3.p3.m2">(1,\infty)</Math> when <Math mode="inline" xml:id="C14.S16.SS3.p3.m3">\nu&gt;-1</Math> , and at most one zero in the interval <Math mode="inline" xml:id="C14.S16.SS3.p3.m4">(1,\infty)</Math> when <Math mode="inline" xml:id="C14.S16.SS3.p3.m5">\nu&lt;-1</Math>.
</sentence>

</para>
 
</subsection>
 
</section>
