<?xml version="1.0" encoding="UTF-8"?>
<section xml:id="C14.S10">
<title>Recurrence Relations and Derivatives</title>            
 
<para xml:id="C14.S10.p1">

<sentence sentence-num-in-para="1" sentence-num-in-section="1" xml:id="C14.S10.p1.s1">
 <Math equation-number="14.10.1" mode="display" xml:id="C14.S10.E1">{\mathsf{P}^{\mu+2}_{\nu}\left(x\right)+2(\mu+1)x\left(1-x^{2}\right)^{-1/2} \mathsf{P}^{\mu+1}_{\nu}\left(x\right)}+(\nu-\mu)(\nu+\mu+1)\mathsf{P}^{\mu}_{ \nu}\left(x\right)=0,</Math> <Math equation-number="14.10.2" mode="display" xml:id="C14.S10.E2">{\left(1-x^{2}\right)^{1/2}\mathsf{P}^{\mu+1}_{\nu}\left(x\right)-(\nu-\mu+1) \mathsf{P}^{\mu}_{\nu+1}\left(x\right)}+(\nu+\mu+1)x\mathsf{P}^{\mu}_{\nu} \left(x\right)=0,</Math> <Math equation-number="14.10.3" mode="display" xml:id="C14.S10.E3">{(\nu-\mu+2)\mathsf{P}^{\mu}_{\nu+2}\left(x\right)-(2\nu+3)x\mathsf{P}^{\mu}_{ \nu+1}\left(x\right)}+(\nu+\mu+1)\mathsf{P}^{\mu}_{\nu}\left(x\right)=0,</Math> <Math equation-number="14.10.4" mode="display" xml:id="C14.S10.E4">\left(1-x^{2}\right)\frac{\mathrm{d}\mathsf{P}^{\mu}_{\nu}\left(x\right)}{ \mathrm{d}x}={(\mu-\nu-1)\mathsf{P}^{\mu}_{\nu+1}\left(x\right)+(\nu+1)x \mathsf{P}^{\mu}_{\nu}\left(x\right)},</Math> <Math equation-number="14.10.5" mode="display" xml:id="C14.S10.E5">\left(1-x^{2}\right)\frac{\mathrm{d}\mathsf{P}^{\mu}_{\nu}\left(x\right)}{ \mathrm{d}x}=(\nu+\mu)\mathsf{P}^{\mu}_{\nu-1}\left(x\right)-\nu x\mathsf{P}^{ \mu}_{\nu}\left(x\right)</Math>.
</sentence>

<sentence sentence-num-in-para="2" sentence-num-in-section="2" xml:id="C14.S10.p1.s2">
<Math mode="inline" xml:id="C14.S10.p1.m1">\mathsf{Q}^{\mu}_{\nu}\left(x\right)</Math> also satisfies (14.10.1)–(14.10.5).
</sentence>

<sentence sentence-num-in-para="3" sentence-num-in-section="3" xml:id="C14.S10.p1.s3">
<Math equation-number="14.10.6" mode="display" xml:id="C14.S10.E6">{P^{\mu+2}_{\nu}\left(x\right)+2(\mu+1)x\left(x^{2}-1\right)^{-1/2}P^{\mu+1}_{ \nu}\left(x\right)}-(\nu-\mu)(\nu+\mu+1)P^{\mu}_{\nu}\left(x\right)=0,</Math> <Math equation-number="14.10.7" mode="display" xml:id="C14.S10.E7">{\left(x^{2}-1\right)^{1/2}P^{\mu+1}_{\nu}\left(x\right)-(\nu-\mu+1)P^{\mu}_{ \nu+1}\left(x\right)}+(\nu+\mu+1)xP^{\mu}_{\nu}\left(x\right)=0</Math>.
</sentence>

<sentence sentence-num-in-para="4" sentence-num-in-section="4" xml:id="C14.S10.p1.s4">
<Math mode="inline" xml:id="C14.S10.p1.m2">Q^{\mu}_{\nu}\left(x\right)</Math> also satisfies (14.10.6) and (14.10.7).
</sentence>

<sentence sentence-num-in-para="5" sentence-num-in-section="5" xml:id="C14.S10.p1.s5">
In addition, <Math mode="inline" xml:id="C14.S10.p1.m3">P^{\mu}_{\nu}\left(x\right)</Math> and <Math mode="inline" xml:id="C14.S10.p1.m4">Q^{\mu}_{\nu}\left(x\right)</Math> satisfy (14.10.3)–(14.10.5).
</sentence>

</para>
  
</section>
