<?xml version="1.0" encoding="UTF-8"?>
<section xml:id="C14.S11">
<title>Derivatives with Respect to Degree or Order</title>        
  
 
<para xml:id="C14.S11.p1">

<sentence sentence-num-in-para="1" sentence-num-in-section="1" xml:id="C14.S11.p1.s1">
 <Math equation-number="14.11.1" mode="display" xml:id="C14.S11.E1">\frac{\partial}{\partial\nu}\mathsf{P}^{\mu}_{\nu}\left(x\right)=\pi\cot\left( \nu\pi\right)\mathsf{P}^{\mu}_{\nu}\left(x\right)-\frac{1}{\pi}\mathsf{A}_{\nu }^{\mu}(x),</Math> <Math equation-number="14.11.2" mode="display" xml:id="C14.S11.E2">\frac{\partial}{\partial\nu}\mathsf{Q}^{\mu}_{\nu}\left(x\right)=-\tfrac{1}{2} \pi^{2}\mathsf{P}^{\mu}_{\nu}\left(x\right)+\frac{\pi\sin\left(\mu\pi\right)}{ \sin\left(\nu\pi\right)\sin\left((\nu+\mu)\pi\right)}\mathsf{Q}^{\mu}_{\nu} \left(x\right)-\tfrac{1}{2}\cot\left((\nu+\mu)\pi\right)\mathsf{A}_{\nu}^{\mu} (x)+\tfrac{1}{2}\csc\left((\nu+\mu)\pi\right)\mathsf{A}_{\nu}^{\mu}(-x),</Math> where <Math equation-number="14.11.3" mode="display" xml:id="C14.S11.E3">\mathsf{A}_{\nu}^{\mu}(x)=\sin\left(\nu\pi\right)\left(\frac{1+x}{1-x}\right)^ {\mu/2}\*\sum_{k=0}^{\infty}\frac{\left(\frac{1}{2}-\frac{1}{2}x\right)^{k} \Gamma\left(k-\nu\right)\Gamma\left(k+\nu+1\right)}{k!\Gamma\left(k-\mu+1 \right)}\*\left(\psi\left(k+\nu+1\right)-\psi\left(k-\nu\right)\right)</Math>.
</sentence>

<sentence sentence-num-in-para="2" sentence-num-in-section="2" xml:id="C14.S11.p1.s2">
<Math equation-number="14.11.4" mode="display" xml:id="C14.S11.E4">\left.\frac{\partial}{\partial\mu}\mathsf{P}^{\mu}_{\nu}\left(x\right)\right|_ {\mu=0}=\left(\psi\left(-\nu\right)-\pi\cot\left(\nu\pi\right)\right)\mathsf{P }_{\nu}\left(x\right)+\mathsf{Q}_{\nu}\left(x\right),</Math> , <Math equation-number="14.11.5" mode="display" xml:id="C14.S11.E5">\left.\frac{\partial}{\partial\mu}\mathsf{Q}^{\mu}_{\nu}\left(x\right)\right|_ {\mu=0}=-\tfrac{1}{4}\pi^{2}\mathsf{P}_{\nu}\left(x\right)+\left(\psi\left(- \nu\right)-\pi\cot\left(\nu\pi\right)\right)\mathsf{Q}_{\nu}\left(x\right)</Math>.
</sentence>

<sentence sentence-num-in-para="3" sentence-num-in-section="3" xml:id="C14.S11.p1.s3">
(14.11.1) holds if <Math mode="inline" xml:id="C14.S11.p1.m1">\mathsf{P}^{\mu}_{\nu}\left(x\right)</Math> is replaced by <Math mode="inline" xml:id="C14.S11.p1.m2">P^{\mu}_{\nu}\left(x\right)</Math> , provided that the factor <Math mode="inline" xml:id="C14.S11.p1.m3">(\ifrac{(1+x)}{(1-x)})^{\mu/2}</Math> in (14.11.3) is replaced by <Math mode="inline" xml:id="C14.S11.p1.m4">(\ifrac{(x+1)}{(x-1)})^{\mu/2}</Math>.
</sentence>

<sentence sentence-num-in-para="4" sentence-num-in-section="4" xml:id="C14.S11.p1.s4">
(14.11.4) holds if <Math mode="inline" xml:id="C14.S11.p1.m5">\mathsf{P}^{\mu}_{\nu}\left(x\right)</Math> , <Math mode="inline" xml:id="C14.S11.p1.m6">\mathsf{P}_{\nu}\left(x\right)</Math> , and <Math mode="inline" xml:id="C14.S11.p1.m7">\mathsf{Q}_{\nu}\left(x\right)</Math> are replaced by <Math mode="inline" xml:id="C14.S11.p1.m8">P^{\mu}_{\nu}\left(x\right)</Math> , <Math mode="inline" xml:id="C14.S11.p1.m9">P_{\nu}\left(x\right)</Math> , and <Math mode="inline" xml:id="C14.S11.p1.m10">Q_{\nu}\left(x\right)</Math> , respectively.
</sentence>

</para>
 
<para xml:id="C14.S11.p2">

<sentence sentence-num-in-para="1" sentence-num-in-section="5" xml:id="C14.S11.p2.s1">
See also Szmytkowski (2006, 2009, 2011, 2012),Cohl (2010, 2011) and Magnus et al. (1966, pp. 177–178).
</sentence>

</para>
 
</section>
