<?xml version="1.0" encoding="UTF-8"?>
<section xml:id="C14.S14">
<title>Continued Fractions</title>          
<para xml:id="C14.S14.p1">

<sentence sentence-num-in-para="1" sentence-num-in-section="1" xml:id="C14.S14.p1.s1">
 <Math equation-number="14.14.1" mode="display" xml:id="C14.S14.E1">\tfrac{1}{2}\left(x^{2}-1\right)^{1/2}\frac{P^{\mu}_{\nu}\left(x\right)}{P^{ \mu-1}_{\nu}\left(x\right)}=\cfrac{x_{0}}{y_{0}+\cfrac{x_{1}}{y_{1}+\cfrac{x_{ 2}}{y_{2}+\cdots}}},</Math> where <Math equation-number="14.14.2" mode="display" xml:id="C14.S14.E2">x_{k}=\tfrac{1}{4}(\nu-\mu-k+1)(\nu+\mu+k)\left(x^{2}-1\right),y_{k}=(\mu+k)x,</Math> provided that <Math mode="inline" xml:id="C14.S14.p1.m1">x_{k+1}</Math> and <Math mode="inline" xml:id="C14.S14.p1.m2">y_{k}</Math> do not vanish simultaneously for any <Math mode="inline" xml:id="C14.S14.p1.m3">k=0,1,2,\dots</Math>.
</sentence>

<sentence sentence-num-in-para="2" sentence-num-in-section="2" xml:id="C14.S14.p1.s2">
<Math equation-number="14.14.3" mode="display" xml:id="C14.S14.E3">(\nu-\mu)\frac{Q^{\mu}_{\nu}\left(x\right)}{Q^{\mu}_{\nu-1}\left(x\right)}= \cfrac{x_{0}}{y_{0}-\cfrac{x_{1}}{y_{1}-\cfrac{x_{2}}{y_{2}-\cdots}}}, if \nu\neq\mu,</Math> where now <Math equation-number="14.14.4" mode="display" xml:id="C14.S14.E4">x_{k}=(\nu+\mu+k)(\nu-\mu+k),y_{k}=(2\nu+2k+1)x,</Math> again provided <Math mode="inline" xml:id="C14.S14.p1.m4">x_{k+1}</Math> and <Math mode="inline" xml:id="C14.S14.p1.m5">y_{k}</Math> do not vanish simultaneously for any <Math mode="inline" xml:id="C14.S14.p1.m6">k=0,1,2,\dots</Math>.
</sentence>

</para>

 
</section>
