<?xml version="1.0" encoding="UTF-8"?>
<section xml:id="C14.S12">
<title>Integral Representations</title>         
<subsection xml:id="C14.S12.SS1">
<title><Math mode="inline" xml:id="C14.S12.SS1.m1">-1&amp;lt;x&amp;lt;1</Math></title>          
 
<paragraph xml:id="C14.S12.Px1">
<title>Mehler–Dirichlet Formula</title>   
<para xml:id="C14.S12.Px1.p1">

<sentence sentence-num-in-para="1" sentence-num-in-section="1" xml:id="C14.S12.Px1.p1.s1">
 <Math equation-number="14.12.1" mode="display" xml:id="C14.S12.E1">\mathsf{P}^{\mu}_{\nu}\left(\cos\theta\right)=\frac{2^{1/2}(\sin\theta)^{\mu}} {\pi^{1/2}\Gamma\left(\frac{1}{2}-\mu\right)}\int_{0}^{\theta}\frac{\cos\left( \left(\nu+\frac{1}{2}\right)t\right)}{(\cos t-\cos\theta)^{\mu+(1/2)}}\mathrm{ d}t, if 0&lt;\theta&lt;\pi, \Re\mu&lt;\tfrac{1}{2}</Math>.
</sentence>

<sentence sentence-num-in-para="2" sentence-num-in-section="2" xml:id="C14.S12.Px1.p1.s2">
<Math equation-number="14.12.2" mode="display" xml:id="C14.S12.E2">\mathsf{P}^{-\mu}_{\nu}\left(x\right)=\frac{\left(1-x^{2}\right)^{-\mu/2}}{ \Gamma\left(\mu\right)}\int_{x}^{1}\mathsf{P}_{\nu}\left(t\right)(t-x)^{\mu-1} \mathrm{d}t, if \Re\mu&gt;0;</Math> compare (14.6.6).
</sentence>

<sentence sentence-num-in-para="3" sentence-num-in-section="3" xml:id="C14.S12.Px1.p1.s3">
<Math equation-number="14.12.3" mode="display" xml:id="C14.S12.E3">\mathsf{Q}^{\mu}_{\nu}\left(\cos\theta\right)=\frac{\pi^{1/2}\Gamma\left(\nu+ \mu+1\right)(\sin\theta)^{\mu}}{2^{\mu+1}\Gamma\left(\mu+\frac{1}{2}\right) \Gamma\left(\nu-\mu+1\right)}\*\left(\int_{0}^{\infty}\frac{(\sinh t)^{2\mu}}{ (\cos\theta+i\sin\theta\cosh t)^{\nu+\mu+1}}\mathrm{d}t+\int_{0}^{\infty}\frac {(\sinh t)^{2\mu}}{(\cos\theta-i\sin\theta\cosh t)^{\nu+\mu+1}}\mathrm{d}t \right), if 0&lt;\theta&lt;\pi, \Re\mu&gt;-\tfrac{1}{2}, \Re(\nu\pm\mu)&gt;-1</Math>.
</sentence>

</para>

 
</paragraph>
 
</subsection>
 
<subsection xml:id="C14.S12.SS2">
<title><Math mode="inline" xml:id="C14.S12.SS2.m1">1&amp;lt;x&amp;lt;\infty</Math></title>          
<para xml:id="C14.S12.SS2.p1">

<sentence sentence-num-in-para="1" sentence-num-in-section="4" xml:id="C14.S12.SS2.p1.s1">
 <Math equation-number="14.12.4" mode="display" xml:id="C14.S12.E4">P^{-\mu}_{\nu}\left(x\right)=\frac{2^{1/2}\Gamma\left(\mu+\frac{1}{2}\right) \left(x^{2}-1\right)^{\mu/2}}{\pi^{1/2}\Gamma\left(\nu+\mu+1\right)\Gamma\left (\mu-\nu\right)}\*\int_{0}^{\infty}\frac{\cosh\left(\left(\nu+\frac{1}{2} \right)t\right)}{(x+\cosh t)^{\mu+(1/2)}}\mathrm{d}t, if \nu+\mu\neq-1,-2,-3,\dots, \Re(\mu-\nu)&gt;0</Math>.
</sentence>

<sentence sentence-num-in-para="2" sentence-num-in-section="5" xml:id="C14.S12.SS2.p1.s2">
<Math equation-number="14.12.5" mode="display" xml:id="C14.S12.E5">P^{-\mu}_{\nu}\left(x\right)=\frac{\left(x^{2}-1\right)^{-\mu/2}}{\Gamma\left( \mu\right)}\int_{1}^{x}P_{\nu}\left(t\right)(x-t)^{\mu-1}\mathrm{d}t, if \Re\mu&gt;0</Math>.
</sentence>

<sentence sentence-num-in-para="3" sentence-num-in-section="6" xml:id="C14.S12.SS2.p1.s3">
<Math equation-number="14.12.6" mode="display" xml:id="C14.S12.E6">\boldsymbol{Q}^{\mu}_{\nu}\left(x\right)=\frac{\pi^{1/2}\left(x^{2}-1\right)^{ \mu/2}}{2^{\mu}\Gamma\left(\mu+\frac{1}{2}\right)\Gamma\left(\nu-\mu+1\right)} \*\int_{0}^{\infty}\frac{(\sinh t)^{2\mu}}{\left(x+(x^{2}-1)^{1/2}\cosh t \right)^{\nu+\mu+1}}\mathrm{d}t, if \Re(\nu+1)&gt;\Re\mu&gt;-\tfrac{1}{2}</Math>.
</sentence>

<sentence sentence-num-in-para="4" sentence-num-in-section="7" xml:id="C14.S12.SS2.p1.s4">
<Math equation-number="14.12.7" mode="display" xml:id="C14.S12.E7">P^{m}_{\nu}\left(x\right)=\frac{{\left(\nu+1\right)_{m}}}{\pi}\*\int_{0}^{\pi} \left(x+\left(x^{2}-1\right)^{1/2}\cos\phi\right)^{\nu}\cos\left(m\phi\right) \mathrm{d}\phi,</Math> , <Math equation-number="14.12.8" mode="display" xml:id="C14.S12.E8">P^{m}_{n}\left(x\right)=\frac{2^{m}m!(n+m)!\left(x^{2}-1\right)^{m/2}}{(2m)!(n -m)!\pi}\int_{0}^{\pi}\left(x+\left(x^{2}-1\right)^{1/2}\cos\phi\right)^{n-m}( \sin\phi)^{2m}\mathrm{d}\phi, if n\geq m</Math>.
</sentence>

<sentence sentence-num-in-para="5" sentence-num-in-section="8" xml:id="C14.S12.SS2.p1.s5">
<Math equation-number="14.12.9" mode="display" xml:id="C14.S12.E9">\boldsymbol{Q}^{m}_{n}\left(x\right)=\frac{1}{n!}\int_{0}^{u}\left(x-\left(x^{ 2}-1\right)^{1/2}\cosh t\right)^{n}\cosh\left(mt\right)\mathrm{d}t,</Math> where <Math equation-number="14.12.10" mode="display" xml:id="C14.S12.E10">u=\frac{1}{2}\ln\left(\frac{x+1}{x-1}\right)</Math>.
</sentence>

<sentence sentence-num-in-para="6" sentence-num-in-section="9" xml:id="C14.S12.SS2.p1.s6">
<Math equation-number="14.12.11" mode="display" xml:id="C14.S12.E11">\boldsymbol{Q}^{m}_{n}\left(x\right)=\frac{\left(x^{2}-1\right)^{m/2}}{2^{n+1} n!}\int_{-1}^{1}\frac{\left(1-t^{2}\right)^{n}}{(x-t)^{n+m+1}}\mathrm{d}t,</Math> <Math equation-number="14.12.12" mode="display" xml:id="C14.S12.E12">\boldsymbol{Q}^{m}_{n}\left(x\right)=\frac{1}{(n-m)!}P^{m}_{n}\left(x\right) \int_{x}^{\infty}\frac{\mathrm{d}t}{\left(t^{2}-1\right)\left(\displaystyle P^ {m}_{n}\left(t\right)\right)^{2}}, if n\geq m</Math>.
</sentence>

</para>
 
<paragraph xml:id="C14.S12.Px2">
<title>Neumann’s Integral</title>    
<para xml:id="C14.S12.Px2.p1">

<sentence sentence-num-in-para="1" sentence-num-in-section="10" xml:id="C14.S12.Px2.p1.s1">
 <Math equation-number="14.12.13" mode="display" xml:id="C14.S12.E13">\boldsymbol{Q}_{n}\left(x\right)=\frac{1}{2(n!)}\int_{-1}^{1}\frac{P_{n}\left( t\right)}{x-t}\mathrm{d}t</Math>.
</sentence>

</para>
 
</paragraph>
 
<paragraph xml:id="C14.S12.Px3">
<title>Heine’s Integral</title>    
<para xml:id="C14.S12.Px3.p1">

<sentence sentence-num-in-para="1" sentence-num-in-section="11" xml:id="C14.S12.Px3.p1.s1">
 <Math equation-number="14.12.14" mode="display" xml:id="C14.S12.E14">\boldsymbol{Q}_{n}\left(x\right)=\frac{1}{n!}\int_{0}^{\infty}\frac{\mathrm{d} t}{\left(x+(x^{2}-1)^{1/2}\cosh t\right)^{n+1}}</Math>.
</sentence>

</para>
 
<para xml:id="C14.S12.Px3.p2">

<sentence sentence-num-in-para="1" sentence-num-in-section="12" xml:id="C14.S12.Px3.p2.s1">
For further integral representations see Erdélyi et al. (1953a, pp. 158–159) and Magnus et al. (1966, pp. 184–190), and for contour integrals and other representations see §14.25.
</sentence>

</para>

 
</paragraph>
 
</subsection>
 
</section>
