<?xml version="1.0" encoding="UTF-8"?>
<section xml:id="C14.S1">
<title>Special Notation</title>              
   
<para xml:id="C14.S1.p1">

<sentence sentence-num-in-para="1" sentence-num-in-section="1" xml:id="C14.S1.p1.s1">
(For other notation see Notation for the Special Functions.)
</sentence>

<sentence sentence-num-in-para="2" sentence-num-in-section="2" sentence-num-in-table="1" xml:id="C14.S1.p1.t1.s1">
<Math mode="inline" xml:id="C14.S1.p1.t1.r1.m1">x</Math>, <Math mode="inline" xml:id="C14.S1.p1.t1.r1.m2">y</Math>, <Math mode="inline" xml:id="C14.S1.p1.t1.r1.m3">\tau</Math>
</sentence>

<sentence sentence-num-in-para="3" sentence-num-in-section="3" sentence-num-in-table="2" xml:id="C14.S1.p1.t1.s2">
real variables.      
</sentence>

<sentence sentence-num-in-para="4" sentence-num-in-section="4" sentence-num-in-table="3" xml:id="C14.S1.p1.t1.s3">
<Math mode="inline" xml:id="C14.S1.p1.t1.r2.m1">z=x+iy</Math>
</sentence>

<sentence sentence-num-in-para="5" sentence-num-in-section="5" sentence-num-in-table="4" xml:id="C14.S1.p1.t1.s4">
complex variable.  
</sentence>

<sentence sentence-num-in-para="6" sentence-num-in-section="6" sentence-num-in-table="5" xml:id="C14.S1.p1.t1.s5">
<Math mode="inline" xml:id="C14.S1.p1.t1.r3.m1">m</Math>, <Math mode="inline" xml:id="C14.S1.p1.t1.r3.m2">n</Math>
</sentence>

<sentence sentence-num-in-para="7" sentence-num-in-section="7" sentence-num-in-table="6" xml:id="C14.S1.p1.t1.s6">
nonnegative integers used for order and degree, respectively.    
</sentence>

<sentence sentence-num-in-para="8" sentence-num-in-section="8" sentence-num-in-table="7" xml:id="C14.S1.p1.t1.s7">
<Math mode="inline" xml:id="C14.S1.p1.t1.r4.m1">\mu</Math>, <Math mode="inline" xml:id="C14.S1.p1.t1.r4.m2">\nu</Math>
</sentence>

<sentence sentence-num-in-para="9" sentence-num-in-section="9" sentence-num-in-table="8" xml:id="C14.S1.p1.t1.s8">
general order and degree, respectively.    
</sentence>

<sentence sentence-num-in-para="10" sentence-num-in-section="10" sentence-num-in-table="9" xml:id="C14.S1.p1.t1.s9">
<Math mode="inline" xml:id="C14.S1.p1.t1.r5.m1">-\frac{1}{2}+i\tau</Math>
</sentence>

<sentence sentence-num-in-para="11" sentence-num-in-section="11" sentence-num-in-table="10" xml:id="C14.S1.p1.t1.s10">
complex degree, <Math mode="inline" xml:id="C14.S1.p1.t1.r5.m2">\tau\in\mathbb{R}</Math>.
</sentence>

<sentence sentence-num-in-para="12" sentence-num-in-section="12" sentence-num-in-table="11" xml:id="C14.S1.p1.t1.s11">
<Math mode="inline" xml:id="C14.S1.p1.t1.r6.m1">\gamma</Math>
</sentence>

<sentence sentence-num-in-para="13" sentence-num-in-section="13" sentence-num-in-table="12" xml:id="C14.S1.p1.t1.s12">
Euler’s constant (§5.2(ii)).
</sentence>

<sentence sentence-num-in-para="14" sentence-num-in-section="14" sentence-num-in-table="13" xml:id="C14.S1.p1.t1.s13">
<Math mode="inline" xml:id="C14.S1.p1.t1.r7.m1">\delta</Math>
</sentence>

<sentence sentence-num-in-para="15" sentence-num-in-section="15" sentence-num-in-table="14" xml:id="C14.S1.p1.t1.s14">
arbitrary small positive constant.
</sentence>

<sentence sentence-num-in-para="16" sentence-num-in-section="16" sentence-num-in-table="15" xml:id="C14.S1.p1.t1.s15">
<Math mode="inline" xml:id="C14.S1.p1.t1.r8.m1">\psi\left(x\right)</Math>
</sentence>

<sentence sentence-num-in-para="17" sentence-num-in-section="17" sentence-num-in-table="16" xml:id="C14.S1.p1.t1.s16">
logarithmic derivative of gamma function (§5.2(i)).
</sentence>

<sentence sentence-num-in-para="18" sentence-num-in-section="18" sentence-num-in-table="17" xml:id="C14.S1.p1.t1.s17">
<Math mode="inline" xml:id="C14.S1.p1.t1.r9.m1">\psi'\left(x\right)</Math>
</sentence>

<sentence sentence-num-in-para="19" sentence-num-in-section="19" sentence-num-in-table="18" xml:id="C14.S1.p1.t1.s18">
<Math mode="inline" xml:id="C14.S1.p1.t1.r9.m2">\ifrac{\mathrm{d}\psi\left(x\right)}{\mathrm{d}x}</Math> .
</sentence>

<sentence sentence-num-in-para="20" sentence-num-in-section="20" sentence-num-in-table="19" xml:id="C14.S1.p1.t1.s19">
<Math mode="inline" xml:id="C14.S1.p1.t1.r10.m1">\mathbf{F}\left(a,b;c;z\right)</Math>
</sentence>

<sentence sentence-num-in-para="21" sentence-num-in-section="21" sentence-num-in-table="20" xml:id="C14.S1.p1.t1.s20">
Olver’s scaled hypergeometric function:<Math mode="inline" xml:id="C14.S1.p1.t1.r10.m2">\ifrac{F\left(a,b;c;z\right)}{\Gamma\left(c\right)}</Math>.
</sentence>

</para>

 
<para xml:id="C14.S1.p2">

<sentence sentence-num-in-para="1" sentence-num-in-section="22" xml:id="C14.S1.p2.s1">
Multivalued functions take their principal values (§4.2(i)) unless indicated otherwise.
</sentence>

</para>
 
<para xml:id="C14.S1.p3">

<sentence sentence-num-in-para="1" sentence-num-in-section="23" xml:id="C14.S1.p3.s1">
The main functions treated in this chapter are the Legendre functions <Math mode="inline" xml:id="C14.S1.p3.m1">\mathsf{P}_{\nu}\left(x\right)</Math> , <Math mode="inline" xml:id="C14.S1.p3.m2">\mathsf{Q}_{\nu}\left(x\right)</Math> , <Math mode="inline" xml:id="C14.S1.p3.m3">P_{\nu}\left(z\right)</Math> , <Math mode="inline" xml:id="C14.S1.p3.m4">Q_{\nu}\left(z\right)</Math> ; Ferrers functions <Math mode="inline" xml:id="C14.S1.p3.m5">\mathsf{P}^{\mu}_{\nu}\left(x\right)</Math> , <Math mode="inline" xml:id="C14.S1.p3.m6">\mathsf{Q}^{\mu}_{\nu}\left(x\right)</Math> (also known as the Legendre functions on the cut); associated Legendre functions <Math mode="inline" xml:id="C14.S1.p3.m7">P^{\mu}_{\nu}\left(z\right)</Math> , <Math mode="inline" xml:id="C14.S1.p3.m8">Q^{\mu}_{\nu}\left(z\right)</Math> , <Math mode="inline" xml:id="C14.S1.p3.m9">\boldsymbol{Q}^{\mu}_{\nu}\left(z\right)</Math> ; conical functions <Math mode="inline" xml:id="C14.S1.p3.m10">\mathsf{P}^{\mu}_{-\frac{1}{2}+i\tau}\left(x\right)</Math> , <Math mode="inline" xml:id="C14.S1.p3.m11">\mathsf{Q}^{\mu}_{-\frac{1}{2}+i\tau}\left(x\right)</Math> , <Math mode="inline" xml:id="C14.S1.p3.m12">\widehat{\mathsf{Q}}^{\mu}_{-\frac{1}{2}+i\tau}\left(x\right)</Math> , <Math mode="inline" xml:id="C14.S1.p3.m13">P^{\mu}_{-\frac{1}{2}+i\tau}\left(x\right)</Math> , <Math mode="inline" xml:id="C14.S1.p3.m14">Q^{\mu}_{-\frac{1}{2}+i\tau}\left(x\right)</Math> (also known as Mehler functions).
</sentence>

</para>
 
<para xml:id="C14.S1.p4">

<sentence sentence-num-in-para="1" sentence-num-in-section="24" xml:id="C14.S1.p4.s1">
Among other notations commonly used in the literatureErdélyi et al. (1953a) and Olver (1997b) denote <Math mode="inline" xml:id="C14.S1.p4.m1">\mathsf{P}^{\mu}_{\nu}\left(x\right)</Math> and <Math mode="inline" xml:id="C14.S1.p4.m2">\mathsf{Q}^{\mu}_{\nu}\left(x\right)</Math> by <Math mode="inline" xml:id="C14.S1.p4.m5">\mathrm{P}_{\nu}^{\mu}(x)</Math> and <Math mode="inline" xml:id="C14.S1.p4.m6">\mathrm{Q}_{\nu}^{\mu}(x)</Math> , respectively.Magnus et al. (1966) denotes <Math mode="inline" xml:id="C14.S1.p4.m7">\mathsf{P}^{\mu}_{\nu}\left(x\right)</Math> , <Math mode="inline" xml:id="C14.S1.p4.m8">\mathsf{Q}^{\mu}_{\nu}\left(x\right)</Math> , <Math mode="inline" xml:id="C14.S1.p4.m9">P^{\mu}_{\nu}\left(z\right)</Math> , and <Math mode="inline" xml:id="C14.S1.p4.m10">Q^{\mu}_{\nu}\left(z\right)</Math> by <Math mode="inline" xml:id="C14.S1.p4.m15">P_{\nu}^{\mu}(x)</Math> , <Math mode="inline" xml:id="C14.S1.p4.m16">Q_{\nu}^{\mu}(x)</Math> , <Math mode="inline" xml:id="C14.S1.p4.m17">\mathfrak{P}_{\nu}^{\mu}(z)</Math> , and <Math mode="inline" xml:id="C14.S1.p4.m18">\mathfrak{Q}_{\nu}^{\mu}(z)</Math> , respectively.Hobson (1931) denotes both <Math mode="inline" xml:id="C14.S1.p4.m19">\mathsf{P}^{\mu}_{\nu}\left(x\right)</Math> and <Math mode="inline" xml:id="C14.S1.p4.m20">P^{\mu}_{\nu}\left(x\right)</Math> by <Math mode="inline" xml:id="C14.S1.p4.m21">P^{\mu}_{\nu}\left(x\right)</Math> ; similarly for <Math mode="inline" xml:id="C14.S1.p4.m22">\mathsf{Q}^{\mu}_{\nu}\left(x\right)</Math> and <Math mode="inline" xml:id="C14.S1.p4.m23">Q^{\mu}_{\nu}\left(x\right)</Math>.
</sentence>

</para>
 
</section>
