<?xml version="1.0" encoding="UTF-8"?>
<section xml:id="C14.S29">
<title>Generalizations</title>         
<para xml:id="C14.S29.p1">

<sentence sentence-num-in-para="1" sentence-num-in-section="1" xml:id="C14.S29.p1.s1">
Solutions of the equation <Math equation-number="14.29.1" mode="display" xml:id="C14.S29.E1">\left(1-z^{2}\right)\frac{{\mathrm{d}}^{2}w}{{\mathrm{d}z}^{2}}-2z\frac{ \mathrm{d}w}{\mathrm{d}z}+{\left(\nu(\nu+1)-\frac{\mu_{1}^{2}}{2(1-z)}-\frac{ \mu_{2}^{2}}{2(1+z)}\right)w}=0</Math> are called Generalized Associated Legendre Functions.
</sentence>

<sentence sentence-num-in-para="2" sentence-num-in-section="2" xml:id="C14.S29.p1.s2">
As in the case of (14.21.1), the solutions are hypergeometric functions, and (14.29.1) reduces to (14.21.1) when <Math mode="inline" xml:id="C14.S29.p1.m1">\mu_{1}=\mu_{2}=\mu</Math>.
</sentence>

<sentence sentence-num-in-para="3" sentence-num-in-section="3" xml:id="C14.S29.p1.s3">
For properties see Virchenko and Fedotova (2001) andBraaksma and Meulenbeld (1967).
</sentence>

</para>
 
<para xml:id="C14.S29.p2">

<sentence sentence-num-in-para="1" sentence-num-in-section="4" xml:id="C14.S29.p2.s1">
For inhomogeneous versions of the associated Legendre equation, and properties of their solutions, see Babister (1967, pp. 252–264).
</sentence>

</para>
 
</section>
