<?xml version="1.0" encoding="UTF-8"?>
<section xml:id="C14.S25">
<title>Integral Representations</title>          
<para xml:id="C14.S25.p1">

<sentence sentence-num-in-para="1" sentence-num-in-section="1" xml:id="C14.S25.p1.s1">
The principal values of <Math mode="inline" xml:id="C14.S25.p1.m1">P^{-\mu}_{\nu}\left(z\right)</Math> and <Math mode="inline" xml:id="C14.S25.p1.m2">\boldsymbol{Q}^{\mu}_{\nu}\left(z\right)</Math> (§14.21(i)) are given by <Math equation-number="14.25.1" mode="display" xml:id="C14.S25.E1">P^{-\mu}_{\nu}\left(z\right)=\frac{\left(z^{2}-1\right)^{\mu/2}}{2^{\nu}\Gamma \left(\mu-\nu\right)\Gamma\left(\nu+1\right)}\int_{0}^{\infty}\frac{(\sinh t)^ {2\nu+1}}{(z+\cosh t)^{\nu+\mu+1}}\mathrm{d}t, if \Re\mu&gt;\Re\nu&gt;-1,</Math> <Math equation-number="14.25.2" mode="display" xml:id="C14.S25.E2">\boldsymbol{Q}^{\mu}_{\nu}\left(z\right)=\frac{\pi^{1/2}\left(z^{2}-1\right)^{ \mu/2}}{2^{\mu}\Gamma\left(\mu+\frac{1}{2}\right)\Gamma\left(\nu-\mu+1\right)} \*\int_{0}^{\infty}\frac{(\sinh t)^{2\mu}}{\left(z+(z^{2}-1)^{1/2}\cosh t \right)^{\nu+\mu+1}}\mathrm{d}t, if \Re(\nu+1)&gt;\Re\mu&gt;-\tfrac{1}{2},</Math> where the multivalued functions have their principal values when <Math mode="inline" xml:id="C14.S25.p1.m3">1&lt;z&lt;\infty</Math> and are continuous in <Math mode="inline" xml:id="C14.S25.p1.m4">\mathbb{C}\setminus(-\infty,1]</Math>.
</sentence>

</para>

 
<para xml:id="C14.S25.p2">

<sentence sentence-num-in-para="1" sentence-num-in-section="2" xml:id="C14.S25.p2.s1">
For corresponding contour integrals, with less restrictions on <Math mode="inline" xml:id="C14.S25.p2.m1">\mu</Math> and <Math mode="inline" xml:id="C14.S25.p2.m2">\nu</Math> , see Olver (1997b, pp. 174–179), and for further integral representations see Magnus et al. (1966, §4.6.1).
</sentence>

</para>
 
</section>
