<?xml version="1.0" encoding="UTF-8"?>
<section xml:id="C14.S22">
<title>Graphics</title>          
<para xml:id="C14.S22.p1">

<sentence sentence-num-in-para="1" sentence-num-in-section="1" xml:id="C14.S22.p1.s1">
In the graphics shown in this section, height corresponds to the absolute value of the function and color to the phase.
</sentence>

<sentence sentence-num-in-para="2" sentence-num-in-section="2" xml:id="C14.S22.p1.s2">
See also About Color Map.
</sentence>

</para>
            
<sentence sentence-num-in-section="3" xml:id="C14.S22.F1.s1">
Figure 14.22.1: <Math mode="inline" xml:id="C14.S22.F1.m4">P^{0}_{\ifrac{1}{2}}\left(x+iy\right)</Math> , <Math mode="inline" xml:id="C14.S22.F1.m5">-5\leq x\leq 5</Math> , <Math mode="inline" xml:id="C14.S22.F1.m6">-5\leq y\leq 5</Math> . There is a cut along the real axis from <Math mode="inline" xml:id="C14.S22.F1.m7">-\infty</Math> to <Math mode="inline" xml:id="C14.S22.F1.m8">-1</Math> . 
</sentence>        
   
<sentence sentence-num-in-section="4" xml:id="C14.S22.F2.s1">
Figure 14.22.2: <Math mode="inline" xml:id="C14.S22.F2.m4">P^{-\ifrac{1}{2}}_{\ifrac{1}{2}}\left(x+iy\right)</Math> , <Math mode="inline" xml:id="C14.S22.F2.m5">-5\leq x\leq 5</Math> , <Math mode="inline" xml:id="C14.S22.F2.m6">-5\leq y\leq 5</Math> . There is a cut along the real axis from <Math mode="inline" xml:id="C14.S22.F2.m7">-\infty</Math> to <Math mode="inline" xml:id="C14.S22.F2.m8">1</Math> . 
</sentence>          
   
<sentence sentence-num-in-section="5" xml:id="C14.S22.F3.s1">
Figure 14.22.3: <Math mode="inline" xml:id="C14.S22.F3.m4">P^{-1}_{\ifrac{1}{2}}\left(x+iy\right)</Math> , <Math mode="inline" xml:id="C14.S22.F3.m5">-5\leq x\leq 5</Math> , <Math mode="inline" xml:id="C14.S22.F3.m6">-5\leq y\leq 5</Math> . There is a cut along the real axis from <Math mode="inline" xml:id="C14.S22.F3.m7">-\infty</Math> to <Math mode="inline" xml:id="C14.S22.F3.m8">1</Math> . 
</sentence>        
   
<sentence sentence-num-in-section="6" xml:id="C14.S22.F4.s1">
Figure 14.22.4: <Math mode="inline" xml:id="C14.S22.F4.m4">\boldsymbol{Q}^{0}_{0}\left(x+iy\right)</Math> , <Math mode="inline" xml:id="C14.S22.F4.m5">-5\leq x\leq 5</Math> , <Math mode="inline" xml:id="C14.S22.F4.m6">-5\leq y\leq 5</Math> . There is a cut along the real axis from <Math mode="inline" xml:id="C14.S22.F4.m7">-1</Math> to <Math mode="inline" xml:id="C14.S22.F4.m8">1</Math> . 
</sentence>   
 
</section>
