<?xml version="1.0" encoding="UTF-8"?>
<section xml:id="C14.S23">
<title>Values on the Cut</title>          
<para xml:id="C14.S23.p1">

<sentence sentence-num-in-para="1" sentence-num-in-section="1" xml:id="C14.S23.p1.s1">
When <Math mode="inline" xml:id="C14.S23.p1.m1">-1&lt;x&lt;1</Math> , <Math equation-number="14.23.1" mode="display" xml:id="C14.S23.E1">P^{\mu}_{\nu}\left(x\pm i0\right)=e^{\mp\mu\pi i/2}\mathsf{P}^{\mu}_{\nu}\left (x\right),</Math> <Math equation-number="14.23.2" mode="display" xml:id="C14.S23.E2">\boldsymbol{Q}^{\mu}_{\nu}\left(x\pm i0\right)=\frac{e^{\pm\mu\pi i/2}}{\Gamma \left(\nu+\mu+1\right)}\left(\mathsf{Q}^{\mu}_{\nu}\left(x\right)\mp\tfrac{1}{ 2}\pi i\mathsf{P}^{\mu}_{\nu}\left(x\right)\right)</Math>.
</sentence>

<sentence sentence-num-in-para="2" sentence-num-in-section="2" xml:id="C14.S23.p1.s2">
In terms of the hypergeometric function <Math mode="inline" xml:id="C14.S23.p1.m2">\mathbf{F}</Math> (§14.3(i))
</sentence>

<sentence sentence-num-in-para="3" sentence-num-in-section="3" xml:id="C14.S23.p1.s3">
<Math equation-number="14.23.3" mode="display" xml:id="C14.S23.E3">\boldsymbol{Q}^{\mu}_{\nu}\left(x\pm i0\right)=\frac{e^{\mp\nu\pi i/2}\pi^{3/2 }\left(1-x^{2}\right)^{\mu/2}}{2^{\nu+1}}\left(\frac{x\mathbf{F}\left(\frac{1} {2}\mu-\frac{1}{2}\nu+\frac{1}{2},\frac{1}{2}\nu+\frac{1}{2}\mu+1;\frac{3}{2}; x^{2}\right)}{\Gamma\left(\frac{1}{2}\nu-\frac{1}{2}\mu+\frac{1}{2}\right) \Gamma\left(\frac{1}{2}\nu+\frac{1}{2}\mu+\frac{1}{2}\right)}\mp i\frac{ \mathbf{F}\left(\frac{1}{2}\mu-\frac{1}{2}\nu,\frac{1}{2}\nu+\frac{1}{2}\mu+ \frac{1}{2};\frac{1}{2};x^{2}\right)}{\Gamma\left(\frac{1}{2}\nu-\frac{1}{2} \mu+1\right)\Gamma\left(\frac{1}{2}\nu+\frac{1}{2}\mu+1\right)}\right)</Math>.
</sentence>

</para>
  
<para xml:id="C14.S23.p2">

<sentence sentence-num-in-para="1" sentence-num-in-section="4" xml:id="C14.S23.p2.s1">
Conversely, <Math equation-number="14.23.4" mode="display" xml:id="C14.S23.E4">\mathsf{P}^{\mu}_{\nu}\left(x\right)=e^{\pm\mu\pi i/2}P^{\mu}_{\nu}\left(x\pm i 0\right),</Math> , <Math equation-number="14.23.5" mode="display" xml:id="C14.S23.E5">\mathsf{Q}^{\mu}_{\nu}\left(x\right)=\tfrac{1}{2}\Gamma\left(\nu+\mu+1\right) \left(e^{-\mu\pi i/2}\boldsymbol{Q}^{\mu}_{\nu}\left(x+i0\right)+e^{\mu\pi i/2 }\boldsymbol{Q}^{\mu}_{\nu}\left(x-i0\right)\right),</Math> or equivalently, <Math equation-number="14.23.6" mode="display" xml:id="C14.S23.E6">\mathsf{Q}^{\mu}_{\nu}\left(x\right)=e^{\mp\mu\pi i/2}\Gamma\left(\nu+\mu+1 \right)\boldsymbol{Q}^{\mu}_{\nu}\left(x\pm i0\right)\pm\tfrac{1}{2}\pi ie^{ \pm\mu\pi i/2}P^{\mu}_{\nu}\left(x\pm i0\right)</Math>.
</sentence>

</para>
  
<para xml:id="C14.S23.p3">

<sentence sentence-num-in-para="1" sentence-num-in-section="5" xml:id="C14.S23.p3.s1">
If cuts are introduced along the intervals <Math mode="inline" xml:id="C14.S23.p3.m1">(-\infty,-1]</Math> and <Math mode="inline" xml:id="C14.S23.p3.m2">[1,\infty)</Math> , then (14.23.4) and (14.23.6) could be used to extend the definitions of <Math mode="inline" xml:id="C14.S23.p3.m3">\mathsf{P}^{\mu}_{\nu}\left(x\right)</Math> and <Math mode="inline" xml:id="C14.S23.p3.m4">\mathsf{Q}^{\mu}_{\nu}\left(x\right)</Math> to complex <Math mode="inline" xml:id="C14.S23.p3.m5">x</Math>.
</sentence>

</para>
 
<para xml:id="C14.S23.p4">

<sentence sentence-num-in-para="1" sentence-num-in-section="6" xml:id="C14.S23.p4.s1">
The conical function defined by (14.20.2) can be represented similarly by <Math equation-number="14.23.7" mode="display" xml:id="C14.S23.E7">\widehat{\mathsf{Q}}^{-\mu}_{-\frac{1}{2}+i\tau}\left(x\right)=\tfrac{1}{2}e^{ 3\mu\pi i/2}Q^{-\mu}_{-\frac{1}{2}+i\tau}\left(x-i0\right)+\tfrac{1}{2}e^{-3 \mu\pi i/2}Q^{-\mu}_{-\frac{1}{2}-i\tau}\left(x+i0\right)</Math>.
</sentence>

</para>
 
</section>
