<?xml version="1.0" encoding="UTF-8"?>
<section xml:id="C14.S26">
<title>Uniform Asymptotic Expansions</title>           
<para xml:id="C14.S26.p1">

<sentence sentence-num-in-para="1" sentence-num-in-section="1" xml:id="C14.S26.p1.s1">
The uniform asymptotic approximations given in §14.15 for <Math mode="inline" xml:id="C14.S26.p1.m1">P^{-\mu}_{\nu}\left(x\right)</Math> and <Math mode="inline" xml:id="C14.S26.p1.m2">\boldsymbol{Q}^{\mu}_{\nu}\left(x\right)</Math> for <Math mode="inline" xml:id="C14.S26.p1.m3">1&lt;x&lt;\infty</Math> are extended to domains in the complex plane in the following references: §§14.15(i) and 14.15(ii),Dunster (2003b); §14.15(iii),Olver (1997b, Chapter 12); §14.15(iv),Boyd and Dunster (1986).
</sentence>

<sentence sentence-num-in-para="2" sentence-num-in-section="2" xml:id="C14.S26.p1.s2">
For an extension of §14.15(iv) to complex argument and imaginary parameters, see Dunster (1990b).
</sentence>

</para>
 
<para xml:id="C14.S26.p2">

<sentence sentence-num-in-para="1" sentence-num-in-section="3" xml:id="C14.S26.p2.s1">
See also Frenzen (1990), Gil et al. (2000),Shivakumar and Wong (1988), Ursell (1984), and Wong (1989) for uniform asymptotic approximations obtained from integral representations.
</sentence>

</para>
 
</section>
