<?xml version="1.0" encoding="UTF-8"?>
<section xml:id="C14.S24">
<title>Analytic Continuation</title>          
<para xml:id="C14.S24.p1">

<sentence sentence-num-in-para="1" sentence-num-in-section="1" xml:id="C14.S24.p1.s1">
Let <Math mode="inline" xml:id="C14.S24.p1.m1">s</Math> be an arbitrary integer, and <Math mode="inline" xml:id="C14.S24.p1.m2">P^{-\mu}_{\nu}\left(ze^{s\pi i}\right)</Math> and <Math mode="inline" xml:id="C14.S24.p1.m3">\boldsymbol{Q}^{\mu}_{\nu}\left(ze^{s\pi i}\right)</Math> denote the branches obtained from the principal branches by making <Math mode="inline" xml:id="C14.S24.p1.m4">\frac{1}{2}s</Math> circuits, in the positive sense, of the ellipse having <Math mode="inline" xml:id="C14.S24.p1.m5">\pm 1</Math> as foci and passing through <Math mode="inline" xml:id="C14.S24.p1.m6">z</Math>.
</sentence>

<sentence sentence-num-in-para="2" sentence-num-in-section="2" xml:id="C14.S24.p1.s2">
Then <Math equation-number="14.24.1" mode="display" xml:id="C14.S24.E1">P^{-\mu}_{\nu}\left(ze^{s\pi i}\right)=e^{s\nu\pi i}P^{-\mu}_{\nu}\left(z \right)+\frac{2i\sin\left(\left(\nu+\frac{1}{2}\right)s\pi\right)e^{-s\pi i/2} }{\cos\left(\nu\pi\right)\Gamma\left(\mu-\nu\right)}\boldsymbol{Q}^{\mu}_{\nu} \left(z\right),</Math> <Math equation-number="14.24.2" mode="display" xml:id="C14.S24.E2">\boldsymbol{Q}^{\mu}_{\nu}\left(ze^{s\pi i}\right)=(-1)^{s}e^{-s\nu\pi i} \boldsymbol{Q}^{\mu}_{\nu}\left(z\right),</Math> the limiting value being taken in (14.24.1) when <Math mode="inline" xml:id="C14.S24.p1.m7">2\nu</Math> is an odd integer.
</sentence>

</para>
 
<para xml:id="C14.S24.p2">

<sentence sentence-num-in-para="1" sentence-num-in-section="3" xml:id="C14.S24.p2.s1">
Next, let <Math mode="inline" xml:id="C14.S24.p2.m1">P^{-\mu}_{\nu,s}\left(z\right)</Math> and <Math mode="inline" xml:id="C14.S24.p2.m2">\boldsymbol{Q}^{\mu}_{\nu,s}\left(z\right)</Math> denote the branches obtained from the principal branches by encircling the branch point <Math mode="inline" xml:id="C14.S24.p2.m3">1</Math> (but not the branch point <Math mode="inline" xml:id="C14.S24.p2.m4">-1</Math> ) <Math mode="inline" xml:id="C14.S24.p2.m5">s</Math> times in the positive sense.
</sentence>

<sentence sentence-num-in-para="2" sentence-num-in-section="4" xml:id="C14.S24.p2.s2">
Then <Math equation-number="14.24.3" mode="display" xml:id="C14.S24.E3">P^{-\mu}_{\nu,s}\left(z\right)=e^{s\mu\pi i}P^{-\mu}_{\nu}\left(z\right),</Math> , <Math equation-number="14.24.4" mode="display" xml:id="C14.S24.E4">\boldsymbol{Q}^{\mu}_{\nu,s}\left(z\right)=e^{-s\mu\pi i}\boldsymbol{Q}^{\mu}_ {\nu}\left(z\right)-\frac{\pi i\sin\left(s\mu\pi\right)}{\sin\left(\mu\pi \right)\Gamma\left(\nu-\mu+1\right)}P^{-\mu}_{\nu}\left(z\right),</Math> the limiting value being taken in (14.24.4) when <Math mode="inline" xml:id="C14.S24.p2.m6">\mu\in\mathbb{Z}</Math>.
</sentence>

</para>

 
<para xml:id="C14.S24.p3">

<sentence sentence-num-in-para="1" sentence-num-in-section="5" xml:id="C14.S24.p3.s1">
For fixed <Math mode="inline" xml:id="C14.S24.p3.m1">z</Math> , other than <Math mode="inline" xml:id="C14.S24.p3.m2">\pm 1</Math> or <Math mode="inline" xml:id="C14.S24.p3.m3">\infty</Math> , each branch of <Math mode="inline" xml:id="C14.S24.p3.m4">P^{-\mu}_{\nu}\left(z\right)</Math> and <Math mode="inline" xml:id="C14.S24.p3.m5">\boldsymbol{Q}^{\mu}_{\nu}\left(z\right)</Math> is an entire function of each parameter <Math mode="inline" xml:id="C14.S24.p3.m6">\nu</Math> and <Math mode="inline" xml:id="C14.S24.p3.m7">\mu</Math>.
</sentence>

</para>
 
<para xml:id="C14.S24.p4">

<sentence sentence-num-in-para="1" sentence-num-in-section="6" xml:id="C14.S24.p4.s1">
The behavior of <Math mode="inline" xml:id="C14.S24.p4.m1">P^{-\mu}_{\nu}\left(z\right)</Math> and <Math mode="inline" xml:id="C14.S24.p4.m2">\boldsymbol{Q}^{\mu}_{\nu}\left(z\right)</Math> as <Math mode="inline" xml:id="C14.S24.p4.m3">z\to-1</Math> from the left on the upper or lower side of the cut from <Math mode="inline" xml:id="C14.S24.p4.m4">-\infty</Math> to <Math mode="inline" xml:id="C14.S24.p4.m5">1</Math> can be deduced from (14.8.7)–(14.8.11), combined with (14.24.1) and (14.24.2) with <Math mode="inline" xml:id="C14.S24.p4.m6">s=\pm 1</Math>.
</sentence>

</para>
 
</section>
