<?xml version="1.0" encoding="UTF-8"?>
<section xml:id="C14.S28">
<title>Sums</title>          
<subsection xml:id="C14.S28.SS1">
<title>Addition Theorem</title>         
 
<para xml:id="C14.S28.SS1.p1">

<sentence sentence-num-in-para="1" sentence-num-in-section="1" xml:id="C14.S28.SS1.p1.s1">
When <Math mode="inline" xml:id="C14.S28.SS1.p1.m1">\Re z_{1}&gt;0</Math> , <Math mode="inline" xml:id="C14.S28.SS1.p1.m2">\Re z_{2}&gt;0</Math> , <Math mode="inline" xml:id="C14.S28.SS1.p1.m3">|\operatorname{ph}\left(z_{1}-1\right)|&lt;\pi</Math> , and <Math mode="inline" xml:id="C14.S28.SS1.p1.m4">|\operatorname{ph}\left(z_{2}-1\right)|&lt;\pi</Math> , <Math equation-number="14.28.1" mode="display" xml:id="C14.S28.E1">P_{\nu}\left(z_{1}z_{2}-\left(z_{1}^{2}-1\right)^{1/2}\left(z_{2}^{2}-1\right) ^{1/2}\cos\phi\right)=P_{\nu}\left(z_{1}\right)P_{\nu}\left(z_{2}\right)+2\sum _{m=1}^{\infty}(-1)^{m}\frac{\Gamma\left(\nu-m+1\right)}{\Gamma\left(\nu+m+1 \right)}\*P^{m}_{\nu}\left(z_{1}\right)P^{m}_{\nu}(z_{2})\cos\left(m\phi\right),</Math> where the branches of the square roots have their principal values when <Math mode="inline" xml:id="C14.S28.SS1.p1.m5">z_{1},z_{2}\in(1,\infty)</Math> and are continuous when <Math mode="inline" xml:id="C14.S28.SS1.p1.m6">z_{1},z_{2}\in\mathbb{C}\setminus(0,1]</Math>.
</sentence>

<sentence sentence-num-in-para="2" sentence-num-in-section="2" xml:id="C14.S28.SS1.p1.s2">
For this and similar results seeErdélyi et al. (1953a, §3.11).
</sentence>

</para>
 
</subsection>
 
<subsection xml:id="C14.S28.SS2">
<title>Heine’s Formula</title>          
 
<para xml:id="C14.S28.SS2.p1">

<sentence sentence-num-in-para="1" sentence-num-in-section="3" xml:id="C14.S28.SS2.p1.s1">
 <Math equation-number="14.28.2" mode="display" xml:id="C14.S28.E2">\sum_{n=0}^{\infty}(2n+1)Q_{n}\left(z_{1}\right)P_{n}\left(z_{2}\right)=\frac{ 1}{z_{1}-z_{2}}, if z_{1}\in\mathcal{E}_{1}, z_{2}\in\mathcal{E}_{2},</Math> where <Math mode="inline" xml:id="C14.S28.SS2.p1.m1">\mathcal{E}_{1}</Math> and <Math mode="inline" xml:id="C14.S28.SS2.p1.m2">\mathcal{E}_{2}</Math> are ellipses with foci at <Math mode="inline" xml:id="C14.S28.SS2.p1.m3">\pm 1</Math> , <Math mode="inline" xml:id="C14.S28.SS2.p1.m4">\mathcal{E}_{2}</Math> being properly interior to <Math mode="inline" xml:id="C14.S28.SS2.p1.m5">\mathcal{E}_{1}</Math>.
</sentence>

<sentence sentence-num-in-para="2" sentence-num-in-section="4" xml:id="C14.S28.SS2.p1.s2">
The series converges uniformly for <Math mode="inline" xml:id="C14.S28.SS2.p1.m6">z_{1}</Math> outside or on <Math mode="inline" xml:id="C14.S28.SS2.p1.m7">\mathcal{E}_{1}</Math> , and <Math mode="inline" xml:id="C14.S28.SS2.p1.m8">z_{2}</Math> within or on <Math mode="inline" xml:id="C14.S28.SS2.p1.m9">\mathcal{E}_{2}</Math>.
</sentence>

</para>
 
<para xml:id="C14.S28.SS2.p2">

<sentence sentence-num-in-para="1" sentence-num-in-section="5" xml:id="C14.S28.SS2.p2.s1">
For generalizations in terms of Gegenbauer and Jacobi polynomials, see Theorem 2.1 in Cohl (2013b) and Theorem 1 in Cohl (2013a) respectively.
</sentence>

</para>
 
</subsection>
 
<subsection xml:id="C14.S28.SS3">
<title>Other Sums</title>         
<para xml:id="C14.S28.SS3.p1">

<sentence sentence-num-in-para="1" sentence-num-in-section="6" xml:id="C14.S28.SS3.p1.s1">
See §14.18(iv).
</sentence>

</para>
 
</subsection>
 
</section>
