<?xml version="1.0" encoding="UTF-8"?>
<section xml:id="C14.S34">
<title>Software</title>         
<para xml:id="C14.S34.p1">

</para>
 
<subsection xml:id="C14.S34.SS1">
<title>Introduction</title>         
<para xml:id="C14.S34.SS1.p1">

<sentence sentence-num-in-para="1" sentence-num-in-section="1" xml:id="C14.S34.SS1.p1.s1">
In this section we provide links to the research literature describing the implementation of algorithms in software for the evaluation of functions described in this chapter.
</sentence>

<sentence sentence-num-in-para="2" sentence-num-in-section="2" xml:id="C14.S34.SS1.p1.s2">
Citations in bulleted lists refer to papers for which research software has been made available and can be downloaded via the Web.
</sentence>

<sentence sentence-num-in-para="3" sentence-num-in-section="3" xml:id="C14.S34.SS1.p1.s3">
References to research software that is available in other ways is listed separately.
</sentence>

</para>
 
<para xml:id="C14.S34.SS1.p2">

<sentence sentence-num-in-para="1" sentence-num-in-section="4" xml:id="C14.S34.SS1.p2.s1">
A more complete list of available software for computing these functions is found in the Software Index.
</sentence>

<sentence sentence-num-in-para="2" sentence-num-in-section="5" xml:id="C14.S34.SS1.p2.s2">
For another listing of Web-accessible software for the functions in this chapter, see .
</sentence>

</para>
 
</subsection>
 
<subsection xml:id="C14.S34.SS2">
<title>Legendre Functions: Real Argument and Parameters</title>         
<para xml:id="C14.S34.SS2.p1">

<sentence sentence-num-in-para="1" sentence-num-in-section="6" xml:id="C14.S34.SS2.p1.s1">
Adams and Swarztrauber (1997).
</sentence>

<sentence sentence-num-in-para="2" sentence-num-in-section="7" xml:id="C14.S34.SS2.p1.s2">
Integer parameters.
</sentence>

<sentence sentence-num-in-para="3" sentence-num-in-section="8" xml:id="C14.S34.SS2.p1.s3">
Fortran.
</sentence>

<sentence sentence-num-in-para="4" sentence-num-in-section="9" xml:id="C14.S34.SS2.p1.s4">
Braithwaite (1973).
</sentence>

<sentence sentence-num-in-para="5" sentence-num-in-section="10" xml:id="C14.S34.SS2.p1.s5">
Integer parameters.
</sentence>

<sentence sentence-num-in-para="6" sentence-num-in-section="11" xml:id="C14.S34.SS2.p1.s6">
Fortran.
</sentence>

<sentence sentence-num-in-para="7" sentence-num-in-section="12" xml:id="C14.S34.SS2.p1.s7">
Delic (1979a).
</sentence>

<sentence sentence-num-in-para="8" sentence-num-in-section="13" xml:id="C14.S34.SS2.p1.s8">
Integer parameters.
</sentence>

<sentence sentence-num-in-para="9" sentence-num-in-section="14" xml:id="C14.S34.SS2.p1.s9">
Fortran.
</sentence>

<sentence sentence-num-in-para="10" sentence-num-in-section="15" xml:id="C14.S34.SS2.p1.s10">
Gil and Segura (1997).
</sentence>

<sentence sentence-num-in-para="11" sentence-num-in-section="16" xml:id="C14.S34.SS2.p1.s11">
Integer and half-integer parameters.
</sentence>

<sentence sentence-num-in-para="12" sentence-num-in-section="17" xml:id="C14.S34.SS2.p1.s12">
Fortran.
</sentence>

<sentence sentence-num-in-para="13" sentence-num-in-section="18" xml:id="C14.S34.SS2.p1.s13">
Gil and Segura (1998).
</sentence>

<sentence sentence-num-in-para="14" sentence-num-in-section="19" xml:id="C14.S34.SS2.p1.s14">
Integer parameters.
</sentence>

<sentence sentence-num-in-para="15" sentence-num-in-section="20" xml:id="C14.S34.SS2.p1.s15">
Fortran.
</sentence>

<sentence sentence-num-in-para="16" sentence-num-in-section="21" xml:id="C14.S34.SS2.p1.s16">
Lozier and Smith (1981).
</sentence>

<sentence sentence-num-in-para="17" sentence-num-in-section="22" xml:id="C14.S34.SS2.p1.s17">
Integer parameters.
</sentence>

<sentence sentence-num-in-para="18" sentence-num-in-section="23" xml:id="C14.S34.SS2.p1.s18">
Fortran.
</sentence>

<sentence sentence-num-in-para="19" sentence-num-in-section="24" xml:id="C14.S34.SS2.p1.s19">
Olver and Smith (1983).
</sentence>

<sentence sentence-num-in-para="20" sentence-num-in-section="25" xml:id="C14.S34.SS2.p1.s20">
Integer order.
</sentence>

<sentence sentence-num-in-para="21" sentence-num-in-section="26" xml:id="C14.S34.SS2.p1.s21">
Fortran.
</sentence>

<sentence sentence-num-in-para="22" sentence-num-in-section="27" xml:id="C14.S34.SS2.p1.s22">
Schneider et al. (2010).
</sentence>

<sentence sentence-num-in-para="23" sentence-num-in-section="28" xml:id="C14.S34.SS2.p1.s23">
Integer parameters.
</sentence>

<sentence sentence-num-in-para="24" sentence-num-in-section="29" xml:id="C14.S34.SS2.p1.s24">
Fortran.
</sentence>

</para>
 
<para xml:id="C14.S34.SS2.p2">

<sentence sentence-num-in-para="1" sentence-num-in-section="30" xml:id="C14.S34.SS2.p2.s1">
See alsoGautschi (1965).
</sentence>

</para>
 
</subsection>
 
<subsection xml:id="C14.S34.SS3">
<title>Legendre Functions: Complex Argument and/or Parameters</title>        
 
<para xml:id="C14.S34.SS3.p1">

<sentence sentence-num-in-para="1" sentence-num-in-section="31" xml:id="C14.S34.SS3.p1.s1">
Gil and Segura (1998).
</sentence>

<sentence sentence-num-in-para="2" sentence-num-in-section="32" xml:id="C14.S34.SS3.p1.s2">
Integer parameters and purely imaginary arguments.
</sentence>

<sentence sentence-num-in-para="3" sentence-num-in-section="33" xml:id="C14.S34.SS3.p1.s3">
Fortran.
</sentence>

</para>

 
</subsection>
 
<subsection xml:id="C14.S34.SS4">
<title>Conical (Mehler) and/or Toroidal Functions</title>         
<para xml:id="C14.S34.SS4.p1">

<sentence sentence-num-in-para="1" sentence-num-in-section="34" xml:id="C14.S34.SS4.p1.s1">
Kölbig (1981).
</sentence>

<sentence sentence-num-in-para="2" sentence-num-in-section="35" xml:id="C14.S34.SS4.p1.s2">
Fortran.
</sentence>

<sentence sentence-num-in-para="3" sentence-num-in-section="36" xml:id="C14.S34.SS4.p1.s3">
Gil and Segura (2001).
</sentence>

<sentence sentence-num-in-para="4" sentence-num-in-section="37" xml:id="C14.S34.SS4.p1.s4">
Fortran.
</sentence>

</para>

 
</subsection>
 
</section>
