<?xml version="1.0" encoding="UTF-8"?>
<section xml:id="C14.S33">
<title>Tables</title>          
 
<para xml:id="C14.S33.p1">

<sentence sentence-num-in-para="1" sentence-num-in-section="1" xml:id="C14.S33.p1.s1">
Abramowitz and Stegun (1964, Chapter 8) tabulates <Math mode="inline" xml:id="C14.S33.I1.i1.p1.m1">\mathsf{P}_{n}\left(x\right)</Math> for <Math mode="inline" xml:id="C14.S33.I1.i1.p1.m2">n=0(1)3,9,10</Math> , <Math mode="inline" xml:id="C14.S33.I1.i1.p1.m3">x=0(.01)</Math> 1, 5–8D; <Math mode="inline" xml:id="C14.S33.I1.i1.p1.m4">\mathsf{P}_{n}'\left(x\right)</Math> for <Math mode="inline" xml:id="C14.S33.I1.i1.p1.m5">n=1(1)4,9,10</Math> , <Math mode="inline" xml:id="C14.S33.I1.i1.p1.m6">x=0(.01)</Math> 1, 5–7D; <Math mode="inline" xml:id="C14.S33.I1.i1.p1.m7">\mathsf{Q}_{n}\left(x\right)</Math> and <Math mode="inline" xml:id="C14.S33.I1.i1.p1.m8">\mathsf{Q}_{n}'\left(x\right)</Math> for <Math mode="inline" xml:id="C14.S33.I1.i1.p1.m9">n=0(1)3,9,10</Math> , <Math mode="inline" xml:id="C14.S33.I1.i1.p1.m10">x=0(.01)</Math> 1, 6–8D; <Math mode="inline" xml:id="C14.S33.I1.i1.p1.m11">P_{n}\left(x\right)</Math> and <Math mode="inline" xml:id="C14.S33.I1.i1.p1.m12">P_{n}'\left(x\right)</Math> for <Math mode="inline" xml:id="C14.S33.I1.i1.p1.m13">n=0(1)5,9,10</Math> , <Math mode="inline" xml:id="C14.S33.I1.i1.p1.m14">x=1(.2)1</Math> 0, 6S; <Math mode="inline" xml:id="C14.S33.I1.i1.p1.m15">Q_{n}\left(x\right)</Math> and <Math mode="inline" xml:id="C14.S33.I1.i1.p1.m16">Q_{n}'\left(x\right)</Math> for <Math mode="inline" xml:id="C14.S33.I1.i1.p1.m17">n=0(1)3,9,10</Math> , <Math mode="inline" xml:id="C14.S33.I1.i1.p1.m18">x=1(.2)1</Math> 0, 6S. (Here primes denote derivatives with respect to <Math mode="inline" xml:id="C14.S33.I1.i1.p1.m19">x</Math>.
</sentence>

<sentence sentence-num-in-para="2" sentence-num-in-section="2" xml:id="C14.S33.p1.s2">
) Zhang and Jin (1996, Chapter 4) tabulates <Math mode="inline" xml:id="C14.S33.I1.i2.p1.m1">\mathsf{P}_{n}\left(x\right)</Math> for <Math mode="inline" xml:id="C14.S33.I1.i2.p1.m2">n=2(1)5,10</Math> , <Math mode="inline" xml:id="C14.S33.I1.i2.p1.m3">x=0(.1)</Math> 1, 7D; <Math mode="inline" xml:id="C14.S33.I1.i2.p1.m4">\mathsf{P}_{n}\left(\cos\theta\right)</Math> for <Math mode="inline" xml:id="C14.S33.I1.i2.p1.m5">n=1(1)4,10</Math> , <Math mode="inline" xml:id="C14.S33.I1.i2.p1.m6">\theta=0(5^{\circ})90^{\circ}</Math> , 8D; <Math mode="inline" xml:id="C14.S33.I1.i2.p1.m7">\mathsf{Q}_{n}\left(x\right)</Math> for <Math mode="inline" xml:id="C14.S33.I1.i2.p1.m8">n=0(1)2,10</Math> , <Math mode="inline" xml:id="C14.S33.I1.i2.p1.m9">x=0(.1)0.</Math>
</sentence>

<sentence sentence-num-in-para="3" sentence-num-in-section="3" xml:id="C14.S33.p1.s3">
9, 8S; <Math mode="inline" xml:id="C14.S33.I1.i2.p1.m10">\mathsf{Q}_{n}\left(\cos\theta\right)</Math> for <Math mode="inline" xml:id="C14.S33.I1.i2.p1.m11">n=0(1)3,10</Math> , <Math mode="inline" xml:id="C14.S33.I1.i2.p1.m12">\theta=0(5^{\circ})90^{\circ}</Math> , 8D; <Math mode="inline" xml:id="C14.S33.I1.i2.p1.m13">\mathsf{P}^{m}_{n}\left(x\right)</Math> for <Math mode="inline" xml:id="C14.S33.I1.i2.p1.m14">m=1(1)4</Math> , <Math mode="inline" xml:id="C14.S33.I1.i2.p1.m15">n-m=0(1)2</Math> , <Math mode="inline" xml:id="C14.S33.I1.i2.p1.m16">n=10</Math> , <Math mode="inline" xml:id="C14.S33.I1.i2.p1.m17">x=0,0.</Math>
</sentence>

<sentence sentence-num-in-para="4" sentence-num-in-section="4" xml:id="C14.S33.p1.s4">
5, 8S; <Math mode="inline" xml:id="C14.S33.I1.i2.p1.m18">\mathsf{Q}^{m}_{n}\left(x\right)</Math> for <Math mode="inline" xml:id="C14.S33.I1.i2.p1.m19">m=1(1)4</Math> , <Math mode="inline" xml:id="C14.S33.I1.i2.p1.m20">n=0(1)2,10</Math> , 8S; <Math mode="inline" xml:id="C14.S33.I1.i2.p1.m21">\mathsf{P}^{m}_{\nu}\left(\cos\theta\right)</Math> for <Math mode="inline" xml:id="C14.S33.I1.i2.p1.m22">m=0(1)3</Math> , <Math mode="inline" xml:id="C14.S33.I1.i2.p1.m23">\nu=0(.25)</Math> 5, <Math mode="inline" xml:id="C14.S33.I1.i2.p1.m24">\theta=0(15^{\circ})90^{\circ}</Math> , 5D; <Math mode="inline" xml:id="C14.S33.I1.i2.p1.m25">P_{n}\left(x\right)</Math> for <Math mode="inline" xml:id="C14.S33.I1.i2.p1.m26">n=2(1)5,10</Math> , <Math mode="inline" xml:id="C14.S33.I1.i2.p1.m27">x=1(1)10</Math> , 7S; <Math mode="inline" xml:id="C14.S33.I1.i2.p1.m28">Q_{n}\left(x\right)</Math> for <Math mode="inline" xml:id="C14.S33.I1.i2.p1.m29">n=0(1)2,10</Math> , <Math mode="inline" xml:id="C14.S33.I1.i2.p1.m30">x=2(1)10</Math> , 8S. Corresponding values of the derivative of each function are also included, as are 6D values of the first 5 <Math mode="inline" xml:id="C14.S33.I1.i2.p1.m31">\nu</Math> -zeros of <Math mode="inline" xml:id="C14.S33.I1.i2.p1.m32">\mathsf{P}^{m}_{\nu}\left(\cos\theta\right)</Math> and of its derivative for <Math mode="inline" xml:id="C14.S33.I1.i2.p1.m33">m=0(1)4</Math> , <Math mode="inline" xml:id="C14.S33.I1.i2.p1.m34">\theta=10^{\circ},30^{\circ},150^{\circ}</Math>.
</sentence>

<sentence sentence-num-in-para="5" sentence-num-in-section="5" xml:id="C14.S33.p1.s5">
Belousov (1962) tabulates <Math mode="inline" xml:id="C14.S33.I1.i3.p1.m1">\mathsf{P}^{m}_{n}\left(\cos\theta\right)</Math> (normalized) for <Math mode="inline" xml:id="C14.S33.I1.i3.p1.m2">m=0(1)36</Math> , <Math mode="inline" xml:id="C14.S33.I1.i3.p1.m3">n-m=0(1)56</Math> , <Math mode="inline" xml:id="C14.S33.I1.i3.p1.m4">\theta=0(2.5^{\circ})90^{\circ</Math> }, 6D.
</sentence>

<sentence sentence-num-in-para="6" sentence-num-in-section="6" xml:id="C14.S33.p1.s6">
Žurina and Karmazina (1964, 1965) tabulate the conical functions <Math mode="inline" xml:id="C14.S33.I1.i4.p1.m1">\mathsf{P}_{-\frac{1}{2}+\mathrm{i}\tau}\left(x\right)</Math> for <Math mode="inline" xml:id="C14.S33.I1.i4.p1.m2">\tau=0(.01)5</Math> 0, <Math mode="inline" xml:id="C14.S33.I1.i4.p1.m3">x=-0.9(.1)0.</Math>
</sentence>

<sentence sentence-num-in-para="7" sentence-num-in-section="7" xml:id="C14.S33.p1.s7">
9, 7S; <Math mode="inline" xml:id="C14.S33.I1.i4.p1.m4">P_{-\frac{1}{2}+\mathrm{i}\tau}\left(x\right)</Math> for <Math mode="inline" xml:id="C14.S33.I1.i4.p1.m5">\tau=0(.01)5</Math> 0, <Math mode="inline" xml:id="C14.S33.I1.i4.p1.m6">x=1.1(.1)2(.2)5(.5)10(10)6</Math> 0, 7D.
</sentence>

<sentence sentence-num-in-para="8" sentence-num-in-section="8" xml:id="C14.S33.p1.s8">
Auxiliary tables are included to facilitate computation for larger values of <Math mode="inline" xml:id="C14.S33.I1.i4.p1.m7">\tau</Math> when <Math mode="inline" xml:id="C14.S33.I1.i4.p1.m8">-1&lt;x&lt;1</Math>.
</sentence>

<sentence sentence-num-in-para="9" sentence-num-in-section="9" xml:id="C14.S33.p1.s9">
Žurina and Karmazina (1963) tabulates the conical functions <Math mode="inline" xml:id="C14.S33.I1.i5.p1.m1">\mathsf{P}^{1}_{-\frac{1}{2}+\mathrm{i}\tau}\left(x\right)</Math> for <Math mode="inline" xml:id="C14.S33.I1.i5.p1.m2">\tau=0(.01)2</Math> 5, <Math mode="inline" xml:id="C14.S33.I1.i5.p1.m3">x=-0.9(.1)0.</Math>
</sentence>

<sentence sentence-num-in-para="10" sentence-num-in-section="10" xml:id="C14.S33.p1.s10">
9, 7S; <Math mode="inline" xml:id="C14.S33.I1.i5.p1.m4">P^{1}_{-\frac{1}{2}+\mathrm{i}\tau}\left(x\right)</Math> for <Math mode="inline" xml:id="C14.S33.I1.i5.p1.m5">\tau=0(.01)2</Math> 5, <Math mode="inline" xml:id="C14.S33.I1.i5.p1.m6">x=1.1(.1)2(.2)5(.5)10(10)6</Math> 0, 7S. Auxiliary tables are included to assist computation for larger values of <Math mode="inline" xml:id="C14.S33.I1.i5.p1.m7">\tau</Math> when <Math mode="inline" xml:id="C14.S33.I1.i5.p1.m8">-1&lt;x&lt;1</Math>.
</sentence>

</para>
 
<para xml:id="C14.S33.p2">

<sentence sentence-num-in-para="1" sentence-num-in-section="11" xml:id="C14.S33.p2.s1">
For tables prior to 1961 see Fletcher et al. (1962) andLebedev and Fedorova (1960).
</sentence>

</para>
 
</section>
