<?xml version="1.0" encoding="UTF-8"?>
<section xml:id="C14.S31">
<title>Other Applications</title>         
<subsection xml:id="C14.S31.SS1">
<title>Toroidal Functions</title>             
<para xml:id="C14.S31.SS1.p1">

<sentence sentence-num-in-para="1" sentence-num-in-section="1" xml:id="C14.S31.SS1.p1.s1">
Applications of toroidal functions include expansion of vacuum magnetic fields in stellarators and tokamaks (van Milligen and López Fraguas (1994)), analytic solutionsof Poisson’s equation in channel-like geometries (Hoyles et al. (1998)), and Dirichlet problems with toroidal symmetry (Gil et al. (2000)).
</sentence>

</para>
 
</subsection>
 
<subsection xml:id="C14.S31.SS2">
<title>Conical Functions</title>            
      
<para xml:id="C14.S31.SS2.p1">

<sentence sentence-num-in-para="1" sentence-num-in-section="2" xml:id="C14.S31.SS2.p1.s1">
The conical functions <Math mode="inline" xml:id="C14.S31.SS2.p1.m1">\mathsf{P}^{m}_{-\frac{1}{2}+i\tau}\left(x\right)</Math> appear in boundary-value problems for the Laplace equation in toroidal coordinates (§14.19(i)) for regions bounded by cones, by two intersecting spheres, or by one or two confocal hyperboloids of revolution (Kölbig (1981)).
</sentence>

<sentence sentence-num-in-para="2" sentence-num-in-section="3" xml:id="C14.S31.SS2.p1.s2">
These functions are also used in the Mehler–Fock integral transform (§14.20(vi)) for problems in potential and heattheory, and in elementary particle physics (Sneddon (1972, Chapter 7) and Braaksma and Meulenbeld (1967)).
</sentence>

<sentence sentence-num-in-para="3" sentence-num-in-section="4" xml:id="C14.S31.SS2.p1.s3">
The conical functions and Mehler–Fock transform generalize to Jacobi functions and the Jacobi transform; seeKoornwinder (1984a) and references therein.
</sentence>

</para>
 
</subsection>
 
<subsection xml:id="C14.S31.SS3">
<title>Miscellaneous</title>             
<para xml:id="C14.S31.SS3.p1">

<sentence sentence-num-in-para="1" sentence-num-in-section="5" xml:id="C14.S31.SS3.p1.s1">
Many additional physical applications of Legendre polynomials and associated Legendre functions include solution of the Helmholtz equation, as well as the Laplace equation, in spherical coordinates (Temme (1996b)), quantum mechanics (Edmonds (1974)), and high-frequency scattering by a sphere (Nussenzveig (1965)).
</sentence>

<sentence sentence-num-in-para="2" sentence-num-in-section="6" xml:id="C14.S31.SS3.p1.s2">
See also §18.39.
</sentence>

</para>
 
<para xml:id="C14.S31.SS3.p2">

<sentence sentence-num-in-para="1" sentence-num-in-section="7" xml:id="C14.S31.SS3.p2.s1">
Legendre functions <Math mode="inline" xml:id="C14.S31.SS3.p2.m1">P_{\nu}\left(x\right)</Math> of complex degree <Math mode="inline" xml:id="C14.S31.SS3.p2.m2">\nu</Math> appear in the application of complex angular momentum techniques to atomic and molecular scattering (Connor and Mackay (1979)).
</sentence>

</para>

 
</subsection>
 
</section>
