<?xml version="1.0" encoding="UTF-8"?>
<section xml:id="C14.S3">
<title>Definitions and Hypergeometric Representations</title>         
    
<subsection xml:id="C14.S3.SS1">
<title>Interval <Math mode="inline" xml:id="C14.S3.SS1.m1">-1&amp;lt;x&amp;lt;1</Math></title>         
 
<para xml:id="C14.S3.SS1.p1">

<sentence sentence-num-in-para="1" sentence-num-in-section="1" xml:id="C14.S3.SS1.p1.s1">
The following are real-valued solutions of (14.2.2) when <Math mode="inline" xml:id="C14.S3.SS1.p1.m1">\mu</Math> , <Math mode="inline" xml:id="C14.S3.SS1.p1.m2">\nu\in\mathbb{R}</Math> and <Math mode="inline" xml:id="C14.S3.SS1.p1.m3">x\in(-1,1)</Math>.
</sentence>

</para>
 
<paragraph xml:id="C14.S3.Px1">
<title>Ferrers Function of the First Kind</title>    
<para xml:id="C14.S3.Px1.p1">

<sentence sentence-num-in-para="1" sentence-num-in-section="2" xml:id="C14.S3.Px1.p1.s1">
 <Math equation-number="14.3.1" mode="display" xml:id="C14.S3.E1">\mathsf{P}^{\mu}_{\nu}\left(x\right)=\left(\frac{1+x}{1-x}\right)^{\mu/2} \mathbf{F}\left(\nu+1,-\nu;1-\mu;\tfrac{1}{2}-\tfrac{1}{2}x\right)</Math>.
</sentence>

</para>
 
</paragraph>
 
<paragraph xml:id="C14.S3.Px2">
<title>Ferrers Function of the Second Kind</title>    
<para xml:id="C14.S3.Px2.p1">

<sentence sentence-num-in-para="1" sentence-num-in-section="3" xml:id="C14.S3.Px2.p1.s1">
 <Math equation-number="14.3.2" mode="display" xml:id="C14.S3.E2">\mathsf{Q}^{\mu}_{\nu}\left(x\right)=\frac{\pi}{2\sin\left(\mu\pi\right)}\left (\cos\left(\mu\pi\right)\left(\frac{1+x}{1-x}\right)^{\mu/2}\mathbf{F}\left( \nu+1,-\nu;1-\mu;\tfrac{1}{2}-\tfrac{1}{2}x\right)-\frac{\Gamma\left(\nu+\mu+1 \right)}{\Gamma\left(\nu-\mu+1\right)}\left(\frac{1-x}{1+x}\right)^{\mu/2} \mathbf{F}\left(\nu+1,-\nu;1+\mu;\tfrac{1}{2}-\tfrac{1}{2}x\right)\right)</Math>.
</sentence>

<sentence sentence-num-in-para="2" sentence-num-in-section="4" xml:id="C14.S3.Px2.p1.s2">
Here and elsewhere in this chapter <Math equation-number="14.3.3" mode="display" xml:id="C14.S3.E3">\mathbf{F}\left(a,b;c;x\right)=\frac{1}{\Gamma\left(c\right)}F\left(a,b;c;x\right)</Math> is Olver’s hypergeometric function (§15.1).
</sentence>

</para>
 
<para xml:id="C14.S3.Px2.p2">

<sentence sentence-num-in-para="1" sentence-num-in-section="5" xml:id="C14.S3.Px2.p2.s1">
 <Math mode="inline" xml:id="C14.S3.Px2.p2.m1">\mathsf{P}^{\mu}_{\nu}\left(x\right)</Math> exists for all values of <Math mode="inline" xml:id="C14.S3.Px2.p2.m2">\mu</Math> and <Math mode="inline" xml:id="C14.S3.Px2.p2.m3">\nu</Math>.
</sentence>

<sentence sentence-num-in-para="2" sentence-num-in-section="6" xml:id="C14.S3.Px2.p2.s2">
<Math mode="inline" xml:id="C14.S3.Px2.p2.m4">\mathsf{Q}^{\mu}_{\nu}\left(x\right)</Math> is undefined when <Math mode="inline" xml:id="C14.S3.Px2.p2.m5">\mu+\nu=-1,-2,-3,\dots</Math>.
</sentence>

</para>
 
<para xml:id="C14.S3.Px2.p3">

<sentence sentence-num-in-para="1" sentence-num-in-section="7" xml:id="C14.S3.Px2.p3.s1">
When <Math mode="inline" xml:id="C14.S3.Px2.p3.m1">\mu=m=0,1,2,\ldots</Math> , (14.3.1)reduces to <Math equation-number="14.3.4" mode="display" xml:id="C14.S3.E4">\mathsf{P}^{m}_{\nu}\left(x\right)=(-1)^{m}\frac{\Gamma\left(\nu+m+1\right)}{2 ^{m}\Gamma\left(\nu-m+1\right)}\left(1-x^{2}\right)^{m/2}\mathbf{F}\left(\nu+m +1,m-\nu;m+1;\tfrac{1}{2}-\tfrac{1}{2}x\right);</Math> equivalently, <Math equation-number="14.3.5" mode="display" xml:id="C14.S3.E5">\mathsf{P}^{m}_{\nu}\left(x\right)=(-1)^{m}\frac{\Gamma\left(\nu+m+1\right)}{ \Gamma\left(\nu-m+1\right)}\left(\frac{1-x}{1+x}\right)^{m/2}\mathbf{F}\left( \nu+1,-\nu;m+1;\tfrac{1}{2}-\tfrac{1}{2}x\right)</Math>.
</sentence>

<sentence sentence-num-in-para="2" sentence-num-in-section="8" xml:id="C14.S3.Px2.p3.s2">
When <Math mode="inline" xml:id="C14.S3.Px2.p3.m2">\mu=m</Math> ( <Math mode="inline" xml:id="C14.S3.Px2.p3.m3">\in\mathbb{Z}</Math> ) (14.3.2) is replaced by its limiting value; see Hobson (1931, §132) for details.
</sentence>

<sentence sentence-num-in-para="3" sentence-num-in-section="9" xml:id="C14.S3.Px2.p3.s3">
See also(14.3.12)–(14.3.14) for this case.
</sentence>

</para>
 
</paragraph>
 
</subsection>
 
<subsection xml:id="C14.S3.SS2">
<title>Interval <Math mode="inline" xml:id="C14.S3.SS2.m1">1&amp;lt;x&amp;lt;\infty</Math></title>            
<paragraph xml:id="C14.S3.Px3">
<title>Associated Legendre Function of the First Kind</title>    
<para xml:id="C14.S3.Px3.p1">

<sentence sentence-num-in-para="1" sentence-num-in-section="10" xml:id="C14.S3.Px3.p1.s1">
 <Math equation-number="14.3.6" mode="display" xml:id="C14.S3.E6">P^{\mu}_{\nu}\left(x\right)=\left(\frac{x+1}{x-1}\right)^{\mu/2}\mathbf{F} \left(\nu+1,-\nu;1-\mu;\tfrac{1}{2}-\tfrac{1}{2}x\right)</Math>.
</sentence>

</para>
 
</paragraph>
 
<paragraph xml:id="C14.S3.Px4">
<title>Associated Legendre Function of the Second Kind</title>   
 
<para xml:id="C14.S3.Px4.p1">

<sentence sentence-num-in-para="1" sentence-num-in-section="11" xml:id="C14.S3.Px4.p1.s1">
 <Math equation-number="14.3.7" mode="display" xml:id="C14.S3.E7">Q^{\mu}_{\nu}\left(x\right)=e^{\mu\pi i}\frac{\pi^{1/2}\Gamma\left(\nu+\mu+1 \right)\left(x^{2}-1\right)^{\mu/2}}{2^{\nu+1}x^{\nu+\mu+1}}\mathbf{F}\left( \tfrac{1}{2}\nu+\tfrac{1}{2}\mu+1,\tfrac{1}{2}\nu+\tfrac{1}{2}\mu+\tfrac{1}{2} ;\nu+\tfrac{3}{2};\frac{1}{x^{2}}\right), if \mu+\nu\neq-1,-2,-3,\dots.</Math>
</sentence>

</para>
 
<para xml:id="C14.S3.Px4.p2">

<sentence sentence-num-in-para="1" sentence-num-in-section="12" xml:id="C14.S3.Px4.p2.s1">
When <Math mode="inline" xml:id="C14.S3.Px4.p2.m1">\mu=m=1,2,3,\dots</Math> , (14.3.6)reduces to <Math equation-number="14.3.8" mode="display" xml:id="C14.S3.E8">P^{m}_{\nu}\left(x\right)=\frac{\Gamma\left(\nu+m+1\right)}{2^{m}\Gamma\left( \nu-m+1\right)}\left(x^{2}-1\right)^{m/2}\mathbf{F}\left(\nu+m+1,m-\nu;m+1; \tfrac{1}{2}-\tfrac{1}{2}x\right)</Math>.
</sentence>

</para>
  
<para xml:id="C14.S3.Px4.p3">

<sentence sentence-num-in-para="1" sentence-num-in-section="13" xml:id="C14.S3.Px4.p3.s1">
As standard solutions of (14.2.2) we take the pair <Math mode="inline" xml:id="C14.S3.Px4.p3.m1">P^{-\mu}_{\nu}\left(x\right)</Math> and <Math mode="inline" xml:id="C14.S3.Px4.p3.m2">\boldsymbol{Q}^{\mu}_{\nu}\left(x\right)</Math> , where <Math equation-number="14.3.9" mode="display" xml:id="C14.S3.E9">P^{-\mu}_{\nu}\left(x\right)=\left(\frac{x-1}{x+1}\right)^{\mu/2}\mathbf{F} \left(\nu+1,-\nu;\mu+1;\tfrac{1}{2}-\tfrac{1}{2}x\right),</Math> and <Math equation-number="14.3.10" mode="display" xml:id="C14.S3.E10">\boldsymbol{Q}^{\mu}_{\nu}\left(x\right)=e^{-\mu\pi i}\frac{Q^{\mu}_{\nu}\left (x\right)}{\Gamma\left(\nu+\mu+1\right)}</Math>.
</sentence>

<sentence sentence-num-in-para="2" sentence-num-in-section="14" xml:id="C14.S3.Px4.p3.s2">
Like <Math mode="inline" xml:id="C14.S3.Px4.p3.m3">P^{\mu}_{\nu}\left(x\right)</Math> , but unlike <Math mode="inline" xml:id="C14.S3.Px4.p3.m4">Q^{\mu}_{\nu}\left(x\right)</Math> , <Math mode="inline" xml:id="C14.S3.Px4.p3.m5">\boldsymbol{Q}^{\mu}_{\nu}\left(x\right)</Math> is real-valued when <Math mode="inline" xml:id="C14.S3.Px4.p3.m6">\nu</Math> , <Math mode="inline" xml:id="C14.S3.Px4.p3.m7">\mu\in\mathbb{R}</Math> and <Math mode="inline" xml:id="C14.S3.Px4.p3.m8">x\in(1,\infty)</Math> , and is defined for all values of <Math mode="inline" xml:id="C14.S3.Px4.p3.m9">\nu</Math> and <Math mode="inline" xml:id="C14.S3.Px4.p3.m10">\mu</Math>.
</sentence>

<sentence sentence-num-in-para="3" sentence-num-in-section="15" xml:id="C14.S3.Px4.p3.s3">
The notation <Math mode="inline" xml:id="C14.S3.Px4.p3.m11">\boldsymbol{Q}^{\mu}_{\nu}\left(x\right)</Math> is due toOlver (1997b, pp. 170 and 178).
</sentence>

</para>
 
</paragraph>
 
</subsection>
 
<subsection xml:id="C14.S3.SS3">
<title>Alternative Hypergeometric Representations</title>        
    
<para xml:id="C14.S3.SS3.p1">

<sentence sentence-num-in-para="1" sentence-num-in-section="16" xml:id="C14.S3.SS3.p1.s1">
 <Math equation-number="14.3.11" mode="display" xml:id="C14.S3.E11">\mathsf{P}^{\mu}_{\nu}\left(x\right)=\cos\left(\tfrac{1}{2}(\nu+\mu)\pi\right) w_{1}(\nu,\mu,x)+\sin\left(\tfrac{1}{2}(\nu+\mu)\pi\right)w_{2}(\nu,\mu,x),</Math> , <Math equation-number="14.3.12" mode="display" xml:id="C14.S3.E12">\mathsf{Q}^{\mu}_{\nu}\left(x\right)=-\tfrac{1}{2}\pi\sin\left(\tfrac{1}{2}( \nu+\mu)\pi\right)w_{1}(\nu,\mu,x)+\tfrac{1}{2}\pi\cos\left(\tfrac{1}{2}(\nu+ \mu)\pi\right)w_{2}(\nu,\mu,x),</Math> where <Math equation-number="14.3.13" mode="display" xml:id="C14.S3.E13">w_{1}(\nu,\mu,x)=\frac{2^{\mu}\Gamma\left(\frac{1}{2}\nu+\frac{1}{2}\mu+\frac{ 1}{2}\right)}{\Gamma\left(\frac{1}{2}\nu-\frac{1}{2}\mu+1\right)}\left(1-x^{2} \right)^{-\mu/2}\mathbf{F}\left(-\tfrac{1}{2}\nu-\tfrac{1}{2}\mu,\tfrac{1}{2} \nu-\tfrac{1}{2}\mu+\tfrac{1}{2};\tfrac{1}{2};x^{2}\right),</Math> , <Math equation-number="14.3.14" mode="display" xml:id="C14.S3.E14">w_{2}(\nu,\mu,x)=\frac{2^{\mu}\Gamma\left(\frac{1}{2}\nu+\frac{1}{2}\mu+1 \right)}{\Gamma\left(\frac{1}{2}\nu-\frac{1}{2}\mu+\frac{1}{2}\right)}x\left(1 -x^{2}\right)^{-\mu/2}\mathbf{F}\left(\tfrac{1}{2}-\tfrac{1}{2}\nu-\tfrac{1}{2 }\mu,\tfrac{1}{2}\nu-\tfrac{1}{2}\mu+1;\tfrac{3}{2};x^{2}\right)</Math>.
</sentence>

<sentence sentence-num-in-para="2" sentence-num-in-section="17" xml:id="C14.S3.SS3.p1.s2">
<Math equation-number="14.3.15" mode="display" xml:id="C14.S3.E15">P^{-\mu}_{\nu}\left(x\right)=2^{-\mu}\left(x^{2}-1\right)^{\mu/2}\mathbf{F} \left(\mu-\nu,\nu+\mu+1;\mu+1;\tfrac{1}{2}-\tfrac{1}{2}x\right),</Math> <Math equation-number="14.3.16" mode="display" xml:id="C14.S3.E16">\cos\left(\nu\pi\right)P^{-\mu}_{\nu}\left(x\right)=\frac{2^{\nu}\pi^{1/2}x^{ \nu-\mu}\left(x^{2}-1\right)^{\mu/2}}{\Gamma\left(\nu+\mu+1\right)}\mathbf{F} \left(\tfrac{1}{2}\mu-\tfrac{1}{2}\nu,\tfrac{1}{2}\mu-\tfrac{1}{2}\nu+\tfrac{1 }{2};\tfrac{1}{2}-\nu;\frac{1}{x^{2}}\right)-\frac{\pi^{1/2}\left(x^{2}-1 \right)^{\mu/2}}{2^{\nu+1}\Gamma\left(\mu-\nu\right)x^{\nu+\mu+1}}\mathbf{F} \left(\tfrac{1}{2}\nu+\tfrac{1}{2}\mu+1,\tfrac{1}{2}\nu+\tfrac{1}{2}\mu+\tfrac {1}{2};\nu+\tfrac{3}{2};\frac{1}{x^{2}}\right),</Math> <Math equation-number="14.3.17" mode="display" xml:id="C14.S3.E17">P^{-\mu}_{\nu}\left(x\right)=\frac{\pi\left(x^{2}-1\right)^{\mu/2}}{2^{\mu}} \left(\frac{\mathbf{F}\left(\frac{1}{2}\mu-\frac{1}{2}\nu,\frac{1}{2}\nu+\frac {1}{2}\mu+\frac{1}{2};\frac{1}{2};x^{2}\right)}{\Gamma\left(\frac{1}{2}\mu- \frac{1}{2}\nu+\frac{1}{2}\right)\Gamma\left(\frac{1}{2}\nu+\frac{1}{2}\mu+1 \right)}-\frac{x\mathbf{F}\left(\frac{1}{2}\mu-\frac{1}{2}\nu+\frac{1}{2}, \frac{1}{2}\nu+\frac{1}{2}\mu+1;\frac{3}{2};x^{2}\right)}{\Gamma\left(\frac{1} {2}\mu-\frac{1}{2}\nu\right)\Gamma\left(\frac{1}{2}\nu+\frac{1}{2}\mu+\frac{1} {2}\right)}\right),</Math> <Math equation-number="14.3.18" mode="display" xml:id="C14.S3.E18">P^{-\mu}_{\nu}\left(x\right)=2^{-\mu}x^{\nu-\mu}\left(x^{2}-1\right)^{\mu/2} \mathbf{F}\left(\tfrac{1}{2}\mu-\tfrac{1}{2}\nu,\tfrac{1}{2}\mu-\tfrac{1}{2} \nu+\tfrac{1}{2};\mu+1;1-\frac{1}{x^{2}}\right),</Math> , <Math equation-number="14.3.19" mode="display" xml:id="C14.S3.E19">\boldsymbol{Q}^{\mu}_{\nu}\left(x\right)=\frac{2^{\nu}\Gamma\left(\nu+1\right) (x+1)^{\mu/2}}{(x-1)^{(\mu/2)+\nu+1}}\mathbf{F}\left(\nu+1,\nu+\mu+1;2\nu+2; \frac{2}{1-x}\right),</Math> <Math equation-number="14.3.20" mode="display" xml:id="C14.S3.E20">\frac{2\sin\left(\mu\pi\right)}{\pi}\boldsymbol{Q}^{\mu}_{\nu}\left(x\right)= \frac{(x+1)^{\mu/2}}{\Gamma\left(\nu+\mu+1\right)(x-1)^{\mu/2}}\mathbf{F}\left (\nu+1,-\nu;1-\mu;\tfrac{1}{2}-\tfrac{1}{2}x\right)-\frac{(x-1)^{\mu/2}}{ \Gamma\left(\nu-\mu+1\right)(x+1)^{\mu/2}}\mathbf{F}\left(\nu+1,-\nu;\mu+1; \tfrac{1}{2}-\tfrac{1}{2}x\right)</Math>.
</sentence>

</para>
 
<para xml:id="C14.S3.SS3.p2">

<sentence sentence-num-in-para="1" sentence-num-in-section="18" xml:id="C14.S3.SS3.p2.s1">
For further hypergeometric representations of <Math mode="inline" xml:id="C14.S3.SS3.p2.m1">P^{\mu}_{\nu}\left(x\right)</Math> and <Math mode="inline" xml:id="C14.S3.SS3.p2.m2">Q^{\mu}_{\nu}\left(x\right)</Math> see Erdélyi et al. (1953a, pp. 123–139),Andrews et al. (1999, §3.1), Magnus et al. (1966, pp. 153–163), and §15.8(iii).
</sentence>

</para>
 
</subsection>
 
<subsection xml:id="C14.S3.SS4">
<title>Relations to Other Functions</title>             
<para xml:id="C14.S3.SS4.p1">

<sentence sentence-num-in-para="1" sentence-num-in-section="19" xml:id="C14.S3.SS4.p1.s1">
In terms of the Gegenbauer function <Math mode="inline" xml:id="C14.S3.SS4.p1.m1">C^{(\beta)}_{\alpha}\left(x\right)</Math> and the Jacobi function <Math mode="inline" xml:id="C14.S3.SS4.p1.m2">\phi^{(\alpha,\beta)}_{\lambda}\left(t\right)</Math> (§§15.9(iii), 15.9(ii)):
</sentence>

<sentence sentence-num-in-para="2" sentence-num-in-section="20" xml:id="C14.S3.SS4.p1.s2">
<Math equation-number="14.3.21" mode="display" xml:id="C14.S3.E21">\mathsf{P}^{\mu}_{\nu}\left(x\right)=\frac{2^{\mu}\Gamma\left(1-2\mu\right) \Gamma\left(\nu+\mu+1\right)}{\Gamma\left(\nu-\mu+1\right)\Gamma\left(1-\mu \right)\left(1-x^{2}\right)^{\mu/2}}C^{(\frac{1}{2}-\mu)}_{\nu+\mu}\left(x \right)</Math>.
</sentence>

<sentence sentence-num-in-para="3" sentence-num-in-section="21" xml:id="C14.S3.SS4.p1.s3">
<Math equation-number="14.3.22" mode="display" xml:id="C14.S3.E22">P^{\mu}_{\nu}\left(x\right)=\frac{2^{\mu}\Gamma\left(1-2\mu\right)\Gamma\left( \nu+\mu+1\right)}{\Gamma\left(\nu-\mu+1\right)\Gamma\left(1-\mu\right)\left(x^ {2}-1\right)^{\mu/2}}C^{(\frac{1}{2}-\mu)}_{\nu+\mu}\left(x\right)</Math>.
</sentence>

<sentence sentence-num-in-para="4" sentence-num-in-section="22" xml:id="C14.S3.SS4.p1.s4">
<Math equation-number="14.3.23" mode="display" xml:id="C14.S3.E23">P^{\mu}_{\nu}\left(x\right)=\frac{1}{\Gamma\left(1-\mu\right)}\left(\frac{x+1} {x-1}\right)^{\mu/2}\phi^{(-\mu,\mu)}_{-\mathrm{i}(2\nu+1)}\left(\operatorname {arcsinh}\left((\tfrac{1}{2}x-\tfrac{1}{2})^{\ifrac{1}{2}}\right)\right)</Math>.
</sentence>

<sentence sentence-num-in-para="5" sentence-num-in-section="23" xml:id="C14.S3.SS4.p1.s5">
Compare also (18.11.1).
</sentence>

</para>
 
</subsection>
 
</section>
