<?xml version="1.0" encoding="UTF-8"?>
<section xml:id="C14.S4">
<title>Graphics</title>         
<subsection xml:id="C14.S4.SS1">
<title>Ferrers Functions: 2D Graphs</title>                  
  
<sentence sentence-num-in-section="1" xml:id="C14.S4.F1.s1">
Figure 14.4.1: <Math mode="inline" xml:id="C14.S4.F1.m3">\mathsf{P}^{0}_{\nu}\left(x\right)</Math> , <Math mode="inline" xml:id="C14.S4.F1.m4">\nu=0,\tfrac{1}{2},1,2,4</Math> .
</sentence>         
  
<sentence sentence-num-in-section="2" xml:id="C14.S4.F2.s1">
Figure 14.4.2: <Math mode="inline" xml:id="C14.S4.F2.m3">\mathsf{Q}^{0}_{\nu}\left(x\right)</Math> , <Math mode="inline" xml:id="C14.S4.F2.m4">\nu=0,\tfrac{1}{2},1,2,4</Math> .
</sentence>           
  
<sentence sentence-num-in-section="3" xml:id="C14.S4.F3.s1">
Figure 14.4.3: <Math mode="inline" xml:id="C14.S4.F3.m3">\mathsf{P}^{-1/2}_{\nu}\left(x\right)</Math> , <Math mode="inline" xml:id="C14.S4.F3.m4">\nu=0,\tfrac{1}{2},1,2,4</Math> .
</sentence>        
 
  
<sentence sentence-num-in-section="4" xml:id="C14.S4.F4.s1">
Figure 14.4.4: <Math mode="inline" xml:id="C14.S4.F4.m3">\mathsf{Q}^{1/2}_{\nu}\left(x\right)</Math> , <Math mode="inline" xml:id="C14.S4.F4.m4">\nu=0,\tfrac{1}{2},1,2,4</Math> .
</sentence>   
<para xml:id="C14.S4.SS1.p1">

</para>
         
  
<sentence sentence-num-in-section="5" xml:id="C14.S4.F5.s1">
Figure 14.4.5: <Math mode="inline" xml:id="C14.S4.F5.m3">\mathsf{P}^{-1}_{\nu}\left(x\right)</Math> , <Math mode="inline" xml:id="C14.S4.F5.m4">\nu=0,\tfrac{1}{2},1,2,4</Math> .
</sentence>         
  
<sentence sentence-num-in-section="6" xml:id="C14.S4.F6.s1">
Figure 14.4.6: <Math mode="inline" xml:id="C14.S4.F6.m3">\mathsf{Q}^{1}_{\nu}\left(x\right)</Math> , <Math mode="inline" xml:id="C14.S4.F6.m4">\nu=0,\tfrac{1}{2},1,2,4</Math> .
</sentence>           
  
<sentence sentence-num-in-section="7" xml:id="C14.S4.F7.s1">
Figure 14.4.7: <Math mode="inline" xml:id="C14.S4.F7.m3">\mathsf{P}^{-\mu}_{0}\left(x\right)</Math> , <Math mode="inline" xml:id="C14.S4.F7.m4">\mu=0,\tfrac{1}{2},1,2,4</Math> .
</sentence>         
  
<sentence sentence-num-in-section="8" xml:id="C14.S4.F8.s1">
Figure 14.4.8: <Math mode="inline" xml:id="C14.S4.F8.m3">\mathsf{Q}^{\mu}_{0}\left(x\right)</Math> , <Math mode="inline" xml:id="C14.S4.F8.m4">\mu=0,\tfrac{1}{2},1,2,4</Math> .
</sentence>   
        
  
<sentence sentence-num-in-section="9" xml:id="C14.S4.F9.s1">
Figure 14.4.9: <Math mode="inline" xml:id="C14.S4.F9.m3">\mathsf{P}^{-\mu}_{1/2}\left(x\right)</Math> , <Math mode="inline" xml:id="C14.S4.F9.m4">\mu=0,\tfrac{1}{2},1,2,4</Math> .
</sentence>         
  
<sentence sentence-num-in-section="10" xml:id="C14.S4.F10.s1">
Figure 14.4.10: <Math mode="inline" xml:id="C14.S4.F10.m3">\mathsf{Q}^{\mu}_{1/2}\left(x\right)</Math> , <Math mode="inline" xml:id="C14.S4.F10.m4">\mu=0,\tfrac{1}{2},1,2,4</Math> .
</sentence>   
<para xml:id="C14.S4.SS1.p2">

</para>
        
 
  
<sentence sentence-num-in-section="11" xml:id="C14.S4.F11.s1">
Figure 14.4.11: <Math mode="inline" xml:id="C14.S4.F11.m3">\mathsf{P}^{-\mu}_{1}\left(x\right)</Math> , <Math mode="inline" xml:id="C14.S4.F11.m4">\mu=0,\tfrac{1}{2},1,2,4</Math> .
</sentence>         
  
<sentence sentence-num-in-section="12" xml:id="C14.S4.F12.s1">
Figure 14.4.12: <Math mode="inline" xml:id="C14.S4.F12.m3">\mathsf{Q}^{\mu}_{1}\left(x\right)</Math> , <Math mode="inline" xml:id="C14.S4.F12.m4">\mu=0,\tfrac{1}{2},1,2,4</Math> .
</sentence>   
</subsection>
 
<subsection xml:id="C14.S4.SS2">
<title>Ferrers Functions: 3D Surfaces</title>                 
  
<sentence sentence-num-in-section="13" xml:id="C14.S4.F13.s1">
Figure 14.4.13: <Math mode="inline" xml:id="C14.S4.F13.m3">\mathsf{P}^{0}_{\nu}\left(x\right)</Math> , <Math mode="inline" xml:id="C14.S4.F13.m4">0\leq\nu\leq 10,-1&amp;lt;x&amp;lt;1</Math> . 
</sentence>        
 
  
<sentence sentence-num-in-section="14" xml:id="C14.S4.F14.s1">
Figure 14.4.14: <Math mode="inline" xml:id="C14.S4.F14.m3">\mathsf{Q}^{0}_{\nu}\left(x\right)</Math> , <Math mode="inline" xml:id="C14.S4.F14.m4">0\leq\nu\leq 10,-1&amp;lt;x&amp;lt;1</Math> . 
</sentence>          
 
  
<sentence sentence-num-in-section="15" xml:id="C14.S4.F15.s1">
Figure 14.4.15: <Math mode="inline" xml:id="C14.S4.F15.m3">\mathsf{P}^{-\mu}_{0}\left(x\right)</Math> , <Math mode="inline" xml:id="C14.S4.F15.m4">0\leq\mu\leq 10,-1&amp;lt;x&amp;lt;1</Math> . 
</sentence>         
   
<sentence sentence-num-in-section="16" xml:id="C14.S4.F16.s1">
Figure 14.4.16: <Math mode="inline" xml:id="C14.S4.F16.m3">\mathsf{Q}^{\mu}_{0}\left(x\right)</Math> , <Math mode="inline" xml:id="C14.S4.F16.m4">0\leq\mu\leq 6.2,-1&amp;lt;x&amp;lt;</Math>1 . 
</sentence>   
</subsection>
 
<subsection xml:id="C14.S4.SS3">
<title>Associated Legendre Functions: 2D Graphs</title>                  
  
<sentence sentence-num-in-section="17" xml:id="C14.S4.F17.s1">
Figure 14.4.17: <Math mode="inline" xml:id="C14.S4.F17.m3">P^{0}_{\nu}\left(x\right)</Math> , <Math mode="inline" xml:id="C14.S4.F17.m4">\nu=0,\tfrac{1}{2},1,2,4</Math> .
</sentence>         
  
<sentence sentence-num-in-section="18" xml:id="C14.S4.F18.s1">
Figure 14.4.18: <Math mode="inline" xml:id="C14.S4.F18.m3">\boldsymbol{Q}^{0}_{\nu}\left(x\right)</Math> , <Math mode="inline" xml:id="C14.S4.F18.m4">\nu=0,\tfrac{1}{2},1,2,4</Math> .
</sentence>           
  
<sentence sentence-num-in-section="19" xml:id="C14.S4.F19.s1">
Figure 14.4.19: <Math mode="inline" xml:id="C14.S4.F19.m3">P^{-1/2}_{\nu}\left(x\right)</Math> , <Math mode="inline" xml:id="C14.S4.F19.m4">\nu=0,\tfrac{1}{2},1,2,4</Math> .
</sentence>         
  
<sentence sentence-num-in-section="20" xml:id="C14.S4.F20.s1">
Figure 14.4.20: <Math mode="inline" xml:id="C14.S4.F20.m3">\boldsymbol{Q}^{1/2}_{\nu}\left(x\right)</Math> , <Math mode="inline" xml:id="C14.S4.F20.m4">\nu=0,\tfrac{1}{2},1,2,4</Math> .
</sentence>   
<para xml:id="C14.S4.SS3.p1">

</para>
         
  
<sentence sentence-num-in-section="21" xml:id="C14.S4.F21.s1">
Figure 14.4.21: <Math mode="inline" xml:id="C14.S4.F21.m3">P^{-1}_{\nu}\left(x\right)</Math> , <Math mode="inline" xml:id="C14.S4.F21.m4">\nu=0,\tfrac{1}{2},1,2,4</Math> .
</sentence>         
  
<sentence sentence-num-in-section="22" xml:id="C14.S4.F22.s1">
Figure 14.4.22: <Math mode="inline" xml:id="C14.S4.F22.m3">\boldsymbol{Q}^{1}_{\nu}\left(x\right)</Math> , <Math mode="inline" xml:id="C14.S4.F22.m4">\nu=0,\tfrac{1}{2},1,2,4</Math> .
</sentence>           
  
<sentence sentence-num-in-section="23" xml:id="C14.S4.F23.s1">
Figure 14.4.23: <Math mode="inline" xml:id="C14.S4.F23.m3">P^{-\mu}_{0}\left(x\right)</Math> , <Math mode="inline" xml:id="C14.S4.F23.m4">\mu=0,\tfrac{1}{2},1,2,4</Math> .
</sentence>         
  
<sentence sentence-num-in-section="24" xml:id="C14.S4.F24.s1">
Figure 14.4.24: <Math mode="inline" xml:id="C14.S4.F24.m3">\boldsymbol{Q}^{\mu}_{0}\left(x\right)</Math> , <Math mode="inline" xml:id="C14.S4.F24.m4">\mu=0,2,4,8</Math> .
</sentence>          
 
  
<sentence sentence-num-in-section="25" xml:id="C14.S4.F25.s1">
Figure 14.4.25: <Math mode="inline" xml:id="C14.S4.F25.m3">P^{-\mu}_{1/2}\left(x\right)</Math> , <Math mode="inline" xml:id="C14.S4.F25.m4">\mu=0,\tfrac{1}{2},1,2,4</Math> .
</sentence>         
  
<sentence sentence-num-in-section="26" xml:id="C14.S4.F26.s1">
Figure 14.4.26: <Math mode="inline" xml:id="C14.S4.F26.m3">\boldsymbol{Q}^{\mu}_{1/2}\left(x\right)</Math> , <Math mode="inline" xml:id="C14.S4.F26.m4">\mu=0,2,4,8</Math> .
</sentence>   
<para xml:id="C14.S4.SS3.p2">

</para>
         
  
<sentence sentence-num-in-section="27" xml:id="C14.S4.F27.s1">
Figure 14.4.27: <Math mode="inline" xml:id="C14.S4.F27.m3">P^{-\mu}_{1}\left(x\right)</Math> , <Math mode="inline" xml:id="C14.S4.F27.m4">\mu=0,\tfrac{1}{2},1,2,4</Math> .
</sentence>         
  
<sentence sentence-num-in-section="28" xml:id="C14.S4.F28.s1">
Figure 14.4.28: <Math mode="inline" xml:id="C14.S4.F28.m3">\boldsymbol{Q}^{\mu}_{1}\left(x\right)</Math> , <Math mode="inline" xml:id="C14.S4.F28.m4">\mu=0,2,4,8</Math> .
</sentence>   
</subsection>
 
<subsection xml:id="C14.S4.SS4">
<title>Associated Legendre Functions: 3D Surfaces</title>                
 
  
<sentence sentence-num-in-section="29" xml:id="C14.S4.F29.s1">
Figure 14.4.29: <Math mode="inline" xml:id="C14.S4.F29.m4">P^{0}_{\nu}\left(x\right)</Math> , <Math mode="inline" xml:id="C14.S4.F29.m5">0\leq\nu\leq 10</Math> , <Math mode="inline" xml:id="C14.S4.F29.m6">1&amp;lt;x&amp;lt;10</Math> . 
</sentence>        
 
  
<sentence sentence-num-in-section="30" xml:id="C14.S4.F30.s1">
Figure 14.4.30: <Math mode="inline" xml:id="C14.S4.F30.m4">\boldsymbol{Q}^{0}_{\nu}\left(x\right)</Math> , <Math mode="inline" xml:id="C14.S4.F30.m5">0\leq\nu\leq 10</Math> , <Math mode="inline" xml:id="C14.S4.F30.m6">1&amp;lt;x&amp;lt;10</Math> . 
</sentence>          
 
  
<sentence sentence-num-in-section="31" xml:id="C14.S4.F31.s1">
Figure 14.4.31: <Math mode="inline" xml:id="C14.S4.F31.m4">P^{-\mu}_{0}\left(x\right)</Math> , <Math mode="inline" xml:id="C14.S4.F31.m5">0\leq\mu\leq 10</Math> , <Math mode="inline" xml:id="C14.S4.F31.m6">1&amp;lt;x&amp;lt;10</Math> . 
</sentence>        
 
  
<sentence sentence-num-in-section="32" xml:id="C14.S4.F32.s1">
Figure 14.4.32: <Math mode="inline" xml:id="C14.S4.F32.m4">\boldsymbol{Q}^{\mu}_{0}\left(x\right)</Math> , <Math mode="inline" xml:id="C14.S4.F32.m5">0\leq\mu\leq 10</Math> , <Math mode="inline" xml:id="C14.S4.F32.m6">1&amp;lt;x&amp;lt;10</Math> . 
</sentence>     
</subsection>
 
</section>
