<?xml version="1.0" encoding="UTF-8"?>
<section xml:id="C14.S5">
<title>Special Values</title>          
<subsection xml:id="C14.S5.SS1">
<title><Math mode="inline" xml:id="C14.S5.SS1.m1">x=0</Math></title>         
<para xml:id="C14.S5.SS1.p1">

<sentence sentence-num-in-para="1" sentence-num-in-section="1" xml:id="C14.S5.SS1.p1.s1">
 <Math equation-number="14.5.1" mode="display" xml:id="C14.S5.E1">\mathsf{P}^{\mu}_{\nu}\left(0\right)=\frac{2^{\mu}\pi^{1/2}}{\Gamma\left(\frac {1}{2}\nu-\frac{1}{2}\mu+1\right)\Gamma\left(\frac{1}{2}-\frac{1}{2}\nu-\frac{ 1}{2}\mu\right)},</Math> <Math equation-number="14.5.2" mode="display" xml:id="C14.S5.E2">\left.\frac{\mathrm{d}\mathsf{P}^{\mu}_{\nu}\left(x\right)}{\mathrm{d}x}\right |_{x=0}=-\frac{2^{\mu+1}\pi^{1/2}}{\Gamma\left(\frac{1}{2}\nu-\frac{1}{2}\mu+ \frac{1}{2}\right)\Gamma\left(-\frac{1}{2}\nu-\frac{1}{2}\mu\right)},</Math> <Math equation-number="14.5.3" mode="display" xml:id="C14.S5.E3">\mathsf{Q}^{\mu}_{\nu}\left(0\right)=-\frac{2^{\mu-1}\pi^{1/2}\sin\left(\frac{ 1}{2}(\nu+\mu)\pi\right)\Gamma\left(\frac{1}{2}\nu+\frac{1}{2}\mu+\frac{1}{2} \right)}{\Gamma\left(\frac{1}{2}\nu-\frac{1}{2}\mu+1\right)}, if \nu+\mu\neq-1,-3,-5,\dots,</Math> <Math equation-number="14.5.4" mode="display" xml:id="C14.S5.E4">\left.\frac{\mathrm{d}\mathsf{Q}^{\mu}_{\nu}\left(x\right)}{\mathrm{d}x}\right |_{x=0}=\frac{2^{\mu}\pi^{1/2}\cos\left(\frac{1}{2}(\nu+\mu)\pi\right)\Gamma \left(\frac{1}{2}\nu+\frac{1}{2}\mu+1\right)}{\Gamma\left(\frac{1}{2}\nu-\frac {1}{2}\mu+\frac{1}{2}\right)}, if \nu+\mu\neq-2,-4,-6,\dots.</Math>
</sentence>

</para>
 
</subsection>
 
<subsection xml:id="C14.S5.SS2">
<title><Math mode="inline" xml:id="C14.S5.SS2.m1">\mu=0</Math>, <Math mode="inline" xml:id="C14.S5.SS2.m2">\nu=0,1</Math></title>         
<para xml:id="C14.S5.SS2.p1">

<sentence sentence-num-in-para="1" sentence-num-in-section="2" xml:id="C14.S5.SS2.p1.s1">
 <Math equation-number="14.5.5" mode="display" xml:id="C14.S5.E5">\mathsf{P}_{0}\left(x\right)=P_{0}\left(x\right)=1,</Math> <Math equation-number="14.5.6" mode="display" xml:id="C14.S5.E6">\mathsf{P}_{1}\left(x\right)=P_{1}\left(x\right)=x</Math>.
</sentence>

<sentence sentence-num-in-para="2" sentence-num-in-section="3" xml:id="C14.S5.SS2.p1.s2">
<Math equation-number="14.5.7" mode="display" xml:id="C14.S5.E7">\mathsf{Q}_{0}\left(x\right)=\frac{1}{2}\ln\left(\frac{1+x}{1-x}\right),</Math> , <Math equation-number="14.5.8" mode="display" xml:id="C14.S5.E8">\mathsf{Q}_{1}\left(x\right)=\frac{x}{2}\ln\left(\frac{1+x}{1-x}\right)-1</Math>.
</sentence>

<sentence sentence-num-in-para="3" sentence-num-in-section="4" xml:id="C14.S5.SS2.p1.s3">
<Math equation-number="14.5.9" mode="display" xml:id="C14.S5.E9">\boldsymbol{Q}_{0}\left(x\right)=\frac{1}{2}\ln\left(\frac{x+1}{x-1}\right),</Math> , <Math equation-number="14.5.10" mode="display" xml:id="C14.S5.E10">\boldsymbol{Q}_{1}\left(x\right)=\frac{x}{2}\ln\left(\frac{x+1}{x-1}\right)-1</Math>.
</sentence>

</para>
 
<para xml:id="C14.S5.SS2.p2">

<sentence sentence-num-in-para="1" sentence-num-in-section="5" xml:id="C14.S5.SS2.p2.s1">
For the corresponding formulas when <Math mode="inline" xml:id="C14.S5.SS2.p2.m1">\nu=2</Math> see §14.5(vi).
</sentence>

</para>
 
</subsection>
 
<subsection xml:id="C14.S5.SS3">
<title><Math mode="inline" xml:id="C14.S5.SS3.m1">\mu=\pm\frac{1}{2}</Math></title>         
<para xml:id="C14.S5.SS3.p1">

<sentence sentence-num-in-para="1" sentence-num-in-section="6" xml:id="C14.S5.SS3.p1.s1">
In this subsection and the next two, <Math mode="inline" xml:id="C14.S5.SS3.p1.m1">0&lt;\theta&lt;\pi</Math> and <Math mode="inline" xml:id="C14.S5.SS3.p1.m2">\xi&gt;0</Math>.
</sentence>

<sentence sentence-num-in-para="2" sentence-num-in-section="7" xml:id="C14.S5.SS3.p1.s2">
<Math equation-number="14.5.11" mode="display" xml:id="C14.S5.E11">\mathsf{P}^{1/2}_{\nu}\left(\cos\theta\right)=\left(\frac{2}{\pi\sin\theta} \right)^{1/2}\cos\left(\left(\nu+\tfrac{1}{2}\right)\theta\right),</Math> , <Math equation-number="14.5.12" mode="display" xml:id="C14.S5.E12">\mathsf{P}^{-1/2}_{\nu}\left(\cos\theta\right)=\left(\frac{2}{\pi\sin\theta} \right)^{1/2}\frac{\sin\left(\left(\nu+\frac{1}{2}\right)\theta\right)}{\nu+ \frac{1}{2}},</Math> , <Math equation-number="14.5.13" mode="display" xml:id="C14.S5.E13">\mathsf{Q}^{1/2}_{\nu}\left(\cos\theta\right)=-\left(\frac{\pi}{2\sin\theta} \right)^{1/2}\sin\left(\left(\nu+\tfrac{1}{2}\right)\theta\right),</Math> <Math equation-number="14.5.14" mode="display" xml:id="C14.S5.E14">\mathsf{Q}^{-1/2}_{\nu}\left(\cos\theta\right)=\left(\frac{\pi}{2\sin\theta} \right)^{1/2}\frac{\cos\left(\left(\nu+\frac{1}{2}\right)\theta\right)}{\nu+ \frac{1}{2}}</Math>.
</sentence>

<sentence sentence-num-in-para="3" sentence-num-in-section="8" xml:id="C14.S5.SS3.p1.s3">
<Math equation-number="14.5.15" mode="display" xml:id="C14.S5.E15">P^{1/2}_{\nu}\left(\cosh\xi\right)=\left(\frac{2}{\pi\sinh\xi}\right)^{1/2} \cosh\left(\left(\nu+\tfrac{1}{2}\right)\xi\right),</Math> , <Math equation-number="14.5.16" mode="display" xml:id="C14.S5.E16">P^{-1/2}_{\nu}\left(\cosh\xi\right)=\left(\frac{2}{\pi\sinh\xi}\right)^{1/2} \frac{\sinh\left(\left(\nu+\frac{1}{2}\right)\xi\right)}{\nu+\frac{1}{2}},</Math> , <Math equation-number="14.5.17" mode="display" xml:id="C14.S5.E17">\boldsymbol{Q}^{\pm 1/2}_{\nu}\left(\cosh\xi\right)=\left(\frac{\pi}{2\sinh\xi }\right)^{1/2}\frac{\exp\left(-\left(\nu+\frac{1}{2}\right)\xi\right)}{\Gamma \left(\nu+\frac{3}{2}\right)}</Math>.
</sentence>

</para>
 
</subsection>
 
<subsection xml:id="C14.S5.SS4">
<title><Math mode="inline" xml:id="C14.S5.SS4.m1">\mu=-\nu</Math></title>         
<para xml:id="C14.S5.SS4.p1">

<sentence sentence-num-in-para="1" sentence-num-in-section="9" xml:id="C14.S5.SS4.p1.s1">
 <Math equation-number="14.5.18" mode="display" xml:id="C14.S5.E18">\mathsf{P}^{-\nu}_{\nu}\left(\cos\theta\right)=\frac{(\sin\theta)^{\nu}}{2^{ \nu}\Gamma\left(\nu+1\right)},</Math> , <Math equation-number="14.5.19" mode="display" xml:id="C14.S5.E19">P^{-\nu}_{\nu}\left(\cosh\xi\right)=\frac{(\sinh\xi)^{\nu}}{2^{\nu}\Gamma\left (\nu+1\right)}</Math>.
</sentence>

</para>
 
</subsection>
 
<subsection xml:id="C14.S5.SS5">
<title><Math mode="inline" xml:id="C14.S5.SS5.m1">\mu=0</Math>, <Math mode="inline" xml:id="C14.S5.SS5.m2">\nu=\pm\frac{1}{2}</Math></title>           
<para xml:id="C14.S5.SS5.p1">

<sentence sentence-num-in-para="1" sentence-num-in-section="10" xml:id="C14.S5.SS5.p1.s1">
In this subsection <Math mode="inline" xml:id="C14.S5.SS5.p1.m1">K\left(k\right)</Math> and <Math mode="inline" xml:id="C14.S5.SS5.p1.m2">E\left(k\right)</Math> denote the complete elliptic integrals of the first and second kinds; see §19.2(ii).
</sentence>

<sentence sentence-num-in-para="2" sentence-num-in-section="11" xml:id="C14.S5.SS5.p1.s2">
<Math equation-number="14.5.20" mode="display" xml:id="C14.S5.E20">\mathsf{P}_{\frac{1}{2}}\left(\cos\theta\right)=\frac{2}{\pi}\left(2\!E\left( \sin\left(\tfrac{1}{2}\theta\right)\right)-K\left(\sin\left(\tfrac{1}{2}\theta \right)\right)\right),</Math> <Math equation-number="14.5.21" mode="display" xml:id="C14.S5.E21">\mathsf{P}_{-\frac{1}{2}}\left(\cos\theta\right)=\frac{2}{\pi}K\left(\sin\left (\tfrac{1}{2}\theta\right)\right),</Math> , <Math equation-number="14.5.22" mode="display" xml:id="C14.S5.E22">\mathsf{Q}_{\frac{1}{2}}\left(\cos\theta\right)=K\left(\cos\left(\tfrac{1}{2} \theta\right)\right)-2\!E\left(\cos\left(\tfrac{1}{2}\theta\right)\right),</Math> , <Math equation-number="14.5.23" mode="display" xml:id="C14.S5.E23">\mathsf{Q}_{-\frac{1}{2}}\left(\cos\theta\right)=K\left(\cos\left(\tfrac{1}{2} \theta\right)\right)</Math>.
</sentence>

<sentence sentence-num-in-para="3" sentence-num-in-section="12" xml:id="C14.S5.SS5.p1.s3">
<Math equation-number="14.5.24" mode="display" xml:id="C14.S5.E24">P_{\frac{1}{2}}\left(\cosh\xi\right)=\frac{2}{\pi}e^{\xi/2}E\left(\left(1-e^{- 2\xi}\right)^{1/2}\right),</Math> , <Math equation-number="14.5.25" mode="display" xml:id="C14.S5.E25">P_{-\frac{1}{2}}\left(\cosh\xi\right)=\frac{2}{\pi\cosh\left(\frac{1}{2}\xi \right)}K\left(\tanh\left(\tfrac{1}{2}\xi\right)\right),</Math> <Math equation-number="14.5.26" mode="display" xml:id="C14.S5.E26">\boldsymbol{Q}_{\frac{1}{2}}\left(\cosh\xi\right)=2\pi^{-1/2}\cosh\xi \operatorname{sech}\left(\tfrac{1}{2}\xi\right)K\left(\operatorname{sech}\left (\tfrac{1}{2}\xi\right)\right)-4\pi^{-1/2}\cosh\left(\tfrac{1}{2}\xi\right)E \left(\operatorname{sech}\left(\tfrac{1}{2}\xi\right)\right),</Math> <Math equation-number="14.5.27" mode="display" xml:id="C14.S5.E27">\boldsymbol{Q}_{-\frac{1}{2}}\left(\cosh\xi\right)=2\pi^{-1/2}e^{-\xi/2}K\left (e^{-\xi}\right)</Math>.
</sentence>

</para>
 
</subsection>
 
<subsection xml:id="C14.S5.SS6">
<title>Addendum to §14.5(ii): <Math mode="inline" xml:id="C14.S5.SS6.m1">\mu=0</Math>, <Math mode="inline" xml:id="C14.S5.SS6.m2">\nu=2</Math></title>         
<para xml:id="C14.S5.SS6.p1">

<sentence sentence-num-in-para="1" sentence-num-in-section="13" xml:id="C14.S5.SS6.p1.s1">
 <Math equation-number="14.5.28" mode="display" xml:id="C14.S5.E28">\mathsf{P}_{2}\left(x\right)=P_{2}\left(x\right)=\frac{3x^{2}-1}{2},</Math> , <Math equation-number="14.5.29" mode="display" xml:id="C14.S5.E29">\mathsf{Q}_{2}\left(x\right)=\frac{3x^{2}-1}{4}\ln\left(\frac{1+x}{1-x}\right) -\frac{3}{2}x,</Math> , <Math equation-number="14.5.30" mode="display" xml:id="C14.S5.E30">\boldsymbol{Q}_{2}\left(x\right)=\frac{3x^{2}-1}{8}\ln\left(\frac{x+1}{x-1} \right)-\frac{3}{4}x</Math>.
</sentence>

</para>
 
</subsection>
 
</section>
