<?xml version="1.0" encoding="UTF-8"?>
<section xml:id="C14.S9">
<title>Connection Formulas</title>         
<subsection xml:id="C14.S9.SS1">
<title>Connections Between <Math mode="inline" xml:id="C14.S9.SS1.m1">\mathsf{P}^{\pm\mu}_{\nu}\left(x\right)</Math>,<Math mode="inline" xml:id="C14.S9.SS1.m2">\mathsf{P}^{\pm\mu}_{-\nu-1}\left(x\right)</Math>, <Math mode="inline" xml:id="C14.S9.SS1.m3">\mathsf{Q}^{\pm\mu}_{\nu}\left(x\right)</Math>,<Math mode="inline" xml:id="C14.S9.SS1.m4">\mathsf{Q}^{\mu}_{-\nu-1}\left(x\right)</Math></title>         
 
<para xml:id="C14.S9.SS1.p1">

<sentence sentence-num-in-para="1" sentence-num-in-section="1" xml:id="C14.S9.SS1.p1.s1">
 <Math equation-number="14.9.1" mode="display" xml:id="C14.S9.E1">\frac{\pi\sin\left(\mu\pi\right)}{2\Gamma\left(\nu-\mu+1\right)}\mathsf{P}^{- \mu}_{\nu}\left(x\right)=-\frac{1}{\Gamma\left(\nu+\mu+1\right)}\mathsf{Q}^{ \mu}_{\nu}\left(x\right)+\frac{\cos\left(\mu\pi\right)}{\Gamma\left(\nu-\mu+1 \right)}\mathsf{Q}^{-\mu}_{\nu}\left(x\right)</Math>.
</sentence>

<sentence sentence-num-in-para="2" sentence-num-in-section="2" xml:id="C14.S9.SS1.p1.s2">
<Math equation-number="14.9.2" mode="display" xml:id="C14.S9.E2">\frac{2\sin\left(\mu\pi\right)}{\pi\Gamma\left(\nu-\mu+1\right)}\mathsf{Q}^{- \mu}_{\nu}\left(x\right)=\frac{1}{\Gamma\left(\nu+\mu+1\right)}\mathsf{P}^{\mu }_{\nu}\left(x\right)-\frac{\cos\left(\mu\pi\right)}{\Gamma\left(\nu-\mu+1 \right)}\mathsf{P}^{-\mu}_{\nu}\left(x\right),</Math> <Math equation-number="14.9.3" mode="display" xml:id="C14.S9.E3">\mathsf{P}^{-m}_{\nu}\left(x\right)=(-1)^{m}\frac{\Gamma\left(\nu-m+1\right)}{ \Gamma\left(\nu+m+1\right)}\mathsf{P}^{m}_{\nu}\left(x\right),</Math> <Math equation-number="14.9.4" mode="display" xml:id="C14.S9.E4">\mathsf{Q}^{-m}_{\nu}\left(x\right)=(-1)^{m}\frac{\Gamma\left(\nu-m+1\right)}{ \Gamma\left(\nu+m+1\right)}\mathsf{Q}^{m}_{\nu}\left(x\right), if \nu\neq m-1,m-2,\dots</Math>.
</sentence>

<sentence sentence-num-in-para="3" sentence-num-in-section="3" xml:id="C14.S9.SS1.p1.s3">
<Math equation-number="14.9.5" mode="display" xml:id="C14.S9.E5">\mathsf{P}^{\mu}_{-\nu-1}\left(x\right)=\mathsf{P}^{\mu}_{\nu}\left(x\right),\mathsf{P}^{-\mu}_{-\nu-1}\left(x\right)=\mathsf{P}^{-\mu}_{\nu}\left(x\right),</Math> <Math equation-number="14.9.6" mode="display" xml:id="C14.S9.E6">\pi\cos\left(\nu\pi\right)\cos\left(\mu\pi\right)\mathsf{P}^{\mu}_{\nu}\left(x \right)=\sin\left((\nu+\mu)\pi\right)\mathsf{Q}^{\mu}_{\nu}\left(x\right)-\sin \left((\nu-\mu)\pi\right)\mathsf{Q}^{\mu}_{-\nu-1}\left(x\right)</Math>.
</sentence>

</para>
 
</subsection>
 
<subsection xml:id="C14.S9.SS2">
<title>Connections Between<Math mode="inline" xml:id="C14.S9.SS2.m1">\mathsf{P}^{\pm\mu}_{\nu}\left(\pm x\right)</Math>, <Math mode="inline" xml:id="C14.S9.SS2.m2">\mathsf{Q}^{-\mu}_{\nu}\left(\pm x\right)</Math>,<Math mode="inline" xml:id="C14.S9.SS2.m3">\mathsf{Q}^{\mu}_{\nu}\left(x\right)</Math></title>         
 
<para xml:id="C14.S9.SS2.p1">

<sentence sentence-num-in-para="1" sentence-num-in-section="4" xml:id="C14.S9.SS2.p1.s1">
 <Math equation-number="14.9.7" mode="display" xml:id="C14.S9.E7">\frac{\sin\left((\nu-\mu)\pi\right)}{\Gamma\left(\nu+\mu+1\right)}\mathsf{P}^{ \mu}_{\nu}\left(x\right)=\frac{\sin\left(\nu\pi\right)}{\Gamma\left(\nu-\mu+1 \right)}\mathsf{P}^{-\mu}_{\nu}\left(x\right)-\frac{\sin\left(\mu\pi\right)}{ \Gamma\left(\nu-\mu+1\right)}\mathsf{P}^{-\mu}_{\nu}\left(-x\right),</Math> <Math equation-number="14.9.8" mode="display" xml:id="C14.S9.E8">\tfrac{1}{2}\pi\sin\left((\nu-\mu)\pi\right)\mathsf{P}^{-\mu}_{\nu}\left(x \right)=-\cos\left((\nu-\mu)\pi\right)\mathsf{Q}^{-\mu}_{\nu}\left(x\right)- \mathsf{Q}^{-\mu}_{\nu}\left(-x\right),</Math> <Math equation-number="14.9.9" mode="display" xml:id="C14.S9.E9">\frac{2}{\Gamma\left(\nu+\mu+1\right)\Gamma\left(\mu-\nu\right)}\mathsf{Q}^{ \mu}_{\nu}\left(x\right)=-\cos\left(\nu\pi\right)\mathsf{P}^{-\mu}_{\nu}\left( x\right)+\cos\left(\mu\pi\right)\mathsf{P}^{-\mu}_{\nu}\left(-x\right),</Math> <Math equation-number="14.9.10" mode="display" xml:id="C14.S9.E10">(2/\pi)\sin\left((\nu-\mu)\pi\right)\mathsf{Q}^{-\mu}_{\nu}\left(x\right)=\cos \left((\nu-\mu)\pi\right)\mathsf{P}^{-\mu}_{\nu}\left(x\right)-\mathsf{P}^{- \mu}_{\nu}\left(-x\right)</Math>.
</sentence>

</para>
 
</subsection>
 
<subsection xml:id="C14.S9.SS3">
<title>Connections Between <Math mode="inline" xml:id="C14.S9.SS3.m1">P^{\pm\mu}_{\nu}\left(x\right)</Math>,<Math mode="inline" xml:id="C14.S9.SS3.m2">P^{\pm\mu}_{-\nu-1}\left(x\right)</Math>, <Math mode="inline" xml:id="C14.S9.SS3.m3">\boldsymbol{Q}^{\pm\mu}_{\nu}\left(x\right)</Math>,<Math mode="inline" xml:id="C14.S9.SS3.m4">\boldsymbol{Q}^{\mu}_{-\nu-1}\left(x\right)</Math></title>          
<para xml:id="C14.S9.SS3.p1">

<sentence sentence-num-in-para="1" sentence-num-in-section="5" xml:id="C14.S9.SS3.p1.s1">
 <Math equation-number="14.9.11" mode="display" xml:id="C14.S9.E11">P^{-\mu}_{-\nu-1}\left(x\right)=P^{-\mu}_{\nu}\left(x\right),P^{\mu}_{-\nu-1}\left(x\right)=P^{\mu}_{\nu}\left(x\right),</Math> <Math equation-number="14.9.12" mode="display" xml:id="C14.S9.E12">\cos\left(\nu\pi\right)P^{-\mu}_{\nu}\left(x\right)=-\frac{\boldsymbol{Q}^{\mu }_{\nu}\left(x\right)}{\Gamma\left(\mu-\nu\right)}+\frac{\boldsymbol{Q}^{\mu}_ {-\nu-1}\left(x\right)}{\Gamma\left(\nu+\mu+1\right)}</Math>.
</sentence>

<sentence sentence-num-in-para="2" sentence-num-in-section="6" xml:id="C14.S9.SS3.p1.s2">
<Math equation-number="14.9.13" mode="display" xml:id="C14.S9.E13">P^{-m}_{\nu}\left(x\right)=\frac{\Gamma\left(\nu-m+1\right)}{\Gamma\left(\nu+m +1\right)}P^{m}_{\nu}\left(x\right), if \nu\neq m-1,m-2,\dots</Math>.
</sentence>

<sentence sentence-num-in-para="3" sentence-num-in-section="7" xml:id="C14.S9.SS3.p1.s3">
<Math equation-number="14.9.14" mode="display" xml:id="C14.S9.E14">\boldsymbol{Q}^{-\mu}_{\nu}\left(x\right)=\boldsymbol{Q}^{\mu}_{\nu}\left(x \right),</Math> <Math equation-number="14.9.15" mode="display" xml:id="C14.S9.E15">\frac{2\sin\left(\mu\pi\right)}{\pi}\boldsymbol{Q}^{\mu}_{\nu}\left(x\right)= \frac{P^{\mu}_{\nu}\left(x\right)}{\Gamma\left(\nu+\mu+1\right)}-\frac{P^{-\mu }_{\nu}\left(x\right)}{\Gamma\left(\nu-\mu+1\right)}</Math>.
</sentence>

</para>
 
</subsection>
 
<subsection xml:id="C14.S9.SS4">
<title>Whipple’s Formula</title>           
<para xml:id="C14.S9.SS4.p1">

<sentence sentence-num-in-para="1" sentence-num-in-section="8" xml:id="C14.S9.SS4.p1.s1">
 <Math equation-number="14.9.16" mode="display" xml:id="C14.S9.E16">\boldsymbol{Q}^{\mu}_{\nu}\left(x\right)=\left(\tfrac{1}{2}\pi\right)^{1/2} \left(x^{2}-1\right)^{-1/4}\*P^{-\nu-(1/2)}_{-\mu-(1/2)}\left(x\left(x^{2}-1 \right)^{-1/2}\right)</Math>.
</sentence>

<sentence sentence-num-in-para="2" sentence-num-in-section="9" xml:id="C14.S9.SS4.p1.s2">
Equivalently, <Math equation-number="14.9.17" mode="display" xml:id="C14.S9.E17">P^{\mu}_{\nu}\left(x\right)=(2/\pi)^{1/2}\left(x^{2}-1\right)^{-1/4}\* \boldsymbol{Q}^{\nu+(1/2)}_{-\mu-(1/2)}\left(x\left(x^{2}-1\right)^{-1/2} \right)</Math>.
</sentence>

</para>
 
</subsection>
 
</section>
