{"expression":{"xml-id":"C15.S19.SS1.info.m1","tex":"$e^{\\pm\\mathrm{i}\\pi\/3}$","context":{"chapter-title":"Hypergeometric Function","chapter-xmlid":"C15"},"content-tex":"$e^{\\pm\\iunit\\pi\/3}$"}}{"expression":{"xml-id":"C15.S19.SS1.p1.m1","tex":"$|z|<1$","context":{"sentence-num-in-corpus":"9328","subsection-xmlid":"C15.S19.SS1","sentence-xmlid":"C15.S19.SS1.p1.s1","chapter-title":"Hypergeometric Function","chapter-xmlid":"C15","section-title":"Methods of Computation","sentence-num-in-chapter":"334","section-xmlid":"C15.S19","sentence-num-in-section":"1","para-num-of-sentences":"2","para-xmlid":"C15.S19.SS1.p1","subsection-title":"Maclaurin Expansions"}}}{"expression":{"xml-id":"C15.S19.SS1.p1.m2","tex":"$z\\in\\mathbb{R}$","context":{"sentence-num-in-corpus":"9329","subsection-xmlid":"C15.S19.SS1","sentence-xmlid":"C15.S19.SS1.p1.s2","chapter-title":"Hypergeometric Function","chapter-xmlid":"C15","section-title":"Methods of Computation","sentence-num-in-chapter":"335","section-xmlid":"C15.S19","sentence-num-in-section":"2","para-num-of-sentences":"2","para-xmlid":"C15.S19.SS1.p1","subsection-title":"Maclaurin Expansions"},"content-tex":"$z\\in\\Reals$"}}{"expression":{"xml-id":"C15.S19.SS1.p1.m3","tex":"$[0,\\frac{1}{2}]$","context":{"sentence-num-in-corpus":"9329","subsection-xmlid":"C15.S19.SS1","sentence-xmlid":"C15.S19.SS1.p1.s2","chapter-title":"Hypergeometric Function","chapter-xmlid":"C15","section-title":"Methods of Computation","sentence-num-in-chapter":"335","section-xmlid":"C15.S19","sentence-num-in-section":"2","para-num-of-sentences":"2","para-xmlid":"C15.S19.SS1.p1","subsection-title":"Maclaurin Expansions"}}}{"expression":{"xml-id":"C15.S19.SS1.p2.m1","tex":"$z\\in\\mathbb{C}$","context":{"sentence-num-in-corpus":"9330","subsection-xmlid":"C15.S19.SS1","sentence-xmlid":"C15.S19.SS1.p2.s1","chapter-title":"Hypergeometric Function","chapter-xmlid":"C15","section-title":"Methods of Computation","sentence-num-in-chapter":"336","section-xmlid":"C15.S19","sentence-num-in-section":"3","para-num-of-sentences":"4","para-xmlid":"C15.S19.SS1.p2","subsection-title":"Maclaurin Expansions"},"content-tex":"$z\\in\\Complexes$"}}{"expression":{"xml-id":"C15.S19.SS1.p2.m2","tex":"$z=e^{\\pm\\pi\\mathrm{i}\/3}$","context":{"sentence-num-in-corpus":"9330","subsection-xmlid":"C15.S19.SS1","sentence-xmlid":"C15.S19.SS1.p2.s1","chapter-title":"Hypergeometric Function","chapter-xmlid":"C15","section-title":"Methods of Computation","sentence-num-in-chapter":"336","section-xmlid":"C15.S19","sentence-num-in-section":"3","para-num-of-sentences":"4","para-xmlid":"C15.S19.SS1.p2","subsection-title":"Maclaurin Expansions"},"content-tex":"$z=e^{\\pm\\pi\\iunit\/3}$"}}{"expression":{"xml-id":"C15.S19.SS1.p2.m3","tex":"$e^{\\pm\\mathrm{i}\\pi\/3}$","context":{"chapter-title":"Hypergeometric Function","chapter-xmlid":"C15"},"content-tex":"$e^{\\pm\\iunit\\pi\/3}$"}}{"expression":{"xml-id":"C15.S19.SS1.p2.m4","tex":"$\\{e^{\\pi\\mathrm{i}\/3},e^{-\\pi\\mathrm{i}\/3}\\}$","context":{"sentence-num-in-corpus":"9331","subsection-xmlid":"C15.S19.SS1","sentence-xmlid":"C15.S19.SS1.p2.s2","chapter-title":"Hypergeometric Function","chapter-xmlid":"C15","section-title":"Methods of Computation","sentence-num-in-chapter":"337","section-xmlid":"C15.S19","sentence-num-in-section":"4","para-num-of-sentences":"4","para-xmlid":"C15.S19.SS1.p2","subsection-title":"Maclaurin Expansions"},"content-tex":"$\\{e^{\\pi\\iunit\/3},e^{-\\pi\\iunit\/3}\\}$"}}{"expression":{"xml-id":"C15.S19.SS1.p2.m5","tex":"$z_{0}$","context":{"sentence-num-in-corpus":"9332","subsection-xmlid":"C15.S19.SS1","sentence-xmlid":"C15.S19.SS1.p2.s3","chapter-title":"Hypergeometric Function","chapter-xmlid":"C15","section-title":"Methods of Computation","sentence-num-in-chapter":"338","section-xmlid":"C15.S19","sentence-num-in-section":"5","para-num-of-sentences":"4","para-xmlid":"C15.S19.SS1.p2","subsection-title":"Maclaurin Expansions"}}}{"expression":{"xml-id":"C15.S19.SS1.p2.m6","tex":"$z=e^{\\pm\\pi\\mathrm{i}\/3}$","context":{"sentence-num-in-corpus":"9332","subsection-xmlid":"C15.S19.SS1","sentence-xmlid":"C15.S19.SS1.p2.s3","chapter-title":"Hypergeometric Function","chapter-xmlid":"C15","section-title":"Methods of Computation","sentence-num-in-chapter":"338","section-xmlid":"C15.S19","sentence-num-in-section":"5","para-num-of-sentences":"4","para-xmlid":"C15.S19.SS1.p2","subsection-title":"Maclaurin Expansions"},"content-tex":"$z=e^{\\pm\\pi\\iunit\/3}$"}}{"expression":{"xml-id":"C15.S19.SS1.p2.m7","tex":"$z_{0}$","context":{"sentence-num-in-corpus":"9333","subsection-xmlid":"C15.S19.SS1","sentence-xmlid":"C15.S19.SS1.p2.s4","chapter-title":"Hypergeometric Function","chapter-xmlid":"C15","section-title":"Methods of Computation","sentence-num-in-chapter":"339","section-xmlid":"C15.S19","sentence-num-in-section":"6","para-num-of-sentences":"4","para-xmlid":"C15.S19.SS1.p2","subsection-title":"Maclaurin Expansions"}}}{"expression":{"xml-id":"C15.S19.SS1.p3.m1","tex":"$|a|$","context":{"sentence-num-in-corpus":"9334","subsection-xmlid":"C15.S19.SS1","sentence-xmlid":"C15.S19.SS1.p3.s1","chapter-title":"Hypergeometric Function","chapter-xmlid":"C15","section-title":"Methods of Computation","sentence-num-in-chapter":"340","section-xmlid":"C15.S19","sentence-num-in-section":"7","para-num-of-sentences":"1","para-xmlid":"C15.S19.SS1.p3","subsection-title":"Maclaurin Expansions"}}}{"expression":{"xml-id":"C15.S19.SS1.p3.m2","tex":"$|b|$","context":{"sentence-num-in-corpus":"9334","subsection-xmlid":"C15.S19.SS1","sentence-xmlid":"C15.S19.SS1.p3.s1","chapter-title":"Hypergeometric Function","chapter-xmlid":"C15","section-title":"Methods of Computation","sentence-num-in-chapter":"340","section-xmlid":"C15.S19","sentence-num-in-section":"7","para-num-of-sentences":"1","para-xmlid":"C15.S19.SS1.p3","subsection-title":"Maclaurin Expansions"}}}{"expression":{"xml-id":"C15.S19.SS1.p4.m1","tex":"$F\\left(a,b;c;z\\right)$","context":{"sentence-num-in-corpus":"9335","subsection-xmlid":"C15.S19.SS1","sentence-xmlid":"C15.S19.SS1.p4.s1","chapter-title":"Hypergeometric Function","chapter-xmlid":"C15","section-title":"Methods of Computation","sentence-num-in-chapter":"341","section-xmlid":"C15.S19","sentence-num-in-section":"8","para-num-of-sentences":"1","para-xmlid":"C15.S19.SS1.p4","subsection-title":"Maclaurin Expansions"},"content-tex":"$\\hyperF@{a}{b}{c}{z}$"}}{"expression":{"xml-id":"C15.S19.SS1.p4.m2","tex":"$a,b$","context":{"sentence-num-in-corpus":"9335","subsection-xmlid":"C15.S19.SS1","sentence-xmlid":"C15.S19.SS1.p4.s1","chapter-title":"Hypergeometric Function","chapter-xmlid":"C15","section-title":"Methods of Computation","sentence-num-in-chapter":"341","section-xmlid":"C15.S19","sentence-num-in-section":"8","para-num-of-sentences":"1","para-xmlid":"C15.S19.SS1.p4","subsection-title":"Maclaurin Expansions"}}}{"expression":{"xml-id":"C15.S19.SS1.p4.m3","tex":"$c$","context":{"sentence-num-in-corpus":"9335","subsection-xmlid":"C15.S19.SS1","sentence-xmlid":"C15.S19.SS1.p4.s1","chapter-title":"Hypergeometric Function","chapter-xmlid":"C15","section-title":"Methods of Computation","sentence-num-in-chapter":"341","section-xmlid":"C15.S19","sentence-num-in-section":"8","para-num-of-sentences":"1","para-xmlid":"C15.S19.SS1.p4","subsection-title":"Maclaurin Expansions"}}}{"expression":{"xml-id":"C15.S19.SS3.p1.m1","tex":"$|\\operatorname{ph}\\left(1-z\\right)|<\\pi$","context":{"sentence-num-in-corpus":"9340","subsection-xmlid":"C15.S19.SS3","sentence-xmlid":"C15.S19.SS3.p1.s1","chapter-title":"Hypergeometric Function","chapter-xmlid":"C15","section-title":"Methods of Computation","sentence-num-in-chapter":"346","section-xmlid":"C15.S19","sentence-num-in-section":"13","para-num-of-sentences":"2","para-xmlid":"C15.S19.SS3.p1","subsection-title":"Integral Representations"},"content-tex":"$|\\phase@{1-z}|<\\pi$"}}{"expression":{"xml-id":"C15.S19.SS4.p1.m1","tex":"$F\\left(a,b;c;z\\right)$","context":{"sentence-num-in-corpus":"9342","subsection-xmlid":"C15.S19.SS4","sentence-xmlid":"C15.S19.SS4.p1.s1","chapter-title":"Hypergeometric Function","chapter-xmlid":"C15","section-title":"Methods of Computation","sentence-num-in-chapter":"348","section-xmlid":"C15.S19","sentence-num-in-section":"15","para-num-of-sentences":"2","para-xmlid":"C15.S19.SS4.p1","subsection-title":"Recurrence Relations"},"content-tex":"$\\hyperF@{a}{b}{c}{z}$"}}{"expression":{"xml-id":"C15.S19.SS4.p1.m2","tex":"$|a|$","context":{"sentence-num-in-corpus":"9343","subsection-xmlid":"C15.S19.SS4","sentence-xmlid":"C15.S19.SS4.p1.s2","chapter-title":"Hypergeometric Function","chapter-xmlid":"C15","section-title":"Methods of Computation","sentence-num-in-chapter":"349","section-xmlid":"C15.S19","sentence-num-in-section":"16","para-num-of-sentences":"2","para-xmlid":"C15.S19.SS4.p1","subsection-title":"Recurrence Relations"}}}{"expression":{"xml-id":"C15.S19.SS4.p1.m3","tex":"$|b|$","context":{"sentence-num-in-corpus":"9343","subsection-xmlid":"C15.S19.SS4","sentence-xmlid":"C15.S19.SS4.p1.s2","chapter-title":"Hypergeometric Function","chapter-xmlid":"C15","section-title":"Methods of Computation","sentence-num-in-chapter":"349","section-xmlid":"C15.S19","sentence-num-in-section":"16","para-num-of-sentences":"2","para-xmlid":"C15.S19.SS4.p1","subsection-title":"Recurrence Relations"}}}{"expression":{"xml-id":"C15.S19.SS4.p1.m4","tex":"$|a|$","context":{"sentence-num-in-corpus":"9343","subsection-xmlid":"C15.S19.SS4","sentence-xmlid":"C15.S19.SS4.p1.s2","chapter-title":"Hypergeometric Function","chapter-xmlid":"C15","section-title":"Methods of Computation","sentence-num-in-chapter":"349","section-xmlid":"C15.S19","sentence-num-in-section":"16","para-num-of-sentences":"2","para-xmlid":"C15.S19.SS4.p1","subsection-title":"Recurrence Relations"}}}{"expression":{"xml-id":"C15.S19.SS4.p1.m5","tex":"$|b|$","context":{"sentence-num-in-corpus":"9343","subsection-xmlid":"C15.S19.SS4","sentence-xmlid":"C15.S19.SS4.p1.s2","chapter-title":"Hypergeometric Function","chapter-xmlid":"C15","section-title":"Methods of Computation","sentence-num-in-chapter":"349","section-xmlid":"C15.S19","sentence-num-in-section":"16","para-num-of-sentences":"2","para-xmlid":"C15.S19.SS4.p1","subsection-title":"Recurrence Relations"}}}{"expression":{"xml-id":"C15.S19.SS4.p1.m6","tex":"$|c|$","context":{"sentence-num-in-corpus":"9343","subsection-xmlid":"C15.S19.SS4","sentence-xmlid":"C15.S19.SS4.p1.s2","chapter-title":"Hypergeometric Function","chapter-xmlid":"C15","section-title":"Methods of Computation","sentence-num-in-chapter":"349","section-xmlid":"C15.S19","sentence-num-in-section":"16","para-num-of-sentences":"2","para-xmlid":"C15.S19.SS4.p1","subsection-title":"Recurrence Relations"}}}{"expression":{"xml-id":"C15.S19.SS4.p2.m1","tex":"$\\Re z\\leq\\frac{1}{2}$","context":{"sentence-num-in-corpus":"9344","subsection-xmlid":"C15.S19.SS4","sentence-xmlid":"C15.S19.SS4.p2.s1","chapter-title":"Hypergeometric Function","chapter-xmlid":"C15","section-title":"Methods of Computation","sentence-num-in-chapter":"350","section-xmlid":"C15.S19","sentence-num-in-section":"17","para-num-of-sentences":"3","para-xmlid":"C15.S19.SS4.p2","subsection-title":"Recurrence Relations"},"content-tex":"$\\realpart@@{z}\\leq\\frac{1}{2}$"}}{"expression":{"xml-id":"C15.S19.SS4.p2.m2","tex":"$F\\left(a,b;c+N+1;z\\right)$","context":{"sentence-num-in-corpus":"9344","subsection-xmlid":"C15.S19.SS4","sentence-xmlid":"C15.S19.SS4.p2.s1","chapter-title":"Hypergeometric Function","chapter-xmlid":"C15","section-title":"Methods of Computation","sentence-num-in-chapter":"350","section-xmlid":"C15.S19","sentence-num-in-section":"17","para-num-of-sentences":"3","para-xmlid":"C15.S19.SS4.p2","subsection-title":"Recurrence Relations"},"content-tex":"$\\hyperF@{a}{b}{c+N+1}{z}$"}}{"expression":{"xml-id":"C15.S19.SS4.p2.m3","tex":"$F\\left(a,b;c+N;z\\right)$","context":{"sentence-num-in-corpus":"9344","subsection-xmlid":"C15.S19.SS4","sentence-xmlid":"C15.S19.SS4.p2.s1","chapter-title":"Hypergeometric Function","chapter-xmlid":"C15","section-title":"Methods of Computation","sentence-num-in-chapter":"350","section-xmlid":"C15.S19","sentence-num-in-section":"17","para-num-of-sentences":"3","para-xmlid":"C15.S19.SS4.p2","subsection-title":"Recurrence Relations"},"content-tex":"$\\hyperF@{a}{b}{c+N}{z}$"}}{"expression":{"xml-id":"C15.S19.SS4.p2.m4","tex":"$N$","context":{"sentence-num-in-corpus":"9344","subsection-xmlid":"C15.S19.SS4","sentence-xmlid":"C15.S19.SS4.p2.s1","chapter-title":"Hypergeometric Function","chapter-xmlid":"C15","section-title":"Methods of Computation","sentence-num-in-chapter":"350","section-xmlid":"C15.S19","sentence-num-in-section":"17","para-num-of-sentences":"3","para-xmlid":"C15.S19.SS4.p2","subsection-title":"Recurrence Relations"}}}{"expression":{"xml-id":"C15.S19.SS4.p2.m5","tex":"$\\Re z>\\frac{1}{2}$","context":{"sentence-num-in-corpus":"9345","subsection-xmlid":"C15.S19.SS4","sentence-xmlid":"C15.S19.SS4.p2.s2","chapter-title":"Hypergeometric Function","chapter-xmlid":"C15","section-title":"Methods of Computation","sentence-num-in-chapter":"351","section-xmlid":"C15.S19","sentence-num-in-section":"18","para-num-of-sentences":"3","para-xmlid":"C15.S19.SS4.p2","subsection-title":"Recurrence Relations"},"content-tex":"$\\realpart@@{z}>\\frac{1}{2}$"}}