<?xml version="1.0" encoding="UTF-8"?>
<section xml:id="C10.S10">
<title>Continued Fractions</title>        
  
<para xml:id="C10.S10.p1">

<sentence sentence-num-in-para="1" sentence-num-in-section="1" xml:id="C10.S10.p1.s1">
Assume <Math mode="inline" xml:id="C10.S10.p1.m1">J_{\nu-1}\left(z\right)\neq 0</Math>.
</sentence>

<sentence sentence-num-in-para="2" sentence-num-in-section="2" xml:id="C10.S10.p1.s2">
Then
</sentence>

</para>
 
<para xml:id="C10.S10.p2">

<sentence sentence-num-in-para="1" sentence-num-in-section="3" xml:id="C10.S10.p2.s1">
 <Math equation-number="10.10.1" mode="display" xml:id="C10.S10.E1">\frac{J_{\nu}\left(z\right)}{J_{\nu-1}\left(z\right)}=\cfrac{1}{2\nu z^{-1}- \cfrac{1}{2(\nu+1)z^{-1}-\cfrac{1}{2(\nu+2)z^{-1}-\cdots}}}, if z\neq 0,</Math> <Math equation-number="10.10.2" mode="display" xml:id="C10.S10.E2">\frac{J_{\nu}\left(z\right)}{J_{\nu-1}\left(z\right)}=\cfrac{\tfrac{1}{2}z/\nu }{1-\cfrac{\tfrac{1}{4}z^{2}/(\nu(\nu+1))}{1-\cfrac{\tfrac{1}{4}z^{2}/((\nu+1) (\nu+2))}{1-\cdots}}}, if \nu\neq 0,-1,-2,\ldots</Math>.
</sentence>

</para>
 
<para xml:id="C10.S10.p3">

<sentence sentence-num-in-para="1" sentence-num-in-section="4" xml:id="C10.S10.p3.s1">
See also Cuyt et al. (2008, pp. 349–356).
</sentence>

</para>

 
</section>
