<?xml version="1.0" encoding="UTF-8"?>
<section xml:id="C10.S1">
<title>Special Notation</title>         
<para xml:id="C10.S1.p1">

<sentence sentence-num-in-para="1" sentence-num-in-section="1" xml:id="C10.S1.p1.s1">
(For other notation see Notation for the Special Functions.)
</sentence>

</para>

 
<para xml:id="C10.S1.p2">

<sentence sentence-num-in-para="1" sentence-num-in-section="2" sentence-num-in-table="1" xml:id="C10.S1.p2.t1.s1">
<Math mode="inline" xml:id="C10.S1.p2.t1.r1.m1">m,n</Math>
</sentence>

<sentence sentence-num-in-para="2" sentence-num-in-section="3" sentence-num-in-table="2" xml:id="C10.S1.p2.t1.s2">
integers. In §§10.47–10.71
<Math mode="inline" xml:id="C10.S1.p2.t1.r1.m2">n</Math> is nonnegative.    
</sentence>

<sentence sentence-num-in-para="3" sentence-num-in-section="4" sentence-num-in-table="3" xml:id="C10.S1.p2.t1.s3">
<Math mode="inline" xml:id="C10.S1.p2.t1.r2.m1">k</Math>
</sentence>

<sentence sentence-num-in-para="4" sentence-num-in-section="5" sentence-num-in-table="4" xml:id="C10.S1.p2.t1.s4">
nonnegative integer (except in §10.73).  
</sentence>

<sentence sentence-num-in-para="5" sentence-num-in-section="6" sentence-num-in-table="5" xml:id="C10.S1.p2.t1.s5">
<Math mode="inline" xml:id="C10.S1.p2.t1.r3.m1">x,y</Math>
</sentence>

<sentence sentence-num-in-para="6" sentence-num-in-section="7" sentence-num-in-table="6" xml:id="C10.S1.p2.t1.s6">
real variables.    
</sentence>

<sentence sentence-num-in-para="7" sentence-num-in-section="8" sentence-num-in-table="7" xml:id="C10.S1.p2.t1.s7">
<Math mode="inline" xml:id="C10.S1.p2.t1.r4.m1">z</Math>
</sentence>

<sentence sentence-num-in-para="8" sentence-num-in-section="9" sentence-num-in-table="8" xml:id="C10.S1.p2.t1.s8">
complex variable.  
</sentence>

<sentence sentence-num-in-para="9" sentence-num-in-section="10" sentence-num-in-table="9" xml:id="C10.S1.p2.t1.s9">
<Math mode="inline" xml:id="C10.S1.p2.t1.r5.m1">\nu</Math>
</sentence>

<sentence sentence-num-in-para="10" sentence-num-in-section="11" sentence-num-in-table="10" xml:id="C10.S1.p2.t1.s10">
real or complex parameter (the order).  
</sentence>

<sentence sentence-num-in-para="11" sentence-num-in-section="12" sentence-num-in-table="11" xml:id="C10.S1.p2.t1.s11">
<Math mode="inline" xml:id="C10.S1.p2.t1.r6.m1">\delta</Math>
</sentence>

<sentence sentence-num-in-para="12" sentence-num-in-section="13" sentence-num-in-table="12" xml:id="C10.S1.p2.t1.s12">
arbitrary small positive constant.  
</sentence>

<sentence sentence-num-in-para="13" sentence-num-in-section="14" sentence-num-in-table="13" xml:id="C10.S1.p2.t1.s13">
<Math mode="inline" xml:id="C10.S1.p2.t1.r7.m1">\vartheta</Math>
</sentence>

<sentence sentence-num-in-para="14" sentence-num-in-section="15" sentence-num-in-table="14" xml:id="C10.S1.p2.t1.s14">
<Math mode="inline" xml:id="C10.S1.p2.t1.r7.m2">z(\!\ifrac{\mathrm{d}}{\mathrm{d}z})</Math>.  
</sentence>

<sentence sentence-num-in-para="15" sentence-num-in-section="16" sentence-num-in-table="15" xml:id="C10.S1.p2.t1.s15">
<Math mode="inline" xml:id="C10.S1.p2.t1.r8.m1">\psi\left(x\right)</Math>
</sentence>

<sentence sentence-num-in-para="16" sentence-num-in-section="17" sentence-num-in-table="16" xml:id="C10.S1.p2.t1.s16">
<Math mode="inline" xml:id="C10.S1.p2.t1.r8.m2">\Gamma'\left(x\right)/\Gamma\left(x\right)</Math>: logarithmic derivative of the gamma function (§5.2(i)).
</sentence>

<sentence sentence-num-in-para="17" sentence-num-in-section="18" sentence-num-in-table="17" xml:id="C10.S1.p2.t1.s17">
primes
</sentence>

<sentence sentence-num-in-para="18" sentence-num-in-section="19" sentence-num-in-table="18" xml:id="C10.S1.p2.t1.s18">
derivatives with respect to argument, except where indicated otherwise.
</sentence>

</para>

 
<para xml:id="C10.S1.p3">

<sentence sentence-num-in-para="1" sentence-num-in-section="20" xml:id="C10.S1.p3.s1">
The main functions treated in this chapter are the Bessel functions <Math mode="inline" xml:id="C10.S1.p3.m1">J_{\nu}\left(z\right)</Math> , <Math mode="inline" xml:id="C10.S1.p3.m2">Y_{\nu}\left(z\right)</Math> ; Hankel functions <Math mode="inline" xml:id="C10.S1.p3.m3">{H^{(1)}_{\nu}}\left(z\right)</Math> , <Math mode="inline" xml:id="C10.S1.p3.m4">{H^{(2)}_{\nu}}\left(z\right)</Math> ; modified Bessel functions <Math mode="inline" xml:id="C10.S1.p3.m5">I_{\nu}\left(z\right)</Math> , <Math mode="inline" xml:id="C10.S1.p3.m6">K_{\nu}\left(z\right)</Math> ; spherical Bessel functions <Math mode="inline" xml:id="C10.S1.p3.m7">\mathsf{j}_{n}\left(z\right)</Math> , <Math mode="inline" xml:id="C10.S1.p3.m8">\mathsf{y}_{n}\left(z\right)</Math> , <Math mode="inline" xml:id="C10.S1.p3.m9">{\mathsf{h}^{(1)}_{n}}\left(z\right)</Math> , <Math mode="inline" xml:id="C10.S1.p3.m10">{\mathsf{h}^{(2)}_{n}}\left(z\right)</Math> ; modified spherical Bessel functions <Math mode="inline" xml:id="C10.S1.p3.m11">{\mathsf{i}^{(1)}_{n}}\left(z\right)</Math> , <Math mode="inline" xml:id="C10.S1.p3.m12">{\mathsf{i}^{(2)}_{n}}\left(z\right)</Math> , <Math mode="inline" xml:id="C10.S1.p3.m13">\mathsf{k}_{n}\left(z\right)</Math> ; Kelvin functions <Math mode="inline" xml:id="C10.S1.p3.m14">\operatorname{ber}_{\nu}\left(x\right)</Math> , <Math mode="inline" xml:id="C10.S1.p3.m15">\operatorname{bei}_{\nu}\left(x\right)</Math> , <Math mode="inline" xml:id="C10.S1.p3.m16">\operatorname{ker}_{\nu}\left(x\right)</Math> , <Math mode="inline" xml:id="C10.S1.p3.m17">\operatorname{kei}_{\nu}\left(x\right)</Math>.
</sentence>

<sentence sentence-num-in-para="2" sentence-num-in-section="21" xml:id="C10.S1.p3.s2">
For the spherical Bessel functions and modified spherical Bessel functions the order <Math mode="inline" xml:id="C10.S1.p3.m18">n</Math> is a nonnegative integer.
</sentence>

<sentence sentence-num-in-para="3" sentence-num-in-section="22" xml:id="C10.S1.p3.s3">
For the other functions when the order <Math mode="inline" xml:id="C10.S1.p3.m19">\nu</Math> is replaced by <Math mode="inline" xml:id="C10.S1.p3.m20">n</Math> , it can be any integer.
</sentence>

<sentence sentence-num-in-para="4" sentence-num-in-section="23" xml:id="C10.S1.p3.s4">
For the Kelvinfunctions the order <Math mode="inline" xml:id="C10.S1.p3.m21">\nu</Math> is always assumed to be real.
</sentence>

</para>
 
<para xml:id="C10.S1.p4">

<sentence sentence-num-in-para="1" sentence-num-in-section="24" xml:id="C10.S1.p4.s1">
A common alternative notation for <Math mode="inline" xml:id="C10.S1.p4.m2">Y_{\nu}\left(z\right)</Math> is <Math mode="inline" xml:id="C10.S1.p4.m3">N_{\nu}(z)</Math>.
</sentence>

<sentence sentence-num-in-para="2" sentence-num-in-section="25" xml:id="C10.S1.p4.s2">
Other notations that have been used are as follows.
</sentence>

</para>

 
<para xml:id="C10.S1.p5">

<sentence sentence-num-in-para="1" sentence-num-in-section="26" xml:id="C10.S1.p5.s1">
Abramowitz and Stegun (1964): <Math mode="inline" xml:id="C10.S1.p5.m5">j_{n}(z)</Math> , <Math mode="inline" xml:id="C10.S1.p5.m6">y_{n}(z)</Math> , <Math mode="inline" xml:id="C10.S1.p5.m7">h_{n}^{(1)}(z)</Math> , <Math mode="inline" xml:id="C10.S1.p5.m8">h_{n}^{(2)}(z)</Math> , for <Math mode="inline" xml:id="C10.S1.p5.m9">\mathsf{j}_{n}\left(z\right)</Math> , <Math mode="inline" xml:id="C10.S1.p5.m10">\mathsf{y}_{n}\left(z\right)</Math> , <Math mode="inline" xml:id="C10.S1.p5.m11">{\mathsf{h}^{(1)}_{n}}\left(z\right)</Math> , <Math mode="inline" xml:id="C10.S1.p5.m12">{\mathsf{h}^{(2)}_{n}}\left(z\right)</Math> ,respectively, when <Math mode="inline" xml:id="C10.S1.p5.m13">n\geq 0</Math>.
</sentence>

</para>
 
<para xml:id="C10.S1.p6">

<sentence sentence-num-in-para="1" sentence-num-in-section="27" xml:id="C10.S1.p6.s1">
Jeffreys and Jeffreys (1956): <Math mode="inline" xml:id="C10.S1.p6.m2">\mathrm{Hs}_{\nu}(z)</Math> for <Math mode="inline" xml:id="C10.S1.p6.m3">{H^{(1)}_{\nu}}\left(z\right)</Math> , <Math mode="inline" xml:id="C10.S1.p6.m5">\mathrm{Hi}_{\nu}(z)</Math> for <Math mode="inline" xml:id="C10.S1.p6.m6">{H^{(2)}_{\nu}}\left(z\right)</Math> , <Math mode="inline" xml:id="C10.S1.p6.m8">\mathrm{Kh}_{\nu}(z)</Math> for <Math mode="inline" xml:id="C10.S1.p6.m9">(2/\pi)K_{\nu}\left(z\right)</Math>.
</sentence>

</para>
 
<para xml:id="C10.S1.p7">

<sentence sentence-num-in-para="1" sentence-num-in-section="28" xml:id="C10.S1.p7.s1">
Whittaker and Watson (1927): <Math mode="inline" xml:id="C10.S1.p7.m2">K_{\nu}\left(z\right)</Math> for <Math mode="inline" xml:id="C10.S1.p7.m3">\cos\left(\nu\pi\right)K_{\nu}\left(z\right)</Math>.
</sentence>

</para>
 
<para xml:id="C10.S1.p8">

<sentence sentence-num-in-para="1" sentence-num-in-section="29" xml:id="C10.S1.p8.s1">
For older notations see British Association for the Advancement of Science (1937, pp. xix–xx) and Watson (1944, Chapters 1–3).
</sentence>

</para>
                   
 
 
</section>
