<?xml version="1.0" encoding="UTF-8"?>
<section xml:id="C10.S12">
<title>Generating Function and Associated Series</title>        
  
<para xml:id="C10.S12.p1">

<sentence sentence-num-in-para="1" sentence-num-in-section="1" xml:id="C10.S12.p1.s1">
For <Math mode="inline" xml:id="C10.S12.p1.m1">z\in\mathbb{C}</Math> and <Math mode="inline" xml:id="C10.S12.p1.m2">t\in\mathbb{C}\setminus\{0\}</Math> , <Math equation-number="10.12.1" mode="display" xml:id="C10.S12.E1">e^{\frac{1}{2}z(t-t^{-1})}=\sum_{m=-\infty}^{\infty}t^{m}J_{m}\left(z\right)</Math>.
</sentence>

</para>
 
<para xml:id="C10.S12.p2">

<sentence sentence-num-in-para="1" sentence-num-in-section="2" xml:id="C10.S12.p2.s1">
Jacobi–Anger expansions: for <Math mode="inline" xml:id="C10.S12.p2.m1">z,\theta\in\mathbb{C}</Math> , <Math equation-number="10.12.2" mode="display" xml:id="C10.S12.E2">\cos\left(z\sin\theta\right)=J_{0}\left(z\right)+2\sum_{k=1}^{\infty}J_{2k} \left(z\right)\cos\left(2k\theta\right),\sin\left(z\sin\theta\right)=2\sum_{k=0}^{\infty}J_{2k+1}\left(z\right)\sin \left((2k+1)\theta\right),</Math> <Math equation-number="10.12.3" mode="display" xml:id="C10.S12.E3">\cos\left(z\cos\theta\right)=J_{0}\left(z\right)+2\sum_{k=1}^{\infty}(-1)^{k}J _{2k}\left(z\right)\cos\left(2k\theta\right),\sin\left(z\cos\theta\right)=2\sum_{k=0}^{\infty}(-1)^{k}J_{2k+1}\left(z\right )\cos\left((2k+1)\theta\right)</Math>.
</sentence>

<sentence sentence-num-in-para="2" sentence-num-in-section="3" xml:id="C10.S12.p2.s2">
<Math equation-number="10.12.4" mode="display" xml:id="C10.S12.E4">1=J_{0}\left(z\right)+2\!J_{2}\left(z\right)+2\!J_{4}\left(z\right)+2\!J_{6} \left(z\right)+\cdots,</Math> <Math equation-number="10.12.5" mode="display" xml:id="C10.S12.E5">\cos z=J_{0}\left(z\right)-2\!J_{2}\left(z\right)+2\!J_{4}\left(z\right)-2\!J_ {6}\left(z\right)+\cdots,\sin z=2\!J_{1}\left(z\right)-2\!J_{3}\left(z\right)+2\!J_{5}\left(z\right)-\cdots,</Math> <Math equation-number="10.12.6" mode="display" xml:id="C10.S12.E6">\tfrac{1}{2}z\cos z=J_{1}\left(z\right)-9\!J_{3}\left(z\right)+25\!J_{5}\left( z\right)-49\!J_{7}\left(z\right)+\cdots,\tfrac{1}{2}z\sin z=4\!J_{2}\left(z\right)-16\!J_{4}\left(z\right)+36\!J_{6} \left(z\right)-\cdots</Math>.
</sentence>

</para>

 
</section>
