<?xml version="1.0" encoding="UTF-8"?>
<section xml:id="C10.S16">
<title>Relations to Other Functions</title>        
 
<paragraph xml:id="C10.S16.Px1">
<title>Elementary Functions</title>    
<para xml:id="C10.S16.Px1.p1">

<sentence sentence-num-in-para="1" sentence-num-in-section="1" xml:id="C10.S16.Px1.p1.s1">
 <Math equation-number="10.16.1" mode="display" xml:id="C10.S16.E1">J_{\frac{1}{2}}\left(z\right)=Y_{-\frac{1}{2}}\left(z\right)=\left(\frac{2}{ \pi z}\right)^{\frac{1}{2}}\sin z,J_{-\frac{1}{2}}\left(z\right)=-Y_{\frac{1}{2}}\left(z\right)=\left(\frac{2}{ \pi z}\right)^{\frac{1}{2}}\cos z,</Math> <Math equation-number="10.16.2" mode="display" xml:id="C10.S16.E2">{H^{(1)}_{\frac{1}{2}}}\left(z\right)=-i{H^{(1)}_{-\frac{1}{2}}}\left(z\right) =-i\left(\frac{2}{\pi z}\right)^{\frac{1}{2}}e^{iz},{H^{(2)}_{\frac{1}{2}}}\left(z\right)=i{H^{(2)}_{-\frac{1}{2}}}\left(z\right)= i\left(\frac{2}{\pi z}\right)^{\frac{1}{2}}e^{-iz}</Math>.
</sentence>

</para>
 
<para xml:id="C10.S16.Px1.p2">

<sentence sentence-num-in-para="1" sentence-num-in-section="2" xml:id="C10.S16.Px1.p2.s1">
For these and general results when <Math mode="inline" xml:id="C10.S16.Px1.p2.m1">\nu</Math> is half an odd integer see §§10.47(ii) and 10.49(i).
</sentence>

</para>
 
</paragraph>
 
<paragraph xml:id="C10.S16.Px2">
<title>Airy Functions</title>   
<para xml:id="C10.S16.Px2.p1">

<sentence sentence-num-in-para="1" sentence-num-in-section="3" xml:id="C10.S16.Px2.p1.s1">
See §§9.6(i) and 9.6(ii).
</sentence>

</para>
 
</paragraph>
 
<paragraph xml:id="C10.S16.Px3">
<title>Parabolic Cylinder Functions</title>     
<para xml:id="C10.S16.Px3.p1">

<sentence sentence-num-in-para="1" sentence-num-in-section="4" xml:id="C10.S16.Px3.p1.s1">
With the notation of §12.14(i),
</sentence>

<sentence sentence-num-in-para="2" sentence-num-in-section="5" xml:id="C10.S16.Px3.p1.s2">
<Math equation-number="10.16.3" mode="display" xml:id="C10.S16.E3">J_{\frac{1}{4}}\left(z\right)=-2^{-\frac{1}{4}}\pi^{-\frac{1}{2}}z^{-\frac{1}{ 4}}\left(W\left(0,2z^{\frac{1}{2}}\right)-W\left(0,-2z^{\frac{1}{2}}\right) \right),J_{-\frac{1}{4}}\left(z\right)=2^{-\frac{1}{4}}\pi^{-\frac{1}{2}}z^{-\frac{1}{ 4}}\left(W\left(0,2z^{\frac{1}{2}}\right)+W\left(0,-2z^{\frac{1}{2}}\right) \right)</Math>.
</sentence>

<sentence sentence-num-in-para="3" sentence-num-in-section="6" xml:id="C10.S16.Px3.p1.s3">
<Math equation-number="10.16.4" mode="display" xml:id="C10.S16.E4">J_{\frac{3}{4}}\left(z\right)=-2^{-\frac{1}{4}}\pi^{-\frac{1}{2}}z^{-\frac{3}{ 4}}\left(W'\left(0,2z^{\frac{1}{2}}\right)-W'\left(0,-2z^{\frac{1}{2}}\right) \right),J_{-\frac{3}{4}}\left(z\right)=-2^{-\frac{1}{4}}\pi^{-\frac{1}{2}}z^{-\frac{3} {4}}\left(W'\left(0,2z^{\frac{1}{2}}\right)+W'\left(0,-2z^{\frac{1}{2}}\right) \right)</Math>.
</sentence>

<sentence sentence-num-in-para="4" sentence-num-in-section="7" xml:id="C10.S16.Px3.p1.s4">
Principal values on each side of these equations correspond.
</sentence>

</para>
 
</paragraph>
 
<paragraph xml:id="C10.S16.Px4">
<title>Confluent Hypergeometric Functions</title>      
<para xml:id="C10.S16.Px4.p1">

<sentence sentence-num-in-para="1" sentence-num-in-section="8" xml:id="C10.S16.Px4.p1.s1">
 <Math equation-number="10.16.5" mode="display" xml:id="C10.S16.E5">J_{\nu}\left(z\right)=\frac{(\tfrac{1}{2}z)^{\nu}e^{\mp iz}}{\Gamma\left(\nu+1 \right)}M\left(\nu+\tfrac{1}{2},2\nu+1,\pm 2iz\right),</Math> <Math equation-number="10.16.6" mode="display" xml:id="C10.S16.E6">\rselection{{H^{(1)}_{\nu}}\left(z\right)\\ {H^{(2)}_{\nu}}\left(z\right)}=\mp 2\pi^{-\frac{1}{2}}ie^{\mp\nu\pi i}(2z)^{ \nu}\*e^{\pm iz}U\left(\nu+\tfrac{1}{2},2\nu+1,\mp 2iz\right)</Math>.
</sentence>

<sentence sentence-num-in-para="2" sentence-num-in-section="9" xml:id="C10.S16.Px4.p1.s2">
For the functions <Math mode="inline" xml:id="C10.S16.Px4.p1.m1">M</Math> and <Math mode="inline" xml:id="C10.S16.Px4.p1.m2">U</Math> see §13.2(i).
</sentence>

<sentence sentence-num-in-para="3" sentence-num-in-section="10" xml:id="C10.S16.Px4.p1.s3">
<Math equation-number="10.16.7" mode="display" xml:id="C10.S16.E7">J_{\nu}\left(z\right)=\frac{e^{\mp(2\nu+1)\pi i/4}}{2^{2\nu}\Gamma\left(\nu+1 \right)}(2z)^{-\frac{1}{2}}M_{0,\nu}\left(\pm 2iz\right), if 2\nu\neq-1,-2,-3,\ldots,</Math> <Math equation-number="10.16.8" mode="display" xml:id="C10.S16.E8">\rselection{{H^{(1)}_{\nu}}\left(z\right)\\ {H^{(2)}_{\nu}}\left(z\right)}=e^{\mp(2\nu+1)\pi i/4}\left(\frac{2}{\pi z} \right)^{\frac{1}{2}}W_{0,\nu}\left(\mp 2iz\right)</Math>.
</sentence>

<sentence sentence-num-in-para="4" sentence-num-in-section="11" xml:id="C10.S16.Px4.p1.s4">
For the functions <Math mode="inline" xml:id="C10.S16.Px4.p1.m3">M_{0,\nu}</Math> and <Math mode="inline" xml:id="C10.S16.Px4.p1.m4">W_{0,\nu}</Math> see §13.14(i).
</sentence>

</para>
 
<para xml:id="C10.S16.Px4.p2">

<sentence sentence-num-in-para="1" sentence-num-in-section="12" xml:id="C10.S16.Px4.p2.s1">
In all cases principal branches correspond at least when <Math mode="inline" xml:id="C10.S16.Px4.p2.m1">|\operatorname{ph}z|\leq\tfrac{1}{2}\pi</Math>.
</sentence>

</para>
 
</paragraph>
 
<paragraph xml:id="C10.S16.Px5">
<title>Generalized Hypergeometric Functions</title>     
<para xml:id="C10.S16.Px5.p1">

<sentence sentence-num-in-para="1" sentence-num-in-section="13" xml:id="C10.S16.Px5.p1.s1">
 <Math equation-number="10.16.9" mode="display" xml:id="C10.S16.E9">J_{\nu}\left(z\right)=\frac{(\tfrac{1}{2}z)^{\nu}}{\Gamma\left(\nu+1\right)}{{ }_{0}F_{1}}\left(-;\nu+1;-\tfrac{1}{4}z^{2}\right)</Math>.
</sentence>

<sentence sentence-num-in-para="2" sentence-num-in-section="14" xml:id="C10.S16.Px5.p1.s2">
For <Math mode="inline" xml:id="C10.S16.Px5.p1.m1">{{}_{0}F_{1}}</Math> see (16.2.1).
</sentence>

</para>
 
<para xml:id="C10.S16.Px5.p2">

<sentence sentence-num-in-para="1" sentence-num-in-section="15" xml:id="C10.S16.Px5.p2.s1">
With <Math mode="inline" xml:id="C10.S16.Px5.p2.m1">\mathbf{F}{}{}</Math> as in §15.2(i), and with <Math mode="inline" xml:id="C10.S16.Px5.p2.m2">z</Math> and <Math mode="inline" xml:id="C10.S16.Px5.p2.m3">\nu</Math> fixed, <Math equation-number="10.16.10" mode="display" xml:id="C10.S16.E10">J_{\nu}\left(z\right)=(\tfrac{1}{2}z)^{\nu}\lim{{\mathbf{F}}}\left(\lambda,\mu ;\nu+1;-z^{2}/(4\lambda\mu)\right),</Math> as <Math mode="inline" xml:id="C10.S16.Px5.p2.m4">\lambda</Math> and <Math mode="inline" xml:id="C10.S16.Px5.p2.m5">\mu\to\infty</Math> in <Math mode="inline" xml:id="C10.S16.Px5.p2.m6">\mathbb{C}</Math>.
</sentence>

<sentence sentence-num-in-para="2" sentence-num-in-section="16" xml:id="C10.S16.Px5.p2.s2">
For this result seeWatson (1944, §5.7).
</sentence>

</para>

 
</paragraph>
 
</section>
