<?xml version="1.0" encoding="UTF-8"?>
<section xml:id="C10.S13">
<title>Other Differential Equations</title>        
  
 
<para xml:id="C10.S13.p1">

<sentence sentence-num-in-para="1" sentence-num-in-section="1" xml:id="C10.S13.p1.s1">
In the following equations <Math mode="inline" xml:id="C10.S13.p1.m1">\nu,\lambda,p,q</Math> , and <Math mode="inline" xml:id="C10.S13.p1.m2">r</Math> are real or complex constants with <Math mode="inline" xml:id="C10.S13.p1.m3">\lambda\neq 0</Math> , <Math mode="inline" xml:id="C10.S13.p1.m4">p\neq 0</Math> , and <Math mode="inline" xml:id="C10.S13.p1.m5">q\neq 0</Math>.
</sentence>

<sentence sentence-num-in-para="2" sentence-num-in-section="2" xml:id="C10.S13.p1.s2">
<Math equation-number="10.13.1" mode="display" xml:id="C10.S13.E1">w^{\prime\prime}+\left(\lambda^{2}-\frac{\nu^{2}-\tfrac{1}{4}}{z^{2}}\right)w=0, if w=z^{\frac{1}{2}}\mathscr{C}_{\nu}\left(\lambda z\right),</Math> <Math equation-number="10.13.2" mode="display" xml:id="C10.S13.E2">w^{\prime\prime}+\left(\frac{\lambda^{2}}{4z}-\frac{\nu^{2}-1}{4z^{2}}\right)w =0, if w=z^{\frac{1}{2}}\mathscr{C}_{\nu}\left(\lambda z^{\frac{1}{2}}\right),</Math> <Math equation-number="10.13.3" mode="display" xml:id="C10.S13.E3">w^{\prime\prime}+\lambda^{2}z^{p-2}w=0, if w=z^{\frac{1}{2}}\mathscr{C}_{1/p}\left(2\lambda z^{\frac{1}{2}p}/p\right),</Math> <Math equation-number="10.13.4" mode="display" xml:id="C10.S13.E4">w^{\prime\prime}+\frac{1\mp 2\nu}{z}w^{\prime}+\lambda^{2}w=0, if w=z^{\pm\nu}\mathscr{C}_{\nu}\left(\lambda z\right),</Math> <Math equation-number="10.13.5" mode="display" xml:id="C10.S13.E5">z^{2}w^{\prime\prime}+(1-2r)zw^{\prime}+(\lambda^{2}q^{2}z^{2q}+r^{2}-\nu^{2}q ^{2})w=0, if w=z^{r}\mathscr{C}_{\nu}\left(\lambda z^{q}\right),</Math> <Math equation-number="10.13.6" mode="display" xml:id="C10.S13.E6">w^{\prime\prime}+(\lambda^{2}e^{2z}-\nu^{2})w=0, if w=\mathscr{C}_{\nu}\left(\lambda e^{z}\right),</Math> <Math equation-number="10.13.7" mode="display" xml:id="C10.S13.E7">z^{2}(z^{2}-\nu^{2})w^{\prime\prime}+z(z^{2}-3\nu^{2})w^{\prime}+((z^{2}-\nu^{ 2})^{2}-(z^{2}+\nu^{2}))w=0, if w=\mathscr{C}_{\nu}'\left(z\right),</Math> <Math equation-number="10.13.8" mode="display" xml:id="C10.S13.E8">w^{(2n)}=(-1)^{n}\lambda^{2n}z^{-n}w, if w=z^{\frac{1}{2}n}\mathscr{C}_{n}\left(2\lambda e^{k\pi\mathrm{i}/n}z^{\frac{1 }{2}}\right), k=0,1,\ldots,2n-1</Math>.
</sentence>

</para>
 
<para xml:id="C10.S13.p2">

<sentence sentence-num-in-para="1" sentence-num-in-section="3" xml:id="C10.S13.p2.s1">
In (10.13.9)–(10.13.11)
</sentence>

<sentence sentence-num-in-para="2" sentence-num-in-section="4" xml:id="C10.S13.p2.s2">
<Math mode="inline" xml:id="C10.S13.p2.m1">\mathscr{C}_{\nu}\left(z\right)</Math> , <Math mode="inline" xml:id="C10.S13.p2.m2">\mathscr{D}_{\mu}(z)</Math> are any cylinder functions of orders <Math mode="inline" xml:id="C10.S13.p2.m3">\nu,\mu</Math> , respectively, and <Math mode="inline" xml:id="C10.S13.p2.m4">\vartheta=z(\!\ifrac{\mathrm{d}}{\mathrm{d}z}</Math> ).
</sentence>

<sentence sentence-num-in-para="3" sentence-num-in-section="5" xml:id="C10.S13.p2.s3">
<Math equation-number="10.13.9" mode="display" xml:id="C10.S13.E9">{z^{2}w^{\prime\prime\prime}+3zw^{\prime\prime}+(4z^{2}+1-4\nu^{2})w^{\prime}+ 4zw=0}, if w=\mathscr{C}_{\nu}\left(z\right)\mathscr{D}_{\nu}(z),</Math> <Math equation-number="10.13.10" mode="display" xml:id="C10.S13.E10">{z^{3}w^{\prime\prime\prime}+z(4z^{2}+1-4\nu^{2})w^{\prime}+(4\nu^{2}-1)w=0}, if w=z\mathscr{C}_{\nu}\left(z\right)\mathscr{D}_{\nu}(z),</Math> <Math equation-number="10.13.11" mode="display" xml:id="C10.S13.E11">\left(\vartheta^{4}-2(\nu^{2}+\mu^{2})\vartheta^{2}+(\nu^{2}-\mu^{2})^{2} \right)w+4z^{2}(\vartheta+1)(\vartheta+2)w=0, if w=\mathscr{C}_{\nu}\left(z\right)\mathscr{D}_{\mu}(z)</Math>.
</sentence>

</para>
 
<para xml:id="C10.S13.p3">

<sentence sentence-num-in-para="1" sentence-num-in-section="6" xml:id="C10.S13.p3.s1">
For further differential equations see Kamke (1977, pp. 440–451).
</sentence>

<sentence sentence-num-in-para="2" sentence-num-in-section="7" xml:id="C10.S13.p3.s2">
See also Watson (1944, pp. 95–100).
</sentence>

</para>

 
</section>
