<?xml version="1.0" encoding="UTF-8"?>
<section xml:id="C10.S23">
<title>Sums</title>        
 
<subsection xml:id="C10.S23.SS1">
<title>Multiplication Theorem</title>        
    
  
<para xml:id="C10.S23.SS1.p1">

<sentence sentence-num-in-para="1" sentence-num-in-section="1" xml:id="C10.S23.SS1.p1.s1">
 <Math equation-number="10.23.1" mode="display" xml:id="C10.S23.E1">\mathscr{C}_{\nu}\left(\lambda z\right)=\lambda^{\pm\nu}\sum_{k=0}^{\infty} \frac{(\mp 1)^{k}(\lambda^{2}-1)^{k}(\tfrac{1}{2}z)^{k}}{k!}\mathscr{C}_{\nu \pm k}\left(z\right), if |\lambda^{2}-1|&lt;1</Math>.
</sentence>

<sentence sentence-num-in-para="2" sentence-num-in-section="2" xml:id="C10.S23.SS1.p1.s2">
If <Math mode="inline" xml:id="C10.S23.SS1.p1.m1">\mathscr{C}=J</Math> and the upper signs are taken, then the restriction on <Math mode="inline" xml:id="C10.S23.SS1.p1.m2">\lambda</Math> is unnecessary.
</sentence>

</para>

 
</subsection>
 
<subsection xml:id="C10.S23.SS2">
<title>Addition Theorems</title>        
     
<paragraph xml:id="C10.S23.Px1">
<title>Neumann’s Addition Theorem</title>    
<para xml:id="C10.S23.Px1.p1">

<sentence sentence-num-in-para="1" sentence-num-in-section="3" xml:id="C10.S23.Px1.p1.s1">
 <Math equation-number="10.23.2" mode="display" xml:id="C10.S23.E2">\mathscr{C}_{\nu}\left(u\pm v\right)=\sum_{k=-\infty}^{\infty}\mathscr{C}_{\nu \mp k}\left(u\right)J_{k}\left(v\right), if |v|&lt;|u|</Math>.
</sentence>

<sentence sentence-num-in-para="2" sentence-num-in-section="4" xml:id="C10.S23.Px1.p1.s2">
The restriction <Math mode="inline" xml:id="C10.S23.Px1.p1.m1">|v|&lt;|u|</Math> is unnecessary when <Math mode="inline" xml:id="C10.S23.Px1.p1.m2">\mathscr{C}=J</Math> and <Math mode="inline" xml:id="C10.S23.Px1.p1.m3">\nu</Math> is an integer.
</sentence>

<sentence sentence-num-in-para="3" sentence-num-in-section="5" xml:id="C10.S23.Px1.p1.s3">
Special cases are: <Math equation-number="10.23.3" mode="display" xml:id="C10.S23.E3">{J_{0}^{2}}\left(z\right)+2\sum_{k=1}^{\infty}{J_{k}^{2}}\left(z\right)=1,</Math> <Math equation-number="10.23.4" mode="display" xml:id="C10.S23.E4">\sum_{k=0}^{2n}(-1)^{k}J_{k}\left(z\right)J_{2n-k}\left(z\right)\\ +2\sum_{k=1}^{\infty}J_{k}\left(z\right)J_{2n+k}\left(z\right)=0, if n\geq 1,</Math> <Math equation-number="10.23.5" mode="display" xml:id="C10.S23.E5">\sum_{k=0}^{n}J_{k}\left(z\right)J_{n-k}\left(z\right)+2\sum_{k=1}^{\infty}(-1 )^{k}J_{k}\left(z\right)J_{n+k}\left(z\right)=J_{n}\left(2z\right)</Math>.
</sentence>

</para>
 
</paragraph>
 
<paragraph xml:id="C10.S23.Px2">
<title>Graf’s and Gegenbauer’s Addition Theorems</title>     
<para xml:id="C10.S23.Px2.p1">

<sentence sentence-num-in-para="1" sentence-num-in-section="6" xml:id="C10.S23.Px2.p1.s1">
Define <Math equation-number="10.23.6" mode="display" xml:id="C10.S23.E6">w=\sqrt{u^{2}+v^{2}-2uv\cos\alpha},u-v\cos\alpha=w\cos\chi,v\sin\alpha=w\sin\chi,</Math> the branches being continuous and chosen so that <Math mode="inline" xml:id="C10.S23.Px2.p1.m1">w\to u</Math> and <Math mode="inline" xml:id="C10.S23.Px2.p1.m2">\chi\to 0</Math> as <Math mode="inline" xml:id="C10.S23.Px2.p1.m3">v\to 0</Math>.
</sentence>

<sentence sentence-num-in-para="2" sentence-num-in-section="7" xml:id="C10.S23.Px2.p1.s2">
If <Math mode="inline" xml:id="C10.S23.Px2.p1.m4">u</Math> , <Math mode="inline" xml:id="C10.S23.Px2.p1.m5">v</Math> are real and positive and <Math mode="inline" xml:id="C10.S23.Px2.p1.m6">0\leq\alpha\leq\pi</Math> , then <Math mode="inline" xml:id="C10.S23.Px2.p1.m7">w</Math> and <Math mode="inline" xml:id="C10.S23.Px2.p1.m8">\chi</Math> are real and nonnegative, and the geometrical relationship is shown in Figure 10.23.1.
</sentence>

</para>
       
   
<sentence sentence-num-in-section="8" xml:id="C10.S23.F1.s1">
Figure 10.23.1: Graf’s and Gegenbauer’s addition theorems.
</sentence>  
<para xml:id="C10.S23.Px2.p2">

<sentence sentence-num-in-para="1" sentence-num-in-section="9" xml:id="C10.S23.Px2.p2.s1">
 <Math equation-number="10.23.7" mode="display" xml:id="C10.S23.E7">\mathscr{C}_{\nu}\left(w\right)\selection{\cos\\ \sin}(\nu\chi)=\sum_{k=-\infty}^{\infty}\mathscr{C}_{\nu+k}\left(u\right)J_{k} \left(v\right)\selection{\cos\\ \sin}(k\alpha), if |ve^{\pm i\alpha}|&lt;|u|</Math>.
</sentence>

<sentence sentence-num-in-para="2" sentence-num-in-section="10" xml:id="C10.S23.Px2.p2.s2">
<Math equation-number="10.23.8" mode="display" xml:id="C10.S23.E8">\frac{\mathscr{C}_{\nu}\left(w\right)}{w^{\nu}}=2^{\nu}\Gamma\left(\nu\right) \*\sum_{k=0}^{\infty}(\nu+k)\frac{\mathscr{C}_{\nu+k}\left(u\right)}{u^{\nu}} \frac{J_{\nu+k}\left(v\right)}{v^{\nu}}C^{(\nu)}_{k}\left(\cos\alpha\right), if \nu\neq 0,-1,\dots, |ve^{\pm i\alpha}|&lt;|u|,</Math> where <Math mode="inline" xml:id="C10.S23.Px2.p2.m1">C^{(\nu)}_{k}\left(\cos\alpha\right)</Math> is Gegenbauer’s polynomial (§18.3).
</sentence>

<sentence sentence-num-in-para="3" sentence-num-in-section="11" xml:id="C10.S23.Px2.p2.s3">
The restriction <Math mode="inline" xml:id="C10.S23.Px2.p2.m2">|ve^{\pm i\alpha}|&lt;|u|</Math> is unnecessary in (10.23.7) when <Math mode="inline" xml:id="C10.S23.Px2.p2.m3">\mathscr{C}=J</Math> and <Math mode="inline" xml:id="C10.S23.Px2.p2.m4">\nu</Math> is an integer, and in (10.23.8) when <Math mode="inline" xml:id="C10.S23.Px2.p2.m5">\mathscr{C}=J</Math>.
</sentence>

</para>
 
<para xml:id="C10.S23.Px2.p3">

<sentence sentence-num-in-para="1" sentence-num-in-section="12" xml:id="C10.S23.Px2.p3.s1">
The degenerate form of (10.23.8) when <Math mode="inline" xml:id="C10.S23.Px2.p3.m1">u=\infty</Math> is given by <Math equation-number="10.23.9" mode="display" xml:id="C10.S23.E9">e^{iv\cos\alpha}=\frac{\Gamma\left(\nu\right)}{(\tfrac{1}{2}v)^{\nu}}\*\sum_{k =0}^{\infty}(\nu+k)i^{k}J_{\nu+k}\left(v\right)C^{(\nu)}_{k}\left(\cos\alpha \right), if \nu\neq 0,-1,\dots</Math>.
</sentence>

</para>
 
<para xml:id="C10.S23.Px2.p4">

<sentence sentence-num-in-para="1" sentence-num-in-section="13" xml:id="C10.S23.Px2.p4.s1">
See also §10.12.
</sentence>

</para>
 
</paragraph>
 
<paragraph xml:id="C10.S23.Px3">
<title>Partial Fractions</title>    
<para xml:id="C10.S23.Px3.p1">

<sentence sentence-num-in-para="1" sentence-num-in-section="14" xml:id="C10.S23.Px3.p1.s1">
For expansions of products of Bessel functions of the first kind in partial fractions see Rogers (2005).
</sentence>

</para>

 
</paragraph>
 
</subsection>
 
<subsection xml:id="C10.S23.SS3">
<title>Series Expansions of Arbitrary Functions</title>        
  
 
<paragraph xml:id="C10.S23.Px4">
<title>Neumann’s Expansion</title>    
<para xml:id="C10.S23.Px4.p1">

<sentence sentence-num-in-para="1" sentence-num-in-section="15" xml:id="C10.S23.Px4.p1.s1">
 <Math equation-number="10.23.10" mode="display" xml:id="C10.S23.E10">f(z)=a_{0}J_{0}\left(z\right)+2\sum_{k=1}^{\infty}a_{k}J_{k}\left(z\right), if |z|&lt;c,</Math> where <Math mode="inline" xml:id="C10.S23.Px4.p1.m1">c</Math> is the distance of the nearest singularity of the analytic function <Math mode="inline" xml:id="C10.S23.Px4.p1.m2">f(z)</Math> from <Math mode="inline" xml:id="C10.S23.Px4.p1.m3">z=0</Math> , <Math equation-number="10.23.11" mode="display" xml:id="C10.S23.E11">a_{k}=\frac{1}{2\pi i}\int_{|z|=c^{\prime}}f(t)O_{k}\left(t\right)\mathrm{d}t, if 0&lt;c^{\prime}&lt;c,</Math> and <Math mode="inline" xml:id="C10.S23.Px4.p1.m4">O_{k}\left(t\right)</Math> is Neumann’s polynomial, defined by the generating function: <Math equation-number="10.23.12" mode="display" xml:id="C10.S23.E12">\frac{1}{t-z}=J_{0}\left(z\right)O_{0}\left(t\right)+2\sum_{k=1}^{\infty}J_{k} \left(z\right)O_{k}\left(t\right), if |z|&lt;|t|</Math>.
</sentence>

</para>
 
<para xml:id="C10.S23.Px4.p2">

<sentence sentence-num-in-para="1" sentence-num-in-section="16" xml:id="C10.S23.Px4.p2.s1">
 <Math mode="inline" xml:id="C10.S23.Px4.p2.m1">O_{n}\left(t\right)</Math> is a polynomial of degree <Math mode="inline" xml:id="C10.S23.Px4.p2.m2">n+1</Math> in <Math mode="inline" xml:id="C10.S23.Px4.p2.m3">\ifrac{1}{t}:O_{0}\left(t\right)=1/t</Math> and <Math equation-number="10.23.13" mode="display" xml:id="C10.S23.E13">O_{n}\left(t\right)=\frac{1}{4}\sum_{k=0}^{\left\lfloor n/2\right\rfloor}\frac {(n-k-1)!n}{k!}\left(\frac{2}{t}\right)^{n-2k+1}, if n=1,2,\ldots</Math>.
</sentence>

</para>
 
<para xml:id="C10.S23.Px4.p3">

<sentence sentence-num-in-para="1" sentence-num-in-section="17" xml:id="C10.S23.Px4.p3.s1">
For the more general form of expansion <Math equation-number="10.23.14" mode="display" xml:id="C10.S23.E14">z^{\nu}f(z)=a_{0}J_{\nu}\left(z\right)+2\sum_{k=1}^{\infty}a_{k}J_{\nu+k}\left (z\right)</Math> see Watson (1944, §16.13), and for further generalizations seeWatson (1944, Chapter 16) and Erdélyi et al. (1953b, §7.10.1).
</sentence>

</para>
 
</paragraph>
 
<paragraph xml:id="C10.S23.Px5">
<title>Examples</title>   
<para xml:id="C10.S23.Px5.p1">

<sentence sentence-num-in-para="1" sentence-num-in-section="18" xml:id="C10.S23.Px5.p1.s1">
 <Math equation-number="10.23.15" mode="display" xml:id="C10.S23.E15">(\tfrac{1}{2}z)^{\nu}=\sum_{k=0}^{\infty}\frac{(\nu+2k)\Gamma\left(\nu+k\right )}{k!}J_{\nu+2k}\left(z\right), if \nu\neq 0,-1,-2,\dots,</Math> <Math equation-number="10.23.16" mode="display" xml:id="C10.S23.E16">Y_{0}\left(z\right)=\frac{2}{\pi}\left(\ln\left(\tfrac{1}{2}z\right)+\gamma \right)J_{0}\left(z\right)-\frac{4}{\pi}\sum_{k=1}^{\infty}(-1)^{k}\frac{J_{2k }\left(z\right)}{k},</Math> <Math equation-number="10.23.17" mode="display" xml:id="C10.S23.E17">Y_{n}\left(z\right)=-\frac{n!(\tfrac{1}{2}z)^{-n}}{\pi}\sum_{k=0}^{n-1}\frac{( \tfrac{1}{2}z)^{k}J_{k}\left(z\right)}{k!(n-k)}+\frac{2}{\pi}\left(\ln\left( \tfrac{1}{2}z\right)-\psi\left(n+1\right)\right)J_{n}\left(z\right)-\frac{2}{ \pi}\sum_{k=1}^{\infty}(-1)^{k}\frac{(n+2k)J_{n+2k}\left(z\right)}{k(n+k)},</Math> where <Math mode="inline" xml:id="C10.S23.Px5.p1.m1">\gamma</Math> is Euler’s constant and <Math mode="inline" xml:id="C10.S23.Px5.p1.m2">\psi\left(n+1\right)=\Gamma'\left(n+1\right)/\Gamma\left(n+1\right)</Math> (§5.2).
</sentence>

</para>
 
<para xml:id="C10.S23.Px5.p2">

<sentence sentence-num-in-para="1" sentence-num-in-section="19" xml:id="C10.S23.Px5.p2.s1">
Other examples are provided by (10.12.1)–(10.12.6), (10.23.2), and (10.23.7).
</sentence>

</para>
 
</paragraph>
 
<paragraph xml:id="C10.S23.Px6">
<title>Fourier–Bessel Expansion</title>     
<para xml:id="C10.S23.Px6.p1">

<sentence sentence-num-in-para="1" sentence-num-in-section="20" xml:id="C10.S23.Px6.p1.s1">
Assume <Math mode="inline" xml:id="C10.S23.Px6.p1.m1">f(t)</Math> satisfies <Math equation-number="10.23.18" mode="display" xml:id="C10.S23.E18">\int_{0}^{1}t^{\frac{1}{2}}|f(t)|\mathrm{d}t&lt;\infty,</Math> and define <Math equation-number="10.23.19" mode="display" xml:id="C10.S23.E19">a_{m}=\frac{2}{(J_{\nu+1}\left(j_{\nu,m}\right))^{2}}\int_{0}^{1}tf(t)J_{\nu} \left(j_{\nu,m}t\right)\mathrm{d}t, if \nu\geq-\tfrac{1}{2},</Math> where <Math mode="inline" xml:id="C10.S23.Px6.p1.m2">j_{\nu,m}</Math> is as in §10.21(i).
</sentence>

<sentence sentence-num-in-para="2" sentence-num-in-section="21" xml:id="C10.S23.Px6.p1.s2">
If <Math mode="inline" xml:id="C10.S23.Px6.p1.m3">0&lt;x&lt;1</Math> , then <Math equation-number="10.23.20" mode="display" xml:id="C10.S23.E20">\tfrac{1}{2}f(x-)+\tfrac{1}{2}f(x+)=\sum_{m=1}^{\infty}a_{m}J_{\nu}\left(j_{ \nu,m}x\right),</Math> provided that <Math mode="inline" xml:id="C10.S23.Px6.p1.m4">f(t)</Math> is of bounded variation (§1.4(v)) on an interval <Math mode="inline" xml:id="C10.S23.Px6.p1.m5">[a,b]</Math> with <Math mode="inline" xml:id="C10.S23.Px6.p1.m6">0&lt;a&lt;x&lt;b&lt;1</Math>.
</sentence>

<sentence sentence-num-in-para="3" sentence-num-in-section="22" xml:id="C10.S23.Px6.p1.s3">
This result is proved inWatson (1944, Chapter 18) and further information is provided in this reference, including the behavior of the series near <Math mode="inline" xml:id="C10.S23.Px6.p1.m7">x=0</Math> and <Math mode="inline" xml:id="C10.S23.Px6.p1.m8">x=1</Math>.
</sentence>

</para>
 
<para xml:id="C10.S23.Px6.p2">

<sentence sentence-num-in-para="1" sentence-num-in-section="23" xml:id="C10.S23.Px6.p2.s1">
As an example, <Math equation-number="10.23.21" mode="display" xml:id="C10.S23.E21">x^{\nu}=\sum_{m=1}^{\infty}\frac{2\!J_{\nu}\left(j_{\nu,m}x\right)}{j_{\nu,m}J _{\nu+1}\left(j_{\nu,m}\right)}, if \nu&gt;0,0\leq x&lt;1</Math>.
</sentence>

<sentence sentence-num-in-para="2" sentence-num-in-section="24" xml:id="C10.S23.Px6.p2.s2">
(Note that when <Math mode="inline" xml:id="C10.S23.Px6.p2.m1">x=1</Math> the left-hand side is 1 and the right-hand side is 0.)
</sentence>

</para>
 
</paragraph>
 
<paragraph xml:id="C10.S23.Px7">
<title>Other Series Expansions</title>   
<para xml:id="C10.S23.Px7.p1">

<sentence sentence-num-in-para="1" sentence-num-in-section="25" xml:id="C10.S23.Px7.p1.s1">
For other types of expansions of arbitrary functions in series of Bessel functions, see Watson (1944, Chapters 17–19) andErdélyi et al. (1953b, §§ 7.10.2–7.10.4).
</sentence>

<sentence sentence-num-in-para="2" sentence-num-in-section="26" xml:id="C10.S23.Px7.p1.s2">
See alsoSchäfke (1960, 1961b).
</sentence>

</para>

 
</paragraph>
 
</subsection>
 
<subsection xml:id="C10.S23.SS4">
<title>Compendia</title>        
 
<para xml:id="C10.S23.SS4.p1">

<sentence sentence-num-in-para="1" sentence-num-in-section="27" xml:id="C10.S23.SS4.p1.s1">
For collections of sums of series involving Bessel or Hankel functions seeErdélyi et al. (1953b, §7.15), Gradshteyn and Ryzhik (2000, §§8.51–8.53),Hansen(1975), Luke (1969b, §9.4),Prudnikov et al. (1986b, pp. 651–691 and 697–700), and Wheelon (1968, pp. 48–51).
</sentence>

</para>
   
 
</subsection>
 
</section>
