<?xml version="1.0" encoding="UTF-8"?>
<section xml:id="C10.S28">
<title>Wronskians and Cross-Products</title>        
   
<para xml:id="C10.S28.p1">

<sentence sentence-num-in-para="1" sentence-num-in-section="1" xml:id="C10.S28.p1.s1">
 <Math equation-number="10.28.1" mode="display" xml:id="C10.S28.E1">\mathscr{W}\left\{I_{\nu}\left(z\right),I_{-\nu}\left(z\right)\right\}=I_{\nu} \left(z\right)I_{-\nu-1}\left(z\right)-I_{\nu+1}\left(z\right)I_{-\nu}\left(z \right)=-2\sin\left(\nu\pi\right)/(\pi z),</Math> <Math equation-number="10.28.2" mode="display" xml:id="C10.S28.E2">\mathscr{W}\left\{K_{\nu}\left(z\right),I_{\nu}\left(z\right)\right\}=I_{\nu} \left(z\right)K_{\nu+1}\left(z\right)+I_{\nu+1}\left(z\right)K_{\nu}\left(z \right)=1/z</Math>.
</sentence>

</para>

 
</section>
