<?xml version="1.0" encoding="UTF-8"?>
<section xml:id="C10.S21">
<title>Zeros</title>        
 
<subsection xml:id="C10.S21.SS1">
<title>Distribution</title>        
  
 
<para xml:id="C10.S21.SS1.p1">

<sentence sentence-num-in-para="1" sentence-num-in-section="1" xml:id="C10.S21.SS1.p1.s1">
The zeros of any cylinder function or its derivative are simple, with the possible exceptions of <Math mode="inline" xml:id="C10.S21.SS1.p1.m1">z=0</Math> in the case of the functions, and <Math mode="inline" xml:id="C10.S21.SS1.p1.m2">z=0,\pm\nu</Math> in the case of the derivatives.
</sentence>

</para>
 
<para xml:id="C10.S21.SS1.p2">

<sentence sentence-num-in-para="1" sentence-num-in-section="2" xml:id="C10.S21.SS1.p2.s1">
If <Math mode="inline" xml:id="C10.S21.SS1.p2.m1">\nu</Math> is real, then <Math mode="inline" xml:id="C10.S21.SS1.p2.m2">J_{\nu}\left(z\right)</Math> , <Math mode="inline" xml:id="C10.S21.SS1.p2.m3">J_{\nu}'\left(z\right)</Math> , <Math mode="inline" xml:id="C10.S21.SS1.p2.m4">Y_{\nu}\left(z\right)</Math> , and <Math mode="inline" xml:id="C10.S21.SS1.p2.m5">Y_{\nu}'\left(z\right)</Math> , each have an infinite number of positive real zeros.
</sentence>

<sentence sentence-num-in-para="2" sentence-num-in-section="3" xml:id="C10.S21.SS1.p2.s2">
All of these zeros are simple, provided that <Math mode="inline" xml:id="C10.S21.SS1.p2.m6">\nu\geq-1</Math> in the case of <Math mode="inline" xml:id="C10.S21.SS1.p2.m7">J_{\nu}'\left(z\right)</Math> , and <Math mode="inline" xml:id="C10.S21.SS1.p2.m8">\nu\geq-\tfrac{1}{2}</Math> in the case of <Math mode="inline" xml:id="C10.S21.SS1.p2.m9">Y_{\nu}'\left(z\right)</Math>.
</sentence>

<sentence sentence-num-in-para="3" sentence-num-in-section="4" xml:id="C10.S21.SS1.p2.s3">
When all of their zeros are simple, the <Math mode="inline" xml:id="C10.S21.SS1.p2.m10">m</Math> th positive zeros of these functions are denoted by <Math mode="inline" xml:id="C10.S21.SS1.p2.m19">j_{\nu,m}</Math> , <Math mode="inline" xml:id="C10.S21.SS1.p2.m20">{j^{\prime}_{\nu,m}}</Math> , <Math mode="inline" xml:id="C10.S21.SS1.p2.m21">y_{\nu,m}</Math> , and <Math mode="inline" xml:id="C10.S21.SS1.p2.m22">{y^{\prime}_{\nu,m}}</Math> respectively, except that <Math mode="inline" xml:id="C10.S21.SS1.p2.m23">z=0</Math> is counted as the first zero of <Math mode="inline" xml:id="C10.S21.SS1.p2.m24">J_{0}'\left(z\right)</Math>.
</sentence>

<sentence sentence-num-in-para="4" sentence-num-in-section="5" xml:id="C10.S21.SS1.p2.s4">
Since <Math mode="inline" xml:id="C10.S21.SS1.p2.m25">J_{0}'\left(z\right)=-J_{1}\left(z\right)</Math> we have <Math equation-number="10.21.1" mode="display" xml:id="C10.S21.E1">{j^{\prime}_{0,1}}=0,{j^{\prime}_{0,m}}=j_{1,m-1}, if m=2,3,\ldots</Math>.
</sentence>

</para>
 
<para xml:id="C10.S21.SS1.p3">

<sentence sentence-num-in-para="1" sentence-num-in-section="6" xml:id="C10.S21.SS1.p3.s1">
When <Math mode="inline" xml:id="C10.S21.SS1.p3.m1">\nu\geq 0</Math> , the zeros interlace according to the inequalities <Math equation-number="10.21.2" mode="display" xml:id="C10.S21.E2">j_{\nu,1}&lt;j_{\nu+1,1}&lt;j_{\nu,2}&lt;j_{\nu+1,2}&lt;j_{\nu,3}&lt;\cdots,y_{\nu,1}&lt;y_{\nu+1,1}&lt;y_{\nu,2}&lt;y_{\nu+1,2}&lt;y_{\nu,3}&lt;\cdots,</Math> <Math equation-number="10.21.3" mode="display" xml:id="C10.S21.E3">\nu\leq{j^{\prime}_{\nu,1}}&lt;y_{\nu,1}&lt;{y^{\prime}_{\nu,1}}&lt;j_{\nu,1}&lt;{j^{ \prime}_{\nu,2}}&lt;y_{\nu,2}&lt;\cdots</Math>.
</sentence>

</para>
 
<para xml:id="C10.S21.SS1.p4">

<sentence sentence-num-in-para="1" sentence-num-in-section="7" xml:id="C10.S21.SS1.p4.s1">
For an extension see Pálmai and Apagyi (2011).
</sentence>

</para>
 
<para xml:id="C10.S21.SS1.p5">

<sentence sentence-num-in-para="1" sentence-num-in-section="8" xml:id="C10.S21.SS1.p5.s1">
The positive zeros of any two real distinct cylinder functions of the same order are interlaced, as are the positive zeros of any real cylinder function <Math mode="inline" xml:id="C10.S21.SS1.p5.m1">\mathscr{C}_{\nu}\left(z\right)</Math> and the contiguous function <Math mode="inline" xml:id="C10.S21.SS1.p5.m2">\mathscr{C}_{\nu+1}\left(z\right)</Math>.
</sentence>

<sentence sentence-num-in-para="2" sentence-num-in-section="9" xml:id="C10.S21.SS1.p5.s2">
See also Elbert and Laforgia (1994).
</sentence>

</para>
 
<para xml:id="C10.S21.SS1.p6">

<sentence sentence-num-in-para="1" sentence-num-in-section="10" xml:id="C10.S21.SS1.p6.s1">
When <Math mode="inline" xml:id="C10.S21.SS1.p6.m1">\nu\geq-1</Math> the zeros of <Math mode="inline" xml:id="C10.S21.SS1.p6.m2">J_{\nu}\left(z\right)</Math> are all real.
</sentence>

<sentence sentence-num-in-para="2" sentence-num-in-section="11" xml:id="C10.S21.SS1.p6.s2">
If <Math mode="inline" xml:id="C10.S21.SS1.p6.m3">\nu&lt;-1</Math> and <Math mode="inline" xml:id="C10.S21.SS1.p6.m4">\nu</Math> is not an integer, then the number of complex zeros of <Math mode="inline" xml:id="C10.S21.SS1.p6.m5">J_{\nu}\left(z\right)</Math> is <Math mode="inline" xml:id="C10.S21.SS1.p6.m6">2\left\lfloor-\nu\right\rfloor</Math>.
</sentence>

<sentence sentence-num-in-para="3" sentence-num-in-section="12" xml:id="C10.S21.SS1.p6.s3">
If <Math mode="inline" xml:id="C10.S21.SS1.p6.m7">\left\lfloor-\nu\right\rfloor</Math> is odd, then two of these zeros lie on the imaginary axis.
</sentence>

</para>
 
<para xml:id="C10.S21.SS1.p7">

<sentence sentence-num-in-para="1" sentence-num-in-section="13" xml:id="C10.S21.SS1.p7.s1">
If <Math mode="inline" xml:id="C10.S21.SS1.p7.m1">\nu\geq 0</Math> , then the zeros of <Math mode="inline" xml:id="C10.S21.SS1.p7.m2">J_{\nu}'\left(z\right)</Math> are all real.
</sentence>

</para>
 
<para xml:id="C10.S21.SS1.p8">

<sentence sentence-num-in-para="1" sentence-num-in-section="14" xml:id="C10.S21.SS1.p8.s1">
For information on the real double zeros of <Math mode="inline" xml:id="C10.S21.SS1.p8.m1">J_{\nu}'\left(z\right)</Math> and <Math mode="inline" xml:id="C10.S21.SS1.p8.m2">Y_{\nu}'\left(z\right)</Math> when <Math mode="inline" xml:id="C10.S21.SS1.p8.m3">\nu&lt;-1</Math> and <Math mode="inline" xml:id="C10.S21.SS1.p8.m4">\nu&lt;-\tfrac{1}{2}</Math> , respectively, seeDöring (1971) and Kerimov and Skorokhodov (1986).
</sentence>

<sentence sentence-num-in-para="2" sentence-num-in-section="15" xml:id="C10.S21.SS1.p8.s2">
The latter reference also has information on double zeros of the second and third derivatives of <Math mode="inline" xml:id="C10.S21.SS1.p8.m5">J_{\nu}\left(z\right)</Math> and <Math mode="inline" xml:id="C10.S21.SS1.p8.m6">Y_{\nu}\left(z\right)</Math>.
</sentence>

</para>
 
<para xml:id="C10.S21.SS1.p9">

<sentence sentence-num-in-para="1" sentence-num-in-section="16" xml:id="C10.S21.SS1.p9.s1">
No two of the functions <Math mode="inline" xml:id="C10.S21.SS1.p9.m1">J_{0}\left(z\right)</Math> , <Math mode="inline" xml:id="C10.S21.SS1.p9.m2">J_{1}\left(z\right)</Math> , <Math mode="inline" xml:id="C10.S21.SS1.p9.m3">J_{2}\left(z\right),\ldots</Math> , have any common zeros other than <Math mode="inline" xml:id="C10.S21.SS1.p9.m4">z=0</Math> ; seeWatson (1944, §15.28).
</sentence>

</para>
 
 
</subsection>
 
<subsection xml:id="C10.S21.SS2">
<title>Analytic Properties</title>        
   
<para xml:id="C10.S21.SS2.p1">

<sentence sentence-num-in-para="1" sentence-num-in-section="17" xml:id="C10.S21.SS2.p1.s1">
If <Math mode="inline" xml:id="C10.S21.SS2.p1.m1">\rho_{\nu}</Math> is a zero of the cylinder function <Math equation-number="10.21.4" mode="display" xml:id="C10.S21.E4">\mathscr{C}_{\nu}\left(z\right)=J_{\nu}\left(z\right)\cos\left(\pi t\right)+Y_ {\nu}\left(z\right)\sin\left(\pi t\right),</Math> where <Math mode="inline" xml:id="C10.S21.SS2.p1.m2">t</Math> is a parameter, then <Math equation-number="10.21.5" mode="display" xml:id="C10.S21.E5">\mathscr{C}_{\nu}'\left(\rho_{\nu}\right)=\mathscr{C}_{\nu-1}\left(\rho_{\nu} \right)=-\mathscr{C}_{\nu+1}\left(\rho_{\nu}\right)</Math>.
</sentence>

<sentence sentence-num-in-para="2" sentence-num-in-section="18" xml:id="C10.S21.SS2.p1.s2">
If <Math mode="inline" xml:id="C10.S21.SS2.p1.m3">\sigma_{\nu}</Math> is a zero of <Math mode="inline" xml:id="C10.S21.SS2.p1.m4">\mathscr{C}_{\nu}'\left(z\right)</Math> , then <Math equation-number="10.21.6" mode="display" xml:id="C10.S21.E6">\mathscr{C}_{\nu}\left(\sigma_{\nu}\right)=\frac{\sigma_{\nu}}{\nu}\mathscr{C} _{\nu-1}\left(\sigma_{\nu}\right)=\frac{\sigma_{\nu}}{\nu}\mathscr{C}_{\nu+1} \left(\sigma_{\nu}\right)</Math>.
</sentence>

</para>
 
<para xml:id="C10.S21.SS2.p2">

<sentence sentence-num-in-para="1" sentence-num-in-section="19" xml:id="C10.S21.SS2.p2.s1">
The parameter <Math mode="inline" xml:id="C10.S21.SS2.p2.m1">t</Math> may be regarded as a continuous variable and <Math mode="inline" xml:id="C10.S21.SS2.p2.m2">\rho_{\nu}</Math> , <Math mode="inline" xml:id="C10.S21.SS2.p2.m3">\sigma_{\nu}</Math> as functions <Math mode="inline" xml:id="C10.S21.SS2.p2.m4">\rho_{\nu}(t)</Math> , <Math mode="inline" xml:id="C10.S21.SS2.p2.m5">\sigma_{\nu}(t)</Math> of <Math mode="inline" xml:id="C10.S21.SS2.p2.m6">t</Math>.
</sentence>

<sentence sentence-num-in-para="2" sentence-num-in-section="20" xml:id="C10.S21.SS2.p2.s2">
If <Math mode="inline" xml:id="C10.S21.SS2.p2.m7">\nu\geq 0</Math> and these functions are fixed by <Math equation-number="10.21.7" mode="display" xml:id="C10.S21.E7">\rho_{\nu}(0)=0,\sigma_{\nu}(0)={j^{\prime}_{\nu,1}},</Math> then <Math equation-number="10.21.8" mode="display" xml:id="C10.S21.E8">j_{\nu,m}=\rho_{\nu}(m),y_{\nu,m}=\rho_{\nu}(m-\tfrac{1}{2}), , if m=1,2,\ldots,</Math> <Math equation-number="10.21.9" mode="display" xml:id="C10.S21.E9">{j^{\prime}_{\nu,m}}=\sigma_{\nu}(m-1),{y^{\prime}_{\nu,m}}=\sigma_{\nu}(m-\tfrac{1}{2}), , if m=1,2,\ldots</Math>.
</sentence>

<sentence sentence-num-in-para="3" sentence-num-in-section="21" xml:id="C10.S21.SS2.p2.s3">
<Math equation-number="10.21.10" mode="display" xml:id="C10.S21.E10">\mathscr{C}_{\nu}'\left(\rho_{\nu}\right)=\left(\frac{\rho_{\nu}}{2}\frac{ \mathrm{d}\rho_{\nu}}{\mathrm{d}t}\right)^{-\frac{1}{2}},\mathscr{C}_{\nu}\left(\sigma_{\nu}\right)=\left(\frac{\sigma_{\nu}^{2}-\nu^{2 }}{2\sigma_{\nu}}\frac{\mathrm{d}\sigma_{\nu}}{\mathrm{d}t}\right)^{-\frac{1}{ 2}},</Math> <Math equation-number="10.21.11" mode="display" xml:id="C10.S21.E11">2\rho_{\nu}^{2}\frac{\mathrm{d}\rho_{\nu}}{\mathrm{d}t}\frac{{\mathrm{d}}^{3} \rho_{\nu}}{{\mathrm{d}t}^{3}}-3\rho_{\nu}^{2}\*\left(\frac{{\mathrm{d}}^{2} \rho_{\nu}}{{\mathrm{d}t}^{2}}\right)^{2}-4\pi^{2}\rho_{\nu}^{2}\*\left(\frac{ \mathrm{d}\rho_{\nu}}{\mathrm{d}t}\right)^{2}+(4\rho_{\nu}^{2}+1-4\nu^{2}) \left(\frac{\mathrm{d}\rho_{\nu}}{\mathrm{d}t}\right)^{4}=0</Math>.
</sentence>

</para>
 
<para xml:id="C10.S21.SS2.p3">

<sentence sentence-num-in-para="1" sentence-num-in-section="22" xml:id="C10.S21.SS2.p3.s1">
The functions <Math mode="inline" xml:id="C10.S21.SS2.p3.m1">\rho_{\nu}(t)</Math> and <Math mode="inline" xml:id="C10.S21.SS2.p3.m2">\sigma_{\nu}(t)</Math> are related to the inverses ofthe phase functions <Math mode="inline" xml:id="C10.S21.SS2.p3.m3">\theta_{\nu}\left(x\right)</Math> and <Math mode="inline" xml:id="C10.S21.SS2.p3.m4">\phi_{\nu}\left(x\right)</Math> defined in §10.18(i): if <Math mode="inline" xml:id="C10.S21.SS2.p3.m5">\nu\geq 0</Math> , then <Math equation-number="10.21.12" mode="display" xml:id="C10.S21.E12">\theta_{\nu}\left(j_{\nu,m}\right)=(m-\tfrac{1}{2})\pi,\theta_{\nu}\left(y_{\nu,m}\right)=(m-1)\pi, if m=1,2,\ldots,</Math> <Math equation-number="10.21.13" mode="display" xml:id="C10.S21.E13">\phi_{\nu}\left({j^{\prime}_{\nu,m}}\right)=(m-\tfrac{1}{2})\pi,\phi_{\nu}\left({y^{\prime}_{\nu,m}}\right)=m\pi, if m=1,2,\ldots</Math>.
</sentence>

</para>
 
<para xml:id="C10.S21.SS2.p4">

<sentence sentence-num-in-para="1" sentence-num-in-section="23" xml:id="C10.S21.SS2.p4.s1">
For sign properties of the forward differences that are defined by <Math equation-number="10.21.14" mode="display" xml:id="C10.S21.E14">\Delta\rho_{\nu}(t)=\rho_{\nu}(t+1)-\rho_{\nu}(t),\Delta^{2}\rho_{\nu}(t)=\Delta\rho_{\nu}(t+1)-\Delta\rho_{\nu}(t),\ldots,</Math> when <Math mode="inline" xml:id="C10.S21.SS2.p4.m1">t=1,2,3,\ldots</Math> , and similarly for <Math mode="inline" xml:id="C10.S21.SS2.p4.m2">\sigma_{\nu}(t)</Math> , seeLorch and Szegő (1963, 1964), Lorch et al. (1970, 1972), and Muldoon (1977).
</sentence>

</para>
 
<para xml:id="C10.S21.SS2.p5">

<sentence sentence-num-in-para="1" sentence-num-in-section="24" xml:id="C10.S21.SS2.p5.s1">
Some information on the distribution of <Math mode="inline" xml:id="C10.S21.SS2.p5.m1">\rho_{\nu}(t)</Math> and <Math mode="inline" xml:id="C10.S21.SS2.p5.m2">\sigma_{\nu}(t)</Math> for real values of <Math mode="inline" xml:id="C10.S21.SS2.p5.m3">\nu</Math> and <Math mode="inline" xml:id="C10.S21.SS2.p5.m4">t</Math> is given in Muldoon and Spigler (1984).
</sentence>

</para>

 
</subsection>
 
<subsection xml:id="C10.S21.SS3">
<title>Infinite Products</title>        
  
<para xml:id="C10.S21.SS3.p1">

<sentence sentence-num-in-para="1" sentence-num-in-section="25" xml:id="C10.S21.SS3.p1.s1">
 <Math equation-number="10.21.15" mode="display" xml:id="C10.S21.E15">J_{\nu}\left(z\right)=\frac{(\tfrac{1}{2}z)^{\nu}}{\Gamma\left(\nu+1\right)} \prod_{k=1}^{\infty}\left(1-\frac{z^{2}}{{j_{\nu,k}^{2}}}\right), if \nu\geq 0,</Math> , <Math equation-number="10.21.16" mode="display" xml:id="C10.S21.E16">J_{\nu}'\left(z\right)=\frac{(\tfrac{1}{2}z)^{\nu-1}}{2\Gamma\left(\nu\right)} \prod_{k=1}^{\infty}\left(1-\frac{z^{2}}{{{j^{\prime}_{\nu,k}}^{\mspace{-16.0 mu }2}}}\right), if \nu&gt;0</Math>.
</sentence>

</para>

 
</subsection>
 
<subsection xml:id="C10.S21.SS4">
<title>Monotonicity Properties</title>        
   
<para xml:id="C10.S21.SS4.p1">

<sentence sentence-num-in-para="1" sentence-num-in-section="26" xml:id="C10.S21.SS4.p1.s1">
Any positive zero <Math mode="inline" xml:id="C10.S21.SS4.p1.m1">c</Math> of the cylinder function <Math mode="inline" xml:id="C10.S21.SS4.p1.m2">\mathscr{C}_{\nu}\left(x\right)</Math> and any positive zero <Math mode="inline" xml:id="C10.S21.SS4.p1.m3">c^{\prime}</Math> of <Math mode="inline" xml:id="C10.S21.SS4.p1.m4">\mathscr{C}_{\nu}'\left(x\right)</Math> such that <Math mode="inline" xml:id="C10.S21.SS4.p1.m5">c^{\prime}&gt;|\nu|</Math> are definable as continuous and increasing functions of <Math mode="inline" xml:id="C10.S21.SS4.p1.m6">\nu</Math> : <Math equation-number="10.21.17" mode="display" xml:id="C10.S21.E17">\frac{\mathrm{d}c}{\mathrm{d}\nu}=2c\int_{0}^{\infty}K_{0}\left(2c\sinh t \right)e^{-2\nu t}\mathrm{d}t,</Math> <Math equation-number="10.21.18" mode="display" xml:id="C10.S21.E18">\frac{\mathrm{d}c^{\prime}}{\mathrm{d}\nu}=\frac{2c^{\prime}}{{c^{\prime}}^{2} -\nu^{2}}\*\int_{0}^{\infty}({c^{\prime}}^{2}\cosh\left(2t\right)-\nu^{2})\*K_ {0}\left(2c^{\prime}\sinh t\right)e^{-2\nu t}\mathrm{d}t,</Math> where <Math mode="inline" xml:id="C10.S21.SS4.p1.m7">K_{0}</Math> is defined in §10.25(ii).
</sentence>

</para>
 
<para xml:id="C10.S21.SS4.p2">

<sentence sentence-num-in-para="1" sentence-num-in-section="27" xml:id="C10.S21.SS4.p2.s1">
In particular, <Math mode="inline" xml:id="C10.S21.SS4.p2.m1">j_{\nu,m}</Math> , <Math mode="inline" xml:id="C10.S21.SS4.p2.m2">y_{\nu,m}</Math> , <Math mode="inline" xml:id="C10.S21.SS4.p2.m3">j_{\nu,m}'</Math> , and <Math mode="inline" xml:id="C10.S21.SS4.p2.m4">y_{\nu,m}'</Math> are increasing functions of <Math mode="inline" xml:id="C10.S21.SS4.p2.m5">\nu</Math> when <Math mode="inline" xml:id="C10.S21.SS4.p2.m6">\nu\geq 0</Math>.
</sentence>

<sentence sentence-num-in-para="2" sentence-num-in-section="28" xml:id="C10.S21.SS4.p2.s2">
It is also true that the positive zeros <Math mode="inline" xml:id="C10.S21.SS4.p2.m7">j^{\prime\prime}_{\nu}</Math> and <Math mode="inline" xml:id="C10.S21.SS4.p2.m8">j^{\prime\prime\prime}_{\nu}</Math> of <Math mode="inline" xml:id="C10.S21.SS4.p2.m9">J_{\nu}''\left(x\right)</Math> and <Math mode="inline" xml:id="C10.S21.SS4.p2.m10">J_{\nu}'''\left(x\right)</Math> , respectively, are increasing functions of <Math mode="inline" xml:id="C10.S21.SS4.p2.m11">\nu</Math> when <Math mode="inline" xml:id="C10.S21.SS4.p2.m12">\nu&gt;0</Math> , provided that in the latter case <Math mode="inline" xml:id="C10.S21.SS4.p2.m13">j^{\prime\prime\prime}_{\nu}&gt;\sqrt{3}</Math> when <Math mode="inline" xml:id="C10.S21.SS4.p2.m14">0&lt;\nu&lt;1</Math>.
</sentence>

</para>
 
<para xml:id="C10.S21.SS4.p3">

<sentence sentence-num-in-para="1" sentence-num-in-section="29" xml:id="C10.S21.SS4.p3.s1">
 <Math mode="inline" xml:id="C10.S21.SS4.p3.m1">j_{\nu,m}/\nu</Math> and <Math mode="inline" xml:id="C10.S21.SS4.p3.m2">j_{\nu,m}'/\nu</Math> are decreasing functions of <Math mode="inline" xml:id="C10.S21.SS4.p3.m3">\nu</Math> when <Math mode="inline" xml:id="C10.S21.SS4.p3.m4">\nu&gt;0</Math> for <Math mode="inline" xml:id="C10.S21.SS4.p3.m5">m=1,2,3,\ldots</Math>.
</sentence>

</para>
 
<para xml:id="C10.S21.SS4.p4">

<sentence sentence-num-in-para="1" sentence-num-in-section="30" xml:id="C10.S21.SS4.p4.s1">
For further monotonicity properties see Elbert (2001),Lorch (1990, 1993, 1995), Lorch and Muldoon (2008),Lorch and Szegő (1990, 1995), and Muldoon (1981).
</sentence>

<sentence sentence-num-in-para="2" sentence-num-in-section="31" xml:id="C10.S21.SS4.p4.s2">
For inequalities for zeros arising from monotonicity properties seeLaforgia and Muldoon (1983).
</sentence>

</para>
 
</subsection>
 
<subsection xml:id="C10.S21.SS5">
<title>Inequalities</title>        
   
<para xml:id="C10.S21.SS5.p1">

<sentence sentence-num-in-para="1" sentence-num-in-section="32" xml:id="C10.S21.SS5.p1.s1">
For bounds for the smallest real or purely imaginary zeros of <Math mode="inline" xml:id="C10.S21.SS5.p1.m1">J_{\nu}\left(x\right)</Math> when <Math mode="inline" xml:id="C10.S21.SS5.p1.m2">\nu</Math> is real see Ismail and Muldoon (1995).
</sentence>

</para>

 
</subsection>
 
<subsection xml:id="C10.S21.SS6">
<title>McMahon’s Asymptotic Expansions for Large Zeros</title>        
    
<para xml:id="C10.S21.SS6.p1">

<sentence sentence-num-in-para="1" sentence-num-in-section="33" xml:id="C10.S21.SS6.p1.s1">
If <Math mode="inline" xml:id="C10.S21.SS6.p1.m1">\nu</Math> <Math mode="inline" xml:id="C10.S21.SS6.p1.m2">(\geq 0)</Math> is fixed, <Math mode="inline" xml:id="C10.S21.SS6.p1.m3">\mu=4\nu^{2}</Math> , and <Math mode="inline" xml:id="C10.S21.SS6.p1.m4">m\to\infty</Math> , then
</sentence>

</para>
 
 
<para xml:id="C10.S21.SS6.p2">

<sentence sentence-num-in-para="1" sentence-num-in-section="34" xml:id="C10.S21.SS6.p2.s1">
 <Math equation-number="10.21.19" mode="display" xml:id="C10.S21.E19">j_{\nu,m},y_{\nu,m}\sim a-\frac{\mu-1}{8a}-\frac{4(\mu-1)(7\mu-31)}{3(8a)^{3}} -\frac{32(\mu-1)(83\mu^{2}-982\mu+3779)}{15(8a)^{5}}-\frac{64(\mu-1)(6949\mu^{ 3}-1\;53855\mu^{2}+15\;85743\mu-62\;77237)}{105(8a)^{7}}-\cdots,</Math> where <Math mode="inline" xml:id="C10.S21.SS6.p2.m1">a=(m+\tfrac{1}{2}\nu-\tfrac{1}{4})\pi</Math> for <Math mode="inline" xml:id="C10.S21.SS6.p2.m2">j_{\nu,m}</Math> , <Math mode="inline" xml:id="C10.S21.SS6.p2.m3">a=(m+\tfrac{1}{2}\nu-\tfrac{3}{4})\pi</Math> for <Math mode="inline" xml:id="C10.S21.SS6.p2.m4">y_{\nu,m}</Math>.
</sentence>

<sentence sentence-num-in-para="2" sentence-num-in-section="35" xml:id="C10.S21.SS6.p2.s2">
With <Math mode="inline" xml:id="C10.S21.SS6.p2.m5">a=(t+\tfrac{1}{2}\nu-\tfrac{1}{4})\pi</Math> , the right-hand side is the asymptotic expansion of <Math mode="inline" xml:id="C10.S21.SS6.p2.m6">\rho_{\nu}(t)</Math> for large <Math mode="inline" xml:id="C10.S21.SS6.p2.m7">t</Math>.
</sentence>

<sentence sentence-num-in-para="3" sentence-num-in-section="36" xml:id="C10.S21.SS6.p2.s3">
<Math equation-number="10.21.20" mode="display" xml:id="C10.S21.E20">j_{\nu,m}',y_{\nu,m}'\sim b-\frac{\mu+3}{8b}-\frac{4(7\mu^{2}+82\mu-9)}{3(8b)^ {3}}-\frac{32(83\mu^{3}+2075\mu^{2}-3039\mu+3537)}{15(8b)^{5}}-\frac{64(6949 \mu^{4}+2\;96492\mu^{3}-12\;48002\mu^{2}+74\;14380\mu-58\;53627)}{105(8b)^{7}} -\cdots,</Math> 
</sentence>

</para>
  
<para xml:id="C10.S21.SS6.p3">

<sentence sentence-num-in-para="1" sentence-num-in-section="37" xml:id="C10.S21.SS6.p3.s1">
where <Math mode="inline" xml:id="C10.S21.SS6.p3.m1">b=(m+\tfrac{1}{2}\nu-\tfrac{3}{4})\pi</Math> for <Math mode="inline" xml:id="C10.S21.SS6.p3.m2">j_{\nu,m}'</Math> , <Math mode="inline" xml:id="C10.S21.SS6.p3.m3">b=(m+\tfrac{1}{2}\nu-\tfrac{1}{4})\pi</Math> for <Math mode="inline" xml:id="C10.S21.SS6.p3.m4">y_{\nu,m}'</Math> , and <Math mode="inline" xml:id="C10.S21.SS6.p3.m5">b=(t+\tfrac{1}{2}\nu+\tfrac{1}{4})\pi</Math> for <Math mode="inline" xml:id="C10.S21.SS6.p3.m6">\sigma_{\nu}(t)</Math>.
</sentence>

</para>
 
<para xml:id="C10.S21.SS6.p4">

<sentence sentence-num-in-para="1" sentence-num-in-section="38" xml:id="C10.S21.SS6.p4.s1">
For the next three terms in (10.21.19) and the next two terms in (10.21.20) see Bickley et al. (1952, p. xxxvii) orOlver (1960, pp. xvii–xviii).
</sentence>

</para>
 
<para xml:id="C10.S21.SS6.p5">

<sentence sentence-num-in-para="1" sentence-num-in-section="39" xml:id="C10.S21.SS6.p5.s1">
For error bounds see Wong and Lang (1990), Wong (1995), andElbert and Laforgia (2000).
</sentence>

<sentence sentence-num-in-para="2" sentence-num-in-section="40" xml:id="C10.S21.SS6.p5.s2">
See also Laforgia (1979).
</sentence>

</para>
 
<para xml:id="C10.S21.SS6.p6">

<sentence sentence-num-in-para="1" sentence-num-in-section="41" xml:id="C10.S21.SS6.p6.s1">
For the <Math mode="inline" xml:id="C10.S21.SS6.p6.m1">m</Math> th positive zero <Math mode="inline" xml:id="C10.S21.SS6.p6.m2">j^{\prime\prime}_{\nu,m}</Math> of <Math mode="inline" xml:id="C10.S21.SS6.p6.m3">J_{\nu}''\left(x\right)</Math> Wong and Lang (1990) gives the corresponding expansion <Math equation-number="10.21.21" mode="display" xml:id="C10.S21.E21">j^{\prime\prime}_{\nu,m}\sim c-\frac{\mu+7}{8c}-\frac{28\mu^{2}+424\mu+1724}{3 (8c)^{3}}-\cdots,</Math> where <Math mode="inline" xml:id="C10.S21.SS6.p6.m4">c=(m+\tfrac{1}{2}\nu-\tfrac{1}{4})\pi</Math> if <Math mode="inline" xml:id="C10.S21.SS6.p6.m5">0&lt;\nu&lt;1</Math> , and <Math mode="inline" xml:id="C10.S21.SS6.p6.m6">c=(m+\tfrac{1}{2}\nu-\tfrac{5}{4})\pi</Math> if <Math mode="inline" xml:id="C10.S21.SS6.p6.m7">\nu&gt;1</Math>.
</sentence>

<sentence sentence-num-in-para="2" sentence-num-in-section="42" xml:id="C10.S21.SS6.p6.s2">
An error bound isincluded for the case <Math mode="inline" xml:id="C10.S21.SS6.p6.m8">\nu\geq\tfrac{3}{2}</Math>.
</sentence>

</para>

 
</subsection>
 
<subsection xml:id="C10.S21.SS7">
<title>Asymptotic Expansions for Large Order</title>        
  
<para xml:id="C10.S21.SS7.p1">

<sentence sentence-num-in-para="1" sentence-num-in-section="43" xml:id="C10.S21.SS7.p1.s1">
Let <Math mode="inline" xml:id="C10.S21.SS7.p1.m1">\mathscr{C}_{\nu}\left(x\right)</Math> , <Math mode="inline" xml:id="C10.S21.SS7.p1.m2">\rho_{\nu}(t)</Math> , and <Math mode="inline" xml:id="C10.S21.SS7.p1.m3">\sigma_{\nu}(t)</Math> be defined as in §10.21(ii) and <Math mode="inline" xml:id="C10.S21.SS7.p1.m4">M\left(x\right)</Math> , <Math mode="inline" xml:id="C10.S21.SS7.p1.m5">\theta\left(x\right)</Math> , <Math mode="inline" xml:id="C10.S21.SS7.p1.m6">N\left(x\right)</Math> , and <Math mode="inline" xml:id="C10.S21.SS7.p1.m7">\phi\left(x\right)</Math> denote the modulus and phase functions for the Airy functions and their derivatives as in §9.8.
</sentence>

</para>
 
<para xml:id="C10.S21.SS7.p2">

<sentence sentence-num-in-para="1" sentence-num-in-section="44" xml:id="C10.S21.SS7.p2.s1">
As <Math mode="inline" xml:id="C10.S21.SS7.p2.m1">\nu\to\infty</Math> with <Math mode="inline" xml:id="C10.S21.SS7.p2.m2">t</Math> <Math mode="inline" xml:id="C10.S21.SS7.p2.m3">(&gt;0)</Math> fixed, <Math equation-number="10.21.22" mode="display" xml:id="C10.S21.E22">\rho_{\nu}(t)\sim\nu\sum_{k=0}^{\infty}\frac{\alpha_{k}}{\nu^{2k/3}},</Math> <Math equation-number="10.21.23" mode="display" xml:id="C10.S21.E23">\mathscr{C}_{\nu}'\left(\rho_{\nu}(t)\right)\sim\frac{(2/\nu)^{\frac{2}{3}}}{ \pi M\left(-2^{\frac{1}{3}}\alpha\right)}\sum_{k=0}^{\infty}\frac{\beta_{k}}{ \nu^{2k/3}},</Math> where <Math mode="inline" xml:id="C10.S21.SS7.p2.m4">\alpha</Math> is given by <Math equation-number="10.21.24" mode="display" xml:id="C10.S21.E24">\theta\left(-2^{\frac{1}{3}}\alpha\right)=\pi t,</Math> and <Math equation-number="10.21.25" mode="display" xml:id="C10.S21.E25">\alpha_{0}=1,\alpha_{1}=\alpha,\alpha_{2}=\tfrac{3}{10}\alpha^{2},\alpha_{3}=-\tfrac{1}{350}\alpha^{3}+\tfrac{1}{70},\alpha_{4}=-\tfrac{479}{63000}\alpha^{4}-\tfrac{1}{3150}\alpha,\alpha_{5}=\tfrac{20231}{80\;85000}\alpha^{5}-\tfrac{551}{1\;61700}\alpha^{2},</Math> <Math equation-number="10.21.26" mode="display" xml:id="C10.S21.E26">\beta_{0}=1,\beta_{1}=-\tfrac{4}{5}\alpha,\beta_{2}=\tfrac{18}{35}\alpha^{2},\beta_{3}=-\tfrac{88}{315}\alpha^{3}-\tfrac{11}{1575},\beta_{4}=\tfrac{79586}{6\;06375}\alpha^{4}+\tfrac{9824}{6\;06375}\alpha</Math>.
</sentence>

</para>
 
<para xml:id="C10.S21.SS7.p3">

<sentence sentence-num-in-para="1" sentence-num-in-section="45" xml:id="C10.S21.SS7.p3.s1">
As <Math mode="inline" xml:id="C10.S21.SS7.p3.m1">\nu\to\infty</Math> with <Math mode="inline" xml:id="C10.S21.SS7.p3.m2">t</Math> <Math mode="inline" xml:id="C10.S21.SS7.p3.m3">(&gt;-\tfrac{1}{6})</Math> fixed, <Math equation-number="10.21.27" mode="display" xml:id="C10.S21.E27">\sigma_{\nu}(t)\sim\nu\sum_{k=0}^{\infty}\frac{\alpha^{\prime}_{k}}{\nu^{2k/3}},</Math> <Math equation-number="10.21.28" mode="display" xml:id="C10.S21.E28">\mathscr{C}_{\nu}\left(\sigma_{\nu}(t)\right)\sim\frac{(2/\nu)^{\frac{1}{3}}}{ \pi N\left(-2^{\frac{1}{3}}\alpha^{\prime}\right)}\sum_{k=0}^{\infty}\frac{ \beta^{\prime}_{k}}{\nu^{2k/3}},</Math> where <Math mode="inline" xml:id="C10.S21.SS7.p3.m4">\alpha^{\prime}</Math> is given by <Math equation-number="10.21.29" mode="display" xml:id="C10.S21.E29">\phi\left(-2^{\frac{1}{3}}\alpha^{\prime}\right)=\pi t,</Math> and <Math equation-number="10.21.30" mode="display" xml:id="C10.S21.E30">\alpha^{\prime}_{0}=1,\alpha^{\prime}_{1}=\alpha^{\prime},\alpha^{\prime}_{2}=\tfrac{3}{10}{\alpha^{\prime}}^{2}-\tfrac{1}{10}{\alpha^{ \prime}}^{-1},\alpha^{\prime}_{3}=-\tfrac{1}{350}{\alpha^{\prime}}^{3}-\tfrac{1}{25}-\tfrac{ 1}{200}{\alpha^{\prime}}^{-3},\alpha^{\prime}_{4}=-\tfrac{479}{63000}{\alpha^{\prime}}^{4}+\tfrac{509}{31500 }\alpha^{\prime}+\tfrac{1}{1500}{\alpha^{\prime}}^{-2}-\tfrac{1}{2000}{\alpha^ {\prime}}^{-5},</Math> <Math equation-number="10.21.31" mode="display" xml:id="C10.S21.E31">\beta^{\prime}_{0}=1,\beta^{\prime}_{1}=-\tfrac{1}{5}\alpha^{\prime},\beta^{\prime}_{2}=\tfrac{9}{350}{\alpha^{\prime}}^{2}+\tfrac{1}{100}{\alpha^{ \prime}}^{-1},\beta^{\prime}_{3}=\tfrac{89}{15750}{\alpha^{\prime}}^{3}-\tfrac{47}{4500}+ \tfrac{1}{3000}{\alpha^{\prime}}^{-3}</Math>.
</sentence>

</para>
 
<para xml:id="C10.S21.SS7.p4">

<sentence sentence-num-in-para="1" sentence-num-in-section="46" xml:id="C10.S21.SS7.p4.s1">
In particular, with the notation as below, <Math equation-number="10.21.32" mode="display" xml:id="C10.S21.E32">j_{\nu,m}\sim\nu\sum_{k=0}^{\infty}\frac{\alpha_{k}}{\nu^{2k/3}},</Math> <Math equation-number="10.21.33" mode="display" xml:id="C10.S21.E33">y_{\nu,m}\sim\nu\sum_{k=0}^{\infty}\frac{\alpha_{k}}{\nu^{2k/3}},</Math> <Math equation-number="10.21.34" mode="display" xml:id="C10.S21.E34">J_{\nu}'\left(j_{\nu,m}\right)\sim(-1)^{m}\frac{(2/\nu)^{\frac{2}{3}}}{\pi M \left(a_{m}\right)}\sum_{k=0}^{\infty}\frac{\beta_{k}}{\nu^{2k/3}},</Math> <Math equation-number="10.21.35" mode="display" xml:id="C10.S21.E35">Y_{\nu}'\left(y_{\nu,m}\right)\sim(-1)^{m-1}\frac{(2/\nu)^{\frac{2}{3}}}{\pi M \left(b_{m}\right)}\sum_{k=0}^{\infty}\frac{\beta_{k}}{\nu^{2k/3}},</Math> and <Math equation-number="10.21.36" mode="display" xml:id="C10.S21.E36">j_{\nu,m}'\sim\nu\sum_{k=0}^{\infty}\frac{\alpha^{\prime}_{k}}{\nu^{2k/3}},</Math> <Math equation-number="10.21.37" mode="display" xml:id="C10.S21.E37">y_{\nu,m}'\sim\nu\sum_{k=0}^{\infty}\frac{\alpha^{\prime}_{k}}{\nu^{2k/3}},</Math> <Math equation-number="10.21.38" mode="display" xml:id="C10.S21.E38">J_{\nu}\left(j_{\nu,m}'\right)\sim(-1)^{m-1}\frac{(2/\nu)^{\frac{1}{3}}}{\pi N \left(a^{\prime}_{m}\right)}\sum_{k=0}^{\infty}\frac{\beta^{\prime}_{k}}{\nu^{ 2k/3}},</Math> <Math equation-number="10.21.39" mode="display" xml:id="C10.S21.E39">Y_{\nu}\left(y_{\nu,m}'\right)\sim(-1)^{m-1}\frac{(2/\nu)^{\frac{1}{3}}}{\pi N \left(b^{\prime}_{m}\right)}\sum_{k=0}^{\infty}\frac{\beta^{\prime}_{k}}{\nu^{ 2k/3}}</Math>.
</sentence>

<sentence sentence-num-in-para="2" sentence-num-in-section="47" xml:id="C10.S21.SS7.p4.s2">
Here <Math mode="inline" xml:id="C10.S21.SS7.p4.m1">a_{m}</Math> , <Math mode="inline" xml:id="C10.S21.SS7.p4.m2">b_{m}</Math> , <Math mode="inline" xml:id="C10.S21.SS7.p4.m3">a^{\prime}_{m}</Math> , <Math mode="inline" xml:id="C10.S21.SS7.p4.m4">b^{\prime}_{m}</Math> are the <Math mode="inline" xml:id="C10.S21.SS7.p4.m5">m</Math> th negative zeros of <Math mode="inline" xml:id="C10.S21.SS7.p4.m6">\mathrm{Ai}\left(x\right)</Math> , <Math mode="inline" xml:id="C10.S21.SS7.p4.m7">\mathrm{Bi}\left(x\right)</Math> , <Math mode="inline" xml:id="C10.S21.SS7.p4.m8">\mathrm{Ai}'\left(x\right)</Math> , <Math mode="inline" xml:id="C10.S21.SS7.p4.m9">\mathrm{Bi}'\left(x\right)</Math> , respectively (§9.9),
</sentence>

<sentence sentence-num-in-para="3" sentence-num-in-section="48" xml:id="C10.S21.SS7.p4.s3">
<Math mode="inline" xml:id="C10.S21.SS7.p4.m10">\alpha_{k}</Math> , <Math mode="inline" xml:id="C10.S21.SS7.p4.m11">\beta_{k}</Math> , <Math mode="inline" xml:id="C10.S21.SS7.p4.m12">\alpha^{\prime}_{k}</Math> , <Math mode="inline" xml:id="C10.S21.SS7.p4.m13">\beta^{\prime}_{k}</Math> are given by (10.21.25), (10.21.26), (10.21.30), and (10.21.31), with <Math mode="inline" xml:id="C10.S21.SS7.p4.m14">\alpha=-2^{-\frac{1}{3}}a_{m}</Math> in the case of <Math mode="inline" xml:id="C10.S21.SS7.p4.m15">j_{\nu,m}</Math> and <Math mode="inline" xml:id="C10.S21.SS7.p4.m16">J_{\nu}'\left(j_{\nu,m}\right)</Math> , <Math mode="inline" xml:id="C10.S21.SS7.p4.m17">\alpha=-2^{-\frac{1}{3}}b_{m}</Math> in the case of <Math mode="inline" xml:id="C10.S21.SS7.p4.m18">y_{\nu,m}</Math> and <Math mode="inline" xml:id="C10.S21.SS7.p4.m19">Y_{\nu}'\left(y_{\nu,m}\right)</Math> , <Math mode="inline" xml:id="C10.S21.SS7.p4.m20">\alpha^{\prime}=-2^{-\frac{1}{3}}a^{\prime}_{m}</Math> in the case of <Math mode="inline" xml:id="C10.S21.SS7.p4.m21">j_{\nu,m}'</Math> and <Math mode="inline" xml:id="C10.S21.SS7.p4.m22">J_{\nu}\left(j_{\nu,m}'\right)</Math> , <Math mode="inline" xml:id="C10.S21.SS7.p4.m23">\alpha^{\prime}=-2^{-\frac{1}{3}}b^{\prime}_{m}</Math> in the case of <Math mode="inline" xml:id="C10.S21.SS7.p4.m24">y_{\nu,m}'</Math> and <Math mode="inline" xml:id="C10.S21.SS7.p4.m25">Y_{\nu}\left(y_{\nu,m}'\right)</Math>.
</sentence>

</para>
 
<para xml:id="C10.S21.SS7.p5">

<sentence sentence-num-in-para="1" sentence-num-in-section="49" xml:id="C10.S21.SS7.p5.s1">
For error bounds for (10.21.32) see Qu and Wong (1999); for (10.21.36) and (10.21.37) seeElbert and Laforgia (1997).
</sentence>

<sentence sentence-num-in-para="2" sentence-num-in-section="50" xml:id="C10.S21.SS7.p5.s2">
See also Spigler (1980).
</sentence>

</para>
 
<para xml:id="C10.S21.SS7.p6">

<sentence sentence-num-in-para="1" sentence-num-in-section="51" xml:id="C10.S21.SS7.p6.s1">
For the first zeros rounded numerical values of the coefficients are given by
</sentence>

</para>
 
 
<para xml:id="C10.S21.SS7.p7">

<sentence sentence-num-in-para="1" sentence-num-in-section="52" xml:id="C10.S21.SS7.p7.s1">
 <Math equation-number="10.21.40" mode="display" xml:id="C10.S21.E40">j_{\nu,1}\sim\nu+1.85575\;71\nu^{\frac{1}{3}}+1.03315\;0\nu^{-\frac{1}{3}}-0.0 0397\nu^{-1}-0.0908\nu^{-\frac{5}{3}}+0.043\nu^{-\frac{7}{3}}+\cdots,y_{\nu,1}\sim\nu+0.93157\;68\nu^{\frac{1}{3}}+0.26035\;1\nu^{-\frac{1}{3}}+0.0 1198\nu^{-1}-0.0060\nu^{-\frac{5}{3}}-0.001\nu^{-\frac{7}{3}}+\cdots,J_{\nu}'\left(j_{\nu,1}\right)\sim-1.11310\;28\nu^{-\frac{2}{3}}\div(1+1.48460 \;6\nu^{-\frac{2}{3}}+0.43294\nu^{-\frac{4}{3}}-0.1943\nu^{-2}+0.019\nu^{- \frac{8}{3}}+\cdots),Y_{\nu}'\left(y_{\nu,1}\right)\sim 0.95554\;86\nu^{-\frac{2}{3}}\div(1+0.74526 \;1\nu^{-\frac{2}{3}}+0.10910\nu^{-\frac{4}{3}}-0.0185\nu^{-2}-0.003\nu^{- \frac{8}{3}}+\cdots),{j^{\prime}_{\nu,1}}\sim\nu+0.80861\;65\nu^{\frac{1}{3}}+0.07249\;0\nu^{-\frac {1}{3}}-0.05097\nu^{-1}+0.0094\nu^{-\frac{5}{3}}+\cdots,{y^{\prime}_{\nu,1}}\sim\nu+1.82109\;80\nu^{\frac{1}{3}}+0.94000\;7\nu^{-\frac {1}{3}}-0.05808\nu^{-1}-0.0540\nu^{-\frac{5}{3}}+\cdots.J_{\nu}\left(j_{\nu,1}'\right)\sim 0.67488\;51\nu^{-\frac{1}{3}}(1-0.16172\;3 \nu^{-\frac{2}{3}}+0.02918\nu^{-\frac{4}{3}}-0.0068\nu^{-2}+\cdots),Y_{\nu}\left(y_{\nu,1}'\right)\sim 0.57319\;40\nu^{-\frac{1}{3}}(1-0.36422\;0 \nu^{-\frac{2}{3}}+0.09077\nu^{-\frac{4}{3}}+0.0237\nu^{-2}+\cdots)</Math>.
</sentence>

</para>
 
 
<para xml:id="C10.S21.SS7.p8">

<sentence sentence-num-in-para="1" sentence-num-in-section="53" xml:id="C10.S21.SS7.p8.s1">
For numerical coefficients for <Math mode="inline" xml:id="C10.S21.SS7.p8.m1">m=2,3,4,5</Math> see Olver (1951, Tables 3–6).
</sentence>

</para>
 
<para xml:id="C10.S21.SS7.p9">

<sentence sentence-num-in-para="1" sentence-num-in-section="54" xml:id="C10.S21.SS7.p9.s1">
The expansions (10.21.32)–(10.21.39) become progressively weaker as <Math mode="inline" xml:id="C10.S21.SS7.p9.m1">m</Math> increases.
</sentence>

<sentence sentence-num-in-para="2" sentence-num-in-section="55" xml:id="C10.S21.SS7.p9.s2">
The approximations that follow in §10.21(viii) do not suffer from this drawback.
</sentence>

</para>

 
</subsection>
 
<subsection xml:id="C10.S21.SS8">
<title>Uniform Asymptotic Approximations for Large Order</title>        
  
<para xml:id="C10.S21.SS8.p1">

<sentence sentence-num-in-para="1" sentence-num-in-section="56" xml:id="C10.S21.SS8.p1.s1">
As <Math mode="inline" xml:id="C10.S21.SS8.p1.m1">\nu\to\infty</Math> the following four approximations hold uniformly for <Math mode="inline" xml:id="C10.S21.SS8.p1.m2">m=1,2,\ldots</Math> : <Math equation-number="10.21.41" mode="display" xml:id="C10.S21.E41">j_{\nu,m}=\nu z(\zeta)+\frac{z(\zeta)(h(\zeta))^{2}B_{0}(\zeta)}{2\nu}+O\left( \frac{1}{\nu^{3}}\right), if \zeta=\nu^{-\frac{2}{3}}a_{m},</Math> <Math equation-number="10.21.42" mode="display" xml:id="C10.S21.E42">J_{\nu}'\left(j_{\nu,m}\right)=-\frac{2}{\nu^{\frac{2}{3}}}\frac{\mathrm{Ai}' \left(a_{m}\right)}{z(\zeta)h(\zeta)}\left(1+O\left(\frac{1}{\nu^{2}}\right) \right), if \zeta=\nu^{-\frac{2}{3}}a_{m},</Math> <Math equation-number="10.21.43" mode="display" xml:id="C10.S21.E43">j_{\nu,m}'=\nu z(\zeta)+\frac{z(\zeta)(h(\zeta))^{2}C_{0}(\zeta)}{2\zeta\nu}+O \left(\frac{1}{\nu}\right), if \zeta=\nu^{-\frac{2}{3}}a^{\prime}_{m},</Math> <Math equation-number="10.21.44" mode="display" xml:id="C10.S21.E44">J_{\nu}\left(j_{\nu,m}'\right)=\frac{h(\zeta)\mathrm{Ai}\left(a^{\prime}_{m} \right)}{\nu^{\frac{1}{3}}}\left(1+O\left(\frac{1}{\nu^{\frac{4}{3}}}\right) \right), if \zeta=\nu^{-\frac{2}{3}}a^{\prime}_{m}</Math>.
</sentence>

<sentence sentence-num-in-para="2" sentence-num-in-section="57" xml:id="C10.S21.SS8.p1.s2">
Here <Math mode="inline" xml:id="C10.S21.SS8.p1.m3">a_{m}</Math> and <Math mode="inline" xml:id="C10.S21.SS8.p1.m4">a^{\prime}_{m}</Math> denote respectively the zeros of the Airy function <Math mode="inline" xml:id="C10.S21.SS8.p1.m5">\mathrm{Ai}\left(z\right)</Math> and its derivative <Math mode="inline" xml:id="C10.S21.SS8.p1.m6">\mathrm{Ai}'\left(z\right)</Math> ; see §9.9.
</sentence>

<sentence sentence-num-in-para="3" sentence-num-in-section="58" xml:id="C10.S21.SS8.p1.s3">
Next, <Math mode="inline" xml:id="C10.S21.SS8.p1.m7">z(\zeta)</Math> is the inverse of the function <Math mode="inline" xml:id="C10.S21.SS8.p1.m8">\zeta=\zeta(z)</Math> defined by (10.20.3).
</sentence>

<sentence sentence-num-in-para="4" sentence-num-in-section="59" xml:id="C10.S21.SS8.p1.s4">
<Math mode="inline" xml:id="C10.S21.SS8.p1.m9">B_{0}(\zeta)</Math> and <Math mode="inline" xml:id="C10.S21.SS8.p1.m10">C_{0}(\zeta)</Math> are defined by (10.20.11) and (10.20.12) with <Math mode="inline" xml:id="C10.S21.SS8.p1.m11">k=0</Math>.
</sentence>

<sentence sentence-num-in-para="5" sentence-num-in-section="60" xml:id="C10.S21.SS8.p1.s5">
Lastly, <Math equation-number="10.21.45" mode="display" xml:id="C10.S21.E45">h(\zeta)=\left(4\zeta/(1-z^{2})\right)^{\frac{1}{4}}</Math>.
</sentence>

<sentence sentence-num-in-para="6" sentence-num-in-section="61" xml:id="C10.S21.SS8.p1.s6">
(Note: If the term <Math mode="inline" xml:id="C10.S21.SS8.p1.m12">z(\zeta)(h(\zeta))^{2}C_{0}(\zeta)/(2\zeta\nu)</Math> in (10.21.43) is omitted, then the uniform character of the error term <Math mode="inline" xml:id="C10.S21.SS8.p1.m13">O(\ifrac{1}{\nu})</Math> is destroyed.)
</sentence>

</para>
 
<para xml:id="C10.S21.SS8.p2">

<sentence sentence-num-in-para="1" sentence-num-in-section="62" xml:id="C10.S21.SS8.p2.s1">
Corresponding uniform approximations for <Math mode="inline" xml:id="C10.S21.SS8.p2.m1">y_{\nu,m}</Math> , <Math mode="inline" xml:id="C10.S21.SS8.p2.m2">Y_{\nu}'\left(y_{\nu,m}\right)</Math> , <Math mode="inline" xml:id="C10.S21.SS8.p2.m3">y_{\nu,m}'</Math> , and <Math mode="inline" xml:id="C10.S21.SS8.p2.m4">Y_{\nu}\left({y^{\prime}_{\nu,m}}\right)</Math> , are obtained from(10.21.41)–(10.21.44) by changing the symbols <Math mode="inline" xml:id="C10.S21.SS8.p2.m5">j</Math> , <Math mode="inline" xml:id="C10.S21.SS8.p2.m6">J</Math> , <Math mode="inline" xml:id="C10.S21.SS8.p2.m7">\mathrm{Ai}</Math> , <Math mode="inline" xml:id="C10.S21.SS8.p2.m8">\mathrm{Ai}'</Math> , <Math mode="inline" xml:id="C10.S21.SS8.p2.m9">a_{m}</Math> , and <Math mode="inline" xml:id="C10.S21.SS8.p2.m10">a^{\prime}_{m}</Math> to <Math mode="inline" xml:id="C10.S21.SS8.p2.m11">y</Math> , <Math mode="inline" xml:id="C10.S21.SS8.p2.m12">Y</Math> , <Math mode="inline" xml:id="C10.S21.SS8.p2.m13">-\mathrm{Bi}</Math> , <Math mode="inline" xml:id="C10.S21.SS8.p2.m14">-\mathrm{Bi}'</Math> , <Math mode="inline" xml:id="C10.S21.SS8.p2.m15">b_{m}</Math> , and <Math mode="inline" xml:id="C10.S21.SS8.p2.m16">b^{\prime}_{m}</Math> , respectively.
</sentence>

</para>
 
<para xml:id="C10.S21.SS8.p3">

<sentence sentence-num-in-para="1" sentence-num-in-section="63" xml:id="C10.S21.SS8.p3.s1">
For derivations and further information, including extensions to uniform asymptotic expansions, see Olver (1954, 1960).
</sentence>

<sentence sentence-num-in-para="2" sentence-num-in-section="64" xml:id="C10.S21.SS8.p3.s2">
The latter reference includes numerical tables of the first few coefficients in the uniform asymptotic expansions.
</sentence>

</para>

 
</subsection>
 
<subsection xml:id="C10.S21.SS9">
<title>Complex Zeros</title>        
    
<para xml:id="C10.S21.SS9.p1">

<sentence sentence-num-in-para="1" sentence-num-in-section="65" xml:id="C10.S21.SS9.p1.s1">
This subsection describes the distribution in <Math mode="inline" xml:id="C10.S21.SS9.p1.m1">\mathbb{C}</Math> of the zeros of the principal branches of the Bessel functions of the second and third kinds, and their derivatives, in the case when the order is a positive integer <Math mode="inline" xml:id="C10.S21.SS9.p1.m2">n</Math>.
</sentence>

<sentence sentence-num-in-para="2" sentence-num-in-section="66" xml:id="C10.S21.SS9.p1.s2">
For further information, including uniform asymptotic expansions, extensions to other branches of the functions and their derivatives, and extensions to half-integer values of the order, see Olver (1954).
</sentence>

<sentence sentence-num-in-para="3" sentence-num-in-section="67" xml:id="C10.S21.SS9.p1.s3">
(There is an inaccuracy in Figures 11 and 14 in this reference.
</sentence>

<sentence sentence-num-in-para="4" sentence-num-in-section="68" xml:id="C10.S21.SS9.p1.s4">
Each curve that represents an infinite string of nonreal zeros should be located on the opposite side of its straight line asymptote.
</sentence>

<sentence sentence-num-in-para="5" sentence-num-in-section="69" xml:id="C10.S21.SS9.p1.s5">
This inaccuracy was repeated inAbramowitz and Stegun (1964, Figures 9.5 and 9.6).
</sentence>

<sentence sentence-num-in-para="6" sentence-num-in-section="70" xml:id="C10.S21.SS9.p1.s6">
SeeKerimov and Skorokhodov (1985a, b) and Figures 10.21.3–10.21.6.)
</sentence>

</para>
 
<para xml:id="C10.S21.SS9.p2">

<sentence sentence-num-in-para="1" sentence-num-in-section="71" xml:id="C10.S21.SS9.p2.s1">
See also Cruz and Sesma (1982), Cruz et al. (1991),Kerimov and Skorokhodov (1984c, 1987, 1988),Kokologiannaki et al. (1992), and references supplied in §10.75(iii).
</sentence>

<sentence sentence-num-in-para="2" sentence-num-in-section="72" xml:id="C10.S21.SS9.p2.s2">
For describing the distribution of complex zeros by methods based on the Liouville-Green (WKB) approximation for linear homogeneous second-order differential equations, see Segura (2013).
</sentence>

</para>
 
<paragraph xml:id="C10.S21.Px1">
<title>Zeros of <Math mode="inline" xml:id="C10.S21.Px1.m1">Y_{n}\left(nz\right)</Math> and <Math mode="inline" xml:id="C10.S21.Px1.m2">Y_{n}'\left(nz\right)</Math></title>   
<para xml:id="C10.S21.Px1.p1">

<sentence sentence-num-in-para="1" sentence-num-in-section="73" xml:id="C10.S21.Px1.p1.s1">
In Figures 10.21.1, 10.21.3, and10.21.5 the two continuous curves that join the points <Math mode="inline" xml:id="C10.S21.Px1.p1.m1">\pm 1</Math> are the boundaries of <Math mode="inline" xml:id="C10.S21.Px1.p1.m2">\mathbf{K}</Math> , that is, the eye-shaped domain depicted in Figure 10.20.3.
</sentence>

<sentence sentence-num-in-para="2" sentence-num-in-section="74" xml:id="C10.S21.Px1.p1.s2">
These curves therefore intersect the imaginary axis at the points <Math mode="inline" xml:id="C10.S21.Px1.p1.m3">z=\pm\mathrm{i}c</Math> , where <Math mode="inline" xml:id="C10.S21.Px1.p1.m4">c=0.66274\ldot</Math> s.
</sentence>

</para>
 
<para xml:id="C10.S21.Px1.p2">

<sentence sentence-num-in-para="1" sentence-num-in-section="75" xml:id="C10.S21.Px1.p2.s1">
The first set of zeros of the principal value of <Math mode="inline" xml:id="C10.S21.Px1.p2.m1">Y_{n}\left(nz\right)</Math> are the points <Math mode="inline" xml:id="C10.S21.Px1.p2.m2">z=y_{n,m}/n</Math> , <Math mode="inline" xml:id="C10.S21.Px1.p2.m3">m=1,2,\ldots</Math> , on the positive real axis (§10.21(i)).
</sentence>

<sentence sentence-num-in-para="2" sentence-num-in-section="76" xml:id="C10.S21.Px1.p2.s2">
Secondly, there is a conjugate pair of infinite strings of zeros with asymptotes <Math mode="inline" xml:id="C10.S21.Px1.p2.m4">\Im z=\pm\mathrm{i}a/n</Math> , where <Math equation-number="10.21.46" mode="display" xml:id="C10.S21.E46">a=\tfrac{1}{2}\ln 3=0.54931\ldots</Math>.
</sentence>

<sentence sentence-num-in-para="3" sentence-num-in-section="77" xml:id="C10.S21.Px1.p2.s3">
Lastly, there are two conjugate sets, with <Math mode="inline" xml:id="C10.S21.Px1.p2.m5">n</Math> zeros in each set, that are asymptotically close to the boundary of <Math mode="inline" xml:id="C10.S21.Px1.p2.m6">\mathbf{K}</Math> as <Math mode="inline" xml:id="C10.S21.Px1.p2.m7">n\to\infty</Math>.
</sentence>

<sentence sentence-num-in-para="4" sentence-num-in-section="78" xml:id="C10.S21.Px1.p2.s4">
Figures10.21.1, 10.21.3, and 10.21.5 plot the actual zeros for <Math mode="inline" xml:id="C10.S21.Px1.p2.m8">n=1,5</Math> , and <Math mode="inline" xml:id="C10.S21.Px1.p2.m9">10</Math> , respectively.
</sentence>

</para>
 
<para xml:id="C10.S21.Px1.p3">

<sentence sentence-num-in-para="1" sentence-num-in-section="79" xml:id="C10.S21.Px1.p3.s1">
The zeros of <Math mode="inline" xml:id="C10.S21.Px1.p3.m1">Y_{n}'\left(nz\right)</Math> have a similar pattern to those of <Math mode="inline" xml:id="C10.S21.Px1.p3.m2">Y_{n}\left(nz\right)</Math>.
</sentence>

</para>

 
       
   
<sentence sentence-num-in-section="80" xml:id="C10.S21.F1.s1">
Figure 10.21.1: Zeros <Math mode="inline" xml:id="C10.S21.F1.m3">\bullet\bullet\bullet</Math> of <Math mode="inline" xml:id="C10.S21.F1.m4">Y_{n}\left(nz\right)</Math> in <Math mode="inline" xml:id="C10.S21.F1.m5">|\operatorname{ph}z|\leq\pi</Math> . Case <Math mode="inline" xml:id="C10.S21.F1.m6">n=1</Math> , <Math mode="inline" xml:id="C10.S21.F1.m7">-1.6\leq\Re z\leq 2.6</Math> .
</sentence>        
   
<sentence sentence-num-in-section="81" xml:id="C10.S21.F2.s1">
Figure 10.21.2: Zeros <Math mode="inline" xml:id="C10.S21.F2.m3">\bullet\bullet\bullet</Math> of <Math mode="inline" xml:id="C10.S21.F2.m4">{H^{(1)}_{n}}\left(nz\right)</Math> in <Math mode="inline" xml:id="C10.S21.F2.m5">|\operatorname{ph}z|\leq\pi</Math> . Case <Math mode="inline" xml:id="C10.S21.F2.m6">n=1</Math> , <Math mode="inline" xml:id="C10.S21.F2.m7">-2.8\leq\Re z\leq 1.</Math>4 .
</sentence>          
   
<sentence sentence-num-in-section="82" xml:id="C10.S21.F3.s1">
Figure 10.21.3: Zeros <Math mode="inline" xml:id="C10.S21.F3.m3">\bullet\bullet\bullet</Math> of <Math mode="inline" xml:id="C10.S21.F3.m4">Y_{n}\left(nz\right)</Math> in <Math mode="inline" xml:id="C10.S21.F3.m5">|\operatorname{ph}z|\leq\pi</Math> . Case <Math mode="inline" xml:id="C10.S21.F3.m6">n=5</Math> , <Math mode="inline" xml:id="C10.S21.F3.m7">-2.6\leq\Re z\leq 1.6</Math> .
</sentence>        
   
<sentence sentence-num-in-section="83" xml:id="C10.S21.F4.s1">
Figure 10.21.4: Zeros <Math mode="inline" xml:id="C10.S21.F4.m3">\bullet\bullet\bullet</Math> of <Math mode="inline" xml:id="C10.S21.F4.m4">{H^{(1)}_{n}}\left(nz\right)</Math> in <Math mode="inline" xml:id="C10.S21.F4.m5">|\operatorname{ph}z|\leq\pi</Math> . Case <Math mode="inline" xml:id="C10.S21.F4.m6">n=5</Math> , <Math mode="inline" xml:id="C10.S21.F4.m7">-2.6\leq\Re z\leq 1.6</Math> .
</sentence>          
   
<sentence sentence-num-in-section="84" xml:id="C10.S21.F5.s1">
Figure 10.21.5: Zeros <Math mode="inline" xml:id="C10.S21.F5.m3">\bullet\bullet\bullet</Math> of <Math mode="inline" xml:id="C10.S21.F5.m4">Y_{n}\left(nz\right)</Math> in <Math mode="inline" xml:id="C10.S21.F5.m5">|\operatorname{ph}z|\leq\pi</Math> . Case <Math mode="inline" xml:id="C10.S21.F5.m6">n=10</Math> , <Math mode="inline" xml:id="C10.S21.F5.m7">-2.3\leq\Re z\leq 1.</Math>9 .
</sentence>        
   
<sentence sentence-num-in-section="85" xml:id="C10.S21.F6.s1">
Figure 10.21.6: Zeros <Math mode="inline" xml:id="C10.S21.F6.m3">\bullet\bullet\bullet</Math> of <Math mode="inline" xml:id="C10.S21.F6.m4">{H^{(1)}_{n}}\left(nz\right)</Math> in <Math mode="inline" xml:id="C10.S21.F6.m5">|\operatorname{ph}z|\leq\pi</Math> . Case <Math mode="inline" xml:id="C10.S21.F6.m6">n=10</Math> , <Math mode="inline" xml:id="C10.S21.F6.m7">-2.3\leq\Re z\leq 1.</Math>9 .
</sentence>  
 
</paragraph>
 
<paragraph xml:id="C10.S21.Px2">
<title>Zeros of <Math mode="inline" xml:id="C10.S21.Px2.m1">{H^{(1)}_{n}}\left(nz\right)</Math>, <Math mode="inline" xml:id="C10.S21.Px2.m2">{H^{(2)}_{n}}\left(nz\right)</Math>,<Math mode="inline" xml:id="C10.S21.Px2.m3">{H^{(1)}_{n}}'\left(nz\right)</Math>, <Math mode="inline" xml:id="C10.S21.Px2.m4">{H^{(2)}_{n}}'\left(nz\right)</Math></title>   
<para xml:id="C10.S21.Px2.p1">

<sentence sentence-num-in-para="1" sentence-num-in-section="86" xml:id="C10.S21.Px2.p1.s1">
In Figures 10.21.2, 10.21.4,and10.21.6 the continuous curve that joins the points <Math mode="inline" xml:id="C10.S21.Px2.p1.m1">\pm 1</Math> is the lower boundary of <Math mode="inline" xml:id="C10.S21.Px2.p1.m2">\mathbf{K}</Math>.
</sentence>

</para>
 
<para xml:id="C10.S21.Px2.p2">

<sentence sentence-num-in-para="1" sentence-num-in-section="87" xml:id="C10.S21.Px2.p2.s1">
The first set of zeros of the principal value of <Math mode="inline" xml:id="C10.S21.Px2.p2.m1">{H^{(1)}_{n}}\left(nz\right)</Math> is an infinite string with asymptote <Math mode="inline" xml:id="C10.S21.Px2.p2.m2">\Im z=-\mathrm{i}d/n</Math> , where <Math equation-number="10.21.47" mode="display" xml:id="C10.S21.E47">d=\tfrac{1}{2}\ln 2=0.34657\ldots</Math>.
</sentence>

<sentence sentence-num-in-para="2" sentence-num-in-section="88" xml:id="C10.S21.Px2.p2.s2">
The only other set comprises <Math mode="inline" xml:id="C10.S21.Px2.p2.m3">n</Math> zeros that are asymptotically close to the lower boundary of <Math mode="inline" xml:id="C10.S21.Px2.p2.m4">\mathbf{K}</Math> as <Math mode="inline" xml:id="C10.S21.Px2.p2.m5">n\to\infty</Math>.
</sentence>

<sentence sentence-num-in-para="3" sentence-num-in-section="89" xml:id="C10.S21.Px2.p2.s3">
Figures10.21.2, 10.21.4,and 10.21.6 plot the actual zeros for <Math mode="inline" xml:id="C10.S21.Px2.p2.m6">n=1,5</Math> , and <Math mode="inline" xml:id="C10.S21.Px2.p2.m7">10</Math> , respectively.
</sentence>

</para>
 
<para xml:id="C10.S21.Px2.p3">

<sentence sentence-num-in-para="1" sentence-num-in-section="90" xml:id="C10.S21.Px2.p3.s1">
The zeros of <Math mode="inline" xml:id="C10.S21.Px2.p3.m1">{H^{(1)}_{n}}'\left(nz\right)</Math> have a similar pattern to those of <Math mode="inline" xml:id="C10.S21.Px2.p3.m2">{H^{(1)}_{n}}\left(nz\right)</Math>.
</sentence>

<sentence sentence-num-in-para="2" sentence-num-in-section="91" xml:id="C10.S21.Px2.p3.s2">
The zeros of <Math mode="inline" xml:id="C10.S21.Px2.p3.m3">{H^{(2)}_{n}}\left(nz\right)</Math> and <Math mode="inline" xml:id="C10.S21.Px2.p3.m4">{H^{(2)}_{n}}'\left(nz\right)</Math> are the complex conjugates of the zeros of <Math mode="inline" xml:id="C10.S21.Px2.p3.m5">{H^{(1)}_{n}}\left(nz\right)</Math> and <Math mode="inline" xml:id="C10.S21.Px2.p3.m6">{H^{(1)}_{n}}'\left(nz\right)</Math> , respectively.
</sentence>

</para>

 
</paragraph>
 
<paragraph xml:id="C10.S21.Px3">
<title>Zeros of <Math mode="inline" xml:id="C10.S21.Px3.m1">J_{0}\left(z\right)-\mathrm{i}J_{1}\left(z\right)</Math> and<Math mode="inline" xml:id="C10.S21.Px3.m2">J_{n}\left(z\right)-\mathrm{i}J_{n+1}\left(z\right)</Math></title>   
<para xml:id="C10.S21.Px3.p1">

<sentence sentence-num-in-para="1" sentence-num-in-section="92" xml:id="C10.S21.Px3.p1.s1">
For information see Synolakis (1988),MacDonald (1989, 1997), and Ikebe et al. (1993).
</sentence>

</para>

 
</paragraph>
 
</subsection>
 
<subsection xml:id="C10.S21.SS10">
<title>Cross-Products</title>        
    
<para xml:id="C10.S21.SS10.p1">

<sentence sentence-num-in-para="1" sentence-num-in-section="93" xml:id="C10.S21.SS10.p1.s1">
Throughout this subsection we assume <Math mode="inline" xml:id="C10.S21.SS10.p1.m1">\nu\geq 0</Math> , <Math mode="inline" xml:id="C10.S21.SS10.p1.m2">x&gt;0</Math> , <Math mode="inline" xml:id="C10.S21.SS10.p1.m3">\lambda&gt;1</Math> , and wedenote <Math mode="inline" xml:id="C10.S21.SS10.p1.m4">4\nu^{2}</Math> by <Math mode="inline" xml:id="C10.S21.SS10.p1.m5">\mu</Math>.
</sentence>

</para>
 
<para xml:id="C10.S21.SS10.p2">

<sentence sentence-num-in-para="1" sentence-num-in-section="94" xml:id="C10.S21.SS10.p2.s1">
The zeros of the functions <Math equation-number="10.21.48" mode="display" xml:id="C10.S21.E48">J_{\nu}\left(x\right)Y_{\nu}\left(\lambda x\right)-Y_{\nu}\left(x\right)J_{\nu }\left(\lambda x\right)</Math> and <Math equation-number="10.21.49" mode="display" xml:id="C10.S21.E49">J_{\nu}'\left(x\right)Y_{\nu}'\left(\lambda x\right)-Y_{\nu}'\left(x\right)J_{ \nu}'\left(\lambda x\right)</Math> are simple and the asymptotic expansion of the <Math mode="inline" xml:id="C10.S21.SS10.p2.m1">m</Math> th positive zero as <Math mode="inline" xml:id="C10.S21.SS10.p2.m2">m\to\infty</Math> is given by <Math equation-number="10.21.50" mode="display" xml:id="C10.S21.E50">\alpha+\frac{p}{\alpha}+\frac{q-p^{2}}{\alpha^{3}}+\frac{r-4pq+2p^{3}}{\alpha^ {5}}+\cdots,</Math> where, in the case of (10.21.48),
</sentence>

<sentence sentence-num-in-para="2" sentence-num-in-section="95" xml:id="C10.S21.SS10.p2.s2">
<Math equation-number="10.21.51" mode="display" xml:id="C10.S21.E51">\alpha=\frac{m\pi}{\lambda-1},p=\frac{\mu-1}{8\lambda},q=\frac{(\mu-1)(\mu-25)(\lambda^{3}-1)}{6(4\lambda)^{3}(\lambda-1)},r=\frac{(\mu-1)(\mu^{2}-114\mu+1073)(\lambda^{5}-1)}{5(4\lambda)^{5}(\lambda-1 )},</Math> and, in the case of (10.21.49),
</sentence>

<sentence sentence-num-in-para="3" sentence-num-in-section="96" xml:id="C10.S21.SS10.p2.s3">
<Math equation-number="10.21.52" mode="display" xml:id="C10.S21.E52">\alpha=\frac{(m-1)\pi}{\lambda-1},p=\frac{\mu+3}{8\lambda},q=\frac{(\mu^{2}+46\mu-63)(\lambda^{3}-1)}{6(4\lambda)^{3}(\lambda-1)},r=\frac{(\mu^{3}+185\mu^{2}-2053\mu+1899)(\lambda^{5}-1)}{5(4\lambda)^{5}( \lambda-1)}</Math>.
</sentence>

</para>
 
<para xml:id="C10.S21.SS10.p3">

<sentence sentence-num-in-para="1" sentence-num-in-section="97" xml:id="C10.S21.SS10.p3.s1">
The asymptotic expansion of the large positive zeros (not necessarily the <Math mode="inline" xml:id="C10.S21.SS10.p3.m1">m</Math> th) of the function <Math equation-number="10.21.53" mode="display" xml:id="C10.S21.E53">J_{\nu}'\left(x\right)Y_{\nu}\left(\lambda x\right)-Y_{\nu}'\left(x\right)J_{ \nu}\left(\lambda x\right)</Math> is given by (10.21.50),where
</sentence>

</para>
  
<para xml:id="C10.S21.SS10.p4">

<sentence sentence-num-in-para="1" sentence-num-in-section="98" xml:id="C10.S21.SS10.p4.s1">
 <Math equation-number="10.21.54" mode="display" xml:id="C10.S21.E54">\alpha=\frac{(m-\tfrac{1}{2})\pi}{\lambda-1},p=\frac{(\mu+3)\lambda-(\mu-1)}{8\lambda(\lambda-1)},q=\frac{(\mu^{2}+46\mu-63)\lambda^{3}-(\mu-1)(\mu-25)}{6(4\lambda)^{3}(\lambda -1)},r=\frac{(\mu^{3}+185\mu^{2}-2053\mu+1899)\lambda^{5}-(\mu-1)(\mu^{2}-114\mu+10 73)}{5(4\lambda)^{5}(\lambda-1)}</Math>.
</sentence>

</para>
  
<para xml:id="C10.S21.SS10.p5">

<sentence sentence-num-in-para="1" sentence-num-in-section="99" xml:id="C10.S21.SS10.p5.s1">
Higher coefficients in the asymptotic expansions in this subsection can be obtained by expressing the cross-products in terms of the modulus and phase functions (§10.18), and then reverting the asymptotic expansion for the difference of the phase functions.
</sentence>

</para>
 
<para xml:id="C10.S21.SS10.p6">

<sentence sentence-num-in-para="1" sentence-num-in-section="100" xml:id="C10.S21.SS10.p6.s1">
For further information seeCochran (1963, 1964, 1966a, 1966b),Kalähne (1907), Martinek et al. (1966), Muldoon (1979), and Salchev and Popov (1976).
</sentence>

</para>

 
</subsection>
 
<subsection xml:id="C10.S21.SS11">
<title>Riccati–Bessel Functions</title>        
   
<para xml:id="C10.S21.SS11.p1">

<sentence sentence-num-in-para="1" sentence-num-in-section="101" xml:id="C10.S21.SS11.p1.s1">
The Riccati–Bessel functions are <Math mode="inline" xml:id="C10.S21.SS11.p1.m1">(\tfrac{1}{2}\pi x)^{\frac{1}{2}}J_{\nu}\left(x\right)</Math> and <Math mode="inline" xml:id="C10.S21.SS11.p1.m2">(\tfrac{1}{2}\pi x)^{\frac{1}{2}}Y_{\nu}\left(x\right)</Math>.
</sentence>

<sentence sentence-num-in-para="2" sentence-num-in-section="102" xml:id="C10.S21.SS11.p1.s2">
Except possibly for <Math mode="inline" xml:id="C10.S21.SS11.p1.m3">x=0</Math> their zeros are the same as those of <Math mode="inline" xml:id="C10.S21.SS11.p1.m4">J_{\nu}\left(x\right)</Math> and <Math mode="inline" xml:id="C10.S21.SS11.p1.m5">Y_{\nu}\left(x\right)</Math> , respectively.
</sentence>

<sentence sentence-num-in-para="3" sentence-num-in-section="103" xml:id="C10.S21.SS11.p1.s3">
For information on the zeros of the derivatives of Riccati–Bessel functions, and also on zeros of their cross-products, see Boyer (1969).
</sentence>

<sentence sentence-num-in-para="4" sentence-num-in-section="104" xml:id="C10.S21.SS11.p1.s4">
This information includes asymptotic approximations analogous to those given in §§10.21(vi),10.21(vii), and 10.21(x).
</sentence>

</para>
 
</subsection>
 
<subsection xml:id="C10.S21.SS12">
<title>Zeros of <Math mode="inline" xml:id="C10.S21.SS12.m1">\alpha J_{\nu}\left(x\right)+xJ_{\nu}'\left(x\right)</Math></title>         
<para xml:id="C10.S21.SS12.p1">

<sentence sentence-num-in-para="1" sentence-num-in-section="105" xml:id="C10.S21.SS12.p1.s1">
For properties of the positive zeros of the function <Math mode="inline" xml:id="C10.S21.SS12.p1.m1">\alpha J_{\nu}\left(x\right)+xJ_{\nu}'\left(x\right)</Math> , with <Math mode="inline" xml:id="C10.S21.SS12.p1.m2">\alpha</Math> and <Math mode="inline" xml:id="C10.S21.SS12.p1.m3">\nu</Math> real, see Landau (1999).
</sentence>

</para>
 
</subsection>
 
<subsection xml:id="C10.S21.SS13">
<title>Rayleigh Function</title>          
<para xml:id="C10.S21.SS13.p1">

<sentence sentence-num-in-para="1" sentence-num-in-section="106" xml:id="C10.S21.SS13.p1.s1">
The Rayleigh function <Math mode="inline" xml:id="C10.S21.SS13.p1.m1">\sigma_{n}\left(\nu\right)</Math> is defined by <Math equation-number="10.21.55" mode="display" xml:id="C10.S21.E55">\sigma_{n}\left(\nu\right)=\sum_{m=1}^{\infty}(j_{\nu,m})^{-2n}, if n=1,2,3,\dots</Math>.
</sentence>

<sentence sentence-num-in-para="2" sentence-num-in-section="107" xml:id="C10.S21.SS13.p1.s2">
For properties, computation, and generalizations see Kapitsa (1951b),Kerimov (1999, 2008), and Gupta and Muldoon (2000).
</sentence>

<sentence sentence-num-in-para="3" sentence-num-in-section="108" xml:id="C10.S21.SS13.p1.s3">
See also Watson (1944, §§15.5, 15.51).
</sentence>

</para>

 
</subsection>
 
<subsection xml:id="C10.S21.SS14">
<title><Math mode="inline" xml:id="C10.S21.SS14.m1">\nu</Math>-Zeros</title>        
   
<para xml:id="C10.S21.SS14.p1">

<sentence sentence-num-in-para="1" sentence-num-in-section="109" xml:id="C10.S21.SS14.p1.s1">
For information on zeros of Bessel and Hankel functions as functions of the order, see Cochran (1965), Cochran and Hoffspiegel (1970),Hethcote (1970), Conde and Kalla (1979), and Sandström and Ackrén (2007).
</sentence>

</para>

  
</subsection>
 
</section>
