<?xml version="1.0" encoding="UTF-8"?>
<section xml:id="C10.S26">
<title>Graphics</title>        
 
<subsection xml:id="C10.S26.SS1">
<title>Real Order and Variable</title>          
<para xml:id="C10.S26.SS1.p1">

</para>
           
<sentence sentence-num-in-section="1" xml:id="C10.S26.F1.s1">
Figure 10.26.1: <Math mode="inline" xml:id="C10.S26.F1.m6">I_{0}\left(x\right)</Math> , <Math mode="inline" xml:id="C10.S26.F1.m7">I_{1}\left(x\right)</Math> , <Math mode="inline" xml:id="C10.S26.F1.m8">K_{0}\left(x\right)</Math> , <Math mode="inline" xml:id="C10.S26.F1.m9">K_{1}\left(x\right)</Math> , <Math mode="inline" xml:id="C10.S26.F1.m10">0\leq x\leq 3</Math> .
</sentence>           
<sentence sentence-num-in-section="2" xml:id="C10.S26.F2.s1">
Figure 10.26.2: <Math mode="inline" xml:id="C10.S26.F2.m6">e^{-x}I_{0}\left(x\right)</Math> , <Math mode="inline" xml:id="C10.S26.F2.m7">e^{-x}I_{1}\left(x\right)</Math> , <Math mode="inline" xml:id="C10.S26.F2.m8">e^{x}K_{0}\left(x\right)</Math> , <Math mode="inline" xml:id="C10.S26.F2.m9">e^{x}K_{1}\left(x\right)</Math> , <Math mode="inline" xml:id="C10.S26.F2.m10">0\leq x\leq 10</Math> .
</sentence>           
   
<sentence sentence-num-in-section="3" xml:id="C10.S26.F3.s1">
Figure 10.26.3: <Math mode="inline" xml:id="C10.S26.F3.m4">I_{\nu}\left(x\right)</Math> , <Math mode="inline" xml:id="C10.S26.F3.m5">0\leq x\leq 5</Math> , <Math mode="inline" xml:id="C10.S26.F3.m6">0\leq\nu\leq 4</Math> . 
</sentence>           
<sentence sentence-num-in-section="4" xml:id="C10.S26.F4.s1">
Figure 10.26.4: <Math mode="inline" xml:id="C10.S26.F4.m4">K_{\nu}\left(x\right)</Math> , <Math mode="inline" xml:id="C10.S26.F4.m5">0.1\leq x\leq 5</Math> , <Math mode="inline" xml:id="C10.S26.F4.m6">0\leq\nu\leq 4</Math> . 
</sentence>             
<sentence sentence-num-in-section="5" xml:id="C10.S26.F5.s1">
Figure 10.26.5: <Math mode="inline" xml:id="C10.S26.F5.m4">I_{\nu}'\left(x\right)</Math> , <Math mode="inline" xml:id="C10.S26.F5.m5">0\leq x\leq 5</Math> , <Math mode="inline" xml:id="C10.S26.F5.m6">0\leq\nu\leq 4</Math> . 
</sentence>        
   
<sentence sentence-num-in-section="6" xml:id="C10.S26.F6.s1">
Figure 10.26.6: <Math mode="inline" xml:id="C10.S26.F6.m4">K_{\nu}'\left(x\right)</Math> , <Math mode="inline" xml:id="C10.S26.F6.m5">0.3\leq x\leq 5</Math> , <Math mode="inline" xml:id="C10.S26.F6.m6">0\leq\nu\leq 4</Math> . 
</sentence>   
</subsection>
 
<subsection xml:id="C10.S26.SS2">
<title>Real Order, Complex Variable</title>         
<para xml:id="C10.S26.SS2.p1">

<sentence sentence-num-in-para="1" sentence-num-in-section="7" xml:id="C10.S26.SS2.p1.s1">
Apply (10.27.6) and (10.27.8) to §10.3(ii).
</sentence>

</para>
 
</subsection>
 
<subsection xml:id="C10.S26.SS3">
<title>Imaginary Order, Real Variable</title>         
<para xml:id="C10.S26.SS3.p1">

</para>
 
<para xml:id="C10.S26.SS3.p2">

<sentence sentence-num-in-para="1" sentence-num-in-section="8" xml:id="C10.S26.SS3.p2.s1">
For the notation, see §10.45.
</sentence>

</para>

           
<sentence sentence-num-in-section="9" xml:id="C10.S26.F7.s1">
Figure 10.26.7: <Math mode="inline" xml:id="C10.S26.F7.m4">\widetilde{I}_{1/2}\left(x\right)</Math> , <Math mode="inline" xml:id="C10.S26.F7.m5">\widetilde{K}_{1/2}\left(x\right)</Math> , <Math mode="inline" xml:id="C10.S26.F7.m6">0.01\leq x\leq 3</Math> .
</sentence>            
<sentence sentence-num-in-section="10" xml:id="C10.S26.F8.s1">
Figure 10.26.8: <Math mode="inline" xml:id="C10.S26.F8.m4">\widetilde{I}_{1}\left(x\right)</Math> , <Math mode="inline" xml:id="C10.S26.F8.m5">\widetilde{K}_{1}\left(x\right)</Math> , <Math mode="inline" xml:id="C10.S26.F8.m6">0.01\leq x\leq 3</Math> .
</sentence>            
  
<sentence sentence-num-in-section="11" xml:id="C10.S26.F9.s1">
Figure 10.26.9: <Math mode="inline" xml:id="C10.S26.F9.m4">\widetilde{I}_{5}\left(x\right)</Math> , <Math mode="inline" xml:id="C10.S26.F9.m5">\widetilde{K}_{5}\left(x\right)</Math> , <Math mode="inline" xml:id="C10.S26.F9.m6">0.01\leq x\leq 3</Math> .
</sentence>            
<sentence sentence-num-in-section="12" xml:id="C10.S26.F10.s1">
Figure 10.26.10: <Math mode="inline" xml:id="C10.S26.F10.m3">\widetilde{K}_{5}\left(x\right)</Math> , <Math mode="inline" xml:id="C10.S26.F10.m4">0.01\leq x\leq 3</Math> .
</sentence>   
 
 
</subsection>
 
</section>
