<?xml version="1.0" encoding="UTF-8"?>
<section xml:id="C10.S30">
<title>Limiting Forms</title>        
 
<subsection xml:id="C10.S30.SS1">
<title><Math mode="inline" xml:id="C10.S30.SS1.m1">z\to 0</Math></title>        
  
<para xml:id="C10.S30.SS1.p1">

<sentence sentence-num-in-para="1" sentence-num-in-section="1" xml:id="C10.S30.SS1.p1.s1">
When <Math mode="inline" xml:id="C10.S30.SS1.p1.m1">\nu</Math> is fixed and <Math mode="inline" xml:id="C10.S30.SS1.p1.m2">z\to 0</Math> , <Math equation-number="10.30.1" mode="display" xml:id="C10.S30.E1">I_{\nu}\left(z\right)\sim(\tfrac{1}{2}z)^{\nu}/\Gamma\left(\nu+1\right), if \nu\neq-1,-2,-3,\dots,</Math> <Math equation-number="10.30.2" mode="display" xml:id="C10.S30.E2">K_{\nu}\left(z\right)\sim\tfrac{1}{2}\Gamma\left(\nu\right)(\tfrac{1}{2}z)^{- \nu}, if \Re\nu&gt;0,</Math> , <Math equation-number="10.30.3" mode="display" xml:id="C10.S30.E3">K_{0}\left(z\right)\sim-\ln z</Math>.
</sentence>

<sentence sentence-num-in-para="2" sentence-num-in-section="2" xml:id="C10.S30.SS1.p1.s2">
For <Math mode="inline" xml:id="C10.S30.SS1.p1.m3">K_{\nu}\left(x\right)</Math> , when <Math mode="inline" xml:id="C10.S30.SS1.p1.m4">\nu</Math> is purely imaginary and <Math mode="inline" xml:id="C10.S30.SS1.p1.m5">x\to 0+</Math> , see (10.45.2) and (10.45.7).
</sentence>

</para>

 
</subsection>
 
<subsection xml:id="C10.S30.SS2">
<title><Math mode="inline" xml:id="C10.S30.SS2.m1">z\to\infty</Math></title>        
 
<para xml:id="C10.S30.SS2.p1">

<sentence sentence-num-in-para="1" sentence-num-in-section="3" xml:id="C10.S30.SS2.p1.s1">
When <Math mode="inline" xml:id="C10.S30.SS2.p1.m1">\nu</Math> is fixed and <Math mode="inline" xml:id="C10.S30.SS2.p1.m2">z\to\infty</Math> , <Math equation-number="10.30.4" mode="display" xml:id="C10.S30.E4">I_{\nu}\left(z\right)\sim e^{z}/\sqrt{2\pi z}, if |\operatorname{ph}z|\leq\tfrac{1}{2}\pi-\delta,</Math> , <Math equation-number="10.30.5" mode="display" xml:id="C10.S30.E5">I_{\nu}\left(z\right)\sim e^{\pm(\nu+\frac{1}{2})\pi i}e^{-z}/\sqrt{2\pi z}, if \tfrac{1}{2}\pi+\delta\leq\pm\operatorname{ph}z\leq\tfrac{3}{2}\pi-\delta</Math>.
</sentence>

</para>
 
<para xml:id="C10.S30.SS2.p2">

<sentence sentence-num-in-para="1" sentence-num-in-section="4" xml:id="C10.S30.SS2.p2.s1">
For <Math mode="inline" xml:id="C10.S30.SS2.p2.m1">K_{\nu}\left(z\right)</Math> see (10.25.3).
</sentence>

</para>

 
</subsection>
 
</section>
