<?xml version="1.0" encoding="UTF-8"?>
<section xml:id="C10.S37">
<title>Inequalities; Monotonicity</title>           
<para xml:id="C10.S37.p1">

<sentence sentence-num-in-para="1" sentence-num-in-section="1" xml:id="C10.S37.p1.s1">
If <Math mode="inline" xml:id="C10.S37.p1.m1">\nu</Math> <Math mode="inline" xml:id="C10.S37.p1.m2">(\geq 0)</Math> is fixed, then throughout the interval <Math mode="inline" xml:id="C10.S37.p1.m3">0&lt;x&lt;\infty</Math> , <Math mode="inline" xml:id="C10.S37.p1.m4">I_{\nu}\left(x\right)</Math> is positive and increasing, and <Math mode="inline" xml:id="C10.S37.p1.m5">K_{\nu}\left(x\right)</Math> is positive and decreasing.
</sentence>

</para>
 
<para xml:id="C10.S37.p2">

<sentence sentence-num-in-para="1" sentence-num-in-section="2" xml:id="C10.S37.p2.s1">
If <Math mode="inline" xml:id="C10.S37.p2.m1">x</Math> <Math mode="inline" xml:id="C10.S37.p2.m2">(&gt;0)</Math> is fixed, then throughout the interval <Math mode="inline" xml:id="C10.S37.p2.m3">0&lt;\nu&lt;\infty</Math> , <Math mode="inline" xml:id="C10.S37.p2.m4">I_{\nu}\left(x\right)</Math> is decreasing, and <Math mode="inline" xml:id="C10.S37.p2.m5">K_{\nu}\left(x\right)</Math> is increasing.
</sentence>

</para>
 
<para xml:id="C10.S37.p3">

<sentence sentence-num-in-para="1" sentence-num-in-section="3" xml:id="C10.S37.p3.s1">
For sharper inequalities when the variables are real see Paris (1984) and Laforgia (1991).
</sentence>

</para>
 
<para xml:id="C10.S37.p4">

<sentence sentence-num-in-para="1" sentence-num-in-section="4" xml:id="C10.S37.p4.s1">
If <Math mode="inline" xml:id="C10.S37.p4.m1">0\leq\nu&lt;\mu</Math> and <Math mode="inline" xml:id="C10.S37.p4.m2">|\operatorname{ph}z|\leq\tfrac{1}{2}\pi</Math> , then <Math equation-number="10.37.1" mode="display" xml:id="C10.S37.E1">|K_{\nu}\left(z\right)|&lt;|K_{\mu}\left(z\right)|</Math>.
</sentence>

<sentence sentence-num-in-para="2" sentence-num-in-section="5" xml:id="C10.S37.p4.s2">
Note that previously we did mention that (10.37.1) holds for <Math mode="inline" xml:id="C10.S37.p4.m3">|\operatorname{ph}z|&lt;\pi</Math>.
</sentence>

<sentence sentence-num-in-para="3" sentence-num-in-section="6" xml:id="C10.S37.p4.s3">
This is definitely not the case.
</sentence>

</para>
 
<para xml:id="C10.S37.p5">

<sentence sentence-num-in-para="1" sentence-num-in-section="7" xml:id="C10.S37.p5.s1">
See also Pal <Math mode="inline" xml:id="bib.bib2644.m1">{}^{\prime}</Math> tsev (1999), Petropoulou (2000), Segura (2011) and Gaunt (2014).
</sentence>

</para>

 
</section>
