<?xml version="1.0" encoding="UTF-8"?>
<section xml:id="C10.S33">
<title>Continued Fractions</title>        
 
 
<para xml:id="C10.S33.p1">

<sentence sentence-num-in-para="1" sentence-num-in-section="1" xml:id="C10.S33.p1.s1">
Assume <Math mode="inline" xml:id="C10.S33.p1.m1">I_{\nu-1}\left(z\right)\neq 0</Math>.
</sentence>

<sentence sentence-num-in-para="2" sentence-num-in-section="2" xml:id="C10.S33.p1.s2">
Then <Math equation-number="10.33.1" mode="display" xml:id="C10.S33.E1">\frac{I_{\nu}\left(z\right)}{I_{\nu-1}\left(z\right)}=\cfrac{1}{2\nu z^{-1}+} \cfrac{1}{2(\nu+1)z^{-1}+}\cfrac{1}{2(\nu+2)z^{-1}+}\cdots, if z\neq 0,</Math> <Math equation-number="10.33.2" mode="display" xml:id="C10.S33.E2">\frac{I_{\nu}\left(z\right)}{I_{\nu-1}\left(z\right)}=\cfrac{\frac{1}{2}z/\nu} {1+}\cfrac{\frac{1}{4}z^{2}/(\nu(\nu+1))}{1+}\cfrac{\frac{1}{4}z^{2}/((\nu+1)( \nu+2))}{1+}\cdots, if \nu\neq 0,-1,-2,\ldots</Math>.
</sentence>

</para>
 
<para xml:id="C10.S33.p2">

<sentence sentence-num-in-para="1" sentence-num-in-section="3" xml:id="C10.S33.p2.s1">
See also Cuyt et al. (2008, pp. 361–367).
</sentence>

</para>

 
</section>
