<?xml version="1.0" encoding="UTF-8"?>
<section xml:id="C10.S31">
<title>Power Series</title>        
 
 
<para xml:id="C10.S31.p1">

<sentence sentence-num-in-para="1" sentence-num-in-section="1" xml:id="C10.S31.p1.s1">
For <Math mode="inline" xml:id="C10.S31.p1.m1">I_{\nu}\left(z\right)</Math> see (10.25.2) and (10.27.1).
</sentence>

<sentence sentence-num-in-para="2" sentence-num-in-section="2" xml:id="C10.S31.p1.s2">
When <Math mode="inline" xml:id="C10.S31.p1.m2">\nu</Math> is not an integer the corresponding expansion for <Math mode="inline" xml:id="C10.S31.p1.m3">K_{\nu}\left(z\right)</Math> is obtained from (10.25.2) and (10.27.4).
</sentence>

</para>
 
<para xml:id="C10.S31.p2">

<sentence sentence-num-in-para="1" sentence-num-in-section="3" xml:id="C10.S31.p2.s1">
When <Math mode="inline" xml:id="C10.S31.p2.m1">n=0,1,2,\ldots</Math> , <Math equation-number="10.31.1" mode="display" xml:id="C10.S31.E1">K_{n}\left(z\right)=\tfrac{1}{2}(\tfrac{1}{2}z)^{-n}\sum_{k=0}^{n-1}\frac{(n-k -1)!}{k!}(-\tfrac{1}{4}z^{2})^{k}+(-1)^{n+1}\ln\left(\tfrac{1}{2}z\right)I_{n} \left(z\right)+(-1)^{n}\tfrac{1}{2}(\tfrac{1}{2}z)^{n}\sum_{k=0}^{\infty}\left (\psi\left(k+1\right)+\psi\left(n+k+1\right)\right)\frac{(\tfrac{1}{4}z^{2})^{ k}}{k!(n+k)!}</Math> , where <Math mode="inline" xml:id="C10.S31.p2.m2">\psi\left(x\right)=\Gamma'\left(x\right)/\Gamma\left(x\right)</Math> (§5.2(i)).
</sentence>

<sentence sentence-num-in-para="2" sentence-num-in-section="4" xml:id="C10.S31.p2.s2">
In particular, <Math equation-number="10.31.2" mode="display" xml:id="C10.S31.E2">K_{0}\left(z\right)=-\left(\ln\left(\tfrac{1}{2}z\right)+\gamma\right)I_{0} \left(z\right)+\frac{\tfrac{1}{4}z^{2}}{(1!)^{2}}+(1+\tfrac{1}{2})\frac{( \tfrac{1}{4}z^{2})^{2}}{(2!)^{2}}+(1+\tfrac{1}{2}+\tfrac{1}{3})\frac{(\tfrac{1 }{4}z^{2})^{3}}{(3!)^{2}}+\cdots</Math>.
</sentence>

<sentence sentence-num-in-para="3" sentence-num-in-section="5" xml:id="C10.S31.p2.s3">
For negative values of <Math mode="inline" xml:id="C10.S31.p2.m3">n</Math> use (10.27.3).
</sentence>

</para>
 
<para xml:id="C10.S31.p3">

<sentence sentence-num-in-para="1" sentence-num-in-section="6" xml:id="C10.S31.p3.s1">
 <Math equation-number="10.31.3" mode="display" xml:id="C10.S31.E3">I_{\nu}\left(z\right)I_{\mu}\left(z\right)=(\tfrac{1}{2}z)^{\nu+\mu}\sum_{k=0} ^{\infty}\frac{(\nu+\mu+k+1)_{k}(\tfrac{1}{4}z^{2})^{k}}{k!\Gamma\left(\nu+k+1 \right)\Gamma\left(\mu+k+1\right)}</Math>.
</sentence>

</para>

 
</section>
