<?xml version="1.0" encoding="UTF-8"?>
<section xml:id="C10.S3">
<title>Graphics</title>        
 
 
<subsection xml:id="C10.S3.SS1">
<title>Real Order and Variable</title>        
  
<para xml:id="C10.S3.SS1.p1">

</para>
 
<para xml:id="C10.S3.SS1.p2">

<sentence sentence-num-in-para="1" sentence-num-in-section="1" xml:id="C10.S3.SS1.p2.s1">
For the modulus and phase functions <Math mode="inline" xml:id="C10.S3.SS1.p2.m1">M_{\nu}\left(x\right)</Math> , <Math mode="inline" xml:id="C10.S3.SS1.p2.m2">\theta_{\nu}\left(x\right)</Math> , <Math mode="inline" xml:id="C10.S3.SS1.p2.m3">N_{\nu}\left(x\right)</Math> , and <Math mode="inline" xml:id="C10.S3.SS1.p2.m4">\phi_{\nu}\left(x\right)</Math> see §10.18.
</sentence>

</para>
           
<sentence sentence-num-in-section="2" xml:id="C10.S3.F1.s1">
Figure 10.3.1: <Math mode="inline" xml:id="C10.S3.F1.m6">J_{0}\left(x\right)</Math> , <Math mode="inline" xml:id="C10.S3.F1.m7">Y_{0}\left(x\right)</Math> , <Math mode="inline" xml:id="C10.S3.F1.m8">J_{1}\left(x\right)</Math> , <Math mode="inline" xml:id="C10.S3.F1.m9">Y_{1}\left(x\right)</Math> , <Math mode="inline" xml:id="C10.S3.F1.m10">0\leq x\leq 10</Math> .
</sentence>           
<sentence sentence-num-in-section="3" xml:id="C10.S3.F2.s1">
Figure 10.3.2: <Math mode="inline" xml:id="C10.S3.F2.m5">J_{5}\left(x\right)</Math> , <Math mode="inline" xml:id="C10.S3.F2.m6">Y_{5}\left(x\right)</Math> , <Math mode="inline" xml:id="C10.S3.F2.m7">M_{5}\left(x\right)</Math> , <Math mode="inline" xml:id="C10.S3.F2.m8">0\leq x\leq 15</Math> .
</sentence>             
<sentence sentence-num-in-section="4" xml:id="C10.S3.F3.s1">
Figure 10.3.3: <Math mode="inline" xml:id="C10.S3.F3.m5">J_{5}'\left(x\right)</Math> , <Math mode="inline" xml:id="C10.S3.F3.m6">Y_{5}'\left(x\right)</Math> , <Math mode="inline" xml:id="C10.S3.F3.m7">N_{5}\left(x\right)</Math> , <Math mode="inline" xml:id="C10.S3.F3.m8">0\leq x\leq 15</Math> .
</sentence>           
<sentence sentence-num-in-section="5" xml:id="C10.S3.F4.s1">
Figure 10.3.4: <Math mode="inline" xml:id="C10.S3.F4.m4">\theta_{5}\left(x\right)</Math> , <Math mode="inline" xml:id="C10.S3.F4.m5">\phi_{5}\left(x\right)</Math> , <Math mode="inline" xml:id="C10.S3.F4.m6">0\leq x\leq 15</Math> .
</sentence>              
<sentence sentence-num-in-section="6" xml:id="C10.S3.F5.s1">
Figure 10.3.5: <Math mode="inline" xml:id="C10.S3.F5.m4">J_{\nu}\left(x\right)</Math> , <Math mode="inline" xml:id="C10.S3.F5.m5">0\leq x\leq 10</Math> , <Math mode="inline" xml:id="C10.S3.F5.m6">0\leq\nu\leq 5</Math> . 
</sentence>           
<sentence sentence-num-in-section="7" xml:id="C10.S3.F6.s1">
Figure 10.3.6: <Math mode="inline" xml:id="C10.S3.F6.m4">Y_{\nu}\left(x\right)</Math> , <Math mode="inline" xml:id="C10.S3.F6.m5">0&amp;lt;x\leq 10</Math> , <Math mode="inline" xml:id="C10.S3.F6.m6">0\leq\nu\leq 5</Math> . 
</sentence>   
          
<sentence sentence-num-in-section="8" xml:id="C10.S3.F7.s1">
Figure 10.3.7: <Math mode="inline" xml:id="C10.S3.F7.m4">J_{\nu}'\left(x\right)</Math> , <Math mode="inline" xml:id="C10.S3.F7.m5">0\leq x\leq 10</Math> , <Math mode="inline" xml:id="C10.S3.F7.m6">0\leq\nu\leq 5</Math> . 
</sentence>           
<sentence sentence-num-in-section="9" xml:id="C10.S3.F8.s1">
Figure 10.3.8: <Math mode="inline" xml:id="C10.S3.F8.m4">Y_{\nu}'\left(x\right)</Math> , <Math mode="inline" xml:id="C10.S3.F8.m5">0.2\leq x\leq 10</Math> , <Math mode="inline" xml:id="C10.S3.F8.m6">0\leq\nu\leq 5</Math> . 
</sentence>    
</subsection>
 
<subsection xml:id="C10.S3.SS2">
<title>Real Order, Complex Variable</title>         
 
<para xml:id="C10.S3.SS2.p1">

</para>
 
<para xml:id="C10.S3.SS2.p2">

<sentence sentence-num-in-para="1" sentence-num-in-section="10" xml:id="C10.S3.SS2.p2.s1">
In the graphics shown in this subsection, height corresponds to the absolute value of the function and color to the phase.
</sentence>

<sentence sentence-num-in-para="2" sentence-num-in-section="11" xml:id="C10.S3.SS2.p2.s2">
See also p.
</sentence>

<sentence sentence-num-in-para="3" sentence-num-in-section="12" xml:id="C10.S3.SS2.p2.s3">
About Color Map.
</sentence>

</para>
           
<sentence sentence-num-in-section="13" xml:id="C10.S3.F9.s1">
Figure 10.3.9: <Math mode="inline" xml:id="C10.S3.F9.m4">J_{0}\left(x+iy\right)</Math> , <Math mode="inline" xml:id="C10.S3.F9.m5">-10\leq x\leq 10</Math> , <Math mode="inline" xml:id="C10.S3.F9.m6">-4\leq y\leq 4</Math> . 
</sentence>           
<sentence sentence-num-in-section="14" xml:id="C10.S3.F10.s1">
Figure 10.3.10: <Math mode="inline" xml:id="C10.S3.F10.m4">{H^{(1)}_{0}}\left(x+iy\right)</Math> , <Math mode="inline" xml:id="C10.S3.F10.m5">-10\leq x\leq 5</Math> , <Math mode="inline" xml:id="C10.S3.F10.m6">-2.8\leq y\leq 4</Math> . Principal value. There is a cut along the negative real axis. 
</sentence>             
<sentence sentence-num-in-section="15" xml:id="C10.S3.F11.s1">
Figure 10.3.11: <Math mode="inline" xml:id="C10.S3.F11.m4">J_{1}\left(x+iy\right)</Math> , <Math mode="inline" xml:id="C10.S3.F11.m5">-10\leq x\leq 10</Math> , <Math mode="inline" xml:id="C10.S3.F11.m6">-4\leq y\leq 4</Math> . 
</sentence>           
<sentence sentence-num-in-section="16" xml:id="C10.S3.F12.s1">
Figure 10.3.12: <Math mode="inline" xml:id="C10.S3.F12.m4">{H^{(1)}_{1}}\left(x+iy\right)</Math> , <Math mode="inline" xml:id="C10.S3.F12.m5">-10\leq x\leq 5</Math> , <Math mode="inline" xml:id="C10.S3.F12.m6">-2.8\leq y\leq 4</Math> . Principal value. There is a cut along the negative real axis. 
</sentence>              
<sentence sentence-num-in-section="17" xml:id="C10.S3.F13.s1">
Figure 10.3.13: <Math mode="inline" xml:id="C10.S3.F13.m4">J_{5}\left(x+iy\right)</Math> , <Math mode="inline" xml:id="C10.S3.F13.m5">-10\leq x\leq 10</Math> , <Math mode="inline" xml:id="C10.S3.F13.m6">-4\leq y\leq 4</Math> . 
</sentence>           
<sentence sentence-num-in-section="18" xml:id="C10.S3.F14.s1">
Figure 10.3.14: <Math mode="inline" xml:id="C10.S3.F14.m4">{H^{(1)}_{5}}\left(x+iy\right)</Math> , <Math mode="inline" xml:id="C10.S3.F14.m5">-20\leq x\leq 10</Math> , <Math mode="inline" xml:id="C10.S3.F14.m6">-4\leq y\leq 4</Math> . Principal value. There is a cut along the negative real axis. 
</sentence> 
            
<sentence sentence-num-in-section="19" xml:id="C10.S3.F15.s1">
Figure 10.3.15: <Math mode="inline" xml:id="C10.S3.F15.m4">J_{5.5}\left(x+iy\right</Math>) , <Math mode="inline" xml:id="C10.S3.F15.m5">-10\leq x\leq 10</Math> , <Math mode="inline" xml:id="C10.S3.F15.m6">-4\leq y\leq 4</Math> . Principal value. There is a cut along the negative real axis. 
</sentence>           
<sentence sentence-num-in-section="20" xml:id="C10.S3.F16.s1">
Figure 10.3.16: <Math mode="inline" xml:id="C10.S3.F16.m4">{H^{(1)}_{5.5}}\left(x+iy\right</Math>) , <Math mode="inline" xml:id="C10.S3.F16.m5">-20\leq x\leq 10</Math> , <Math mode="inline" xml:id="C10.S3.F16.m6">-4\leq y\leq 4</Math> . Principal value. There is a cut along the negative real axis. 
</sentence>   
 
</subsection>
 
<subsection xml:id="C10.S3.SS3">
<title>Imaginary Order, Real Variable</title>          
<para xml:id="C10.S3.SS3.p1">

</para>
 
<para xml:id="C10.S3.SS3.p2">

<sentence sentence-num-in-para="1" sentence-num-in-section="21" xml:id="C10.S3.SS3.p2.s1">
For the notation see §10.24.
</sentence>

</para>
           
<sentence sentence-num-in-section="22" xml:id="C10.S3.F17.s1">
Figure 10.3.17: <Math mode="inline" xml:id="C10.S3.F17.m4">\widetilde{J}_{1/2}\left(x\right)</Math> , <Math mode="inline" xml:id="C10.S3.F17.m5">\widetilde{Y}_{1/2}\left(x\right)</Math> , <Math mode="inline" xml:id="C10.S3.F17.m6">0.01\leq x\leq 10</Math> .
</sentence> 
          
<sentence sentence-num-in-section="23" xml:id="C10.S3.F18.s1">
Figure 10.3.18: <Math mode="inline" xml:id="C10.S3.F18.m4">\widetilde{J}_{1}\left(x\right)</Math> , <Math mode="inline" xml:id="C10.S3.F18.m5">\widetilde{Y}_{1}\left(x\right)</Math> , <Math mode="inline" xml:id="C10.S3.F18.m6">0.01\leq x\leq 10</Math> .
</sentence>             
<sentence sentence-num-in-section="24" xml:id="C10.S3.F19.s1">
Figure 10.3.19: <Math mode="inline" xml:id="C10.S3.F19.m4">\widetilde{J}_{5}\left(x\right)</Math> , <Math mode="inline" xml:id="C10.S3.F19.m5">\widetilde{Y}_{5}\left(x\right)</Math> , <Math mode="inline" xml:id="C10.S3.F19.m6">0.01\leq x\leq 10</Math> .
</sentence>   
 
</subsection>
 
</section>
