<?xml version="1.0" encoding="UTF-8"?>
<section xml:id="C10.S39">
<title>Relations to Other Functions</title>         
<paragraph xml:id="C10.S39.Px1">
<title>Elementary Functions</title>    
<para xml:id="C10.S39.Px1.p1">

<sentence sentence-num-in-para="1" sentence-num-in-section="1" xml:id="C10.S39.Px1.p1.s1">
 <Math equation-number="10.39.1" mode="display" xml:id="C10.S39.E1">I_{\frac{1}{2}}\left(z\right)=\left(\frac{2}{\pi z}\right)^{\frac{1}{2}}\sinh z,I_{-\frac{1}{2}}\left(z\right)=\left(\frac{2}{\pi z}\right)^{\frac{1}{2}}\cosh z,</Math> <Math equation-number="10.39.2" mode="display" xml:id="C10.S39.E2">K_{\frac{1}{2}}\left(z\right)=K_{-\frac{1}{2}}\left(z\right)=\left(\frac{\pi}{ 2z}\right)^{\frac{1}{2}}e^{-z}</Math>.
</sentence>

<sentence sentence-num-in-para="2" sentence-num-in-section="2" xml:id="C10.S39.Px1.p1.s2">
For these and general results when <Math mode="inline" xml:id="C10.S39.Px1.p1.m1">\nu</Math> is half an odd integer see §§10.47(ii) and 10.49(ii).
</sentence>

</para>
 
</paragraph>
 
<paragraph xml:id="C10.S39.Px2">
<title>Airy Functions</title>   
<para xml:id="C10.S39.Px2.p1">

<sentence sentence-num-in-para="1" sentence-num-in-section="3" xml:id="C10.S39.Px2.p1.s1">
See §§9.6(i) and 9.6(ii).
</sentence>

</para>
 
</paragraph>
 
<paragraph xml:id="C10.S39.Px3">
<title>Parabolic Cylinder Functions</title>     
<para xml:id="C10.S39.Px3.p1">

<sentence sentence-num-in-para="1" sentence-num-in-section="4" xml:id="C10.S39.Px3.p1.s1">
With the notation of §12.2(i),
</sentence>

<sentence sentence-num-in-para="2" sentence-num-in-section="5" xml:id="C10.S39.Px3.p1.s2">
<Math equation-number="10.39.3" mode="display" xml:id="C10.S39.E3">K_{\frac{1}{4}}\left(z\right)=\pi^{\frac{1}{2}}z^{-\frac{1}{4}}U\left(0,2z^{ \frac{1}{2}}\right),</Math> <Math equation-number="10.39.4" mode="display" xml:id="C10.S39.E4">K_{\frac{3}{4}}\left(z\right)=\tfrac{1}{2}\pi^{\frac{1}{2}}z^{-\frac{3}{4}} \left(\tfrac{1}{2}U\left(1,2z^{\frac{1}{2}}\right)+U\left(-1,2z^{\frac{1}{2}} \right)\right)</Math>.
</sentence>

<sentence sentence-num-in-para="3" sentence-num-in-section="6" xml:id="C10.S39.Px3.p1.s3">
Principal values on each side of these equations correspond.For these and further results seeMiller (1955, pp. 42–43 and 77–79).
</sentence>

</para>
 
</paragraph>
 
<paragraph xml:id="C10.S39.Px4">
<title>Confluent Hypergeometric Functions</title>     
<para xml:id="C10.S39.Px4.p1">

<sentence sentence-num-in-para="1" sentence-num-in-section="7" xml:id="C10.S39.Px4.p1.s1">
 <Math equation-number="10.39.5" mode="display" xml:id="C10.S39.E5">I_{\nu}\left(z\right)=\frac{(\tfrac{1}{2}z)^{\nu}e^{\pm z}}{\Gamma\left(\nu+1 \right)}M\left(\nu+\tfrac{1}{2},2\nu+1,\mp 2z\right),</Math> , <Math equation-number="10.39.6" mode="display" xml:id="C10.S39.E6">K_{\nu}\left(z\right)=\pi^{\frac{1}{2}}(2z)^{\nu}e^{-z}U\left(\nu+\tfrac{1}{2} ,2\nu+1,2z\right),</Math> <Math equation-number="10.39.7" mode="display" xml:id="C10.S39.E7">I_{\nu}\left(z\right)=\frac{(2z)^{-\frac{1}{2}}M_{0,\nu}\left(2z\right)}{2^{2 \nu}\Gamma\left(\nu+1\right)}, if 2\nu\neq-1,-2,-3,\dots,</Math> <Math equation-number="10.39.8" mode="display" xml:id="C10.S39.E8">K_{\nu}\left(z\right)=\left(\frac{\pi}{2z}\right)^{\frac{1}{2}}W_{0,\nu}\left( 2z\right)</Math>.
</sentence>

<sentence sentence-num-in-para="2" sentence-num-in-section="8" xml:id="C10.S39.Px4.p1.s2">
For the functions <Math mode="inline" xml:id="C10.S39.Px4.p1.m1">M</Math> , <Math mode="inline" xml:id="C10.S39.Px4.p1.m2">U</Math> , <Math mode="inline" xml:id="C10.S39.Px4.p1.m3">M_{0,\nu}</Math> , and <Math mode="inline" xml:id="C10.S39.Px4.p1.m4">W_{0,\nu}</Math> see §§13.2(i) and 13.14(i).
</sentence>

</para>
 
</paragraph>
 
<paragraph xml:id="C10.S39.Px5">
<title>Generalized Hypergeometric Functions and Hypergeometric Function</title>     
<para xml:id="C10.S39.Px5.p1">

<sentence sentence-num-in-para="1" sentence-num-in-section="9" xml:id="C10.S39.Px5.p1.s1">
 <Math equation-number="10.39.9" mode="display" xml:id="C10.S39.E9">I_{\nu}\left(z\right)=\frac{(\frac{1}{2}z)^{\nu}}{\Gamma\left(\nu+1\right)}{{} _{0}F_{1}}\left(-;\nu+1;\tfrac{1}{4}z^{2}\right),</Math> 
</sentence>

</para>
 
<para xml:id="C10.S39.Px5.p2">

<sentence sentence-num-in-para="1" sentence-num-in-section="10" xml:id="C10.S39.Px5.p2.s1">
 <Math equation-number="10.39.10" mode="display" xml:id="C10.S39.E10">I_{\nu}\left(z\right)=(\tfrac{1}{2}z)^{\nu}\lim{{\mathbf{F}}}\left(\lambda,\mu ;\nu+1;z^{2}/(4\lambda\mu)\right),</Math> as <Math mode="inline" xml:id="C10.S39.Px5.p2.m1">\lambda</Math> and <Math mode="inline" xml:id="C10.S39.Px5.p2.m2">\mu\to\infty</Math> in <Math mode="inline" xml:id="C10.S39.Px5.p2.m3">\mathbb{C}</Math> , with <Math mode="inline" xml:id="C10.S39.Px5.p2.m4">z</Math> and <Math mode="inline" xml:id="C10.S39.Px5.p2.m5">\nu</Math> fixed. For the functions <Math mode="inline" xml:id="C10.S39.Px5.p2.m6">{{}_{0}F_{1}}</Math> and <Math mode="inline" xml:id="C10.S39.Px5.p2.m7">{{\mathbf{F}}}</Math> see (16.2.1) and §15.2(i).
</sentence>

</para>

 
</paragraph>
 
</section>
