<?xml version="1.0" encoding="UTF-8"?>
<section xml:id="C10.S34">
<title>Analytic Continuation</title>          
<para xml:id="C10.S34.p1">

<sentence sentence-num-in-para="1" sentence-num-in-section="1" xml:id="C10.S34.p1.s1">
When <Math mode="inline" xml:id="C10.S34.p1.m1">m\in\mathbb{Z}</Math> , <Math equation-number="10.34.1" mode="display" xml:id="C10.S34.E1">I_{\nu}\left(ze^{m\pi i}\right)=e^{m\nu\pi i}I_{\nu}\left(z\right),</Math> <Math equation-number="10.34.2" mode="display" xml:id="C10.S34.E2">K_{\nu}\left(ze^{m\pi i}\right)=e^{-m\nu\pi i}K_{\nu}\left(z\right)-\pi i\sin \left(m\nu\pi\right)\csc\left(\nu\pi\right)I_{\nu}\left(z\right)</Math>.
</sentence>

<sentence sentence-num-in-para="2" sentence-num-in-section="2" xml:id="C10.S34.p1.s2">
<Math equation-number="10.34.3" mode="display" xml:id="C10.S34.E3">I_{\nu}\left(ze^{m\pi i}\right)=(i/\pi)\left(\pm e^{m\nu\pi i}K_{\nu}\left(ze^ {\pm\pi i}\right)\mp e^{(m\mp 1)\nu\pi i}K_{\nu}\left(z\right)\right),</Math> , <Math equation-number="10.34.4" mode="display" xml:id="C10.S34.E4">K_{\nu}\left(ze^{m\pi i}\right)=\csc\left(\nu\pi\right)\left(\pm\sin\left(m\nu \pi\right)K_{\nu}\left(ze^{\pm\pi i}\right)\mp\sin\left((m\mp 1)\nu\pi\right)K _{\nu}\left(z\right)\right)</Math>.
</sentence>

</para>
 
<para xml:id="C10.S34.p2">

<sentence sentence-num-in-para="1" sentence-num-in-section="3" xml:id="C10.S34.p2.s1">
If <Math mode="inline" xml:id="C10.S34.p2.m1">\nu=n(\in\mathbb{Z})</Math> , then limiting values are taken in (10.34.2) and (10.34.4):
</sentence>

<sentence sentence-num-in-para="2" sentence-num-in-section="4" xml:id="C10.S34.p2.s2">
<Math equation-number="10.34.5" mode="display" xml:id="C10.S34.E5">K_{n}\left(ze^{m\pi i}\right)=(-1)^{mn}K_{n}\left(z\right)+(-1)^{n(m-1)-1}m\pi iI _{n}\left(z\right),</Math> <Math equation-number="10.34.6" mode="display" xml:id="C10.S34.E6">K_{n}\left(ze^{m\pi i}\right)=\pm(-1)^{n(m-1)}mK_{n}\left(ze^{\pm\pi i}\right) \mp(-1)^{nm}(m\mp 1)K_{n}\left(z\right)</Math>.
</sentence>

</para>
 
<para xml:id="C10.S34.p3">

<sentence sentence-num-in-para="1" sentence-num-in-section="5" xml:id="C10.S34.p3.s1">
For real <Math mode="inline" xml:id="C10.S34.p3.m1">\nu</Math> , <Math equation-number="10.34.7" mode="display" xml:id="C10.S34.E7">I_{\nu}\left(\overline{z}\right)=\overline{I_{\nu}\left(z\right)},K_{\nu}\left(\overline{z}\right)=\overline{K_{\nu}\left(z\right)}</Math>.
</sentence>

<sentence sentence-num-in-para="2" sentence-num-in-section="6" xml:id="C10.S34.p3.s2">
For complex <Math mode="inline" xml:id="C10.S34.p3.m2">\nu</Math> replace <Math mode="inline" xml:id="C10.S34.p3.m3">\nu</Math> by <Math mode="inline" xml:id="C10.S34.p3.m4">\overline{\nu}</Math> on the right-hand sides.
</sentence>

</para>

 
</section>
