<?xml version="1.0" encoding="UTF-8"?>
<section xml:id="C10.S46">
<title>Generalized and Incomplete Bessel Functions; Mittag-Leffler Function</title>        
    
<para xml:id="C10.S46.p1">

<sentence sentence-num-in-para="1" sentence-num-in-section="1" xml:id="C10.S46.p1.s1">
The function <Math mode="inline" xml:id="C10.S46.p1.m1">\phi\left(\rho,\beta;z\right)</Math> is defined by <Math equation-number="10.46.1" mode="display" xml:id="C10.S46.E1">\phi\left(\rho,\beta;z\right)=\sum_{k=0}^{\infty}\frac{z^{k}}{k!\Gamma\left( \rho k+\beta\right)}, if \rho&gt;-1</Math>.
</sentence>

<sentence sentence-num-in-para="2" sentence-num-in-section="2" xml:id="C10.S46.p1.s2">
From (10.25.2)
</sentence>

<sentence sentence-num-in-para="3" sentence-num-in-section="3" xml:id="C10.S46.p1.s3">
<Math equation-number="10.46.2" mode="display" xml:id="C10.S46.E2">I_{\nu}\left(z\right)=\left(\tfrac{1}{2}z\right)^{\nu}\phi\left(1,\nu+1;\tfrac {1}{4}z^{2}\right)</Math>.
</sentence>

</para>
 
<para xml:id="C10.S46.p2">

<sentence sentence-num-in-para="1" sentence-num-in-section="4" xml:id="C10.S46.p2.s1">
For asymptotic expansions of <Math mode="inline" xml:id="C10.S46.p2.m1">\phi\left(\rho,\beta;z\right)</Math> as <Math mode="inline" xml:id="C10.S46.p2.m2">z\to\infty</Math> in various sectors of the complex <Math mode="inline" xml:id="C10.S46.p2.m3">z</Math> -plane for fixed real values of <Math mode="inline" xml:id="C10.S46.p2.m4">\rho</Math> and fixed real or complex values of <Math mode="inline" xml:id="C10.S46.p2.m5">\beta</Math> , see Wright (1935) when <Math mode="inline" xml:id="C10.S46.p2.m6">\rho&gt;0</Math> , and Wright (1940b) when <Math mode="inline" xml:id="C10.S46.p2.m7">-1&lt;\rho&lt;0</Math>.
</sentence>

<sentence sentence-num-in-para="2" sentence-num-in-section="5" xml:id="C10.S46.p2.s2">
For exponentially-improved asymptotic expansions in the same circumstances, together with smooth interpretations of the corresponding Stokes phenomenon (§§2.11(iii)–2.11(v))see Wong and Zhao (1999b) when <Math mode="inline" xml:id="C10.S46.p2.m8">\rho&gt;0</Math> , and Wong and Zhao (1999a) when <Math mode="inline" xml:id="C10.S46.p2.m9">-1&lt;\rho&lt;0</Math>.
</sentence>

</para>
 
<para xml:id="C10.S46.p3">

<sentence sentence-num-in-para="1" sentence-num-in-section="6" xml:id="C10.S46.p3.s1">
The Laplace transform of <Math mode="inline" xml:id="C10.S46.p3.m1">\phi\left(\rho,\beta;z\right)</Math> can be expressed in terms of theMittag-Leffler function: <Math equation-number="10.46.3" mode="display" xml:id="C10.S46.E3">E_{a,b}\left(z\right)=\sum_{k=0}^{\infty}\frac{z^{k}}{\Gamma\left(ak+b\right)}, if a&gt;0</Math>.
</sentence>

<sentence sentence-num-in-para="2" sentence-num-in-section="7" xml:id="C10.S46.p3.s2">
See Paris (2002c).
</sentence>

<sentence sentence-num-in-para="3" sentence-num-in-section="8" xml:id="C10.S46.p3.s3">
This reference includes exponentially-improved asymptotic expansions for <Math mode="inline" xml:id="C10.S46.p3.m2">E_{a,b}\left(z\right)</Math> when <Math mode="inline" xml:id="C10.S46.p3.m3">|z|\to\infty</Math> , together with a smooth interpretation of Stokes phenomena.
</sentence>

<sentence sentence-num-in-para="4" sentence-num-in-section="9" xml:id="C10.S46.p3.s4">
See also Wong and Zhao (2002a), and for further information on the Mittag-Leffler function seeErdélyi et al. (1955, §18.1),Paris and Kaminski (2001, §5.1.4),and Haubold et al. (2011).
</sentence>

</para>
 
<para xml:id="C10.S46.p4">

<sentence sentence-num-in-para="1" sentence-num-in-section="10" xml:id="C10.S46.p4.s1">
For incomplete modified Bessel functions and Hankel functions, including applications, see Cicchetti and Faraone (2004).
</sentence>

</para>

 
</section>
