<?xml version="1.0" encoding="UTF-8"?>
<section xml:id="C10.S41">
<title>Asymptotic Expansions for Large Order</title>         
 
<subsection xml:id="C10.S41.SS1">
<title>Asymptotic Forms</title>          
<para xml:id="C10.S41.SS1.p1">

<sentence sentence-num-in-para="1" sentence-num-in-section="1" xml:id="C10.S41.SS1.p1.s1">
If <Math mode="inline" xml:id="C10.S41.SS1.p1.m1">\nu\to\infty</Math> through positive real values with <Math mode="inline" xml:id="C10.S41.SS1.p1.m2">z(\neq 0)</Math> fixed, then <Math equation-number="10.41.1" mode="display" xml:id="C10.S41.E1">I_{\nu}\left(z\right)\sim\frac{1}{\sqrt{2\pi\nu}}\left(\frac{ez}{2\nu}\right)^ {\nu},</Math> <Math equation-number="10.41.2" mode="display" xml:id="C10.S41.E2">K_{\nu}\left(z\right)\sim\sqrt{\frac{\pi}{2\nu}}\left(\frac{ez}{2\nu}\right)^{ -\nu}</Math>.
</sentence>

</para>

 
</subsection>
 
<subsection xml:id="C10.S41.SS2">
<title>Uniform Expansions for Real Variable</title>         
 
<para xml:id="C10.S41.SS2.p1">

<sentence sentence-num-in-para="1" sentence-num-in-section="2" xml:id="C10.S41.SS2.p1.s1">
As <Math mode="inline" xml:id="C10.S41.SS2.p1.m1">\nu\to\infty</Math> through positive real values, <Math equation-number="10.41.3" mode="display" xml:id="C10.S41.E3">I_{\nu}\left(\nu z\right)\sim\frac{e^{\nu\eta}}{(2\pi\nu)^{\frac{1}{2}}(1+z^{2 })^{\frac{1}{4}}}\sum_{k=0}^{\infty}\frac{U_{k}(p)}{\nu^{k}},</Math> , <Math equation-number="10.41.4" mode="display" xml:id="C10.S41.E4">K_{\nu}\left(\nu z\right)\sim\left(\frac{\pi}{2\nu}\right)^{\frac{1}{2}}\frac{ e^{-\nu\eta}}{(1+z^{2})^{\frac{1}{4}}}\sum_{k=0}^{\infty}(-1)^{k}\frac{U_{k}(p )}{\nu^{k}},</Math> , <Math equation-number="10.41.5" mode="display" xml:id="C10.S41.E5">I_{\nu}'\left(\nu z\right)\sim\frac{(1+z^{2})^{\frac{1}{4}}e^{\nu\eta}}{(2\pi \nu)^{\frac{1}{2}}z}\sum_{k=0}^{\infty}\frac{V_{k}(p)}{\nu^{k}},</Math> <Math equation-number="10.41.6" mode="display" xml:id="C10.S41.E6">K_{\nu}'\left(\nu z\right)\sim-\left(\frac{\pi}{2\nu}\right)^{\frac{1}{2}} \frac{(1+z^{2})^{\frac{1}{4}}e^{-\nu\eta}}{z}\sum_{k=0}^{\infty}(-1)^{k}\frac{ V_{k}(p)}{\nu^{k}},</Math> uniformly for <Math mode="inline" xml:id="C10.S41.SS2.p1.m2">0&lt;z&lt;\infty</Math>.
</sentence>

<sentence sentence-num-in-para="2" sentence-num-in-section="3" xml:id="C10.S41.SS2.p1.s2">
Here <Math equation-number="10.41.7" mode="display" xml:id="C10.S41.E7">\eta=(1+z^{2})^{\frac{1}{2}}+\ln\frac{z}{1+(1+z^{2})^{\frac{1}{2}}},</Math> <Math equation-number="10.41.8" mode="display" xml:id="C10.S41.E8">p=(1+z^{2})^{-\frac{1}{2}},</Math> where the branches assume their principal values.
</sentence>

<sentence sentence-num-in-para="3" sentence-num-in-section="4" xml:id="C10.S41.SS2.p1.s3">
Also, <Math mode="inline" xml:id="C10.S41.SS2.p1.m3">U_{k}(p)</Math> and <Math mode="inline" xml:id="C10.S41.SS2.p1.m4">V_{k}(p)</Math> are polynomials in <Math mode="inline" xml:id="C10.S41.SS2.p1.m5">p</Math> of degree <Math mode="inline" xml:id="C10.S41.SS2.p1.m6">3k</Math> , given by <Math mode="inline" xml:id="C10.S41.SS2.p1.m7">U_{0}(p)=V_{0}(p)=1</Math> , and
</sentence>

</para>
  
<para xml:id="C10.S41.SS2.p2">

<sentence sentence-num-in-para="1" sentence-num-in-section="5" xml:id="C10.S41.SS2.p2.s1">
 <Math equation-number="10.41.9" mode="display" xml:id="C10.S41.E9">U_{k+1}(p)=\tfrac{1}{2}p^{2}(1-p^{2})U_{k}^{\prime}(p)+\frac{1}{8}\int_{0}^{p} (1-5t^{2})U_{k}(t)\mathrm{d}t,V_{k+1}(p)=U_{k+1}(p)-\tfrac{1}{2}p(1-p^{2})U_{k}(p)-p^{2}(1-p^{2})U_{k}^{ \prime}(p), if k=0,1,2,\ldots</Math>.
</sentence>

</para>
 
<para xml:id="C10.S41.SS2.p3">

<sentence sentence-num-in-para="1" sentence-num-in-section="6" xml:id="C10.S41.SS2.p3.s1">
For <Math mode="inline" xml:id="C10.S41.SS2.p3.m1">k=1,2,3</Math> , <Math equation-number="10.41.10" mode="display" xml:id="C10.S41.E10">U_{1}(p)=\tfrac{1}{24}(3p-5p^{3}),U_{2}(p)=\tfrac{1}{1152}(81p^{2}-462p^{4}+385p^{6}),U_{3}(p)=\tfrac{1}{4\;14720}\*(30375p^{3}-3\;69603p^{5}+7\;65765p^{7}-4\;25425 p^{9}),</Math> <Math equation-number="10.41.11" mode="display" xml:id="C10.S41.E11">V_{1}(p)=\tfrac{1}{24}(-9p+7p^{3}),V_{2}(p)=\tfrac{1}{1152}(-135p^{2}+594p^{4}-455p^{6}),V_{3}(p)=\tfrac{1}{4\;14720}\*(-42525p^{3}+4\;51737p^{5}-8\;83575p^{7}+4\;7547 5p^{9})</Math>.
</sentence>

</para>
  
<para xml:id="C10.S41.SS2.p4">

<sentence sentence-num-in-para="1" sentence-num-in-section="7" xml:id="C10.S41.SS2.p4.s1">
For <Math mode="inline" xml:id="C10.S41.SS2.p4.m1">U_{4}(p)</Math> , <Math mode="inline" xml:id="C10.S41.SS2.p4.m2">U_{5}(p)</Math> , <Math mode="inline" xml:id="C10.S41.SS2.p4.m3">U_{6}(p)</Math> , see Bickley et al. (1952, p. xxxv).
</sentence>

</para>
 
<para xml:id="C10.S41.SS2.p5">

<sentence sentence-num-in-para="1" sentence-num-in-section="8" xml:id="C10.S41.SS2.p5.s1">
For numerical tables of <Math mode="inline" xml:id="C10.S41.SS2.p5.m1">\eta=\eta(z)</Math> and the coefficients <Math mode="inline" xml:id="C10.S41.SS2.p5.m2">U_{k}(p)</Math> , <Math mode="inline" xml:id="C10.S41.SS2.p5.m3">V_{k}(p)</Math> , see Olver (1962, pp. 43–51).
</sentence>

</para>

 
</subsection>
 
<subsection xml:id="C10.S41.SS3">
<title>Uniform Expansions for Complex Variable</title>         
<para xml:id="C10.S41.SS3.p1">

<sentence sentence-num-in-para="1" sentence-num-in-section="9" xml:id="C10.S41.SS3.p1.s1">
The expansions (10.41.3)–(10.41.6) also hold uniformly in the sector <Math mode="inline" xml:id="C10.S41.SS3.p1.m1">|\operatorname{ph}z|\leq\tfrac{1}{2}\pi-\delta</Math> <Math mode="inline" xml:id="C10.S41.SS3.p1.m2">(&lt;\tfrac{1}{2}\pi)</Math> , with the branches of the fractional powers in (10.41.3)–(10.41.8) extended by continuity from the positive real <Math mode="inline" xml:id="C10.S41.SS3.p1.m3">z</Math> -axis.
</sentence>

</para>
 
<para xml:id="C10.S41.SS3.p2">

<sentence sentence-num-in-para="1" sentence-num-in-section="10" xml:id="C10.S41.SS3.p2.s1">
Figures 10.41.1 and 10.41.2 show corresponding points of the mapping of the <Math mode="inline" xml:id="C10.S41.SS3.p2.m1">z</Math> -plane and the <Math mode="inline" xml:id="C10.S41.SS3.p2.m2">\eta</Math> -plane.
</sentence>

<sentence sentence-num-in-para="2" sentence-num-in-section="11" xml:id="C10.S41.SS3.p2.s2">
The curve <Math mode="inline" xml:id="C10.S41.SS3.p2.m3">E_{1}BE_{2}</Math> in the <Math mode="inline" xml:id="C10.S41.SS3.p2.m4">z</Math> -plane is the upper boundary of the domain <Math mode="inline" xml:id="C10.S41.SS3.p2.m5">\mathbf{K}</Math> depicted in Figure 10.20.3 and rotated through an angle <Math mode="inline" xml:id="C10.S41.SS3.p2.m6">-\tfrac{1}{2}\pi</Math>.
</sentence>

<sentence sentence-num-in-para="3" sentence-num-in-section="12" xml:id="C10.S41.SS3.p2.s3">
Thus <Math mode="inline" xml:id="C10.S41.SS3.p2.m7">B</Math> is the point <Math mode="inline" xml:id="C10.S41.SS3.p2.m8">z=c</Math> , where <Math mode="inline" xml:id="C10.S41.SS3.p2.m9">c</Math> is given by (10.20.18).
</sentence>

</para>
 
<para xml:id="C10.S41.SS3.p3">

<sentence sentence-num-in-para="1" sentence-num-in-section="13" xml:id="C10.S41.SS3.p3.s1">
For derivations of the results in this subsection, and also error bounds, seeOlver (1997b, pp. 374–378).
</sentence>

<sentence sentence-num-in-para="2" sentence-num-in-section="14" xml:id="C10.S41.SS3.p3.s2">
For extensions of the regions of validity in the <Math mode="inline" xml:id="C10.S41.SS3.p3.m1">z</Math> -plane and extensions to complex values of <Math mode="inline" xml:id="C10.S41.SS3.p3.m2">\nu</Math> seeOlver (1997b, pp. 378–382).
</sentence>

</para>
  
          
<sentence sentence-num-in-section="15" xml:id="C10.S41.F1.s1">
Figure 10.41.1: <Math mode="inline" xml:id="C10.S41.F1.m2">z</Math> -plane.
</sentence>
                             
<sentence sentence-num-in-section="16" xml:id="C10.S41.F2.s1">
Figure 10.41.2: <Math mode="inline" xml:id="C10.S41.F2.m2">\eta</Math> -plane.
</sentence>
 
  
 
<para xml:id="C10.S41.SS3.p4">

<sentence sentence-num-in-para="1" sentence-num-in-section="17" xml:id="C10.S41.SS3.p4.s1">
For expansions in inverse factorial series see Dunster et al. (1993).
</sentence>

</para>

 
</subsection>
 
<subsection xml:id="C10.S41.SS4">
<title>Double Asymptotic Properties</title>           
<para xml:id="C10.S41.SS4.p1">

<sentence sentence-num-in-para="1" sentence-num-in-section="18" xml:id="C10.S41.SS4.p1.s1">
The series (10.41.3)–(10.41.6) can also be regarded as generalized asymptotic expansions for large <Math mode="inline" xml:id="C10.S41.SS4.p1.m1">|z|</Math>.
</sentence>

<sentence sentence-num-in-para="2" sentence-num-in-section="19" xml:id="C10.S41.SS4.p1.s2">
Thus as <Math mode="inline" xml:id="C10.S41.SS4.p1.m2">z\to\infty</Math> with <Math mode="inline" xml:id="C10.S41.SS4.p1.m3">\ell</Math> <Math mode="inline" xml:id="C10.S41.SS4.p1.m4">(\geq 1)</Math> and <Math mode="inline" xml:id="C10.S41.SS4.p1.m5">\nu</Math> <Math mode="inline" xml:id="C10.S41.SS4.p1.m6">(&gt;0)</Math> both fixed, <Math equation-number="10.41.12" mode="display" xml:id="C10.S41.E12">I_{\nu}\left(\nu z\right)=\frac{e^{\nu\eta}}{(2\pi\nu)^{\frac{1}{2}}(1+z^{2})^ {\frac{1}{4}}}\left(\sum_{k=0}^{\ell-1}\frac{U_{k}(p)}{\nu^{k}}+O\left(\frac{1 }{z^{\ell}}\right)\right), if |\operatorname{ph}z|\leq\tfrac{1}{2}\pi-\delta,</Math> <Math equation-number="10.41.13" mode="display" xml:id="C10.S41.E13">K_{\nu}\left(\nu z\right)=\left(\frac{\pi}{2\nu}\right)^{\frac{1}{2}}\frac{e^{ -\nu\eta}}{(1+z^{2})^{\frac{1}{4}}}\*\left(\sum_{k=0}^{\ell-1}(-1)^{k}\frac{U_ {k}(p)}{\nu^{k}}+O\left(\frac{1}{z^{\ell}}\right)\right), if |\operatorname{ph}z|\leq\tfrac{3}{2}\pi-\delta</Math>.
</sentence>

<sentence sentence-num-in-para="3" sentence-num-in-section="20" xml:id="C10.S41.SS4.p1.s3">
Similarly for (10.41.5) and (10.41.6).
</sentence>

</para>
 
<para xml:id="C10.S41.SS4.p2">

<sentence sentence-num-in-para="1" sentence-num-in-section="21" xml:id="C10.S41.SS4.p2.s1">
In the case of (10.41.13) with positive real values of <Math mode="inline" xml:id="C10.S41.SS4.p2.m1">z</Math> the result is a consequence of the error bounds given inOlver (1997b, pp. 377–378).
</sentence>

<sentence sentence-num-in-para="2" sentence-num-in-section="22" xml:id="C10.S41.SS4.p2.s2">
Then by expanding the quantities <Math mode="inline" xml:id="C10.S41.SS4.p2.m2">\eta</Math> , <Math mode="inline" xml:id="C10.S41.SS4.p2.m3">(1+z^{2})^{-\frac{1}{4}}</Math> , and <Math mode="inline" xml:id="C10.S41.SS4.p2.m4">U_{k}(p)</Math> , <Math mode="inline" xml:id="C10.S41.SS4.p2.m5">k=0,1,\ldots,\ell-1</Math> , and rearranging, we arrive at an expansion of the right-hand side of (10.41.13) in powers of <Math mode="inline" xml:id="C10.S41.SS4.p2.m6">z^{-1}</Math>.
</sentence>

<sentence sentence-num-in-para="3" sentence-num-in-section="23" xml:id="C10.S41.SS4.p2.s3">
Moreover, because of the uniqueness property of asymptotic expansions (§2.1(iii)) this expansion must agree with (10.40.2), with <Math mode="inline" xml:id="C10.S41.SS4.p2.m7">z</Math> replaced by <Math mode="inline" xml:id="C10.S41.SS4.p2.m8">\nu z</Math> , up to and including the term in <Math mode="inline" xml:id="C10.S41.SS4.p2.m9">z^{-(\ell-1)}</Math>.
</sentence>

<sentence sentence-num-in-para="4" sentence-num-in-section="24" xml:id="C10.S41.SS4.p2.s4">
It also enjoys the same sector of validity.
</sentence>

</para>
 
<para xml:id="C10.S41.SS4.p3">

<sentence sentence-num-in-para="1" sentence-num-in-section="25" xml:id="C10.S41.SS4.p3.s1">
To establish (10.41.12) we substitute into (10.34.3), with <Math mode="inline" xml:id="C10.S41.SS4.p3.m1">m=0</Math> and <Math mode="inline" xml:id="C10.S41.SS4.p3.m2">z</Math> replaced by <Math mode="inline" xml:id="C10.S41.SS4.p3.m3">\nu z</Math> , by means of (10.41.13) observing that when <Math mode="inline" xml:id="C10.S41.SS4.p3.m4">|z|</Math> is large the effect of replacing <Math mode="inline" xml:id="C10.S41.SS4.p3.m5">z</Math> by <Math mode="inline" xml:id="C10.S41.SS4.p3.m6">ze^{\pm\pi i}</Math> is to replace <Math mode="inline" xml:id="C10.S41.SS4.p3.m7">\eta</Math> , <Math mode="inline" xml:id="C10.S41.SS4.p3.m8">(1+z^{2})^{\frac{1}{4}}</Math> , and <Math mode="inline" xml:id="C10.S41.SS4.p3.m9">p</Math> by <Math mode="inline" xml:id="C10.S41.SS4.p3.m10">-\eta</Math> , <Math mode="inline" xml:id="C10.S41.SS4.p3.m11">\pm i(1+z^{2})^{\frac{1}{4}}</Math> , and <Math mode="inline" xml:id="C10.S41.SS4.p3.m12">-p</Math> , respectively.
</sentence>

</para>

 
</subsection>
 
<subsection xml:id="C10.S41.SS5">
<title>Double Asymptotic Properties (Continued)</title>              
<para xml:id="C10.S41.SS5.p1">

<sentence sentence-num-in-para="1" sentence-num-in-section="26" xml:id="C10.S41.SS5.p1.s1">
Similar analysis can be developed for the uniform asymptotic expansions in terms of Airy functions given in §10.20.
</sentence>

<sentence sentence-num-in-para="2" sentence-num-in-section="27" xml:id="C10.S41.SS5.p1.s2">
We first prove that for the expansions (10.20.6) for the Hankel functions <Math mode="inline" xml:id="C10.S41.SS5.p1.m1">{H^{(1)}_{\nu}}\left(\nu z\right)</Math> and <Math mode="inline" xml:id="C10.S41.SS5.p1.m2">{H^{(2)}_{\nu}}\left(\nu z\right)</Math> the <Math mode="inline" xml:id="C10.S41.SS5.p1.m3">z</Math> -asymptotic property applies when <Math mode="inline" xml:id="C10.S41.SS5.p1.m4">z\to\pm i\infty</Math> , respectively.
</sentence>

<sentence sentence-num-in-para="3" sentence-num-in-section="28" xml:id="C10.S41.SS5.p1.s3">
This is a consequence of the error bounds associated with these expansions.
</sentence>

<sentence sentence-num-in-para="4" sentence-num-in-section="29" xml:id="C10.S41.SS5.p1.s4">
We then extend the validity of this property from <Math mode="inline" xml:id="C10.S41.SS5.p1.m5">z\to\pm i\infty</Math> to <Math mode="inline" xml:id="C10.S41.SS5.p1.m6">z\to\infty</Math> in the sector <Math mode="inline" xml:id="C10.S41.SS5.p1.m7">-\pi+\delta\leq\operatorname{ph}z\leq 2\pi-\delta</Math> in the case of <Math mode="inline" xml:id="C10.S41.SS5.p1.m8">{H^{(1)}_{\nu}}\left(\nu z\right)</Math> , and to <Math mode="inline" xml:id="C10.S41.SS5.p1.m9">z\to\infty</Math> in the sector <Math mode="inline" xml:id="C10.S41.SS5.p1.m10">-2\pi+\delta\leq\operatorname{ph}z\leq\pi-\delta</Math> in the case of <Math mode="inline" xml:id="C10.S41.SS5.p1.m11">{H^{(2)}_{\nu}}\left(\nu z\right)</Math>.
</sentence>

<sentence sentence-num-in-para="5" sentence-num-in-section="30" xml:id="C10.S41.SS5.p1.s5">
This is done by re-expansion with the aid of (10.20.10),(10.20.11), and §10.41(ii), followed by comparison with(10.17.5) and (10.17.6), with <Math mode="inline" xml:id="C10.S41.SS5.p1.m12">z</Math> replaced by <Math mode="inline" xml:id="C10.S41.SS5.p1.m13">\nu z</Math>.
</sentence>

<sentence sentence-num-in-para="6" sentence-num-in-section="31" xml:id="C10.S41.SS5.p1.s6">
Lastly, we substitute into (10.4.4), again with <Math mode="inline" xml:id="C10.S41.SS5.p1.m14">z</Math> replaced by <Math mode="inline" xml:id="C10.S41.SS5.p1.m15">\nu z</Math>.
</sentence>

<sentence sentence-num-in-para="7" sentence-num-in-section="32" xml:id="C10.S41.SS5.p1.s7">
The final results are: <Math equation-number="10.41.14" mode="display" xml:id="C10.S41.E14">J_{\nu}\left(\nu z\right)=\left(\frac{4\zeta}{1-z^{2}}\right)^{\frac{1}{4}} \left(\frac{\mathrm{Ai}\left(\nu^{\frac{2}{3}}\zeta\right)}{\nu^{\frac{1}{3}}} \left(\sum_{k=0}^{\ell}\frac{A_{k}(\zeta)}{\nu^{2k}}+O\left(\frac{1}{\zeta^{3 \ell+3}}\right)\right)+\frac{\mathrm{Ai}'\left(\nu^{\frac{2}{3}}\zeta\right)}{ \nu^{\frac{5}{3}}}\left(\sum_{k=0}^{\ell-1}\frac{B_{k}(\zeta)}{\nu^{2k}}+O \left(\frac{1}{\zeta^{3\ell+1}}\right)\right)\right),</Math> , <Math equation-number="10.41.15" mode="display" xml:id="C10.S41.E15">Y_{\nu}\left(\nu z\right)=-\left(\frac{4\zeta}{1-z^{2}}\right)^{\frac{1}{4}} \left(\frac{\mathrm{Bi}\left(\nu^{\frac{2}{3}}\zeta\right)}{\nu^{\frac{1}{3}}} \left(\sum_{k=0}^{\ell}\frac{A_{k}(\zeta)}{\nu^{2k}}+O\left(\frac{1}{\zeta^{3 \ell+3}}\right)\right)+\frac{\mathrm{Bi}'\left(\nu^{\frac{2}{3}}\zeta\right)}{ \nu^{\frac{5}{3}}}\left(\sum_{k=0}^{\ell-1}\frac{B_{k}(\zeta)}{\nu^{2k}}+O \left(\frac{1}{\zeta^{3\ell+1}}\right)\right)\right),</Math> as <Math mode="inline" xml:id="C10.S41.SS5.p1.m16">z\to\infty</Math> in <Math mode="inline" xml:id="C10.S41.SS5.p1.m17">|\operatorname{ph}z|\leq\pi-\delta</Math> , or equivalently as <Math mode="inline" xml:id="C10.S41.SS5.p1.m18">\zeta\to\infty</Math> in <Math mode="inline" xml:id="C10.S41.SS5.p1.m19">|\operatorname{ph}\left(-\zeta\right)|\leq\tfrac{2}{3}\pi-\delta</Math> , for fixed <Math mode="inline" xml:id="C10.S41.SS5.p1.m20">\ell</Math> <Math mode="inline" xml:id="C10.S41.SS5.p1.m21">(\geq 0)</Math> and fixed <Math mode="inline" xml:id="C10.S41.SS5.p1.m22">\nu</Math> <Math mode="inline" xml:id="C10.S41.SS5.p1.m23">(&gt;0)</Math>.
</sentence>

</para>

 
<para xml:id="C10.S41.SS5.p2">

<sentence sentence-num-in-para="1" sentence-num-in-section="33" xml:id="C10.S41.SS5.p2.s1">
It needs to be noted that the results (10.41.14) and (10.41.15) do not apply when <Math mode="inline" xml:id="C10.S41.SS5.p2.m1">z\to 0+</Math> or equivalently <Math mode="inline" xml:id="C10.S41.SS5.p2.m2">\zeta\to+\infty</Math>.
</sentence>

<sentence sentence-num-in-para="2" sentence-num-in-section="34" xml:id="C10.S41.SS5.p2.s2">
This is because <Math mode="inline" xml:id="C10.S41.SS5.p2.m3">A_{k}(\zeta)</Math> and <Math mode="inline" xml:id="C10.S41.SS5.p2.m4">\zeta^{-\frac{1}{2}}B_{k}(\zeta),k=0,1,\ldots</Math> , do not form an asymptotic scale (§2.1(v)) as <Math mode="inline" xml:id="C10.S41.SS5.p2.m5">\zeta\to+\infty</Math> ; see Olver (1997b, pp. 422–425).
</sentence>

</para>

 
</subsection>
 
</section>
