<?xml version="1.0" encoding="UTF-8"?>
<section xml:id="C10.S42">
<title>Zeros</title>        
  
<para xml:id="C10.S42.p1">

<sentence sentence-num-in-para="1" sentence-num-in-section="1" xml:id="C10.S42.p1.s1">
Properties of the zeros of <Math mode="inline" xml:id="C10.S42.p1.m1">I_{\nu}\left(z\right)</Math> and <Math mode="inline" xml:id="C10.S42.p1.m2">K_{\nu}\left(z\right)</Math> may be deduced from those of <Math mode="inline" xml:id="C10.S42.p1.m3">J_{\nu}\left(z\right)</Math> and <Math mode="inline" xml:id="C10.S42.p1.m4">{H^{(1)}_{\nu}}\left(z\right)</Math> , respectively, by application of the transformations (10.27.6) and (10.27.8).
</sentence>

</para>
 
<para xml:id="C10.S42.p2">

<sentence sentence-num-in-para="1" sentence-num-in-section="2" xml:id="C10.S42.p2.s1">
For example, if <Math mode="inline" xml:id="C10.S42.p2.m1">\nu</Math> is real, then the zeros of <Math mode="inline" xml:id="C10.S42.p2.m2">I_{\nu}\left(z\right)</Math> are all complex unless <Math mode="inline" xml:id="C10.S42.p2.m3">-2\ell&lt;\nu&lt;-(2\ell-1)</Math> for some positive integer <Math mode="inline" xml:id="C10.S42.p2.m4">\ell</Math> , in which event <Math mode="inline" xml:id="C10.S42.p2.m5">I_{\nu}\left(z\right)</Math> has two real zeros.
</sentence>

</para>
 
<para xml:id="C10.S42.p3">

<sentence sentence-num-in-para="1" sentence-num-in-section="3" xml:id="C10.S42.p3.s1">
The distribution of the zeros of <Math mode="inline" xml:id="C10.S42.p3.m1">K_{n}\left(nz\right)</Math> in the sector <Math mode="inline" xml:id="C10.S42.p3.m2">-\tfrac{3}{2}\pi\leq\operatorname{ph}z\leq\tfrac{1}{2}\pi</Math> in the cases <Math mode="inline" xml:id="C10.S42.p3.m3">n=1,5,10</Math> is obtained on rotating Figures 10.21.2,10.21.4,10.21.6, respectively, through an angle <Math mode="inline" xml:id="C10.S42.p3.m4">-\tfrac{1}{2}\pi</Math> so that in each case the cut lies along the positive imaginary axis.
</sentence>

<sentence sentence-num-in-para="2" sentence-num-in-section="4" xml:id="C10.S42.p3.s2">
The zeros in the sector <Math mode="inline" xml:id="C10.S42.p3.m5">-\tfrac{1}{2}\pi\leq\operatorname{ph}z\leq\tfrac{3}{2}\pi</Math> are their conjugates.
</sentence>

</para>
 
<para xml:id="C10.S42.p4">

<sentence sentence-num-in-para="1" sentence-num-in-section="5" xml:id="C10.S42.p4.s1">
 <Math mode="inline" xml:id="C10.S42.p4.m1">K_{n}\left(z\right)</Math> has no zeros in the sector <Math mode="inline" xml:id="C10.S42.p4.m2">|\operatorname{ph}z|\leq\tfrac{1}{2}\pi</Math> ; this result remains true when <Math mode="inline" xml:id="C10.S42.p4.m3">n</Math> is replaced by any real number <Math mode="inline" xml:id="C10.S42.p4.m4">\nu</Math>.
</sentence>

<sentence sentence-num-in-para="2" sentence-num-in-section="6" xml:id="C10.S42.p4.s2">
For the number of zeros of <Math mode="inline" xml:id="C10.S42.p4.m5">K_{\nu}\left(z\right)</Math> in the sector <Math mode="inline" xml:id="C10.S42.p4.m6">|\operatorname{ph}z|\leq\pi</Math> , when <Math mode="inline" xml:id="C10.S42.p4.m7">\nu</Math> is real, see Watson (1944, pp. 511–513).
</sentence>

</para>
 
<para xml:id="C10.S42.p5">

<sentence sentence-num-in-para="1" sentence-num-in-section="7" xml:id="C10.S42.p5.s1">
For <Math mode="inline" xml:id="C10.S42.p5.m1">z</Math> -zeros of <Math mode="inline" xml:id="C10.S42.p5.m2">K_{\nu}\left(z\right)</Math> , with complex <Math mode="inline" xml:id="C10.S42.p5.m3">\nu</Math> , see Ferreira and Sesma (2008).
</sentence>

</para>
 
<para xml:id="C10.S42.p6">

<sentence sentence-num-in-para="1" sentence-num-in-section="8" xml:id="C10.S42.p6.s1">
See also Kerimov and Skorokhodov (1984b, a).
</sentence>

</para>

 
</section>
