<?xml version="1.0" encoding="UTF-8"?>
<section xml:id="C10.S40">
<title>Asymptotic Expansions for Large Argument</title>        
  
<subsection xml:id="C10.S40.SS1">
<title>Hankel’s Expansions</title>        
  
<para xml:id="C10.S40.SS1.p1">

<sentence sentence-num-in-para="1" sentence-num-in-section="1" xml:id="C10.S40.SS1.p1.s1">
With the notation of §§10.17(i) and 10.17(ii), as <Math mode="inline" xml:id="C10.S40.SS1.p1.m1">z\to\infty</Math> with <Math mode="inline" xml:id="C10.S40.SS1.p1.m2">\nu</Math> fixed, <Math equation-number="10.40.1" mode="display" xml:id="C10.S40.E1">I_{\nu}\left(z\right)\sim\frac{e^{z}}{(2\pi z)^{\frac{1}{2}}}\sum_{k=0}^{ \infty}(-1)^{k}\frac{a_{k}(\nu)}{z^{k}}, if |\operatorname{ph}z|\leq\tfrac{1}{2}\pi-\delta,</Math> , <Math equation-number="10.40.2" mode="display" xml:id="C10.S40.E2">K_{\nu}\left(z\right)\sim\left(\frac{\pi}{2z}\right)^{\frac{1}{2}}e^{-z}\sum_{ k=0}^{\infty}\frac{a_{k}(\nu)}{z^{k}}, if |\operatorname{ph}z|\leq\tfrac{3}{2}\pi-\delta,</Math> <Math equation-number="10.40.3" mode="display" xml:id="C10.S40.E3">I_{\nu}'\left(z\right)\sim\frac{e^{z}}{(2\pi z)^{\frac{1}{2}}}\sum_{k=0}^{ \infty}(-1)^{k}\frac{b_{k}(\nu)}{z^{k}}, if |\operatorname{ph}z|\leq\tfrac{1}{2}\pi-\delta,</Math> <Math equation-number="10.40.4" mode="display" xml:id="C10.S40.E4">K_{\nu}'\left(z\right)\sim-\left(\frac{\pi}{2z}\right)^{\frac{1}{2}}e^{-z}\sum _{k=0}^{\infty}\frac{b_{k}(\nu)}{z^{k}}, if |\operatorname{ph}z|\leq\tfrac{3}{2}\pi-\delta</Math>.
</sentence>

</para>
 
<para xml:id="C10.S40.SS1.p2">

<sentence sentence-num-in-para="1" sentence-num-in-section="2" xml:id="C10.S40.SS1.p2.s1">
Corresponding expansions for <Math mode="inline" xml:id="C10.S40.SS1.p2.m1">I_{\nu}\left(z\right)</Math> , <Math mode="inline" xml:id="C10.S40.SS1.p2.m2">K_{\nu}\left(z\right)</Math> , <Math mode="inline" xml:id="C10.S40.SS1.p2.m3">I_{\nu}'\left(z\right)</Math> , and <Math mode="inline" xml:id="C10.S40.SS1.p2.m4">K_{\nu}'\left(z\right)</Math> for other ranges of <Math mode="inline" xml:id="C10.S40.SS1.p2.m5">\operatorname{ph}z</Math> are obtainable by combining (10.34.3), (10.34.4), (10.34.6), and their differentiated forms, with (10.40.2) and (10.40.4).
</sentence>

<sentence sentence-num-in-para="2" sentence-num-in-section="3" xml:id="C10.S40.SS1.p2.s2">
In particular, use of (10.34.3) with <Math mode="inline" xml:id="C10.S40.SS1.p2.m6">m=0</Math> yields the following more general (and more accurate) version of (10.40.1):
</sentence>

<sentence sentence-num-in-para="3" sentence-num-in-section="4" xml:id="C10.S40.SS1.p2.s3">
<Math equation-number="10.40.5" mode="display" xml:id="C10.S40.E5">I_{\nu}\left(z\right)\sim\frac{e^{z}}{(2\pi z)^{\frac{1}{2}}}\sum_{k=0}^{ \infty}(-1)^{k}\frac{a_{k}(\nu)}{z^{k}}\pm ie^{\pm\nu\pi i}\frac{e^{-z}}{(2\pi z )^{\frac{1}{2}}}\sum_{k=0}^{\infty}\frac{a_{k}(\nu)}{z^{k}}, if -\tfrac{1}{2}\pi+\delta\leq\pm\operatorname{ph}z\leq\tfrac{3}{2}\pi-\delta</Math>.
</sentence>

</para>
 
<paragraph xml:id="C10.S40.Px1">
<title>Products</title>    
<para xml:id="C10.S40.Px1.p1">

<sentence sentence-num-in-para="1" sentence-num-in-section="5" xml:id="C10.S40.Px1.p1.s1">
With <Math mode="inline" xml:id="C10.S40.Px1.p1.m1">\mu=4\nu^{2}</Math> and fixed, <Math equation-number="10.40.6" mode="display" xml:id="C10.S40.E6">I_{\nu}\left(z\right)K_{\nu}\left(z\right)\sim\frac{1}{2z}\left(1-\frac{1}{2} \frac{\mu-1}{(2z)^{2}}+\frac{1\cdot 3}{2\cdot 4}\frac{(\mu-1)(\mu-9)}{(2z)^{4} }-\cdots\right),</Math> , <Math equation-number="10.40.7" mode="display" xml:id="C10.S40.E7">I_{\nu}'\left(z\right)K_{\nu}'\left(z\right)\sim-\frac{1}{2z}\left(1+\frac{1}{ 2}\frac{\mu-3}{(2z)^{2}}-\frac{1}{2\cdot 4}\frac{(\mu-1)(\mu-45)}{(2z)^{4}}+ \cdots\right),</Math> as <Math mode="inline" xml:id="C10.S40.Px1.p1.m2">z\to\infty</Math> in <Math mode="inline" xml:id="C10.S40.Px1.p1.m3">|\operatorname{ph}z|\leq\tfrac{1}{2}\pi-\delta</Math>.
</sentence>

<sentence sentence-num-in-para="2" sentence-num-in-section="6" xml:id="C10.S40.Px1.p1.s2">
The general terms in (10.40.6) and (10.40.7) can be written down by analogy with (10.18.17), (10.18.19), and (10.18.20).
</sentence>

</para>
 
</paragraph>
 
<paragraph xml:id="C10.S40.Px2">
<title><Math mode="inline" xml:id="C10.S40.Px2.m1">\nu</Math>-Derivative</title>   
  
<para xml:id="C10.S40.Px2.p1">

<sentence sentence-num-in-para="1" sentence-num-in-section="7" xml:id="C10.S40.Px2.p1.s1">
For fixed <Math mode="inline" xml:id="C10.S40.Px2.p1.m1">\nu</Math> , <Math equation-number="10.40.8" mode="display" xml:id="C10.S40.E8">\frac{\partial K_{\nu}\left(z\right)}{\partial\nu}\sim\left(\frac{\pi}{2z} \right)^{\frac{1}{2}}\frac{\nu e^{-z}}{z}\sum_{k=0}^{\infty}\frac{\alpha_{k}( \nu)}{(8z)^{k}},</Math> as <Math mode="inline" xml:id="C10.S40.Px2.p1.m2">z\to\infty</Math> in <Math mode="inline" xml:id="C10.S40.Px2.p1.m3">|\operatorname{ph}z|\leq\tfrac{3}{2}\pi-\delta</Math>.
</sentence>

<sentence sentence-num-in-para="2" sentence-num-in-section="8" xml:id="C10.S40.Px2.p1.s2">
Here <Math mode="inline" xml:id="C10.S40.Px2.p1.m4">\alpha_{0}(\nu)=1</Math> and <Math equation-number="10.40.9" mode="display" xml:id="C10.S40.E9">\alpha_{k}(\nu)=\frac{(4\nu^{2}-1^{2})(4\nu^{2}-3^{2})\cdots(4\nu^{2}-(2k+1)^{ 2})}{(k+1)!}\*\left(\frac{1}{4\nu^{2}-1^{2}}+\frac{1}{4\nu^{2}-3^{2}}+\cdots+ \frac{1}{4\nu^{2}-(2k+1)^{2}}\right)</Math>.
</sentence>

</para>

 
</paragraph>
 
</subsection>
 
<subsection xml:id="C10.S40.SS2">
<title>Error Bounds for Real Argument and Order</title>         
 
<para xml:id="C10.S40.SS2.p1">

<sentence sentence-num-in-para="1" sentence-num-in-section="9" xml:id="C10.S40.SS2.p1.s1">
In the expansion (10.40.2) assume that <Math mode="inline" xml:id="C10.S40.SS2.p1.m1">z&gt;0</Math> and the sum is truncated when <Math mode="inline" xml:id="C10.S40.SS2.p1.m2">k=\ell-1</Math>.
</sentence>

<sentence sentence-num-in-para="2" sentence-num-in-section="10" xml:id="C10.S40.SS2.p1.s2">
Then the remainder term does not exceed the first neglected term in absolute value and has the same sign provided that <Math mode="inline" xml:id="C10.S40.SS2.p1.m3">\ell\geq\max(|\nu|-\tfrac{1}{2},1)</Math>.
</sentence>

</para>
 
<para xml:id="C10.S40.SS2.p2">

<sentence sentence-num-in-para="1" sentence-num-in-section="11" xml:id="C10.S40.SS2.p2.s1">
For the error term in (10.40.1) see §10.40(iii).
</sentence>

</para>

 
</subsection>
 
<subsection xml:id="C10.S40.SS3">
<title>Error Bounds for Complex Argument and Order</title>          
<para xml:id="C10.S40.SS3.p1">

<sentence sentence-num-in-para="1" sentence-num-in-section="12" xml:id="C10.S40.SS3.p1.s1">
For (10.40.2) write <Math equation-number="10.40.10" mode="display" xml:id="C10.S40.E10">K_{\nu}\left(z\right)=\left(\frac{\pi}{2z}\right)^{\frac{1}{2}}e^{-z}\left( \sum_{k=0}^{\ell-1}\frac{a_{k}(\nu)}{z^{k}}+R_{\ell}(\nu,z)\right), if \ell=1,2,\ldots</Math>.
</sentence>

<sentence sentence-num-in-para="2" sentence-num-in-section="13" xml:id="C10.S40.SS3.p1.s2">
Then <Math equation-number="10.40.11" mode="display" xml:id="C10.S40.E11">|R_{\ell}(\nu,z)|\leq 2|a_{\ell}(\nu)|\mathcal{V}_{z,\infty}\left(t^{-\ell} \right)\*\exp\left(|\nu^{2}-\tfrac{1}{4}|\mathcal{V}_{z,\infty}\left(t^{-1} \right)\right),</Math> where <Math mode="inline" xml:id="C10.S40.SS3.p1.m1">\mathcal{V}</Math> denotes the variational operator (§2.3(i)), and the paths of variation are subject to the condition that <Math mode="inline" xml:id="C10.S40.SS3.p1.m2">|\Re t|</Math> changes monotonically.
</sentence>

<sentence sentence-num-in-para="3" sentence-num-in-section="14" xml:id="C10.S40.SS3.p1.s3">
Bounds for <Math mode="inline" xml:id="C10.S40.SS3.p1.m3">\mathcal{V}_{z,\infty}\left(t^{-\ell}\right)</Math> are given by <Math equation-number="10.40.12" mode="display" xml:id="C10.S40.E12">\mathcal{V}_{z,\infty}\left(t^{-\ell}\right)\leq\begin{cases}|z|^{-\ell},&amp;| \operatorname{ph}z|\leq\tfrac{1}{2}\pi,\\ \chi(\ell)|z|^{-\ell},&amp;\tfrac{1}{2}\pi\leq|\operatorname{ph}z|\leq\pi,\\ 2\chi(\ell)|\Re z|^{-\ell},&amp;\pi\leq|\operatorname{ph}z|&lt;\tfrac{3}{2}\pi,\end{cases}</Math> where <Math mode="inline" xml:id="C10.S40.SS3.p1.m4">\chi(\ell)=\pi^{\frac{1}{2}}\Gamma\left(\tfrac{1}{2}\ell+1\right)/\Gamma\left( \tfrac{1}{2}\ell+\tfrac{1}{2}\right)</Math> ; see §9.7(i).
</sentence>

</para>
 
<para xml:id="C10.S40.SS3.p2">

<sentence sentence-num-in-para="1" sentence-num-in-section="15" xml:id="C10.S40.SS3.p2.s1">
A similar result for (10.40.1) is obtained by combining (10.34.3), with <Math mode="inline" xml:id="C10.S40.SS3.p2.m1">m=0</Math> , and (10.40.10)–(10.40.12); seeOlver (1997b, p. 269).
</sentence>

</para>

 
</subsection>
 
<subsection xml:id="C10.S40.SS4">
<title>Exponentially-Improved Expansions</title>          
<para xml:id="C10.S40.SS4.p1">

<sentence sentence-num-in-para="1" sentence-num-in-section="16" xml:id="C10.S40.SS4.p1.s1">
In (10.40.10)
</sentence>

<sentence sentence-num-in-para="2" sentence-num-in-section="17" xml:id="C10.S40.SS4.p1.s2">
<Math equation-number="10.40.13" mode="display" xml:id="C10.S40.E13">R_{\ell}(\nu,z)=(-1)^{\ell}2\cos\left(\nu\pi\right)\*\left(\sum_{k=0}^{m-1} \frac{a_{k}(\nu)}{z^{k}}G_{\ell-k}\left(2z\right)+R_{m,\ell}(\nu,z)\right),</Math> where <Math mode="inline" xml:id="C10.S40.SS4.p1.m1">G_{p}\left(z\right)</Math> is given by (10.17.16).
</sentence>

<sentence sentence-num-in-para="3" sentence-num-in-section="18" xml:id="C10.S40.SS4.p1.s3">
If <Math mode="inline" xml:id="C10.S40.SS4.p1.m2">z\to\infty</Math> with <Math mode="inline" xml:id="C10.S40.SS4.p1.m3">|\ell-2|z||</Math> bounded and <Math mode="inline" xml:id="C10.S40.SS4.p1.m4">m</Math> <Math mode="inline" xml:id="C10.S40.SS4.p1.m5">(\geq 0)</Math> fixed, then <Math equation-number="10.40.14" mode="display" xml:id="C10.S40.E14">R_{m,\ell}(\nu,z)=O\left(e^{-2|z|}z^{-m}\right), if |\operatorname{ph}z|\leq\pi</Math>.
</sentence>

</para>
 
<para xml:id="C10.S40.SS4.p2">

<sentence sentence-num-in-para="1" sentence-num-in-section="19" xml:id="C10.S40.SS4.p2.s1">
For higher re-expansions of the remainder term seeOlde Daalhuis and Olver (1995a),Olde Daalhuis (1995, 1996), andParis (2001a, b).
</sentence>

</para>
 
 
</subsection>
 
</section>
