<?xml version="1.0" encoding="UTF-8"?>
<section xml:id="C10.S48">
<title>Graphs</title>        
 
 
<para xml:id="C10.S48.p1">

</para>
           
<sentence sentence-num-in-section="1" xml:id="C10.S48.F1.s1">
Figure 10.48.1: <Math mode="inline" xml:id="C10.S48.F1.m4">\mathsf{j}_{n}\left(x\right)</Math> , <Math mode="inline" xml:id="C10.S48.F1.m5">n=0(1)4</Math> , <Math mode="inline" xml:id="C10.S48.F1.m6">0\leq x\leq 12</Math> .
</sentence>           
<sentence sentence-num-in-section="2" xml:id="C10.S48.F2.s1">
Figure 10.48.2: <Math mode="inline" xml:id="C10.S48.F2.m4">\mathsf{y}_{n}\left(x\right)</Math> , <Math mode="inline" xml:id="C10.S48.F2.m5">n=0(1)4</Math> , <Math mode="inline" xml:id="C10.S48.F2.m6">0&amp;lt;x\leq 12</Math> .
</sentence>             
<sentence sentence-num-in-section="3" xml:id="C10.S48.F3.s1">
Figure 10.48.3: <Math mode="inline" xml:id="C10.S48.F3.m5">\mathsf{j}_{5}\left(x\right)</Math> , <Math mode="inline" xml:id="C10.S48.F3.m6">\mathsf{y}_{5}\left(x\right)</Math> , <Math mode="inline" xml:id="C10.S48.F3.m7">\sqrt{{\mathsf{j}_{5}^{2}}\left(x\right)+{\mathsf{y}_{5}^{2}}\left(x\right)}</Math> , <Math mode="inline" xml:id="C10.S48.F3.m8">0\leq x\leq 12</Math> .
</sentence>           
<sentence sentence-num-in-section="4" xml:id="C10.S48.F4.s1">
Figure 10.48.4: <Math mode="inline" xml:id="C10.S48.F4.m5">\mathsf{j}_{5}'\left(x\right)</Math> , <Math mode="inline" xml:id="C10.S48.F4.m6">\mathsf{y}_{5}'\left(x\right)</Math> , <Math mode="inline" xml:id="C10.S48.F4.m7">\sqrt{{\mathsf{j}_{5}'^{2}}\left(x\right)+{\mathsf{y}_{5}'^{2}}\left(x\right)}</Math> , <Math mode="inline" xml:id="C10.S48.F4.m8">0\leq x\leq 12</Math> .
</sentence>  
           
<sentence sentence-num-in-section="5" xml:id="C10.S48.F5.s1">
Figure 10.48.5: <Math mode="inline" xml:id="C10.S48.F5.m5">{\mathsf{i}^{(1)}_{0}}\left(x\right)</Math> , <Math mode="inline" xml:id="C10.S48.F5.m6">{\mathsf{i}^{(2)}_{0}}\left(x\right)</Math> , <Math mode="inline" xml:id="C10.S48.F5.m7">\mathsf{k}_{0}\left(x\right)</Math> , <Math mode="inline" xml:id="C10.S48.F5.m8">0\leq x\leq 4</Math> .
</sentence>           
<sentence sentence-num-in-section="6" xml:id="C10.S48.F6.s1">
Figure 10.48.6: <Math mode="inline" xml:id="C10.S48.F6.m3">{\mathsf{i}^{(1)}_{1}}\left(x\right),{\mathsf{i}^{(2)}_{1}}\left(x\right), \mathsf{k}_{1}\left(x\right)</Math> , <Math mode="inline" xml:id="C10.S48.F6.m4">0\leq x\leq 4</Math> .
</sentence>  
          
<sentence sentence-num-in-section="7" xml:id="C10.S48.F7.s1">
Figure 10.48.7: <Math mode="inline" xml:id="C10.S48.F7.m5">{\mathsf{i}^{(1)}_{5}}\left(x\right)</Math> , <Math mode="inline" xml:id="C10.S48.F7.m6">{\mathsf{i}^{(2)}_{5}}\left(x\right)</Math> , <Math mode="inline" xml:id="C10.S48.F7.m7">\mathsf{k}_{5}\left(x\right)</Math> , <Math mode="inline" xml:id="C10.S48.F7.m8">0\leq x\leq 8</Math> .
</sentence> 
 
 
</section>
