<?xml version="1.0" encoding="UTF-8"?>
<section xml:id="C10.S43">
<title>Integrals</title>        
 
<subsection xml:id="C10.S43.SS1">
<title>Indefinite Integrals</title>        
  
<para xml:id="C10.S43.SS1.p1">

<sentence sentence-num-in-para="1" sentence-num-in-section="1" xml:id="C10.S43.SS1.p1.s1">
Let <Math mode="inline" xml:id="C10.S43.SS1.p1.m1">\mathscr{Z}_{\nu}\left(z\right)</Math> be defined as in §10.25(ii).
</sentence>

<sentence sentence-num-in-para="2" sentence-num-in-section="2" xml:id="C10.S43.SS1.p1.s2">
Then <Math equation-number="10.43.1" mode="display" xml:id="C10.S43.E1">\int z^{\nu+1}\mathscr{Z}_{\nu}\left(z\right)\mathrm{d}z=z^{\nu+1}\mathscr{Z}_ {\nu+1}\left(z\right),\int z^{-\nu+1}\mathscr{Z}_{\nu}\left(z\right)\mathrm{d}z=z^{-\nu+1}\mathscr{Z }_{\nu-1}\left(z\right)</Math>.
</sentence>

<sentence sentence-num-in-para="3" sentence-num-in-section="3" xml:id="C10.S43.SS1.p1.s3">
<Math equation-number="10.43.2" mode="display" xml:id="C10.S43.E2">\int z^{\nu}\mathscr{Z}_{\nu}\left(z\right)\mathrm{d}z=\pi^{\frac{1}{2}}2^{\nu -1}\Gamma\left(\nu+\tfrac{1}{2}\right)z\*\left(\mathscr{Z}_{\nu}\left(z\right) \mathbf{L}_{\nu-1}\left(z\right)-\mathscr{Z}_{\nu-1}\left(z\right)\mathbf{L}_{ \nu}\left(z\right)\right), if \nu\neq-\tfrac{1}{2}</Math>.
</sentence>

<sentence sentence-num-in-para="4" sentence-num-in-section="4" xml:id="C10.S43.SS1.p1.s4">
For the modified Struve function <Math mode="inline" xml:id="C10.S43.SS1.p1.m2">\mathbf{L}_{\nu}\left(z\right)</Math> see §11.2(i).
</sentence>

<sentence sentence-num-in-para="5" sentence-num-in-section="5" xml:id="C10.S43.SS1.p1.s5">
<Math equation-number="10.43.3" mode="display" xml:id="C10.S43.E3">\int e^{\pm z}z^{\nu}\mathscr{Z}_{\nu}\left(z\right)\mathrm{d}z=\frac{e^{\pm z }z^{\nu+1}}{2\nu+1}\left(\mathscr{Z}_{\nu}\left(z\right)\mp\mathscr{Z}_{\nu+1} \left(z\right)\right), if \nu\neq-\tfrac{1}{2}, //// \int e^{\pm z}z^{-\nu}\mathscr{Z}_{\nu}\left(z\right)\mathrm{d}z=\frac{e^{\pm z }z^{-\nu+1}}{1-2\nu}\left(\mathscr{Z}_{\nu}\left(z\right)\mp\mathscr{Z}_{\nu-1 }\left(z\right)\right), if \nu\neq\tfrac{1}{2}</Math>.
</sentence>

</para>

 
</subsection>
 
<subsection xml:id="C10.S43.SS2">
<title>Integrals over the Intervals <Math mode="inline" xml:id="C10.S43.SS2.m1">(0,x)</Math> and <Math mode="inline" xml:id="C10.S43.SS2.m2">(x,\infty)</Math></title>        
  
 
<para xml:id="C10.S43.SS2.p1">

<sentence sentence-num-in-para="1" sentence-num-in-section="6" xml:id="C10.S43.SS2.p1.s1">
 <Math equation-number="10.43.4" mode="display" xml:id="C10.S43.E4">\int_{0}^{x}\frac{I_{0}\left(t\right)-1}{t}\mathrm{d}t=\frac{1}{2}\sum_{k=1}^{ \infty}(-1)^{k-1}\frac{\psi\left(k+1\right)-\psi\left(1\right)}{k!}(\tfrac{1}{ 2}x)^{k}I_{k}\left(x\right)=\frac{2}{x}\sum_{k=0}^{\infty}(-1)^{k}(2k+3)(\psi \left(k+2\right)-\psi\left(1\right))I_{2k+3}\left(x\right)</Math>.
</sentence>

<sentence sentence-num-in-para="2" sentence-num-in-section="7" xml:id="C10.S43.SS2.p1.s2">
<Math equation-number="10.43.5" mode="display" xml:id="C10.S43.E5">\int_{x}^{\infty}\frac{K_{0}\left(t\right)}{t}\mathrm{d}t=\frac{1}{2}\left(\ln \left(\tfrac{1}{2}x\right)+\gamma\right)^{2}+\frac{\pi^{2}}{24}-\sum_{k=1}^{ \infty}\left(\psi\left(k+1\right)+\frac{1}{2k}-\ln\left(\tfrac{1}{2}x\right) \right)\frac{(\tfrac{1}{2}x)^{2k}}{2k(k!)^{2}}</Math> , where <Math mode="inline" xml:id="C10.S43.SS2.p1.m1">\psi=\ifrac{\Gamma'}{\Gamma}</Math> and <Math mode="inline" xml:id="C10.S43.SS2.p1.m2">\gamma</Math> is Euler’s constant (§5.2).
</sentence>

<sentence sentence-num-in-para="3" sentence-num-in-section="8" xml:id="C10.S43.SS2.p1.s3">
<Math equation-number="10.43.6" mode="display" xml:id="C10.S43.E6">\int_{0}^{x}e^{-t}I_{n}\left(t\right)\mathrm{d}t=xe^{-x}(I_{0}\left(x\right)+I _{1}\left(x\right))+n(e^{-x}I_{0}\left(x\right)-1)+2e^{-x}\sum_{k=1}^{n-1}(n-k )I_{k}\left(x\right), if n=0,1,2,\ldots</Math>.
</sentence>

<sentence sentence-num-in-para="4" sentence-num-in-section="9" xml:id="C10.S43.SS2.p1.s4">
<Math equation-number="10.43.7" mode="display" xml:id="C10.S43.E7">\int_{0}^{x}e^{\pm t}t^{\nu}I_{\nu}\left(t\right)\mathrm{d}t=\frac{e^{\pm x}x^ {\nu+1}}{2\nu+1}(I_{\nu}\left(x\right)\mp I_{\nu+1}\left(x\right)), if \Re\nu&gt;-\tfrac{1}{2},</Math> <Math equation-number="10.43.8" mode="display" xml:id="C10.S43.E8">\int_{0}^{x}e^{\pm t}t^{-\nu}I_{\nu}\left(t\right)\mathrm{d}t=-\frac{e^{\pm x} x^{-\nu+1}}{2\nu-1}(I_{\nu}\left(x\right)\mp I_{\nu-1}\left(x\right))\mp\frac{ 2^{-\nu+1}}{(2\nu-1)\Gamma\left(\nu\right)}, if \nu\neq\tfrac{1}{2}</Math>.
</sentence>

<sentence sentence-num-in-para="5" sentence-num-in-section="10" xml:id="C10.S43.SS2.p1.s5">
<Math equation-number="10.43.9" mode="display" xml:id="C10.S43.E9">\int_{0}^{x}e^{\pm t}t^{\nu}K_{\nu}\left(t\right)\mathrm{d}t=\frac{e^{\pm x}x^ {\nu+1}}{2\nu+1}(K_{\nu}\left(x\right)\pm K_{\nu+1}\left(x\right))\mp\frac{2^{ \nu}\Gamma\left(\nu+1\right)}{2\nu+1}, if \Re\nu&gt;-\tfrac{1}{2},</Math> <Math equation-number="10.43.10" mode="display" xml:id="C10.S43.E10">\int_{x}^{\infty}e^{t}t^{-\nu}K_{\nu}\left(t\right)\mathrm{d}t=\frac{e^{x}x^{- \nu+1}}{2\nu-1}(K_{\nu}\left(x\right)+K_{\nu-1}\left(x\right)), if \Re\nu&gt;\tfrac{1}{2}</Math>.
</sentence>

</para>

 
</subsection>
 
<subsection xml:id="C10.S43.SS3">
<title>Fractional Integrals</title>        
  
 
<para xml:id="C10.S43.SS3.p1">

<sentence sentence-num-in-para="1" sentence-num-in-section="11" xml:id="C10.S43.SS3.p1.s1">
The Bickley function <Math mode="inline" xml:id="C10.S43.SS3.p1.m1">\mathrm{Ki}_{\alpha}\left(x\right)</Math> is defined by <Math equation-number="10.43.11" mode="display" xml:id="C10.S43.E11">\mathrm{Ki}_{\alpha}\left(x\right)=\frac{1}{\Gamma\left(\alpha\right)}\int_{x} ^{\infty}(t-x)^{\alpha-1}K_{0}\left(t\right)\mathrm{d}t,</Math> when <Math mode="inline" xml:id="C10.S43.SS3.p1.m2">\Re\alpha&gt;0</Math> and <Math mode="inline" xml:id="C10.S43.SS3.p1.m3">x&gt;0</Math> , and by analytic continuation elsewhere.
</sentence>

<sentence sentence-num-in-para="2" sentence-num-in-section="12" xml:id="C10.S43.SS3.p1.s2">
Equivalently, <Math equation-number="10.43.12" mode="display" xml:id="C10.S43.E12">\mathrm{Ki}_{\alpha}\left(x\right)=\int_{0}^{\infty}\frac{e^{-x\cosh t}}{( \cosh t)^{\alpha}}\mathrm{d}t, if x&gt;0</Math>.
</sentence>

</para>
 
<paragraph xml:id="C10.S43.Px1">
<title>Properties</title>   
<para xml:id="C10.S43.Px1.p1">

<sentence sentence-num-in-para="1" sentence-num-in-section="13" xml:id="C10.S43.Px1.p1.s1">
 <Math equation-number="10.43.13" mode="display" xml:id="C10.S43.E13">\mathrm{Ki}_{\alpha}\left(x\right)=\int_{x}^{\infty}\mathrm{Ki}_{\alpha-1} \left(t\right)\mathrm{d}t,</Math> <Math equation-number="10.43.14" mode="display" xml:id="C10.S43.E14">\mathrm{Ki}_{0}\left(x\right)=K_{0}\left(x\right),</Math> <Math equation-number="10.43.15" mode="display" xml:id="C10.S43.E15">\mathrm{Ki}_{-n}\left(x\right)=(-1)^{n}\frac{{\mathrm{d}}^{n}}{{\mathrm{d}x}^{ n}}K_{0}\left(x\right), if n=1,2,3,\ldots</Math>.
</sentence>

<sentence sentence-num-in-para="2" sentence-num-in-section="14" xml:id="C10.S43.Px1.p1.s2">
<Math equation-number="10.43.16" mode="display" xml:id="C10.S43.E16">\mathrm{Ki}_{\alpha}\left(0\right)=\frac{\sqrt{\pi}\Gamma\left(\frac{1}{2} \alpha\right)}{2\Gamma\left(\frac{1}{2}\alpha+\frac{1}{2}\right)}, if \alpha\neq 0,-2,-4,\dots</Math>.
</sentence>

<sentence sentence-num-in-para="3" sentence-num-in-section="15" xml:id="C10.S43.Px1.p1.s3">
<Math equation-number="10.43.17" mode="display" xml:id="C10.S43.E17">\alpha\mathrm{Ki}_{\alpha+1}\left(x\right)+x\mathrm{Ki}_{\alpha}\left(x\right) +(1-\alpha)\mathrm{Ki}_{\alpha-1}\left(x\right)-x\mathrm{Ki}_{\alpha-2}\left(x \right)=0</Math>.
</sentence>

</para>
 
<para xml:id="C10.S43.Px1.p2">

<sentence sentence-num-in-para="1" sentence-num-in-section="16" xml:id="C10.S43.Px1.p2.s1">
For further properties of the Bickley function, including asymptotic expansions and generalizations, see Amos (1983c, 1989) andLuke (1962, Chapter 8).
</sentence>

</para>

 
</paragraph>
 
</subsection>
 
<subsection xml:id="C10.S43.SS4">
<title>Integrals over the Interval (<Math mode="inline" xml:id="C10.S43.SS4.m1">0,\infty</Math>)</title>        
   
<para xml:id="C10.S43.SS4.p1">

<sentence sentence-num-in-para="1" sentence-num-in-section="17" xml:id="C10.S43.SS4.p1.s1">
 <Math equation-number="10.43.18" mode="display" xml:id="C10.S43.E18">\int_{0}^{\infty}K_{\nu}\left(t\right)\mathrm{d}t=\tfrac{1}{2}\pi\sec\left( \tfrac{1}{2}\pi\nu\right), if |\Re\nu|&lt;1</Math>.
</sentence>

<sentence sentence-num-in-para="2" sentence-num-in-section="18" xml:id="C10.S43.SS4.p1.s2">
<Math equation-number="10.43.19" mode="display" xml:id="C10.S43.E19">\int_{0}^{\infty}t^{\mu-1}K_{\nu}\left(t\right)\mathrm{d}t=2^{\mu-2}\Gamma \left(\tfrac{1}{2}\mu-\tfrac{1}{2}\nu\right)\Gamma\left(\tfrac{1}{2}\mu+\tfrac {1}{2}\nu\right), if |\Re\nu|&lt;\Re\mu</Math>.
</sentence>

<sentence sentence-num-in-para="3" sentence-num-in-section="19" xml:id="C10.S43.SS4.p1.s3">
<Math equation-number="10.43.20" mode="display" xml:id="C10.S43.E20">\int_{0}^{\infty}\cos\left(at\right)K_{0}\left(t\right)\mathrm{d}t=\frac{\pi}{ 2(1+a^{2})^{\frac{1}{2}}}, if |\Im a|&lt;1,</Math> , <Math equation-number="10.43.21" mode="display" xml:id="C10.S43.E21">\int_{0}^{\infty}\sin\left(at\right)K_{0}\left(t\right)\mathrm{d}t=\frac{ \operatorname{arcsinh}a}{(1+a^{2})^{\frac{1}{2}}}, if |\Im a|&lt;1</Math>.
</sentence>

</para>
 
<para xml:id="C10.S43.SS4.p2">

<sentence sentence-num-in-para="1" sentence-num-in-section="20" xml:id="C10.S43.SS4.p2.s1">
When <Math mode="inline" xml:id="C10.S43.SS4.p2.m1">\Re\mu&gt;|\Re\nu|</Math> ,
</sentence>

</para>
  
<para xml:id="C10.S43.SS4.p3">

<sentence sentence-num-in-para="1" sentence-num-in-section="21" xml:id="C10.S43.SS4.p3.s1">
 <Math equation-number="10.43.22" mode="display" xml:id="C10.S43.E22">\int_{0}^{\infty}t^{\mu-1}e^{-at}K_{\nu}\left(t\right)\mathrm{d}t=\begin{cases }\left(\frac{1}{2}\pi\right)^{\frac{1}{2}}\Gamma\left(\mu-\nu\right)\Gamma \left(\mu+\nu\right)(1-a^{2})^{-\frac{1}{2}\mu+\frac{1}{4}}\mathsf{P}^{-\mu+ \frac{1}{2}}_{\nu-\frac{1}{2}}\left(a\right),&amp;-1&lt;a&lt;1,\\ \left(\frac{1}{2}\pi\right)^{\frac{1}{2}}\Gamma\left(\mu-\nu\right)\Gamma\left (\mu+\nu\right)(a^{2}-1)^{-\frac{1}{2}\mu+\frac{1}{4}}P^{-\mu+\frac{1}{2}}_{ \nu-\frac{1}{2}}\left(a\right),&amp;\Re a\geq 0,a\neq 1.\end{cases</Math> } For the second equation there is a cut in the <Math mode="inline" xml:id="C10.S43.SS4.p3.m1">a</Math> -plane along the interval <Math mode="inline" xml:id="C10.S43.SS4.p3.m2">[0,1]</Math> , and all quantities assume their principal values (§4.2(i)).
</sentence>

<sentence sentence-num-in-para="2" sentence-num-in-section="22" xml:id="C10.S43.SS4.p3.s2">
For the Ferrers function <Math mode="inline" xml:id="C10.S43.SS4.p3.m3">\mathsf{P}</Math> and the associated Legendre function <Math mode="inline" xml:id="C10.S43.SS4.p3.m4">P</Math> , see §§14.3(i) and 14.21(i).
</sentence>

<sentence sentence-num-in-para="3" sentence-num-in-section="23" xml:id="C10.S43.SS4.p3.s3">
<Math equation-number="10.43.23" mode="display" xml:id="C10.S43.E23">\int_{0}^{\infty}t^{\nu+1}I_{\nu}\left(bt\right)\exp\left(-p^{2}t^{2}\right) \mathrm{d}t=\frac{b^{\nu}}{(2p^{2})^{\nu+1}}\exp\left(\frac{b^{2}}{4p^{2}} \right), if \Re\nu&gt;-1,\Re(p^{2})&gt;0,</Math> , <Math equation-number="10.43.24" mode="display" xml:id="C10.S43.E24">\int_{0}^{\infty}I_{\nu}\left(bt\right)\exp\left(-p^{2}t^{2}\right)\mathrm{d}t =\frac{\sqrt{\pi}}{2p}\exp\left(\frac{b^{2}}{8p^{2}}\right)I_{\frac{1}{2}\nu} \left(\frac{b^{2}}{8p^{2}}\right), if \Re\nu&gt;-1, \Re(p^{2})&gt;0,</Math> , <Math equation-number="10.43.25" mode="display" xml:id="C10.S43.E25">\int_{0}^{\infty}K_{\nu}\left(bt\right)\exp\left(-p^{2}t^{2}\right)\mathrm{d}t =\frac{\sqrt{\pi}}{4p}\sec\left(\tfrac{1}{2}\pi\nu\right)\exp\left(\frac{b^{2} }{8p^{2}}\right)K_{\frac{1}{2}\nu}\left(\frac{b^{2}}{8p^{2}}\right), if |\Re\nu|&lt;1, \Re(p^{2})&gt;0</Math>.
</sentence>

<sentence sentence-num-in-para="4" sentence-num-in-section="24" xml:id="C10.S43.SS4.p3.s4">
<Math equation-number="10.43.26" mode="display" xml:id="C10.S43.E26">\int_{0}^{\infty}\frac{K_{\mu}\left(at\right)J_{\nu}\left(bt\right)}{t^{ \lambda}}\mathrm{d}t=\frac{b^{\nu}\Gamma\left(\frac{1}{2}\nu-\frac{1}{2} \lambda+\frac{1}{2}\mu+\frac{1}{2}\right)\Gamma\left(\frac{1}{2}\nu-\frac{1}{2 }\lambda-\frac{1}{2}\mu+\frac{1}{2}\right)}{2^{\lambda+1}a^{\nu-\lambda+1}}\* \mathbf{F}\left(\frac{\nu-\lambda+\mu+1}{2},\frac{\nu-\lambda-\mu+1}{2};\nu+1; -\frac{b^{2}}{a^{2}}\right), if \Re(\nu+1-\lambda)&gt;|\Re\mu|,\Re a&gt;|\Im b|</Math>.
</sentence>

<sentence sentence-num-in-para="5" sentence-num-in-section="25" xml:id="C10.S43.SS4.p3.s5">
For the hypergeometric function <Math mode="inline" xml:id="C10.S43.SS4.p3.m5">\mathbf{F}</Math> see §15.2(i).
</sentence>

<sentence sentence-num-in-para="6" sentence-num-in-section="26" xml:id="C10.S43.SS4.p3.s6">
<Math equation-number="10.43.27" mode="display" xml:id="C10.S43.E27">\int_{0}^{\infty}t^{\mu+\nu+1}K_{\mu}\left(at\right)J_{\nu}\left(bt\right) \mathrm{d}t=\frac{(2a)^{\mu}(2b)^{\nu}\Gamma\left(\mu+\nu+1\right)}{(a^{2}+b^{ 2})^{\mu+\nu+1}}, if \Re(\nu+1)&gt;|\Re\mu|,\Re a&gt;|\Im b|</Math>.
</sentence>

<sentence sentence-num-in-para="7" sentence-num-in-section="27" xml:id="C10.S43.SS4.p3.s7">
<Math equation-number="10.43.28" mode="display" xml:id="C10.S43.E28">\int_{0}^{\infty}t\exp\left(-p^{2}t^{2}\right)I_{\nu}\left(at\right)I_{\nu} \left(bt\right)\mathrm{d}t=\frac{1}{2p^{2}}\exp\left(\frac{a^{2}+b^{2}}{4p^{2} }\right)I_{\nu}\left(\frac{ab}{2p^{2}}\right), if \Re\nu&gt;-1,\Re\left(p^{2}\right)&gt;0,</Math> , <Math equation-number="10.43.29" mode="display" xml:id="C10.S43.E29">\int_{0}^{\infty}t\exp\left(-p^{2}t^{2}\right)I_{0}\left(at\right)K_{0}\left( at\right)\mathrm{d}t=\frac{1}{4p^{2}}\exp\left(\frac{a^{2}}{2p^{2}}\right)K_{0 }\left(\frac{a^{2}}{2p^{2}}\right), if \Re\left(p^{2}\right)&gt;0</Math>.
</sentence>

</para>
 
<para xml:id="C10.S43.SS4.p4">

<sentence sentence-num-in-para="1" sentence-num-in-section="28" xml:id="C10.S43.SS4.p4.s1">
For infinite integrals of triple products of modified and unmodified Bessel functions, seeGervois and Navelet (1984, 1985a, 1985b, 1986a, 1986b).
</sentence>

</para>
 
 
</subsection>
 
<subsection xml:id="C10.S43.SS5">
<title>Kontorovich–Lebedev Transform</title>        
   
<para xml:id="C10.S43.SS5.p1">

<sentence sentence-num-in-para="1" sentence-num-in-section="29" xml:id="C10.S43.SS5.p1.s1">
The Kontorovich–Lebedev transform of a function <Math mode="inline" xml:id="C10.S43.SS5.p1.m1">g(x)</Math> is defined as <Math equation-number="10.43.30" mode="display" xml:id="C10.S43.E30">f(y)=\frac{2y}{\pi^{2}}\sinh\left(\pi y\right)\int_{0}^{\infty}\frac{g(x)}{x}K _{iy}\left(x\right)\mathrm{d}x</Math>.
</sentence>

<sentence sentence-num-in-para="2" sentence-num-in-section="30" xml:id="C10.S43.SS5.p1.s2">
Then <Math equation-number="10.43.31" mode="display" xml:id="C10.S43.E31">g(x)=\int_{0}^{\infty}f(y)K_{iy}\left(x\right)\mathrm{d}y,</Math> provided that either of the following sets of conditions is satisfied: On the interval <Math mode="inline" xml:id="C10.S43.I1.ix1.p1.m1">0&lt;x&lt;\infty</Math> , <Math mode="inline" xml:id="C10.S43.I1.ix1.p1.m2">x^{-1}g(x)</Math> is continuously differentiable and each of <Math mode="inline" xml:id="C10.S43.I1.ix1.p1.m3">xg(x)</Math> and <Math mode="inline" xml:id="C10.S43.I1.ix1.p1.m4">x\ifrac{\mathrm{d}(x^{-1}g(x))}{\mathrm{d}x}</Math> is absolutely integrable.
</sentence>

<sentence sentence-num-in-para="3" sentence-num-in-section="31" xml:id="C10.S43.SS5.p1.s3">
<Math mode="inline" xml:id="C10.S43.I1.ix2.p1.m1">g(x)</Math> is piecewise continuous and of bounded variation on every compact interval in <Math mode="inline" xml:id="C10.S43.I1.ix2.p1.m2">(0,\infty)</Math> , and each of the following integrals <Math equation-number="10.43.32" mode="display" xml:id="C10.S43.E32">\int_{0}^{\frac{1}{2}}\frac{g(x)}{x}\ln\left(\frac{1}{x}\right)\mathrm{d}x,\int_{\frac{1}{2}}^{\infty}\frac{|g(x)|}{x^{\frac{1}{2}}}\mathrm{d}x,</Math> converges.
</sentence>

</para>
 
<para xml:id="C10.S43.SS5.p2">

<sentence sentence-num-in-para="1" sentence-num-in-section="32" xml:id="C10.S43.SS5.p2.s1">
For asymptotic expansions of the direct transform (10.43.30) seeWong (1981), and for asymptotic expansions of the inverse transform (10.43.31) seeNaylor (1990, 1996).
</sentence>

</para>
 
<para xml:id="C10.S43.SS5.p3">

<sentence sentence-num-in-para="1" sentence-num-in-section="33" xml:id="C10.S43.SS5.p3.s1">
For collections of the Kontorovich–Lebedev transform, seeErdélyi et al. (1954b, Chapter 12), Prudnikov et al. (1986b, pp. 404–412), and Oberhettinger (1972, Chapter 5).
</sentence>

</para>

 
</subsection>
 
<subsection xml:id="C10.S43.SS6">
<title>Compendia</title>        
 
<para xml:id="C10.S43.SS6.p1">

<sentence sentence-num-in-para="1" sentence-num-in-section="34" xml:id="C10.S43.SS6.p1.s1">
For collections of integrals of the functions <Math mode="inline" xml:id="C10.S43.SS6.p1.m1">I_{\nu}\left(z\right)</Math> and <Math mode="inline" xml:id="C10.S43.SS6.p1.m2">K_{\nu}\left(z\right)</Math> , including integrals with respect to the order, seeApelblat (1983, §12),Erdélyi et al. (1953b, §§7.7.1–7.7.7 and 7.14–7.14.2),Erdélyi et al. (1954a, b),Gradshteyn and Ryzhik (2000, §§5.5, 6.5–6.7),Gröbner and Hofreiter (1950, pp. 197–203), Luke (1962),Magnus et al. (1966, §3.8),Marichev (1983, pp. 191–216),Oberhettinger (1972),Oberhettinger (1974, §§1.11 and 2.7),Oberhettinger (1990, §§1.17–1.20 and 2.17–2.20),Oberhettingerand Badii (1973, §§1.15 and 2.13),Okui (1974, 1975),Prudnikov et al. (1986b, §§1.11–1.12,2.15–2.16,3.2.8–3.2.10, and 3.4.1),Prudnikovet al. (1992a, §§3.15, 3.16),Prudnikov et al. (1992b, §§3.15, 3.16),Watson (1944, Chapter 13), andWheelon (1968).
</sentence>

</para>

 
</subsection>
 
</section>
