<?xml version="1.0" encoding="UTF-8"?>
<section xml:id="C10.S45">
<title>Functions of Imaginary Order</title>        
  
<para xml:id="C10.S45.p1">

<sentence sentence-num-in-para="1" sentence-num-in-section="1" xml:id="C10.S45.p1.s1">
With <Math mode="inline" xml:id="C10.S45.p1.m1">z=x</Math> , and <Math mode="inline" xml:id="C10.S45.p1.m2">\nu</Math> replaced by <Math mode="inline" xml:id="C10.S45.p1.m3">i\nu</Math> , the modified Bessel’s equation (10.25.1)becomes
</sentence>

<sentence sentence-num-in-para="2" sentence-num-in-section="2" xml:id="C10.S45.p1.s2">
<Math equation-number="10.45.1" mode="display" xml:id="C10.S45.E1">x^{2}\frac{{\mathrm{d}}^{2}w}{{\mathrm{d}x}^{2}}+x\frac{\mathrm{d}w}{\mathrm{d }x}+(\nu^{2}-x^{2})w=0</Math>.
</sentence>

<sentence sentence-num-in-para="3" sentence-num-in-section="3" xml:id="C10.S45.p1.s3">
For <Math mode="inline" xml:id="C10.S45.p1.m4">\nu\in\mathbb{R}</Math> and <Math mode="inline" xml:id="C10.S45.p1.m5">x</Math> <Math mode="inline" xml:id="C10.S45.p1.m6">\in(0,\infty)</Math> define <Math equation-number="10.45.2" mode="display" xml:id="C10.S45.E2">\displaystyle\widetilde{I}_{\nu}\left(x\right)=\Re(I_{i\nu}\left(x\right)), \displaystyle\widetilde{K}_{\nu}\left(x\right)=K_{i\nu}\left(x\right)</Math>.
</sentence>

<sentence sentence-num-in-para="4" sentence-num-in-section="4" xml:id="C10.S45.p1.s4">
<Math equation-number="10.45.3" mode="display" xml:id="C10.S45.E3">\displaystyle\widetilde{I}_{-\nu}\left(x\right)=\widetilde{I}_{\nu}\left(x \right), \displaystyle\widetilde{K}_{-\nu}\left(x\right)=\widetilde{K}_{\nu}\left(x \right),</Math> and <Math mode="inline" xml:id="C10.S45.p1.m7">\widetilde{I}_{\nu}\left(x\right)</Math> , <Math mode="inline" xml:id="C10.S45.p1.m8">\widetilde{K}_{\nu}\left(x\right)</Math> are real and linearly independent solutions of (10.45.1):
</sentence>

<sentence sentence-num-in-para="5" sentence-num-in-section="5" xml:id="C10.S45.p1.s5">
<Math equation-number="10.45.4" mode="display" xml:id="C10.S45.E4">\mathscr{W}\left\{\widetilde{K}_{\nu}\left(x\right),\widetilde{I}_{\nu}\left(x \right)\right\}=1/x</Math>.
</sentence>

</para>
 
<para xml:id="C10.S45.p2">

<sentence sentence-num-in-para="1" sentence-num-in-section="6" xml:id="C10.S45.p2.s1">
As <Math mode="inline" xml:id="C10.S45.p2.m1">x\to+\infty</Math> <Math equation-number="10.45.5" mode="display" xml:id="C10.S45.E5">\widetilde{I}_{\nu}\left(x\right)=(2\pi x)^{-\frac{1}{2}}e^{x}\left(1+O\left(x ^{-1}\right)\right),\widetilde{K}_{\nu}\left(x\right)=(\pi/(2x))^{\frac{1}{2}}e^{-x}\left(1+O\left (x^{-1}\right)\right)</Math>.
</sentence>

</para>
 
<para xml:id="C10.S45.p3">

<sentence sentence-num-in-para="1" sentence-num-in-section="7" xml:id="C10.S45.p3.s1">
As <Math mode="inline" xml:id="C10.S45.p3.m1">x\to 0+</Math> <Math equation-number="10.45.6" mode="display" xml:id="C10.S45.E6">\widetilde{I}_{\nu}\left(x\right)=\left(\frac{\sinh\left(\pi\nu\right)}{\pi\nu }\right)^{\frac{1}{2}}\cos\left(\nu\ln\left(\tfrac{1}{2}x\right)-\gamma_{\nu} \right)+O\left(x^{2}\right),</Math> where <Math mode="inline" xml:id="C10.S45.p3.m2">\gamma_{\nu}</Math> is as in §10.24.
</sentence>

<sentence sentence-num-in-para="2" sentence-num-in-section="8" xml:id="C10.S45.p3.s2">
The corresponding result for <Math mode="inline" xml:id="C10.S45.p3.m3">\widetilde{K}_{\nu}\left(x\right)</Math> is given by <Math equation-number="10.45.7" mode="display" xml:id="C10.S45.E7">\widetilde{K}_{\nu}\left(x\right)=-\left(\frac{\pi}{\nu\sinh\left(\pi\nu\right )}\right)^{\frac{1}{2}}\*\sin\left(\nu\ln\left(\tfrac{1}{2}x\right)-\gamma_{ \nu}\right)+O\left(x^{2}\right),</Math> when <Math mode="inline" xml:id="C10.S45.p3.m4">\nu&gt;0</Math> , and <Math equation-number="10.45.8" mode="display" xml:id="C10.S45.E8">\widetilde{K}_{0}\left(x\right)=K_{0}\left(x\right)=-\ln\left(\tfrac{1}{2}x \right)-\gamma+O\left(x^{2}\ln x\right),</Math> where <Math mode="inline" xml:id="C10.S45.p3.m5">\gamma</Math> again denotes Euler’s constant (§5.2(ii)).
</sentence>

</para>
 
<para xml:id="C10.S45.p4">

<sentence sentence-num-in-para="1" sentence-num-in-section="9" xml:id="C10.S45.p4.s1">
In consequence of (10.45.5)–(10.45.7),
</sentence>

<sentence sentence-num-in-para="2" sentence-num-in-section="10" xml:id="C10.S45.p4.s2">
<Math mode="inline" xml:id="C10.S45.p4.m1">\widetilde{I}_{\nu}\left(x\right)</Math> and <Math mode="inline" xml:id="C10.S45.p4.m2">\widetilde{K}_{\nu}\left(x\right)</Math> comprise a numerically satisfactory pair of solutions of (10.45.1) when <Math mode="inline" xml:id="C10.S45.p4.m3">x</Math> is large, and either <Math mode="inline" xml:id="C10.S45.p4.m4">\widetilde{I}_{\nu}\left(x\right)</Math> and <Math mode="inline" xml:id="C10.S45.p4.m5">(1/\pi)\sinh\left(\pi\nu\right)\widetilde{K}_{\nu}\left(x\right)</Math> , or <Math mode="inline" xml:id="C10.S45.p4.m6">\widetilde{I}_{\nu}\left(x\right)</Math> and <Math mode="inline" xml:id="C10.S45.p4.m7">\widetilde{K}_{\nu}\left(x\right)</Math> , comprise a numerically satisfactory pair when <Math mode="inline" xml:id="C10.S45.p4.m8">x</Math> is small, depending whether <Math mode="inline" xml:id="C10.S45.p4.m9">\nu\neq 0</Math> or <Math mode="inline" xml:id="C10.S45.p4.m10">\nu=0</Math>.
</sentence>

</para>
 
<para xml:id="C10.S45.p5">

<sentence sentence-num-in-para="1" sentence-num-in-section="11" xml:id="C10.S45.p5.s1">
For graphs of <Math mode="inline" xml:id="C10.S45.p5.m1">\widetilde{I}_{\nu}\left(x\right)</Math> and <Math mode="inline" xml:id="C10.S45.p5.m2">\widetilde{K}_{\nu}\left(x\right)</Math> see §10.26(iii).
</sentence>

</para>
 
<para xml:id="C10.S45.p6">

<sentence sentence-num-in-para="1" sentence-num-in-section="12" xml:id="C10.S45.p6.s1">
For properties of <Math mode="inline" xml:id="C10.S45.p6.m1">\widetilde{I}_{\nu}\left(x\right)</Math> and <Math mode="inline" xml:id="C10.S45.p6.m2">\widetilde{K}_{\nu}\left(x\right)</Math> , including uniform asymptotic expansions for large <Math mode="inline" xml:id="C10.S45.p6.m3">\nu</Math> and zeros, seeDunster (1990a).
</sentence>

<sentence sentence-num-in-para="2" sentence-num-in-section="13" xml:id="C10.S45.p6.s2">
In this reference <Math mode="inline" xml:id="C10.S45.p6.m4">\widetilde{I}_{\nu}\left(x\right)</Math> is denoted by <Math mode="inline" xml:id="C10.S45.p6.m5">(1/\pi)\sinh\left(\pi\nu\right)L_{i\nu}(x)</Math>.
</sentence>

<sentence sentence-num-in-para="3" sentence-num-in-section="14" xml:id="C10.S45.p6.s3">
See also Gil et al. (2003a), Balogh (1967) and Booker et al. (2013).
</sentence>

</para>

 
</section>
