<?xml version="1.0" encoding="UTF-8"?>
<section xml:id="C10.S58">
<title>Zeros</title>        
   
<para xml:id="C10.S58.p1">

<sentence sentence-num-in-para="1" sentence-num-in-section="1" xml:id="C10.S58.p1.s1">
For <Math mode="inline" xml:id="C10.S58.p1.m1">n\geq 0</Math> the <Math mode="inline" xml:id="C10.S58.p1.m2">m</Math> th positive zeros of <Math mode="inline" xml:id="C10.S58.p1.m3">\mathsf{j}_{n}\left(x\right)</Math> , <Math mode="inline" xml:id="C10.S58.p1.m4">\mathsf{j}_{n}'\left(x\right)</Math> , <Math mode="inline" xml:id="C10.S58.p1.m5">\mathsf{y}_{n}\left(x\right)</Math> , and <Math mode="inline" xml:id="C10.S58.p1.m6">\mathsf{y}_{n}'\left(x\right)</Math> are denoted by <Math mode="inline" xml:id="C10.S58.p1.m7">a_{n,m}</Math> , <Math mode="inline" xml:id="C10.S58.p1.m8">a^{\prime}_{n,m}</Math> , <Math mode="inline" xml:id="C10.S58.p1.m9">b_{n,m}</Math> , and <Math mode="inline" xml:id="C10.S58.p1.m10">b^{\prime}_{n,m}</Math> , respectively, except that for <Math mode="inline" xml:id="C10.S58.p1.m11">n=0</Math> we count <Math mode="inline" xml:id="C10.S58.p1.m12">x=0</Math> as the first zero of <Math mode="inline" xml:id="C10.S58.p1.m13">\mathsf{j}_{0}'\left(x\right)</Math>.
</sentence>

</para>
 
<para xml:id="C10.S58.p2">

<sentence sentence-num-in-para="1" sentence-num-in-section="2" xml:id="C10.S58.p2.s1">
With the notation of §10.21(i),
</sentence>

<sentence sentence-num-in-para="2" sentence-num-in-section="3" xml:id="C10.S58.p2.s2">
<Math equation-number="10.58.1" mode="display" xml:id="C10.S58.E1">a_{n,m}=j_{n+\frac{1}{2},m},b_{n,m}=y_{n+\frac{1}{2},m},</Math> <Math equation-number="10.58.2" mode="display" xml:id="C10.S58.E2">\mathsf{j}_{n}'\left(a_{n,m}\right)=\sqrt{\frac{\pi}{2j_{n+\frac{1}{2},m}}}J_{ n+\frac{1}{2}}'\left(j_{n+\frac{1}{2},m}\right),\mathsf{y}_{n}'\left(b_{n,m}\right)=\sqrt{\frac{\pi}{2y_{n+\frac{1}{2},m}}}Y_{ n+\frac{1}{2}}'\left(y_{n+\frac{1}{2},m}\right)</Math>.
</sentence>

<sentence sentence-num-in-para="3" sentence-num-in-section="4" xml:id="C10.S58.p2.s3">
Hence properties of <Math mode="inline" xml:id="C10.S58.p2.m1">a_{n,m}</Math> and <Math mode="inline" xml:id="C10.S58.p2.m2">b_{n,m}</Math> are derivable straightforwardly from results given in §§10.21(i)–10.21(iii),10.21(vi)–10.21(viii), and 10.21(x).
</sentence>

<sentence sentence-num-in-para="4" sentence-num-in-section="5" xml:id="C10.S58.p2.s4">
However, there are no simple relations that connect the zeros of the derivatives.
</sentence>

<sentence sentence-num-in-para="5" sentence-num-in-section="6" xml:id="C10.S58.p2.s5">
For some properties of <Math mode="inline" xml:id="C10.S58.p2.m3">a^{\prime}_{n,m}</Math> and <Math mode="inline" xml:id="C10.S58.p2.m4">b^{\prime}_{n,m}</Math> , including asymptotic expansions, see Olver (1960, pp. xix–xxi).
</sentence>

</para>
 
<para xml:id="C10.S58.p3">

<sentence sentence-num-in-para="1" sentence-num-in-section="7" xml:id="C10.S58.p3.s1">
See also Davies (1973), de Bruin et al. (1981a, b), andGottlieb (1985).
</sentence>

</para>

 
</section>
