<?xml version="1.0" encoding="UTF-8"?>
<section xml:id="C10.S57">
<title>Uniform Asymptotic Expansions for Large Order</title>        
   
<para xml:id="C10.S57.p1">

<sentence sentence-num-in-para="1" sentence-num-in-section="1" xml:id="C10.S57.p1.s1">
Asymptotic expansions for <Math mode="inline" xml:id="C10.S57.p1.m1">\mathsf{j}_{n}\left((n+\tfrac{1}{2})z\right)</Math> , <Math mode="inline" xml:id="C10.S57.p1.m2">\mathsf{y}_{n}\left((n+\tfrac{1}{2})z\right)</Math> , <Math mode="inline" xml:id="C10.S57.p1.m3">{\mathsf{h}^{(1)}_{n}}\left((n+\tfrac{1}{2})z\right)</Math> , <Math mode="inline" xml:id="C10.S57.p1.m4">{\mathsf{h}^{(2)}_{n}}\left((n+\tfrac{1}{2})z\right)</Math> , <Math mode="inline" xml:id="C10.S57.p1.m5">{\mathsf{i}^{(1)}_{n}}\left((n+\tfrac{1}{2})z\right)</Math> , and <Math mode="inline" xml:id="C10.S57.p1.m6">\mathsf{k}_{n}\left((n+\tfrac{1}{2})z\right)</Math> as <Math mode="inline" xml:id="C10.S57.p1.m7">n\to\infty</Math> that are uniform with respect to <Math mode="inline" xml:id="C10.S57.p1.m8">z</Math> can be obtained from the results given in §§10.20 and 10.41 by use of the definitions (10.47.3)–(10.47.7) and (10.47.9).
</sentence>

<sentence sentence-num-in-para="2" sentence-num-in-section="2" xml:id="C10.S57.p1.s2">
Subsequently, for <Math mode="inline" xml:id="C10.S57.p1.m9">{\mathsf{i}^{(2)}_{n}}\left((n+\tfrac{1}{2})z\right)</Math> the connection formula (10.47.11) is available.
</sentence>

</para>
 
<para xml:id="C10.S57.p2">

<sentence sentence-num-in-para="1" sentence-num-in-section="3" xml:id="C10.S57.p2.s1">
For the corresponding expansion for <Math mode="inline" xml:id="C10.S57.p2.m1">\mathsf{j}_{n}'\left((n+\tfrac{1}{2})z\right)</Math> use <Math equation-number="10.57.1" mode="display" xml:id="C10.S57.E1">\mathsf{j}_{n}'\left((n+\tfrac{1}{2})z\right)=\frac{\pi^{\frac{1}{2}}}{((2n+1) z)^{\frac{1}{2}}}J_{n+\frac{1}{2}}'\left((n+\tfrac{1}{2})z\right)-\frac{\pi^{ \frac{1}{2}}}{((2n+1)z)^{\frac{3}{2}}}J_{n+\frac{1}{2}}\left((n+\tfrac{1}{2})z \right)</Math>.
</sentence>

<sentence sentence-num-in-para="2" sentence-num-in-section="4" xml:id="C10.S57.p2.s2">
Similarly for the expansions of the derivatives of the other six functions.
</sentence>

</para>

 
</section>
