<?xml version="1.0" encoding="UTF-8"?>
<section xml:id="C10.S53">
<title>Power Series</title>        
 
 
<para xml:id="C10.S53.p1">

<sentence sentence-num-in-para="1" sentence-num-in-section="1" xml:id="C10.S53.p1.s1">
 <Math equation-number="10.53.1" mode="display" xml:id="C10.S53.E1">\mathsf{j}_{n}\left(z\right)=z^{n}\sum_{k=0}^{\infty}\frac{(-\frac{1}{2}z^{2}) ^{k}}{k!(2n+2k+1)!!},</Math> <Math equation-number="10.53.2" mode="display" xml:id="C10.S53.E2">\mathsf{y}_{n}\left(z\right)=-\frac{1}{z^{n+1}}\sum_{k=0}^{n}\frac{(2n-2k-1)!! (\frac{1}{2}z^{2})^{k}}{k!}+\frac{(-1)^{n+1}}{z^{n+1}}\sum_{k=n+1}^{\infty} \frac{(-\frac{1}{2}z^{2})^{k}}{k!(2k-2n-1)!!}</Math>.
</sentence>

<sentence sentence-num-in-para="2" sentence-num-in-section="2" xml:id="C10.S53.p1.s2">
<Math equation-number="10.53.3" mode="display" xml:id="C10.S53.E3">{\mathsf{i}^{(1)}_{n}}\left(z\right)=z^{n}\sum_{k=0}^{\infty}\frac{(\frac{1}{2 }z^{2})^{k}}{k!(2n+2k+1)!!},</Math> , <Math equation-number="10.53.4" mode="display" xml:id="C10.S53.E4">{\mathsf{i}^{(2)}_{n}}\left(z\right)=\frac{(-1)^{n}}{z^{n+1}}\sum_{k=0}^{n} \frac{(2n-2k-1)!!(-\frac{1}{2}z^{2})^{k}}{k!}+\frac{1}{z^{n+1}}\sum_{k=n+1}^{ \infty}\frac{(\frac{1}{2}z^{2})^{k}}{k!(2k-2n-1)!!}</Math>.
</sentence>

</para>
 
<para xml:id="C10.S53.p2">

<sentence sentence-num-in-para="1" sentence-num-in-section="3" xml:id="C10.S53.p2.s1">
For <Math mode="inline" xml:id="C10.S53.p2.m1">{\mathsf{h}^{(1)}_{n}}\left(z\right)</Math> and <Math mode="inline" xml:id="C10.S53.p2.m2">{\mathsf{h}^{(2)}_{n}}\left(z\right)</Math> combine (10.47.10), (10.53.1), and (10.53.2).
</sentence>

<sentence sentence-num-in-para="2" sentence-num-in-section="4" xml:id="C10.S53.p2.s2">
For <Math mode="inline" xml:id="C10.S53.p2.m3">\mathsf{k}_{n}\left(z\right)</Math> combine (10.47.11), (10.53.3), and (10.53.4).
</sentence>

</para>

 
</section>
