<?xml version="1.0" encoding="UTF-8"?>
<section xml:id="C10.S59">
<title>Integrals</title>          
<para xml:id="C10.S59.p1">

<sentence sentence-num-in-para="1" sentence-num-in-section="1" xml:id="C10.S59.p1.s1">
 <Math equation-number="10.59.1" mode="display" xml:id="C10.S59.E1">\int_{-\infty}^{\infty}e^{ibt}\mathsf{j}_{n}\left(t\right)\mathrm{d}t=\begin{ cases}\pi i^{n}P_{n}\left(b\right),&amp;-1&lt;b&lt;1,\\ \frac{1}{2}\pi(\pm\mathrm{i})^{n},&amp;b=\pm 1,\\ 0,&amp;\pm b&gt;1,\end{cases}</Math> where <Math mode="inline" xml:id="C10.S59.p1.m1">P_{n}</Math> is the Legendre polynomial (§18.3).
</sentence>

</para>
 
<para xml:id="C10.S59.p2">

<sentence sentence-num-in-para="1" sentence-num-in-section="2" xml:id="C10.S59.p2.s1">
For an integral representation of the Dirac delta in terms of a product of spherical Bessel functions of the first kind see §1.17(ii), and for a generalizationsee Maximon (1991).
</sentence>

</para>
 
<para xml:id="C10.S59.p3">

<sentence sentence-num-in-para="1" sentence-num-in-section="3" xml:id="C10.S59.p3.s1">
Additional integrals can be obtained by combining the definitions (10.47.3)–(10.47.9) with the results given in §10.22 and §10.43.
</sentence>

<sentence sentence-num-in-para="2" sentence-num-in-section="4" xml:id="C10.S59.p3.s2">
For integrals of products see alsoMehrem et al. (1991).
</sentence>

</para>

 
</section>
