<?xml version="1.0" encoding="UTF-8"?>
<section xml:id="C10.S50">
<title>Wronskians and Cross-Products</title>        
   
<para xml:id="C10.S50.p1">

<sentence sentence-num-in-para="1" sentence-num-in-section="1" xml:id="C10.S50.p1.s1">
 <Math equation-number="10.50.1" mode="display" xml:id="C10.S50.E1">\mathscr{W}\left\{\mathsf{j}_{n}\left(z\right),\mathsf{y}_{n}\left(z\right) \right\}=z^{-2},\mathscr{W}\left\{{\mathsf{h}^{(1)}_{n}}\left(z\right),{\mathsf{h}^{(2)}_{n}} \left(z\right)\right\}=-2iz^{-2}</Math>.
</sentence>

<sentence sentence-num-in-para="2" sentence-num-in-section="2" xml:id="C10.S50.p1.s2">
<Math equation-number="10.50.2" mode="display" xml:id="C10.S50.E2">\mathscr{W}\left\{{\mathsf{i}^{(1)}_{n}}\left(z\right),{\mathsf{i}^{(2)}_{n}} \left(z\right)\right\}=(-1)^{n+1}z^{-2},\mathscr{W}\left\{{\mathsf{i}^{(1)}_{n}}\left(z\right),\mathsf{k}_{n}\left(z \right)\right\}=\mathscr{W}\left\{{\mathsf{i}^{(2)}_{n}}\left(z\right),\mathsf {k}_{n}\left(z\right)\right\}\\ =-\tfrac{1}{2}\pi z^{-2}</Math>.
</sentence>

<sentence sentence-num-in-para="3" sentence-num-in-section="3" xml:id="C10.S50.p1.s3">
<Math equation-number="10.50.3" mode="display" xml:id="C10.S50.E3">\mathsf{j}_{n+1}\left(z\right)\mathsf{y}_{n}\left(z\right)-\mathsf{j}_{n}\left (z\right)\mathsf{y}_{n+1}\left(z\right)=z^{-2},\mathsf{j}_{n+2}\left(z\right)\mathsf{y}_{n}\left(z\right)-\mathsf{j}_{n}\left (z\right)\mathsf{y}_{n+2}\left(z\right)=(2n+3)z^{-3}</Math>.
</sentence>

<sentence sentence-num-in-para="4" sentence-num-in-section="4" xml:id="C10.S50.p1.s4">
<Math equation-number="10.50.4" mode="display" xml:id="C10.S50.E4">\mathsf{j}_{0}\left(z\right)\mathsf{j}_{n}\left(z\right)+\mathsf{y}_{0}\left(z \right)\mathsf{y}_{n}\left(z\right)=\cos\left(\tfrac{1}{2}n\pi\right)\sum_{k=0 }^{\left\lfloor n/2\right\rfloor}(-1)^{k}\frac{a_{2k}(n+\tfrac{1}{2})}{z^{2k+2 }}+\sin\left(\tfrac{1}{2}n\pi\right)\sum_{k=0}^{\left\lfloor(n-1)/2\right \rfloor}(-1)^{k}\frac{a_{2k+1}(n+\tfrac{1}{2})}{z^{2k+3}},</Math> where <Math mode="inline" xml:id="C10.S50.p1.m1">a_{k}(n+\tfrac{1}{2})</Math> is given by (10.49.1).
</sentence>

</para>
 
<para xml:id="C10.S50.p2">

<sentence sentence-num-in-para="1" sentence-num-in-section="5" xml:id="C10.S50.p2.s1">
Results corresponding to (10.50.3) and (10.50.4) for <Math mode="inline" xml:id="C10.S50.p2.m1">{\mathsf{i}^{(1)}_{n}}\left(z\right)</Math> and <Math mode="inline" xml:id="C10.S50.p2.m2">{\mathsf{i}^{(2)}_{n}}\left(z\right)</Math> are obtainable via (10.47.12).
</sentence>

</para>

 
</section>
