<?xml version="1.0" encoding="UTF-8"?>
<section xml:id="C10.S56">
<title>Generating Functions</title>        
  
<para xml:id="C10.S56.p1">

<sentence sentence-num-in-para="1" sentence-num-in-section="1" xml:id="C10.S56.p1.s1">
When <Math mode="inline" xml:id="C10.S56.p1.m1">2|t|&lt;|z|</Math> , <Math equation-number="10.56.1" mode="display" xml:id="C10.S56.E1">\frac{\cos\sqrt{z^{2}-2zt}}{z}=\frac{\cos z}{z}+\sum_{n=1}^{\infty}\frac{t^{n} }{n!}\mathsf{j}_{n-1}\left(z\right)</Math> ,, <Math equation-number="10.56.2" mode="display" xml:id="C10.S56.E2">\frac{\sin\sqrt{z^{2}-2zt}}{z}=\frac{\sin z}{z}+\sum_{n=1}^{\infty}\frac{t^{n} }{n!}\mathsf{y}_{n-1}\left(z\right)</Math>.
</sentence>

<sentence sentence-num-in-para="2" sentence-num-in-section="2" xml:id="C10.S56.p1.s2">
<Math equation-number="10.56.3" mode="display" xml:id="C10.S56.E3">\frac{\cosh\sqrt{z^{2}+2izt}}{z}=\frac{\cosh z}{z}+\sum_{n=1}^{\infty}\frac{( it)^{n}}{n!}{\mathsf{i}^{(1)}_{n-1}}\left(z\right)</Math> , <Math equation-number="10.56.4" mode="display" xml:id="C10.S56.E4">\frac{\sinh\sqrt{z^{2}+2izt}}{z}=\frac{\sinh z}{z}+\sum_{n=1}^{\infty}\frac{( it)^{n}}{n!}{\mathsf{i}^{(2)}_{n-1}}\left(z\right)</Math> , <Math equation-number="10.56.5" mode="display" xml:id="C10.S56.E5">\frac{\exp\left(-\sqrt{z^{2}+2izt}\right)}{z}=\frac{e^{-z}}{z}+\frac{2}{\pi} \sum_{n=1}^{\infty}\frac{(-it)^{n}}{n!}\mathsf{k}_{n-1}\left(z\right)</Math>.
</sentence>

</para>

 
</section>
