<?xml version="1.0" encoding="UTF-8"?>
<section xml:id="C10.S55">
<title>Continued Fractions</title>          
<para xml:id="C10.S55.p1">

<sentence sentence-num-in-para="1" sentence-num-in-section="1" xml:id="C10.S55.p1.s1">
For continued fractions for <Math mode="inline" xml:id="C10.S55.p1.m1">\mathsf{j}_{n+1}\left(z\right)/\mathsf{j}_{n}\left(z\right)</Math> and <Math mode="inline" xml:id="C10.S55.p1.m2">{\mathsf{i}^{(1)}_{n+1}}\left(z\right)/{\mathsf{i}^{(1)}_{n}}\left(z\right)</Math> seeCuyt et al. (2008, pp. 350, 353, 362, 363, 367–369).
</sentence>

</para>

 
</section>
