<?xml version="1.0" encoding="UTF-8"?>
<section xml:id="C10.S5">
<title>Wronskians and Cross-Products</title>        
    
 
<para xml:id="C10.S5.p1">

<sentence sentence-num-in-para="1" sentence-num-in-section="1" xml:id="C10.S5.p1.s1">
 <Math equation-number="10.5.1" mode="display" xml:id="C10.S5.E1">\mathscr{W}\left\{J_{\nu}\left(z\right),J_{-\nu}\left(z\right)\right\}=J_{\nu+ 1}\left(z\right)J_{-\nu}\left(z\right)+J_{\nu}\left(z\right)J_{-\nu-1}\left(z \right)=-2\sin\left(\nu\pi\right)/(\pi z),</Math> <Math equation-number="10.5.2" mode="display" xml:id="C10.S5.E2">\mathscr{W}\left\{J_{\nu}\left(z\right),Y_{\nu}\left(z\right)\right\}=J_{\nu+1 }\left(z\right)Y_{\nu}\left(z\right)-J_{\nu}\left(z\right)Y_{\nu+1}\left(z \right)=2/(\pi z),</Math> <Math equation-number="10.5.3" mode="display" xml:id="C10.S5.E3">\mathscr{W}\{J_{\nu}\left(z\right),{H^{(1)}_{\nu}}\left(z\right)\}=J_{\nu+1} \left(z\right){H^{(1)}_{\nu}}\left(z\right)-J_{\nu}\left(z\right){H^{(1)}_{\nu +1}}\left(z\right)=2i/(\pi z),</Math> <Math equation-number="10.5.4" mode="display" xml:id="C10.S5.E4">\mathscr{W}\{J_{\nu}\left(z\right),{H^{(2)}_{\nu}}\left(z\right)\}=J_{\nu+1} \left(z\right){H^{(2)}_{\nu}}\left(z\right)-J_{\nu}\left(z\right){H^{(2)}_{\nu +1}}\left(z\right)=-2i/(\pi z),</Math> <Math equation-number="10.5.5" mode="display" xml:id="C10.S5.E5">\mathscr{W}\left\{{H^{(1)}_{\nu}}\left(z\right),{H^{(2)}_{\nu}}\left(z\right) \right\}={H^{(1)}_{\nu+1}}\left(z\right){H^{(2)}_{\nu}}\left(z\right)-{H^{(1)} _{\nu}}\left(z\right){H^{(2)}_{\nu+1}}\left(z\right)=-4i/(\pi z)</Math>.
</sentence>

</para>

 
</section>
