<?xml version="1.0" encoding="UTF-8"?>
<section xml:id="C10.S62">
<title>Graphs</title>        
  
<para xml:id="C10.S62.p1">

</para>
 
<para xml:id="C10.S62.p2">

<sentence sentence-num-in-para="1" sentence-num-in-section="1" xml:id="C10.S62.p2.s1">
For the modulus functions <Math mode="inline" xml:id="C10.S62.p2.m1">M\left(x\right)</Math> and <Math mode="inline" xml:id="C10.S62.p2.m2">N\left(x\right)</Math> see §10.68(i) with <Math mode="inline" xml:id="C10.S62.p2.m3">\nu=0</Math>.
</sentence>

</para>

           
<sentence sentence-num-in-section="2" xml:id="C10.S62.F1.s1">
Figure 10.62.1: <Math mode="inline" xml:id="C10.S62.F1.m6">\operatorname{ber}x</Math> , <Math mode="inline" xml:id="C10.S62.F1.m7">\operatorname{bei}x</Math> , <Math mode="inline" xml:id="C10.S62.F1.m8">\operatorname{ber}'x</Math> , <Math mode="inline" xml:id="C10.S62.F1.m9">\operatorname{bei}'x</Math> , <Math mode="inline" xml:id="C10.S62.F1.m10">0\leq x\leq 8</Math> .
</sentence>           
<sentence sentence-num-in-section="3" xml:id="C10.S62.F2.s1">
Figure 10.62.2: <Math mode="inline" xml:id="C10.S62.F2.m6">\operatorname{ker}x</Math> , <Math mode="inline" xml:id="C10.S62.F2.m7">\operatorname{kei}x</Math> , <Math mode="inline" xml:id="C10.S62.F2.m8">\operatorname{ker}'x</Math> , <Math mode="inline" xml:id="C10.S62.F2.m9">\operatorname{kei}'x</Math> , <Math mode="inline" xml:id="C10.S62.F2.m10">0\leq x\leq 8</Math> .
</sentence>             
<sentence sentence-num-in-section="4" xml:id="C10.S62.F3.s1">
Figure 10.62.3: <Math mode="inline" xml:id="C10.S62.F3.m5">e^{-x/\sqrt{2}}\operatorname{ber}x</Math> , <Math mode="inline" xml:id="C10.S62.F3.m6">e^{-x/\sqrt{2}}\operatorname{bei}x</Math> , <Math mode="inline" xml:id="C10.S62.F3.m7">e^{-x/\sqrt{2}}M\left(x\right)</Math> , <Math mode="inline" xml:id="C10.S62.F3.m8">0\leq x\leq 8</Math> .
</sentence>           
<sentence sentence-num-in-section="5" xml:id="C10.S62.F4.s1">
Figure 10.62.4: <Math mode="inline" xml:id="C10.S62.F4.m5">e^{x/\sqrt{2}}\operatorname{ker}x</Math> , <Math mode="inline" xml:id="C10.S62.F4.m6">e^{x/\sqrt{2}}\operatorname{kei}x</Math> , <Math mode="inline" xml:id="C10.S62.F4.m7">e^{x/\sqrt{2}}N\left(x\right)</Math> , <Math mode="inline" xml:id="C10.S62.F4.m8">0\leq x\leq 8</Math> .
</sentence> 
  
 
</section>
