<?xml version="1.0" encoding="UTF-8"?>
<section xml:id="C10.S66">
<title>Expansions in Series of Bessel Functions</title>        
  
<para xml:id="C10.S66.p1">

<sentence sentence-num-in-para="1" sentence-num-in-section="1" xml:id="C10.S66.p1.s1">
 <Math equation-number="10.66.1" mode="display" xml:id="C10.S66.E1">\operatorname{ber}_{\nu}x+i\operatorname{bei}_{\nu}x=\sum_{k=0}^{\infty}\frac{ e^{(3\nu+k)\pi i/4}x^{k}J_{\nu+k}\left(x\right)}{2^{k/2}k!}=\sum_{k=0}^{\infty }\frac{e^{(3\nu+3k)\pi i/4}x^{k}I_{\nu+k}\left(x\right)}{2^{k/2}k!}</Math>.
</sentence>

<sentence sentence-num-in-para="2" sentence-num-in-section="2" xml:id="C10.S66.p1.s2">
<Math equation-number="10.66.2" mode="display" xml:id="C10.S66.E2">\operatorname{ber}_{n}\left(x\sqrt{2}\right)=\sum_{k=-\infty}^{\infty}(-1)^{n+ k}J_{n+2k}\left(x\right)I_{2k}\left(x\right),\operatorname{bei}_{n}\left(x\sqrt{2}\right)=\sum_{k=-\infty}^{\infty}(-1)^{n+ k}J_{n+2k+1}\left(x\right)I_{2k+1}\left(x\right)</Math>.
</sentence>

</para>

 
</section>
