<?xml version="1.0" encoding="UTF-8"?>
<section xml:id="C10.S64">
<title>Integral Representations</title>        
  
<paragraph xml:id="C10.S64.Px1">
<title>Schläfli-Type Integrals</title>    
<para xml:id="C10.S64.Px1.p1">

<sentence sentence-num-in-para="1" sentence-num-in-section="1" xml:id="C10.S64.Px1.p1.s1">
 <Math equation-number="10.64.1" mode="display" xml:id="C10.S64.E1">\operatorname{ber}_{n}\left(x\sqrt{2}\right)=\frac{(-1)^{n}}{\pi}\int_{0}^{\pi }\cos\left(x\sin t-nt\right)\cosh\left(x\sin t\right)\mathrm{d}t,</Math> <Math equation-number="10.64.2" mode="display" xml:id="C10.S64.E2">\operatorname{bei}_{n}\left(x\sqrt{2}\right)=\frac{(-1)^{n}}{\pi}\int_{0}^{\pi }\sin\left(x\sin t-nt\right)\sinh\left(x\sin t\right)\mathrm{d}t</Math>.
</sentence>

<sentence sentence-num-in-para="2" sentence-num-in-section="2" xml:id="C10.S64.Px1.p1.s2">
See Apelblat (1991) for these results, and also for similar representations for <Math mode="inline" xml:id="C10.S64.Px1.p1.m1">\operatorname{ber}_{\nu}\left(x\sqrt{2}\right)</Math> , <Math mode="inline" xml:id="C10.S64.Px1.p1.m2">\operatorname{bei}_{\nu}\left(x\sqrt{2}\right)</Math> , and their <Math mode="inline" xml:id="C10.S64.Px1.p1.m3">\nu</Math> -derivatives.
</sentence>

</para>

 
</paragraph>
 
</section>
