<?xml version="1.0" encoding="UTF-8"?>
<section xml:id="C10.S69">
<title>Uniform Asymptotic Expansions for Large Order</title>        
  
<para xml:id="C10.S69.p1">

<sentence sentence-num-in-para="1" sentence-num-in-section="1" xml:id="C10.S69.p1.s1">
Let <Math mode="inline" xml:id="C10.S69.p1.m1">U_{k}(p)</Math> and <Math mode="inline" xml:id="C10.S69.p1.m2">V_{k}(p)</Math> be the polynomials defined in §10.41(ii), and <Math equation-number="10.69.1" mode="display" xml:id="C10.S69.E1">\xi=(1+ix^{2})^{\ifrac{1}{2}}</Math>.
</sentence>

<sentence sentence-num-in-para="2" sentence-num-in-section="2" xml:id="C10.S69.p1.s2">
Then as <Math mode="inline" xml:id="C10.S69.p1.m3">\nu\to+\infty</Math> , <Math equation-number="10.69.2" mode="display" xml:id="C10.S69.E2">\operatorname{ber}_{\nu}\left(\nu x\right)+i\operatorname{bei}_{\nu}\left(\nu x \right)\sim\frac{e^{\nu\xi}}{(2\pi\nu\xi)^{\ifrac{1}{2}}}\left(\frac{xe^{3\pi i /4}}{1+\xi}\right)^{\nu}\sum_{k=0}^{\infty}\frac{U_{k}(\xi^{-1})}{\nu^{k}},</Math> , <Math equation-number="10.69.3" mode="display" xml:id="C10.S69.E3">\operatorname{ker}_{\nu}\left(\nu x\right)+i\operatorname{kei}_{\nu}\left(\nu x \right)\sim e^{-\nu\xi}\left(\frac{\pi}{2\nu\xi}\right)^{\ifrac{1}{2}}\left( \frac{xe^{3\pi i/4}}{1+\xi}\right)^{-\nu}\sum_{k=0}^{\infty}(-1)^{k}\frac{U_{k }(\xi^{-1})}{\nu^{k}},</Math> , <Math equation-number="10.69.4" mode="display" xml:id="C10.S69.E4">\operatorname{ber}_{\nu}'\left(\nu x\right)+i\operatorname{bei}_{\nu}'\left( \nu x\right)\sim\frac{e^{\nu\xi}}{x}\left(\frac{\xi}{2\pi\nu}\right)^{\ifrac{1 }{2}}\left(\frac{xe^{3\pi i/4}}{1+\xi}\right)^{\nu}\sum_{k=0}^{\infty}\frac{V_ {k}(\xi^{-1})}{\nu^{k}},</Math> , <Math equation-number="10.69.5" mode="display" xml:id="C10.S69.E5">\operatorname{ker}_{\nu}'\left(\nu x\right)+i\operatorname{kei}_{\nu}'\left( \nu x\right)\sim-\frac{e^{-\nu\xi}}{x}\left(\frac{\pi\xi}{2\nu}\right)^{\ifrac {1}{2}}\left(\frac{xe^{3\pi i/4}}{1+\xi}\right)^{-\nu}\*\sum_{k=0}^{\infty}(-1 )^{k}\frac{V_{k}(\xi^{-1})}{\nu^{k}},</Math> uniformly for <Math mode="inline" xml:id="C10.S69.p1.m4">x</Math> <Math mode="inline" xml:id="C10.S69.p1.m5">\in(0,\infty)</Math>.
</sentence>

<sentence sentence-num-in-para="3" sentence-num-in-section="3" xml:id="C10.S69.p1.s3">
All fractional powers take their principal values.
</sentence>

</para>
  
<para xml:id="C10.S69.p2">

<sentence sentence-num-in-para="1" sentence-num-in-section="4" xml:id="C10.S69.p2.s1">
All four expansions also enjoy the same kind of double asymptotic property described in §10.41(iv).
</sentence>

</para>
 
<para xml:id="C10.S69.p3">

<sentence sentence-num-in-para="1" sentence-num-in-section="5" xml:id="C10.S69.p3.s1">
Accuracy in (10.69.2) and (10.69.4) can be increased by including exponentially-small contributions as in (10.67.3), (10.67.4), (10.67.7), and (10.67.8) with <Math mode="inline" xml:id="C10.S69.p3.m1">x</Math> replaced by <Math mode="inline" xml:id="C10.S69.p3.m2">\nu x</Math>.
</sentence>

</para>

 
</section>
