<?xml version="1.0" encoding="UTF-8"?>
<section xml:id="C10.S6">
<title>Recurrence Relations and Derivatives</title>        
 
<subsection xml:id="C10.S6.SS1">
<title>Recurrence Relations</title>        
    
<para xml:id="C10.S6.SS1.p1">

<sentence sentence-num-in-para="1" sentence-num-in-section="1" xml:id="C10.S6.SS1.p1.s1">
With <Math mode="inline" xml:id="C10.S6.SS1.p1.m1">\mathscr{C}_{\nu}\left(z\right)</Math> defined as in §10.2(ii),
</sentence>

<sentence sentence-num-in-para="2" sentence-num-in-section="2" xml:id="C10.S6.SS1.p1.s2">
<Math equation-number="10.6.1" mode="display" xml:id="C10.S6.E1">\mathscr{C}_{\nu-1}\left(z\right)+\mathscr{C}_{\nu+1}\left(z\right)=(2\nu/z) \mathscr{C}_{\nu}\left(z\right),\mathscr{C}_{\nu-1}\left(z\right)-\mathscr{C}_{\nu+1}\left(z\right)=2\mathscr{ C}_{\nu}'\left(z\right)</Math>.
</sentence>

<sentence sentence-num-in-para="3" sentence-num-in-section="3" xml:id="C10.S6.SS1.p1.s3">
<Math equation-number="10.6.2" mode="display" xml:id="C10.S6.E2">\mathscr{C}_{\nu}'\left(z\right)=\mathscr{C}_{\nu-1}\left(z\right)-(\nu/z) \mathscr{C}_{\nu}\left(z\right),\mathscr{C}_{\nu}'\left(z\right)=-\mathscr{C}_{\nu+1}\left(z\right)+(\nu/z) \mathscr{C}_{\nu}\left(z\right)</Math>.
</sentence>

</para>
 
<para xml:id="C10.S6.SS1.p2">

<sentence sentence-num-in-para="1" sentence-num-in-section="4" xml:id="C10.S6.SS1.p2.s1">
 <Math equation-number="10.6.3" mode="display" xml:id="C10.S6.E3">\displaystyle J_{0}'\left(z\right)=-J_{1}\left(z\right), \displaystyle Y_{0}'\left(z\right)=-Y_{1}\left(z\right),\displaystyle{H^{(1)}_{0}}'\left(z\right)=-{H^{(1)}_{1}}\left(z\right), \displaystyle{H^{(2)}_{0}}'\left(z\right)=-{H^{(2)}_{1}}\left(z\right)</Math>.
</sentence>

</para>
 
<para xml:id="C10.S6.SS1.p3">

<sentence sentence-num-in-para="1" sentence-num-in-section="5" xml:id="C10.S6.SS1.p3.s1">
If <Math mode="inline" xml:id="C10.S6.SS1.p3.m1">f_{\nu}(z)=z^{p}\mathscr{C}_{\nu}\left(\lambda z^{q}\right)</Math> , where <Math mode="inline" xml:id="C10.S6.SS1.p3.m2">p,q</Math> , and <Math mode="inline" xml:id="C10.S6.SS1.p3.m3">\lambda</Math> ( <Math mode="inline" xml:id="C10.S6.SS1.p3.m4">\neq 0</Math> ) are real or complex constants, then <Math equation-number="10.6.4" mode="display" xml:id="C10.S6.E4">f_{\nu-1}(z)+f_{\nu+1}(z)=(2\nu/\lambda)z^{-q}f_{\nu}(z),(p+\nu q)f_{\nu-1}(z)+(p-\nu q)f_{\nu+1}(z)=(2\nu/\lambda)z^{1-q}f_{\nu}^{ \prime}(z)</Math>.
</sentence>

<sentence sentence-num-in-para="2" sentence-num-in-section="6" xml:id="C10.S6.SS1.p3.s2">
<Math equation-number="10.6.5" mode="display" xml:id="C10.S6.E5">zf_{\nu}^{\prime}(z)=\lambda qz^{q}f_{\nu-1}(z)+(p-\nu q)f_{\nu}(z),zf_{\nu}^{\prime}(z)=-\lambda qz^{q}f_{\nu+1}(z)+(p+\nu q)f_{\nu}(z)</Math>.
</sentence>

</para>

 
</subsection>
 
<subsection xml:id="C10.S6.SS2">
<title>Derivatives</title>        
    
<para xml:id="C10.S6.SS2.p1">

<sentence sentence-num-in-para="1" sentence-num-in-section="7" xml:id="C10.S6.SS2.p1.s1">
For <Math mode="inline" xml:id="C10.S6.SS2.p1.m1">k=0,1,2,\ldots</Math> , <Math equation-number="10.6.6" mode="display" xml:id="C10.S6.E6">\left(\frac{1}{z}\frac{\mathrm{d}}{\mathrm{d}z}\right)^{k}\left(z^{\nu} \mathscr{C}_{\nu}\left(z\right)\right)=z^{\nu-k}\mathscr{C}_{\nu-k}\left(z \right),\left(\frac{1}{z}\frac{\mathrm{d}}{\mathrm{d}z}\right)^{k}(z^{-\nu}\mathscr{C} _{\nu}\left(z\right))=(-1)^{k}z^{-\nu-k}\mathscr{C}_{\nu+k}\left(z\right)</Math>.
</sentence>

<sentence sentence-num-in-para="2" sentence-num-in-section="8" xml:id="C10.S6.SS2.p1.s2">
<Math equation-number="10.6.7" mode="display" xml:id="C10.S6.E7">{\mathscr{C}_{\nu}^{(k)}}\left(z\right)=\frac{1}{2^{k}}\sum_{n=0}^{k}(-1)^{n} \genfrac{(}{)}{0.0pt}{}{k}{n}\mathscr{C}_{\nu-k+2n}\left(z\right)</Math>.
</sentence>

</para>

 
</subsection>
 
<subsection xml:id="C10.S6.SS3">
<title>Cross-Products</title>        
   
<para xml:id="C10.S6.SS3.p1">

<sentence sentence-num-in-para="1" sentence-num-in-section="9" xml:id="C10.S6.SS3.p1.s1">
Let <Math equation-number="10.6.8" mode="display" xml:id="C10.S6.E8">p_{\nu}=J_{\nu}\left(a\right)Y_{\nu}\left(b\right)-J_{\nu}\left(b\right)Y_{\nu }\left(a\right),q_{\nu}=J_{\nu}\left(a\right)Y_{\nu}'\left(b\right)-J_{\nu}'\left(b\right)Y_{ \nu}\left(a\right),r_{\nu}=J_{\nu}'\left(a\right)Y_{\nu}\left(b\right)-J_{\nu}\left(b\right)Y_{ \nu}'\left(a\right),s_{\nu}=J_{\nu}'\left(a\right)Y_{\nu}'\left(b\right)-J_{\nu}'\left(b\right)Y_{ \nu}'\left(a\right),</Math> where <Math mode="inline" xml:id="C10.S6.SS3.p1.m1">a</Math> and <Math mode="inline" xml:id="C10.S6.SS3.p1.m2">b</Math> are independent of <Math mode="inline" xml:id="C10.S6.SS3.p1.m3">\nu</Math>.
</sentence>

<sentence sentence-num-in-para="2" sentence-num-in-section="10" xml:id="C10.S6.SS3.p1.s2">
Then <Math equation-number="10.6.9" mode="display" xml:id="C10.S6.E9">p_{\nu+1}-p_{\nu-1}=-\frac{2\nu}{a}q_{\nu}-\frac{2\nu}{b}r_{\nu},q_{\nu+1}+r_{\nu}=\frac{\nu}{a}p_{\nu}-\frac{\nu+1}{b}p_{\nu+1},r_{\nu+1}+q_{\nu}=\frac{\nu}{b}p_{\nu}-\frac{\nu+1}{a}p_{\nu+1},s_{\nu}=\tfrac{1}{2}p_{\nu+1}+\tfrac{1}{2}p_{\nu-1}-\frac{\nu^{2}}{ab}p_{\nu},</Math> and <Math equation-number="10.6.10" mode="display" xml:id="C10.S6.E10">p_{\nu}s_{\nu}-q_{\nu}r_{\nu}=4/(\pi^{2}ab)</Math>.
</sentence>

</para>

 
</subsection>
 
</section>
