<?xml version="1.0" encoding="UTF-8"?>
<section xml:id="C10.S67">
<title>Asymptotic Expansions for Large Argument</title>        
 
<subsection xml:id="C10.S67.SS1">
<title><Math mode="inline" xml:id="C10.S67.SS1.m1">\operatorname{ber}_{\nu}x,\operatorname{bei}_{\nu}x,\operatorname{ker}_{\nu}x, \operatorname{kei}_{\nu}x</Math>, and Derivatives</title>        
  
<para xml:id="C10.S67.SS1.p1">

<sentence sentence-num-in-para="1" sentence-num-in-section="1" xml:id="C10.S67.SS1.p1.s1">
Define <Math mode="inline" xml:id="C10.S67.SS1.p1.m1">a_{k}(\nu)</Math> and <Math mode="inline" xml:id="C10.S67.SS1.p1.m2">b_{k}(\nu)</Math> as in §§10.17(i)and10.17(ii).
</sentence>

<sentence sentence-num-in-para="2" sentence-num-in-section="2" xml:id="C10.S67.SS1.p1.s2">
Then as <Math mode="inline" xml:id="C10.S67.SS1.p1.m3">x\to\infty</Math> with <Math mode="inline" xml:id="C10.S67.SS1.p1.m4">\nu</Math> fixed, <Math equation-number="10.67.1" mode="display" xml:id="C10.S67.E1">\operatorname{ker}_{\nu}x\sim e^{-x/\sqrt{2}}\left(\frac{\pi}{2x}\right)^{ \frac{1}{2}}\*\sum_{k=0}^{\infty}\frac{a_{k}(\nu)}{x^{k}}\cos\left(\frac{x}{ \sqrt{2}}+\left(\frac{\nu}{2}+\frac{k}{4}+\frac{1}{8}\right)\pi\right),</Math> , <Math equation-number="10.67.2" mode="display" xml:id="C10.S67.E2">\operatorname{kei}_{\nu}x\sim-e^{-x/\sqrt{2}}\left(\frac{\pi}{2x}\right)^{ \frac{1}{2}}\*\sum_{k=0}^{\infty}\frac{a_{k}(\nu)}{x^{k}}\*\sin\left(\frac{x}{ \sqrt{2}}+\left(\frac{\nu}{2}+\frac{k}{4}+\frac{1}{8}\right)\pi\right)</Math>.
</sentence>

<sentence sentence-num-in-para="3" sentence-num-in-section="3" xml:id="C10.S67.SS1.p1.s3">
<Math equation-number="10.67.3" mode="display" xml:id="C10.S67.E3">\operatorname{ber}_{\nu}x\sim\frac{e^{x/\sqrt{2}}}{(2\pi x)^{\frac{1}{2}}}\* \sum_{k=0}^{\infty}\frac{a_{k}(\nu)}{x^{k}}\cos\left(\frac{x}{\sqrt{2}}+\left( \frac{\nu}{2}+\frac{3k}{4}-\frac{1}{8}\right)\pi\right)-\frac{1}{\pi}(\sin \left(2\nu\pi\right)\operatorname{ker}_{\nu}x+\cos\left(2\nu\pi\right) \operatorname{kei}_{\nu}x),</Math> <Math equation-number="10.67.4" mode="display" xml:id="C10.S67.E4">\operatorname{bei}_{\nu}x\sim\frac{e^{x/\sqrt{2}}}{(2\pi x)^{\frac{1}{2}}}\* \sum_{k=0}^{\infty}\frac{a_{k}(\nu)}{x^{k}}\sin\left(\frac{x}{\sqrt{2}}+\left( \frac{\nu}{2}+\frac{3k}{4}-\frac{1}{8}\right)\pi\right)+\frac{1}{\pi}(\cos \left(2\nu\pi\right)\operatorname{ker}_{\nu}x-\sin\left(2\nu\pi\right) \operatorname{kei}_{\nu}x)</Math>.
</sentence>

<sentence sentence-num-in-para="4" sentence-num-in-section="4" xml:id="C10.S67.SS1.p1.s4">
<Math equation-number="10.67.5" mode="display" xml:id="C10.S67.E5">\operatorname{ker}_{\nu}'x\sim-e^{-x/\sqrt{2}}\left(\frac{\pi}{2x}\right)^{ \frac{1}{2}}\sum_{k=0}^{\infty}\frac{b_{k}(\nu)}{x^{k}}\*\cos\left(\frac{x}{ \sqrt{2}}+\left(\frac{\nu}{2}+\frac{k}{4}-\frac{1}{8}\right)\pi\right),</Math> , <Math equation-number="10.67.6" mode="display" xml:id="C10.S67.E6">\operatorname{kei}_{\nu}'x\sim e^{-x/\sqrt{2}}\left(\frac{\pi}{2x}\right)^{ \frac{1}{2}}\sum_{k=0}^{\infty}\frac{b_{k}(\nu)}{x^{k}}\*\sin\left(\frac{x}{ \sqrt{2}}+\left(\frac{\nu}{2}+\frac{k}{4}-\frac{1}{8}\right)\pi\right)</Math>.
</sentence>

<sentence sentence-num-in-para="5" sentence-num-in-section="5" xml:id="C10.S67.SS1.p1.s5">
<Math equation-number="10.67.7" mode="display" xml:id="C10.S67.E7">\operatorname{ber}_{\nu}'x\sim\frac{e^{x/\sqrt{2}}}{(2\pi x)^{\frac{1}{2}}}\* \sum_{k=0}^{\infty}\frac{b_{k}(\nu)}{x^{k}}\cos\left(\frac{x}{\sqrt{2}}+\left( \frac{\nu}{2}+\frac{3k}{4}+\frac{1}{8}\right)\pi\right)-\frac{1}{\pi}(\sin \left(2\nu\pi\right)\operatorname{ker}_{\nu}'x+\cos\left(2\nu\pi\right) \operatorname{kei}_{\nu}'x),</Math> <Math equation-number="10.67.8" mode="display" xml:id="C10.S67.E8">\operatorname{bei}_{\nu}'x\sim\frac{e^{x/\sqrt{2}}}{(2\pi x)^{\frac{1}{2}}}\* \sum_{k=0}^{\infty}\frac{b_{k}(\nu)}{x^{k}}\sin\left(\frac{x}{\sqrt{2}}+\left( \frac{\nu}{2}+\frac{3k}{4}+\frac{1}{8}\right)\pi\right)+\frac{1}{\pi}(\cos \left(2\nu\pi\right)\operatorname{ker}_{\nu}'x-\sin\left(2\nu\pi\right) \operatorname{kei}_{\nu}'x)</Math>.
</sentence>

</para>

 
<para xml:id="C10.S67.SS1.p2">

<sentence sentence-num-in-para="1" sentence-num-in-section="6" xml:id="C10.S67.SS1.p2.s1">
The contributions of the terms in <Math mode="inline" xml:id="C10.S67.SS1.p2.m1">\operatorname{ker}_{\nu}x</Math> , <Math mode="inline" xml:id="C10.S67.SS1.p2.m2">\operatorname{kei}_{\nu}x</Math> , <Math mode="inline" xml:id="C10.S67.SS1.p2.m3">\operatorname{ker}_{\nu}'x</Math> , and <Math mode="inline" xml:id="C10.S67.SS1.p2.m4">\operatorname{kei}_{\nu}'x</Math> on the right-hand sides of (10.67.3), (10.67.4), (10.67.7), and (10.67.8) are exponentially small compared with the other terms, and hence can be neglected in the sense of Poincaré asymptotic expansions (§2.1(iii)).
</sentence>

<sentence sentence-num-in-para="2" sentence-num-in-section="7" xml:id="C10.S67.SS1.p2.s2">
However, their inclusion improves numerical accuracy.
</sentence>

</para>

 
</subsection>
 
<subsection xml:id="C10.S67.SS2">
<title>Cross-Products and Sums of Squares in the Case <Math mode="inline" xml:id="C10.S67.SS2.m1">\nu=0</Math></title>        
  
<para xml:id="C10.S67.SS2.p1">

<sentence sentence-num-in-para="1" sentence-num-in-section="8" xml:id="C10.S67.SS2.p1.s1">
As <Math mode="inline" xml:id="C10.S67.SS2.p1.m1">x\to\infty</Math> <Math equation-number="10.67.9" mode="display" xml:id="C10.S67.E9">{\operatorname{ber}^{2}}x+{\operatorname{bei}^{2}}x\sim\frac{e^{x\sqrt{2}}}{2 \pi x}\left(1+\frac{1}{4\sqrt{2}}\frac{1}{x}+\frac{1}{64}\frac{1}{x^{2}}-\frac {33}{256\sqrt{2}}\frac{1}{x^{3}}-\frac{1797}{8192}\frac{1}{x^{4}}+\cdots\right),</Math> , <Math equation-number="10.67.10" mode="display" xml:id="C10.S67.E10">\operatorname{ber}x\operatorname{bei}'x-\operatorname{ber}'x\operatorname{bei} x\sim\frac{e^{x\sqrt{2}}}{2\pi x}\left(\frac{1}{\sqrt{2}}+\frac{1}{8}\frac{1}{ x}+\frac{9}{64\sqrt{2}}\frac{1}{x^{2}}+\frac{39}{512}\frac{1}{x^{3}}+\frac{75} {8192\sqrt{2}}\frac{1}{x^{4}}+\cdots\right),</Math> , <Math equation-number="10.67.11" mode="display" xml:id="C10.S67.E11">\operatorname{ber}x\operatorname{ber}'x+\operatorname{bei}x\operatorname{bei}' x\sim\frac{e^{x\sqrt{2}}}{2\pi x}\left(\frac{1}{\sqrt{2}}-\frac{3}{8}\frac{1}{ x}-\frac{15}{64\sqrt{2}}\frac{1}{x^{2}}-\frac{45}{512}\frac{1}{x^{3}}+\frac{31 5}{8192\sqrt{2}}\frac{1}{x^{4}}+\cdots\right),</Math> , <Math equation-number="10.67.12" mode="display" xml:id="C10.S67.E12">\left(\operatorname{ber}'x\right)^{2}+\left(\operatorname{bei}'x\right)^{2} \sim\frac{e^{x\sqrt{2}}}{2\pi x}\left(1-\frac{3}{4\sqrt{2}}\frac{1}{x}+\frac{9 }{64}\frac{1}{x^{2}}+\frac{75}{256\sqrt{2}}\frac{1}{x^{3}}+\frac{2475}{8192} \frac{1}{x^{4}}+\cdots\right)</Math>.
</sentence>

<sentence sentence-num-in-para="2" sentence-num-in-section="9" xml:id="C10.S67.SS2.p1.s2">
<Math equation-number="10.67.13" mode="display" xml:id="C10.S67.E13">{\operatorname{ker}^{2}}x+{\operatorname{kei}^{2}}x\sim\frac{\pi}{2x}e^{-x \sqrt{2}}\left(1-\frac{1}{4\sqrt{2}}\frac{1}{x}+\frac{1}{64}\frac{1}{x^{2}}+ \frac{33}{256\sqrt{2}}\frac{1}{x^{3}}-\frac{1797}{8192}\frac{1}{x^{4}}+\cdots \right),</Math> , <Math equation-number="10.67.14" mode="display" xml:id="C10.S67.E14">\operatorname{ker}x\operatorname{kei}'x-\operatorname{ker}'x\operatorname{kei} x\sim-\frac{\pi}{2x}e^{-x\sqrt{2}}\left(\frac{1}{\sqrt{2}}-\frac{1}{8}\frac{1} {x}+\frac{9}{64\sqrt{2}}\frac{1}{x^{2}}-\frac{39}{512}\frac{1}{x^{3}}+\frac{75 }{8192\sqrt{2}}\frac{1}{x^{4}}+\cdots\right),</Math> , <Math equation-number="10.67.15" mode="display" xml:id="C10.S67.E15">\operatorname{ker}x\operatorname{ker}'x+\operatorname{kei}x\operatorname{kei}' x\sim-\frac{\pi}{2x}e^{-x\sqrt{2}}\left(\frac{1}{\sqrt{2}}+\frac{3}{8}\frac{1} {x}-\frac{15}{64\sqrt{2}}\frac{1}{x^{2}}+\frac{45}{512}\frac{1}{x^{3}}+\frac{3 15}{8192\sqrt{2}}\frac{1}{x^{4}}+\cdots\right),</Math> , <Math equation-number="10.67.16" mode="display" xml:id="C10.S67.E16">\left(\operatorname{ker}'x\right)^{2}+\left(\operatorname{kei}'x\right)^{2} \sim\frac{\pi}{2x}e^{-x\sqrt{2}}\left(1+\frac{3}{4\sqrt{2}}\frac{1}{x}+\frac{9 }{64}\frac{1}{x^{2}}-\frac{75}{256\sqrt{2}}\frac{1}{x^{3}}+\frac{2475}{8192} \frac{1}{x^{4}}+\cdots\right)</Math>.
</sentence>

</para>

 
</subsection>
 
</section>
