<?xml version="1.0" encoding="UTF-8"?>
<section xml:id="C10.S76">
<title>Approximations</title>        
  
<subsection xml:id="C10.S76.SS1">
<title>Introduction</title>        
 
<para xml:id="C10.S76.SS1.p1">

<sentence sentence-num-in-para="1" sentence-num-in-section="1" xml:id="C10.S76.SS1.p1.s1">
Because of the comprehensive nature of more recent software packages (§10.77), the following subsections include only references that give representative examples of the kind of approximations that can be used to generate the functions that appear in the present chapter.
</sentence>

<sentence sentence-num-in-para="2" sentence-num-in-section="2" xml:id="C10.S76.SS1.p1.s2">
Forreferences to other approximations, see, for example,Luke (1975, §9.13.3).
</sentence>

</para>

 
</subsection>
 
<subsection xml:id="C10.S76.SS2">
<title>Bessel Functions, Hankel Functions, and Modified Bessel Functions</title>        
    
<paragraph xml:id="C10.S76.Px1">
<title>Real Variable and Order <Math mode="inline" xml:id="C10.S76.Px1.m1">:</Math> Functions</title>   
<para xml:id="C10.S76.Px1.p1">

<sentence sentence-num-in-para="1" sentence-num-in-section="3" xml:id="C10.S76.Px1.p1.s1">
Luke (1971b, a, 1972),Luke (1975, Tables 9.1, 9.2, 9.5, 9.6, 9.11–9.15,9.17–9.21),Wenigerand Čížek (1990),Németh (1992, Chapters 4–6).
</sentence>

</para>
 
</paragraph>
 
<paragraph xml:id="C10.S76.Px2">
<title>Real Variable and Order <Math mode="inline" xml:id="C10.S76.Px2.m1">:</Math> Zeros</title>    
<para xml:id="C10.S76.Px2.p1">

<sentence sentence-num-in-para="1" sentence-num-in-section="4" xml:id="C10.S76.Px2.p1.s1">
Piessens (1984a, 1990),Piessens and Ahmed (1986),Németh (1992, Chapter 7).
</sentence>

</para>
 
</paragraph>
 
<paragraph xml:id="C10.S76.Px3">
<title>Real Variable and Order <Math mode="inline" xml:id="C10.S76.Px3.m1">:</Math> Integrals</title>   
<para xml:id="C10.S76.Px3.p1">

<sentence sentence-num-in-para="1" sentence-num-in-section="5" xml:id="C10.S76.Px3.p1.s1">
Luke (1975, Tables 9.3, 9.4, 9.7–9.9,9.16, 9.22),Németh (1992, Chapter 10).
</sentence>

</para>
 
</paragraph>
 
<paragraph xml:id="C10.S76.Px4">
<title>Complex Variable; Real Order</title>   
<para xml:id="C10.S76.Px4.p1">

<sentence sentence-num-in-para="1" sentence-num-in-section="6" xml:id="C10.S76.Px4.p1.s1">
Luke (1975, Tables 9.23–9.28),Colemanand Monaghan (1983),Coleman (1987),Zhang (1996),Zhang and Belward (1997).
</sentence>

</para>
 
</paragraph>
 
<paragraph xml:id="C10.S76.Px5">
<title>Real Variable; Imaginary Order</title>    
<para xml:id="C10.S76.Px5.p1">

<sentence sentence-num-in-para="1" sentence-num-in-section="7" xml:id="C10.S76.Px5.p1.s1">
Poquérusse and Alexiou (1999).
</sentence>

</para>

 
</paragraph>
 
</subsection>
 
<subsection xml:id="C10.S76.SS3">
<title>Other Functions</title>        
 
<paragraph xml:id="C10.S76.Px6">
<title>Bickley Functions</title>    
<para xml:id="C10.S76.Px6.p1">

<sentence sentence-num-in-para="1" sentence-num-in-section="8" xml:id="C10.S76.Px6.p1.s1">
Blair et al. (1978).
</sentence>

</para>
 
</paragraph>
 
<paragraph xml:id="C10.S76.Px7">
<title>Spherical Bessel Functions</title>    
<para xml:id="C10.S76.Px7.p1">

<sentence sentence-num-in-para="1" sentence-num-in-section="9" xml:id="C10.S76.Px7.p1.s1">
Delic (1979b).
</sentence>

</para>
 
</paragraph>
 
<paragraph xml:id="C10.S76.Px8">
<title>Kelvin Functions</title>    
<para xml:id="C10.S76.Px8.p1">

<sentence sentence-num-in-para="1" sentence-num-in-section="10" xml:id="C10.S76.Px8.p1.s1">
Luke (1975, Table 9.10),Németh(1992, Chapter 9).
</sentence>

</para>

 
</paragraph>
 
</subsection>
 
</section>
