<?xml version="1.0" encoding="UTF-8"?>
<section xml:id="C10.S70">
<title>Zeros</title>          
<para xml:id="C10.S70.p1">

<sentence sentence-num-in-para="1" sentence-num-in-section="1" xml:id="C10.S70.p1.s1">
Asymptotic approximations for large zeros are as follows.
</sentence>

<sentence sentence-num-in-para="2" sentence-num-in-section="2" xml:id="C10.S70.p1.s2">
Let <Math mode="inline" xml:id="C10.S70.p1.m1">\mu=4\nu^{2}</Math> and <Math mode="inline" xml:id="C10.S70.p1.m2">f(t)</Math> denote the formal series <Math equation-number="10.70.1" mode="display" xml:id="C10.S70.E1">\frac{\mu-1}{16t}+\frac{\mu-1}{32t^{2}}+\frac{(\mu-1)(5\mu+19)}{1536t^{3}}+ \frac{3(\mu-1)^{2}}{512t^{4}}+\cdots</Math>.
</sentence>

<sentence sentence-num-in-para="3" sentence-num-in-section="3" xml:id="C10.S70.p1.s3">
If <Math mode="inline" xml:id="C10.S70.p1.m3">m</Math> is a large positive integer, then <Math equation-number="10.70.2" mode="display" xml:id="C10.S70.E2">\mbox{zeros of $\operatorname{ber}_{\nu}x$}\sim\sqrt{2}(t-f(t)), if t=(m-\tfrac{1}{2}\nu-\tfrac{3}{8})\pi, //// \mbox{zeros of $\operatorname{bei}_{\nu}x$}\sim\sqrt{2}(t-f(t)), if t=(m-\tfrac{1}{2}\nu+\tfrac{1}{8})\pi, //// \mbox{zeros of $\operatorname{ker}_{\nu}x$}\sim\sqrt{2}(t+f(-t)), if t=(m-\tfrac{1}{2}\nu-\tfrac{5}{8})\pi, //// \mbox{zeros of $\operatorname{kei}_{\nu}x$}\sim\sqrt{2}(t+f(-t)), if t=(m-\tfrac{1}{2}\nu-\tfrac{1}{8})\pi</Math>.
</sentence>

</para>
 
<para xml:id="C10.S70.p2">

<sentence sentence-num-in-para="1" sentence-num-in-section="4" xml:id="C10.S70.p2.s1">
In the case <Math mode="inline" xml:id="C10.S70.p2.m1">\nu=0</Math> , numerical tabulations (Abramowitz and Stegun (1964, Table 9.12))indicate that each of (10.70.2) corresponds to the <Math mode="inline" xml:id="C10.S70.p2.m2">m</Math> th zero of the function on the left-hand side.
</sentence>

<sentence sentence-num-in-para="2" sentence-num-in-section="5" xml:id="C10.S70.p2.s2">
For the next six terms in the series (10.70.1) seeMacLeod (2002a).
</sentence>

</para>

 
</section>
