<?xml version="1.0" encoding="UTF-8"?>
<section xml:id="C10.S75">
<title>Tables</title>        
  
<subsection xml:id="C10.S75.SS1">
<title>Introduction</title>        
 
<para xml:id="C10.S75.SS1.p1">

<sentence sentence-num-in-para="1" sentence-num-in-section="1" xml:id="C10.S75.SS1.p1.s1">
Comprehensive listings and descriptions of tables of the functions treated in this chapter are provided inBateman and Archibald (1944),Lebedev and Fedorova (1960),Fletcher et al. (1962), andLuke (1975, §9.13.2).
</sentence>

<sentence sentence-num-in-para="2" sentence-num-in-section="2" xml:id="C10.S75.SS1.p1.s2">
Only a few of the more comprehensive of these early tables are included in the listings in the following subsections.
</sentence>

<sentence sentence-num-in-para="3" sentence-num-in-section="3" xml:id="C10.S75.SS1.p1.s3">
Also, for additional listings of tables pertaining to complex arguments seeBabushkina et al. (1997).
</sentence>

</para>

 
</subsection>
 
<subsection xml:id="C10.S75.SS2">
<title>Bessel Functions and their Derivatives</title>        
 
<para xml:id="C10.S75.SS2.p1">

<sentence sentence-num-in-para="1" sentence-num-in-section="4" xml:id="C10.S75.SS2.p1.s1">
British Association for the Advancement of Science (1937) tabulates <Math mode="inline" xml:id="C10.S75.I1.i1.p1.m1">J_{0}\left(x\right)</Math> , <Math mode="inline" xml:id="C10.S75.I1.i1.p1.m2">J_{1}\left(x\right)</Math> , <Math mode="inline" xml:id="C10.S75.I1.i1.p1.m3">x=0(.001)16(.01)2</Math> 5, 10D; <Math mode="inline" xml:id="C10.S75.I1.i1.p1.m4">Y_{0}\left(x\right)</Math> , <Math mode="inline" xml:id="C10.S75.I1.i1.p1.m5">Y_{1}\left(x\right)</Math> , <Math mode="inline" xml:id="C10.S75.I1.i1.p1.m6">x=0.01(.01)2</Math> 5, 8–9S or 8D.
</sentence>

<sentence sentence-num-in-para="2" sentence-num-in-section="5" xml:id="C10.S75.SS2.p1.s2">
Also included are auxiliary functions to facilitate interpolation of the tables of <Math mode="inline" xml:id="C10.S75.I1.i1.p1.m7">Y_{0}\left(x\right)</Math> , <Math mode="inline" xml:id="C10.S75.I1.i1.p1.m8">Y_{1}\left(x\right)</Math> for small values of <Math mode="inline" xml:id="C10.S75.I1.i1.p1.m9">x</Math> , as well as auxiliary functions to compute all four functions for large values of <Math mode="inline" xml:id="C10.S75.I1.i1.p1.m10">x</Math>.
</sentence>

<sentence sentence-num-in-para="3" sentence-num-in-section="6" xml:id="C10.S75.SS2.p1.s3">
Bickley et al. (1952) tabulates <Math mode="inline" xml:id="C10.S75.I1.i2.p1.m1">J_{n}\left(x\right)</Math> , <Math mode="inline" xml:id="C10.S75.I1.i2.p1.m2">Y_{n}\left(x\right)</Math> or <Math mode="inline" xml:id="C10.S75.I1.i2.p1.m3">x^{n}Y_{n}\left(x\right)</Math> , <Math mode="inline" xml:id="C10.S75.I1.i2.p1.m4">n=2(1)20</Math> , <Math mode="inline" xml:id="C10.S75.I1.i2.p1.m5">x=0</Math> ( <Math mode="inline" xml:id="C10.S75.I1.i2.p1.m6">.01</Math> or <Math mode="inline" xml:id="C10.S75.I1.i2.p1.m7">.1</Math> ) <Math mode="inline" xml:id="C10.S75.I1.i2.p1.m8">10(.1)2</Math> 5, 8D (for <Math mode="inline" xml:id="C10.S75.I1.i2.p1.m9">J_{n}\left(x\right)</Math> ), 8S (for <Math mode="inline" xml:id="C10.S75.I1.i2.p1.m10">Y_{n}\left(x\right)</Math> or <Math mode="inline" xml:id="C10.S75.I1.i2.p1.m11">x^{n}Y_{n}\left(x\right)</Math> ); <Math mode="inline" xml:id="C10.S75.I1.i2.p1.m12">J_{n}\left(x\right)</Math> , <Math mode="inline" xml:id="C10.S75.I1.i2.p1.m13">Y_{n}\left(x\right)</Math> , <Math mode="inline" xml:id="C10.S75.I1.i2.p1.m14">n=0(1)20</Math> , <Math mode="inline" xml:id="C10.S75.I1.i2.p1.m15">x=0</Math> or <Math mode="inline" xml:id="C10.S75.I1.i2.p1.m16">0.1(.1)2</Math> 5, 10D (for <Math mode="inline" xml:id="C10.S75.I1.i2.p1.m17">J_{n}\left(x\right)</Math> ), 10S (for <Math mode="inline" xml:id="C10.S75.I1.i2.p1.m18">Y_{n}\left(x\right)</Math> ). Olver (1962) provides tables for the uniform asymptotic expansions given in §10.20(i), including <Math mode="inline" xml:id="C10.S75.I1.i3.p1.m1">\zeta</Math> and <Math mode="inline" xml:id="C10.S75.I1.i3.p1.m2">(\ifrac{4\zeta}{(1-x^{2})})^{\frac{1}{4}}</Math> as functions of <Math mode="inline" xml:id="C10.S75.I1.i3.p1.m3">x</Math> <Math mode="inline" xml:id="C10.S75.I1.i3.p1.m4">(=z)</Math> and the coefficients <Math mode="inline" xml:id="C10.S75.I1.i3.p1.m5">A_{k}(\zeta)</Math> , <Math mode="inline" xml:id="C10.S75.I1.i3.p1.m6">B_{k}(\zeta)</Math> , <Math mode="inline" xml:id="C10.S75.I1.i3.p1.m7">C_{k}(\zeta)</Math> , <Math mode="inline" xml:id="C10.S75.I1.i3.p1.m8">D_{k}(\zeta)</Math> as functions of <Math mode="inline" xml:id="C10.S75.I1.i3.p1.m9">\zeta</Math>.
</sentence>

<sentence sentence-num-in-para="4" sentence-num-in-section="7" xml:id="C10.S75.SS2.p1.s4">
These enable <Math mode="inline" xml:id="C10.S75.I1.i3.p1.m10">J_{\nu}\left(\nu x\right)</Math> , <Math mode="inline" xml:id="C10.S75.I1.i3.p1.m11">Y_{\nu}\left(\nu x\right)</Math> , <Math mode="inline" xml:id="C10.S75.I1.i3.p1.m12">J_{\nu}'\left(\nu x\right)</Math> , <Math mode="inline" xml:id="C10.S75.I1.i3.p1.m13">Y_{\nu}'\left(\nu x\right)</Math> to be computed to 10S when <Math mode="inline" xml:id="C10.S75.I1.i3.p1.m14">\nu\geq 15</Math> , except in the neighborhoods of zeros.
</sentence>

<sentence sentence-num-in-para="5" sentence-num-in-section="8" xml:id="C10.S75.SS2.p1.s5">
The main tables in Abramowitz and Stegun (1964, Chapter 9) give <Math mode="inline" xml:id="C10.S75.I1.i4.p1.m1">J_{0}\left(x\right)</Math> to 15D, <Math mode="inline" xml:id="C10.S75.I1.i4.p1.m2">J_{1}\left(x\right)</Math> , <Math mode="inline" xml:id="C10.S75.I1.i4.p1.m3">J_{2}\left(x\right)</Math> , <Math mode="inline" xml:id="C10.S75.I1.i4.p1.m4">Y_{0}\left(x\right)</Math> , <Math mode="inline" xml:id="C10.S75.I1.i4.p1.m5">Y_{1}\left(x\right)</Math> to 10D, <Math mode="inline" xml:id="C10.S75.I1.i4.p1.m6">Y_{2}\left(x\right)</Math> to 8D, <Math mode="inline" xml:id="C10.S75.I1.i4.p1.m7">x=0(.1)17.</Math>
</sentence>

<sentence sentence-num-in-para="6" sentence-num-in-section="9" xml:id="C10.S75.SS2.p1.s6">
5; <Math mode="inline" xml:id="C10.S75.I1.i4.p1.m8">Y_{n}\left(x\right)-(2/\pi)J_{n}\left(x\right)\ln x</Math> , <Math mode="inline" xml:id="C10.S75.I1.i4.p1.m9">n=0,1</Math> , <Math mode="inline" xml:id="C10.S75.I1.i4.p1.m10">x=0(.1)</Math> 2, 8D; <Math mode="inline" xml:id="C10.S75.I1.i4.p1.m11">J_{n}\left(x\right)</Math> , <Math mode="inline" xml:id="C10.S75.I1.i4.p1.m12">Y_{n}\left(x\right)</Math> , <Math mode="inline" xml:id="C10.S75.I1.i4.p1.m13">n=3(1)9</Math> , <Math mode="inline" xml:id="C10.S75.I1.i4.p1.m14">x=0(.2)2</Math> 0, 5D or 5S; <Math mode="inline" xml:id="C10.S75.I1.i4.p1.m15">J_{n}\left(x\right)</Math> , <Math mode="inline" xml:id="C10.S75.I1.i4.p1.m16">Y_{n}\left(x\right)</Math> , <Math mode="inline" xml:id="C10.S75.I1.i4.p1.m17">n=0(1)20(10)50,100</Math> , <Math mode="inline" xml:id="C10.S75.I1.i4.p1.m18">x=1,2,5,10,50,100</Math> , 10S; modulus and phase functions <Math mode="inline" xml:id="C10.S75.I1.i4.p1.m19">\sqrt{x}M_{n}\left(x\right)</Math> , <Math mode="inline" xml:id="C10.S75.I1.i4.p1.m20">\theta_{n}\left(x\right)-x</Math> , <Math mode="inline" xml:id="C10.S75.I1.i4.p1.m21">n=0,1,2</Math> , <Math mode="inline" xml:id="C10.S75.I1.i4.p1.m22">\ifrac{1}{x}=0(.01)0.</Math>
</sentence>

<sentence sentence-num-in-para="7" sentence-num-in-section="10" xml:id="C10.S75.SS2.p1.s7">
1, 8D.
</sentence>

<sentence sentence-num-in-para="8" sentence-num-in-section="11" xml:id="C10.S75.SS2.p1.s8">
Achenbach (1986) tabulates <Math mode="inline" xml:id="C10.S75.I1.i5.p1.m1">J_{0}\left(x\right)</Math> , <Math mode="inline" xml:id="C10.S75.I1.i5.p1.m2">J_{1}\left(x\right)</Math> , <Math mode="inline" xml:id="C10.S75.I1.i5.p1.m3">Y_{0}\left(x\right)</Math> , <Math mode="inline" xml:id="C10.S75.I1.i5.p1.m4">Y_{1}\left(x\right)</Math> , <Math mode="inline" xml:id="C10.S75.I1.i5.p1.m5">x=0(.1)</Math> 8, 20D or 18–20S. Zhang and Jin (1996, pp. 185–195) tabulates <Math mode="inline" xml:id="C10.S75.I1.i6.p1.m1">J_{n}\left(x\right)</Math> , <Math mode="inline" xml:id="C10.S75.I1.i6.p1.m2">J_{n}'\left(x\right)</Math> , <Math mode="inline" xml:id="C10.S75.I1.i6.p1.m3">Y_{n}\left(x\right)</Math> , <Math mode="inline" xml:id="C10.S75.I1.i6.p1.m4">Y_{n}'\left(x\right)</Math> , <Math mode="inline" xml:id="C10.S75.I1.i6.p1.m5">n=0(1)10(10)50,100</Math> , <Math mode="inline" xml:id="C10.S75.I1.i6.p1.m6">x=1</Math> , 5, 10, 25, 50, 100, 9S; <Math mode="inline" xml:id="C10.S75.I1.i6.p1.m7">J_{n+\alpha}\left(x\right)</Math> , <Math mode="inline" xml:id="C10.S75.I1.i6.p1.m8">J_{n+\alpha}'\left(x\right)</Math> , <Math mode="inline" xml:id="C10.S75.I1.i6.p1.m9">Y_{n+\alpha}\left(x\right)</Math> , <Math mode="inline" xml:id="C10.S75.I1.i6.p1.m10">Y_{n+\alpha}'\left(x\right)</Math> , <Math mode="inline" xml:id="C10.S75.I1.i6.p1.m11">n=0(1)5,10,30,50,100</Math> , <Math mode="inline" xml:id="C10.S75.I1.i6.p1.m12">\alpha=\tfrac{1}{4},\tfrac{1}{3},\tfrac{1}{2},\tfrac{2}{3},\tfrac{3}{4}</Math> , <Math mode="inline" xml:id="C10.S75.I1.i6.p1.m13">x=1,5,10,50</Math> , 8S; real and imaginary parts of <Math mode="inline" xml:id="C10.S75.I1.i6.p1.m14">J_{n+\alpha}\left(z\right)</Math> , <Math mode="inline" xml:id="C10.S75.I1.i6.p1.m15">J_{n+\alpha}'\left(z\right)</Math> , <Math mode="inline" xml:id="C10.S75.I1.i6.p1.m16">Y_{n+\alpha}\left(z\right)</Math> , <Math mode="inline" xml:id="C10.S75.I1.i6.p1.m17">Y_{n+\alpha}'\left(z\right)</Math> , <Math mode="inline" xml:id="C10.S75.I1.i6.p1.m18">n=0(1)15,20(10)50,100</Math> , <Math mode="inline" xml:id="C10.S75.I1.i6.p1.m19">\alpha=0,\tfrac{1}{2}</Math> , <Math mode="inline" xml:id="C10.S75.I1.i6.p1.m20">z=4+2i</Math> , <Math mode="inline" xml:id="C10.S75.I1.i6.p1.m21">20+10i</Math> , 8S.
</sentence>

</para>

 
</subsection>
 
<subsection xml:id="C10.S75.SS3">
<title>Zeros and Associated Values of the Bessel Functions, Hankel Functions, and their Derivatives</title>        
  
<paragraph xml:id="C10.S75.Px1">
<title>Real Zeros</title>   
<para xml:id="C10.S75.Px1.p1">

<sentence sentence-num-in-para="1" sentence-num-in-section="12" xml:id="C10.S75.Px1.p1.s1">
British Association for the Advancement of Science (1937) tabulates <Math mode="inline" xml:id="C10.S75.I2.i1.p1.m1">j_{0,m}</Math> , <Math mode="inline" xml:id="C10.S75.I2.i1.p1.m2">J_{1}\left(j_{0,m}\right)</Math> , <Math mode="inline" xml:id="C10.S75.I2.i1.p1.m3">j_{1,m}</Math> , <Math mode="inline" xml:id="C10.S75.I2.i1.p1.m4">J_{0}\left(j_{1,m}\right)</Math> , <Math mode="inline" xml:id="C10.S75.I2.i1.p1.m5">m=1(1)150</Math> , 10D; <Math mode="inline" xml:id="C10.S75.I2.i1.p1.m6">y_{0,m}</Math> , <Math mode="inline" xml:id="C10.S75.I2.i1.p1.m7">Y_{1}\left(y_{0,m}\right)</Math> , <Math mode="inline" xml:id="C10.S75.I2.i1.p1.m8">y_{1,m}</Math> , <Math mode="inline" xml:id="C10.S75.I2.i1.p1.m9">Y_{0}\left(y_{1,m}\right)</Math> , <Math mode="inline" xml:id="C10.S75.I2.i1.p1.m10">m=1(1)50</Math> , 8D.
</sentence>

<sentence sentence-num-in-para="2" sentence-num-in-section="13" xml:id="C10.S75.Px1.p1.s2">
Olver (1960) tabulates <Math mode="inline" xml:id="C10.S75.I2.i2.p1.m1">j_{n,m}</Math> , <Math mode="inline" xml:id="C10.S75.I2.i2.p1.m2">J_{n}'\left(j_{n,m}\right)</Math> , <Math mode="inline" xml:id="C10.S75.I2.i2.p1.m3">{j^{\prime}_{n,m}}</Math> , <Math mode="inline" xml:id="C10.S75.I2.i2.p1.m4">J_{n}\left({j^{\prime}_{n,m}}\right)</Math> , <Math mode="inline" xml:id="C10.S75.I2.i2.p1.m5">y_{n,m}</Math> , <Math mode="inline" xml:id="C10.S75.I2.i2.p1.m6">Y_{n}'\left(y_{n,m}\right)</Math> , <Math mode="inline" xml:id="C10.S75.I2.i2.p1.m7">{y^{\prime}_{n,m}}</Math> , <Math mode="inline" xml:id="C10.S75.I2.i2.p1.m8">Y_{n}\left({y^{\prime}_{n,m}}\right)</Math> , <Math mode="inline" xml:id="C10.S75.I2.i2.p1.m9">n=0(\tfrac{1}{2})20\tfrac{1}{2}</Math> , <Math mode="inline" xml:id="C10.S75.I2.i2.p1.m10">m=1(1)50</Math> , 8D.
</sentence>

<sentence sentence-num-in-para="3" sentence-num-in-section="14" xml:id="C10.S75.Px1.p1.s3">
Also included are tables of the coefficients in the uniform asymptotic expansions of these zeros and associated values as <Math mode="inline" xml:id="C10.S75.I2.i2.p1.m11">n\to\infty</Math> ; see §10.21(viii), and more fullyOlver (1954).
</sentence>

<sentence sentence-num-in-para="4" sentence-num-in-section="15" xml:id="C10.S75.Px1.p1.s4">
Morgenthaler and Reismann (1963) tabulates <Math mode="inline" xml:id="C10.S75.I2.i3.p1.m1">{j^{\prime}_{n,m}}</Math> for <Math mode="inline" xml:id="C10.S75.I2.i3.p1.m2">n=21(1)51</Math> and <Math mode="inline" xml:id="C10.S75.I2.i3.p1.m3">{j^{\prime}_{n,m}}{&lt;100}</Math> , 7-10S. Abramowitz and Stegun (1964, Chapter 9) tabulates <Math mode="inline" xml:id="C10.S75.I2.i4.p1.m1">j_{n,m}</Math> , <Math mode="inline" xml:id="C10.S75.I2.i4.p1.m2">J_{n}'\left(j_{n,m}\right)</Math> , <Math mode="inline" xml:id="C10.S75.I2.i4.p1.m3">{j^{\prime}_{n,m}}</Math> , <Math mode="inline" xml:id="C10.S75.I2.i4.p1.m4">J_{n}\left({j^{\prime}_{n,m}}\right)</Math> , <Math mode="inline" xml:id="C10.S75.I2.i4.p1.m5">n=0(1)8</Math> , <Math mode="inline" xml:id="C10.S75.I2.i4.p1.m6">m=1(1)20</Math> , 5D (10D for <Math mode="inline" xml:id="C10.S75.I2.i4.p1.m7">n=0</Math> ), <Math mode="inline" xml:id="C10.S75.I2.i4.p1.m8">y_{n,m}</Math> , <Math mode="inline" xml:id="C10.S75.I2.i4.p1.m9">Y_{n}'\left(y_{n,m}\right)</Math> , <Math mode="inline" xml:id="C10.S75.I2.i4.p1.m10">{y^{\prime}_{n,m}}</Math> , <Math mode="inline" xml:id="C10.S75.I2.i4.p1.m11">Y_{n}\left({y^{\prime}_{n,m}}\right)</Math> , <Math mode="inline" xml:id="C10.S75.I2.i4.p1.m12">n=0(1)8</Math> , <Math mode="inline" xml:id="C10.S75.I2.i4.p1.m13">m=1(1)20</Math> , 5D (8D for <Math mode="inline" xml:id="C10.S75.I2.i4.p1.m14">n=0</Math> ), <Math mode="inline" xml:id="C10.S75.I2.i4.p1.m15">J_{0}\left(j_{0,m}x\right)</Math> , <Math mode="inline" xml:id="C10.S75.I2.i4.p1.m16">m=1(1)5</Math> , <Math mode="inline" xml:id="C10.S75.I2.i4.p1.m17">x=0(.02)</Math> 1, 5D.
</sentence>

<sentence sentence-num-in-para="5" sentence-num-in-section="16" xml:id="C10.S75.Px1.p1.s5">
Also included are the first 5 zeros of the functions <Math mode="inline" xml:id="C10.S75.I2.i4.p1.m18">xJ_{1}\left(x\right)-\lambda J_{0}\left(x\right)</Math> , <Math mode="inline" xml:id="C10.S75.I2.i4.p1.m19">J_{1}\left(x\right)-\lambda xJ_{0}\left(x\right)</Math> , <Math mode="inline" xml:id="C10.S75.I2.i4.p1.m20">J_{0}\left(x\right)Y_{0}\left(\lambda x\right)-Y_{0}\left(x\right)J_{0}\left( \lambda x\right)</Math> , <Math mode="inline" xml:id="C10.S75.I2.i4.p1.m21">J_{1}\left(x\right)Y_{1}\left(\lambda x\right)-Y_{1}\left(x\right)J_{1}\left( \lambda x\right)</Math> , <Math mode="inline" xml:id="C10.S75.I2.i4.p1.m22">J_{1}\left(x\right)Y_{0}\left(\lambda x\right)-Y_{1}\left(x\right)J_{0}\left( \lambda x\right)</Math> for various values of <Math mode="inline" xml:id="C10.S75.I2.i4.p1.m23">\lambda</Math> and <Math mode="inline" xml:id="C10.S75.I2.i4.p1.m24">\lambda^{-1}</Math> in the interval <Math mode="inline" xml:id="C10.S75.I2.i4.p1.m25">[0,1]</Math> , 4–8D.
</sentence>

<sentence sentence-num-in-para="6" sentence-num-in-section="17" xml:id="C10.S75.Px1.p1.s6">
Abramowitz and Stegun (1964, Chapter 10) tabulates <Math mode="inline" xml:id="C10.S75.I2.i5.p1.m1">j_{\nu,m}</Math> , <Math mode="inline" xml:id="C10.S75.I2.i5.p1.m2">J_{\nu}'\left(j_{\nu,m}\right)</Math> , <Math mode="inline" xml:id="C10.S75.I2.i5.p1.m3">{j^{\prime}_{\nu,m}}</Math> , <Math mode="inline" xml:id="C10.S75.I2.i5.p1.m4">J_{\nu}\left({j^{\prime}_{\nu,m}}\right)</Math> , <Math mode="inline" xml:id="C10.S75.I2.i5.p1.m5">y_{\nu,m}</Math> , <Math mode="inline" xml:id="C10.S75.I2.i5.p1.m6">Y_{\nu}'\left(y_{\nu,m}\right)</Math> , <Math mode="inline" xml:id="C10.S75.I2.i5.p1.m7">{y^{\prime}_{\nu,m}}</Math> , <Math mode="inline" xml:id="C10.S75.I2.i5.p1.m8">Y_{\nu}\left({y^{\prime}_{\nu,m}}\right)</Math> , <Math mode="inline" xml:id="C10.S75.I2.i5.p1.m9">\nu=\tfrac{1}{2}(1)19\tfrac{1}{2}</Math> , <Math mode="inline" xml:id="C10.S75.I2.i5.p1.m10">m=1(1)m_{\nu}</Math> , where <Math mode="inline" xml:id="C10.S75.I2.i5.p1.m11">m_{\nu}</Math> ranges from 8 at <Math mode="inline" xml:id="C10.S75.I2.i5.p1.m12">\nu=\tfrac{1}{2}</Math> down to 1 at <Math mode="inline" xml:id="C10.S75.I2.i5.p1.m13">\nu=19\tfrac{1}{2}</Math> , 6–7D.
</sentence>

<sentence sentence-num-in-para="7" sentence-num-in-section="18" xml:id="C10.S75.Px1.p1.s7">
Makinouchi (1966) tabulates all values of <Math mode="inline" xml:id="C10.S75.I2.i6.p1.m1">j_{\nu,m}</Math> and <Math mode="inline" xml:id="C10.S75.I2.i6.p1.m2">y_{\nu,m}</Math> in the interval <Math mode="inline" xml:id="C10.S75.I2.i6.p1.m3">(0,100)</Math> , with at least 29S. These are for <Math mode="inline" xml:id="C10.S75.I2.i6.p1.m4">\nu=0(1)5</Math> , 10, 20; <Math mode="inline" xml:id="C10.S75.I2.i6.p1.m5">\nu=\tfrac{3}{2}</Math> , <Math mode="inline" xml:id="C10.S75.I2.i6.p1.m6">\tfrac{5}{2}</Math> ; <Math mode="inline" xml:id="C10.S75.I2.i6.p1.m7">\nu=m/n</Math> with <Math mode="inline" xml:id="C10.S75.I2.i6.p1.m8">m=1(1)n-1</Math> and <Math mode="inline" xml:id="C10.S75.I2.i6.p1.m9">n=3(1)8</Math> , except for <Math mode="inline" xml:id="C10.S75.I2.i6.p1.m10">\nu=\tfrac{1}{2}</Math>.
</sentence>

<sentence sentence-num-in-para="8" sentence-num-in-section="19" xml:id="C10.S75.Px1.p1.s8">
Döring (1971) tabulates the first 100 values of <Math mode="inline" xml:id="C10.S75.I2.i7.p1.m1">\nu</Math> <Math mode="inline" xml:id="C10.S75.I2.i7.p1.m2">(&gt;1)</Math> for which <Math mode="inline" xml:id="C10.S75.I2.i7.p1.m3">J_{-\nu}'\left(x\right)</Math> has the double zero <Math mode="inline" xml:id="C10.S75.I2.i7.p1.m4">x=\nu</Math> , 10D.
</sentence>

<sentence sentence-num-in-para="9" sentence-num-in-section="20" xml:id="C10.S75.Px1.p1.s9">
Heller (1976) tabulates <Math mode="inline" xml:id="C10.S75.I2.i8.p1.m1">j_{0,m}</Math> , <Math mode="inline" xml:id="C10.S75.I2.i8.p1.m2">J_{1}\left(j_{0,m}\right)</Math> , <Math mode="inline" xml:id="C10.S75.I2.i8.p1.m3">j_{1,m}</Math> , <Math mode="inline" xml:id="C10.S75.I2.i8.p1.m4">J_{0}\left(j_{1,m}\right)</Math> , <Math mode="inline" xml:id="C10.S75.I2.i8.p1.m5">{j^{\prime}_{1,m}}</Math> , <Math mode="inline" xml:id="C10.S75.I2.i8.p1.m6">J_{1}\left({j^{\prime}_{1,m}}\right)</Math> for <Math mode="inline" xml:id="C10.S75.I2.i8.p1.m7">m=1(1)100</Math> , 25D.
</sentence>

<sentence sentence-num-in-para="10" sentence-num-in-section="21" xml:id="C10.S75.Px1.p1.s10">
Wills et al. (1982) tabulates <Math mode="inline" xml:id="C10.S75.I2.i9.p1.m1">j_{0,m}</Math> , <Math mode="inline" xml:id="C10.S75.I2.i9.p1.m2">j_{1,m}</Math> , <Math mode="inline" xml:id="C10.S75.I2.i9.p1.m3">y_{0,m}</Math> , <Math mode="inline" xml:id="C10.S75.I2.i9.p1.m4">y_{1,m}</Math> for <Math mode="inline" xml:id="C10.S75.I2.i9.p1.m5">m=1(1)30</Math> , 35D.
</sentence>

<sentence sentence-num-in-para="11" sentence-num-in-section="22" xml:id="C10.S75.Px1.p1.s11">
Kerimov and Skorokhodov (1985c) tabulates 201 double zeros of <Math mode="inline" xml:id="C10.S75.I2.i10.p1.m1">J_{-\nu}''\left(x\right)</Math> , 10 double zeros of <Math mode="inline" xml:id="C10.S75.I2.i10.p1.m2">J_{-\nu}'''\left(x\right)</Math> , 101 double zeros of <Math mode="inline" xml:id="C10.S75.I2.i10.p1.m3">Y_{-\nu}'\left(x\right)</Math> , 201 double zeros of <Math mode="inline" xml:id="C10.S75.I2.i10.p1.m4">Y_{-\nu}''\left(x\right)</Math> , and 10 double zeros of <Math mode="inline" xml:id="C10.S75.I2.i10.p1.m5">Y_{-\nu}'''\left(x\right)</Math> , all to 8 or 9D.
</sentence>

<sentence sentence-num-in-para="12" sentence-num-in-section="23" xml:id="C10.S75.Px1.p1.s12">
Zhang and Jin (1996, pp. 196–198) tabulates <Math mode="inline" xml:id="C10.S75.I2.i11.p1.m1">j_{n,m}</Math> , <Math mode="inline" xml:id="C10.S75.I2.i11.p1.m2">{j^{\prime}_{n,m}}</Math> , <Math mode="inline" xml:id="C10.S75.I2.i11.p1.m3">y_{n,m}</Math> , <Math mode="inline" xml:id="C10.S75.I2.i11.p1.m4">{y^{\prime}_{n,m}}</Math> , <Math mode="inline" xml:id="C10.S75.I2.i11.p1.m5">n=0(1)3</Math> , <Math mode="inline" xml:id="C10.S75.I2.i11.p1.m6">m=1(1)10</Math> , 8D; the first five zeros of <Math mode="inline" xml:id="C10.S75.I2.i11.p1.m7">J_{n}\left(x\right)Y_{n}\left(\lambda x\right)-J_{n}\left(\lambda x\right)Y_{n }\left(x\right)</Math> , <Math mode="inline" xml:id="C10.S75.I2.i11.p1.m8">J_{n}'\left(x\right)Y_{n}'\left(\lambda x\right)-J_{n}'\left(\lambda x\right)Y _{n}'\left(x\right)</Math> , <Math mode="inline" xml:id="C10.S75.I2.i11.p1.m9">n=0,1,2</Math> , <Math mode="inline" xml:id="C10.S75.I2.i11.p1.m10">\lambda=1.1(.1)1.6,1.8,2(.5)</Math> 5, 7D.
</sentence>

</para>
 
</paragraph>
 
<paragraph xml:id="C10.S75.Px2">
<title>Complex Zeros</title>   
<para xml:id="C10.S75.Px2.p1">

<sentence sentence-num-in-para="1" sentence-num-in-section="24" xml:id="C10.S75.Px2.p1.s1">
Abramowitz and Stegun (1964, p. 373) tabulates the three smallest zeros of <Math mode="inline" xml:id="C10.S75.I3.i1.p1.m1">Y_{0}\left(z\right)</Math> , <Math mode="inline" xml:id="C10.S75.I3.i1.p1.m2">Y_{1}\left(z\right)</Math> , <Math mode="inline" xml:id="C10.S75.I3.i1.p1.m3">Y_{1}'\left(z\right)</Math> in the sector <Math mode="inline" xml:id="C10.S75.I3.i1.p1.m4">0&lt;\operatorname{ph}z\leq\pi</Math> , together with the corresponding values of <Math mode="inline" xml:id="C10.S75.I3.i1.p1.m5">Y_{1}\left(z\right)</Math> , <Math mode="inline" xml:id="C10.S75.I3.i1.p1.m6">Y_{0}\left(z\right)</Math> , <Math mode="inline" xml:id="C10.S75.I3.i1.p1.m7">Y_{1}\left(z\right)</Math> , respectively, to 9D. (There is an error in the value of <Math mode="inline" xml:id="C10.S75.I3.i1.p1.m8">Y_{0}\left(z\right)</Math> at the 3rd zero of <Math mode="inline" xml:id="C10.S75.I3.i1.p1.m9">Y_{1}\left(z\right)</Math> : the last four digits should be 2533; seeAmos (1985).)Döring (1966) tabulates all zeros of <Math mode="inline" xml:id="C10.S75.I3.i2.p1.m1">Y_{0}\left(z\right)</Math> , <Math mode="inline" xml:id="C10.S75.I3.i2.p1.m2">Y_{1}\left(z\right)</Math> , <Math mode="inline" xml:id="C10.S75.I3.i2.p1.m3">{H^{(1)}_{0}}\left(z\right)</Math> , <Math mode="inline" xml:id="C10.S75.I3.i2.p1.m4">{H^{(1)}_{1}}\left(z\right)</Math> , that lie in the sector <Math mode="inline" xml:id="C10.S75.I3.i2.p1.m5">|z|&lt;158</Math> , <Math mode="inline" xml:id="C10.S75.I3.i2.p1.m6">|\operatorname{ph}z|\leq\pi</Math> , to 10D.
</sentence>

<sentence sentence-num-in-para="2" sentence-num-in-section="25" xml:id="C10.S75.Px2.p1.s2">
Some of the smaller zeros of <Math mode="inline" xml:id="C10.S75.I3.i2.p1.m7">Y_{n}\left(z\right)</Math> and <Math mode="inline" xml:id="C10.S75.I3.i2.p1.m8">{H^{(1)}_{n}}\left(z\right)</Math> for <Math mode="inline" xml:id="C10.S75.I3.i2.p1.m9">n=2,3,4,5,15</Math> are also included. Kerimov and Skorokhodov (1985a) tabulates 5 (nonreal) complex conjugate pairs of zeros of the principal branches of <Math mode="inline" xml:id="C10.S75.I3.i3.p1.m1">Y_{n}\left(z\right)</Math> and <Math mode="inline" xml:id="C10.S75.I3.i3.p1.m2">Y_{n}'\left(z\right)</Math> for <Math mode="inline" xml:id="C10.S75.I3.i3.p1.m3">n=0(1)5</Math> , 8D.
</sentence>

<sentence sentence-num-in-para="3" sentence-num-in-section="26" xml:id="C10.S75.Px2.p1.s3">
Kerimov and Skorokhodov (1985b) tabulates 50 zeros of the principal branches of <Math mode="inline" xml:id="C10.S75.I3.i4.p1.m1">{H^{(1)}_{0}}\left(z\right)</Math> and <Math mode="inline" xml:id="C10.S75.I3.i4.p1.m2">{H^{(1)}_{1}}\left(z\right)</Math> , 8D.
</sentence>

<sentence sentence-num-in-para="4" sentence-num-in-section="27" xml:id="C10.S75.Px2.p1.s4">
Kerimov and Skorokhodov (1987) tabulates 100 complex double zeros <Math mode="inline" xml:id="C10.S75.I3.i5.p1.m1">\nu</Math> of <Math mode="inline" xml:id="C10.S75.I3.i5.p1.m2">Y_{\nu}'\left(ze^{-\pi i}\right)</Math> and <Math mode="inline" xml:id="C10.S75.I3.i5.p1.m3">{H^{(1)}_{\nu}}'\left(ze^{-\pi i}\right)</Math> , 8D.
</sentence>

<sentence sentence-num-in-para="5" sentence-num-in-section="28" xml:id="C10.S75.Px2.p1.s5">
MacDonald (1989) tabulates the first 30 zeros, in ascending order of absolute value in the fourth quadrant, of the function <Math mode="inline" xml:id="C10.S75.I3.i6.p1.m1">J_{0}\left(z\right)-iJ_{1}\left(z\right)</Math> , 6D. (Other zeros of this function can be obtained by reflection in the imaginary axis).
</sentence>

<sentence sentence-num-in-para="6" sentence-num-in-section="29" xml:id="C10.S75.Px2.p1.s6">
Zhang and Jin (1996, p. 199) tabulates the real and imaginary parts of the first 15 conjugate pairs of complex zeros of <Math mode="inline" xml:id="C10.S75.I3.i7.p1.m1">Y_{0}\left(z\right)</Math> , <Math mode="inline" xml:id="C10.S75.I3.i7.p1.m2">Y_{1}\left(z\right)</Math> , <Math mode="inline" xml:id="C10.S75.I3.i7.p1.m3">Y_{1}'\left(z\right)</Math> and the corresponding values of <Math mode="inline" xml:id="C10.S75.I3.i7.p1.m4">Y_{1}\left(z\right)</Math> , <Math mode="inline" xml:id="C10.S75.I3.i7.p1.m5">Y_{0}\left(z\right)</Math> , <Math mode="inline" xml:id="C10.S75.I3.i7.p1.m6">Y_{1}\left(z\right)</Math> , respectively, 10D.
</sentence>

</para>

 
</paragraph>
 
</subsection>
 
<subsection xml:id="C10.S75.SS4">
<title>Integrals of Bessel Functions</title>        
  
<para xml:id="C10.S75.SS4.p1">

<sentence sentence-num-in-para="1" sentence-num-in-section="30" xml:id="C10.S75.SS4.p1.s1">
Abramowitz and Stegun (1964, Chapter 11) tabulates <Math mode="inline" xml:id="C10.S75.I4.i1.p1.m1">\int_{0}^{x}J_{0}\left(t\right)\mathrm{d}t</Math> , <Math mode="inline" xml:id="C10.S75.I4.i1.p1.m2">\int_{0}^{x}Y_{0}\left(t\right)\mathrm{d}t</Math> , <Math mode="inline" xml:id="C10.S75.I4.i1.p1.m3">x=0(.1)1</Math> 0, 10D; <Math mode="inline" xml:id="C10.S75.I4.i1.p1.m4">\int_{0}^{x}t^{-1}(1-J_{0}\left(t\right))\mathrm{d}t</Math> , <Math mode="inline" xml:id="C10.S75.I4.i1.p1.m5">\int_{x}^{\infty}t^{-1}Y_{0}\left(t\right)\mathrm{d}t</Math> , <Math mode="inline" xml:id="C10.S75.I4.i1.p1.m6">x=0(.1)</Math> 5, 8D.
</sentence>

<sentence sentence-num-in-para="2" sentence-num-in-section="31" xml:id="C10.S75.SS4.p1.s2">
Zhang and Jin (1996, p. 270) tabulates <Math mode="inline" xml:id="C10.S75.I4.i2.p1.m1">\int_{0}^{x}J_{0}\left(t\right)\mathrm{d}t</Math> , <Math mode="inline" xml:id="C10.S75.I4.i2.p1.m2">\int_{0}^{x}t^{-1}(1-J_{0}\left(t\right))\mathrm{d}t</Math> , <Math mode="inline" xml:id="C10.S75.I4.i2.p1.m3">\int_{0}^{x}Y_{0}\left(t\right)\mathrm{d}t</Math> , <Math mode="inline" xml:id="C10.S75.I4.i2.p1.m4">\int_{x}^{\infty}t^{-1}Y_{0}\left(t\right)\mathrm{d}t</Math> , <Math mode="inline" xml:id="C10.S75.I4.i2.p1.m5">x=0(.1)1(.5)2</Math> 0, 8D.
</sentence>

</para>

 
</subsection>
 
<subsection xml:id="C10.S75.SS5">
<title>Modified Bessel Functions and their Derivatives</title>        
   
<para xml:id="C10.S75.SS5.p1">

<sentence sentence-num-in-para="1" sentence-num-in-section="32" xml:id="C10.S75.SS5.p1.s1">
British Association for the Advancement of Science (1937) tabulates <Math mode="inline" xml:id="C10.S75.I5.i1.p1.m1">I_{0}\left(x\right)</Math> , <Math mode="inline" xml:id="C10.S75.I5.i1.p1.m2">I_{1}\left(x\right)</Math> , <Math mode="inline" xml:id="C10.S75.I5.i1.p1.m3">x=0(.001)</Math> 5, 7–8D; <Math mode="inline" xml:id="C10.S75.I5.i1.p1.m4">K_{0}\left(x\right)</Math> , <Math mode="inline" xml:id="C10.S75.I5.i1.p1.m5">K_{1}\left(x\right)</Math> , <Math mode="inline" xml:id="C10.S75.I5.i1.p1.m6">x=0.01(.01)</Math> 5, 7–10D; <Math mode="inline" xml:id="C10.S75.I5.i1.p1.m7">e^{-x}I_{0}\left(x\right)</Math> , <Math mode="inline" xml:id="C10.S75.I5.i1.p1.m8">e^{-x}I_{1}\left(x\right)</Math> , <Math mode="inline" xml:id="C10.S75.I5.i1.p1.m9">e^{x}K_{0}\left(x\right)</Math> , <Math mode="inline" xml:id="C10.S75.I5.i1.p1.m10">e^{x}K_{1}\left(x\right)</Math> , <Math mode="inline" xml:id="C10.S75.I5.i1.p1.m11">x=5(.01)10(.1)2</Math> 0, 8D.
</sentence>

<sentence sentence-num-in-para="2" sentence-num-in-section="33" xml:id="C10.S75.SS5.p1.s2">
Also included are auxiliary functions to facilitate interpolation of the tables of <Math mode="inline" xml:id="C10.S75.I5.i1.p1.m12">K_{0}\left(x\right)</Math> , <Math mode="inline" xml:id="C10.S75.I5.i1.p1.m13">K_{1}\left(x\right)</Math> for small values of <Math mode="inline" xml:id="C10.S75.I5.i1.p1.m14">x</Math>.
</sentence>

<sentence sentence-num-in-para="3" sentence-num-in-section="34" xml:id="C10.S75.SS5.p1.s3">
Bickley et al. (1952) tabulates <Math mode="inline" xml:id="C10.S75.I5.i2.p1.m1">x^{-n}I_{n}\left(x\right)</Math> or <Math mode="inline" xml:id="C10.S75.I5.i2.p1.m2">e^{-x}I_{n}\left(x\right)</Math> , <Math mode="inline" xml:id="C10.S75.I5.i2.p1.m3">x^{n}K_{n}\left(x\right)</Math> or <Math mode="inline" xml:id="C10.S75.I5.i2.p1.m4">e^{x}K_{n}\left(x\right)</Math> , <Math mode="inline" xml:id="C10.S75.I5.i2.p1.m5">n=2(1)20</Math> , <Math mode="inline" xml:id="C10.S75.I5.i2.p1.m6">x=0</Math> (.01 or .1)10(.1) 20, 8S; <Math mode="inline" xml:id="C10.S75.I5.i2.p1.m7">I_{n}\left(x\right)</Math> , <Math mode="inline" xml:id="C10.S75.I5.i2.p1.m8">K_{n}\left(x\right)</Math> , <Math mode="inline" xml:id="C10.S75.I5.i2.p1.m9">n=0(1)20</Math> , <Math mode="inline" xml:id="C10.S75.I5.i2.p1.m10">x=0</Math> or <Math mode="inline" xml:id="C10.S75.I5.i2.p1.m11">0.1(.1)2</Math> 0, 10S. Olver (1962) provides tables for the uniform asymptotic expansions given in §10.41(ii), including <Math mode="inline" xml:id="C10.S75.I5.i3.p1.m1">\eta</Math> and the coefficients <Math mode="inline" xml:id="C10.S75.I5.i3.p1.m2">U_{k}(p)</Math> , <Math mode="inline" xml:id="C10.S75.I5.i3.p1.m3">V_{k}(p)</Math> as functions of <Math mode="inline" xml:id="C10.S75.I5.i3.p1.m4">p=(1+x^{2})^{-\frac{1}{2}}</Math>.
</sentence>

<sentence sentence-num-in-para="4" sentence-num-in-section="35" xml:id="C10.S75.SS5.p1.s4">
These enable <Math mode="inline" xml:id="C10.S75.I5.i3.p1.m5">I_{\nu}\left(\nu x\right)</Math> , <Math mode="inline" xml:id="C10.S75.I5.i3.p1.m6">K_{\nu}\left(\nu x\right)</Math> , <Math mode="inline" xml:id="C10.S75.I5.i3.p1.m7">I_{\nu}'\left(\nu x\right)</Math> , <Math mode="inline" xml:id="C10.S75.I5.i3.p1.m8">K_{\nu}'\left(\nu x\right)</Math> to be computed to 10S when <Math mode="inline" xml:id="C10.S75.I5.i3.p1.m9">\nu\geq 16</Math>.
</sentence>

<sentence sentence-num-in-para="5" sentence-num-in-section="36" xml:id="C10.S75.SS5.p1.s5">
The main tables in Abramowitz and Stegun (1964, Chapter 9) give <Math mode="inline" xml:id="C10.S75.I5.i4.p1.m1">e^{-x}I_{n}\left(x\right)</Math> , <Math mode="inline" xml:id="C10.S75.I5.i4.p1.m2">e^{x}K_{n}\left(x\right)</Math> , <Math mode="inline" xml:id="C10.S75.I5.i4.p1.m3">n=0,1,2</Math> , <Math mode="inline" xml:id="C10.S75.I5.i4.p1.m4">x=0(.1)10(.2)2</Math> 0, 8D–10D or 10S; <Math mode="inline" xml:id="C10.S75.I5.i4.p1.m5">\sqrt{x}e^{-x}I_{n}\left(x\right)</Math> , <Math mode="inline" xml:id="C10.S75.I5.i4.p1.m6">(\sqrt{x}/\pi)</Math> <Math mode="inline" xml:id="C10.S75.I5.i4.p1.m7">e^{x}K_{n}\left(x\right)</Math> , <Math mode="inline" xml:id="C10.S75.I5.i4.p1.m8">n=0,1,2</Math> , <Math mode="inline" xml:id="C10.S75.I5.i4.p1.m9">1/x=0(.002)0.0</Math> 5; <Math mode="inline" xml:id="C10.S75.I5.i4.p1.m10">K_{0}\left(x\right)+I_{0}\left(x\right)\ln x</Math> , <Math mode="inline" xml:id="C10.S75.I5.i4.p1.m11">x(K_{1}\left(x\right)-I_{1}\left(x\right)\ln x)</Math> , <Math mode="inline" xml:id="C10.S75.I5.i4.p1.m12">x=0(.1)</Math> 2, 8D; <Math mode="inline" xml:id="C10.S75.I5.i4.p1.m13">e^{-x}I_{n}\left(x\right)</Math> , <Math mode="inline" xml:id="C10.S75.I5.i4.p1.m14">e^{x}K_{n}\left(x\right)</Math> , <Math mode="inline" xml:id="C10.S75.I5.i4.p1.m15">n=3(1)9</Math> , <Math mode="inline" xml:id="C10.S75.I5.i4.p1.m16">x=0(.2)10(.5)2</Math> 0, 5S; <Math mode="inline" xml:id="C10.S75.I5.i4.p1.m17">I_{n}\left(x\right)</Math> , <Math mode="inline" xml:id="C10.S75.I5.i4.p1.m18">K_{n}\left(x\right)</Math> , <Math mode="inline" xml:id="C10.S75.I5.i4.p1.m19">n=0(1)20(10)50,100</Math> , <Math mode="inline" xml:id="C10.S75.I5.i4.p1.m20">x=1,2,5,10,50,100</Math> , 9–10S. Achenbach (1986) tabulates <Math mode="inline" xml:id="C10.S75.I5.i5.p1.m1">I_{0}\left(x\right)</Math> , <Math mode="inline" xml:id="C10.S75.I5.i5.p1.m2">I_{1}\left(x\right)</Math> , <Math mode="inline" xml:id="C10.S75.I5.i5.p1.m3">K_{0}\left(x\right)</Math> , <Math mode="inline" xml:id="C10.S75.I5.i5.p1.m4">K_{1}\left(x\right)</Math> , <Math mode="inline" xml:id="C10.S75.I5.i5.p1.m5">x=0(.1)</Math> 8, 19D or 19–21S. Zhang and Jin (1996, pp. 240–250) tabulates <Math mode="inline" xml:id="C10.S75.I5.i6.p1.m1">I_{n}\left(x\right)</Math> , <Math mode="inline" xml:id="C10.S75.I5.i6.p1.m2">I_{n}'\left(x\right)</Math> , <Math mode="inline" xml:id="C10.S75.I5.i6.p1.m3">K_{n}\left(x\right)</Math> , <Math mode="inline" xml:id="C10.S75.I5.i6.p1.m4">K_{n}'\left(x\right)</Math> , <Math mode="inline" xml:id="C10.S75.I5.i6.p1.m5">n=0(1)10(10)50,100</Math> , <Math mode="inline" xml:id="C10.S75.I5.i6.p1.m6">x=1,5,10,25,50,100</Math> , 9S; <Math mode="inline" xml:id="C10.S75.I5.i6.p1.m7">I_{n+\alpha}\left(x\right)</Math> , <Math mode="inline" xml:id="C10.S75.I5.i6.p1.m8">I_{n+\alpha}'\left(x\right)</Math> , <Math mode="inline" xml:id="C10.S75.I5.i6.p1.m9">K_{n+\alpha}\left(x\right)</Math> , <Math mode="inline" xml:id="C10.S75.I5.i6.p1.m10">K_{n+\alpha}'\left(x\right)</Math> , <Math mode="inline" xml:id="C10.S75.I5.i6.p1.m11">n=0(1)5</Math> , 10, 30, 50, 100, <Math mode="inline" xml:id="C10.S75.I5.i6.p1.m12">\alpha=\tfrac{1}{4}</Math> , <Math mode="inline" xml:id="C10.S75.I5.i6.p1.m13">\tfrac{1}{3}</Math> , <Math mode="inline" xml:id="C10.S75.I5.i6.p1.m14">\tfrac{1}{2}</Math> , <Math mode="inline" xml:id="C10.S75.I5.i6.p1.m15">\tfrac{2}{3}</Math> , <Math mode="inline" xml:id="C10.S75.I5.i6.p1.m16">\tfrac{3}{4}</Math> , <Math mode="inline" xml:id="C10.S75.I5.i6.p1.m17">x=1</Math> , 5, 10, 50, 8S; real and imaginary parts of <Math mode="inline" xml:id="C10.S75.I5.i6.p1.m18">I_{n+\alpha}\left(z\right)</Math> , <Math mode="inline" xml:id="C10.S75.I5.i6.p1.m19">I_{n+\alpha}'\left(z\right)</Math> , <Math mode="inline" xml:id="C10.S75.I5.i6.p1.m20">K_{n+\alpha}\left(z\right)</Math> , <Math mode="inline" xml:id="C10.S75.I5.i6.p1.m21">K_{n+\alpha}'\left(z\right)</Math> , <Math mode="inline" xml:id="C10.S75.I5.i6.p1.m22">n=0(1)15</Math> , 20(10)50, 100, <Math mode="inline" xml:id="C10.S75.I5.i6.p1.m23">\alpha=0,\tfrac{1}{2}</Math> , <Math mode="inline" xml:id="C10.S75.I5.i6.p1.m24">z=4+2i,20+10i</Math> , 8S.
</sentence>

</para>

 
</subsection>
 
<subsection xml:id="C10.S75.SS6">
<title>Zeros of Modified Bessel Functions and their Derivatives</title>        
  
<para xml:id="C10.S75.SS6.p1">

<sentence sentence-num-in-para="1" sentence-num-in-section="37" xml:id="C10.S75.SS6.p1.s1">
Parnes (1972) tabulates all zeros of the principal value of <Math mode="inline" xml:id="C10.S75.I6.i1.p1.m1">K_{n}\left(z\right)</Math> , for <Math mode="inline" xml:id="C10.S75.I6.i1.p1.m2">n=2(1)10</Math> , 9D.
</sentence>

<sentence sentence-num-in-para="2" sentence-num-in-section="38" xml:id="C10.S75.SS6.p1.s2">
Leung and Ghaderpanah (1979), tabulates all zeros of the principal value of <Math mode="inline" xml:id="C10.S75.I6.i2.p1.m1">K_{n}\left(z\right)</Math> , for <Math mode="inline" xml:id="C10.S75.I6.i2.p1.m2">n=2(1)10</Math> , 29S. Kerimov and Skorokhodov (1984b) tabulates all zeros of the principal values of <Math mode="inline" xml:id="C10.S75.I6.i3.p1.m1">K_{n}\left(z\right)</Math> and <Math mode="inline" xml:id="C10.S75.I6.i3.p1.m2">K_{n}'\left(z\right)</Math> , for <Math mode="inline" xml:id="C10.S75.I6.i3.p1.m3">n=2(1)20</Math> , 9S. Kerimov and Skorokhodov (1984c) tabulates all zeros of <Math mode="inline" xml:id="C10.S75.I6.i4.p1.m1">I_{-n-\frac{1}{2}}\left(z\right)</Math> and <Math mode="inline" xml:id="C10.S75.I6.i4.p1.m2">I_{-n-\frac{1}{2}}'\left(z\right)</Math> in the sector <Math mode="inline" xml:id="C10.S75.I6.i4.p1.m3">0\leq\operatorname{ph}z\leq\tfrac{1}{2}\pi</Math> for <Math mode="inline" xml:id="C10.S75.I6.i4.p1.m4">n=1(1)20</Math> , 9S. Kerimov and Skorokhodov (1985b) tabulates all zeros of <Math mode="inline" xml:id="C10.S75.I6.i5.p1.m1">K_{n}\left(z\right)</Math> and <Math mode="inline" xml:id="C10.S75.I6.i5.p1.m2">K_{n}'\left(z\right)</Math> in the sector <Math mode="inline" xml:id="C10.S75.I6.i5.p1.m3">-\tfrac{1}{2}\pi&lt;\operatorname{ph}z\leq\tfrac{3}{2}\pi</Math> for <Math mode="inline" xml:id="C10.S75.I6.i5.p1.m4">n=0(1)5</Math> , 8D.
</sentence>

</para>

 
</subsection>
 
<subsection xml:id="C10.S75.SS7">
<title>Integrals of Modified Bessel Functions</title>        
  
<para xml:id="C10.S75.SS7.p1">

<sentence sentence-num-in-para="1" sentence-num-in-section="39" xml:id="C10.S75.SS7.p1.s1">
Abramowitz and Stegun (1964, Chapter 11) tabulates <Math mode="inline" xml:id="C10.S75.I7.i1.p1.m1">e^{-x}\int_{0}^{x}I_{0}\left(t\right)\mathrm{d}t</Math> , <Math mode="inline" xml:id="C10.S75.I7.i1.p1.m2">e^{x}\int_{x}^{\infty}K_{0}\left(t\right)\mathrm{d}t</Math> , <Math mode="inline" xml:id="C10.S75.I7.i1.p1.m3">x=0(.1)1</Math> 0, 7D; <Math mode="inline" xml:id="C10.S75.I7.i1.p1.m4">e^{-x}\int_{0}^{x}t^{-1}(I_{0}\left(t\right)-1)\mathrm{d}t</Math> , <Math mode="inline" xml:id="C10.S75.I7.i1.p1.m5">xe^{x}\int_{x}^{\infty}t^{-1}K_{0}\left(t\right)\mathrm{d}t</Math> , <Math mode="inline" xml:id="C10.S75.I7.i1.p1.m6">x=0(.1)</Math> 5, 6D.
</sentence>

<sentence sentence-num-in-para="2" sentence-num-in-section="40" xml:id="C10.S75.SS7.p1.s2">
Bickley and Nayler (1935) tabulates <Math mode="inline" xml:id="C10.S75.I7.i2.p1.m1">\mathrm{Ki}_{n}\left(x\right)</Math> (§10.43(iii)) for <Math mode="inline" xml:id="C10.S75.I7.i2.p1.m2">n=1(1)16</Math> , <Math mode="inline" xml:id="C10.S75.I7.i2.p1.m3">x=0(.05)0.2(.1</Math> ) 2, 3, 9D.
</sentence>

<sentence sentence-num-in-para="3" sentence-num-in-section="41" xml:id="C10.S75.SS7.p1.s3">
Zhang and Jin (1996, p. 271) tabulates <Math mode="inline" xml:id="C10.S75.I7.i3.p1.m1">e^{-x}\int_{0}^{x}I_{0}\left(t\right)\mathrm{d}t</Math> , <Math mode="inline" xml:id="C10.S75.I7.i3.p1.m2">e^{-x}\int_{0}^{x}t^{-1}(I_{0}\left(t\right)-1)\mathrm{d}t</Math> , <Math mode="inline" xml:id="C10.S75.I7.i3.p1.m3">e^{x}\int_{x}^{\infty}K_{0}\left(t\right)\mathrm{d}t</Math> , <Math mode="inline" xml:id="C10.S75.I7.i3.p1.m4">xe^{x}\int_{x}^{\infty}t^{-1}K_{0}\left(t\right)\mathrm{d}t</Math> , <Math mode="inline" xml:id="C10.S75.I7.i3.p1.m5">x=0(.1)1(.5)2</Math> 0, 8D.
</sentence>

</para>

 
</subsection>
 
<subsection xml:id="C10.S75.SS8">
<title>Modified Bessel Functions of Imaginary or Complex Order</title>        
  
<para xml:id="C10.S75.SS8.p1">

<sentence sentence-num-in-para="1" sentence-num-in-section="42" xml:id="C10.S75.SS8.p1.s1">
For the notation see §10.45.
</sentence>

<sentence sentence-num-in-para="2" sentence-num-in-section="43" xml:id="C10.S75.SS8.p1.s2">
Žurina and Karmazina (1967) tabulates <Math mode="inline" xml:id="C10.S75.I8.i1.p1.m1">\widetilde{K}_{\nu}\left(x\right)</Math> for <Math mode="inline" xml:id="C10.S75.I8.i1.p1.m2">\nu=0.01(.01)1</Math> 0, <Math mode="inline" xml:id="C10.S75.I8.i1.p1.m3">x=0.1(.1)10.</Math>
</sentence>

<sentence sentence-num-in-para="3" sentence-num-in-section="44" xml:id="C10.S75.SS8.p1.s3">
2, 7S. Rappoport (1979) tabulates the real and imaginary parts of <Math mode="inline" xml:id="C10.S75.I8.i2.p1.m1">K_{\frac{1}{2}+i\tau}\left(x\right)</Math> for <Math mode="inline" xml:id="C10.S75.I8.i2.p1.m2">\tau=0.01(.01)1</Math> 0, <Math mode="inline" xml:id="C10.S75.I8.i2.p1.m3">x=0.1(.2)9.</Math>
</sentence>

<sentence sentence-num-in-para="4" sentence-num-in-section="45" xml:id="C10.S75.SS8.p1.s4">
5, 7S.
</sentence>

</para>

 
</subsection>
 
<subsection xml:id="C10.S75.SS9">
<title>Spherical Bessel Functions, Modified Spherical Bessel Functions, and their Derivatives</title>        
  
<para xml:id="C10.S75.SS9.p1">

<sentence sentence-num-in-para="1" sentence-num-in-section="46" xml:id="C10.S75.SS9.p1.s1">
The main tables in Abramowitz and Stegun (1964, Chapter 10) give <Math mode="inline" xml:id="C10.S75.I9.i1.p1.m1">\mathsf{j}_{n}\left(x\right)</Math> , <Math mode="inline" xml:id="C10.S75.I9.i1.p1.m2">\mathsf{y}_{n}\left(x\right)</Math> <Math mode="inline" xml:id="C10.S75.I9.i1.p1.m3">n=0(1)8</Math> , <Math mode="inline" xml:id="C10.S75.I9.i1.p1.m4">x=0(.1)1</Math> 0, 5–8S; <Math mode="inline" xml:id="C10.S75.I9.i1.p1.m5">\mathsf{j}_{n}\left(x\right)</Math> , <Math mode="inline" xml:id="C10.S75.I9.i1.p1.m6">\mathsf{y}_{n}\left(x\right)</Math> <Math mode="inline" xml:id="C10.S75.I9.i1.p1.m7">n=0(1)20(10)50</Math> , 100, <Math mode="inline" xml:id="C10.S75.I9.i1.p1.m8">x=1,2,5,10,50,100</Math> , 10S; <Math mode="inline" xml:id="C10.S75.I9.i1.p1.m9">{\mathsf{i}^{(1)}_{n}}\left(x\right)</Math> , <Math mode="inline" xml:id="C10.S75.I9.i1.p1.m10">\mathsf{k}_{n}\left(x\right)</Math> , <Math mode="inline" xml:id="C10.S75.I9.i1.p1.m11">n=0,1,2</Math> , <Math mode="inline" xml:id="C10.S75.I9.i1.p1.m12">x=0(.1)</Math> 5, 4–9D; <Math mode="inline" xml:id="C10.S75.I9.i1.p1.m13">{\mathsf{i}^{(1)}_{n}}\left(x\right)</Math> , <Math mode="inline" xml:id="C10.S75.I9.i1.p1.m14">\mathsf{k}_{n}\left(x\right)</Math> , <Math mode="inline" xml:id="C10.S75.I9.i1.p1.m15">n=0(1)20(10)50</Math> , 100, <Math mode="inline" xml:id="C10.S75.I9.i1.p1.m16">x=1,2,5,10,50,100</Math> , 10S. (For the notation see §10.1 and §10.47(ii).)Zhang and Jin (1996, pp. 296–305) tabulates <Math mode="inline" xml:id="C10.S75.I9.i2.p1.m1">\mathsf{j}_{n}\left(x\right)</Math> , <Math mode="inline" xml:id="C10.S75.I9.i2.p1.m2">\mathsf{j}_{n}'\left(x\right)</Math> , <Math mode="inline" xml:id="C10.S75.I9.i2.p1.m3">\mathsf{y}_{n}\left(x\right)</Math> , <Math mode="inline" xml:id="C10.S75.I9.i2.p1.m4">\mathsf{y}_{n}'\left(x\right)</Math> , <Math mode="inline" xml:id="C10.S75.I9.i2.p1.m5">{\mathsf{i}^{(1)}_{n}}\left(x\right)</Math> , <Math mode="inline" xml:id="C10.S75.I9.i2.p1.m6">{\mathsf{i}^{(1)}_{n}}'\left(x\right)</Math> , <Math mode="inline" xml:id="C10.S75.I9.i2.p1.m7">\mathsf{k}_{n}\left(x\right)</Math> , <Math mode="inline" xml:id="C10.S75.I9.i2.p1.m8">\mathsf{k}_{n}'\left(x\right)</Math> , <Math mode="inline" xml:id="C10.S75.I9.i2.p1.m9">n=0(1)10(10)30</Math> , 50, 100, <Math mode="inline" xml:id="C10.S75.I9.i2.p1.m10">x=1</Math> , 5, 10, 25, 50, 100, 8S; <Math mode="inline" xml:id="C10.S75.I9.i2.p1.m11">x\mathsf{j}_{n}\left(x\right)</Math> , <Math mode="inline" xml:id="C10.S75.I9.i2.p1.m12">(x\mathsf{j}_{n}\left(x\right))^{\prime}</Math> , <Math mode="inline" xml:id="C10.S75.I9.i2.p1.m13">x\mathsf{y}_{n}\left(x\right)</Math> , <Math mode="inline" xml:id="C10.S75.I9.i2.p1.m14">(x\mathsf{y}_{n}\left(x\right))^{\prime}</Math> (Riccati–Bessel functions and their derivatives), <Math mode="inline" xml:id="C10.S75.I9.i2.p1.m15">n=0(1)10(10)30</Math> , 50, 100, <Math mode="inline" xml:id="C10.S75.I9.i2.p1.m16">x=1</Math> , 5, 10, 25, 50, 100, 8S; real and imaginary parts of <Math mode="inline" xml:id="C10.S75.I9.i2.p1.m17">\mathsf{j}_{n}\left(z\right)</Math> , <Math mode="inline" xml:id="C10.S75.I9.i2.p1.m18">\mathsf{j}_{n}'\left(z\right)</Math> , <Math mode="inline" xml:id="C10.S75.I9.i2.p1.m19">\mathsf{y}_{n}\left(z\right)</Math> , <Math mode="inline" xml:id="C10.S75.I9.i2.p1.m20">\mathsf{y}_{n}'\left(z\right)</Math> , <Math mode="inline" xml:id="C10.S75.I9.i2.p1.m21">{\mathsf{i}^{(1)}_{n}}\left(z\right)</Math> , <Math mode="inline" xml:id="C10.S75.I9.i2.p1.m22">{\mathsf{i}^{(1)}_{n}}'\left(z\right)</Math> , <Math mode="inline" xml:id="C10.S75.I9.i2.p1.m23">\mathsf{k}_{n}\left(z\right)</Math> , <Math mode="inline" xml:id="C10.S75.I9.i2.p1.m24">\mathsf{k}_{n}'\left(z\right)</Math> , <Math mode="inline" xml:id="C10.S75.I9.i2.p1.m25">n=0(1)15</Math> , 20(10)50, 100, <Math mode="inline" xml:id="C10.S75.I9.i2.p1.m26">z=4+2i</Math> , <Math mode="inline" xml:id="C10.S75.I9.i2.p1.m27">20+10i</Math> , 8S. (For the notation replace <Math mode="inline" xml:id="C10.S75.I9.i2.p1.m28">j,y,i,k</Math> by <Math mode="inline" xml:id="C10.S75.I9.i2.p1.m29">\mathsf{j}</Math> , <Math mode="inline" xml:id="C10.S75.I9.i2.p1.m30">\mathsf{y}</Math> , <Math mode="inline" xml:id="C10.S75.I9.i2.p1.m31">{\mathsf{i}^{(1)}}</Math> , <Math mode="inline" xml:id="C10.S75.I9.i2.p1.m32">\mathsf{k}</Math> , respectively.)
</sentence>

</para>

 
</subsection>
 
<subsection xml:id="C10.S75.SS10">
<title>Zeros and Associated Values of Derivatives of Spherical Bessel Functions</title>        
 
<para xml:id="C10.S75.SS10.p1">

<sentence sentence-num-in-para="1" sentence-num-in-section="47" xml:id="C10.S75.SS10.p1.s1">
For the notation see §10.58.
</sentence>

</para>
 
<para xml:id="C10.S75.SS10.p2">

<sentence sentence-num-in-para="1" sentence-num-in-section="48" xml:id="C10.S75.SS10.p2.s1">
Olver (1960) tabulates <Math mode="inline" xml:id="C10.S75.I10.i1.p1.m1">a^{\prime}_{n,m}</Math> , <Math mode="inline" xml:id="C10.S75.I10.i1.p1.m2">\mathsf{j}_{n}\left(a^{\prime}_{n,m}\right)</Math> , <Math mode="inline" xml:id="C10.S75.I10.i1.p1.m3">b^{\prime}_{n,m}</Math> , <Math mode="inline" xml:id="C10.S75.I10.i1.p1.m4">\mathsf{y}_{n}\left(b^{\prime}_{n,m}\right)</Math> , <Math mode="inline" xml:id="C10.S75.I10.i1.p1.m5">n=1(1)20</Math> , <Math mode="inline" xml:id="C10.S75.I10.i1.p1.m6">m=1(1)50</Math> , 8D.
</sentence>

<sentence sentence-num-in-para="2" sentence-num-in-section="49" xml:id="C10.S75.SS10.p2.s2">
Also included are tables of the coefficients in the uniform asymptotic expansions of these zeros and associated values as <Math mode="inline" xml:id="C10.S75.I10.i1.p1.m7">n\to\infty</Math>.
</sentence>

</para>

 
</subsection>
 
<subsection xml:id="C10.S75.SS11">
<title>Kelvin Functions and their Derivatives</title>        
  
<para xml:id="C10.S75.SS11.p1">

<sentence sentence-num-in-para="1" sentence-num-in-section="50" xml:id="C10.S75.SS11.p1.s1">
Young and Kirk (1964) tabulates <Math mode="inline" xml:id="C10.S75.I11.i1.p1.m1">\operatorname{ber}_{n}x</Math> , <Math mode="inline" xml:id="C10.S75.I11.i1.p1.m2">\operatorname{bei}_{n}x</Math> , <Math mode="inline" xml:id="C10.S75.I11.i1.p1.m3">\operatorname{ker}_{n}x</Math> , <Math mode="inline" xml:id="C10.S75.I11.i1.p1.m4">\operatorname{kei}_{n}x</Math> , <Math mode="inline" xml:id="C10.S75.I11.i1.p1.m5">n=0,1</Math> , <Math mode="inline" xml:id="C10.S75.I11.i1.p1.m6">x=0(.1)1</Math> 0, 15D; <Math mode="inline" xml:id="C10.S75.I11.i1.p1.m7">\operatorname{ber}_{n}x</Math> , <Math mode="inline" xml:id="C10.S75.I11.i1.p1.m8">\operatorname{bei}_{n}x</Math> , <Math mode="inline" xml:id="C10.S75.I11.i1.p1.m9">\operatorname{ker}_{n}x</Math> , <Math mode="inline" xml:id="C10.S75.I11.i1.p1.m10">\operatorname{kei}_{n}x</Math> , modulus and phase functions <Math mode="inline" xml:id="C10.S75.I11.i1.p1.m11">M_{n}\left(x\right)</Math> , <Math mode="inline" xml:id="C10.S75.I11.i1.p1.m12">\theta_{n}\left(x\right)</Math> , <Math mode="inline" xml:id="C10.S75.I11.i1.p1.m13">N_{n}\left(x\right)</Math> , <Math mode="inline" xml:id="C10.S75.I11.i1.p1.m14">\phi_{n}\left(x\right)</Math> , <Math mode="inline" xml:id="C10.S75.I11.i1.p1.m15">n=0,1,2</Math> , <Math mode="inline" xml:id="C10.S75.I11.i1.p1.m16">x=0(.01)2.</Math>
</sentence>

<sentence sentence-num-in-para="2" sentence-num-in-section="51" xml:id="C10.S75.SS11.p1.s2">
5, 8S, and <Math mode="inline" xml:id="C10.S75.I11.i1.p1.m17">n=0(1)10</Math> , <Math mode="inline" xml:id="C10.S75.I11.i1.p1.m18">x=0(.1)1</Math> 0, 7S. Also included are auxiliary functions to facilitate interpolation of the tables for <Math mode="inline" xml:id="C10.S75.I11.i1.p1.m19">n=0(1)10</Math> for small values of <Math mode="inline" xml:id="C10.S75.I11.i1.p1.m20">x</Math>.
</sentence>

<sentence sentence-num-in-para="3" sentence-num-in-section="52" xml:id="C10.S75.SS11.p1.s3">
(Concerning the phase functions see §10.68(iv).)Abramowitz and Stegun (1964, Chapter 9) tabulates <Math mode="inline" xml:id="C10.S75.I11.i2.p1.m1">\operatorname{ber}_{n}x</Math> , <Math mode="inline" xml:id="C10.S75.I11.i2.p1.m2">\operatorname{bei}_{n}x</Math> , <Math mode="inline" xml:id="C10.S75.I11.i2.p1.m3">\operatorname{ker}_{n}x</Math> , <Math mode="inline" xml:id="C10.S75.I11.i2.p1.m4">\operatorname{kei}_{n}x</Math> , <Math mode="inline" xml:id="C10.S75.I11.i2.p1.m5">n=0,1</Math> , <Math mode="inline" xml:id="C10.S75.I11.i2.p1.m6">x=0(.1)</Math> 5, 9–10D; <Math mode="inline" xml:id="C10.S75.I11.i2.p1.m7">x^{n}(\operatorname{ker}_{n}x+(\operatorname{ber}_{n}x)(\ln x))</Math> , <Math mode="inline" xml:id="C10.S75.I11.i2.p1.m8">x^{n}(\operatorname{kei}_{n}x+(\operatorname{bei}_{n}x)(\ln x))</Math> , <Math mode="inline" xml:id="C10.S75.I11.i2.p1.m9">n=0,1</Math> , <Math mode="inline" xml:id="C10.S75.I11.i2.p1.m10">x=0(.1)</Math> 1, 9D; modulus and phase functions <Math mode="inline" xml:id="C10.S75.I11.i2.p1.m11">M_{n}\left(x\right)</Math> , <Math mode="inline" xml:id="C10.S75.I11.i2.p1.m12">\theta_{n}\left(x\right)</Math> , <Math mode="inline" xml:id="C10.S75.I11.i2.p1.m13">N_{n}\left(x\right)</Math> , <Math mode="inline" xml:id="C10.S75.I11.i2.p1.m14">\phi_{n}\left(x\right)</Math> , <Math mode="inline" xml:id="C10.S75.I11.i2.p1.m15">n=0,1</Math> , <Math mode="inline" xml:id="C10.S75.I11.i2.p1.m16">x=0(.2)</Math> 7, 6D; <Math mode="inline" xml:id="C10.S75.I11.i2.p1.m17">\sqrt{x}e^{-x/\sqrt{2}}M_{n}\left(x\right)</Math> , <Math mode="inline" xml:id="C10.S75.I11.i2.p1.m18">\theta_{n}\left(x\right)-(x/\sqrt{2})</Math> , <Math mode="inline" xml:id="C10.S75.I11.i2.p1.m19">\sqrt{x}e^{x/\sqrt{2}}N_{n}\left(x\right)</Math> , <Math mode="inline" xml:id="C10.S75.I11.i2.p1.m20">\phi_{n}\left(x\right)+(x/\sqrt{2})</Math> , <Math mode="inline" xml:id="C10.S75.I11.i2.p1.m21">n=0,1</Math> , <Math mode="inline" xml:id="C10.S75.I11.i2.p1.m22">1/x=0(.01)0.1</Math> 5, 5D.
</sentence>

<sentence sentence-num-in-para="4" sentence-num-in-section="53" xml:id="C10.S75.SS11.p1.s4">
Zhang and Jin (1996, p. 322) tabulates <Math mode="inline" xml:id="C10.S75.I11.i3.p1.m1">\operatorname{ber}x</Math> , <Math mode="inline" xml:id="C10.S75.I11.i3.p1.m2">\operatorname{ber}'x</Math> , <Math mode="inline" xml:id="C10.S75.I11.i3.p1.m3">\operatorname{bei}x</Math> , <Math mode="inline" xml:id="C10.S75.I11.i3.p1.m4">\operatorname{bei}'x</Math> , <Math mode="inline" xml:id="C10.S75.I11.i3.p1.m5">\operatorname{ker}x</Math> , <Math mode="inline" xml:id="C10.S75.I11.i3.p1.m6">\operatorname{ker}'x</Math> , <Math mode="inline" xml:id="C10.S75.I11.i3.p1.m7">\operatorname{kei}x</Math> , <Math mode="inline" xml:id="C10.S75.I11.i3.p1.m8">\operatorname{kei}'x</Math> , <Math mode="inline" xml:id="C10.S75.I11.i3.p1.m9">x=0(1)20</Math> , 7S.
</sentence>

</para>

 
</subsection>
 
<subsection xml:id="C10.S75.SS12">
<title>Zeros of Kelvin Functions and their Derivatives</title>        
 
<para xml:id="C10.S75.SS12.p1">

<sentence sentence-num-in-para="1" sentence-num-in-section="54" xml:id="C10.S75.SS12.p1.s1">
Zhang and Jin (1996, p. 323) tabulates the first <Math mode="inline" xml:id="C10.S75.I12.i1.p1.m1">20</Math> real zeros of <Math mode="inline" xml:id="C10.S75.I12.i1.p1.m2">\operatorname{ber}x</Math> , <Math mode="inline" xml:id="C10.S75.I12.i1.p1.m3">\operatorname{ber}'x</Math> , <Math mode="inline" xml:id="C10.S75.I12.i1.p1.m4">\operatorname{bei}x</Math> , <Math mode="inline" xml:id="C10.S75.I12.i1.p1.m5">\operatorname{bei}'x</Math> , <Math mode="inline" xml:id="C10.S75.I12.i1.p1.m6">\operatorname{ker}x</Math> , <Math mode="inline" xml:id="C10.S75.I12.i1.p1.m7">\operatorname{ker}'x</Math> , <Math mode="inline" xml:id="C10.S75.I12.i1.p1.m8">\operatorname{kei}x</Math> , <Math mode="inline" xml:id="C10.S75.I12.i1.p1.m9">\operatorname{kei}'x</Math> , 8D.
</sentence>

</para>

 
</subsection>
 
</section>
