<?xml version="1.0" encoding="UTF-8"?>
<section xml:id="C10.S7">
<title>Limiting Forms</title>        
  
 
<subsection xml:id="C10.S7.SS1">
<title><Math mode="inline" xml:id="C10.S7.SS1.m1">z\to 0</Math></title>        
 
<para xml:id="C10.S7.SS1.p1">

<sentence sentence-num-in-para="1" sentence-num-in-section="1" xml:id="C10.S7.SS1.p1.s1">
When <Math mode="inline" xml:id="C10.S7.SS1.p1.m1">\nu</Math> is fixed and <Math mode="inline" xml:id="C10.S7.SS1.p1.m2">z\to 0</Math> , <Math equation-number="10.7.1" mode="display" xml:id="C10.S7.E1">J_{0}\left(z\right)\to 1,Y_{0}\left(z\right)\sim(2/\pi)\ln z,</Math> <Math equation-number="10.7.2" mode="display" xml:id="C10.S7.E2">{H^{(1)}_{0}}\left(z\right)\sim-{H^{(2)}_{0}}\left(z\right)\sim(2i/\pi)\ln z,</Math> <Math equation-number="10.7.3" mode="display" xml:id="C10.S7.E3">J_{\nu}\left(z\right)\sim(\tfrac{1}{2}z)^{\nu}/\Gamma\left(\nu+1\right), if \nu\neq-1,-2,-3,\dots,</Math> <Math equation-number="10.7.4" mode="display" xml:id="C10.S7.E4">Y_{\nu}\left(z\right)\sim-(1/\pi)\Gamma\left(\nu\right)(\tfrac{1}{2}z)^{-\nu}, if \Re\nu&gt;0 or \nu=-\tfrac{1}{2},-\tfrac{3}{2},-\tfrac{5}{2},\ldots,</Math> , <Math equation-number="10.7.5" mode="display" xml:id="C10.S7.E5">Y_{-\nu}\left(z\right)\sim-(1/\pi)\cos\left(\nu\pi\right)\Gamma\left(\nu\right )(\tfrac{1}{2}z)^{-\nu}, if \Re\nu&gt;0, \nu\neq\tfrac{1}{2},\tfrac{3}{2},\tfrac{5}{2},\ldots,</Math> <Math equation-number="10.7.6" mode="display" xml:id="C10.S7.E6">Y_{i\nu}\left(z\right)=\frac{i\operatorname{csch}\left(\nu\pi\right)}{\Gamma \left(1-i\nu\right)}(\tfrac{1}{2}z)^{-i\nu}-\frac{i\coth\left(\nu\pi\right)}{ \Gamma\left(1+i\nu\right)}(\tfrac{1}{2}z)^{i\nu}+e^{|\nu\operatorname{ph}z|}o \left(1\right), if \nu\in\mathbb{R} and \nu\neq 0.</Math>
</sentence>

<sentence sentence-num-in-para="2" sentence-num-in-section="2" xml:id="C10.S7.SS1.p1.s2">
See also §10.24 when <Math mode="inline" xml:id="C10.S7.SS1.p1.m3">z=x</Math> <Math mode="inline" xml:id="C10.S7.SS1.p1.m4">(&gt;0)</Math>.
</sentence>

<sentence sentence-num-in-para="3" sentence-num-in-section="3" xml:id="C10.S7.SS1.p1.s3">
<Math equation-number="10.7.7" mode="display" xml:id="C10.S7.E7">{H^{(1)}_{\nu}}\left(z\right)\sim-{H^{(2)}_{\nu}}\left(z\right)\sim-(i/\pi) \Gamma\left(\nu\right)(\tfrac{1}{2}z)^{-\nu}, if \Re\nu&gt;0</Math>.
</sentence>

</para>
 
<para xml:id="C10.S7.SS1.p2">

<sentence sentence-num-in-para="1" sentence-num-in-section="4" xml:id="C10.S7.SS1.p2.s1">
For <Math mode="inline" xml:id="C10.S7.SS1.p2.m1">{H^{(1)}_{-\nu}}\left(z\right)</Math> and <Math mode="inline" xml:id="C10.S7.SS1.p2.m2">{H^{(2)}_{-\nu}}\left(z\right)</Math> when <Math mode="inline" xml:id="C10.S7.SS1.p2.m3">\Re\nu&gt;0</Math> combine (10.4.6) and (10.7.7).
</sentence>

<sentence sentence-num-in-para="2" sentence-num-in-section="5" xml:id="C10.S7.SS1.p2.s2">
For <Math mode="inline" xml:id="C10.S7.SS1.p2.m4">{H^{(1)}_{i\nu}}\left(z\right)</Math> and <Math mode="inline" xml:id="C10.S7.SS1.p2.m5">{H^{(2)}_{i\nu}}\left(z\right)</Math> when <Math mode="inline" xml:id="C10.S7.SS1.p2.m6">\nu\in\mathbb{R}</Math> and <Math mode="inline" xml:id="C10.S7.SS1.p2.m7">\nu\neq 0</Math> combine (10.4.3), (10.7.3), and (10.7.6).
</sentence>

</para>

 
</subsection>
 
<subsection xml:id="C10.S7.SS2">
<title><Math mode="inline" xml:id="C10.S7.SS2.m1">z\to\infty</Math></title>        
 
<para xml:id="C10.S7.SS2.p1">

<sentence sentence-num-in-para="1" sentence-num-in-section="6" xml:id="C10.S7.SS2.p1.s1">
When <Math mode="inline" xml:id="C10.S7.SS2.p1.m1">\nu</Math> is fixed and <Math mode="inline" xml:id="C10.S7.SS2.p1.m2">z\to\infty</Math> , <Math equation-number="10.7.8" mode="display" xml:id="C10.S7.E8">J_{\nu}\left(z\right)=\sqrt{2/(\pi z)}\left(\cos\left(z-\tfrac{1}{2}\nu\pi- \tfrac{1}{4}\pi\right)+e^{|\Im z|}o\left(1\right)\right), //// Y_{\nu}\left(z\right)=\sqrt{2/(\pi z)}\left(\sin\left(z-\tfrac{1}{2}\nu\pi- \tfrac{1}{4}\pi\right)+e^{|\Im z|}o\left(1\right)\right), if |\operatorname{ph}z|\leq\pi-\delta(&lt;\pi)</Math>.
</sentence>

</para>
 
<para xml:id="C10.S7.SS2.p2">

<sentence sentence-num-in-para="1" sentence-num-in-section="7" xml:id="C10.S7.SS2.p2.s1">
For the corresponding results for <Math mode="inline" xml:id="C10.S7.SS2.p2.m1">{H^{(1)}_{\nu}}\left(z\right)</Math> and <Math mode="inline" xml:id="C10.S7.SS2.p2.m2">{H^{(2)}_{\nu}}\left(z\right)</Math> see (10.2.5) and (10.2.6).
</sentence>

</para>

 
</subsection>
 
</section>
