<?xml version="1.0" encoding="UTF-8"?>
<section xml:id="C10.S77">
<title>Software</title>        
 
<para xml:id="C10.S77.p1">

</para>
 
<subsection xml:id="C10.S77.SS1">
<title>Introduction</title>        
 
<para xml:id="C10.S77.SS1.p1">

<sentence sentence-num-in-para="1" sentence-num-in-section="1" xml:id="C10.S77.SS1.p1.s1">
In this section we provide links to the research literature describing the implementation of algorithms in software for the evaluation of functions described in this chapter.
</sentence>

<sentence sentence-num-in-para="2" sentence-num-in-section="2" xml:id="C10.S77.SS1.p1.s2">
Citations in bulleted lists refer to papers for which research software has been made available and can be downloaded via the Web.
</sentence>

<sentence sentence-num-in-para="3" sentence-num-in-section="3" xml:id="C10.S77.SS1.p1.s3">
References to research software that is available in other ways is listed separately.
</sentence>

</para>
 
<para xml:id="C10.S77.SS1.p2">

<sentence sentence-num-in-para="1" sentence-num-in-section="4" xml:id="C10.S77.SS1.p2.s1">
A more complete list of available software for computing these functions is found in the Software Index.
</sentence>

<sentence sentence-num-in-para="2" sentence-num-in-section="5" xml:id="C10.S77.SS1.p2.s2">
For another listing of Web-accessiblesoftware for the functions in this chapter, see .
</sentence>

</para>
 
</subsection>
 
<subsection xml:id="C10.S77.SS2">
<title>Bessel Functions–Real Argument and Integer or Half-Integer Order (including Spherical Bessel Functions)</title>         
<para xml:id="C10.S77.SS2.p1">

<sentence sentence-num-in-para="1" sentence-num-in-section="6" xml:id="C10.S77.SS2.p1.s1">
Ardill and Moriarty (1978).
</sentence>

<sentence sentence-num-in-para="2" sentence-num-in-section="7" xml:id="C10.S77.SS2.p1.s2">
Fortran.
</sentence>

<sentence sentence-num-in-para="3" sentence-num-in-section="8" xml:id="C10.S77.SS2.p1.s3">
Boisvert and Saunders (1992).
</sentence>

<sentence sentence-num-in-para="4" sentence-num-in-section="9" xml:id="C10.S77.SS2.p1.s4">
Vectorized Fortran.
</sentence>

<sentence sentence-num-in-para="5" sentence-num-in-section="10" xml:id="C10.S77.SS2.p1.s5">
Cody (1993b).
</sentence>

<sentence sentence-num-in-para="6" sentence-num-in-section="11" xml:id="C10.S77.SS2.p1.s6">
Fortran.
</sentence>

<sentence sentence-num-in-para="7" sentence-num-in-section="12" xml:id="C10.S77.SS2.p1.s7">
Coleman (1980).
</sentence>

<sentence sentence-num-in-para="8" sentence-num-in-section="13" xml:id="C10.S77.SS2.p1.s8">
Fortran.
</sentence>

<sentence sentence-num-in-para="9" sentence-num-in-section="14" xml:id="C10.S77.SS2.p1.s9">
Hill (1981).
</sentence>

<sentence sentence-num-in-para="10" sentence-num-in-section="15" xml:id="C10.S77.SS2.p1.s10">
Fortran.
</sentence>

<sentence sentence-num-in-para="11" sentence-num-in-section="16" xml:id="C10.S77.SS2.p1.s11">
Ratis and Fernández de Córdoba (1993).
</sentence>

<sentence sentence-num-in-para="12" sentence-num-in-section="17" xml:id="C10.S77.SS2.p1.s12">
Fortran.
</sentence>

<sentence sentence-num-in-para="13" sentence-num-in-section="18" xml:id="C10.S77.SS2.p1.s13">
Segura et al. (1997).
</sentence>

<sentence sentence-num-in-para="14" sentence-num-in-section="19" xml:id="C10.S77.SS2.p1.s14">
Fortran.
</sentence>

<sentence sentence-num-in-para="15" sentence-num-in-section="20" xml:id="C10.S77.SS2.p1.s15">
See alsoBörsch-Supan (1960),Fox et al. (1978),Oser (1960),and Wojcicki (1961).
</sentence>

</para>
 
</subsection>
 
<subsection xml:id="C10.S77.SS3">
<title>Bessel Functions–Real Order and Argument</title>         
<para xml:id="C10.S77.SS3.p1">

<sentence sentence-num-in-para="1" sentence-num-in-section="21" xml:id="C10.S77.SS3.p1.s1">
Amos et al. (1977).
</sentence>

<sentence sentence-num-in-para="2" sentence-num-in-section="22" xml:id="C10.S77.SS3.p1.s2">
Fortran.
</sentence>

<sentence sentence-num-in-para="3" sentence-num-in-section="23" xml:id="C10.S77.SS3.p1.s3">
Barnett (1982).
</sentence>

<sentence sentence-num-in-para="4" sentence-num-in-section="24" xml:id="C10.S77.SS3.p1.s4">
Fortran.
</sentence>

<sentence sentence-num-in-para="5" sentence-num-in-section="25" xml:id="C10.S77.SS3.p1.s5">
Brent (1978b).
</sentence>

<sentence sentence-num-in-para="6" sentence-num-in-section="26" xml:id="C10.S77.SS3.p1.s6">
Fortran.
</sentence>

<sentence sentence-num-in-para="7" sentence-num-in-section="27" xml:id="C10.S77.SS3.p1.s7">
Campbell (1979).
</sentence>

<sentence sentence-num-in-para="8" sentence-num-in-section="28" xml:id="C10.S77.SS3.p1.s8">
Fortran.
</sentence>

<sentence sentence-num-in-para="9" sentence-num-in-section="29" xml:id="C10.S77.SS3.p1.s9">
Cody (1983).
</sentence>

<sentence sentence-num-in-para="10" sentence-num-in-section="30" xml:id="C10.S77.SS3.p1.s10">
Fortran.
</sentence>

<sentence sentence-num-in-para="11" sentence-num-in-section="31" xml:id="C10.S77.SS3.p1.s11">
Cody (1993b).
</sentence>

<sentence sentence-num-in-para="12" sentence-num-in-section="32" xml:id="C10.S77.SS3.p1.s12">
Fortran.
</sentence>

<sentence sentence-num-in-para="13" sentence-num-in-section="33" xml:id="C10.S77.SS3.p1.s13">
Weider (1999).
</sentence>

<sentence sentence-num-in-para="14" sentence-num-in-section="34" xml:id="C10.S77.SS3.p1.s14">
Fortran.
</sentence>

<sentence sentence-num-in-para="15" sentence-num-in-section="35" xml:id="C10.S77.SS3.p1.s15">
See alsoGautschi (1964b),Matviyenko (1993),Piessens (1984b), and Temme (1975, 1976).
</sentence>

</para>
 
</subsection>
 
<subsection xml:id="C10.S77.SS4">
<title>Bessel Functions–Integer or Half-Integer Order and Complex Arguments, including Kelvin Functions</title>         
<para xml:id="C10.S77.SS4.p1">

<sentence sentence-num-in-para="1" sentence-num-in-section="36" xml:id="C10.S77.SS4.p1.s1">
Burrell (1974).
</sentence>

<sentence sentence-num-in-para="2" sentence-num-in-section="37" xml:id="C10.S77.SS4.p1.s2">
Fortran.
</sentence>

<sentence sentence-num-in-para="3" sentence-num-in-section="38" xml:id="C10.S77.SS4.p1.s3">
du Toit (1993).
</sentence>

<sentence sentence-num-in-para="4" sentence-num-in-section="39" xml:id="C10.S77.SS4.p1.s4">
Pascal.
</sentence>

<sentence sentence-num-in-para="5" sentence-num-in-section="40" xml:id="C10.S77.SS4.p1.s5">
See alsoBabushkina et al. (1988a, b),and Fox et al. (1978).
</sentence>

</para>
 
</subsection>
 
<subsection xml:id="C10.S77.SS5">
<title>Bessel Functions–Real Order and Complex Argument (including Hankel Functions)</title>         
<para xml:id="C10.S77.SS5.p1">

<sentence sentence-num-in-para="1" sentence-num-in-section="41" xml:id="C10.S77.SS5.p1.s1">
Amos (1986).
</sentence>

<sentence sentence-num-in-para="2" sentence-num-in-section="42" xml:id="C10.S77.SS5.p1.s2">
Fortran.
</sentence>

<sentence sentence-num-in-para="3" sentence-num-in-section="43" xml:id="C10.S77.SS5.p1.s3">
Campbell (1981).
</sentence>

<sentence sentence-num-in-para="4" sentence-num-in-section="44" xml:id="C10.S77.SS5.p1.s4">
Fortran.
</sentence>

<sentence sentence-num-in-para="5" sentence-num-in-section="45" xml:id="C10.S77.SS5.p1.s5">
Thompson and Barnett (1987).
</sentence>

<sentence sentence-num-in-para="6" sentence-num-in-section="46" xml:id="C10.S77.SS5.p1.s6">
Fortran.
</sentence>

</para>
 
</subsection>
 
<subsection xml:id="C10.S77.SS6">
<title>Bessel Functions–Imaginary Order and Real Argument</title>         
<para xml:id="C10.S77.SS6.p1">

<sentence sentence-num-in-para="1" sentence-num-in-section="47" xml:id="C10.S77.SS6.p1.s1">
Gil et al. (2004a).
</sentence>

<sentence sentence-num-in-para="2" sentence-num-in-section="48" xml:id="C10.S77.SS6.p1.s2">
Fortran.
</sentence>

<sentence sentence-num-in-para="3" sentence-num-in-section="49" xml:id="C10.S77.SS6.p1.s3">
See also Fabijonas et al. (2003).
</sentence>

</para>
 
</subsection>
 
<subsection xml:id="C10.S77.SS7">
<title>Bessel Functions–Complex Order and Real Argument</title>         
<para xml:id="C10.S77.SS7.p1">

<sentence sentence-num-in-para="1" sentence-num-in-section="50" xml:id="C10.S77.SS7.p1.s1">
Kodama (2008).
</sentence>

<sentence sentence-num-in-para="2" sentence-num-in-section="51" xml:id="C10.S77.SS7.p1.s2">
Fortran.
</sentence>

</para>
 
</subsection>
 
<subsection xml:id="C10.S77.SS8">
<title>Bessel Functions–Complex Order and Argument</title>         
<para xml:id="C10.S77.SS8.p1">

<sentence sentence-num-in-para="1" sentence-num-in-section="52" xml:id="C10.S77.SS8.p1.s1">
Thompson and Barnett (1985).
</sentence>

<sentence sentence-num-in-para="2" sentence-num-in-section="53" xml:id="C10.S77.SS8.p1.s2">
Fortran.
</sentence>

<sentence sentence-num-in-para="3" sentence-num-in-section="54" xml:id="C10.S77.SS8.p1.s3">
Kodama (2011).
</sentence>

<sentence sentence-num-in-para="4" sentence-num-in-section="55" xml:id="C10.S77.SS8.p1.s4">
Fortran.
</sentence>

</para>
 
</subsection>
 
<subsection xml:id="C10.S77.SS9">
<title>Integrals of Bessel Functions</title>         
<para xml:id="C10.S77.SS9.p1">

<sentence sentence-num-in-para="1" sentence-num-in-section="56" xml:id="C10.S77.SS9.p1.s1">
Amos (1983a).
</sentence>

<sentence sentence-num-in-para="2" sentence-num-in-section="57" xml:id="C10.S77.SS9.p1.s2">
Fortran.
</sentence>

<sentence sentence-num-in-para="3" sentence-num-in-section="58" xml:id="C10.S77.SS9.p1.s3">
Anderson (1982).
</sentence>

<sentence sentence-num-in-para="4" sentence-num-in-section="59" xml:id="C10.S77.SS9.p1.s4">
Fortran.
</sentence>

<sentence sentence-num-in-para="5" sentence-num-in-section="60" xml:id="C10.S77.SS9.p1.s5">
Lemoine (1997).
</sentence>

<sentence sentence-num-in-para="6" sentence-num-in-section="61" xml:id="C10.S77.SS9.p1.s6">
Fortran.
</sentence>

<sentence sentence-num-in-para="7" sentence-num-in-section="62" xml:id="C10.S77.SS9.p1.s7">
MacLeod (1996a).
</sentence>

<sentence sentence-num-in-para="8" sentence-num-in-section="63" xml:id="C10.S77.SS9.p1.s8">
Fortran.
</sentence>

<sentence sentence-num-in-para="9" sentence-num-in-section="64" xml:id="C10.S77.SS9.p1.s9">
Piessens (1982).
</sentence>

<sentence sentence-num-in-para="10" sentence-num-in-section="65" xml:id="C10.S77.SS9.p1.s10">
Fortran.
</sentence>

<sentence sentence-num-in-para="11" sentence-num-in-section="66" xml:id="C10.S77.SS9.p1.s11">
Sommer and Zabolitzky (1979).
</sentence>

<sentence sentence-num-in-para="12" sentence-num-in-section="67" xml:id="C10.S77.SS9.p1.s12">
Fortran.
</sentence>

<sentence sentence-num-in-para="13" sentence-num-in-section="68" xml:id="C10.S77.SS9.p1.s13">
Talman (1983).
</sentence>

<sentence sentence-num-in-para="14" sentence-num-in-section="69" xml:id="C10.S77.SS9.p1.s14">
Fortran.
</sentence>

<sentence sentence-num-in-para="15" sentence-num-in-section="70" xml:id="C10.S77.SS9.p1.s15">
Weider (1999).
</sentence>

<sentence sentence-num-in-para="16" sentence-num-in-section="71" xml:id="C10.S77.SS9.p1.s16">
Fortran.
</sentence>

<sentence sentence-num-in-para="17" sentence-num-in-section="72" xml:id="C10.S77.SS9.p1.s17">
See alsoChave (1983),Feuillebois (1991),and Piessens and Branders (1984).
</sentence>

</para>
 
</subsection>
 
<subsection xml:id="C10.S77.SS10">
<title>Zeros of Bessel Functions</title>         
<para xml:id="C10.S77.SS10.p1">

<sentence sentence-num-in-para="1" sentence-num-in-section="73" xml:id="C10.S77.SS10.p1.s1">
Campbell (1984).
</sentence>

<sentence sentence-num-in-para="2" sentence-num-in-section="74" xml:id="C10.S77.SS10.p1.s2">
Fortran.
</sentence>

<sentence sentence-num-in-para="3" sentence-num-in-section="75" xml:id="C10.S77.SS10.p1.s3">
Kravanja et al. (1998).
</sentence>

<sentence sentence-num-in-para="4" sentence-num-in-section="76" xml:id="C10.S77.SS10.p1.s4">
Fortran.
</sentence>

<sentence sentence-num-in-para="5" sentence-num-in-section="77" xml:id="C10.S77.SS10.p1.s5">
Vrahatis et al. (1995).
</sentence>

<sentence sentence-num-in-para="6" sentence-num-in-section="78" xml:id="C10.S77.SS10.p1.s6">
Fortran.
</sentence>

<sentence sentence-num-in-para="7" sentence-num-in-section="79" xml:id="C10.S77.SS10.p1.s7">
See alsoTemme (1979a).
</sentence>

</para>

 
</subsection>
 
</section>
