<?xml version="1.0" encoding="UTF-8"?>
<section xml:id="C10.S8">
<title>Power Series</title>        
  
 
<para xml:id="C10.S8.p1">

<sentence sentence-num-in-para="1" sentence-num-in-section="1" xml:id="C10.S8.p1.s1">
For <Math mode="inline" xml:id="C10.S8.p1.m1">J_{\nu}\left(z\right)</Math> see (10.2.2) and (10.4.1).
</sentence>

<sentence sentence-num-in-para="2" sentence-num-in-section="2" xml:id="C10.S8.p1.s2">
When <Math mode="inline" xml:id="C10.S8.p1.m2">\nu</Math> is not an integer the corresponding expansions for <Math mode="inline" xml:id="C10.S8.p1.m3">Y_{\nu}\left(z\right)</Math> , <Math mode="inline" xml:id="C10.S8.p1.m4">{H^{(1)}_{\nu}}\left(z\right)</Math> , and <Math mode="inline" xml:id="C10.S8.p1.m5">{H^{(2)}_{\nu}}\left(z\right)</Math> are obtained by combining (10.2.2) with (10.2.3), (10.4.7), and (10.4.8).
</sentence>

</para>
 
<para xml:id="C10.S8.p2">

<sentence sentence-num-in-para="1" sentence-num-in-section="3" xml:id="C10.S8.p2.s1">
When <Math mode="inline" xml:id="C10.S8.p2.m1">n=0,1,2,\ldots</Math> , <Math equation-number="10.8.1" mode="display" xml:id="C10.S8.E1">Y_{n}\left(z\right)=-\frac{(\tfrac{1}{2}z)^{-n}}{\pi}\sum_{k=0}^{n-1}\frac{(n- k-1)!}{k!}\left(\tfrac{1}{4}z^{2}\right)^{k}+\frac{2}{\pi}\ln\left(\tfrac{1}{2 }z\right)J_{n}\left(z\right)-\frac{(\tfrac{1}{2}z)^{n}}{\pi}\sum_{k=0}^{\infty }(\psi\left(k+1\right)+\psi\left(n+k+1\right))\frac{(-\tfrac{1}{4}z^{2})^{k}}{ k!(n+k)!}</Math> , where <Math mode="inline" xml:id="C10.S8.p2.m2">\psi\left(x\right)=\Gamma'\left(x\right)/\Gamma\left(x\right)</Math> (§5.2(i)).
</sentence>

<sentence sentence-num-in-para="2" sentence-num-in-section="4" xml:id="C10.S8.p2.s2">
In particular, <Math equation-number="10.8.2" mode="display" xml:id="C10.S8.E2">Y_{0}\left(z\right)=\frac{2}{\pi}\left(\ln\left(\tfrac{1}{2}z\right)+\gamma \right)J_{0}\left(z\right)+\frac{2}{\pi}\left(\frac{\tfrac{1}{4}z^{2}}{(1!)^{2 }}-(1+\tfrac{1}{2})\frac{(\tfrac{1}{4}z^{2})^{2}}{(2!)^{2}}+(1+\tfrac{1}{2}+ \tfrac{1}{3})\frac{(\tfrac{1}{4}z^{2})^{3}}{(3!)^{2}}-\cdots\right)</Math> , where <Math mode="inline" xml:id="C10.S8.p2.m3">\gamma</Math> is Euler’s constant (§5.2(ii)).
</sentence>

</para>
 
<para xml:id="C10.S8.p3">

<sentence sentence-num-in-para="1" sentence-num-in-section="5" xml:id="C10.S8.p3.s1">
For negative values of <Math mode="inline" xml:id="C10.S8.p3.m1">n</Math> use (10.4.1).
</sentence>

</para>
 
<para xml:id="C10.S8.p4">

<sentence sentence-num-in-para="1" sentence-num-in-section="6" xml:id="C10.S8.p4.s1">
The corresponding results for <Math mode="inline" xml:id="C10.S8.p4.m1">{H^{(1)}_{n}}\left(z\right)</Math> and <Math mode="inline" xml:id="C10.S8.p4.m2">{H^{(2)}_{n}}\left(z\right)</Math> are obtained via (10.4.3) with <Math mode="inline" xml:id="C10.S8.p4.m3">\nu=n</Math>.
</sentence>

<sentence sentence-num-in-para="2" sentence-num-in-section="7" xml:id="C10.S8.p4.s2">
<Math equation-number="10.8.3" mode="display" xml:id="C10.S8.E3">J_{\nu}\left(z\right)J_{\mu}\left(z\right)=(\tfrac{1}{2}z)^{\nu+\mu}\sum_{k=0} ^{\infty}\frac{(\nu+\mu+k+1)_{k}(-\tfrac{1}{4}z^{2})^{k}}{k!\Gamma\left(\nu+k+ 1\right)\Gamma\left(\mu+k+1\right)}</Math>.
</sentence>

<sentence sentence-num-in-para="3" sentence-num-in-section="8" xml:id="C10.S8.p4.s3">
Note that (10.8.3) is just a rewriting of (16.12.1).
</sentence>

</para>

 
</section>
