<?xml version="1.0" encoding="UTF-8"?>
<section xml:id="C21.S1">
<title>Special Notation</title>        
 
<para xml:id="C21.S1.p1">

<sentence sentence-num-in-para="1" sentence-num-in-section="1" xml:id="C21.S1.p1.s1">
(For other notation see Notation for the Special Functions.)
</sentence>

</para>

 
<para xml:id="C21.S1.p2">

<sentence sentence-num-in-para="1" sentence-num-in-section="2" sentence-num-in-table="1" xml:id="C21.S1.p2.t1.s1">
<Math mode="inline" xml:id="C21.S1.p2.t1.r1.m1">g,h</Math>
</sentence>

<sentence sentence-num-in-para="2" sentence-num-in-section="3" sentence-num-in-table="2" xml:id="C21.S1.p2.t1.s2">
positive integers.  
</sentence>

<sentence sentence-num-in-para="3" sentence-num-in-section="4" sentence-num-in-table="3" xml:id="C21.S1.p2.t1.s3">
  <Math mode="inline" xml:id="C21.S1.p2.t1.r2.m1">{\mathbb{Z}^{g}}</Math>
</sentence>

<sentence sentence-num-in-para="4" sentence-num-in-section="5" sentence-num-in-table="4" xml:id="C21.S1.p2.t1.s4">
<Math mode="inline" xml:id="C21.S1.p2.t1.r2.m2">\mathbb{Z}\times\mathbb{Z}\times\cdots\times\mathbb{Z}</Math> (<Math mode="inline" xml:id="C21.S1.p2.t1.r2.m3">g</Math> times).
</sentence>

<sentence sentence-num-in-para="5" sentence-num-in-section="6" sentence-num-in-table="5" xml:id="C21.S1.p2.t1.s5">
<Math mode="inline" xml:id="C21.S1.p2.t1.r3.m1">{\mathbb{R}^{g}}</Math>
</sentence>

<sentence sentence-num-in-para="6" sentence-num-in-section="7" sentence-num-in-table="6" xml:id="C21.S1.p2.t1.s6">
<Math mode="inline" xml:id="C21.S1.p2.t1.r3.m2">\mathbb{R}\times\mathbb{R}\times\cdots\times\mathbb{R}</Math> (<Math mode="inline" xml:id="C21.S1.p2.t1.r3.m3">g</Math> times).
</sentence>

<sentence sentence-num-in-para="7" sentence-num-in-section="8" sentence-num-in-table="7" xml:id="C21.S1.p2.t1.s7">
<Math mode="inline" xml:id="C21.S1.p2.t1.r4.m1">{\mathbb{Z}^{g\times h}}</Math>
</sentence>

<sentence sentence-num-in-para="8" sentence-num-in-section="9" sentence-num-in-table="8" xml:id="C21.S1.p2.t1.s8">
set of all <Math mode="inline" xml:id="C21.S1.p2.t1.r4.m2">g\times h</Math> matrices with integer elements.
</sentence>

<sentence sentence-num-in-para="9" sentence-num-in-section="10" sentence-num-in-table="9" xml:id="C21.S1.p2.t1.s9">
<Math mode="inline" xml:id="C21.S1.p2.t1.r5.m1">\boldsymbol{{\Omega}}</Math>
</sentence>

<sentence sentence-num-in-para="10" sentence-num-in-section="11" sentence-num-in-table="10" xml:id="C21.S1.p2.t1.s10">
<Math mode="inline" xml:id="C21.S1.p2.t1.r5.m2">g\times g</Math> complex, symmetric matrix with<Math mode="inline" xml:id="C21.S1.p2.t1.r5.m3">\Im\boldsymbol{{\Omega}}</Math> strictly positive definite, i.e., a Riemann matrix.  
</sentence>

<sentence sentence-num-in-para="11" sentence-num-in-section="12" sentence-num-in-table="11" xml:id="C21.S1.p2.t1.s11">
<Math mode="inline" xml:id="C21.S1.p2.t1.r6.m1">\boldsymbol{{\alpha}},\boldsymbol{{\beta}}</Math>
</sentence>

<sentence sentence-num-in-para="12" sentence-num-in-section="13" sentence-num-in-table="12" xml:id="C21.S1.p2.t1.s12">
<Math mode="inline" xml:id="C21.S1.p2.t1.r6.m2">g</Math>-dimensional vectors, with all elements in<Math mode="inline" xml:id="C21.S1.p2.t1.r6.m3">[0,1)</Math>, unless stated otherwise.    
</sentence>

<sentence sentence-num-in-para="13" sentence-num-in-section="14" sentence-num-in-table="13" xml:id="C21.S1.p2.t1.s13">
<Math mode="inline" xml:id="C21.S1.p2.t1.r7.m1">a_{j}</Math>
</sentence>

<sentence sentence-num-in-para="14" sentence-num-in-section="15" sentence-num-in-table="14" xml:id="C21.S1.p2.t1.s14">
<Math mode="inline" xml:id="C21.S1.p2.t1.r7.m2">j</Math>th element of vector <Math mode="inline" xml:id="C21.S1.p2.t1.r7.m3">\mathbf{a}</Math>.
</sentence>

<sentence sentence-num-in-para="15" sentence-num-in-section="16" sentence-num-in-table="15" xml:id="C21.S1.p2.t1.s15">
<Math mode="inline" xml:id="C21.S1.p2.t1.r8.m1">A_{jk}</Math>
</sentence>

<sentence sentence-num-in-para="16" sentence-num-in-section="17" sentence-num-in-table="16" xml:id="C21.S1.p2.t1.s16">
<Math mode="inline" xml:id="C21.S1.p2.t1.r8.m2">(j,k)</Math>th element of matrix <Math mode="inline" xml:id="C21.S1.p2.t1.r8.m3">\mathbf{A}</Math>.
</sentence>

<sentence sentence-num-in-para="17" sentence-num-in-section="18" sentence-num-in-table="17" xml:id="C21.S1.p2.t1.s17">
<Math mode="inline" xml:id="C21.S1.p2.t1.r9.m1">\mathbf{a}\cdot\mathbf{b}</Math>
</sentence>

<sentence sentence-num-in-para="18" sentence-num-in-section="19" sentence-num-in-table="18" xml:id="C21.S1.p2.t1.s18">
scalar product of the vectors <Math mode="inline" xml:id="C21.S1.p2.t1.r9.m2">\mathbf{a}</Math> and <Math mode="inline" xml:id="C21.S1.p2.t1.r9.m3">\mathbf{b}</Math>.
</sentence>

<sentence sentence-num-in-para="19" sentence-num-in-section="20" sentence-num-in-table="19" xml:id="C21.S1.p2.t1.s19">
<Math mode="inline" xml:id="C21.S1.p2.t1.r10.m1">\mathbf{a}\cdot\boldsymbol{{\Omega}}\cdot\mathbf{b}</Math>
</sentence>

<sentence sentence-num-in-para="20" sentence-num-in-section="21" sentence-num-in-table="20" xml:id="C21.S1.p2.t1.s20">
<Math mode="inline" xml:id="C21.S1.p2.t1.r10.m2">[\boldsymbol{{\Omega}}\mathbf{a}]\cdot\mathbf{b}=[\boldsymbol{{\Omega}}\mathbf {b}]\cdot\mathbf{a}</Math>.
</sentence>

<sentence sentence-num-in-para="21" sentence-num-in-section="22" sentence-num-in-table="21" xml:id="C21.S1.p2.t1.s21">
<Math mode="inline" xml:id="C21.S1.p2.t1.r11.m1">\operatorname{diag}\mathbf{A}</Math>
</sentence>

<sentence sentence-num-in-para="22" sentence-num-in-section="23" sentence-num-in-table="22" xml:id="C21.S1.p2.t1.s22">
Transpose of <Math mode="inline" xml:id="C21.S1.p2.t1.r11.m2">[A_{11},A_{22},\dots,A_{gg}]</Math>.  
</sentence>

<sentence sentence-num-in-para="23" sentence-num-in-section="24" sentence-num-in-table="23" xml:id="C21.S1.p2.t1.s23">
<Math mode="inline" xml:id="C21.S1.p2.t1.r12.m1">\boldsymbol{{0}}_{g}</Math>
</sentence>

<sentence sentence-num-in-para="24" sentence-num-in-section="25" sentence-num-in-table="24" xml:id="C21.S1.p2.t1.s24">
<Math mode="inline" xml:id="C21.S1.p2.t1.r12.m2">g\times g</Math> zero matrix.
</sentence>

<sentence sentence-num-in-para="25" sentence-num-in-section="26" sentence-num-in-table="25" xml:id="C21.S1.p2.t1.s25">
<Math mode="inline" xml:id="C21.S1.p2.t1.r13.m1">\mathbf{I}_{g}</Math>
</sentence>

<sentence sentence-num-in-para="26" sentence-num-in-section="27" sentence-num-in-table="26" xml:id="C21.S1.p2.t1.s26">
<Math mode="inline" xml:id="C21.S1.p2.t1.r13.m2">g\times g</Math> identity matrix.
</sentence>

<sentence sentence-num-in-para="27" sentence-num-in-section="28" sentence-num-in-table="27" xml:id="C21.S1.p2.t1.s27">
<Math mode="inline" xml:id="C21.S1.p2.t1.r14.m1">\mathbf{J}_{2g}</Math>
</sentence>

<sentence sentence-num-in-para="28" sentence-num-in-section="29" sentence-num-in-table="28" xml:id="C21.S1.p2.t1.s28">
<Math mode="inline" xml:id="C21.S1.p2.t1.r14.m2">\begin{bmatrix}\boldsymbol{{0}}_{g}&amp;\mathbf{I}_{g}\\ -\mathbf{I}_{g}&amp;\boldsymbol{{0}}_{g}\end{bmatrix}</Math>.
</sentence>

<sentence sentence-num-in-para="29" sentence-num-in-section="30" sentence-num-in-table="29" xml:id="C21.S1.p2.t1.s29">
<Math mode="inline" xml:id="C21.S1.p2.t1.r15.m1">S^{g}</Math>
</sentence>

<sentence sentence-num-in-para="30" sentence-num-in-section="31" sentence-num-in-table="30" xml:id="C21.S1.p2.t1.s30">
set of <Math mode="inline" xml:id="C21.S1.p2.t1.r15.m2">g</Math>-dimensional vectors with elements in <Math mode="inline" xml:id="C21.S1.p2.t1.r15.m3">S</Math>.  
</sentence>

<sentence sentence-num-in-para="31" sentence-num-in-section="32" sentence-num-in-table="31" xml:id="C21.S1.p2.t1.s31">
<Math mode="inline" xml:id="C21.S1.p2.t1.r16.m1">|S|</Math>
</sentence>

<sentence sentence-num-in-para="32" sentence-num-in-section="33" sentence-num-in-table="32" xml:id="C21.S1.p2.t1.s32">
number of elements of the set <Math mode="inline" xml:id="C21.S1.p2.t1.r16.m2">S</Math>.
</sentence>

<sentence sentence-num-in-para="33" sentence-num-in-section="34" sentence-num-in-table="33" xml:id="C21.S1.p2.t1.s33">
<Math mode="inline" xml:id="C21.S1.p2.t1.r17.m1">S_{1}S_{2}</Math>
</sentence>

<sentence sentence-num-in-para="34" sentence-num-in-section="35" sentence-num-in-table="34" xml:id="C21.S1.p2.t1.s34">
set of all elements of the form “<Math mode="inline" xml:id="C21.S1.p2.t1.r17.m2">\mbox{element of $S_{1}$}\times\mbox{element of $S_{2}$}</Math>”.
</sentence>

<sentence sentence-num-in-para="35" sentence-num-in-section="36" sentence-num-in-table="35" xml:id="C21.S1.p2.t1.s35">
<Math mode="inline" xml:id="C21.S1.p2.t1.r18.m5">S_{1}/S_{2}</Math>
</sentence>

<sentence sentence-num-in-para="36" sentence-num-in-section="37" sentence-num-in-table="36" xml:id="C21.S1.p2.t1.s36">
set of all elements of <Math mode="inline" xml:id="C21.S1.p2.t1.r18.m6">S_{1}</Math>, modulo elements of <Math mode="inline" xml:id="C21.S1.p2.t1.r18.m7">S_{2}</Math>. Thus two elements of <Math mode="inline" xml:id="C21.S1.p2.t1.r18.m8">S_{1}/S_{2}</Math> are equivalent if they are both in<Math mode="inline" xml:id="C21.S1.p2.t1.r18.m9">S_{1}</Math> and their difference is in <Math mode="inline" xml:id="C21.S1.p2.t1.r18.m10">S_{2}</Math>. (For an example see §20.12(ii).)
</sentence>

<sentence sentence-num-in-para="37" sentence-num-in-section="38" sentence-num-in-table="37" xml:id="C21.S1.p2.t1.s37">
<Math mode="inline" xml:id="C21.S1.p2.t1.r19.m1">a\circ b</Math>
</sentence>

<sentence sentence-num-in-para="38" sentence-num-in-section="39" sentence-num-in-table="38" xml:id="C21.S1.p2.t1.s38">
intersection index of <Math mode="inline" xml:id="C21.S1.p2.t1.r19.m2">a</Math> and <Math mode="inline" xml:id="C21.S1.p2.t1.r19.m3">b</Math>, two cycles lying on a closed surface. <Math mode="inline" xml:id="C21.S1.p2.t1.r19.m4">a\circ b=0</Math> if <Math mode="inline" xml:id="C21.S1.p2.t1.r19.m5">a</Math> and <Math mode="inline" xml:id="C21.S1.p2.t1.r19.m6">b</Math> do not intersect.Otherwise <Math mode="inline" xml:id="C21.S1.p2.t1.r19.m7">a\circ b</Math> gets an additive contribution from every intersection point. This contribution is <Math mode="inline" xml:id="C21.S1.p2.t1.r19.m8">1</Math> if the basis of the tangent vectors of the <Math mode="inline" xml:id="C21.S1.p2.t1.r19.m9">a</Math> and <Math mode="inline" xml:id="C21.S1.p2.t1.r19.m10">b</Math> cycles (§21.7(i)) at the point of intersection is positively oriented; otherwise it is <Math mode="inline" xml:id="C21.S1.p2.t1.r19.m11">-1</Math>.
</sentence>

<sentence sentence-num-in-para="39" sentence-num-in-section="40" sentence-num-in-table="39" xml:id="C21.S1.p2.t1.s39">
<Math mode="inline" xml:id="C21.S1.p2.t1.r20.m1">\oint_{a}\omega</Math>
</sentence>

<sentence sentence-num-in-para="40" sentence-num-in-section="41" sentence-num-in-table="40" xml:id="C21.S1.p2.t1.s40">
line integral of the differential <Math mode="inline" xml:id="C21.S1.p2.t1.r20.m2">\omega</Math> over the cycle <Math mode="inline" xml:id="C21.S1.p2.t1.r20.m3">a</Math>.  
</sentence>

</para>

 
<para xml:id="C21.S1.p3">

<sentence sentence-num-in-para="1" sentence-num-in-section="42" xml:id="C21.S1.p3.s1">
Lowercase boldface letters or numbers are <Math mode="inline" xml:id="C21.S1.p3.m1">g</Math> -dimensional real or complex vectors, either row or column depending on the context.
</sentence>

<sentence sentence-num-in-para="2" sentence-num-in-section="43" xml:id="C21.S1.p3.s2">
Uppercase boldface letters are <Math mode="inline" xml:id="C21.S1.p3.m2">g\times g</Math> real or complex matrices.
</sentence>

</para>

   
<para xml:id="C21.S1.p4">

<sentence sentence-num-in-para="1" sentence-num-in-section="44" xml:id="C21.S1.p4.s1">
The main functions treated in this chapter are the Riemann theta functions <Math mode="inline" xml:id="C21.S1.p4.m1">\theta\left(\mathbf{z}\middle|\boldsymbol{{\Omega}}\right)</Math> , and the Riemann theta functions with characteristics <Math mode="inline" xml:id="C21.S1.p4.m2">\theta\genfrac{[}{]}{0.0pt}{}{\boldsymbol{{\alpha}}}{\boldsymbol{{\beta}}} \left(\mathbf{z}\middle|\boldsymbol{{\Omega}}\right)</Math>.
</sentence>

</para>
  
<para xml:id="C21.S1.p5">

<sentence sentence-num-in-para="1" sentence-num-in-section="45" xml:id="C21.S1.p5.s1">
The function <Math mode="inline" xml:id="C21.S1.p5.m1">\Theta(\boldsymbol{{\phi}}|\mathbf{B})=\theta\left(\boldsymbol{{\phi}}/(2\pi i )\middle|\mathbf{B}/(2\pi i)\right)</Math> is also commonly used; see, for example, Belokolos et al. (1994, §2.5),Dubrovin (1981), and Fay (1973, Chapter 1).
</sentence>

</para>
 
 
</section>
