<?xml version="1.0" encoding="UTF-8"?>
<section xml:id="C21.S10">
<title>Methods of Computation</title>        
 
<subsection xml:id="C21.S10.SS1">
<title>General Riemann Theta Functions</title>        
 
<para xml:id="C21.S10.SS1.p1">

<sentence sentence-num-in-para="1" sentence-num-in-section="1" xml:id="C21.S10.SS1.p1.s1">
See Deconinck et al. (2004).
</sentence>

</para>
 
</subsection>
 
<subsection xml:id="C21.S10.SS2">
<title>Riemann Theta Functions Associated with a Riemann Surface</title>          
 
<para xml:id="C21.S10.SS2.p1">

<sentence sentence-num-in-para="1" sentence-num-in-section="2" xml:id="C21.S10.SS2.p1.s1">
In addition to evaluating the Fourier series, the main problem here is to compute a Riemann matrix originating from a Riemann surface.
</sentence>

<sentence sentence-num-in-para="2" sentence-num-in-section="3" xml:id="C21.S10.SS2.p1.s2">
Various approaches are considered in the following references: Belokolos et al. (1994, Chapter 5) and references therein.
</sentence>

<sentence sentence-num-in-para="3" sentence-num-in-section="4" xml:id="C21.S10.SS2.p1.s3">
Here the Riemann surface is represented by the action of a Schottky group on a region of the complex plane.
</sentence>

<sentence sentence-num-in-para="4" sentence-num-in-section="5" xml:id="C21.S10.SS2.p1.s4">
The same representation is used in Gianni et al. (1998).
</sentence>

<sentence sentence-num-in-para="5" sentence-num-in-section="6" xml:id="C21.S10.SS2.p1.s5">
Tretkoff and Tretkoff (1984).
</sentence>

<sentence sentence-num-in-para="6" sentence-num-in-section="7" xml:id="C21.S10.SS2.p1.s6">
Here a Hurwitz system is chosen to represent the Riemann surface.
</sentence>

<sentence sentence-num-in-para="7" sentence-num-in-section="8" xml:id="C21.S10.SS2.p1.s7">
Deconinck and van Hoeij (2001).
</sentence>

<sentence sentence-num-in-para="8" sentence-num-in-section="9" xml:id="C21.S10.SS2.p1.s8">
Here a plane algebraic curve representation of the Riemann surface is used.
</sentence>

</para>

 
</subsection>
 
</section>
