<?xml version="1.0" encoding="UTF-8"?>
<section xml:id="C21.S7">
<title>Riemann Surfaces</title>        
  
<subsection xml:id="C21.S7.SS1">
<title>Connection of Riemann Theta Functions to Riemann Surfaces</title>        
    
<para xml:id="C21.S7.SS1.p1">

<sentence sentence-num-in-para="1" sentence-num-in-section="1" xml:id="C21.S7.SS1.p1.s1">
In almost all applications, a Riemann theta function is associated with acompact Riemann surface.
</sentence>

<sentence sentence-num-in-para="2" sentence-num-in-section="2" xml:id="C21.S7.SS1.p1.s2">
Although there are other ways to represent Riemann surfaces (see e.g. Belokolos et al. (1994, §2.1)), they are obtainable from plane algebraic curves (Springer (1957), or Riemann (1851)).
</sentence>

<sentence sentence-num-in-para="3" sentence-num-in-section="3" xml:id="C21.S7.SS1.p1.s3">
Consider the set of points in <Math mode="inline" xml:id="C21.S7.SS1.p1.m1">{\mathbb{C}^{2}}</Math> that satisfy the equation <Math equation-number="21.7.1" mode="display" xml:id="C21.S7.E1">P(\lambda,\mu)=0,</Math> where <Math mode="inline" xml:id="C21.S7.SS1.p1.m2">P(\lambda,\mu)</Math> is a polynomial in <Math mode="inline" xml:id="C21.S7.SS1.p1.m3">\lambda</Math> and <Math mode="inline" xml:id="C21.S7.SS1.p1.m4">\mu</Math> that does not factor over <Math mode="inline" xml:id="C21.S7.SS1.p1.m5">{\mathbb{C}^{2}}</Math>.
</sentence>

<sentence sentence-num-in-para="4" sentence-num-in-section="4" xml:id="C21.S7.SS1.p1.s4">
Equation (21.7.1) determines a plane algebraic curve in <Math mode="inline" xml:id="C21.S7.SS1.p1.m6">{\mathbb{C}^{2}}</Math> , which is made compact by adding its points at infinity.
</sentence>

<sentence sentence-num-in-para="5" sentence-num-in-section="5" xml:id="C21.S7.SS1.p1.s5">
To accomplish this we write (21.7.1) in terms of homogeneous coordinates: <Math equation-number="21.7.2" mode="display" xml:id="C21.S7.E2">\tilde{P}(\tilde{\lambda},\tilde{\mu},\tilde{\eta})=0,</Math> by setting <Math mode="inline" xml:id="C21.S7.SS1.p1.m7">\lambda=\tilde{\lambda}/\tilde{\eta}</Math> , <Math mode="inline" xml:id="C21.S7.SS1.p1.m8">\mu=\tilde{\mu}/\tilde{\eta}</Math> , and then clearing fractions.
</sentence>

<sentence sentence-num-in-para="6" sentence-num-in-section="6" xml:id="C21.S7.SS1.p1.s6">
This compact curve may have singular points, that is, points at which the gradient of <Math mode="inline" xml:id="C21.S7.SS1.p1.m9">\tilde{P}</Math> vanishes.
</sentence>

<sentence sentence-num-in-para="7" sentence-num-in-section="7" xml:id="C21.S7.SS1.p1.s7">
Removing the singularities of this curve gives rise to a two-dimensional connected manifold with a complex-analytic structure, that is, a Riemann surface.
</sentence>

<sentence sentence-num-in-para="8" sentence-num-in-section="8" xml:id="C21.S7.SS1.p1.s8">
All compact Riemann surfaces can be obtained this way.
</sentence>

</para>
        
<para xml:id="C21.S7.SS1.p2">

<sentence sentence-num-in-para="1" sentence-num-in-section="9" xml:id="C21.S7.SS1.p2.s1">
Since a Riemann surface <Math mode="inline" xml:id="C21.S7.SS1.p2.m1">\Gamma</Math> is a two-dimensional manifold that is orientable (owing to its analytic structure), its only topological invariant is its genus <Math mode="inline" xml:id="C21.S7.SS1.p2.m2">g</Math> (the number of handles in the surface).
</sentence>

<sentence sentence-num-in-para="2" sentence-num-in-section="10" xml:id="C21.S7.SS1.p2.s2">
On this surface, we choose <Math mode="inline" xml:id="C21.S7.SS1.p2.m3">2g</Math> cycles (that is, closed oriented curves, each with at most a finite number of singular points) <Math mode="inline" xml:id="C21.S7.SS1.p2.m4">a_{j}</Math> , <Math mode="inline" xml:id="C21.S7.SS1.p2.m5">b_{j}</Math> , <Math mode="inline" xml:id="C21.S7.SS1.p2.m6">j=1,2,\dots,g</Math> , such that theirintersection indices satisfy <Math equation-number="21.7.3" mode="display" xml:id="C21.S7.E3">a_{j}\circ a_{k}=0,b_{j}\circ b_{k}=0,a_{j}\circ b_{k}=\delta_{j,k}</Math>.
</sentence>

<sentence sentence-num-in-para="3" sentence-num-in-section="11" xml:id="C21.S7.SS1.p2.s3">
For example, Figure 21.7.1 depicts a genus 2 surface.
</sentence>

</para>
        
  
<sentence sentence-num-in-section="12" xml:id="C21.S7.F1.s1">
Figure 21.7.1: A basis of cycles for a genus 2 surface.
</sentence>   
 
<para xml:id="C21.S7.SS1.p3">

<sentence sentence-num-in-para="1" sentence-num-in-section="13" xml:id="C21.S7.SS1.p3.s1">
On a Riemann surface of genus <Math mode="inline" xml:id="C21.S7.SS1.p3.m1">g</Math> , there are <Math mode="inline" xml:id="C21.S7.SS1.p3.m2">g</Math> linearly independentholomorphic differentials <Math mode="inline" xml:id="C21.S7.SS1.p3.m3">\omega_{j}</Math> , <Math mode="inline" xml:id="C21.S7.SS1.p3.m4">j=1,2,\dots,g</Math>.
</sentence>

<sentence sentence-num-in-para="2" sentence-num-in-section="14" xml:id="C21.S7.SS1.p3.s2">
If a local coordinate <Math mode="inline" xml:id="C21.S7.SS1.p3.m5">z</Math> is chosen on the Riemann surface, then the local coordinate representation of these holomorphic differentials is given by <Math equation-number="21.7.4" mode="display" xml:id="C21.S7.E4">\omega_{j}=f_{j}(z)\mathrm{d}z, if j=1,2,\dots,g,</Math> where <Math mode="inline" xml:id="C21.S7.SS1.p3.m6">f_{j}(z)</Math> , <Math mode="inline" xml:id="C21.S7.SS1.p3.m7">j=1,2,\dots,g</Math> are analytic functions.
</sentence>

<sentence sentence-num-in-para="3" sentence-num-in-section="15" xml:id="C21.S7.SS1.p3.s3">
Thus the differentials <Math mode="inline" xml:id="C21.S7.SS1.p3.m8">\omega_{j}</Math> , <Math mode="inline" xml:id="C21.S7.SS1.p3.m9">j=1,2,\dots,g</Math> have no singularities on <Math mode="inline" xml:id="C21.S7.SS1.p3.m10">\Gamma</Math>.
</sentence>

<sentence sentence-num-in-para="4" sentence-num-in-section="16" xml:id="C21.S7.SS1.p3.s4">
Note that for the purposes of integrating these holomorphic differentials, all cycles on the surface are a linear combination of the cycles <Math mode="inline" xml:id="C21.S7.SS1.p3.m11">a_{j}</Math> , <Math mode="inline" xml:id="C21.S7.SS1.p3.m12">b_{j}</Math> , <Math mode="inline" xml:id="C21.S7.SS1.p3.m13">j=1,2,\dots,g</Math>.
</sentence>

<sentence sentence-num-in-para="5" sentence-num-in-section="17" xml:id="C21.S7.SS1.p3.s5">
The <Math mode="inline" xml:id="C21.S7.SS1.p3.m14">\omega_{j}</Math> are normalized so that <Math equation-number="21.7.5" mode="display" xml:id="C21.S7.E5">\oint_{a_{k}}\omega_{j}=\delta_{j,k}, if j,k=1,2,\dots,g</Math>.
</sentence>

<sentence sentence-num-in-para="6" sentence-num-in-section="18" xml:id="C21.S7.SS1.p3.s6">
Then the matrix defined by <Math equation-number="21.7.6" mode="display" xml:id="C21.S7.E6">\Omega_{jk}=\oint_{b_{k}}\omega_{j}, if j,k=1,2,\dots,g,</Math> is a Riemann matrix and it is used to define the corresponding Riemann theta function.
</sentence>

<sentence sentence-num-in-para="7" sentence-num-in-section="19" xml:id="C21.S7.SS1.p3.s7">
In this way, we associate a Riemann theta function with every compact Riemann surface <Math mode="inline" xml:id="C21.S7.SS1.p3.m15">\Gamma</Math>.
</sentence>

</para>
 
<para xml:id="C21.S7.SS1.p4">

<sentence sentence-num-in-para="1" sentence-num-in-section="20" xml:id="C21.S7.SS1.p4.s1">
Riemann theta functions originating from Riemann surfaces are special in the sense that a general <Math mode="inline" xml:id="C21.S7.SS1.p4.m1">g</Math> -dimensional Riemann theta function depends on <Math mode="inline" xml:id="C21.S7.SS1.p4.m2">g(g+1)/2</Math> complex parameters.
</sentence>

<sentence sentence-num-in-para="2" sentence-num-in-section="21" xml:id="C21.S7.SS1.p4.s2">
In contrast, a <Math mode="inline" xml:id="C21.S7.SS1.p4.m3">g</Math> -dimensional Riemann theta function arising from a compact Riemann surface of genus <Math mode="inline" xml:id="C21.S7.SS1.p4.m4">g</Math> ( <Math mode="inline" xml:id="C21.S7.SS1.p4.m5">&gt;1</Math> ) depends on at most <Math mode="inline" xml:id="C21.S7.SS1.p4.m6">3g-3</Math> complex parameters (one complex parameter for the case <Math mode="inline" xml:id="C21.S7.SS1.p4.m7">g=1</Math> ).
</sentence>

<sentence sentence-num-in-para="3" sentence-num-in-section="22" xml:id="C21.S7.SS1.p4.s3">
These special Riemann theta functions satisfy many special identities, two of which appear in the following subsections.
</sentence>

<sentence sentence-num-in-para="4" sentence-num-in-section="23" xml:id="C21.S7.SS1.p4.s4">
For more information, see Dubrovin (1981), Brieskorn and Knörrer (1986, §9.3),Belokolos et al. (1994, Chapter 2), andMumford (1984, §2.2–2.3).
</sentence>

</para>
 
</subsection>
 
<subsection xml:id="C21.S7.SS2">
<title>Fay’s Trisecant Identity</title>        
  
<para xml:id="C21.S7.SS2.p1">

<sentence sentence-num-in-para="1" sentence-num-in-section="24" xml:id="C21.S7.SS2.p1.s1">
Let <Math mode="inline" xml:id="C21.S7.SS2.p1.m1">\boldsymbol{{\alpha}}</Math> , <Math mode="inline" xml:id="C21.S7.SS2.p1.m2">\boldsymbol{{\beta}}</Math> be such that
</sentence>

</para>
 
<para xml:id="C21.S7.SS2.p2">

<sentence sentence-num-in-para="1" sentence-num-in-section="25" xml:id="C21.S7.SS2.p2.s1">
 <Math equation-number="21.7.7" mode="display" xml:id="C21.S7.E7">\left(\frac{\partial}{\partial z_{1}}\theta\genfrac{[}{]}{0.0pt}{}{\boldsymbol {{\alpha}}}{\boldsymbol{{\beta}}}\left(\mathbf{z}\middle|\boldsymbol{{\Omega}} \right)\Big{|}_{\mathbf{z}=\boldsymbol{{0}}},\dots,\frac{\partial}{\partial z_ {g}}\theta\genfrac{[}{]}{0.0pt}{}{\boldsymbol{{\alpha}}}{\boldsymbol{{\beta}}} \left(\mathbf{z}\middle|\boldsymbol{{\Omega}}\right)\Big{|}_{\mathbf{z}= \boldsymbol{{0}}}\right)\neq\boldsymbol{{0}}</Math>.
</sentence>

<sentence sentence-num-in-para="2" sentence-num-in-section="26" xml:id="C21.S7.SS2.p2.s2">
Define the holomorphic differential <Math equation-number="21.7.8" mode="display" xml:id="C21.S7.E8">\zeta=\sum_{j=1}^{g}\omega_{j}\frac{\partial}{\partial z_{j}}\theta\genfrac{[} {]}{0.0pt}{}{\boldsymbol{{\alpha}}}{\boldsymbol{{\beta}}}\left(\mathbf{z} \middle|\boldsymbol{{\Omega}}\right)\Big{|}_{\mathbf{z}=\boldsymbol{{0}}}</Math>.
</sentence>

<sentence sentence-num-in-para="3" sentence-num-in-section="27" xml:id="C21.S7.SS2.p2.s3">
Then the prime form on the corresponding compact Riemann surface <Math mode="inline" xml:id="C21.S7.SS2.p2.m1">\Gamma</Math> is defined by <Math equation-number="21.7.9" mode="display" xml:id="C21.S7.E9">E(P_{1},P_{2})=\theta\genfrac{[}{]}{0.0pt}{}{\boldsymbol{{\alpha}}}{ \boldsymbol{{\beta}}}\left(\int_{P_{1}}^{P_{2}}\boldsymbol{{\omega}}\middle| \boldsymbol{{\Omega}}\right)\Bigg{/}\left(\sqrt{\zeta(P_{1})}\sqrt{\zeta(P_{2} )}\right),</Math> where <Math mode="inline" xml:id="C21.S7.SS2.p2.m2">P_{1}</Math> and <Math mode="inline" xml:id="C21.S7.SS2.p2.m3">P_{2}</Math> are points on <Math mode="inline" xml:id="C21.S7.SS2.p2.m4">\Gamma</Math> , <Math mode="inline" xml:id="C21.S7.SS2.p2.m5">\boldsymbol{{\omega}}=(\omega_{1},\omega_{2},\dots,\omega_{g})</Math> , and the path of integration on <Math mode="inline" xml:id="C21.S7.SS2.p2.m6">\Gamma</Math> from <Math mode="inline" xml:id="C21.S7.SS2.p2.m7">P_{1}</Math> to <Math mode="inline" xml:id="C21.S7.SS2.p2.m8">P_{2}</Math> is identical for all components.
</sentence>

<sentence sentence-num-in-para="4" sentence-num-in-section="28" xml:id="C21.S7.SS2.p2.s4">
Here <Math mode="inline" xml:id="C21.S7.SS2.p2.m9">\sqrt{\zeta(P)}</Math> is such that <Math mode="inline" xml:id="C21.S7.SS2.p2.m10">\sqrt{\zeta(P)}^{2}=\zeta(P)</Math> , <Math mode="inline" xml:id="C21.S7.SS2.p2.m11">P\in\Gamma</Math>.
</sentence>

<sentence sentence-num-in-para="5" sentence-num-in-section="29" xml:id="C21.S7.SS2.p2.s5">
Either branch of the square roots may be chosen, as long as the branch is consistent across <Math mode="inline" xml:id="C21.S7.SS2.p2.m12">\Gamma</Math>.
</sentence>

<sentence sentence-num-in-para="6" sentence-num-in-section="30" xml:id="C21.S7.SS2.p2.s6">
For all <Math mode="inline" xml:id="C21.S7.SS2.p2.m13">\mathbf{z}\in{\mathbb{C}^{g}}</Math> , and all <Math mode="inline" xml:id="C21.S7.SS2.p2.m14">P_{1}</Math> , <Math mode="inline" xml:id="C21.S7.SS2.p2.m15">P_{2}</Math> , <Math mode="inline" xml:id="C21.S7.SS2.p2.m16">P_{3}</Math> , <Math mode="inline" xml:id="C21.S7.SS2.p2.m17">P_{4}</Math> on <Math mode="inline" xml:id="C21.S7.SS2.p2.m18">\Gamma</Math> , Fay’s identity is given by
</sentence>

</para>
  
<para xml:id="C21.S7.SS2.p3">

<sentence sentence-num-in-para="1" sentence-num-in-section="31" xml:id="C21.S7.SS2.p3.s1">
 <Math equation-number="21.7.10" mode="display" xml:id="C21.S7.E10">\theta\left(\mathbf{z}+\int_{P_{1}}^{P_{3}}\boldsymbol{{\omega}}\middle| \boldsymbol{{\Omega}}\right)\theta\left(\mathbf{z}+\int_{P_{2}}^{P_{4}} \boldsymbol{{\omega}}\middle|\boldsymbol{{\Omega}}\right)E(P_{3},P_{2})E(P_{1} ,P_{4})+\theta\left(\mathbf{z}+\int_{P_{2}}^{P_{3}}\boldsymbol{{\omega}} \middle|\boldsymbol{{\Omega}}\right)\theta\left(\mathbf{z}+\int_{P_{1}}^{P_{4} }\boldsymbol{{\omega}}\middle|\boldsymbol{{\Omega}}\right)E(P_{3},P_{1})E(P_{4 },P_{2})=\theta\left(\mathbf{z}\middle|\boldsymbol{{\Omega}}\right)\theta\left (\mathbf{z}+\int_{P_{1}}^{P_{3}}\boldsymbol{{\omega}}+\int_{P_{2}}^{P_{4}} \boldsymbol{{\omega}}\middle|\boldsymbol{{\Omega}}\right)E(P_{1},P_{2})E(P_{3} ,P_{4}),</Math> 
</sentence>

</para>
 
 
<para xml:id="C21.S7.SS2.p4">

<sentence sentence-num-in-para="1" sentence-num-in-section="32" xml:id="C21.S7.SS2.p4.s1">
where again all integration paths are identical for all components.
</sentence>

<sentence sentence-num-in-para="2" sentence-num-in-section="33" xml:id="C21.S7.SS2.p4.s2">
Generalizations of this identity are given in Fay (1973, Chapter 2).
</sentence>

<sentence sentence-num-in-para="3" sentence-num-in-section="34" xml:id="C21.S7.SS2.p4.s3">
Fay derives (21.7.10) as a special case of a more general class ofaddition theorems for Riemann theta functions on Riemann surfaces.
</sentence>

</para>
 
</subsection>
 
<subsection xml:id="C21.S7.SS3">
<title>Frobenius’ Identity</title>        
    
<para xml:id="C21.S7.SS3.p1">

<sentence sentence-num-in-para="1" sentence-num-in-section="35" xml:id="C21.S7.SS3.p1.s1">
Let <Math mode="inline" xml:id="C21.S7.SS3.p1.m1">\Gamma</Math> be a hyperelliptic Riemann surface.
</sentence>

<sentence sentence-num-in-para="2" sentence-num-in-section="36" xml:id="C21.S7.SS3.p1.s2">
These are Riemann surfaces that may be obtained from algebraic curves of the form <Math equation-number="21.7.11" mode="display" xml:id="C21.S7.E11">\mu^{2}=Q(\lambda),</Math> where <Math mode="inline" xml:id="C21.S7.SS3.p1.m2">Q(\lambda)</Math> is a polynomial in <Math mode="inline" xml:id="C21.S7.SS3.p1.m3">\lambda</Math> of odd degree <Math mode="inline" xml:id="C21.S7.SS3.p1.m4">2g+1</Math> <Math mode="inline" xml:id="C21.S7.SS3.p1.m5">(\geq 5)</Math>.
</sentence>

<sentence sentence-num-in-para="3" sentence-num-in-section="37" xml:id="C21.S7.SS3.p1.s3">
The genus of this surface is <Math mode="inline" xml:id="C21.S7.SS3.p1.m6">g</Math>.
</sentence>

<sentence sentence-num-in-para="4" sentence-num-in-section="38" xml:id="C21.S7.SS3.p1.s4">
The zeros <Math mode="inline" xml:id="C21.S7.SS3.p1.m7">\lambda_{j}</Math> , <Math mode="inline" xml:id="C21.S7.SS3.p1.m8">j=1,2,\dots,2g+1</Math> of <Math mode="inline" xml:id="C21.S7.SS3.p1.m9">Q(\lambda)</Math> specify the finite branch points <Math mode="inline" xml:id="C21.S7.SS3.p1.m10">P_{j}</Math> , that is, points at which <Math mode="inline" xml:id="C21.S7.SS3.p1.m11">\mu_{j}=0</Math> , on the Riemann surface.
</sentence>

<sentence sentence-num-in-para="5" sentence-num-in-section="39" xml:id="C21.S7.SS3.p1.s5">
Denote the set of all branch points by <Math mode="inline" xml:id="C21.S7.SS3.p1.m12">B=\{P_{1},P_{2},\dots,P_{2g+1},P_{\infty}\}</Math>.
</sentence>

<sentence sentence-num-in-para="6" sentence-num-in-section="40" xml:id="C21.S7.SS3.p1.s6">
Consider a fixed subset <Math mode="inline" xml:id="C21.S7.SS3.p1.m13">U</Math> of <Math mode="inline" xml:id="C21.S7.SS3.p1.m14">B</Math> , such that the number of elements <Math mode="inline" xml:id="C21.S7.SS3.p1.m15">|U|</Math> in the set <Math mode="inline" xml:id="C21.S7.SS3.p1.m16">U</Math> is <Math mode="inline" xml:id="C21.S7.SS3.p1.m17">g+1</Math> , and <Math mode="inline" xml:id="C21.S7.SS3.p1.m18">P_{\infty}\notin U</Math>.
</sentence>

<sentence sentence-num-in-para="7" sentence-num-in-section="41" xml:id="C21.S7.SS3.p1.s7">
Next, define an isomorphism <Math mode="inline" xml:id="C21.S7.SS3.p1.m19">\boldsymbol{{\eta}}</Math> which maps every subset <Math mode="inline" xml:id="C21.S7.SS3.p1.m20">T</Math> of <Math mode="inline" xml:id="C21.S7.SS3.p1.m21">B</Math> with an even number of elements to a <Math mode="inline" xml:id="C21.S7.SS3.p1.m22">2g</Math> -dimensional vector <Math mode="inline" xml:id="C21.S7.SS3.p1.m23">\boldsymbol{{\eta}}(T)</Math> with elements either <Math mode="inline" xml:id="C21.S7.SS3.p1.m24">0</Math> or <Math mode="inline" xml:id="C21.S7.SS3.p1.m25">\tfrac{1}{2}</Math>.
</sentence>

<sentence sentence-num-in-para="8" sentence-num-in-section="42" xml:id="C21.S7.SS3.p1.s8">
Define the operation <Math equation-number="21.7.12" mode="display" xml:id="C21.S7.E12">T_{1}\ominus T_{2}=(T_{1}\cup T_{2})\setminus(T_{1}\cap T_{2})</Math>.
</sentence>

<sentence sentence-num-in-para="9" sentence-num-in-section="43" xml:id="C21.S7.SS3.p1.s9">
Also, <Math mode="inline" xml:id="C21.S7.SS3.p1.m26">T^{c}=B\setminus T</Math> , <Math mode="inline" xml:id="C21.S7.SS3.p1.m27">\boldsymbol{{\eta}}^{1}(T)=(\eta_{1}(T),\eta_{2}(T),\dots,\eta_{g}(T))</Math> , and <Math mode="inline" xml:id="C21.S7.SS3.p1.m28">\boldsymbol{{\eta}}^{2}(T)=(\eta_{g+1}(T),\eta_{g+2}(T),\dots,\eta_{2g}(T))</Math>.
</sentence>

<sentence sentence-num-in-para="10" sentence-num-in-section="44" xml:id="C21.S7.SS3.p1.s10">
Then the isomorphism is determined completely by: <Math equation-number="21.7.13" mode="display" xml:id="C21.S7.E13">\boldsymbol{{\eta}}(T)=\boldsymbol{{\eta}}(T^{c}),</Math> <Math equation-number="21.7.14" mode="display" xml:id="C21.S7.E14">\boldsymbol{{\eta}}(T_{1}\ominus T_{2})=\boldsymbol{{\eta}}(T_{1})+\boldsymbol {{\eta}}(T_{2}),</Math> <Math equation-number="21.7.15" mode="display" xml:id="C21.S7.E15">4\boldsymbol{{\eta}}^{1}(T)\cdot\boldsymbol{{\eta}}^{2}(T)=\tfrac{1}{2}\left(| T\ominus U|-g-1\right)\pmod{2},</Math> <Math equation-number="21.7.16" mode="display" xml:id="C21.S7.E16">4(\boldsymbol{{\eta}}^{1}(T_{1})\cdot\boldsymbol{{\eta}}^{2}(T_{2})- \boldsymbol{{\eta}}^{2}(T_{1})\cdot\boldsymbol{{\eta}}^{1}(T_{2}))=|T_{1}\cap T _{2}|\pmod{2}</Math>.
</sentence>

</para>

 
<para xml:id="C21.S7.SS3.p2">

<sentence sentence-num-in-para="1" sentence-num-in-section="45" xml:id="C21.S7.SS3.p2.s1">
Furthermore, let <Math mode="inline" xml:id="C21.S7.SS3.p2.m1">\boldsymbol{{\eta}}(P_{\infty})=\boldsymbol{{0}}</Math> and <Math mode="inline" xml:id="C21.S7.SS3.p2.m2">\boldsymbol{{\eta}}(P_{j})=\boldsymbol{{\eta}}(\{P_{j},P_{\infty}\})</Math>.
</sentence>

<sentence sentence-num-in-para="2" sentence-num-in-section="46" xml:id="C21.S7.SS3.p2.s2">
Then for all <Math mode="inline" xml:id="C21.S7.SS3.p2.m3">\mathbf{z}_{j}\in{\mathbb{C}^{g}}</Math> , <Math mode="inline" xml:id="C21.S7.SS3.p2.m4">j=1,2,3,4</Math> , such that <Math mode="inline" xml:id="C21.S7.SS3.p2.m5">\mathbf{z}_{1}+\mathbf{z}_{2}+\mathbf{z}_{3}+\mathbf{z}_{4}=0</Math> , and for all <Math mode="inline" xml:id="C21.S7.SS3.p2.m6">\boldsymbol{{\alpha}}_{j}</Math> , <Math mode="inline" xml:id="C21.S7.SS3.p2.m7">\boldsymbol{{\beta}}_{j}</Math> <Math mode="inline" xml:id="C21.S7.SS3.p2.m8">\in{\mathbb{R}^{g}}</Math> , such that <Math mode="inline" xml:id="C21.S7.SS3.p2.m9">\boldsymbol{{\alpha}}_{1}+\boldsymbol{{\alpha}}_{2}+\boldsymbol{{\alpha}}_{3}+ \boldsymbol{{\alpha}}_{4}=0</Math> and <Math mode="inline" xml:id="C21.S7.SS3.p2.m10">\boldsymbol{{\beta}}_{1}+\boldsymbol{{\beta}}_{2}+\boldsymbol{{\beta}}_{3}+ \boldsymbol{{\beta}}_{4}=0</Math> , we have Frobenius’ identity: <Math equation-number="21.7.17" mode="display" xml:id="C21.S7.E17">\sum_{P_{j}\in U}\prod_{k=1}^{4}\theta\genfrac{[}{]}{0.0pt}{}{\boldsymbol{{ \alpha}}_{k}+\boldsymbol{{\eta}}^{1}(P_{j})}{\boldsymbol{{\beta}}_{k}+ \boldsymbol{{\eta}}^{2}(P_{j})}\left(\mathbf{z}_{k}\middle|\boldsymbol{{\Omega }}\right)=\sum_{P_{j}\in U^{c}}\prod_{k=1}^{4}\theta\genfrac{[}{]}{0.0pt}{}{ \boldsymbol{{\alpha}}_{k}+\boldsymbol{{\eta}}^{1}(P_{j})}{\boldsymbol{{\beta}} _{k}+\boldsymbol{{\eta}}^{2}(P_{j})}\left(\mathbf{z}_{k}\middle|\boldsymbol{{ \Omega}}\right)</Math>.
</sentence>

</para>
 
</subsection>
 
</section>
