<?xml version="1.0" encoding="UTF-8"?>
<section xml:id="C21.S8">
<title>Abelian Functions</title>        
   
<para xml:id="C21.S8.p1">

<sentence sentence-num-in-para="1" sentence-num-in-section="1" xml:id="C21.S8.p1.s1">
An Abelian function is a <Math mode="inline" xml:id="C21.S8.p1.m1">2g</Math> -fold periodic, meromorphic function of <Math mode="inline" xml:id="C21.S8.p1.m2">g</Math> complex variables.
</sentence>

<sentence sentence-num-in-para="2" sentence-num-in-section="2" xml:id="C21.S8.p1.s2">
In consequence, Abelian functions are generalizations of elliptic functions (§23.2(iii)) to more than one complex variable.
</sentence>

<sentence sentence-num-in-para="3" sentence-num-in-section="3" xml:id="C21.S8.p1.s3">
For every Abelian function, there is a positive integer <Math mode="inline" xml:id="C21.S8.p1.m3">n</Math> , such that the Abelian function can be expressed as a ratio of linear combinations of products with <Math mode="inline" xml:id="C21.S8.p1.m4">n</Math> factors of Riemann theta functions with characteristics that share a common period lattice.
</sentence>

<sentence sentence-num-in-para="4" sentence-num-in-section="4" xml:id="C21.S8.p1.s4">
For further information seeIgusa (1972, pp. 132–135) and Markushevich (1992).
</sentence>

</para>
 
</section>
