<?xml version="1.0" encoding="UTF-8"?>
<sidebar xml:id="C21.SB1">
<title>Periodic Surface Waves</title>           
<para xml:id="C21.SB1.p1">

<sentence sentence-num-in-para="1" sentence-num-in-section="1" xml:id="C21.SB1.p1.s1">
Two-dimensional periodic waves in a shallow water wave tank.
</sentence>

<sentence sentence-num-in-para="2" sentence-num-in-section="2" xml:id="C21.SB1.p1.s2">
Taken from Joe Hammack, Daryl McCallister, Norman Scheffner and Harvey Segur, “Two-dimensional periodic waves in shallow water.
</sentence>

<sentence sentence-num-in-para="3" sentence-num-in-section="3" xml:id="C21.SB1.p1.s3">
Part 2. Asymmetric waves”, J. Fluid Mech. (1995), Vol. 285, pp. 95-122 Hammack et al. (1995).
</sentence>

<sentence sentence-num-in-para="4" sentence-num-in-section="4" xml:id="C21.SB1.p1.s4">
The caption reads “Mosaic of two overhead photographs, showing surface patterns of waves in shallow water”.
</sentence>

</para>
 
<para xml:id="C21.SB1.p2">

<sentence sentence-num-in-para="1" sentence-num-in-section="5" xml:id="C21.SB1.p2.s1">
©Cambridge University Press
</sentence>

</para>
 
</sidebar>
