<?xml version="1.0" encoding="UTF-8"?>
<sidebar xml:id="C21.SB2">
<title>A two-phase solution of the Kadomtsev–Petviashvili equation ()</title>           
<para xml:id="C21.SB2.p1">

<sentence sentence-num-in-para="1" sentence-num-in-section="1" xml:id="C21.SB2.p1.s1">
A two-phase solution of the Kadomtsev–Petviashvili equation (21.9.3).
</sentence>

<sentence sentence-num-in-para="2" sentence-num-in-section="2" xml:id="C21.SB2.p1.s2">
Such a solution is given in terms of a Riemann theta function with two phases.Krichever (1976), Dubrovin (1981), Hammack et al. (1995).
</sentence>

<sentence sentence-num-in-para="3" sentence-num-in-section="3" xml:id="C21.SB2.p1.s3">
The agreement of these solutions with two-dimensional surface water waves in shallow water was considered in Hammack et al. (1989, 1995).
</sentence>

</para>
 
</sidebar>
