<?xml version="1.0" encoding="UTF-8"?>
<section xml:id="C25.S13">
<title>Periodic Zeta Function</title>        
  
<para xml:id="C25.S13.p1">

<sentence sentence-num-in-para="1" sentence-num-in-section="1" xml:id="C25.S13.p1.s1">
The notation <Math mode="inline" xml:id="C25.S13.p1.m1">F\left(x,s\right)</Math> is used for the polylogarithm <Math mode="inline" xml:id="C25.S13.p1.m2">\mathrm{Li}_{s}\left(e^{2\pi ix}\right)</Math> with <Math mode="inline" xml:id="C25.S13.p1.m3">x</Math> real: <Math equation-number="25.13.1" mode="display" xml:id="C25.S13.E1">F\left(x,s\right)=\sum_{n=1}^{\infty}\frac{e^{2\pi inx}}{n^{s}},</Math> where <Math mode="inline" xml:id="C25.S13.p1.m4">\Re s&gt;1</Math> if <Math mode="inline" xml:id="C25.S13.p1.m5">x</Math> is an integer, <Math mode="inline" xml:id="C25.S13.p1.m6">\Re s&gt;0</Math> otherwise.
</sentence>

</para>
 
<para xml:id="C25.S13.p2">

<sentence sentence-num-in-para="1" sentence-num-in-section="2" xml:id="C25.S13.p2.s1">
 <Math mode="inline" xml:id="C25.S13.p2.m1">F\left(x,s\right)</Math> is periodic in <Math mode="inline" xml:id="C25.S13.p2.m2">x</Math> with period 1, and equals <Math mode="inline" xml:id="C25.S13.p2.m3">\zeta\left(s\right)</Math> when <Math mode="inline" xml:id="C25.S13.p2.m4">x</Math> is an integer.
</sentence>

<sentence sentence-num-in-para="2" sentence-num-in-section="3" xml:id="C25.S13.p2.s2">
Also, <Math equation-number="25.13.2" mode="display" xml:id="C25.S13.E2">F\left(x,s\right)=\frac{\Gamma\left(1-s\right)}{(2\pi)^{1-s}}\*\left(e^{\pi i( 1-s)/2}\zeta\left(1-s,x\right)+e^{\pi i(s-1)/2}\zeta\left(1-s,1-x\right)\right), if 0&lt;x&lt;1, \Re s&gt;1,</Math> <Math equation-number="25.13.3" mode="display" xml:id="C25.S13.E3">\zeta\left(1-s,x\right)=\frac{\Gamma\left(s\right)}{(2\pi)^{s}}\left(e^{-\pi is /2}F\left(x,s\right)+e^{\pi is/2}F\left(-x,s\right)\right), if 0&lt;x&lt;1, \Re s&gt;0</Math>.
</sentence>

</para>
 
</section>
