<?xml version="1.0" encoding="UTF-8"?>
<section xml:id="C25.S1">
<title>Special Notation</title>         
<para xml:id="C25.S1.p1">

<sentence sentence-num-in-para="1" sentence-num-in-section="1" xml:id="C25.S1.p1.s1">
(For other notation see Notation for the Special Functions.)
</sentence>

</para>
 
<para xml:id="C25.S1.p2">

<sentence sentence-num-in-para="1" sentence-num-in-section="2" sentence-num-in-table="1" xml:id="C25.S1.p2.t1.s1">
<Math mode="inline" xml:id="C25.S1.p2.t1.r1.m1">k,m,n</Math>
</sentence>

<sentence sentence-num-in-para="2" sentence-num-in-section="3" sentence-num-in-table="2" xml:id="C25.S1.p2.t1.s2">
nonnegative integers.      
</sentence>

<sentence sentence-num-in-para="3" sentence-num-in-section="4" sentence-num-in-table="3" xml:id="C25.S1.p2.t1.s3">
<Math mode="inline" xml:id="C25.S1.p2.t1.r2.m1">p</Math>
</sentence>

<sentence sentence-num-in-para="4" sentence-num-in-section="5" sentence-num-in-table="4" xml:id="C25.S1.p2.t1.s4">
prime number.  
</sentence>

<sentence sentence-num-in-para="5" sentence-num-in-section="6" sentence-num-in-table="5" xml:id="C25.S1.p2.t1.s5">
<Math mode="inline" xml:id="C25.S1.p2.t1.r3.m1">x</Math>
</sentence>

<sentence sentence-num-in-para="6" sentence-num-in-section="7" sentence-num-in-table="6" xml:id="C25.S1.p2.t1.s6">
real variable.  
</sentence>

<sentence sentence-num-in-para="7" sentence-num-in-section="8" sentence-num-in-table="7" xml:id="C25.S1.p2.t1.s7">
<Math mode="inline" xml:id="C25.S1.p2.t1.r4.m1">a</Math>
</sentence>

<sentence sentence-num-in-para="8" sentence-num-in-section="9" sentence-num-in-table="8" xml:id="C25.S1.p2.t1.s8">
real or complex parameter.  
</sentence>

<sentence sentence-num-in-para="9" sentence-num-in-section="10" sentence-num-in-table="9" xml:id="C25.S1.p2.t1.s9">
<Math mode="inline" xml:id="C25.S1.p2.t1.r5.m1">s=\sigma+it</Math>
</sentence>

<sentence sentence-num-in-para="10" sentence-num-in-section="11" sentence-num-in-table="10" xml:id="C25.S1.p2.t1.s10">
complex variable.  
</sentence>

<sentence sentence-num-in-para="11" sentence-num-in-section="12" sentence-num-in-table="11" xml:id="C25.S1.p2.t1.s11">
<Math mode="inline" xml:id="C25.S1.p2.t1.r6.m1">z=x+iy</Math>
</sentence>

<sentence sentence-num-in-para="12" sentence-num-in-section="13" sentence-num-in-table="12" xml:id="C25.S1.p2.t1.s12">
complex variable.  
</sentence>

<sentence sentence-num-in-para="13" sentence-num-in-section="14" sentence-num-in-table="13" xml:id="C25.S1.p2.t1.s13">
<Math mode="inline" xml:id="C25.S1.p2.t1.r7.m1">\gamma</Math>
</sentence>

<sentence sentence-num-in-para="14" sentence-num-in-section="15" sentence-num-in-table="14" xml:id="C25.S1.p2.t1.s14">
Euler’s constant (§5.2(ii)).
</sentence>

<sentence sentence-num-in-para="15" sentence-num-in-section="16" sentence-num-in-table="15" xml:id="C25.S1.p2.t1.s15">
<Math mode="inline" xml:id="C25.S1.p2.t1.r8.m1">\psi\left(x\right)</Math>
</sentence>

<sentence sentence-num-in-para="16" sentence-num-in-section="17" sentence-num-in-table="16" xml:id="C25.S1.p2.t1.s16">
digamma function<Math mode="inline" xml:id="C25.S1.p2.t1.r8.m2">\Gamma'\left(x\right)/\Gamma\left(x\right)</Math> except in §25.16. See §5.2(i).
</sentence>

<sentence sentence-num-in-para="17" sentence-num-in-section="18" sentence-num-in-table="17" xml:id="C25.S1.p2.t1.s17">
<Math mode="inline" xml:id="C25.S1.p2.t1.r9.m1">B_{n},B_{n}\left(x\right)</Math>
</sentence>

<sentence sentence-num-in-para="18" sentence-num-in-section="19" sentence-num-in-table="18" xml:id="C25.S1.p2.t1.s18">
Bernoulli number and polynomial (§24.2(i)).
</sentence>

<sentence sentence-num-in-para="19" sentence-num-in-section="20" sentence-num-in-table="19" xml:id="C25.S1.p2.t1.s19">
<Math mode="inline" xml:id="C25.S1.p2.t1.r10.m1">\widetilde{B}_{n}\left(x\right)</Math>
</sentence>

<sentence sentence-num-in-para="20" sentence-num-in-section="21" sentence-num-in-table="20" xml:id="C25.S1.p2.t1.s20">
periodic Bernoulli function<Math mode="inline" xml:id="C25.S1.p2.t1.r10.m2">B_{n}\left(x-\left\lfloor x\right\rfloor\right)</Math>.
</sentence>

<sentence sentence-num-in-para="21" sentence-num-in-section="22" sentence-num-in-table="21" xml:id="C25.S1.p2.t1.s21">
<Math mode="inline" xml:id="C25.S1.p2.t1.r11.m1">m\mathbin{|}n</Math>
</sentence>

<sentence sentence-num-in-para="22" sentence-num-in-section="23" sentence-num-in-table="22" xml:id="C25.S1.p2.t1.s22">
<Math mode="inline" xml:id="C25.S1.p2.t1.r11.m2">m</Math> divides <Math mode="inline" xml:id="C25.S1.p2.t1.r11.m3">n</Math>.
</sentence>

<sentence sentence-num-in-para="23" sentence-num-in-section="24" sentence-num-in-table="23" xml:id="C25.S1.p2.t1.s23">
primes
</sentence>

<sentence sentence-num-in-para="24" sentence-num-in-section="25" sentence-num-in-table="24" xml:id="C25.S1.p2.t1.s24">
on function symbols: derivatives with respect to argument.
</sentence>

</para>
   
<para xml:id="C25.S1.p3">

<sentence sentence-num-in-para="1" sentence-num-in-section="26" xml:id="C25.S1.p3.s1">
The main function treated in this chapter is the Riemann zeta function <Math mode="inline" xml:id="C25.S1.p3.m1">\zeta\left(s\right)</Math>.
</sentence>

<sentence sentence-num-in-para="2" sentence-num-in-section="27" xml:id="C25.S1.p3.s2">
This notation was introduced in Riemann (1859).
</sentence>

</para>
 
<para xml:id="C25.S1.p4">

<sentence sentence-num-in-para="1" sentence-num-in-section="28" xml:id="C25.S1.p4.s1">
The main related functions are the Hurwitz zeta function <Math mode="inline" xml:id="C25.S1.p4.m1">\zeta\left(s,a\right)</Math> , the dilogarithm <Math mode="inline" xml:id="C25.S1.p4.m2">\mathrm{Li}_{2}\left(z\right)</Math> , the polylogarithm <Math mode="inline" xml:id="C25.S1.p4.m3">\mathrm{Li}_{s}\left(z\right)</Math> (also known as Jonquière’s function <Math mode="inline" xml:id="C25.S1.p4.m4">\phi\left(z,s\right)</Math> ), Lerch’s transcendent <Math mode="inline" xml:id="C25.S1.p4.m5">\Phi\left(z,s,a\right)</Math> , and the Dirichlet <Math mode="inline" xml:id="C25.S1.p4.m6">L</Math> -functions <Math mode="inline" xml:id="C25.S1.p4.m7">L\left(s,\chi\right)</Math>.
</sentence>

</para>
 
  
</section>
