<?xml version="1.0" encoding="UTF-8"?>
<section xml:id="C25.S18">
<title>Methods of Computation</title>        
 
<subsection xml:id="C25.S18.SS1">
<title>Function Values and Derivatives</title>        
    
<para xml:id="C25.S18.SS1.p1">

<sentence sentence-num-in-para="1" sentence-num-in-section="1" xml:id="C25.S18.SS1.p1.s1">
The principal tools for computing <Math mode="inline" xml:id="C25.S18.SS1.p1.m1">\zeta\left(s\right)</Math> are the expansion (25.2.9) for general values of <Math mode="inline" xml:id="C25.S18.SS1.p1.m2">s</Math> , and the Riemann–Siegel formula (25.10.3)(extended to higher terms) for <Math mode="inline" xml:id="C25.S18.SS1.p1.m3">\zeta\left(\frac{1}{2}+it\right)</Math>.
</sentence>

<sentence sentence-num-in-para="2" sentence-num-in-section="2" xml:id="C25.S18.SS1.p1.s2">
Details are provided inHaselgrove and Miller (1960).
</sentence>

<sentence sentence-num-in-para="3" sentence-num-in-section="3" xml:id="C25.S18.SS1.p1.s3">
See also Allasia and Besenghi (1989),Butzer and Hauss (1992), Kerimov (1980), andYeremin et al. (1985).
</sentence>

<sentence sentence-num-in-para="4" sentence-num-in-section="4" xml:id="C25.S18.SS1.p1.s4">
Calculations relating to derivatives of <Math mode="inline" xml:id="C25.S18.SS1.p1.m4">\zeta\left(s\right)</Math> and/or <Math mode="inline" xml:id="C25.S18.SS1.p1.m5">\zeta\left(s,a\right)</Math> can be found inApostol (1985a), Choudhury (1995), Miller and Adamchik (1998), and Yeremin et al. (1988).
</sentence>

</para>
  
<para xml:id="C25.S18.SS1.p2">

<sentence sentence-num-in-para="1" sentence-num-in-section="5" xml:id="C25.S18.SS1.p2.s1">
For the Hurwitz zeta function <Math mode="inline" xml:id="C25.S18.SS1.p2.m1">\zeta\left(s,a\right)</Math> seeSpanier and Oldham (1987, p. 653) and Coffey (2009).
</sentence>

</para>
 
  
<para xml:id="C25.S18.SS1.p3">

<sentence sentence-num-in-para="1" sentence-num-in-section="6" xml:id="C25.S18.SS1.p3.s1">
For dilogarithms and polylogarithms see Jacobs and Lambert (1972),Osácar et al. (1995), Spanier and Oldham (1987, pp. 231–232), and Zudilin (2007).
</sentence>

</para>
   
<para xml:id="C25.S18.SS1.p4">

<sentence sentence-num-in-para="1" sentence-num-in-section="7" xml:id="C25.S18.SS1.p4.s1">
For Fermi–Dirac and Bose–Einstein integrals see Cloutman (1989),Gautschi (1993), Mohankumar and Natarajan (1997),Natarajan and Mohankumar (1993), Paszkowski (1988, 1991),Pichon (1989), and Sagar (1991a, b).
</sentence>

</para>
 
</subsection>
 
<subsection xml:id="C25.S18.SS2">
<title>Zeros</title>        
   
<para xml:id="C25.S18.SS2.p1">

<sentence sentence-num-in-para="1" sentence-num-in-section="8" xml:id="C25.S18.SS2.p1.s1">
Most numerical calculations of the Riemann zeta function are concerned with locating zeros of <Math mode="inline" xml:id="C25.S18.SS2.p1.m1">\zeta\left(\frac{1}{2}+it\right)</Math> in an effort to prove or disprove the Riemann hypothesis, which states that all nontrivial zeros of <Math mode="inline" xml:id="C25.S18.SS2.p1.m2">\zeta\left(s\right)</Math> lie on the critical line <Math mode="inline" xml:id="C25.S18.SS2.p1.m3">\Re s=\frac{1}{2}</Math>.
</sentence>

<sentence sentence-num-in-para="2" sentence-num-in-section="9" xml:id="C25.S18.SS2.p1.s2">
Calculations to date (2008) have found no nontrivial zeros off the critical line.
</sentence>

<sentence sentence-num-in-para="3" sentence-num-in-section="10" xml:id="C25.S18.SS2.p1.s3">
For recent investigations see, for example, van de Lune et al. (1986) and Odlyzko (1987).
</sentence>

<sentence sentence-num-in-para="4" sentence-num-in-section="11" xml:id="C25.S18.SS2.p1.s4">
For earlier work see Haselgrove and Miller (1960).
</sentence>

</para>

 
</subsection>
 
</section>
