<?xml version="1.0" encoding="UTF-8"?>
<section xml:id="C25.S19">
<title>Tables</title>        
 
<para xml:id="C25.S19.p1">

<sentence sentence-num-in-para="1" sentence-num-in-section="1" xml:id="C25.S19.p1.s1">
Abramowitz and Stegun (1964) tabulates: <Math mode="inline" xml:id="C25.S19.I1.i1.p1.m1">\zeta\left(n\right)</Math> , <Math mode="inline" xml:id="C25.S19.I1.i1.p1.m2">n=2,3,4,\dots</Math> , 20D (p.
</sentence>

<sentence sentence-num-in-para="2" sentence-num-in-section="2" xml:id="C25.S19.p1.s2">
811); <Math mode="inline" xml:id="C25.S19.I1.i1.p1.m3">\mathrm{Li}_{2}\left(1-x\right)</Math> , <Math mode="inline" xml:id="C25.S19.I1.i1.p1.m4">x=0(.01)0.</Math>
</sentence>

<sentence sentence-num-in-para="3" sentence-num-in-section="3" xml:id="C25.S19.p1.s3">
5, 9D (p.
</sentence>

<sentence sentence-num-in-para="4" sentence-num-in-section="4" xml:id="C25.S19.p1.s4">
1005); <Math mode="inline" xml:id="C25.S19.I1.i1.p1.m5">f(\theta)</Math> , <Math mode="inline" xml:id="C25.S19.I1.i1.p1.m6">\theta=15^{\circ}(1^{\circ})30^{\circ}(2^{\circ})90^{\circ}(5^{\circ})180^{\circ}</Math> , <Math mode="inline" xml:id="C25.S19.I1.i1.p1.m7">f(\theta)+\theta\ln\theta</Math> , <Math mode="inline" xml:id="C25.S19.I1.i1.p1.m8">\theta=0(1^{\circ})15^{\circ}</Math> , 6D (p.
</sentence>

<sentence sentence-num-in-para="5" sentence-num-in-section="5" xml:id="C25.S19.p1.s5">
1006).
</sentence>

<sentence sentence-num-in-para="6" sentence-num-in-section="6" xml:id="C25.S19.p1.s6">
Here <Math mode="inline" xml:id="C25.S19.I1.i1.p1.m9">f(\theta)</Math> denotes Clausen’s integral, given by the right-hand side of (25.12.9).
</sentence>

<sentence sentence-num-in-para="7" sentence-num-in-section="7" xml:id="C25.S19.p1.s7">
Morris (1979) tabulates <Math mode="inline" xml:id="C25.S19.I1.i2.p1.m1">\mathrm{Li}_{2}\left(x\right)</Math> (§25.12(i)) for <Math mode="inline" xml:id="C25.S19.I1.i2.p1.m2">\pm x=0.02(.02)1(.1)</Math> 6 to 30D.
</sentence>

<sentence sentence-num-in-para="8" sentence-num-in-section="8" xml:id="C25.S19.p1.s8">
Cloutman (1989) tabulates <Math mode="inline" xml:id="C25.S19.I1.i3.p1.m1">\Gamma\left(s+1\right)F_{s}(x)</Math> , where <Math mode="inline" xml:id="C25.S19.I1.i3.p1.m2">F_{s}(x)</Math> is the Fermi–Dirac integral (25.12.14), for <Math mode="inline" xml:id="C25.S19.I1.i3.p1.m3">s=-\frac{1}{2},\frac{1}{2},\frac{3}{2},\frac{5}{2}</Math> , <Math mode="inline" xml:id="C25.S19.I1.i3.p1.m4">x=-5(.05)2</Math> 5, to 12S. Fletcher et al. (1962, §22.1) lists many sources for earlier tables of <Math mode="inline" xml:id="C25.S19.I1.i4.p1.m1">\zeta\left(s\right)</Math> for both real and complex <Math mode="inline" xml:id="C25.S19.I1.i4.p1.m2">s</Math>.
</sentence>

<sentence sentence-num-in-para="9" sentence-num-in-section="9" xml:id="C25.S19.p1.s9">
§22.133 gives sources for numerical values of coefficients in the Riemann–Siegel formula, §22.15 describes tables of values of <Math mode="inline" xml:id="C25.S19.I1.i4.p1.m3">\zeta\left(s,a\right)</Math> , and §22.17 lists tables for some Dirichlet <Math mode="inline" xml:id="C25.S19.I1.i4.p1.m4">L</Math> -functions for real characters.
</sentence>

<sentence sentence-num-in-para="10" sentence-num-in-section="10" xml:id="C25.S19.p1.s10">
For tables of dilogarithms, polylogarithms, and Clausen’s integral see §§22.84–22.858.
</sentence>

</para>
 
</section>
