<?xml version="1.0" encoding="UTF-8"?>
<section xml:id="C25.S20">
<title>Approximations</title>        
 
<para xml:id="C25.S20.p1">

<sentence sentence-num-in-para="1" sentence-num-in-section="1" xml:id="C25.S20.p1.s1">
Cody et al. (1971) gives rational approximations for <Math mode="inline" xml:id="C25.S20.I1.i1.p1.m1">\zeta\left(s\right)</Math> in the form of quotients of polynomials or quotients of Chebyshev series.
</sentence>

<sentence sentence-num-in-para="2" sentence-num-in-section="2" xml:id="C25.S20.p1.s2">
The ranges covered are <Math mode="inline" xml:id="C25.S20.I1.i1.p1.m2">0.5\leq s\leq 5</Math> , <Math mode="inline" xml:id="C25.S20.I1.i1.p1.m3">5\leq s\leq 11</Math> , <Math mode="inline" xml:id="C25.S20.I1.i1.p1.m4">11\leq s\leq 25</Math> , <Math mode="inline" xml:id="C25.S20.I1.i1.p1.m5">25\leq s\leq 55</Math>.
</sentence>

<sentence sentence-num-in-para="3" sentence-num-in-section="3" xml:id="C25.S20.p1.s3">
Precision is varied, with a maximum of 20S. Piessens and Branders (1972) gives the coefficients of the Chebyshev-series expansions of <Math mode="inline" xml:id="C25.S20.I1.i2.p1.m1">s\zeta\left(s+1\right)</Math> and <Math mode="inline" xml:id="C25.S20.I1.i2.p1.m2">\zeta\left(s+k\right)</Math> , <Math mode="inline" xml:id="C25.S20.I1.i2.p1.m3">k=2,3,4,5,8</Math> , for <Math mode="inline" xml:id="C25.S20.I1.i2.p1.m4">0\leq s\leq 1</Math> (23D).
</sentence>

<sentence sentence-num-in-para="4" sentence-num-in-section="4" xml:id="C25.S20.p1.s4">
Luke (1969b, p. 306) gives coefficients in Chebyshev-series expansions that cover <Math mode="inline" xml:id="C25.S20.I1.i3.p1.m1">\zeta\left(s\right)</Math> for <Math mode="inline" xml:id="C25.S20.I1.i3.p1.m2">0\leq s\leq 1</Math> (15D), <Math mode="inline" xml:id="C25.S20.I1.i3.p1.m3">\zeta\left(s+1\right)</Math> for <Math mode="inline" xml:id="C25.S20.I1.i3.p1.m4">0\leq s\leq 1</Math> (20D), and <Math mode="inline" xml:id="C25.S20.I1.i3.p1.m5">\ln\xi\left(\tfrac{1}{2}+ix\right)</Math> (§25.4) for <Math mode="inline" xml:id="C25.S20.I1.i3.p1.m6">-1\leq x\leq 1</Math> (20D).
</sentence>

<sentence sentence-num-in-para="5" sentence-num-in-section="5" xml:id="C25.S20.p1.s5">
For errata see Piessens and Branders (1972).
</sentence>

<sentence sentence-num-in-para="6" sentence-num-in-section="6" xml:id="C25.S20.p1.s6">
Morris (1979) gives rational approximations for <Math mode="inline" xml:id="C25.S20.I1.i4.p1.m1">\mathrm{Li}_{2}\left(x\right)</Math> (§25.12(i)) for <Math mode="inline" xml:id="C25.S20.I1.i4.p1.m2">0.5\leq x\leq 1</Math>.
</sentence>

<sentence sentence-num-in-para="7" sentence-num-in-section="7" xml:id="C25.S20.p1.s7">
Precision is varied with a maximum of 24S. Antia (1993) gives minimax rational approximations for <Math mode="inline" xml:id="C25.S20.I1.i5.p1.m1">\Gamma\left(s+1\right)F_{s}(x)</Math> , where <Math mode="inline" xml:id="C25.S20.I1.i5.p1.m2">F_{s}(x)</Math> is the Fermi–Dirac integral (25.12.14), for the intervals <Math mode="inline" xml:id="C25.S20.I1.i5.p1.m3">-\infty&lt;x\leq 2</Math> and <Math mode="inline" xml:id="C25.S20.I1.i5.p1.m4">2\leq x&lt;\infty</Math> , with <Math mode="inline" xml:id="C25.S20.I1.i5.p1.m5">s=-\frac{1}{2},\frac{1}{2},\frac{3}{2},\frac{5}{2}</Math>.
</sentence>

<sentence sentence-num-in-para="8" sentence-num-in-section="8" xml:id="C25.S20.p1.s8">
For each <Math mode="inline" xml:id="C25.S20.I1.i5.p1.m6">s</Math> there are three sets of approximations, with relative maximum errors <Math mode="inline" xml:id="C25.S20.I1.i5.p1.m7">10^{-4},10^{-8},10^{-12}</Math>.
</sentence>

</para>
 
</section>
