<?xml version="1.0" encoding="UTF-8"?>
<section xml:id="C25.S21">
<title>Software</title>        
 
<para xml:id="C25.S21.p1">

</para>

 
<subsection xml:id="C25.S21.SS1">
<title>Introduction</title>        
 
<para xml:id="C25.S21.SS1.p1">

<sentence sentence-num-in-para="1" sentence-num-in-section="1" xml:id="C25.S21.SS1.p1.s1">
In this section we provide links to the research literature describing the implementation of algorithms in software for the evaluation of functions described in this chapter.
</sentence>

<sentence sentence-num-in-para="2" sentence-num-in-section="2" xml:id="C25.S21.SS1.p1.s2">
Citations in bulleted lists refer to papers for which research software has been made available and can be downloaded via the Web.
</sentence>

<sentence sentence-num-in-para="3" sentence-num-in-section="3" xml:id="C25.S21.SS1.p1.s3">
References to research software that is available in other ways is listed separately.
</sentence>

</para>
 
<para xml:id="C25.S21.SS1.p2">

<sentence sentence-num-in-para="1" sentence-num-in-section="4" xml:id="C25.S21.SS1.p2.s1">
A more complete list of available software for computing these functions is found in the Software Index.
</sentence>

</para>
 
</subsection>
 
<subsection xml:id="C25.S21.SS2">
<title>Zeta Functions for Real Arguments</title>         
<para xml:id="C25.S21.SS2.p1">

<sentence sentence-num-in-para="1" sentence-num-in-section="5" xml:id="C25.S21.SS2.p1.s1">
Brent (1978b).
</sentence>

<sentence sentence-num-in-para="2" sentence-num-in-section="6" xml:id="C25.S21.SS2.p1.s2">
Fortran.
</sentence>

</para>
 
<para xml:id="C25.S21.SS2.p2">

<sentence sentence-num-in-para="1" sentence-num-in-section="7" xml:id="C25.S21.SS2.p2.s1">
See alsoMarkman (1965).
</sentence>

</para>
 
</subsection>
 
<subsection xml:id="C25.S21.SS3">
<title>Zeta Functions for Complex Arguments</title>         
<para xml:id="C25.S21.SS3.p1">

<sentence sentence-num-in-para="1" sentence-num-in-section="8" xml:id="C25.S21.SS3.p1.s1">
Bañuelos and Depine (1980).
</sentence>

<sentence sentence-num-in-para="2" sentence-num-in-section="9" xml:id="C25.S21.SS3.p1.s2">
Fortran.
</sentence>

</para>
 
<para xml:id="C25.S21.SS3.p2">

<sentence sentence-num-in-para="1" sentence-num-in-section="10" xml:id="C25.S21.SS3.p2.s1">
See alsoYeremin et al. (1988).
</sentence>

</para>
 
</subsection>
 
<subsection xml:id="C25.S21.SS4">
<title>Hurwitz Zeta Function</title>        
 
<para xml:id="C25.S21.SS4.p1">

<sentence sentence-num-in-para="1" sentence-num-in-section="11" xml:id="C25.S21.SS4.p1.s1">
No research software has been found for these functions.
</sentence>

<sentence sentence-num-in-para="2" sentence-num-in-section="12" xml:id="C25.S21.SS4.p1.s2">
For other software see theSoftware Index.
</sentence>

</para>
 
</subsection>
 
<subsection xml:id="C25.S21.SS5">
<title>Dilogarithms, Polylogarithms</title>         
<para xml:id="C25.S21.SS5.p1">

<sentence sentence-num-in-para="1" sentence-num-in-section="13" xml:id="C25.S21.SS5.p1.s1">
Brent (1978b).
</sentence>

<sentence sentence-num-in-para="2" sentence-num-in-section="14" xml:id="C25.S21.SS5.p1.s2">
Fortran.
</sentence>

<sentence sentence-num-in-para="3" sentence-num-in-section="15" xml:id="C25.S21.SS5.p1.s3">
Ginsberg and Zaborowski (1975).
</sentence>

<sentence sentence-num-in-para="4" sentence-num-in-section="16" xml:id="C25.S21.SS5.p1.s4">
Fortran.
</sentence>

</para>
 
<para xml:id="C25.S21.SS5.p2">

<sentence sentence-num-in-para="1" sentence-num-in-section="17" xml:id="C25.S21.SS5.p2.s1">
See alsoKölbig (1968).
</sentence>

</para>
 
</subsection>
 
<subsection xml:id="C25.S21.SS6">
<title>Clausen’s Integral</title>         
<para xml:id="C25.S21.SS6.p1">

<sentence sentence-num-in-para="1" sentence-num-in-section="18" xml:id="C25.S21.SS6.p1.s1">
See §25.12(i).
</sentence>

<sentence sentence-num-in-para="2" sentence-num-in-section="19" xml:id="C25.S21.SS6.p1.s2">
MacLeod (1996a).
</sentence>

<sentence sentence-num-in-para="3" sentence-num-in-section="20" xml:id="C25.S21.SS6.p1.s3">
Fortran.
</sentence>

</para>

 
</subsection>
 
<subsection xml:id="C25.S21.SS7">
<title>Fermi–Dirac and Bose–Einstein Integrals</title>         
<para xml:id="C25.S21.SS7.p1">

<sentence sentence-num-in-para="1" sentence-num-in-section="21" xml:id="C25.S21.SS7.p1.s1">
Antia (1993).
</sentence>

<sentence sentence-num-in-para="2" sentence-num-in-section="22" xml:id="C25.S21.SS7.p1.s2">
Fortran.
</sentence>

<sentence sentence-num-in-para="3" sentence-num-in-section="23" xml:id="C25.S21.SS7.p1.s3">
Bañuelos et al. (1981).
</sentence>

<sentence sentence-num-in-para="4" sentence-num-in-section="24" xml:id="C25.S21.SS7.p1.s4">
Fortran.
</sentence>

<sentence sentence-num-in-para="5" sentence-num-in-section="25" xml:id="C25.S21.SS7.p1.s5">
Cloutman (1989).
</sentence>

<sentence sentence-num-in-para="6" sentence-num-in-section="26" xml:id="C25.S21.SS7.p1.s6">
Fortran.
</sentence>

<sentence sentence-num-in-para="7" sentence-num-in-section="27" xml:id="C25.S21.SS7.p1.s7">
Fullerton and Rinker (1986).
</sentence>

<sentence sentence-num-in-para="8" sentence-num-in-section="28" xml:id="C25.S21.SS7.p1.s8">
Fortran.
</sentence>

<sentence sentence-num-in-para="9" sentence-num-in-section="29" xml:id="C25.S21.SS7.p1.s9">
Gautschi (1993).
</sentence>

<sentence sentence-num-in-para="10" sentence-num-in-section="30" xml:id="C25.S21.SS7.p1.s10">
Fortran.
</sentence>

<sentence sentence-num-in-para="11" sentence-num-in-section="31" xml:id="C25.S21.SS7.p1.s11">
Goano (1995).
</sentence>

<sentence sentence-num-in-para="12" sentence-num-in-section="32" xml:id="C25.S21.SS7.p1.s12">
Fortran.
</sentence>

<sentence sentence-num-in-para="13" sentence-num-in-section="33" xml:id="C25.S21.SS7.p1.s13">
Gong et al. (2001).
</sentence>

<sentence sentence-num-in-para="14" sentence-num-in-section="34" xml:id="C25.S21.SS7.p1.s14">
Fortran.
</sentence>

<sentence sentence-num-in-para="15" sentence-num-in-section="35" xml:id="C25.S21.SS7.p1.s15">
MacLeod (1998).
</sentence>

<sentence sentence-num-in-para="16" sentence-num-in-section="36" xml:id="C25.S21.SS7.p1.s16">
Fortran.
</sentence>

</para>
 
<para xml:id="C25.S21.SS7.p2">

<sentence sentence-num-in-para="1" sentence-num-in-section="37" xml:id="C25.S21.SS7.p2.s1">
See alsoThompson (1996) and Trellakis et al. (1997).
</sentence>

</para>
 
</subsection>
 
<subsection xml:id="C25.S21.SS8">
<title>Lerch’s Transcendent</title>         
<para xml:id="C25.S21.SS8.p1">

<sentence sentence-num-in-para="1" sentence-num-in-section="38" xml:id="C25.S21.SS8.p1.s1">
Aksenov et al. (2003).
</sentence>

</para>
 
</subsection>
 
<subsection xml:id="C25.S21.SS9">
<title>Dirichlet <Math mode="inline" xml:id="C25.S21.SS9.m1">L</Math>-series</title>        
 
<para xml:id="C25.S21.SS9.p1">

<sentence sentence-num-in-para="1" sentence-num-in-section="39" xml:id="C25.S21.SS9.p1.s1">
No research software has been found for these functions.
</sentence>

<sentence sentence-num-in-para="2" sentence-num-in-section="40" xml:id="C25.S21.SS9.p1.s2">
For other software see theSoftware Index.
</sentence>

</para>
 
</subsection>
 
</section>
