{"expression":{"xml-id":"C25.S17.p1.m1","tex":"$\\zeta\\left(s\\right)$","context":{"sentence-num-in-corpus":"14421","sentence-xmlid":"C25.S17.p1.s1","chapter-title":"Zeta and Related Functions","chapter-xmlid":"C25","section-title":"Physical Applications","sentence-num-in-chapter":"257","section-xmlid":"C25.S17","sentence-num-in-section":"1","para-num-of-sentences":"3","para-xmlid":"C25.S17.p1"},"content-tex":"$\\Riemannzeta@{s}$"}}{"expression":{"xml-id":"C25.S15.m2a","tex":"$L$","context":{"chapter-title":"Zeta and Related Functions","chapter-xmlid":"C25"},"content-tex":"$\\DirichletL$"}}