<?xml version="1.0" encoding="UTF-8"?>
<section xml:id="C2.S5">
<title>Mellin Transform Methods</title>        
  
<subsection xml:id="C2.S5.SS1">
<title>Introduction</title>        
  
<para xml:id="C2.S5.SS1.p1">

<sentence sentence-num-in-para="1" sentence-num-in-section="1" xml:id="C2.S5.SS1.p1.s1">
Let <Math mode="inline" xml:id="C2.S5.SS1.p1.m1">f(t)</Math> be a locally integrable function on <Math mode="inline" xml:id="C2.S5.SS1.p1.m2">(0,\infty)</Math> , that is, <Math mode="inline" xml:id="C2.S5.SS1.p1.m3">\int_{\rho}^{T}f(t)\mathrm{d}t</Math> exists for all <Math mode="inline" xml:id="C2.S5.SS1.p1.m4">\rho</Math> and <Math mode="inline" xml:id="C2.S5.SS1.p1.m5">T</Math> satisfying <Math mode="inline" xml:id="C2.S5.SS1.p1.m6">0&lt;\rho&lt;T&lt;\infty</Math>.
</sentence>

<sentence sentence-num-in-para="2" sentence-num-in-section="2" xml:id="C2.S5.SS1.p1.s2">
The Mellin transform of <Math mode="inline" xml:id="C2.S5.SS1.p1.m7">f(t)</Math> is defined by <Math equation-number="2.5.1" mode="display" xml:id="C2.S5.E1">\mathscr{M}\mskip-3.0mu f\mskip 3.0mu \left(z\right)=\int_{0}^{\infty}t^{z-1}f (t)\mathrm{d}t,</Math> when this integral converges.
</sentence>

<sentence sentence-num-in-para="3" sentence-num-in-section="3" xml:id="C2.S5.SS1.p1.s3">
The domain of analyticity of <Math mode="inline" xml:id="C2.S5.SS1.p1.m8">\mathscr{M}\mskip-3.0mu f\mskip 3.0mu \left(z\right)</Math> is usually an infinite strip <Math mode="inline" xml:id="C2.S5.SS1.p1.m9">a&lt;\Re z&lt;b</Math> parallel to the imaginary axis.
</sentence>

<sentence sentence-num-in-para="4" sentence-num-in-section="4" xml:id="C2.S5.SS1.p1.s4">
The inversion formula is given by <Math equation-number="2.5.2" mode="display" xml:id="C2.S5.E2">f(t)=\frac{1}{2\pi i}\int_{c-i\infty}^{c+i\infty}t^{-z}\mathscr{M}\mskip-3.0mu f\mskip 3.0mu \left(z\right)\mathrm{d}z,</Math> with <Math mode="inline" xml:id="C2.S5.SS1.p1.m10">a&lt;c&lt;b</Math>.
</sentence>

</para>
 
 
<para xml:id="C2.S5.SS1.p2">

<sentence sentence-num-in-para="1" sentence-num-in-section="5" xml:id="C2.S5.SS1.p2.s1">
One of the two convolution integrals associated with the Mellin transform is of the form <Math equation-number="2.5.3" mode="display" xml:id="C2.S5.E3">I(x)=\int_{0}^{\infty}f(t)\,h(xt)\mathrm{d}t, if x&gt;0,</Math> and <Math equation-number="2.5.4" mode="display" xml:id="C2.S5.E4">\mathscr{M}\mskip-3.0mu I\mskip 3.0mu \left(z\right)=\mathscr{M}\mskip-3.0mu f \mskip 3.0mu \left(1-z\right)\mathscr{M}\mskip-3.0mu h\mskip 3.0mu \left(z \right)</Math>.
</sentence>

<sentence sentence-num-in-para="2" sentence-num-in-section="6" xml:id="C2.S5.SS1.p2.s2">
If <Math mode="inline" xml:id="C2.S5.SS1.p2.m1">\mathscr{M}\mskip-3.0mu f\mskip 3.0mu \left(1-z\right)</Math> and <Math mode="inline" xml:id="C2.S5.SS1.p2.m2">\mathscr{M}\mskip-3.0mu h\mskip 3.0mu \left(z\right)</Math> have a common strip of analyticity <Math mode="inline" xml:id="C2.S5.SS1.p2.m3">a&lt;\Re z&lt;b</Math> , then <Math equation-number="2.5.5" mode="display" xml:id="C2.S5.E5">I(x)=\frac{1}{2\pi i}\int_{c-i\infty}^{c+i\infty}x^{-z}\mathscr{M}\mskip-3.0mu f\mskip 3.0mu \left(1-z\right)\mathscr{M}\mskip-3.0mu h\mskip 3.0mu \left(z \right)\mathrm{d}z,</Math> where <Math mode="inline" xml:id="C2.S5.SS1.p2.m4">a&lt;c&lt;b</Math>.
</sentence>

<sentence sentence-num-in-para="3" sentence-num-in-section="7" xml:id="C2.S5.SS1.p2.s3">
When <Math mode="inline" xml:id="C2.S5.SS1.p2.m5">x=1</Math> , this identity is a Parseval-type formula; compare §1.14(iv).
</sentence>

</para>
 
<para xml:id="C2.S5.SS1.p3">

<sentence sentence-num-in-para="1" sentence-num-in-section="8" xml:id="C2.S5.SS1.p3.s1">
If <Math mode="inline" xml:id="C2.S5.SS1.p3.m1">\mathscr{M}\mskip-3.0mu f\mskip 3.0mu \left(1-z\right)</Math> and <Math mode="inline" xml:id="C2.S5.SS1.p3.m2">\mathscr{M}\mskip-3.0mu h\mskip 3.0mu \left(z\right)</Math> can be continued analytically to meromorphic functions in a left half-plane, and if the contour <Math mode="inline" xml:id="C2.S5.SS1.p3.m3">\Re z=c</Math> can be translated to <Math mode="inline" xml:id="C2.S5.SS1.p3.m4">\Re z=d</Math> with <Math mode="inline" xml:id="C2.S5.SS1.p3.m5">d&lt;c</Math> , then <Math equation-number="2.5.6" mode="display" xml:id="C2.S5.E6">I(x)=\sum\limits_{d&lt;\Re z&lt;c}\Residue\left[x^{-z}\mathscr{M}\mskip-3.0mu f \mskip 3.0mu \left(1-z\right)\mathscr{M}\mskip-3.0mu h\mskip 3.0mu \left(z \right)\right]+E(x),</Math> where <Math equation-number="2.5.7" mode="display" xml:id="C2.S5.E7">E(x)=\frac{1}{2\pi i}\int_{d-i\infty}^{d+i\infty}x^{-z}\mathscr{M}\mskip-3.0mu f\mskip 3.0mu \left(1-z\right)\mathscr{M}\mskip-3.0mu h\mskip 3.0mu \left(z \right)\mathrm{d}z</Math>.
</sentence>

<sentence sentence-num-in-para="2" sentence-num-in-section="9" xml:id="C2.S5.SS1.p3.s2">
The sum in (2.5.6) is taken over all poles of <Math mode="inline" xml:id="C2.S5.SS1.p3.m6">x^{-z}\mathscr{M}\mskip-3.0mu f\mskip 3.0mu \left(1-z\right)\mathscr{M}\mskip- 3.0mu h\mskip 3.0mu \left(z\right)</Math> in the strip <Math mode="inline" xml:id="C2.S5.SS1.p3.m7">d&lt;\Re z&lt;c</Math> , and it provides the asymptotic expansion of <Math mode="inline" xml:id="C2.S5.SS1.p3.m8">I(x)</Math> for small values of <Math mode="inline" xml:id="C2.S5.SS1.p3.m9">x</Math>.
</sentence>

<sentence sentence-num-in-para="3" sentence-num-in-section="10" xml:id="C2.S5.SS1.p3.s3">
Similarly, if <Math mode="inline" xml:id="C2.S5.SS1.p3.m10">\mathscr{M}\mskip-3.0mu f\mskip 3.0mu \left(1-z\right)</Math> and <Math mode="inline" xml:id="C2.S5.SS1.p3.m11">\mathscr{M}\mskip-3.0mu h\mskip 3.0mu \left(z\right)</Math> can be continued analytically to meromorphic functions in a right half-plane, and if the vertical line of integration can be translated to the right, then we obtain an asymptotic expansion for <Math mode="inline" xml:id="C2.S5.SS1.p3.m12">I(x)</Math> for large values of <Math mode="inline" xml:id="C2.S5.SS1.p3.m13">x</Math>.
</sentence>

</para>
 
<paragraph xml:id="C2.S5.Px1">
<title>Example</title>   
<para xml:id="C2.S5.Px1.p1">

<sentence sentence-num-in-para="1" sentence-num-in-section="11" xml:id="C2.S5.Px1.p1.s1">
 <Math equation-number="2.5.8" mode="display" xml:id="C2.S5.E8">I(x)=\int_{0}^{\infty}\frac{{J_{\nu}^{2}}\left(xt\right)}{1+t}\mathrm{d}t, if \nu&gt;-\tfrac{1}{2},</Math> where <Math mode="inline" xml:id="C2.S5.Px1.p1.m1">J_{\nu}</Math> denotes the Bessel function (§10.2(ii)), and <Math mode="inline" xml:id="C2.S5.Px1.p1.m2">x</Math> is a large positive parameter.
</sentence>

<sentence sentence-num-in-para="2" sentence-num-in-section="12" xml:id="C2.S5.Px1.p1.s2">
Let <Math mode="inline" xml:id="C2.S5.Px1.p1.m3">h(t)={J_{\nu}^{2}}\left(t\right)</Math> and <Math mode="inline" xml:id="C2.S5.Px1.p1.m4">f(t)=1/(1+t)</Math>.
</sentence>

<sentence sentence-num-in-para="3" sentence-num-in-section="13" xml:id="C2.S5.Px1.p1.s3">
Then from Table 1.14.5 andWatson (1944, p. 403) <Math equation-number="2.5.9" mode="display" xml:id="C2.S5.E9">\mathscr{M}\mskip-3.0mu f\mskip 3.0mu \left(1-z\right)=\frac{\pi}{\sin\left( \pi z\right)}, if 0&lt;\Re z&lt;1,</Math> <Math equation-number="2.5.10" mode="display" xml:id="C2.S5.E10">\mathscr{M}\mskip-3.0mu h\mskip 3.0mu \left(z\right)=\frac{2^{z-1}\Gamma\left( \nu+\frac{1}{2}z\right)}{{\Gamma^{2}}\left(1-\frac{1}{2}z\right)\Gamma\left(1+ \nu-\frac{1}{2}z\right)\Gamma\left(z\right)}\frac{\pi}{\sin\left(\pi z\right)}, if -2\nu&lt;\Re z&lt;1</Math>.
</sentence>

<sentence sentence-num-in-para="4" sentence-num-in-section="14" xml:id="C2.S5.Px1.p1.s4">
In the half-plane <Math mode="inline" xml:id="C2.S5.Px1.p1.m5">\Re z&gt;\max(0,-2\nu)</Math> , the product <Math mode="inline" xml:id="C2.S5.Px1.p1.m6">\mathscr{M}\mskip-3.0mu f\mskip 3.0mu \left(1-z\right)\mathscr{M}\mskip-3.0mu h\mskip 3.0mu \left(z\right)</Math> has a pole of order two at each positive integer, and <Math equation-number="2.5.11" mode="display" xml:id="C2.S5.E11">\Residue_{z=n}\left[x^{-z}\mathscr{M}\mskip-3.0mu f\mskip 3.0mu \left(1-z \right)\mathscr{M}\mskip-3.0mu h\mskip 3.0mu \left(z\right)\right]=(a_{n}\ln x +b_{n})x^{-n},</Math> where <Math equation-number="2.5.12" mode="display" xml:id="C2.S5.E12">a_{n}=\frac{2^{n-1}\Gamma\left(\nu+\tfrac{1}{2}n\right)}{{\Gamma^{2}}\left(1- \tfrac{1}{2}n\right)\Gamma\left(1+\nu-\tfrac{1}{2}n\right)\Gamma\left(n\right)},</Math> , <Math equation-number="2.5.13" mode="display" xml:id="C2.S5.E13">b_{n}=-a_{n}\left(\ln 2+\tfrac{1}{2}\psi\left(\nu+\tfrac{1}{2}n\right)+\psi \left(1-\tfrac{1}{2}n\right)+\tfrac{1}{2}\psi\left(1+\nu-\tfrac{1}{2}n\right)- \psi\left(n\right)\right),</Math> and <Math mode="inline" xml:id="C2.S5.Px1.p1.m7">\psi</Math> is the logarithmic derivative of the gamma function (§5.2(i)).
</sentence>

</para>
 
<para xml:id="C2.S5.Px1.p2">

<sentence sentence-num-in-para="1" sentence-num-in-section="15" xml:id="C2.S5.Px1.p2.s1">
We now apply (2.5.5) with <Math mode="inline" xml:id="C2.S5.Px1.p2.m1">\max(0,-2\nu)&lt;c&lt;1</Math> , and then translate the integration contour to the right.
</sentence>

<sentence sentence-num-in-para="2" sentence-num-in-section="16" xml:id="C2.S5.Px1.p2.s2">
This is allowable in view ofthe asymptotic formula <Math equation-number="2.5.14" mode="display" xml:id="C2.S5.E14">|\Gamma\left(x+iy\right)|=\sqrt{2\pi}e^{-\pi|y|/2}|y|^{x-(1/2)}\left(1+o\left( 1\right)\right),</Math> as <Math mode="inline" xml:id="C2.S5.Px1.p2.m2">y\to\pm\infty</Math> , uniformly for bounded <Math mode="inline" xml:id="C2.S5.Px1.p2.m3">|x|</Math> ; see (5.11.9).
</sentence>

<sentence sentence-num-in-para="3" sentence-num-in-section="17" xml:id="C2.S5.Px1.p2.s3">
Then as in (2.5.6) and (2.5.7), with <Math mode="inline" xml:id="C2.S5.Px1.p2.m4">d=2n+1-\epsilon</Math> <Math mode="inline" xml:id="C2.S5.Px1.p2.m5">(0&lt;\epsilon&lt;1)</Math> , we obtain <Math equation-number="2.5.15" mode="display" xml:id="C2.S5.E15">I(x)=-\sum_{s=0}^{2n}(a_{s}\ln x+b_{s})x^{-s}+O\left(x^{-2n-1+\epsilon}\right), if n=0,1,2,\dots</Math>.
</sentence>

<sentence sentence-num-in-para="4" sentence-num-in-section="18" xml:id="C2.S5.Px1.p2.s4">
From (2.5.12) and (2.5.13), it is seen that <Math mode="inline" xml:id="C2.S5.Px1.p2.m6">a_{s}=b_{s}=0</Math> when <Math mode="inline" xml:id="C2.S5.Px1.p2.m7">s</Math> is even.
</sentence>

<sentence sentence-num-in-para="5" sentence-num-in-section="19" xml:id="C2.S5.Px1.p2.s5">
Hence <Math equation-number="2.5.16" mode="display" xml:id="C2.S5.E16">I(x)=\sum_{s=0}^{n-1}(c_{s}\ln x+d_{s})x^{-2s-1}+O\left(x^{-2n-1+\epsilon} \right),</Math> where <Math mode="inline" xml:id="C2.S5.Px1.p2.m8">c_{s}=-a_{2s+1}</Math> , <Math mode="inline" xml:id="C2.S5.Px1.p2.m9">d_{s}=-b_{2s+1}</Math>.
</sentence>

</para>
 
</paragraph>
 
</subsection>
 
<subsection xml:id="C2.S5.SS2">
<title>Extensions</title>          
<para xml:id="C2.S5.SS2.p1">

<sentence sentence-num-in-para="1" sentence-num-in-section="20" xml:id="C2.S5.SS2.p1.s1">
Let <Math mode="inline" xml:id="C2.S5.SS2.p1.m1">f(t)</Math> and <Math mode="inline" xml:id="C2.S5.SS2.p1.m2">h(t)</Math> be locally integrable on <Math mode="inline" xml:id="C2.S5.SS2.p1.m3">(0,\infty)</Math> and <Math equation-number="2.5.17" mode="display" xml:id="C2.S5.E17">f(t)\sim\sum_{s=0}^{\infty}a_{s}t^{\alpha_{s}}, if t\to 0+,</Math> where <Math mode="inline" xml:id="C2.S5.SS2.p1.m4">\Re\alpha_{s}&gt;\Re\alpha_{s^{\prime}}</Math> for <Math mode="inline" xml:id="C2.S5.SS2.p1.m5">s&gt;s^{\prime}</Math> , and <Math mode="inline" xml:id="C2.S5.SS2.p1.m6">\Re\alpha_{s}\to+\infty</Math> as <Math mode="inline" xml:id="C2.S5.SS2.p1.m7">s\to\infty</Math>.
</sentence>

<sentence sentence-num-in-para="2" sentence-num-in-section="21" xml:id="C2.S5.SS2.p1.s2">
Also, let <Math equation-number="2.5.18" mode="display" xml:id="C2.S5.E18">h(t)\sim\exp\left(i\kappa t^{p}\right)\sum_{s=0}^{\infty}b_{s}t^{-\beta_{s}}, if t\to+\infty,</Math> where <Math mode="inline" xml:id="C2.S5.SS2.p1.m8">\kappa</Math> is real, <Math mode="inline" xml:id="C2.S5.SS2.p1.m9">p&gt;0</Math> , <Math mode="inline" xml:id="C2.S5.SS2.p1.m10">\Re\beta_{s}&gt;\Re\beta_{s^{\prime}}</Math> for <Math mode="inline" xml:id="C2.S5.SS2.p1.m11">s&gt;s^{\prime}</Math> , and <Math mode="inline" xml:id="C2.S5.SS2.p1.m12">\Re\beta_{s}\to+\infty</Math> as <Math mode="inline" xml:id="C2.S5.SS2.p1.m13">s\to\infty</Math>.
</sentence>

<sentence sentence-num-in-para="3" sentence-num-in-section="22" xml:id="C2.S5.SS2.p1.s3">
To ensure that the integral (2.5.3) converges we assume that <Math equation-number="2.5.19" mode="display" xml:id="C2.S5.E19">f(t)=O\left(t^{-b}\right), if t\to+\infty,</Math> with <Math mode="inline" xml:id="C2.S5.SS2.p1.m14">b+\Re\beta_{0}&gt;1</Math> , and <Math equation-number="2.5.20" mode="display" xml:id="C2.S5.E20">h(t)=O\left(t^{c}\right), if t\to 0+,</Math> with <Math mode="inline" xml:id="C2.S5.SS2.p1.m15">c+\Re\alpha_{0}&gt;-1</Math>.
</sentence>

<sentence sentence-num-in-para="4" sentence-num-in-section="23" xml:id="C2.S5.SS2.p1.s4">
To apply the Mellin transform method outlined in §2.5(i), we require the transforms <Math mode="inline" xml:id="C2.S5.SS2.p1.m16">\mathscr{M}\mskip-3.0mu f\mskip 3.0mu \left(1-z\right)</Math> and <Math mode="inline" xml:id="C2.S5.SS2.p1.m17">\mathscr{M}\mskip-3.0mu h\mskip 3.0mu \left(z\right)</Math> to have a common strip of analyticity.
</sentence>

<sentence sentence-num-in-para="5" sentence-num-in-section="24" xml:id="C2.S5.SS2.p1.s5">
This, in turn, requires <Math mode="inline" xml:id="C2.S5.SS2.p1.m18">-b&lt;\Re\alpha_{0}</Math> , <Math mode="inline" xml:id="C2.S5.SS2.p1.m19">-c&lt;\Re\beta_{0}</Math> , and either <Math mode="inline" xml:id="C2.S5.SS2.p1.m20">-c&lt;\Re\alpha_{0}+1</Math> or <Math mode="inline" xml:id="C2.S5.SS2.p1.m21">1-b&lt;\Re\beta_{0}</Math>.
</sentence>

<sentence sentence-num-in-para="6" sentence-num-in-section="25" xml:id="C2.S5.SS2.p1.s6">
Following Handelsman and Lew (1970, 1971) we now give an extension of this method in which none of these conditions is required.
</sentence>

</para>
 
<para xml:id="C2.S5.SS2.p2">

<sentence sentence-num-in-para="1" sentence-num-in-section="26" xml:id="C2.S5.SS2.p2.s1">
First, we introduce the truncated functions <Math mode="inline" xml:id="C2.S5.SS2.p2.m1">f_{1}(t)</Math> and <Math mode="inline" xml:id="C2.S5.SS2.p2.m2">f_{2}(t)</Math> defined by <Math equation-number="2.5.21" mode="display" xml:id="C2.S5.E21">f_{1}(t)=\begin{cases}f(t),&amp;0&lt;t\leq 1,\\ 0,&amp;1&lt;t&lt;\infty,\end{cases}</Math> , <Math equation-number="2.5.22" mode="display" xml:id="C2.S5.E22">f_{2}(t)=f(t)-f_{1}(t)</Math>.
</sentence>

<sentence sentence-num-in-para="2" sentence-num-in-section="27" xml:id="C2.S5.SS2.p2.s2">
Similarly, <Math equation-number="2.5.23" mode="display" xml:id="C2.S5.E23">h_{1}(t)=\begin{cases}h(t),&amp;0&lt;t\leq 1,\\ 0,&amp;1&lt;t&lt;\infty,\end{cases}</Math> , <Math equation-number="2.5.24" mode="display" xml:id="C2.S5.E24">h_{2}(t)=h(t)-h_{1}(t)</Math>.
</sentence>

<sentence sentence-num-in-para="3" sentence-num-in-section="28" xml:id="C2.S5.SS2.p2.s3">
With these definitions and the conditions (2.5.17)–(2.5.20) the Mellin transforms converge absolutely and define analytic functions in the half-planes shown in Table 2.5.1.
</sentence>

</para>
         
<sentence sentence-num-in-section="29" xml:id="C2.S5.T1.s1">
Table 2.5.1: Domains of convergence for Mellin transforms.
</sentence> 

<sentence sentence-num-in-section="30" sentence-num-in-table="1" xml:id="C2.S5.T1.t1.s1">
Transform
</sentence>

<sentence sentence-num-in-section="31" sentence-num-in-table="2" xml:id="C2.S5.T1.t1.s2">
Domain of Convergence
</sentence>

<sentence sentence-num-in-section="32" sentence-num-in-table="3" xml:id="C2.S5.T1.t1.s3">
<Math mode="inline" xml:id="C2.S5.T1.t1.r2.m1">\mathscr{M}\mskip-3.0mu f_{1}\mskip 3.0mu \left(z\right)</Math>
</sentence>

<sentence sentence-num-in-section="33" sentence-num-in-table="4" xml:id="C2.S5.T1.t1.s4">
<Math mode="inline" xml:id="C2.S5.T1.t1.r2.m2">\Re z&amp;gt;-\Re\alpha_{0}</Math>
</sentence>

<sentence sentence-num-in-section="34" sentence-num-in-table="5" xml:id="C2.S5.T1.t1.s5">
<Math mode="inline" xml:id="C2.S5.T1.t1.r3.m1">\mathscr{M}\mskip-3.0mu f_{2}\mskip 3.0mu \left(z\right)</Math>
</sentence>

<sentence sentence-num-in-section="35" sentence-num-in-table="6" xml:id="C2.S5.T1.t1.s6">
<Math mode="inline" xml:id="C2.S5.T1.t1.r3.m2">\Re z&amp;lt;b</Math>
</sentence>

<sentence sentence-num-in-section="36" sentence-num-in-table="7" xml:id="C2.S5.T1.t1.s7">
<Math mode="inline" xml:id="C2.S5.T1.t1.r4.m1">\mathscr{M}\mskip-3.0mu h_{1}\mskip 3.0mu \left(z\right)</Math>
</sentence>

<sentence sentence-num-in-section="37" sentence-num-in-table="8" xml:id="C2.S5.T1.t1.s8">
<Math mode="inline" xml:id="C2.S5.T1.t1.r4.m2">\Re z&amp;gt;-c</Math>
</sentence>

<sentence sentence-num-in-section="38" sentence-num-in-table="9" xml:id="C2.S5.T1.t1.s9">
<Math mode="inline" xml:id="C2.S5.T1.t1.r5.m1">\mathscr{M}\mskip-3.0mu h_{2}\mskip 3.0mu \left(z\right)</Math>
</sentence>

<sentence sentence-num-in-section="39" sentence-num-in-table="10" xml:id="C2.S5.T1.t1.s10">
<Math mode="inline" xml:id="C2.S5.T1.t1.r5.m2">\Re z&amp;lt;\Re\beta_{0}</Math>
</sentence>
  
<para xml:id="C2.S5.SS2.p3">

<sentence sentence-num-in-para="1" sentence-num-in-section="40" xml:id="C2.S5.SS2.p3.s1">
Furthermore, <Math mode="inline" xml:id="C2.S5.SS2.p3.m1">\mathscr{M}\mskip-3.0mu f_{1}\mskip 3.0mu \left(z\right)</Math> can be continued analytically to ameromorphic function on the entire <Math mode="inline" xml:id="C2.S5.SS2.p3.m2">z</Math> -plane, whose singularities are simple poles at <Math mode="inline" xml:id="C2.S5.SS2.p3.m3">-\alpha_{s}</Math> , <Math mode="inline" xml:id="C2.S5.SS2.p3.m4">s=0,1,2,\dots</Math> , with principal part <Math equation-number="2.5.25" mode="display" xml:id="C2.S5.E25">a_{s}/\left(z+\alpha_{s}\right)</Math>.
</sentence>

</para>
 
<para xml:id="C2.S5.SS2.p4">

<sentence sentence-num-in-para="1" sentence-num-in-section="41" xml:id="C2.S5.SS2.p4.s1">
By Table 2.5.1,
</sentence>

<sentence sentence-num-in-para="2" sentence-num-in-section="42" xml:id="C2.S5.SS2.p4.s2">
<Math mode="inline" xml:id="C2.S5.SS2.p4.m1">\mathscr{M}\mskip-3.0mu f_{2}\mskip 3.0mu \left(z\right)</Math> is an analytic function in the half-plane <Math mode="inline" xml:id="C2.S5.SS2.p4.m2">\Re z&lt;b</Math>.
</sentence>

<sentence sentence-num-in-para="3" sentence-num-in-section="43" xml:id="C2.S5.SS2.p4.s3">
Hence we can extend the definition of the Mellin transform of <Math mode="inline" xml:id="C2.S5.SS2.p4.m3">f</Math> by setting <Math equation-number="2.5.26" mode="display" xml:id="C2.S5.E26">\mathscr{M}\mskip-3.0mu f\mskip 3.0mu \left(z\right)=\mathscr{M}\mskip-3.0mu f _{1}\mskip 3.0mu \left(z\right)+\mathscr{M}\mskip-3.0mu f_{2}\mskip 3.0mu \left(z\right)</Math> for <Math mode="inline" xml:id="C2.S5.SS2.p4.m4">\Re z&lt;b</Math>.
</sentence>

<sentence sentence-num-in-para="4" sentence-num-in-section="44" xml:id="C2.S5.SS2.p4.s4">
The extended transform <Math mode="inline" xml:id="C2.S5.SS2.p4.m5">\mathscr{M}\mskip-3.0mu f\mskip 3.0mu \left(z\right)</Math> has the same properties as <Math mode="inline" xml:id="C2.S5.SS2.p4.m6">\mathscr{M}\mskip-3.0mu f_{1}\mskip 3.0mu \left(z\right)</Math> in the half-plane <Math mode="inline" xml:id="C2.S5.SS2.p4.m7">\Re z&lt;b</Math>.
</sentence>

</para>
 
<para xml:id="C2.S5.SS2.p5">

<sentence sentence-num-in-para="1" sentence-num-in-section="45" xml:id="C2.S5.SS2.p5.s1">
Similarly, if <Math mode="inline" xml:id="C2.S5.SS2.p5.m1">\kappa=0</Math> in (2.5.18), then <Math mode="inline" xml:id="C2.S5.SS2.p5.m2">\mathscr{M}\mskip-3.0mu h_{2}\mskip 3.0mu \left(z\right)</Math> can be continued analytically to a meromorphic function on the entire <Math mode="inline" xml:id="C2.S5.SS2.p5.m3">z</Math> -plane with simple poles at <Math mode="inline" xml:id="C2.S5.SS2.p5.m4">\beta_{s}</Math> , <Math mode="inline" xml:id="C2.S5.SS2.p5.m5">s=0,1,2,\dots</Math> , with principal part <Math equation-number="2.5.27" mode="display" xml:id="C2.S5.E27">-b_{s}/\left(z-\beta_{s}\right)</Math>.
</sentence>

<sentence sentence-num-in-para="2" sentence-num-in-section="46" xml:id="C2.S5.SS2.p5.s2">
Alternatively, if <Math mode="inline" xml:id="C2.S5.SS2.p5.m6">\kappa\neq 0</Math> in (2.5.18), then <Math mode="inline" xml:id="C2.S5.SS2.p5.m7">\mathscr{M}\mskip-3.0mu h_{2}\mskip 3.0mu \left(z\right)</Math> can be continued analytically to an entire function.
</sentence>

</para>
 
<para xml:id="C2.S5.SS2.p6">

<sentence sentence-num-in-para="1" sentence-num-in-section="47" xml:id="C2.S5.SS2.p6.s1">
Since <Math mode="inline" xml:id="C2.S5.SS2.p6.m1">\mathscr{M}\mskip-3.0mu h_{1}\mskip 3.0mu \left(z\right)</Math> is analytic for <Math mode="inline" xml:id="C2.S5.SS2.p6.m2">\Re z&gt;-c</Math> by Table 2.5.1, the analytically-continued <Math mode="inline" xml:id="C2.S5.SS2.p6.m3">\mathscr{M}\mskip-3.0mu h_{2}\mskip 3.0mu \left(z\right)</Math> allows us to extend the Mellin transform of <Math mode="inline" xml:id="C2.S5.SS2.p6.m4">h</Math> via <Math equation-number="2.5.28" mode="display" xml:id="C2.S5.E28">\mathscr{M}\mskip-3.0mu h\mskip 3.0mu \left(z\right)=\mathscr{M}\mskip-3.0mu h _{1}\mskip 3.0mu \left(z\right)+\mathscr{M}\mskip-3.0mu h_{2}\mskip 3.0mu \left(z\right)</Math> in the same half-plane.
</sentence>

<sentence sentence-num-in-para="2" sentence-num-in-section="48" xml:id="C2.S5.SS2.p6.s2">
From (2.5.26) and (2.5.28), it follows that both <Math mode="inline" xml:id="C2.S5.SS2.p6.m5">\mathscr{M}\mskip-3.0mu f\mskip 3.0mu \left(1-z\right)</Math> and <Math mode="inline" xml:id="C2.S5.SS2.p6.m6">\mathscr{M}\mskip-3.0mu h\mskip 3.0mu \left(z\right)</Math> are defined in the half-plane <Math mode="inline" xml:id="C2.S5.SS2.p6.m7">\Re z&gt;\max(1-b,-c)</Math>.
</sentence>

</para>
 
<para xml:id="C2.S5.SS2.p7">

<sentence sentence-num-in-para="1" sentence-num-in-section="49" xml:id="C2.S5.SS2.p7.s1">
We are now ready to derive the asymptotic expansion of the integral <Math mode="inline" xml:id="C2.S5.SS2.p7.m1">I(x)</Math> in (2.5.3) as <Math mode="inline" xml:id="C2.S5.SS2.p7.m2">x\to\infty</Math>.
</sentence>

<sentence sentence-num-in-para="2" sentence-num-in-section="50" xml:id="C2.S5.SS2.p7.s2">
First we note that <Math equation-number="2.5.29" mode="display" xml:id="C2.S5.E29">I(x)=\sum\limits_{j,k=1}^{2}I_{jk}(x),</Math> where <Math equation-number="2.5.30" mode="display" xml:id="C2.S5.E30">I_{jk}(x)=\int_{0}^{\infty}f_{j}(t)h_{k}(xt)\mathrm{d}t</Math>.
</sentence>

<sentence sentence-num-in-para="3" sentence-num-in-section="51" xml:id="C2.S5.SS2.p7.s3">
By direct computation <Math equation-number="2.5.31" mode="display" xml:id="C2.S5.E31">I_{21}(x)=0, if for x\geq 1</Math>.
</sentence>

<sentence sentence-num-in-para="4" sentence-num-in-section="52" xml:id="C2.S5.SS2.p7.s4">
Next from Table 2.5.1 we observe that the integrals for the transform pair <Math mode="inline" xml:id="C2.S5.SS2.p7.m3">\mathscr{M}\mskip-3.0mu f_{j}\mskip 3.0mu \left(1-z\right)</Math> and <Math mode="inline" xml:id="C2.S5.SS2.p7.m4">\mathscr{M}\mskip-3.0mu h_{k}\mskip 3.0mu \left(z\right)</Math> are absolutely convergent in the domain <Math mode="inline" xml:id="C2.S5.SS2.p7.m5">D_{jk}</Math> specified in Table2.5.2, and these domains are nonempty as a consequence of (2.5.19) and (2.5.20).
</sentence>

</para>
         
<sentence sentence-num-in-section="53" xml:id="C2.S5.T2.s1">
Table 2.5.2: Domains of analyticity for Mellin transforms.
</sentence>
 

<sentence sentence-num-in-section="54" sentence-num-in-table="1" xml:id="C2.S5.T2.t1.s1">
Transform Pair
</sentence>

<sentence sentence-num-in-section="55" sentence-num-in-table="2" xml:id="C2.S5.T2.t1.s2">
Domain <Math mode="inline" xml:id="C2.S5.T2.t1.r1.m1">D_{jk}</Math>
</sentence>

<sentence sentence-num-in-section="56" sentence-num-in-table="3" xml:id="C2.S5.T2.t1.s3">
<Math mode="inline" xml:id="C2.S5.T2.t1.r2.m1">\mathscr{M}\mskip-3.0mu f_{1}\mskip 3.0mu \left(1-z\right),\;\mathscr{M}\mskip -3.0mu h_{1}\mskip 3.0mu \left(z\right)</Math>
</sentence>

<sentence sentence-num-in-section="57" sentence-num-in-table="4" xml:id="C2.S5.T2.t1.s4">
<Math mode="inline" xml:id="C2.S5.T2.t1.r2.m2">-c&amp;lt;\Re z&amp;lt;1+\Re\alpha_{0}</Math>
</sentence>

<sentence sentence-num-in-section="58" sentence-num-in-table="5" xml:id="C2.S5.T2.t1.s5">
<Math mode="inline" xml:id="C2.S5.T2.t1.r3.m1">\mathscr{M}\mskip-3.0mu f_{1}\mskip 3.0mu \left(1-z\right),\;\mathscr{M}\mskip -3.0mu h_{2}\mskip 3.0mu \left(z\right)</Math>
</sentence>

<sentence sentence-num-in-section="59" sentence-num-in-table="6" xml:id="C2.S5.T2.t1.s6">
<Math mode="inline" xml:id="C2.S5.T2.t1.r3.m2">\Re z&amp;lt;\min(1+\Re\alpha_{0},\Re\beta_{0})</Math>
</sentence>

<sentence sentence-num-in-section="60" sentence-num-in-table="7" xml:id="C2.S5.T2.t1.s7">
<Math mode="inline" xml:id="C2.S5.T2.t1.r4.m1">\mathscr{M}\mskip-3.0mu f_{2}\mskip 3.0mu \left(1-z\right),\;\mathscr{M}\mskip -3.0mu h_{1}\mskip 3.0mu \left(z\right)</Math>
</sentence>

<sentence sentence-num-in-section="61" sentence-num-in-table="8" xml:id="C2.S5.T2.t1.s8">
<Math mode="inline" xml:id="C2.S5.T2.t1.r4.m2">\max(-c,1-b)&amp;lt;\Re z</Math>
</sentence>

<sentence sentence-num-in-section="62" sentence-num-in-table="9" xml:id="C2.S5.T2.t1.s9">
<Math mode="inline" xml:id="C2.S5.T2.t1.r5.m1">\mathscr{M}\mskip-3.0mu f_{2}\mskip 3.0mu \left(1-z\right),\;\mathscr{M}\mskip -3.0mu h_{2}\mskip 3.0mu \left(z\right)</Math>
</sentence>

<sentence sentence-num-in-section="63" sentence-num-in-table="10" xml:id="C2.S5.T2.t1.s10">
<Math mode="inline" xml:id="C2.S5.T2.t1.r5.m2">1-b&amp;lt;\Re z&amp;lt;\Re\beta_{0}</Math>
</sentence>

  
<para xml:id="C2.S5.SS2.p8">

<sentence sentence-num-in-para="1" sentence-num-in-section="64" xml:id="C2.S5.SS2.p8.s1">
For simplicity, write <Math equation-number="2.5.32" mode="display" xml:id="C2.S5.E32">G_{jk}(z)=\mathscr{M}\mskip-3.0mu f_{j}\mskip 3.0mu \left(1-z\right)\mathscr{M }\mskip-3.0mu h_{k}\mskip 3.0mu \left(z\right)</Math>.
</sentence>

<sentence sentence-num-in-para="2" sentence-num-in-section="65" xml:id="C2.S5.SS2.p8.s2">
From Table 2.5.2, we see that each <Math mode="inline" xml:id="C2.S5.SS2.p8.m1">G_{jk}(z)</Math> is analytic in the domain <Math mode="inline" xml:id="C2.S5.SS2.p8.m2">D_{jk}</Math>.
</sentence>

<sentence sentence-num-in-para="3" sentence-num-in-section="66" xml:id="C2.S5.SS2.p8.s3">
Furthermore, each <Math mode="inline" xml:id="C2.S5.SS2.p8.m3">G_{jk}(z)</Math> has an analytic or meromorphic extension to a half-plane containing <Math mode="inline" xml:id="C2.S5.SS2.p8.m4">D_{jk}</Math>.
</sentence>

<sentence sentence-num-in-para="4" sentence-num-in-section="67" xml:id="C2.S5.SS2.p8.s4">
Now suppose that there is a real number <Math mode="inline" xml:id="C2.S5.SS2.p8.m5">p_{jk}</Math> in <Math mode="inline" xml:id="C2.S5.SS2.p8.m6">D_{jk}</Math> such that the Parseval formula (2.5.5) applies and <Math equation-number="2.5.33" mode="display" xml:id="C2.S5.E33">I_{jk}(x)=\frac{1}{2\pi i}\int_{p_{jk}-i\infty}^{p_{jk}+i\infty}x^{-z}G_{jk}(z )\mathrm{d}z</Math>.
</sentence>

<sentence sentence-num-in-para="5" sentence-num-in-section="68" xml:id="C2.S5.SS2.p8.s5">
If, in addition, there exists a number <Math mode="inline" xml:id="C2.S5.SS2.p8.m7">q_{jk}&gt;p_{jk}</Math> such that <Math equation-number="2.5.34" mode="display" xml:id="C2.S5.E34">\sup_{p_{jk}\leq x\leq q_{jk}}\left|G_{jk}(x+iy)\right|\to 0, if y\to\pm\infty,</Math> then <Math equation-number="2.5.35" mode="display" xml:id="C2.S5.E35">I_{jk}(x)=\sum_{p_{jk}&lt;\Re z&lt;q_{jk}}\Residue\left[-x^{-z}G_{jk}(z)\right]+E_{ jk}(x),</Math> where <Math equation-number="2.5.36" mode="display" xml:id="C2.S5.E36">E_{jk}(x)=\frac{1}{2\pi i}\int_{q_{jk}-i\infty}^{q_{jk}+i\infty}x^{-z}G_{jk}(z )\mathrm{d}z=o\left(x^{-q_{jk}}\right)</Math> as <Math mode="inline" xml:id="C2.S5.SS2.p8.m8">x\to+\infty</Math>.
</sentence>

<sentence sentence-num-in-para="6" sentence-num-in-section="69" xml:id="C2.S5.SS2.p8.s6">
(The last order estimate follows from the Riemann–Lebesgue lemma, §1.8(i).)The asymptotic expansion of <Math mode="inline" xml:id="C2.S5.SS2.p8.m9">I(x)</Math> is then obtained from (2.5.29).
</sentence>

</para>
 
<para xml:id="C2.S5.SS2.p9">

<sentence sentence-num-in-para="1" sentence-num-in-section="70" xml:id="C2.S5.SS2.p9.s1">
For further discussion of this method and examples, seeWong (1989, Chapter 3), Paris and Kaminski (2001, Chapter 5), andBleistein and Handelsman (1975, Chapters 4 and 6).
</sentence>

<sentence sentence-num-in-para="2" sentence-num-in-section="71" xml:id="C2.S5.SS2.p9.s2">
The first reference also contains explicit expressions for the error terms, as do Soni (1980) andCarlson and Gustafson (1985).
</sentence>

</para>
  
<para xml:id="C2.S5.SS2.p10">

<sentence sentence-num-in-para="1" sentence-num-in-section="72" xml:id="C2.S5.SS2.p10.s1">
The Mellin transform method can also be extended to derive asymptotic expansions of multidimensional integrals having algebraic or logarithmic singularities, or both; see Wong (1989, Chapter 3),Paris and Kaminski (2001, Chapter 7), and McClure and Wong (1987).
</sentence>

<sentence sentence-num-in-para="2" sentence-num-in-section="73" xml:id="C2.S5.SS2.p10.s2">
See alsoBrüning (1984) for a different approach.
</sentence>

</para>

  
</subsection>
 
<subsection xml:id="C2.S5.SS3">
<title>Laplace Transforms with Small Parameters</title>          
<para xml:id="C2.S5.SS3.p1">

<sentence sentence-num-in-para="1" sentence-num-in-section="74" xml:id="C2.S5.SS3.p1.s1">
Let <Math mode="inline" xml:id="C2.S5.SS3.p1.m1">h(t)</Math> satisfy (2.5.18) and (2.5.20) with <Math mode="inline" xml:id="C2.S5.SS3.p1.m2">c&gt;-1</Math> , and consider the Laplace transform <Math equation-number="2.5.37" mode="display" xml:id="C2.S5.E37">\mathscr{L}\mskip-3.0mu h\mskip 3.0mu \left(\zeta\right)=\int_{0}^{\infty}h(t) e^{-\zeta t}\mathrm{d}t</Math>.
</sentence>

<sentence sentence-num-in-para="2" sentence-num-in-section="75" xml:id="C2.S5.SS3.p1.s2">
Put <Math mode="inline" xml:id="C2.S5.SS3.p1.m3">x=1/\zeta</Math> and break the integration range at <Math mode="inline" xml:id="C2.S5.SS3.p1.m4">t=1</Math> , as in (2.5.23) and (2.5.24).
</sentence>

<sentence sentence-num-in-para="3" sentence-num-in-section="76" xml:id="C2.S5.SS3.p1.s3">
Then <Math equation-number="2.5.38" mode="display" xml:id="C2.S5.E38">\zeta\mathscr{L}\mskip-3.0mu h\mskip 3.0mu \left(\zeta\right)=I_{1}(x)+I_{2}(x),</Math> where <Math equation-number="2.5.39" mode="display" xml:id="C2.S5.E39">I_{j}(x)=\int_{0}^{\infty}e^{-t}h_{j}(xt)\mathrm{d}t, if j=1,2</Math>.
</sentence>

<sentence sentence-num-in-para="4" sentence-num-in-section="77" xml:id="C2.S5.SS3.p1.s4">
Since <Math mode="inline" xml:id="C2.S5.SS3.p1.m5">\mathscr{M}\mskip-3.0mu e^{-t}\mskip 3.0mu \left(z\right)=\Gamma\left(z\right)</Math> , by the Parseval formula (2.5.5), there are real numbers <Math mode="inline" xml:id="C2.S5.SS3.p1.m6">p_{1}</Math> and <Math mode="inline" xml:id="C2.S5.SS3.p1.m7">p_{2}</Math> such that <Math mode="inline" xml:id="C2.S5.SS3.p1.m8">-c&lt;p_{1}&lt;1</Math> , <Math mode="inline" xml:id="C2.S5.SS3.p1.m9">p_{2}&lt;\min(1,\Re\beta_{0})</Math> , and <Math equation-number="2.5.40" mode="display" xml:id="C2.S5.E40">I_{j}(x)=\frac{1}{2\pi i}\int_{p_{j}-i\infty}^{p_{j}+i\infty}x^{-z}\Gamma\left (1-z\right)\mathscr{M}\mskip-3.0mu h_{j}\mskip 3.0mu \left(z\right)\mathrm{d}z, if j=1,2</Math>.
</sentence>

<sentence sentence-num-in-para="5" sentence-num-in-section="78" xml:id="C2.S5.SS3.p1.s5">
Since <Math mode="inline" xml:id="C2.S5.SS3.p1.m10">\mathscr{M}\mskip-3.0mu h\mskip 3.0mu \left(z\right)</Math> is analytic for <Math mode="inline" xml:id="C2.S5.SS3.p1.m11">\Re z&gt;-c</Math> , by (2.5.14),
</sentence>

<sentence sentence-num-in-para="6" sentence-num-in-section="79" xml:id="C2.S5.SS3.p1.s6">
<Math equation-number="2.5.41" mode="display" xml:id="C2.S5.E41">I_{1}(x)=\mathscr{M}\mskip-3.0mu h_{1}\mskip 3.0mu \left(1\right)x^{-1}+\frac{ 1}{2\pi i}\int_{\rho-i\infty}^{\rho+i\infty}x^{-z}\Gamma\left(1-z\right) \mathscr{M}\mskip-3.0mu h_{1}\mskip 3.0mu \left(z\right)\mathrm{d}z,</Math> for any <Math mode="inline" xml:id="C2.S5.SS3.p1.m12">\rho</Math> satisfying <Math mode="inline" xml:id="C2.S5.SS3.p1.m13">1&lt;\rho&lt;2</Math>.
</sentence>

<sentence sentence-num-in-para="7" sentence-num-in-section="80" xml:id="C2.S5.SS3.p1.s7">
Similarly, since <Math mode="inline" xml:id="C2.S5.SS3.p1.m14">\mathscr{M}\mskip-3.0mu h_{2}\mskip 3.0mu \left(z\right)</Math> can be continued analytically to a meromorphic function (when <Math mode="inline" xml:id="C2.S5.SS3.p1.m15">\kappa=0</Math> ) or to an entire function (when <Math mode="inline" xml:id="C2.S5.SS3.p1.m16">\kappa\neq 0</Math> ), we can choose <Math mode="inline" xml:id="C2.S5.SS3.p1.m17">\rho</Math> so that <Math mode="inline" xml:id="C2.S5.SS3.p1.m18">\mathscr{M}\mskip-3.0mu h_{2}\mskip 3.0mu \left(z\right)</Math> has no poles in <Math mode="inline" xml:id="C2.S5.SS3.p1.m19">1&lt;\Re z\leq\rho&lt;2</Math>.
</sentence>

<sentence sentence-num-in-para="8" sentence-num-in-section="81" xml:id="C2.S5.SS3.p1.s8">
Thus <Math equation-number="2.5.42" mode="display" xml:id="C2.S5.E42">I_{2}(x)=\sum_{\Re\beta_{0}\leq\Re z\leq 1}\Residue\left[-x^{-z}\Gamma\left(1- z\right)\mathscr{M}\mskip-3.0mu h_{2}\mskip 3.0mu \left(z\right)\right]+\frac{ 1}{2\pi i}\int_{\rho-i\infty}^{\rho+i\infty}x^{-z}\Gamma\left(1-z\right) \mathscr{M}\mskip-3.0mu h_{2}\mskip 3.0mu \left(z\right)\mathrm{d}z</Math>.
</sentence>

</para>
 
<para xml:id="C2.S5.SS3.p2">

<sentence sentence-num-in-para="1" sentence-num-in-section="82" xml:id="C2.S5.SS3.p2.s1">
On substituting (2.5.41) and (2.5.42) into (2.5.38), we obtain <Math equation-number="2.5.43" mode="display" xml:id="C2.S5.E43">\mathscr{L}\mskip-3.0mu h\mskip 3.0mu \left(\zeta\right)=\mathscr{M}\mskip-3.0 mu h_{1}\mskip 3.0mu \left(1\right)+\sum_{\Re\beta_{0}\leq\Re z\leq 1}\Residue \left[-\zeta^{z-1}\Gamma\left(1-z\right)\mathscr{M}\mskip-3.0mu h_{2}\mskip 3. 0mu \left(z\right)\right]+\sum\limits_{1&lt;\Re z&lt;l}\Residue\left[-\zeta^{z-1} \Gamma\left(1-z\right)\mathscr{M}\mskip-3.0mu h\mskip 3.0mu \left(z\right) \right]+\frac{1}{2\pi i}\int_{l-\delta-i\infty}^{l-\delta+i\infty}\zeta^{z-1} \Gamma\left(1-z\right)\mathscr{M}\mskip-3.0mu h\mskip 3.0mu \left(z\right) \mathrm{d}z,</Math> where <Math mode="inline" xml:id="C2.S5.SS3.p2.m1">l</Math> ( <Math mode="inline" xml:id="C2.S5.SS3.p2.m2">\geq 2</Math> ) is an arbitrary integer and <Math mode="inline" xml:id="C2.S5.SS3.p2.m3">\delta</Math> is an arbitrary small positive constant.
</sentence>

<sentence sentence-num-in-para="2" sentence-num-in-section="83" xml:id="C2.S5.SS3.p2.s2">
The last term is clearly <Math mode="inline" xml:id="C2.S5.SS3.p2.m4">O\left(\zeta^{l-\delta-1}\right)</Math> as <Math mode="inline" xml:id="C2.S5.SS3.p2.m5">\zeta\to 0+</Math>.
</sentence>

</para>
 
<para xml:id="C2.S5.SS3.p3">

<sentence sentence-num-in-para="1" sentence-num-in-section="84" xml:id="C2.S5.SS3.p3.s1">
If <Math mode="inline" xml:id="C2.S5.SS3.p3.m1">\kappa=0</Math> in (2.5.18) and <Math mode="inline" xml:id="C2.S5.SS3.p3.m2">c&gt;-1</Math> in (2.5.20), and if none of the exponents in (2.5.18) are positive integers, then the expansion (2.5.43) gives the following useful result: <Math equation-number="2.5.44" mode="display" xml:id="C2.S5.E44">\mathscr{L}\mskip-3.0mu h\mskip 3.0mu \left(\zeta\right)\sim\sum_{n=0}^{\infty }b_{n}\Gamma\left(1-\beta_{n}\right)\zeta^{\beta_{n}-1}+\sum\limits_{n=0}^{ \infty}\frac{(-\zeta)^{n}}{n!}\mathscr{M}\mskip-3.0mu h\mskip 3.0mu \left(n+1 \right), if \zeta\to 0+</Math>.
</sentence>

</para>
 
<paragraph xml:id="C2.S5.Px2">
<title>Example</title>   
<para xml:id="C2.S5.Px2.p1">

<sentence sentence-num-in-para="1" sentence-num-in-section="85" xml:id="C2.S5.Px2.p1.s1">
 <Math equation-number="2.5.45" mode="display" xml:id="C2.S5.E45">\mathscr{L}\mskip-3.0mu h\mskip 3.0mu \left(\zeta\right)=\int_{0}^{\infty} \frac{e^{-\zeta t}}{1+t}\mathrm{d}t, if \Re\zeta&gt;0</Math>.
</sentence>

<sentence sentence-num-in-para="2" sentence-num-in-section="86" xml:id="C2.S5.Px2.p1.s2">
With <Math mode="inline" xml:id="C2.S5.Px2.p1.m1">h(t)=1/(1+t)</Math> , we have <Math mode="inline" xml:id="C2.S5.Px2.p1.m2">\mathscr{M}\mskip-3.0mu h\mskip 3.0mu \left(z\right)=\pi\csc\left(\pi z\right)</Math> for <Math mode="inline" xml:id="C2.S5.Px2.p1.m3">0&lt;\Re z&lt;1</Math>.
</sentence>

<sentence sentence-num-in-para="3" sentence-num-in-section="87" xml:id="C2.S5.Px2.p1.s3">
In the notation of (2.5.18) and (2.5.20),
</sentence>

<sentence sentence-num-in-para="4" sentence-num-in-section="88" xml:id="C2.S5.Px2.p1.s4">
<Math mode="inline" xml:id="C2.S5.Px2.p1.m4">\kappa=0</Math> , <Math mode="inline" xml:id="C2.S5.Px2.p1.m5">\beta_{s}=s+1</Math> , and <Math mode="inline" xml:id="C2.S5.Px2.p1.m6">c=0</Math>.
</sentence>

<sentence sentence-num-in-para="5" sentence-num-in-section="89" xml:id="C2.S5.Px2.p1.s5">
Straightforward calculation gives <Math equation-number="2.5.46" mode="display" xml:id="C2.S5.E46">\Residue_{z=k}\left[-\zeta^{z-1}\Gamma\left(1-z\right)\pi\csc\left(\pi z\right )\right]=\left(-\ln\zeta+\psi\left(k\right)\right)\dfrac{\zeta^{k-1}}{(k-1)!}</Math> , where <Math mode="inline" xml:id="C2.S5.Px2.p1.m7">\psi\left(z\right)=\Gamma'\left(z\right)/\Gamma\left(z\right)</Math>.
</sentence>

<sentence sentence-num-in-para="6" sentence-num-in-section="90" xml:id="C2.S5.Px2.p1.s6">
From (2.5.28)
</sentence>

<sentence sentence-num-in-para="7" sentence-num-in-section="91" xml:id="C2.S5.Px2.p1.s7">
<Math equation-number="2.5.47" mode="display" xml:id="C2.S5.E47">\Residue_{z=1}\left[-\zeta^{z-1}\Gamma\left(1-z\right)\mathscr{M}\mskip-3.0mu h_{2}\mskip 3.0mu \left(z\right)\right]=\left(-\ln\zeta-\gamma\right)-\mathscr {M}\mskip-3.0mu h_{1}\mskip 3.0mu \left(1\right),</Math> where <Math mode="inline" xml:id="C2.S5.Px2.p1.m8">\gamma</Math> is Euler’s constant (§5.2(ii)).
</sentence>

<sentence sentence-num-in-para="8" sentence-num-in-section="92" xml:id="C2.S5.Px2.p1.s8">
Insertion of these results into (2.5.43) yields <Math equation-number="2.5.48" mode="display" xml:id="C2.S5.E48">\mathscr{L}\mskip-3.0mu h\mskip 3.0mu \left(\zeta\right)\sim(-\ln\zeta)\sum_{k =0}^{\infty}\frac{\zeta^{k}}{k!}+\sum_{k=0}^{\infty}\psi\left(k+1\right)\frac{ \zeta^{k}}{k!}, if \zeta\to 0+</Math>.
</sentence>

<sentence sentence-num-in-para="9" sentence-num-in-section="93" xml:id="C2.S5.Px2.p1.s9">
To verify (2.5.48) we may use <Math equation-number="2.5.49" mode="display" xml:id="C2.S5.E49">\mathscr{L}\mskip-3.0mu h\mskip 3.0mu \left(\zeta\right)=e^{\zeta}E_{1}\left( \zeta\right);</Math> compare (6.2.2) and (6.6.3).
</sentence>

</para>
 
<para xml:id="C2.S5.Px2.p2">

<sentence sentence-num-in-para="1" sentence-num-in-section="94" xml:id="C2.S5.Px2.p2.s1">
For examples in which the integral defining the Mellin transform <Math mode="inline" xml:id="C2.S5.Px2.p2.m1">\mathscr{M}\mskip-3.0mu h\mskip 3.0mu \left(z\right)</Math> does not exist for any value of <Math mode="inline" xml:id="C2.S5.Px2.p2.m2">z</Math> , seeWong (1989, Chapter 3), Bleistein and Handelsman (1975, Chapter 4), andHandelsman and Lew (1970).
</sentence>

</para>
  
</paragraph>
 
</subsection>
 
</section>
