<?xml version="1.0" encoding="UTF-8"?>
<section xml:id="C17.S13">
<title>Integrals</title>        
  
<para xml:id="C17.S13.p1">

<sentence sentence-num-in-para="1" sentence-num-in-section="1" xml:id="C17.S13.p1.s1">
In this section, for the function <Math mode="inline" xml:id="C17.S13.p1.m1">\Gamma_{q}</Math> see §5.18(ii).
</sentence>

<sentence sentence-num-in-para="2" sentence-num-in-section="2" xml:id="C17.S13.p1.s2">
<Math equation-number="17.13.1" mode="display" xml:id="C17.S13.E1">\int_{-c}^{d}\frac{\left(-qx/c;q\right)_{\infty}\left(qx/d;q\right)_{\infty}}{ \left(-ax/c;q\right)_{\infty}\left(bx/d;q\right)_{\infty}}{\mathrm{d}}_{q}x= \frac{(1-q)\left(q;q\right)_{\infty}\left(ab;q\right)_{\infty}cd\left(-c/d;q \right)_{\infty}\left(-d/c;q\right)_{\infty}}{\left(a;q\right)_{\infty}\left(b ;q\right)_{\infty}(c+d)\left(-bc/d;q\right)_{\infty}\left(-ad/c;q\right)_{ \infty}},</Math> or, when <Math mode="inline" xml:id="C17.S13.p1.m2">0&lt;q&lt;1</Math> , <Math equation-number="17.13.2" mode="display" xml:id="C17.S13.E2">\int_{-c}^{d}\frac{\left(-qx/c;q\right)_{\infty}\left(qx/d;q\right)_{\infty}}{ \left(-xq^{\alpha}/c;q\right)_{\infty}\left(xq^{\beta}/d;q\right)_{\infty}}{ \mathrm{d}}_{q}x=\frac{\Gamma_{q}\left(\alpha\right)\Gamma_{q}\left(\beta \right)}{\Gamma_{q}\left(\alpha+\beta\right)}\frac{cd}{c+d}\frac{\left(-c/d;q \right)_{\infty}\left(-d/c;q\right)_{\infty}}{\left(-q^{\beta}c/d;q\right)_{ \infty}\left(-q^{\alpha}d/c;q\right)_{\infty}}</Math>.
</sentence>

</para>
 
<paragraph xml:id="C17.S13.Px1">
<title>Ramanujan’s Integrals</title>    
<para xml:id="C17.S13.Px1.p1">

<sentence sentence-num-in-para="1" sentence-num-in-section="3" xml:id="C17.S13.Px1.p1.s1">
 <Math equation-number="17.13.3" mode="display" xml:id="C17.S13.E3">\int_{0}^{\infty}t^{\alpha-1}\frac{\left(-tq^{\alpha+\beta};q\right)_{\infty}} {\left(-t;q\right)_{\infty}}\mathrm{d}t=\frac{\Gamma\left(\alpha\right)\Gamma \left(1-\alpha\right)\Gamma_{q}\left(\beta\right)}{\Gamma_{q}\left(1-\alpha \right)\Gamma_{q}\left(\alpha+\beta\right)},</Math> <Math equation-number="17.13.4" mode="display" xml:id="C17.S13.E4">\int_{0}^{\infty}t^{\alpha-1}\frac{\left(-ctq^{\alpha+\beta};q\right)_{\infty} }{\left(-ct;q\right)_{\infty}}{\mathrm{d}}_{q}t=\frac{\Gamma_{q}\left(\alpha \right)\Gamma_{q}\left(\beta\right)\left(-cq^{\alpha};q\right)_{\infty}\left(- q^{1-\alpha}/c;q\right)_{\infty}}{\Gamma_{q}\left(\alpha+\beta\right)\left(-c; q\right)_{\infty}\left(-q/c;q\right)_{\infty}}</Math>.
</sentence>

</para>
 
<para xml:id="C17.S13.Px1.p2">

<sentence sentence-num-in-para="1" sentence-num-in-section="4" xml:id="C17.S13.Px1.p2.s1">
Askey (1980) conjectured extensions of the foregoing integrals that are closely related to Macdonald (1982).
</sentence>

<sentence sentence-num-in-para="2" sentence-num-in-section="5" xml:id="C17.S13.Px1.p2.s2">
These conjectures are proved independently in Habsieger (1988) andKadell (1988).
</sentence>

</para>
 
 
</paragraph>
 
</section>
