<?xml version="1.0" encoding="UTF-8"?>
<section xml:id="C17.S11">
<title>Transformations of <Math mode="inline" xml:id="C17.S11.m1">q</Math>-Appell Functions</title>        
  
<para xml:id="C17.S11.p1">

<sentence sentence-num-in-para="1" sentence-num-in-section="1" xml:id="C17.S11.p1.s1">
 <Math equation-number="17.11.1" mode="display" xml:id="C17.S11.E1">\Phi^{(1)}\left(a;b,b^{\prime};c;q;x,y\right)=\frac{\left(a,bx,b^{\prime}y;q \right)_{\infty}}{\left(c,x,y;q\right)_{\infty}}{{}_{3}\phi_{2}}\left({c/a,x,y \atop bx,b^{\prime}y};q,a\right),</Math> <Math equation-number="17.11.2" mode="display" xml:id="C17.S11.E2">\Phi^{(2)}\left(a;b,b^{\prime};c,c^{\prime};q;x,y\right)=\frac{\left(b,ax;q \right)_{\infty}}{\left(c,x;q\right)_{\infty}}\sum_{n,r\geqq 0}\frac{\left(a,b ^{\prime};q\right)_{n}\left(c/b,x;q\right)_{r}b^{r}y^{n}}{\left(q,c^{\prime};q \right)_{n}{\left(q\right)_{r}}\left(ax;q\right)_{n+r}},</Math> <Math equation-number="17.11.3" mode="display" xml:id="C17.S11.E3">\Phi^{(3)}\left(a,a^{\prime};b,b^{\prime};c;q;x,y\right)=\frac{\left(a,bx;q \right)_{\infty}}{\left(c,x;q\right)_{\infty}}\sum_{n,r\geqq 0}\frac{\left(a^{ \prime},b^{\prime};q\right)_{n}\left(x;q\right)_{r}\left(c/a;q\right)_{n+r}a^{ r}y^{n}}{\left(q,c/a;q\right)_{n}\left(q,bx;q\right)_{r}}</Math>.
</sentence>

</para>
 
<para xml:id="C17.S11.p2">

<sentence sentence-num-in-para="1" sentence-num-in-section="2" xml:id="C17.S11.p2.s1">
Of (17.11.1)–(17.11.3)only (17.11.1) has a natural generalization: the following sum reduces to (17.11.1) when <Math mode="inline" xml:id="C17.S11.p2.m1">n=2</Math>.
</sentence>

<sentence sentence-num-in-para="2" sentence-num-in-section="3" xml:id="C17.S11.p2.s2">
<Math equation-number="17.11.4" mode="display" xml:id="C17.S11.E4">\sum_{m_{1},\dots,m_{n}\geqq 0}\frac{\left(a;q\right)_{m_{1}+m_{2}+\cdots+m_{n }}\left(b_{1};q\right)_{m_{1}}\left(b_{2};q\right)_{m_{2}}\cdots\left(b_{n};q \right)_{m_{n}}x_{1}^{m_{1}}x_{2}^{m_{2}}\cdots x_{n}^{m_{n}}}{\left(q;q\right )_{m_{1}}\left(q;q\right)_{m_{2}}\cdots\left(q;q\right)_{m_{n}}\left(c;q\right )_{m_{1}+m_{2}+\cdots+m_{n}}}=\frac{\left(a,b_{1}x_{1},b_{2}x_{2},\dots,b_{n}x _{n};q\right)_{\infty}}{\left(c,x_{1},x_{2},\dots,x_{n};q\right)_{\infty}}{{}_ {n+1}\phi_{n}}\left({c/a,x_{1},x_{2},\dots,x_{n}\atop b_{1}x_{1},b_{2}x_{2}, \dots,b_{n}x_{n}};q,a\right)</Math>.
</sentence>

</para>
  
</section>
