<?xml version="1.0" encoding="UTF-8"?>
<section xml:id="C17.S1">
<title>Special Notation</title>          
<para xml:id="C17.S1.p1">

<sentence sentence-num-in-para="1" sentence-num-in-section="1" xml:id="C17.S1.p1.s1">
(For other notation see Notation for the Special Functions.)
</sentence>

<sentence sentence-num-in-para="2" sentence-num-in-section="2" sentence-num-in-table="1" xml:id="C17.S1.p1.t1.s1">
<Math mode="inline" xml:id="C17.S1.p1.t1.r1.m1">k,j,m,n,r,s</Math>
</sentence>

<sentence sentence-num-in-para="3" sentence-num-in-section="3" sentence-num-in-table="2" xml:id="C17.S1.p1.t1.s2">
nonnegative integers.            
</sentence>

<sentence sentence-num-in-para="4" sentence-num-in-section="4" sentence-num-in-table="3" xml:id="C17.S1.p1.t1.s3">
<Math mode="inline" xml:id="C17.S1.p1.t1.r2.m1">z</Math>
</sentence>

<sentence sentence-num-in-para="5" sentence-num-in-section="5" sentence-num-in-table="4" xml:id="C17.S1.p1.t1.s4">
complex variable.  
</sentence>

<sentence sentence-num-in-para="6" sentence-num-in-section="6" sentence-num-in-table="5" xml:id="C17.S1.p1.t1.s5">
<Math mode="inline" xml:id="C17.S1.p1.t1.r3.m1">x</Math>
</sentence>

<sentence sentence-num-in-para="7" sentence-num-in-section="7" sentence-num-in-table="6" xml:id="C17.S1.p1.t1.s6">
real variable.    
</sentence>

<sentence sentence-num-in-para="8" sentence-num-in-section="8" sentence-num-in-table="7" xml:id="C17.S1.p1.t1.s7">
<Math mode="inline" xml:id="C17.S1.p1.t1.r4.m1">q</Math> <Math mode="inline" xml:id="C17.S1.p1.t1.r4.m2">(\in\mathbb{C})</Math>
</sentence>

<sentence sentence-num-in-para="9" sentence-num-in-section="9" sentence-num-in-table="8" xml:id="C17.S1.p1.t1.s8">
base: unless stated otherwise <Math mode="inline" xml:id="C17.S1.p1.t1.r4.m3">|q|&lt;1</Math>.  
</sentence>

<sentence sentence-num-in-para="10" sentence-num-in-section="10" sentence-num-in-table="9" xml:id="C17.S1.p1.t1.s9">
<Math mode="inline" xml:id="C17.S1.p1.t1.r5.m1">\left(a;q\right)_{n}</Math>
</sentence>

<sentence sentence-num-in-para="11" sentence-num-in-section="11" sentence-num-in-table="10" xml:id="C17.S1.p1.t1.s10">
<Math mode="inline" xml:id="C17.S1.p1.t1.r5.m2">q</Math>-shifted factorial:<Math mode="inline" xml:id="C17.S1.p1.t1.r5.m3">(1-a)(1-aq)\cdots\left(1-aq^{n-1}\right)</Math>.
</sentence>

</para>

   
<para xml:id="C17.S1.p2">

<sentence sentence-num-in-para="1" sentence-num-in-section="12" xml:id="C17.S1.p2.s1">
The main functions treated in this chapter are the basic hypergeometric (or <Math mode="inline" xml:id="C17.S1.p2.m1">q</Math> -hypergeometric) function <Math mode="inline" xml:id="C17.S1.p2.m2">{{}_{r}\phi_{s}}\left(a_{1},a_{2},\dots,a_{r};b_{1},b_{2},\dots,b_{s};q,z\right)</Math> , the bilateral basic hypergeometric (or bilateral <Math mode="inline" xml:id="C17.S1.p2.m3">q</Math> -hypergeometric) function <Math mode="inline" xml:id="C17.S1.p2.m4">{{}_{r}\psi_{s}}\left(a_{1},a_{2},\dots,a_{r};b_{1},b_{2},\dots,b_{s};q,z\right)</Math> , and the <Math mode="inline" xml:id="C17.S1.p2.m5">q</Math> -analogs of the Appell functions <Math mode="inline" xml:id="C17.S1.p2.m6">\Phi^{(1)}\left(a;b,b^{\prime};c;q;x,y\right)</Math> , <Math mode="inline" xml:id="C17.S1.p2.m7">\Phi^{(2)}\left(a;b,b^{\prime};c,c^{\prime};q;x,y\right)</Math> , <Math mode="inline" xml:id="C17.S1.p2.m8">\Phi^{(3)}\left(a,a^{\prime};b,b^{\prime};c;q;x,y\right)</Math> , and <Math mode="inline" xml:id="C17.S1.p2.m9">\Phi^{(4)}\left(a,b;c,c^{\prime};q;x,y\right)</Math>.
</sentence>

</para>
 
<para xml:id="C17.S1.p3">

<sentence sentence-num-in-para="1" sentence-num-in-section="13" xml:id="C17.S1.p3.s1">
Another function notation used is the “idem” function: <Math mode="display" xml:id="C17.S1.Ex1">f(\chi_{1};\chi_{2},\dots,\chi_{n})+\mathrm{idem}\left(\chi_{1};\chi_{2},\dots ,\chi_{n}\right)=\sum_{j=1}^{n}f(\chi_{j};\chi_{1},\chi_{2},\dots,\chi_{j-1}, \chi_{j+1},\dots,\chi_{n})</Math>.
</sentence>

</para>
 
<para xml:id="C17.S1.p4">

<sentence sentence-num-in-para="1" sentence-num-in-section="14" xml:id="C17.S1.p4.s1">
These notations agree with Gasper and Rahman (2004).
</sentence>

<sentence sentence-num-in-para="2" sentence-num-in-section="15" xml:id="C17.S1.p4.s2">
A slightly different notation is that in Bailey (1964) and Slater (1966); see §17.4(i).
</sentence>

<sentence sentence-num-in-para="3" sentence-num-in-section="16" xml:id="C17.S1.p4.s3">
Fine (1988) uses <Math mode="inline" xml:id="C17.S1.p4.m3">F(a,b;t:q)</Math> for a particular specialization of a <Math mode="inline" xml:id="C17.S1.p4.m4">{{}_{2}\phi_{1}}</Math> function.
</sentence>

</para>

 
</section>
