<?xml version="1.0" encoding="UTF-8"?>
<section xml:id="C17.S14">
<title>Constant Term Identities</title>        
  
<paragraph xml:id="C17.S14.Px1">
<title>Zeilberger–Bressoud Theorem (Andrews’ <Math mode="inline" xml:id="C17.S14.Px1.m1">q</Math>-Dyson Conjecture)</title>      
<para xml:id="C17.S14.Px1.p1">

<sentence sentence-num-in-para="1" sentence-num-in-section="1" xml:id="C17.S14.Px1.p1.s1">
 <Math equation-number="17.14.1" mode="display" xml:id="C17.S14.E1">\frac{\left(q;q\right)_{a_{1}+a_{2}+\cdots+a_{n}}}{\left(q;q\right)_{a_{1}} \left(q;q\right)_{a_{2}}\cdots\left(q;q\right)_{a_{n}}}=\mbox{ coeff. of }x_{1 }^{0}x_{2}^{0}\cdots x_{n}^{0}\mbox{ in }\prod_{1\leq j&lt;k\leq n}\left(\frac{x_ {j}}{x_{k}};q\right)_{a_{j}}\left(\frac{qx_{k}}{x_{j}};q\right)_{a_{k}}</Math>.
</sentence>

</para>
 
</paragraph>
 
<paragraph xml:id="C17.S14.Px2">
<title>Rogers–Ramanujan Constant Term Identities</title>    
<para xml:id="C17.S14.Px2.p1">

<sentence sentence-num-in-para="1" sentence-num-in-section="2" xml:id="C17.S14.Px2.p1.s1">
In the following, <Math mode="inline" xml:id="C17.S14.Px2.p1.m1">G(q)</Math> and <Math mode="inline" xml:id="C17.S14.Px2.p1.m2">H(q)</Math> denote the left-hand sides of(17.2.49) and (17.2.50), respectively.
</sentence>

<sentence sentence-num-in-para="2" sentence-num-in-section="3" xml:id="C17.S14.Px2.p1.s2">
<Math equation-number="17.14.2" mode="display" xml:id="C17.S14.E2">\sum_{n=0}^{\infty}\frac{q^{n(n+1)}}{\left(q^{2};q^{2}\right)_{n}\left(-q;q^{2 }\right)_{n+1}}=\mbox{ coeff. of }z^{0}\mbox{ in }\frac{\left(-zq;q^{2}\right) _{\infty}\left(-z^{-1}q;q^{2}\right)_{\infty}\left(q^{2};q^{2}\right)_{\infty} }{\left(z^{-1}q^{2};q^{2}\right)_{\infty}\left(-q;q^{2}\right)_{\infty}\left(z ^{-1}q;q^{2}\right)_{\infty}}=\frac{1}{\left(-q;q^{2}\right)_{\infty}}\mbox{ coeff. of }z^{0}\mbox{ in }\frac{\left(-zq;q^{2}\right)_{\infty}\left(-z^{-1}q ;q^{2}\right)_{\infty}\left(q^{2};q^{2}\right)_{\infty}}{\left(z^{-1}q;q\right )_{\infty}}=\frac{H(q)}{\left(-q;q^{2}\right)_{\infty}},</Math> <Math equation-number="17.14.3" mode="display" xml:id="C17.S14.E3">\sum_{n=0}^{\infty}\frac{q^{n(n+1)}}{\left(q^{2};q^{2}\right)_{n}\left(-q;q^{2 }\right)_{n+1}}=\mbox{ coeff. of }z^{0}\mbox{ in }\frac{\left(-zq;q^{2}\right) _{\infty}\left(-z^{-1}q;q^{2}\right)_{\infty}\left(q^{2};q^{2}\right)_{\infty} }{\left(z^{-1};q^{2}\right)_{\infty}\left(-q;q^{2}\right)_{\infty}\left(z^{-1} q;q^{2}\right)_{\infty}}=\frac{1}{\left(-q;q^{2}\right)_{\infty}}\mbox{ coeff. of }z^{0}\mbox{ in }\frac{\left(-zq;q^{2}\right)_{\infty}\left(-z^{-1}q;q^{2} \right)_{\infty}\left(q^{2};q^{2}\right)_{\infty}}{\left(z^{-1};q\right)_{ \infty}}=\frac{G(q)}{\left(-q;q^{2}\right)_{\infty}},</Math> <Math equation-number="17.14.4" mode="display" xml:id="C17.S14.E4">\sum_{n=0}^{\infty}\frac{q^{n^{2}}}{\left(q^{2};q^{2}\right)_{n}\left(q;q^{2} \right)_{n}}=\mbox{ coeff. of }z^{0}\mbox{ in }\frac{\left(-zq;q^{2}\right)_{ \infty}\left(-z^{-1}q;q^{2}\right)_{\infty}\left(q^{2};q^{2}\right)_{\infty}}{ \left(-z^{-1};q^{2}\right)_{\infty}\left(q;q^{2}\right)_{\infty}\left(z^{-1};q ^{2}\right)_{\infty}}=\frac{1}{\left(q;q^{2}\right)_{\infty}}\mbox{ coeff. of }z^{0}\mbox{ in }\frac{\left(-zq;q^{2}\right)_{\infty}\left(-z^{-1}q;q^{2} \right)_{\infty}\left(q^{2};q^{2}\right)_{\infty}}{\left(z^{-2};q^{4}\right)_{ \infty}}=\frac{G(q^{4})}{\left(q;q^{2}\right)_{\infty}},</Math> <Math equation-number="17.14.5" mode="display" xml:id="C17.S14.E5">\sum_{n=0}^{\infty}\frac{q^{n^{2}+2n}}{\left(q^{2};q^{2}\right)_{n}\left(q;q^{ 2}\right)_{n+1}}=\mbox{ coeff. of }z^{0}\mbox{ in }\frac{\left(-zq;q^{2}\right )_{\infty}\left(-z^{-1}q;q^{2}\right)_{\infty}\left(q^{2};q^{2}\right)_{\infty }}{\left(-q^{2}z^{-1};q^{2}\right)_{\infty}\left(q;q^{2}\right)_{\infty}\left( z^{-1}q^{2};q^{2}\right)_{\infty}}=\frac{1}{\left(q;q^{2}\right)_{\infty}} \mbox{ coeff. of }z^{0}\mbox{ in }\frac{\left(-zq;q^{2}\right)_{\infty}\left(- z^{-1}q;q^{2}\right)_{\infty}\left(q^{2};q^{2}\right)_{\infty}}{\left(q^{4}z^{ -2};q^{4}\right)_{\infty}}=\frac{H(q^{4})}{\left(q;q^{2}\right)_{\infty}}</Math>.
</sentence>

</para>
  
<para xml:id="C17.S14.Px2.p2">

<sentence sentence-num-in-para="1" sentence-num-in-section="4" xml:id="C17.S14.Px2.p2.s1">
Macdonald (1982) includes extensive conjectures on generalizations of (17.14.1) to root systems.
</sentence>

<sentence sentence-num-in-para="2" sentence-num-in-section="5" xml:id="C17.S14.Px2.p2.s2">
These conjectures were proved inCherednik (1995), Habsieger (1986), andKadell (1994); see also Macdonald (1998).
</sentence>

<sentence sentence-num-in-para="3" sentence-num-in-section="6" xml:id="C17.S14.Px2.p2.s3">
For additional results of the type (17.14.2)–(17.14.5) seeAndrews (1986, Chapter 4).
</sentence>

</para>
 
</paragraph>
 
</section>
