<?xml version="1.0" encoding="UTF-8"?>
<section xml:id="C17.S16">
<title>Mathematical Applications</title>        
   
<para xml:id="C17.S16.p1">

<sentence sentence-num-in-para="1" sentence-num-in-section="1" xml:id="C17.S16.p1.s1">
Many special cases of <Math mode="inline" xml:id="C17.S16.p1.m1">q</Math> -series arise in the theory of partitions, a topic treated in §§27.14(i) and 26.9.
</sentence>

<sentence sentence-num-in-para="2" sentence-num-in-section="2" xml:id="C17.S16.p1.s2">
In Lie algebrasLepowsky and Milne (1978) and Lepowsky and Wilson (1982) laid foundations for extensive interaction with <Math mode="inline" xml:id="C17.S16.p1.m2">q</Math> -series.
</sentence>

<sentence sentence-num-in-para="3" sentence-num-in-section="3" xml:id="C17.S16.p1.s3">
These and other applications are described in the surveys Andrews (1974, 1986).
</sentence>

<sentence sentence-num-in-para="4" sentence-num-in-section="4" xml:id="C17.S16.p1.s4">
More recent applications are given in Gasper and Rahman (2004, Chapter 8) andFine (1988, Chapters 1 and 2).
</sentence>

</para>
 
</section>
