<?xml version="1.0" encoding="UTF-8"?>
<section xml:id="C17.S17">
<title>Physical Applications</title>        
  
 
<para xml:id="C17.S17.p1">

<sentence sentence-num-in-para="1" sentence-num-in-section="1" xml:id="C17.S17.p1.s1">
In exactly solved models in statistical mechanics (Baxter (1981, 1982)) the methods and identities of §17.12 play a substantial role.
</sentence>

<sentence sentence-num-in-para="2" sentence-num-in-section="2" xml:id="C17.S17.p1.s2">
See Berkovich and McCoy (1998) andBethuel (1998) for recent surveys.
</sentence>

</para>
  
<para xml:id="C17.S17.p2">

<sentence sentence-num-in-para="1" sentence-num-in-section="3" xml:id="C17.S17.p2.s1">
Quantum groups also apply <Math mode="inline" xml:id="C17.S17.p2.m1">q</Math> -series extensively.
</sentence>

<sentence sentence-num-in-para="2" sentence-num-in-section="4" xml:id="C17.S17.p2.s2">
Quantum groups are really not groups at all but certain Hopf algebras.
</sentence>

<sentence sentence-num-in-para="3" sentence-num-in-section="5" xml:id="C17.S17.p2.s3">
They were given this name because they play a role in quantum physics analogous to the role of Lie groups and special functions in classical mechanics.
</sentence>

<sentence sentence-num-in-para="4" sentence-num-in-section="6" xml:id="C17.S17.p2.s4">
See Kassel (1995).
</sentence>

</para>
       
<para xml:id="C17.S17.p3">

<sentence sentence-num-in-para="1" sentence-num-in-section="7" xml:id="C17.S17.p3.s1">
A substantial literature on <Math mode="inline" xml:id="C17.S17.p3.m1">q</Math> -deformed quantum-mechanical Schrödinger equations has developed recently.
</sentence>

<sentence sentence-num-in-para="2" sentence-num-in-section="8" xml:id="C17.S17.p3.s2">
It involves <Math mode="inline" xml:id="C17.S17.p3.m2">q</Math> -generalizations of exponentials and Laguerre polynomials, and has been applied to the problems of the harmonic oscillator and Coulomb potentials.
</sentence>

<sentence sentence-num-in-para="3" sentence-num-in-section="9" xml:id="C17.S17.p3.s3">
See Micu and Papp (2005), where many earlier references are cited.
</sentence>

</para>

 
</section>
