<?xml version="1.0" encoding="UTF-8"?>
<section xml:id="C17.S19">
<title>Software</title>        
 
<para xml:id="C17.S19.p1">

</para>
 
<para xml:id="C17.S19.p2">

<sentence sentence-num-in-para="1" sentence-num-in-section="1" xml:id="C17.S19.p2.s1">
In this section we provide links to the research literature describing the implementation of algorithms in software for the evaluation of functions described in this chapter.
</sentence>

<sentence sentence-num-in-para="2" sentence-num-in-section="2" xml:id="C17.S19.p2.s2">
Citations in the bulleted list refer to papers for which research software has been made available and can be downloaded via the Web.
</sentence>

</para>
 
<para xml:id="C17.S19.p3">

<sentence sentence-num-in-para="1" sentence-num-in-section="3" xml:id="C17.S19.p3.s1">
Krattenthaler (1993).
</sentence>

<sentence sentence-num-in-para="2" sentence-num-in-section="4" xml:id="C17.S19.p3.s2">
Mathematica.
</sentence>

</para>
 
</section>
