<?xml version="1.0" encoding="UTF-8"?>
<section xml:id="C17.S5">
<title><Math mode="inline" xml:id="C17.S5.m1">{{}_{0}\phi_{0}},{{}_{1}\phi_{0}},{{}_{1}\phi_{1}}</Math> Functions</title>        
 
<paragraph xml:id="C17.S5.Px1">
<title>Euler’s Second Sum</title>     
<para xml:id="C17.S5.Px1.p1">

<sentence sentence-num-in-para="1" sentence-num-in-section="1" xml:id="C17.S5.Px1.p1.s1">
 <Math equation-number="17.5.1" mode="display" xml:id="C17.S5.E1">{{}_{0}\phi_{0}}\left(-;-;q,z\right)=\sum_{n=0}^{\infty}\frac{(-1)^{n}q^{ \genfrac{(}{)}{0.0pt}{}{n}{2}}z^{n}}{\left(q;q\right)_{n}}=\left(z;q\right)_{ \infty}, if |z|&lt;1;</Math> compare (17.3.2).
</sentence>

</para>
 
</paragraph>
 
<paragraph xml:id="C17.S5.Px2">
<title><Math mode="inline" xml:id="C17.S5.Px2.m1">q</Math>-Binomial Series</title>    
<para xml:id="C17.S5.Px2.p1">

<sentence sentence-num-in-para="1" sentence-num-in-section="2" xml:id="C17.S5.Px2.p1.s1">
 <Math equation-number="17.5.2" mode="display" xml:id="C17.S5.E2">{{}_{1}\phi_{0}}\left(a;-;q,z\right)=\frac{\left(az;q\right)_{\infty}}{\left(z ;q\right)_{\infty}}, if |z|&lt;1;</Math> compare (17.2.37).
</sentence>

</para>
 
</paragraph>
 
<paragraph xml:id="C17.S5.Px3">
<title><Math mode="inline" xml:id="C17.S5.Px3.m1">q</Math>-Binomial Theorem</title>    
<para xml:id="C17.S5.Px3.p1">

<sentence sentence-num-in-para="1" sentence-num-in-section="3" xml:id="C17.S5.Px3.p1.s1">
 <Math equation-number="17.5.3" mode="display" xml:id="C17.S5.E3">{{}_{1}\phi_{0}}\left(q^{-n};-;q,z\right)=\left(zq^{-n};q\right)_{n}</Math>.
</sentence>

<sentence sentence-num-in-para="2" sentence-num-in-section="4" xml:id="C17.S5.Px3.p1.s2">
This is (17.2.35) reformulated.
</sentence>

</para>
 
</paragraph>
 
<paragraph xml:id="C17.S5.Px4">
<title>Euler’s First Sum</title>     
<para xml:id="C17.S5.Px4.p1">

<sentence sentence-num-in-para="1" sentence-num-in-section="5" xml:id="C17.S5.Px4.p1.s1">
 <Math equation-number="17.5.4" mode="display" xml:id="C17.S5.E4">{{}_{1}\phi_{0}}\left(0;-;q,z\right)=\sum_{n=0}^{\infty}\frac{z^{n}}{\left(q;q \right)_{n}}=\frac{1}{\left(z;q\right)_{\infty}}, if |z|&lt;1;</Math> compare (17.3.1).
</sentence>

</para>
 
</paragraph>
 
<paragraph xml:id="C17.S5.Px5">
<title>Cauchy’s Sum</title>  
  
<para xml:id="C17.S5.Px5.p1">

<sentence sentence-num-in-para="1" sentence-num-in-section="6" xml:id="C17.S5.Px5.p1.s1">
 <Math equation-number="17.5.5" mode="display" xml:id="C17.S5.E5">{{}_{1}\phi_{1}}\left({a\atop c};q,c/a\right)=\frac{\left(c/a;q\right)_{\infty }}{\left(c;q\right)_{\infty}}, if |c|&lt;|a|</Math>.
</sentence>

</para>
 
</paragraph>
 
</section>
