<?xml version="1.0" encoding="UTF-8"?>
<section xml:id="C17.S6">
<title><Math mode="inline" xml:id="C17.S6.m1">{{}_{2}\phi_{1}}</Math> Function</title>         
<subsection xml:id="C17.S6.SS1">
<title>Special Values</title>        
 
<paragraph xml:id="C17.S6.Px1">
<title><Math mode="inline" xml:id="C17.S6.Px1.m1">q</Math>-Gauss Sum</title>   
<para xml:id="C17.S6.Px1.p1">

<sentence sentence-num-in-para="1" sentence-num-in-section="1" xml:id="C17.S6.Px1.p1.s1">
 <Math equation-number="17.6.1" mode="display" xml:id="C17.S6.E1">{{}_{2}\phi_{1}}\left({a,b\atop c};q,\ifrac{c}{(ab)}\right)=\frac{\left(c/a,c/ b;q\right)_{\infty}}{\left(c,c/(ab);q\right)_{\infty}}</Math>.
</sentence>

</para>
 
</paragraph>
 
<paragraph xml:id="C17.S6.Px2">
<title>First <Math mode="inline" xml:id="C17.S6.Px2.m1">q</Math>-Chu–Vandermonde Sum</title>  
  
<para xml:id="C17.S6.Px2.p1">

<sentence sentence-num-in-para="1" sentence-num-in-section="2" xml:id="C17.S6.Px2.p1.s1">
 <Math equation-number="17.6.2" mode="display" xml:id="C17.S6.E2">{{}_{2}\phi_{1}}\left({a,q^{-n}\atop c};q,\ifrac{cq^{n}}{a}\right)=\frac{\left (c/a;q\right)_{n}}{\left(c;q\right)_{n}}</Math>.
</sentence>

</para>
 
</paragraph>
 
<paragraph xml:id="C17.S6.Px3">
<title>Second <Math mode="inline" xml:id="C17.S6.Px3.m1">q</Math>-Chu–Vandermonde Sum</title>   
<para xml:id="C17.S6.Px3.p1">

<sentence sentence-num-in-para="1" sentence-num-in-section="3" xml:id="C17.S6.Px3.p1.s1">
This reverses the order of summation in (17.6.2):
</sentence>

<sentence sentence-num-in-para="2" sentence-num-in-section="4" xml:id="C17.S6.Px3.p1.s2">
<Math equation-number="17.6.3" mode="display" xml:id="C17.S6.E3">{{}_{2}\phi_{1}}\left({a,q^{-n}\atop c};q,q\right)=\frac{a^{n}\left(c/a;q \right)_{n}}{\left(c;q\right)_{n}}</Math>.
</sentence>

</para>
 
</paragraph>
 
<paragraph xml:id="C17.S6.Px4">
<title>Andrews–Askey Sum</title>    
<para xml:id="C17.S6.Px4.p1">

<sentence sentence-num-in-para="1" sentence-num-in-section="5" xml:id="C17.S6.Px4.p1.s1">
 <Math equation-number="17.6.4" mode="display" xml:id="C17.S6.E4">{{}_{2}\phi_{1}}\left({b^{2},\ifrac{b^{2}}{c}\atop c};q^{2},\ifrac{cq}{b^{2}} \right)=\frac{1}{2}\frac{\left(b^{2},q;q^{2}\right)_{\infty}}{\left(c,cq/b^{2} ;q^{2}\right)_{\infty}}\left(\frac{\left(c/b;q\right)_{\infty}}{\left(b;q \right)_{\infty}}+\frac{\left(-c/b;q\right)_{\infty}}{\left(-b;q\right)_{ \infty}}\right), if |cq|&lt;|b^{2}|</Math>.
</sentence>

</para>
 
</paragraph>
 
<paragraph xml:id="C17.S6.Px5">
<title>Bailey–Daum <Math mode="inline" xml:id="C17.S6.Px5.m1">q</Math>-Kummer Sum</title>    
<para xml:id="C17.S6.Px5.p1">

<sentence sentence-num-in-para="1" sentence-num-in-section="6" xml:id="C17.S6.Px5.p1.s1">
 <Math equation-number="17.6.5" mode="display" xml:id="C17.S6.E5">{{}_{2}\phi_{1}}\left({a,b\atop aq/b};q,-q/b\right)=\frac{\left(-q;q\right)_{ \infty}\left(aq,\ifrac{aq^{2}}{b^{2}};q^{2}\right)_{\infty}}{\left(-q/b,aq/b;q \right)_{\infty}}, if |b|&gt;|q|</Math>.
</sentence>

</para>
 
</paragraph>
 
</subsection>
 
<subsection xml:id="C17.S6.SS2">
<title><Math mode="inline" xml:id="C17.S6.SS2.m1">{{}_{2}\phi_{1}}</Math> Transformations</title>        
 
<paragraph xml:id="C17.S6.Px6">
<title>Heine’s First Transformation</title>    
<para xml:id="C17.S6.Px6.p1">

<sentence sentence-num-in-para="1" sentence-num-in-section="7" xml:id="C17.S6.Px6.p1.s1">
 <Math equation-number="17.6.6" mode="display" xml:id="C17.S6.E6">{{}_{2}\phi_{1}}\left({a,b\atop c};q,z\right)=\frac{\left(b,az;q\right)_{ \infty}}{\left(c,z;q\right)_{\infty}}{{}_{2}\phi_{1}}\left({c/b,z\atop az};q,b \right), if |z|&lt;1,|b|&lt;1</Math>.
</sentence>

</para>
 
</paragraph>
 
<paragraph xml:id="C17.S6.Px7">
<title>Heine’s Second Tranformation</title>   
<para xml:id="C17.S6.Px7.p1">

<sentence sentence-num-in-para="1" sentence-num-in-section="8" xml:id="C17.S6.Px7.p1.s1">
 <Math equation-number="17.6.7" mode="display" xml:id="C17.S6.E7">{{}_{2}\phi_{1}}\left({a,b\atop c};q,z\right)=\frac{\left(c/b,bz;q\right)_{ \infty}}{\left(c,z;q\right)_{\infty}}{{}_{2}\phi_{1}}\left({\ifrac{abz}{c},b \atop bz};q,c/b\right), if |z|&lt;1,|c|&lt;|b|</Math>.
</sentence>

</para>

 
</paragraph>
 
<paragraph xml:id="C17.S6.Px8">
<title>Heine’s Third Transformation</title>   
<para xml:id="C17.S6.Px8.p1">

<sentence sentence-num-in-para="1" sentence-num-in-section="9" xml:id="C17.S6.Px8.p1.s1">
 <Math equation-number="17.6.8" mode="display" xml:id="C17.S6.E8">{{}_{2}\phi_{1}}\left({a,b\atop c};q,z\right)=\frac{\left(\ifrac{abz}{c};q \right)_{\infty}}{\left(z;q\right)_{\infty}}{{}_{2}\phi_{1}}\left({c/a,c/b \atop c};q,\ifrac{abz}{c}\right), if |z|&lt;1,|abz|&lt;|c|</Math>.
</sentence>

</para>
  
</paragraph>
 
<paragraph xml:id="C17.S6.Px9">
<title>Fine’s First Transformation</title>    
<para xml:id="C17.S6.Px9.p1">

<sentence sentence-num-in-para="1" sentence-num-in-section="10" xml:id="C17.S6.Px9.p1.s1">
 <Math equation-number="17.6.9" mode="display" xml:id="C17.S6.E9">{{}_{2}\phi_{1}}\left({q,aq\atop bq};q,z\right)=-\frac{(1-b)(aq/b)}{(1-(\ifrac {aq}{b}))}\sum_{n=0}^{\infty}\frac{\left(aq,azq/b;q\right)_{n}q^{n}}{\left(azq ^{2}/b;q\right)_{n}}+\frac{\left(aq,azq/b;q\right)_{\infty}}{\left(aq/b;q \right)_{\infty}}{{}_{2}\phi_{1}}\left({q,0\atop bq};q,z\right), if |z|&lt;1</Math>.
</sentence>

</para>
 
</paragraph>
 
<paragraph xml:id="C17.S6.Px10">
<title>Fine’s Second Transformation</title>   
<para xml:id="C17.S6.Px10.p1">

<sentence sentence-num-in-para="1" sentence-num-in-section="11" xml:id="C17.S6.Px10.p1.s1">
 <Math equation-number="17.6.10" mode="display" xml:id="C17.S6.E10">(1-z){{}_{2}\phi_{1}}\left({q,aq\atop bq};q,z\right)=\sum_{n=0}^{\infty}\frac{ \left(b/a;q\right)_{n}(-az)^{n}q^{(n^{2}+n)/2}}{\left(bq,zq;q\right)_{n}}, if |z|&lt;1</Math>.
</sentence>

</para>
 
</paragraph>
 
<paragraph xml:id="C17.S6.Px11">
<title>Fine’s Third Transformation</title>   
<para xml:id="C17.S6.Px11.p1">

<sentence sentence-num-in-para="1" sentence-num-in-section="12" xml:id="C17.S6.Px11.p1.s1">
 <Math equation-number="17.6.11" mode="display" xml:id="C17.S6.E11">\frac{1-z}{1-b}{{}_{2}\phi_{1}}\left({q,aq\atop bq};q,z\right)=\sum_{n=0}^{ \infty}\frac{\left(aq;q\right)_{n}\left(azq/b;q\right)_{2n}b^{n}}{\left(zq,aq/ b;q\right)_{n}}-aq\sum_{n=0}^{\infty}\frac{\left(aq;q\right)_{n}\left(azq/b;q \right)_{2n+1}(bq)^{n}}{\left(zq;q\right)_{n}\left(aq/b;q\right)_{n+1}}, if |z|&lt;1,|b|&lt;1</Math>.
</sentence>

</para>
 
</paragraph>
 
<paragraph xml:id="C17.S6.Px12">
<title>Rogers–Fine Identity</title>    
<para xml:id="C17.S6.Px12.p1">

<sentence sentence-num-in-para="1" sentence-num-in-section="13" xml:id="C17.S6.Px12.p1.s1">
 <Math equation-number="17.6.12" mode="display" xml:id="C17.S6.E12">(1-z){{}_{2}\phi_{1}}\left({q,aq\atop bq};q,z\right)=\sum_{n=0}^{\infty}\frac{ \left(aq,azq/b;q\right)_{n}}{\left(bq,zq;q\right)_{n}}(1-azq^{2n+1})(bz)^{n}q^ {n^{2}}, if |z|&lt;1</Math>.
</sentence>

</para>
 
</paragraph>
 
<paragraph xml:id="C17.S6.Px13">
<title>Nonterminating Form of the <Math mode="inline" xml:id="C17.S6.Px13.m1">q</Math>-Vandermonde Sum</title>    
<para xml:id="C17.S6.Px13.p1">

<sentence sentence-num-in-para="1" sentence-num-in-section="14" xml:id="C17.S6.Px13.p1.s1">
 <Math equation-number="17.6.13" mode="display" xml:id="C17.S6.E13">{{}_{2}\phi_{1}}\left(a,b;c;q,q\right)+\frac{\left(q/c,a,b;q\right)_{\infty}}{ \left(c/q,aq/c,bq/c;q\right)_{\infty}}{{}_{2}\phi_{1}}\left(aq/c,bq/c;q^{2}/c; q,q\right)=\frac{\left(q/c,abq/c;q\right)_{\infty}}{\left(aq/c,bq/c;q\right)_{ \infty}},</Math> 
</sentence>

</para>
 
<para xml:id="C17.S6.Px13.p2">

<sentence sentence-num-in-para="1" sentence-num-in-section="15" xml:id="C17.S6.Px13.p2.s1">
 <Math equation-number="17.6.14" mode="display" xml:id="C17.S6.E14">\sum_{n=0}^{\infty}\frac{\left(a;q\right)_{n}\left(b;q^{2}\right)_{n}z^{n}}{ \left(q;q\right)_{n}\left(azb;q^{2}\right)_{n}}=\frac{\left(az,bz;q^{2}\right) _{\infty}}{\left(z,azb;q^{2}\right)_{\infty}}{{}_{2}\phi_{1}}\left({a,b\atop bz };q^{2},zq\right)</Math>.
</sentence>

</para>
 
</paragraph>
 
<paragraph xml:id="C17.S6.Px14">
<title>Three-Term <Math mode="inline" xml:id="C17.S6.Px14.m1">{{}_{2}\phi_{1}}</Math> Transformations</title>    
<para xml:id="C17.S6.Px14.p1">

<sentence sentence-num-in-para="1" sentence-num-in-section="16" xml:id="C17.S6.Px14.p1.s1">
 <Math equation-number="17.6.15" mode="display" xml:id="C17.S6.E15">{{}_{2}\phi_{1}}\left({a,b\atop c};q,z\right)=\frac{\left(abz/c,q/c;q\right)_{ \infty}}{\left(az/c,q/a;q\right)_{\infty}}{{}_{2}\phi_{1}}\left({c/a,cq/(abz) \atop cq/(az)};q,bq/c\right)-\frac{\left(b,q/c,c/a,az/q,q^{2}/(az);q\right)_{ \infty}}{\left(c/q,bq/c,q/a,az/c,cq/(az);q\right)_{\infty}}{{}_{2}\phi_{1}} \left({aq/c,bq/c\atop q^{2}/c};q,z\right), if |z|&lt;1,|bq|&lt;|c|</Math>.
</sentence>

</para>
 
<para xml:id="C17.S6.Px14.p2">

<sentence sentence-num-in-para="1" sentence-num-in-section="17" xml:id="C17.S6.Px14.p2.s1">
 <Math equation-number="17.6.16" mode="display" xml:id="C17.S6.E16">{{}_{2}\phi_{1}}\left({a,b\atop c};q,z\right)=\frac{\left(b,c/a,az,q/(az);q \right)_{\infty}}{\left(c,b/a,z,q/z;q\right)_{\infty}}{{}_{2}\phi_{1}}\left({a ,aq/c\atop aq/b};q,cq/(abz)\right)+\frac{\left(a,c/b,bz,q/(bz);q\right)_{ \infty}}{\left(c,a/b,z,q/z;q\right)_{\infty}}{{}_{2}\phi_{1}}\left({b,bq/c \atop bq/a};q,cq/(abz)\right), if |z|&lt;1, |abz|&lt;|cq|</Math>.
</sentence>

</para>
 
<para xml:id="C17.S6.Px14.p3">

<sentence sentence-num-in-para="1" sentence-num-in-section="18" xml:id="C17.S6.Px14.p3.s1">
For a similar result for <Math mode="inline" xml:id="C17.S6.Px14.p3.m1">q</Math> -confluent hypergeometric functions see Morita (2013).
</sentence>

</para>
 
</paragraph>
 
</subsection>
 
<subsection xml:id="C17.S6.SS3">
<title>Contiguous Relations</title>         
<paragraph xml:id="C17.S6.Px15">
<title>Heine’s Contiguous Relations</title>    
<para xml:id="C17.S6.Px15.p1">

<sentence sentence-num-in-para="1" sentence-num-in-section="19" xml:id="C17.S6.Px15.p1.s1">
 <Math equation-number="17.6.17" mode="display" xml:id="C17.S6.E17">{{}_{2}\phi_{1}}\left({a,b\atop c/q};q,z\right)-{{}_{2}\phi_{1}}\left({a,b \atop c};q,z\right)=cz\frac{(1-a)(1-b)}{(q-c)(1-c)}{{}_{2}\phi_{1}}\left({aq, bq\atop cq};q,z\right),</Math> , <Math equation-number="17.6.18" mode="display" xml:id="C17.S6.E18">{{}_{2}\phi_{1}}\left({aq,b\atop c};q,z\right)-{{}_{2}\phi_{1}}\left({a,b\atop c };q,z\right)=az\frac{1-b}{1-c}{{}_{2}\phi_{1}}\left({aq,bq\atop cq};q,z\right),</Math> , <Math equation-number="17.6.19" mode="display" xml:id="C17.S6.E19">{{}_{2}\phi_{1}}\left({aq,b\atop cq};q,z\right)-{{}_{2}\phi_{1}}\left({a,b \atop c};q,z\right)=az\frac{(1-b)(1-(c/a))}{(1-c)(1-cq)}{{}_{2}\phi_{1}}\left( {aq,bq\atop cq^{2}};q,z\right),</Math> , <Math equation-number="17.6.20" mode="display" xml:id="C17.S6.E20">{{}_{2}\phi_{1}}\left({aq,b/q\atop c};q,z\right)-{{}_{2}\phi_{1}}\left({a,b \atop c};q,z\right)=az\frac{(1-b/(aq))}{1-c}{{}_{2}\phi_{1}}\left({aq,b\atop cq };q,z\right),</Math> <Math equation-number="17.6.21" mode="display" xml:id="C17.S6.E21">b(1-a){{}_{2}\phi_{1}}\left({aq,b\atop c};q,z\right)-a(1-b){{}_{2}\phi_{1}} \left({a,bq\atop c};q,z\right)=(b-a){{}_{2}\phi_{1}}\left({a,b\atop c};q,z \right),</Math> , <Math equation-number="17.6.22" mode="display" xml:id="C17.S6.E22">a\left(1-\frac{b}{c}\right){{}_{2}\phi_{1}}\left({a,b/q\atop c};q,z\right)-b \left(1-\frac{a}{c}\right){{}_{2}\phi_{1}}\left({a/q,b\atop c};q,z\right)=(a-b )\left(1-\frac{abz}{cq}\right){{}_{2}\phi_{1}}\left({a,b\atop c};q,z\right),</Math> <Math equation-number="17.6.23" mode="display" xml:id="C17.S6.E23">q\left(1-\frac{a}{c}\right){{}_{2}\phi_{1}}\left({a/q,b\atop c};q,z\right)+(1- a)\left(1-\frac{abz}{c}\right){{}_{2}\phi_{1}}\left({aq,b\atop c};q,z\right)= \left(1+q-a-\frac{aq}{c}+\frac{a^{2}z}{c}-\frac{abz}{c}\right){{}_{2}\phi_{1}} \left({a,b\atop c};q,z\right),</Math> <Math equation-number="17.6.24" mode="display" xml:id="C17.S6.E24">(1-c)(q-c)(abz-c){{}_{2}\phi_{1}}\left({a,b\atop c/q};q,z\right)+z(c-a)(c-b){{ }_{2}\phi_{1}}\left({a,b\atop cq};q,z\right)=(c-1)(c(q-c)+z(ca+cb-ab-abq)){{}_ {2}\phi_{1}}\left({a,b\atop c};q,z\right)</Math>.
</sentence>

</para>

 
</paragraph>
 
</subsection>
 
<subsection xml:id="C17.S6.SS4">
<title>Differential Equations</title>        
   
<paragraph xml:id="C17.S6.Px16">
<title>Iterations of <Math mode="inline" xml:id="C17.S6.Px16.m1">\mathcal{D}</Math></title>   
<para xml:id="C17.S6.Px16.p1">

<sentence sentence-num-in-para="1" sentence-num-in-section="20" xml:id="C17.S6.Px16.p1.s1">
 <Math equation-number="17.6.25" mode="display" xml:id="C17.S6.E25">\mathcal{D}_{q}^{n}{{}_{2}\phi_{1}}\left({a,b\atop c};q,zd\right)=\frac{\left( a,b;q\right)_{n}d^{n}}{\left(c;q\right)_{n}(1-q)^{n}}{{}_{2}\phi_{1}}\left({aq ^{n},bq^{n}\atop cq^{n}};q,dz\right),</Math> , <Math equation-number="17.6.26" mode="display" xml:id="C17.S6.E26">\mathcal{D}_{q}^{n}\left(\frac{\left(z;q\right)_{\infty}}{\left(abz/c;q\right) _{\infty}}{{}_{2}\phi_{1}}\left({a,b\atop c};q,z\right)\right)=\frac{\left(c/a ,c/b;q\right)_{n}}{\left(c;q\right)_{n}(1-q)^{n}}\left(\frac{ab}{c}\right)^{n} \frac{\left(zq^{n};q\right)_{\infty}}{\left(abz/c;q\right)_{\infty}}{{}_{2} \phi_{1}}\left({a,b\atop cq^{n}};q,zq^{n}\right)</Math>.
</sentence>

</para>
 
</paragraph>
 
<paragraph xml:id="C17.S6.Px17">
<title><Math mode="inline" xml:id="C17.S6.Px17.m1">q</Math>-Differential Equation</title>   
<para xml:id="C17.S6.Px17.p1">

<sentence sentence-num-in-para="1" sentence-num-in-section="21" xml:id="C17.S6.Px17.p1.s1">
 <Math equation-number="17.6.27" mode="display" xml:id="C17.S6.E27">z(c-abqz)\mathcal{D}_{q}^{2}{{}_{2}\phi_{1}}\left({a,b\atop c};q,z\right)+ \left(\frac{1-c}{1-q}+\frac{(1-a)(1-b)-(1-abq)}{1-q}z\right)\mathcal{D}_{q}{{} _{2}\phi_{1}}\left({a,b\atop c};q,z\right)-\frac{(1-a)(1-b)}{(1-q)^{2}}{{}_{2} \phi_{1}}\left({a,b\atop c};q,z\right)=0</Math>.
</sentence>

</para>
 
<para xml:id="C17.S6.Px17.p2">

<sentence sentence-num-in-para="1" sentence-num-in-section="22" xml:id="C17.S6.Px17.p2.s1">
(17.6.27)reduces to the hypergeometric equation (15.10.1) with the substitutions <Math mode="inline" xml:id="C17.S6.Px17.p2.m1">a\to q^{a}</Math> , <Math mode="inline" xml:id="C17.S6.Px17.p2.m2">b\to q^{b}</Math> , <Math mode="inline" xml:id="C17.S6.Px17.p2.m3">c\to q^{c}</Math> , followed by <Math mode="inline" xml:id="C17.S6.Px17.p2.m4">\lim_{q\to 1-}</Math>.
</sentence>

</para>
 
</paragraph>
 
</subsection>
 
<subsection xml:id="C17.S6.SS5">
<title>Integral Representations</title>        
 
 
<para xml:id="C17.S6.SS5.p1">

<sentence sentence-num-in-para="1" sentence-num-in-section="23" xml:id="C17.S6.SS5.p1.s1">
 <Math equation-number="17.6.28" mode="display" xml:id="C17.S6.E28">{{}_{2}\phi_{1}}\left({q^{\alpha},q^{\beta}\atop q^{\gamma}};q,z\right)=\frac{ \Gamma_{q}\left(\gamma\right)}{\Gamma_{q}\left(\beta\right)\Gamma_{q}\left( \gamma-\beta\right)}\int_{0}^{1}\frac{t^{\beta-1}\left(tq;q\right)_{\gamma- \beta-1}}{\left(xt;q\right)_{\alpha}}{\mathrm{d}}_{q}t</Math>.
</sentence>

<sentence sentence-num-in-para="2" sentence-num-in-section="24" xml:id="C17.S6.SS5.p1.s2">
<Math equation-number="17.6.29" mode="display" xml:id="C17.S6.E29">{{}_{2}\phi_{1}}\left({a,b\atop c};q,z\right)=\left(\frac{-1}{2\pi i}\right) \frac{\left(a,b;q\right)_{\infty}}{\left(q,c;q\right)_{\infty}}\int_{-i\infty} ^{i\infty}\frac{\left(q^{1+\zeta},cq^{\zeta};q\right)_{\infty}}{\left(aq^{ \zeta},bq^{\zeta};q\right)_{\infty}}\frac{\pi(-z)^{\zeta}}{\sin\left(\pi\zeta \right)}\mathrm{d}\zeta,</Math> where <Math mode="inline" xml:id="C17.S6.SS5.p1.m1">|z|&lt;1</Math> , <Math mode="inline" xml:id="C17.S6.SS5.p1.m2">|\operatorname{ph}\left(-z\right)|&lt;\pi</Math> , and the contour of integration separates the poles of <Math mode="inline" xml:id="C17.S6.SS5.p1.m3">\left(q^{1+\zeta},cq^{\zeta};q\right)_{\infty}/\sin\left(\pi\zeta\right)</Math> from those of <Math mode="inline" xml:id="C17.S6.SS5.p1.m4">1/\left(aq^{\zeta},bq^{\zeta};q\right)_{\infty}</Math> , and the infimum of the distances of the poles from the contour is positive.
</sentence>

</para>
  
</subsection>
 
<subsection xml:id="C17.S6.SS6">
<title>Continued Fractions</title>          
<para xml:id="C17.S6.SS6.p1">

<sentence sentence-num-in-para="1" sentence-num-in-section="25" xml:id="C17.S6.SS6.p1.s1">
For continued-fraction representations of the <Math mode="inline" xml:id="C17.S6.SS6.p1.m1">{{}_{2}\phi_{1}}</Math> function, see Cuyt et al. (2008, pp. 395–399).
</sentence>

</para>
 
</subsection>
 
</section>
