<?xml version="1.0" encoding="UTF-8"?>
<section xml:id="C17.S7">
<title>Special Cases of Higher <Math mode="inline" xml:id="C17.S7.m1">{{}_{r}\phi_{s}}</Math> Functions</title>         
 
<subsection xml:id="C17.S7.SS1">
<title><Math mode="inline" xml:id="C17.S7.SS1.m1">{{}_{2}\phi_{2}}</Math> Functions</title>         
<paragraph xml:id="C17.S7.Px1">
<title><Math mode="inline" xml:id="C17.S7.Px1.m1">q</Math>-Analog of Bailey’s <Math mode="inline" xml:id="C17.S7.Px1.m2">{{}_{2}F_{1}}\left(-1\right)</Math> Sum</title>     
<para xml:id="C17.S7.Px1.p1">

<sentence sentence-num-in-para="1" sentence-num-in-section="1" xml:id="C17.S7.Px1.p1.s1">
 <Math equation-number="17.7.1" mode="display" xml:id="C17.S7.E1">{{}_{2}\phi_{2}}\left({a,q/a\atop-q,b};q,-b\right)=\frac{\left(ab,bq/a;q^{2} \right)_{\infty}}{\left(b;q\right)_{\infty}}, if |b|&lt;1</Math>.
</sentence>

</para>
 
</paragraph>
 
<paragraph xml:id="C17.S7.Px2">
<title><Math mode="inline" xml:id="C17.S7.Px2.m1">q</Math>-Analog of Gauss’s <Math mode="inline" xml:id="C17.S7.Px2.m2">{{}_{2}F_{1}}\left(-1\right)</Math> Sum</title>     
<para xml:id="C17.S7.Px2.p1">

<sentence sentence-num-in-para="1" sentence-num-in-section="2" xml:id="C17.S7.Px2.p1.s1">
 <Math equation-number="17.7.2" mode="display" xml:id="C17.S7.E2">{{}_{2}\phi_{2}}\left({a^{2},b^{2}\atop abq^{\frac{1}{2}},-abq^{\frac{1}{2}}}; q,-q\right)=\frac{\left(a^{2}q,b^{2}q;q^{2}\right)_{\infty}}{\left(q,a^{2}b^{2 }q;q^{2}\right)_{\infty}}</Math>.
</sentence>

</para>
 
</paragraph>
 
<paragraph xml:id="C17.S7.Px3">
<title>Sum Related to (17.6.4)</title>    
<para xml:id="C17.S7.Px3.p1">

<sentence sentence-num-in-para="1" sentence-num-in-section="3" xml:id="C17.S7.Px3.p1.s1">
 <Math equation-number="17.7.3" mode="display" xml:id="C17.S7.E3">{{}_{2}\phi_{2}}\left({\ifrac{c^{2}}{b^{2}},b^{2}\atop c,cq};q^{2},q\right)= \frac{1}{2}\frac{\left(b^{2},q;q^{2}\right)_{\infty}}{\left(c,cq;q^{2}\right)_ {\infty}}{\left(\frac{\left(c/b;q\right)_{\infty}}{\left(b;q\right)_{\infty}}+ \frac{\left(-c/b;q\right)_{\infty}}{\left(-b;q\right)_{\infty}}\right)}</Math>.
</sentence>

</para>
 
</paragraph>
 
</subsection>
 
<subsection xml:id="C17.S7.SS2">
<title><Math mode="inline" xml:id="C17.S7.SS2.m1">{{}_{3}\phi_{2}}</Math> Functions</title>         
<paragraph xml:id="C17.S7.Px4">
<title><Math mode="inline" xml:id="C17.S7.Px4.m1">q</Math>-Pfaff–Saalschütz Sum</title>   
 
<para xml:id="C17.S7.Px4.p1">

<sentence sentence-num-in-para="1" sentence-num-in-section="4" xml:id="C17.S7.Px4.p1.s1">
 <Math equation-number="17.7.4" mode="display" xml:id="C17.S7.E4">{{}_{3}\phi_{2}}\left({a,b,q^{-n}\atop c,abq^{1-n}/c};q,q\right)=\frac{\left(c /a,c/b;q\right)_{n}}{\left(c,c/(ab);q\right)_{n}}</Math>.
</sentence>

</para>
 
</paragraph>
 
<paragraph xml:id="C17.S7.Px5">
<title>Nonterminating Form of the <Math mode="inline" xml:id="C17.S7.Px5.m1">q</Math>-Saalschütz Sum</title>    
<para xml:id="C17.S7.Px5.p1">

<sentence sentence-num-in-para="1" sentence-num-in-section="5" xml:id="C17.S7.Px5.p1.s1">
 <Math equation-number="17.7.5" mode="display" xml:id="C17.S7.E5">{{}_{3}\phi_{2}}\left({a,b,c\atop e,f};q,q\right)+\frac{\left(q/e,a,b,c,qf/e;q \right)_{\infty}}{\left(e/q,aq/e,bq/e,cq/e,f;q\right)_{\infty}}\*{{}_{3}\phi_{ 2}}\left({aq/e,bq/e,cq/e\atop q^{2}/e,qf/e};q,q\right)=\frac{\left(q/e,f/a,f/b ,f/c;q\right)_{\infty}}{\left(aq/e,bq/e,cq/e,f;q\right)_{\infty}},</Math> where <Math mode="inline" xml:id="C17.S7.Px5.p1.m1">ef=abcq</Math>.
</sentence>

</para>
 
</paragraph>
 
<paragraph xml:id="C17.S7.Px6">
<title>F. H. Jackson’s Terminating <Math mode="inline" xml:id="C17.S7.Px6.m1">q</Math>-Analog of Dixon’s Sum</title>   
  
<para xml:id="C17.S7.Px6.p1">

<sentence sentence-num-in-para="1" sentence-num-in-section="6" xml:id="C17.S7.Px6.p1.s1">
 <Math equation-number="17.7.6" mode="display" xml:id="C17.S7.E6">{{}_{3}\phi_{2}}\left({q^{-2n},b,c\atop q^{1-2n}/b,q^{1-2n}/c};q,\frac{q^{2-n} }{bc}\right)=\frac{\left(b,c;q\right)_{n}\left(q,bc;q\right)_{2n}}{\left(q,bc; q\right)_{n}\left(b,c;q\right)_{2n}}</Math>.
</sentence>

</para>
 
</paragraph>
 
<paragraph xml:id="C17.S7.Px7">
<title>Continued Fractions</title>    
<para xml:id="C17.S7.Px7.p1">

<sentence sentence-num-in-para="1" sentence-num-in-section="7" xml:id="C17.S7.Px7.p1.s1">
For continued-fraction representations of a ratio of <Math mode="inline" xml:id="C17.S7.Px7.p1.m1">{{}_{3}\phi_{2}}</Math> functions, see Cuyt et al. (2008, pp. 399–400).
</sentence>

</para>
 
</paragraph>
 
</subsection>
 
<subsection xml:id="C17.S7.SS3">
<title>Other <Math mode="inline" xml:id="C17.S7.SS3.m1">{{}_{r}\phi_{s}}</Math> Functions</title>         
<paragraph xml:id="C17.S7.Px8">
<title><Math mode="inline" xml:id="C17.S7.Px8.m1">q</Math>-Analog of Dixon’s <Math mode="inline" xml:id="C17.S7.Px8.m2">{{}_{3}F_{2}}\left(1\right)</Math> Sum</title>  
   
<para xml:id="C17.S7.Px8.p1">

<sentence sentence-num-in-para="1" sentence-num-in-section="8" xml:id="C17.S7.Px8.p1.s1">
 <Math equation-number="17.7.7" mode="display" xml:id="C17.S7.E7">{{}_{4}\phi_{3}}\left({a,-qa^{\frac{1}{2}},b,c\atop-a^{\frac{1}{2}},aq/b,aq/c} ;q,\frac{qa^{\frac{1}{2}}}{bc}\right)=\frac{\left(aq,qa^{\frac{1}{2}}/b,qa^{ \frac{1}{2}}/c,aq/(bc);q\right)_{\infty}}{\left(aq/b,aq/c,qa^{\frac{1}{2}},qa^ {\frac{1}{2}}/(bc);q\right)_{\infty}}</Math>.
</sentence>

</para>
 
</paragraph>
 
<paragraph xml:id="C17.S7.Px9">
<title>Gasper–Rahman <Math mode="inline" xml:id="C17.S7.Px9.m1">q</Math>-Analog of Watson’s <Math mode="inline" xml:id="C17.S7.Px9.m2">{{}_{3}F_{2}}</Math> Sum</title>   
 
<para xml:id="C17.S7.Px9.p1">

<sentence sentence-num-in-para="1" sentence-num-in-section="9" xml:id="C17.S7.Px9.p1.s1">
 <Math equation-number="17.7.8" mode="display" xml:id="C17.S7.E8">{{}_{8}\phi_{7}}\left({\lambda,q\lambda^{\frac{1}{2}},-q\lambda^{\frac{1}{2}}, a,b,c,-c,\lambda q/c^{2}\atop\lambda^{\frac{1}{2}},-\lambda^{\frac{1}{2}}, \lambda q/a,\lambda q/b,\lambda q/c,-\lambda q/c,c^{2}};q,-\frac{\lambda q}{ab }\right)=\frac{\left(\lambda q,c^{2}/\lambda;q\right)_{\infty}\left(aq,bq,c^{2 }q/a,c^{2}q/b;q^{2}\right)_{\infty}}{\left(\lambda q/a,\lambda q/b;q\right)_{ \infty}\left(q,abq,c^{2}q,c^{2}q/(ab);q^{2}\right)_{\infty}},</Math> where <Math mode="inline" xml:id="C17.S7.Px9.p1.m1">\lambda=-c(ab/q)^{\frac{1}{2}}</Math>.
</sentence>

</para>

 
</paragraph>
 
<paragraph xml:id="C17.S7.Px10">
<title>Andrews’ Terminating <Math mode="inline" xml:id="C17.S7.Px10.m1">q</Math>-Analog of (17.7.8)</title>    
<para xml:id="C17.S7.Px10.p1">

<sentence sentence-num-in-para="1" sentence-num-in-section="10" xml:id="C17.S7.Px10.p1.s1">
 <Math equation-number="17.7.9" mode="display" xml:id="C17.S7.E9">{{}_{4}\phi_{3}}\left({q^{-n},aq^{n},c,-c\atop(aq)^{\frac{1}{2}},-(aq)^{\frac{ 1}{2}},c^{2}};q,q\right)=\begin{cases}0,&amp;\mbox{$n$ odd,}\\ \dfrac{c^{n}\left(q,aq/c^{2};q^{2}\right)_{n/2}}{\left(aq,c^{2}q;q^{2}\right)_ {n/2}},&amp;\mbox{$n$ even.}\end{cases</Math> }
</sentence>

</para>
 
</paragraph>
 
<paragraph xml:id="C17.S7.Px11">
<title>Gasper–Rahman <Math mode="inline" xml:id="C17.S7.Px11.m1">q</Math>-Analog of Whipple’s <Math mode="inline" xml:id="C17.S7.Px11.m2">{{}_{3}F_{2}}</Math> Sum</title>    
<para xml:id="C17.S7.Px11.p1">

<sentence sentence-num-in-para="1" sentence-num-in-section="11" xml:id="C17.S7.Px11.p1.s1">
 <Math equation-number="17.7.10" mode="display" xml:id="C17.S7.E10">{{}_{8}\phi_{7}}\left({-c,q(-c)^{\frac{1}{2}},-q(-c)^{\frac{1}{2}},a,q/a,c,-d, -q/d\atop(-c)^{\frac{1}{2}},-(-c)^{\frac{1}{2}},-cq/a,-ac,-q,cq/d,cd};q,c \right)=\frac{\left(-c,-cq;q\right)_{\infty}\left(acd,acq/d,cdq/a,cq^{2}/(ad); q^{2}\right)_{\infty}}{\left(cd,cq/d,-ac,-cq/a;q\right)_{\infty}}</Math>.
</sentence>

</para>
 
</paragraph>
 
<paragraph xml:id="C17.S7.Px12">
<title>Andrews’ Terminating <Math mode="inline" xml:id="C17.S7.Px12.m1">q</Math>-Analog</title>   
<para xml:id="C17.S7.Px12.p1">

<sentence sentence-num-in-para="1" sentence-num-in-section="12" xml:id="C17.S7.Px12.p1.s1">
 <Math equation-number="17.7.11" mode="display" xml:id="C17.S7.E11">{{}_{4}\phi_{3}}\left({q^{-n},q^{n+1},c,-c\atop e,c^{2}q/e,-q};q,q\right)= \frac{\left(eq^{-n},eq^{n+1},c^{2}q^{1-n}/e,c^{2}q^{n+2}/e;q^{2}\right)_{ \infty}}{\left(e,c^{2}q/e;q\right)_{\infty}}</Math>.
</sentence>

</para>
 
</paragraph>
 
<paragraph xml:id="C17.S7.Px13">
<title>First <Math mode="inline" xml:id="C17.S7.Px13.m1">q</Math>-Analog of Bailey’s <Math mode="inline" xml:id="C17.S7.Px13.m2">{{}_{4}F_{3}}\left(1\right)</Math> Sum</title>     
<para xml:id="C17.S7.Px13.p1">

<sentence sentence-num-in-para="1" sentence-num-in-section="13" xml:id="C17.S7.Px13.p1.s1">
 <Math equation-number="17.7.12" mode="display" xml:id="C17.S7.E12">{{}_{4}\phi_{3}}\left({a,aq,b^{2}q^{2n},q^{-2n}\atop b,bq,a^{2}q^{2}};q^{2},q^ {2}\right)=\frac{a^{n}\left(-q,b/a;q\right)_{n}}{\left(-aq,b;q\right)_{n}}</Math>.
</sentence>

</para>
 
</paragraph>
 
<paragraph xml:id="C17.S7.Px14">
<title>Second <Math mode="inline" xml:id="C17.S7.Px14.m1">q</Math>-Analog of Bailey’s <Math mode="inline" xml:id="C17.S7.Px14.m2">{{}_{4}F_{3}}\left(1\right)</Math> Sum</title>   
<para xml:id="C17.S7.Px14.p1">

<sentence sentence-num-in-para="1" sentence-num-in-section="14" xml:id="C17.S7.Px14.p1.s1">
 <Math equation-number="17.7.13" mode="display" xml:id="C17.S7.E13">{{}_{4}\phi_{3}}\left({a,aq,b^{2}q^{2n-2},q^{-2n}\atop b,bq,a^{2}};q^{2},q^{2} \right)=\frac{a^{n}\left(-q,b/a;q\right)_{n}(1-bq^{n-1})}{\left(-a,b;q\right)_ {n}(1-bq^{2n-1})}</Math>.
</sentence>

</para>
 
</paragraph>
 
<paragraph xml:id="C17.S7.Px15">
<title>F. H. Jackson’s <Math mode="inline" xml:id="C17.S7.Px15.m1">q</Math>-Analog of Dougall’s <Math mode="inline" xml:id="C17.S7.Px15.m2">{{}_{7}F_{6}}\left(1\right)</Math> Sum</title>     
<para xml:id="C17.S7.Px15.p1">

<sentence sentence-num-in-para="1" sentence-num-in-section="15" xml:id="C17.S7.Px15.p1.s1">
 <Math equation-number="17.7.14" mode="display" xml:id="C17.S7.E14">{{}_{8}\phi_{7}}\left({a,qa^{\frac{1}{2}},-qa^{\frac{1}{2}},b,c,d,e,q^{-n} \atop a^{\frac{1}{2}},-a^{\frac{1}{2}},aq/b,aq/c,aq/d,aq/e,aq^{n+1}};q,q\right )=\frac{\left(aq,aq/(bc),aq/(bd),aq/(cd);q\right)_{n}}{\left(aq/b,aq/c,aq/d,aq /(bcd);q\right)_{n}},</Math> where <Math mode="inline" xml:id="C17.S7.Px15.p1.m1">a^{2}q=bcdeq^{-n}</Math>.
</sentence>

</para>
 
</paragraph>
 
<paragraph xml:id="C17.S7.Px16">
<title>Limiting Cases of (17.7.14)</title>   
<para xml:id="C17.S7.Px16.p1">

<sentence sentence-num-in-para="1" sentence-num-in-section="16" xml:id="C17.S7.Px16.p1.s1">
 <Math equation-number="17.7.15" mode="display" xml:id="C17.S7.E15">{{}_{6}\phi_{5}}\left({a,qa^{\frac{1}{2}},-qa^{\frac{1}{2}},b,c,d\atop a^{ \frac{1}{2}},-a^{\frac{1}{2}},aq/b,aq/c,aq/d};q,\frac{aq}{bcd}\right)=\frac{ \left(aq,aq/(bc),aq/(bd),aq/(cd);q\right)_{\infty}}{\left(aq/b,aq/c,aq/d,aq/( bcd);q\right)_{\infty}},</Math> and when <Math mode="inline" xml:id="C17.S7.Px16.p1.m1">d=q^{-n}</Math> , <Math equation-number="17.7.16" mode="display" xml:id="C17.S7.E16">{{}_{6}\phi_{5}}\left({a,qa^{\frac{1}{2}},-qa^{\frac{1}{2}},b,c,q^{-n}\atop a^ {\frac{1}{2}},-a^{\frac{1}{2}},aq/b,aq/c,aq^{n+1}};q,\frac{aq^{n+1}}{bc}\right )=\frac{\left(aq,aq/(bc);q\right)_{n}}{\left(aq/b,aq/c;q\right)_{n}}</Math>.
</sentence>

</para>
  
</paragraph>
 
<paragraph xml:id="C17.S7.Px17">
<title>Bailey’s Nonterminating Extension of Jackson’s <Math mode="inline" xml:id="C17.S7.Px17.m1">{{}_{8}\phi_{7}}</Math> Sum</title>   
<para xml:id="C17.S7.Px17.p1">

<sentence sentence-num-in-para="1" sentence-num-in-section="17" xml:id="C17.S7.Px17.p1.s1">
 <Math equation-number="17.7.17" mode="display" xml:id="C17.S7.E17">{{}_{8}\phi_{7}}\left({a,qa^{\frac{1}{2}},-qa^{\frac{1}{2}},b,c,d,e,f\atop a^{ \frac{1}{2}},-a^{\frac{1}{2}},aq/b,aq/c,aq/d,aq/e,aq/f};q,q\right)-\frac{b}{a} \frac{\left(aq,c,d,e,f,bq/a,bq/c,bq/d,bq/e,bq/f;q\right)_{\infty}}{\left(aq/b, aq/c,aq/d,aq/e,aq/f,bc/a,bd/a,be/a,bf/a,b^{2}q/a;q\right)_{\infty}}\*{{}_{8} \phi_{7}}\left({b^{2}/a,qba^{-\frac{1}{2}},-qba^{-\frac{1}{2}},b,bc/a,bd/a,be/ a,bf/a\atop ba^{-\frac{1}{2}},-ba^{-\frac{1}{2}},bq/a,bq/c,bq/d,bq/e,bq/f};q,q \right)=\frac{\left(aq,b/a,aq/(cd),aq/(ce),aq/(cf),aq/(de),aq/(df),aq/(ef);q \right)_{\infty}}{\left(aq/c,aq/d,aq/e,aq/f,bc/a,bd/a,be/a,bf/a;q\right)_{ \infty}},</Math> where <Math mode="inline" xml:id="C17.S7.Px17.p1.m1">qa^{2}=bcdef</Math>.
</sentence>

</para>
 
</paragraph>
 
<paragraph xml:id="C17.S7.Px18">
<title>Gasper–Rahman <Math mode="inline" xml:id="C17.S7.Px18.m1">q</Math>-Analogs of the Karlsson–Minton Sums</title>   
<para xml:id="C17.S7.Px18.p1">

<sentence sentence-num-in-para="1" sentence-num-in-section="18" xml:id="C17.S7.Px18.p1.s1">
 <Math equation-number="17.7.18" mode="display" xml:id="C17.S7.E18">{{}_{r+2}\phi_{r+1}}\left({a,b,b_{1}q^{m_{1}},\dots,b_{r}q^{m_{r}}\atop bq,b_{ 1},\dots,b_{r}};q,a^{-1}q^{1-(m_{1}+\cdots+m_{r})}\right)=\frac{\left(q,bq/a;q \right)_{\infty}\left(b_{1}/b;q\right)_{m_{1}}\cdots\left(b_{r}/b;q\right)_{m_ {r}}}{\left(bq,q/a;q\right)_{\infty}\left(b_{1};q\right)_{m_{1}}\cdots\left(b_ {r};q\right)_{m_{r}}}b^{m_{1}+\cdots+m_{r}},</Math> and <Math equation-number="17.7.19" mode="display" xml:id="C17.S7.E19">{{}_{r+1}\phi_{r}}\left({a,b_{1}q^{m_{1}},\dots,b_{r}q^{m_{r}}\atop b_{1}, \dots,b_{r}};q,a^{-1}q^{1-(m_{1}+\cdots+m_{r})}\right)=0,</Math> where <Math mode="inline" xml:id="C17.S7.Px18.p1.m1">m_{1},m_{2},\dots,m_{r}</Math> are arbitrary nonnegative integers.
</sentence>

</para>
 
</paragraph>
 
<paragraph xml:id="C17.S7.Px19">
<title>Gosper’s Bibasic Sum</title>    
<para xml:id="C17.S7.Px19.p1">

<sentence sentence-num-in-para="1" sentence-num-in-section="19" xml:id="C17.S7.Px19.p1.s1">
 <Math equation-number="17.7.20" mode="display" xml:id="C17.S7.E20">\sum_{k=0}^{n}\frac{1-ap^{k}q^{k}}{1-a}\frac{\left(a;p\right)_{k}\left(c;q \right)_{k}}{\left(q;q\right)_{k}\left(ap/c;p\right)_{k}}c^{-k}=\frac{\left(ap ;p\right)_{n}\left(cq;q\right)_{n}}{\left(q;q\right)_{n}\left(ap/c;p\right)_{n }}c^{-n}</Math>.
</sentence>

</para>
 
</paragraph>
 
<paragraph xml:id="C17.S7.Px20">
<title>Gasper’s Extensions of Gosper’s Bibasic Sum</title>  
 
<para xml:id="C17.S7.Px20.p1">

<sentence sentence-num-in-para="1" sentence-num-in-section="20" xml:id="C17.S7.Px20.p1.s1">
 <Math equation-number="17.7.21" mode="display" xml:id="C17.S7.E21">\sum_{k=0}^{n}\frac{(1-ap^{k}q^{k})(1-bp^{k}q^{-k})}{(1-a)(1-b)}\frac{\left(a, b;p\right)_{k}\left(c,a/(bc);q\right)_{k}}{\left(q,aq/b;q\right)_{k}\left(ap/c ,bcp;p\right)_{k}}q^{k}=\frac{\left(ap,bp;p\right)_{n}\left(cq,aq/(bc);q\right )_{n}}{\left(q,aq/b;q\right)_{n}\left(ap/c,bcp;p\right)_{n}},</Math> <Math equation-number="17.7.22" mode="display" xml:id="C17.S7.E22">\sum_{k=-m}^{n}\frac{(1-adp^{k}q^{k})(1-bp^{k}/(dq^{k}))}{(1-ad)(1-(b/d))} \frac{\left(a,b;p\right)_{k}\left(c,ad^{2}/(bc);q\right)_{k}}{\left(dq,adq/b;q \right)_{k}\left(adp/c,bcp/d;p\right)_{k}}q^{k}=\frac{(1-a)(1-b)(1-c)(1-(ad^{2 }/(bc)))}{d(1-ad)(1-(b/d))(1-(c/d))(1-(ad/(bc)))}\left(\frac{\left(ap,bp;p \right)_{n}\left(cq,ad^{2}q/(bc);q\right)_{n}}{\left(dq,adq/b;q\right)_{n} \left(adp/c,bcp/d;p\right)_{n}}-\frac{\left(c/(ad),d/(bc);p\right)_{m+1}\left( 1/d,b/(ad);q\right)_{m+1}}{\left(1/c,bc/(ad^{2});q\right)_{m+1}\left(1/a,1/b;p \right)_{m+1}}\right),</Math> and <Math mode="inline" xml:id="C17.S7.Px20.p1.m1">n</Math> -th difference generalization: <Math equation-number="17.7.23" mode="display" xml:id="C17.S7.E23">\left(1-\frac{a}{q}\right)\left(1-\frac{b}{q}\right)\sum_{k=0}^{n}\frac{\left( ap^{k},bp^{-k};q\right)_{n-1}(1-(ap^{2k}/b))}{\left(p;p\right)_{n}\left(p;p \right)_{n-k}\left(ap^{k}/b;q\right)_{n+1}}(-1)^{k}p^{\genfrac{(}{)}{0.0pt}{}{ k}{2}}=\delta_{n,0}</Math>.
</sentence>

</para>
  
</paragraph>
 
</subsection>
 
</section>
