<?xml version="1.0" encoding="UTF-8"?>
<section xml:id="C17.S8">
<title>Special Cases of <Math mode="inline" xml:id="C17.S8.m1">{{}_{r}\psi_{r}}</Math> Functions</title>        
  
<paragraph xml:id="C17.S8.Px1">
<title>Jacobi’s Triple Product</title>    
<para xml:id="C17.S8.Px1.p1">

<sentence sentence-num-in-para="1" sentence-num-in-section="1" xml:id="C17.S8.Px1.p1.s1">
 <Math equation-number="17.8.1" mode="display" xml:id="C17.S8.E1">\sum_{n=-\infty}^{\infty}(-z)^{n}q^{n(n-1)/2}=\left(q,z,q/z;q\right)_{\infty};</Math> compare (20.5.9).
</sentence>

</para>
 
</paragraph>
 
<paragraph xml:id="C17.S8.Px2">
<title>Ramanujan’s <Math mode="inline" xml:id="C17.S8.Px2.m1">{{}_{1}\psi_{1}}</Math> Summation</title>     
<para xml:id="C17.S8.Px2.p1">

<sentence sentence-num-in-para="1" sentence-num-in-section="2" xml:id="C17.S8.Px2.p1.s1">
 <Math equation-number="17.8.2" mode="display" xml:id="C17.S8.E2">{{}_{1}\psi_{1}}\left({a\atop b};q,z\right)=\frac{\left(q,b/a,az,q/(az);q \right)_{\infty}}{\left(b,q/a,z,b/(az);q\right)_{\infty}}</Math>.
</sentence>

</para>

 
</paragraph>
 
<paragraph xml:id="C17.S8.Px3">
<title>Quintuple Product Identity</title>    
<para xml:id="C17.S8.Px3.p1">

<sentence sentence-num-in-para="1" sentence-num-in-section="3" xml:id="C17.S8.Px3.p1.s1">
 <Math equation-number="17.8.3" mode="display" xml:id="C17.S8.E3">\sum_{n=-\infty}^{\infty}(-1)^{n}q^{n(3n-1)/2}z^{3n}(1+zq^{n})=\left(q,-z,-q/z ;q\right)_{\infty}\left(qz^{2},q/{z^{2}};q^{2}\right)_{\infty}</Math>.
</sentence>

</para>
  
</paragraph>
 
<paragraph xml:id="C17.S8.Px4">
<title>Bailey’s Bilateral Summations</title>   
  
<para xml:id="C17.S8.Px4.p1">

<sentence sentence-num-in-para="1" sentence-num-in-section="4" xml:id="C17.S8.Px4.p1.s1">
 <Math equation-number="17.8.4" mode="display" xml:id="C17.S8.E4">{{}_{2}\psi_{2}}\left(b,c;aq/b,aq/c;q,-aq/(bc)\right)=\frac{\left(aq/(bc);q \right)_{\infty}\left(aq^{2}/b^{2},aq^{2}/c^{2},q^{2},aq,q/a;q^{2}\right)_{ \infty}}{\left(aq/b,aq/c,q/b,q/c,-aq/(bc);q\right)_{\infty}},</Math> , <Math equation-number="17.8.5" mode="display" xml:id="C17.S8.E5">{{}_{3}\psi_{3}}\left({b,c,d\atop q/b,q/c,q/d};q,\frac{q}{bcd}\right)=\frac{ \left(q,q/(bc),q/(bd),q/(cd);q\right)_{\infty}}{\left(q/b,q/c,q/d,q/(bcd);q \right)_{\infty}},</Math> <Math equation-number="17.8.6" mode="display" xml:id="C17.S8.E6">{{}_{4}\psi_{4}}\left({-qa^{\frac{1}{2}},b,c,d\atop-a^{\frac{1}{2}},aq/b,aq/c, aq/d};q,\frac{qa^{\frac{3}{2}}}{bcd}\right)=\frac{\left(aq,aq/(bc),aq/(bd),aq/ (cd),qa^{\frac{1}{2}}/b,qa^{\frac{1}{2}}/c,qa^{\frac{1}{2}}/d,q,q/a;q\right)_{ \infty}}{\left(aq/b,aq/c,aq/d,q/b,q/c,q/d,qa^{\frac{1}{2}},qa^{-\frac{1}{2}}, qa^{\frac{3}{2}}/(bcd);q\right)_{\infty}},</Math> <Math equation-number="17.8.7" mode="display" xml:id="C17.S8.E7">{{}_{6}\psi_{6}}\left({qa^{\frac{1}{2}},-qa^{\frac{1}{2}},b,c,d,e\atop a^{ \frac{1}{2}},-a^{\frac{1}{2}},aq/b,aq/c,aq/d,aq/e};q,\frac{qa^{2}}{bcde}\right )=\frac{\left(aq,aq/(bc),aq/(bd),aq/(be),aq/(cd),aq/(ce),aq/(de),q,q/a;q\right )_{\infty}}{\left(aq/b,aq/c,aq/d,aq/e,q/b,q/c,q/d,q/e,qa^{2}/(bcde);q\right)_{ \infty}}</Math>.
</sentence>

</para>
 
</paragraph>
 
</section>
