<?xml version="1.0" encoding="UTF-8"?>
<section xml:id="C17.S9">
<title>Further Transformations of <Math mode="inline" xml:id="C17.S9.m1">{{}_{r+1}\phi_{r}}</Math> Functions</title>          
<subsection xml:id="C17.S9.SS1">
<title><Math mode="inline" xml:id="C17.S9.SS1.m1">{{}_{2}\phi_{1}}\to{{}_{2}\phi_{2}}</Math>, <Math mode="inline" xml:id="C17.S9.SS1.m2">{{}_{3}\phi_{1}}</Math>, or<Math mode="inline" xml:id="C17.S9.SS1.m3">{{}_{3}\phi_{2}}</Math></title>         
<paragraph xml:id="C17.S9.Px1">
<title>F. H. Jackson’s Transformations</title>    
<para xml:id="C17.S9.Px1.p1">

<sentence sentence-num-in-para="1" sentence-num-in-section="1" xml:id="C17.S9.Px1.p1.s1">
 <Math equation-number="17.9.1" mode="display" xml:id="C17.S9.E1">{{}_{2}\phi_{1}}\left({a,b\atop c};q,z\right)=\frac{\left(za;q\right)_{\infty} }{\left(z;q\right)_{\infty}}{{}_{2}\phi_{2}}\left({a,c/b\atop c,az};q,bz\right),</Math> , <Math equation-number="17.9.2" mode="display" xml:id="C17.S9.E2">{{}_{2}\phi_{1}}\left({q^{-n},b\atop c};q,z\right)=\frac{\left(c/b;q\right)_{n }}{\left(c;q\right)_{n}}b^{n}{{}_{3}\phi_{1}}\left({q^{-n},b,q/z\atop bq^{1-n} /c};q,z/c\right),</Math> , <Math equation-number="17.9.3" mode="display" xml:id="C17.S9.E3">{{}_{2}\phi_{1}}\left({a,b\atop c};q,z\right)=\frac{\left(abz/c;q\right)_{ \infty}}{\left(bz/c;q\right)_{\infty}}{{}_{3}\phi_{2}}\left({a,c/b,0\atop c,cq /bz};q,q\right),</Math> , <Math equation-number="17.9.4" mode="display" xml:id="C17.S9.E4">{{}_{2}\phi_{1}}\left({q^{-n},b\atop c};q,z\right)=\frac{\left(c/b;q\right)_{n }}{\left(c;q\right)_{n}}\left(\frac{bz}{q}\right)^{n}{{}_{3}\phi_{2}}\left({q^ {-n},q/z,q^{1-n}/c\atop bq^{1-n}/c,0};q,q\right),</Math> , <Math equation-number="17.9.5" mode="display" xml:id="C17.S9.E5">{{}_{2}\phi_{1}}\left({q^{-n},b\atop c};q,z\right)=\frac{\left(c/b;q\right)_{n }}{\left(c;q\right)_{n}}{{}_{3}\phi_{2}}\left({q^{-n},b,bzq^{-n}/c\atop bq^{1- n}/c,0};q,q\right)</Math>.
</sentence>

</para>
 
</paragraph>
 
</subsection>
 
<subsection xml:id="C17.S9.SS2">
<title><Math mode="inline" xml:id="C17.S9.SS2.m1">{{}_{3}\phi_{2}}\to{{}_{3}\phi_{2}}</Math></title>         
<paragraph xml:id="C17.S9.Px2">
<title>Transformations of <Math mode="inline" xml:id="C17.S9.Px2.m1">{{}_{3}\phi_{2}}</Math>-Series</title>   
<para xml:id="C17.S9.Px2.p1">

<sentence sentence-num-in-para="1" sentence-num-in-section="2" xml:id="C17.S9.Px2.p1.s1">
 <Math equation-number="17.9.6" mode="display" xml:id="C17.S9.E6">{{}_{3}\phi_{2}}\left({a,b,c\atop d,e};q,de/(abc)\right)=\frac{\left(e/a,de/( bc);q\right)_{\infty}}{\left(e,de/(abc);q\right)_{\infty}}{{}_{3}\phi_{2}} \left({a,d/b,d/c\atop d,de/(bc)};q,e/a\right),</Math> , <Math equation-number="17.9.7" mode="display" xml:id="C17.S9.E7">{{}_{3}\phi_{2}}\left({a,b,c\atop d,e};q,de/(abc)\right)=\frac{\left(b,de/(ab) ,de/(bc);q\right)_{\infty}}{\left(d,e,de/(abc);q\right)_{\infty}}\*{{}_{3}\phi _{2}}\left({d/b,e/b,de/(abc)\atop de/(ab),de/(bc)};q,b\right),</Math> , <Math equation-number="17.9.8" mode="display" xml:id="C17.S9.E8">{{}_{3}\phi_{2}}\left({q^{-n},b,c\atop d,e};q,q\right)=\frac{\left(de/(bc);q \right)_{n}}{\left(e;q\right)_{n}}\left(\frac{bc}{d}\right)^{n}{{}_{3}\phi_{2} }\left({q^{-n},d/b,d/c\atop d,de/(bc)};q,q\right),</Math> , <Math equation-number="17.9.9" mode="display" xml:id="C17.S9.E9">{{}_{3}\phi_{2}}\left({q^{-n},b,c\atop d,e};q,q\right)=\frac{\left(e/c;q\right )_{n}}{\left(e;q\right)_{n}}c^{n}{{}_{3}\phi_{2}}\left({q^{-n},c,d/b\atop d,cq ^{1-n}/e};q,\frac{bq}{e}\right),</Math> , <Math equation-number="17.9.10" mode="display" xml:id="C17.S9.E10">{{}_{3}\phi_{2}}\left({q^{-n},b,c\atop d,e};q,\frac{deq^{n}}{bc}\right)=\frac{ \left(e/c;q\right)_{n}}{\left(e;q\right)_{n}}{{}_{3}\phi_{2}}\left({q^{-n},c,d /b\atop d,cq^{1-n}/e};q,q\right)</Math>.
</sentence>

</para>
 
</paragraph>
 
<paragraph xml:id="C17.S9.Px3">
<title><Math mode="inline" xml:id="C17.S9.Px3.m1">q</Math>-Sheppard Identity</title>    
<para xml:id="C17.S9.Px3.p1">

<sentence sentence-num-in-para="1" sentence-num-in-section="3" xml:id="C17.S9.Px3.p1.s1">
 <Math equation-number="17.9.11" mode="display" xml:id="C17.S9.E11">{{}_{3}\phi_{2}}\left({q^{-n},b,c\atop d,e};q,q\right)=\frac{\left(e/c,d/c;q \right)_{n}}{\left(e,d;q\right)_{n}}c^{n}{{}_{3}\phi_{2}}\left({q^{-n},c, \ifrac{cbq^{1-n}}{(de)}\atop\ifrac{cq^{1-n}}{e},\ifrac{cq^{1-n}}{d}};q,q\right),</Math> 
</sentence>

</para>

 
<para xml:id="C17.S9.Px3.p2">

<sentence sentence-num-in-para="1" sentence-num-in-section="4" xml:id="C17.S9.Px3.p2.s1">
 <Math equation-number="17.9.12" mode="display" xml:id="C17.S9.E12">{{}_{3}\phi_{2}}\left({a,b,c\atop d,e};q,\frac{de}{abc}\right)=\frac{\left(e/b ,e/c,cq/a,q/d;q\right)_{\infty}}{\left(e,cq/d,q/a,e/(bc);q\right)_{\infty}}{{} _{3}\phi_{2}}\left({c,d/a,cq/e\atop cq/a,bcq/e};q,\frac{bq}{d}\right)-\frac{ \left(q/d,eq/d,b,c,d/a,de/(bcq),bcq^{2}/(de);q\right)_{\infty}}{\left(d/q,e,bq /d,cq/d,q/a,e/(bc),bcq/e;q\right)_{\infty}}{{}_{3}\phi_{2}}\left({aq/d,bq/d,cq /d\atop q^{2}/d,eq/d};q,\frac{de}{abc}\right),</Math> <Math equation-number="17.9.13" mode="display" xml:id="C17.S9.E13">{{}_{3}\phi_{2}}\left({a,b,c\atop d,e};q,\frac{de}{abc}\right)=\frac{\left(e/b ,e/c;q\right)_{\infty}}{\left(e,e/(bc);q\right)_{\infty}}{{}_{3}\phi_{2}}\left ({d/a,b,c\atop d,bcq/e};q,q\right)+\frac{\left(d/a,b,c,de/(bc);q\right)_{ \infty}}{\left(d,e,bc/e,de/(abc);q\right)_{\infty}}{{}_{3}\phi_{2}}\left({e/b, e/c,de/(abc)\atop de/(bc),eq/(bc)};q,q\right)</Math>.
</sentence>

</para>

 
</paragraph>
 
</subsection>
 
<subsection xml:id="C17.S9.SS3">
<title>Further <Math mode="inline" xml:id="C17.S9.SS3.m1">{{}_{r}\phi_{s}}</Math> Functions</title>         
<paragraph xml:id="C17.S9.Px4">
<title>Sears’ Balanced <Math mode="inline" xml:id="C17.S9.Px4.m1">{{}_{4}\phi_{3}}</Math> Transformations</title>    
<para xml:id="C17.S9.Px4.p1">

<sentence sentence-num-in-para="1" sentence-num-in-section="5" xml:id="C17.S9.Px4.p1.s1">
With <Math mode="inline" xml:id="C17.S9.Px4.p1.m1">def=abcq^{1-n}</Math> <Math equation-number="17.9.14" mode="display" xml:id="C17.S9.E14">{{}_{4}\phi_{3}}\left({q^{-n},a,b,c\atop d,e,f};q,q\right)=\frac{\left(e/a,f/a ;q\right)_{n}}{\left(e,f;q\right)_{n}}a^{n}{{}_{4}\phi_{3}}\left({q^{-n},a,d/b ,d/c\atop d,aq^{1-n}/e,aq^{1-n}/f};q,q\right)=\frac{\left(a,ef/(ab),ef/(ac);q \right)_{n}}{\left(e,f,ef/(abc);q\right)_{n}}{{}_{4}\phi_{3}}\left({q^{-n},e/a ,f/a,ef/(abc)\atop ef/(ab),ef/(ac),q^{1-n}/a};q,q\right)</Math>.
</sentence>

</para>
 
</paragraph>
 
<paragraph xml:id="C17.S9.Px5">
<title>Watson’s <Math mode="inline" xml:id="C17.S9.Px5.m1">q</Math>-Analog of Whipple’s Theorem</title>   
 
<para xml:id="C17.S9.Px5.p1">

<sentence sentence-num-in-para="1" sentence-num-in-section="6" xml:id="C17.S9.Px5.p1.s1">
With <Math mode="inline" xml:id="C17.S9.Px5.p1.m1">n</Math> a nonnegative integer
</sentence>

</para>
 
<para xml:id="C17.S9.Px5.p2">

<sentence sentence-num-in-para="1" sentence-num-in-section="7" xml:id="C17.S9.Px5.p2.s1">
 <Math equation-number="17.9.15" mode="display" xml:id="C17.S9.E15">\frac{\left(aq,aq/(de);q\right)_{n}}{\left(aq/d,aq/e;q\right)_{n}}{{}_{4}\phi_ {3}}\left({aq/(bc),d,e,q^{-n}\atop aq/b,aq/c,deq^{-n}/a};q,q\right)={{}_{8} \phi_{7}}\left({a,qa^{\frac{1}{2}},-qa^{\frac{1}{2}},b,c,d,e,q^{-n}\atop a^{ \frac{1}{2}},-a^{\frac{1}{2}},aq/b,aq/c,aq/d,aq/e,aq^{n+1}};q,\frac{a^{2}q^{2+ n}}{bcde}\right)</Math>.
</sentence>

</para>
 
</paragraph>
 
<paragraph xml:id="C17.S9.Px6">
<title>Bailey’s Transformation of Very-Well-Poised <Math mode="inline" xml:id="C17.S9.Px6.m1">{{}_{8}\phi_{7}}</Math></title>    
<para xml:id="C17.S9.Px6.p1">

<sentence sentence-num-in-para="1" sentence-num-in-section="8" xml:id="C17.S9.Px6.p1.s1">
 <Math equation-number="17.9.16" mode="display" xml:id="C17.S9.E16">{{}_{8}\phi_{7}}\left({a,qa^{\frac{1}{2}},-qa^{\frac{1}{2}},b,c,d,e,f\atop a^{ \frac{1}{2}},-a^{\frac{1}{2}},aq/b,aq/c,aq/d,aq/e,aq/f};q,\frac{a^{2}q^{2}}{ bcdef}\right)=\frac{\left(aq,aq/(de),aq/(df),aq/(ef);q\right)_{\infty}}{\left( aq/d,aq/e,aq/f,aq/(def);q\right)_{\infty}}{{}_{4}\phi_{3}}\left({aq/(bc),d,e,f \atop aq/b,aq/c,def/a};q,q\right)+\frac{\left(aq,aq/(bc),d,e,f,a^{2}q^{2}/( bdef),a^{2}q^{2}/(cdef);q\right)_{\infty}}{\left(aq/b,aq/c,aq/d,aq/e,aq/f,a^{2 }q^{2}/(bcdef),def/(aq);q\right)_{\infty}}\*{{}_{4}\phi_{3}}\left({aq/(de),aq/ (df),aq/(ef),a^{2}q^{2}/(bcdef)\atop a^{2}q^{2}/(bdef),a^{2}q^{2}/(cdef),aq^{2 }/(def)};q,q\right)</Math>.
</sentence>

</para>
 
</paragraph>
 
<paragraph xml:id="C17.S9.Px7">
<title>Sears–Carlitz Transformation</title>   
<para xml:id="C17.S9.Px7.p1">

<sentence sentence-num-in-para="1" sentence-num-in-section="9" xml:id="C17.S9.Px7.p1.s1">
With <Math mode="inline" xml:id="C17.S9.Px7.p1.m1">a=q^{-n}</Math> and <Math mode="inline" xml:id="C17.S9.Px7.p1.m2">n</Math> a nonnegative integer, <Math equation-number="17.9.17" mode="display" xml:id="C17.S9.E17">{{}_{3}\phi_{2}}\left({a,b,c\atop aq/b,aq/c};q,\frac{aqz}{bc}\right)=\frac{ \left(az;q\right)_{\infty}}{\left(z;q\right)_{\infty}}\*{{}_{5}\phi_{4}}\left( {a^{\frac{1}{2}},-a^{\frac{1}{2}},(aq)^{\frac{1}{2}},-(aq)^{\frac{1}{2}},aq/( bc)\atop aq/b,aq/c,az,q/z};q,q\right)</Math>.
</sentence>

</para>
 
</paragraph>
 
<paragraph xml:id="C17.S9.Px8">
<title>Gasper’s <Math mode="inline" xml:id="C17.S9.Px8.m1">q</Math>-Analog of Clausen’s Formula</title>   
<para xml:id="C17.S9.Px8.p1">

<sentence sentence-num-in-para="1" sentence-num-in-section="10" xml:id="C17.S9.Px8.p1.s1">
 <Math equation-number="17.9.18" mode="display" xml:id="C17.S9.E18">\left({{}_{4}\phi_{3}}\left({a,b,abz,ab/z\atop abq^{\frac{1}{2}},-abq^{\frac{1 }{2}},-ab};q,q\right)\right)^{2}={{}_{5}\phi_{4}}\left({a^{2},b^{2},ab,abz,ab/ z\atop abq^{\frac{1}{2}},-abq^{\frac{1}{2}},-ab,a^{2}b^{2}};q,q\right),</Math> provided that the series expansions of both <Math mode="inline" xml:id="C17.S9.Px8.p1.m1">\phi</Math> ’s terminate.
</sentence>

</para>

 
</paragraph>
 
</subsection>
 
<subsection xml:id="C17.S9.SS4">
<title>Bibasic Series</title>        
  
<paragraph xml:id="C17.S9.Px9">
<title>Mixed-Base Heine-Type Transformations</title>    
<para xml:id="C17.S9.Px9.p1">

<sentence sentence-num-in-para="1" sentence-num-in-section="11" xml:id="C17.S9.Px9.p1.s1">
 <Math equation-number="17.9.19" mode="display" xml:id="C17.S9.E19">\sum_{n=0}^{\infty}\frac{\left(a;q^{2}\right)_{n}\left(b;q\right)_{n}}{\left(q ^{2};q^{2}\right)_{n}\left(c;q\right)_{n}}z^{n}=\frac{\left(b;q\right)_{\infty }\left(az;q^{2}\right)_{\infty}}{\left(c;q\right)_{\infty}\left(z;q^{2}\right) _{\infty}}\sum_{n=0}^{\infty}\frac{\left(c/b;q\right)_{2n}\left(z;q^{2}\right) _{n}b^{2n}}{\left(q;q\right)_{2n}\left(az;q^{2}\right)_{n}}+\frac{\left(b;q \right)_{\infty}\left(azq;q^{2}\right)_{\infty}}{\left(c;q\right)_{\infty} \left(zq;q^{2}\right)_{\infty}}\sum_{n=0}^{\infty}\frac{\left(c/b;q\right)_{2n +1}\left(zq;q^{2}\right)_{n}b^{2n+1}}{\left(q;q\right)_{2n+1}\left(azq;q^{2} \right)_{n}}</Math>.
</sentence>

<sentence sentence-num-in-para="2" sentence-num-in-section="12" xml:id="C17.S9.Px9.p1.s2">
<Math equation-number="17.9.20" mode="display" xml:id="C17.S9.E20">\sum_{n=0}^{\infty}\frac{\left(a;q^{k}\right)_{n}\left(b;q\right)_{kn}z^{n}}{ \left(q^{k};q^{k}\right)_{n}\left(c;q\right)_{kn}}=\frac{\left(b;q\right)_{ \infty}\left(az;q^{k}\right)_{\infty}}{\left(c;q\right)_{\infty}\left(z;q^{k} \right)_{\infty}}\sum_{n=0}^{\infty}\frac{\left(c/b;q\right)_{n}\left(z;q^{k} \right)_{n}b^{n}}{\left(q;q\right)_{n}\left(az;q^{k}\right)_{n}}, if k=1,2,3,\dots</Math>.
</sentence>

</para>
 
</paragraph>
 
</subsection>
 
</section>
