{"expression":{"xml-id":"C26.S18.XMD1.m1","tex":"$A_{k}$","context":{"chapter-title":"Combinatorial Analysis","chapter-xmlid":"C26"}}}{"expression":{"xml-id":"C26.S18.XMD2.m1","tex":"$S$","context":{"chapter-title":"Combinatorial Analysis","chapter-xmlid":"C26"}}}{"expression":{"xml-id":"C26.S18.p1.m1","tex":"$A_{1},A_{2},\\ldots,A_{n}$","context":{"sentence-num-in-corpus":"16424","sentence-xmlid":"C26.S18.p1.s1","chapter-title":"Combinatorial Analysis","chapter-xmlid":"C26","section-title":"Counting Techniques","sentence-num-in-chapter":"1929","section-xmlid":"C26.S18","sentence-num-in-section":"1","para-num-of-sentences":"1","para-xmlid":"C26.S18.p1"}}}{"expression":{"xml-id":"C26.S18.p1.m2","tex":"$S$","context":{"sentence-num-in-corpus":"16424","sentence-xmlid":"C26.S18.p1.s1","chapter-title":"Combinatorial Analysis","chapter-xmlid":"C26","section-title":"Counting Techniques","sentence-num-in-chapter":"1929","section-xmlid":"C26.S18","sentence-num-in-section":"1","para-num-of-sentences":"1","para-xmlid":"C26.S18.p1"}}}{"expression":{"xml-id":"C26.S18.p1.m3","tex":"$S\\setminus(A_{1}\\cup A_{2}\\cup\\cdots\\cup A_{n})$","context":{"sentence-num-in-corpus":"16424","sentence-xmlid":"C26.S18.p1.s1","chapter-title":"Combinatorial Analysis","chapter-xmlid":"C26","section-title":"Counting Techniques","sentence-num-in-chapter":"1929","section-xmlid":"C26.S18","sentence-num-in-section":"1","para-num-of-sentences":"1","para-xmlid":"C26.S18.p1"}}}{"equation":{"symbols-used":[{"symbol":{"tex":"$\\left|\\NVar{A}\\right|$","meaning":"number of elements of a finite set $A$","idref":"C26.S1.p2.t1.r5","content-tex":"$\\card{\\NVar{A}}$"}},{"symbol":{"tex":"$\\cap$","meaning":"intersection","idref":"introduction.Sx4.p1.t1.r27"}},{"symbol":{"tex":"$\\setminus$","meaning":"set subtraction","idref":"introduction.Sx4.p2.t1.r19"}},{"symbol":{"tex":"$\\cup$","meaning":"union","idref":"introduction.Sx4.p1.t1.r28"}},{"symbol":{"tex":"$j$","meaning":"nonnegative integer","idref":"C26.S1.p2.t1.r2"}},{"symbol":{"tex":"$n$","meaning":"nonnegative integer","idref":"C26.S1.p2.t1.r2"}},{"symbol":{"tex":"$A_{k}$","meaning":"subsets","idref":"C26.S18"}},{"symbol":{"tex":"$S$","meaning":"set","idref":"C26.S18"}}],"xml-id":"C26.S18.E1","tex":"$\\left|S\\setminus(A_{1}\\cup A_{2}\\cup\\cdots\\cup A_{n})\\right|=\\left|S\\right|+ \\sum_{t=1}^{n}(-1)^{t}\\sum_{1\\leq j_{1}<j_{2}<\\cdots<j_{t}\\leq n}\\left|A_{j_{1 }}\\cap A_{j_{2}}\\cap\\cdots\\cap A_{j_{t}}\\right|.$","context":{"sentence-num-in-corpus":"16424","sentence-xmlid":"C26.S18.p1.s1","chapter-title":"Combinatorial Analysis","chapter-xmlid":"C26","section-title":"Counting Techniques","sentence-num-in-chapter":"1929","section-xmlid":"C26.S18","sentence-num-in-section":"1","para-num-of-sentences":"1","para-xmlid":"C26.S18.p1"},"permalink":"http:\/\/dlmf.nist.gov\/26.18.E1","equation-number":"26.18.1","content-tex":"$\\card{S\\setminus(A_{1}\\cup A_{2}\\cup\\cdots\\cup A_{n})}=\\card{S}+\\sum_{t=1}^{n} (-1)^{t}\\sum_{1\\leq j_{1}<j_{2}<\\cdots<j_{t}\\leq n}\\card{A_{j_{1}}\\cap A_{j_{2 }}\\cap\\cdots\\cap A_{j_{t}}}.$"}}{"expression":{"xml-id":"C26.S18.Px1.p1.m1","tex":"$\\leq N$","context":{"sentence-num-in-corpus":"16425","sentence-xmlid":"C26.S18.Px1.p1.s1","chapter-title":"Combinatorial Analysis","chapter-xmlid":"C26","paragraph-title":"Example 1","paragraph-xmlid":"C26.S18.Px1","section-title":"Counting Techniques","sentence-num-in-chapter":"1930","section-xmlid":"C26.S18","sentence-num-in-section":"2","para-num-of-sentences":"1","para-xmlid":"C26.S18.Px1.p1"}}}{"expression":{"xml-id":"C26.S18.XMD3.m1","tex":"$p_{n}$","context":{"chapter-title":"Combinatorial Analysis","chapter-xmlid":"C26"}}}{"expression":{"xml-id":"C26.S18.Px1.p1.m2","tex":"$p_{1},p_{2},\\ldots,p_{n}$","context":{"sentence-num-in-corpus":"16425","sentence-xmlid":"C26.S18.Px1.p1.s1","chapter-title":"Combinatorial Analysis","chapter-xmlid":"C26","paragraph-title":"Example 1","paragraph-xmlid":"C26.S18.Px1","section-title":"Counting Techniques","sentence-num-in-chapter":"1930","section-xmlid":"C26.S18","sentence-num-in-section":"2","para-num-of-sentences":"1","para-xmlid":"C26.S18.Px1.p1"}}}{"expression":{"xml-id":"C26.S18.XMD4.m1","tex":"$N$","context":{"chapter-title":"Combinatorial Analysis","chapter-xmlid":"C26"}}}{"equation":{"symbols-used":[{"symbol":{"tex":"$\\left\\lfloor\\NVar{x}\\right\\rfloor$","meaning":"floor of $x$","idref":"introduction.Sx4.p1.t1.r17","content-tex":"$\\floor{\\NVar{x}}$"}},{"symbol":{"tex":"$j$","meaning":"nonnegative integer","idref":"C26.S1.p2.t1.r2"}},{"symbol":{"tex":"$n$","meaning":"nonnegative integer","idref":"C26.S1.p2.t1.r2"}},{"symbol":{"tex":"$N$","meaning":"set","idref":"C26.S17.p1"}},{"symbol":{"tex":"$p_{n}$","meaning":"primes","idref":"C26.S18.Px1.p1"}}],"xml-id":"C26.S18.E2","tex":"$N+\\sum_{t=1}^{n}(-1)^{t}\\sum_{1\\leq j_{1}<j_{2}<\\cdots<j_{t}\\leq n}\\left \\lfloor\\frac{N}{p_{j_{1}}p_{j_{2}}\\cdots p_{j_{t}}}\\right\\rfloor.$","context":{"sentence-num-in-corpus":"16425","sentence-xmlid":"C26.S18.Px1.p1.s1","chapter-title":"Combinatorial Analysis","chapter-xmlid":"C26","paragraph-title":"Example 1","paragraph-xmlid":"C26.S18.Px1","section-title":"Counting Techniques","sentence-num-in-chapter":"1930","section-xmlid":"C26.S18","sentence-num-in-section":"2","para-num-of-sentences":"1","para-xmlid":"C26.S18.Px1.p1"},"permalink":"http:\/\/dlmf.nist.gov\/26.18.E2","equation-number":"26.18.2","content-tex":"$N+\\sum_{t=1}^{n}(-1)^{t}\\sum_{1\\leq j_{1}<j_{2}<\\cdots<j_{t}\\leq n}\\floor{ \\frac{N}{p_{j_{1}}p_{j_{2}}\\cdots p_{j_{t}}}}.$"}}{"expression":{"xml-id":"C26.S18.Px2.p1.m1","tex":"$n$","context":{"sentence-num-in-corpus":"16426","sentence-xmlid":"C26.S18.Px2.p1.s1","chapter-title":"Combinatorial Analysis","chapter-xmlid":"C26","paragraph-title":"Example 2","paragraph-xmlid":"C26.S18.Px2","section-title":"Counting Techniques","sentence-num-in-chapter":"1931","section-xmlid":"C26.S18","sentence-num-in-section":"3","para-num-of-sentences":"1","para-xmlid":"C26.S18.Px2.p1"}}}{"expression":{"xml-id":"C26.S18.Px2.p1.m2","tex":"$n\\times n$","context":{"sentence-num-in-corpus":"16426","sentence-xmlid":"C26.S18.Px2.p1.s1","chapter-title":"Combinatorial Analysis","chapter-xmlid":"C26","paragraph-title":"Example 2","paragraph-xmlid":"C26.S18.Px2","section-title":"Counting Techniques","sentence-num-in-chapter":"1931","section-xmlid":"C26.S18","sentence-num-in-section":"3","para-num-of-sentences":"1","para-xmlid":"C26.S18.Px2.p1"}}}{"expression":{"xml-id":"C26.S18.XMD5.m1","tex":"$B$","context":{"chapter-title":"Combinatorial Analysis","chapter-xmlid":"C26"}}}{"expression":{"xml-id":"C26.S18.Px2.p1.m3","tex":"$B$","context":{"sentence-num-in-corpus":"16426","sentence-xmlid":"C26.S18.Px2.p1.s1","chapter-title":"Combinatorial Analysis","chapter-xmlid":"C26","paragraph-title":"Example 2","paragraph-xmlid":"C26.S18.Px2","section-title":"Counting Techniques","sentence-num-in-chapter":"1931","section-xmlid":"C26.S18","sentence-num-in-section":"3","para-num-of-sentences":"1","para-xmlid":"C26.S18.Px2.p1"}}}{"equation":{"symbols-used":[{"symbol":{"tex":"$!$","meaning":"factorial (as in $n!$ )","idref":"introduction.Sx4.p1.t1.r15"}},{"symbol":{"tex":"$n$","meaning":"nonnegative integer","idref":"C26.S1.p2.t1.r2"}},{"symbol":{"tex":"$r_{j}(B)$","meaning":"number of rook positions","idref":"C26.S15"}},{"symbol":{"tex":"$B$","meaning":"subset","idref":"C26.S18.Px2.p1"}}],"xml-id":"C26.S18.E3","tex":"$n!+\\sum_{t=1}^{n}(-1)^{t}r_{t}(B)(n-t)!.$","context":{"sentence-num-in-corpus":"16426","sentence-xmlid":"C26.S18.Px2.p1.s1","chapter-title":"Combinatorial Analysis","chapter-xmlid":"C26","paragraph-title":"Example 2","paragraph-xmlid":"C26.S18.Px2","section-title":"Counting Techniques","sentence-num-in-chapter":"1931","section-xmlid":"C26.S18","sentence-num-in-section":"3","para-num-of-sentences":"1","para-xmlid":"C26.S18.Px2.p1"},"permalink":"http:\/\/dlmf.nist.gov\/26.18.E3","equation-number":"26.18.3"}}{"expression":{"xml-id":"C26.S18.Px3.p1.m1","tex":"$n$","context":{"sentence-num-in-corpus":"16427","sentence-xmlid":"C26.S18.Px3.p1.s1","chapter-title":"Combinatorial Analysis","chapter-xmlid":"C26","paragraph-title":"Example 3","paragraph-xmlid":"C26.S18.Px3","section-title":"Counting Techniques","sentence-num-in-chapter":"1932","section-xmlid":"C26.S18","sentence-num-in-section":"4","para-num-of-sentences":"3","para-xmlid":"C26.S18.Px3.p1"}}}{"expression":{"xml-id":"C26.S18.Px3.p1.m2","tex":"$k$","context":{"sentence-num-in-corpus":"16427","sentence-xmlid":"C26.S18.Px3.p1.s1","chapter-title":"Combinatorial Analysis","chapter-xmlid":"C26","paragraph-title":"Example 3","paragraph-xmlid":"C26.S18.Px3","section-title":"Counting Techniques","sentence-num-in-chapter":"1932","section-xmlid":"C26.S18","sentence-num-in-section":"4","para-num-of-sentences":"3","para-xmlid":"C26.S18.Px3.p1"}}}{"equation":{"symbols-used":[{"symbol":{"tex":"$\\genfrac{(}{)}{0.0pt}{}{\\NVar{m}}{\\NVar{n}}$","meaning":"binomial coefficient","idref":"C1.S2.SS1","content-tex":"$\\binom{\\NVar{m}}{\\NVar{n}}$"}},{"symbol":{"tex":"$k$","meaning":"nonnegative integer","idref":"C26.S1.p2.t1.r2"}},{"symbol":{"tex":"$n$","meaning":"nonnegative integer","idref":"C26.S1.p2.t1.r2"}}],"xml-id":"C26.S18.E4","tex":"$k^{n}+\\sum_{t=1}^{n}(-1)^{t}\\genfrac{(}{)}{0.0pt}{}{k}{t}(k-t)^{n}.$","context":{"sentence-num-in-corpus":"16427","sentence-xmlid":"C26.S18.Px3.p1.s1","chapter-title":"Combinatorial Analysis","chapter-xmlid":"C26","paragraph-title":"Example 3","paragraph-xmlid":"C26.S18.Px3","section-title":"Counting Techniques","sentence-num-in-chapter":"1932","section-xmlid":"C26.S18","sentence-num-in-section":"4","para-num-of-sentences":"3","para-xmlid":"C26.S18.Px3.p1"},"permalink":"http:\/\/dlmf.nist.gov\/26.18.E4","equation-number":"26.18.4","content-tex":"$k^{n}+\\sum_{t=1}^{n}(-1)^{t}\\binom{k}{t}(k-t)^{n}.$"}}{"expression":{"xml-id":"C26.S18.Px3.p1.m3","tex":"$N$","context":{"sentence-num-in-corpus":"16429","sentence-xmlid":"C26.S18.Px3.p1.s3","chapter-title":"Combinatorial Analysis","chapter-xmlid":"C26","paragraph-title":"Example 3","paragraph-xmlid":"C26.S18.Px3","section-title":"Counting Techniques","sentence-num-in-chapter":"1934","section-xmlid":"C26.S18","sentence-num-in-section":"6","para-num-of-sentences":"3","para-xmlid":"C26.S18.Px3.p1"}}}{"expression":{"xml-id":"C26.S18.Px3.p1.m4","tex":"$K$","context":{"sentence-num-in-corpus":"16429","sentence-xmlid":"C26.S18.Px3.p1.s3","chapter-title":"Combinatorial Analysis","chapter-xmlid":"C26","paragraph-title":"Example 3","paragraph-xmlid":"C26.S18.Px3","section-title":"Counting Techniques","sentence-num-in-chapter":"1934","section-xmlid":"C26.S18","sentence-num-in-section":"6","para-num-of-sentences":"3","para-xmlid":"C26.S18.Px3.p1"}}}{"expression":{"xml-id":"C26.S18.Px3.p1.m5","tex":"$f$","context":{"sentence-num-in-corpus":"16429","sentence-xmlid":"C26.S18.Px3.p1.s3","chapter-title":"Combinatorial Analysis","chapter-xmlid":"C26","paragraph-title":"Example 3","paragraph-xmlid":"C26.S18.Px3","section-title":"Counting Techniques","sentence-num-in-chapter":"1934","section-xmlid":"C26.S18","sentence-num-in-section":"6","para-num-of-sentences":"3","para-xmlid":"C26.S18.Px3.p1"}}}