{"expression":{"context-references":{"sentence-num-in-corpus":"16444","sentence-xmlid":"C26.S21.p1.s1","chapter-title":"Combinatorial Analysis","chapter-xmlid":"C26","section-title":"Tables","sentence-num-in-chapter":"1949","section-xmlid":"C26.S21","sentence-num-in-section":"1","para-num-of-sentences":"1","para-xmlid":"C26.S21.p1"},"xml-id":"C26.S21.p1.m1","tex":"$\\genfrac{(}{)}{0.0pt}{}{m}{n}$","content-tex":"$\\binom{m}{n}$"}}{"expression":{"context-references":{"sentence-num-in-corpus":"16444","sentence-xmlid":"C26.S21.p1.s1","chapter-title":"Combinatorial Analysis","chapter-xmlid":"C26","section-title":"Tables","sentence-num-in-chapter":"1949","section-xmlid":"C26.S21","sentence-num-in-section":"1","para-num-of-sentences":"1","para-xmlid":"C26.S21.p1"},"xml-id":"C26.S21.p1.m2","tex":"$m$"}}{"expression":{"context-references":{"sentence-num-in-corpus":"16444","sentence-xmlid":"C26.S21.p1.s1","chapter-title":"Combinatorial Analysis","chapter-xmlid":"C26","section-title":"Tables","sentence-num-in-chapter":"1949","section-xmlid":"C26.S21","sentence-num-in-section":"1","para-num-of-sentences":"1","para-xmlid":"C26.S21.p1"},"xml-id":"C26.S21.p1.m3","tex":"$n$"}}{"expression":{"context-references":{"sentence-num-in-corpus":"16444","sentence-xmlid":"C26.S21.p1.s1","chapter-title":"Combinatorial Analysis","chapter-xmlid":"C26","section-title":"Tables","sentence-num-in-chapter":"1949","section-xmlid":"C26.S21","sentence-num-in-section":"1","para-num-of-sentences":"1","para-xmlid":"C26.S21.p1"},"xml-id":"C26.S21.p1.m4","tex":"$n=10$"}}{"expression":{"context-references":{"sentence-num-in-corpus":"16444","sentence-xmlid":"C26.S21.p1.s1","chapter-title":"Combinatorial Analysis","chapter-xmlid":"C26","section-title":"Tables","sentence-num-in-chapter":"1949","section-xmlid":"C26.S21","sentence-num-in-section":"1","para-num-of-sentences":"1","para-xmlid":"C26.S21.p1"},"xml-id":"C26.S21.p1.m5","tex":"$s\\left(n,k\\right)$","content-tex":"$\\Stirlingnumbers@{n}{k}$"}}{"expression":{"context-references":{"sentence-num-in-corpus":"16444","sentence-xmlid":"C26.S21.p1.s1","chapter-title":"Combinatorial Analysis","chapter-xmlid":"C26","section-title":"Tables","sentence-num-in-chapter":"1949","section-xmlid":"C26.S21","sentence-num-in-section":"1","para-num-of-sentences":"1","para-xmlid":"C26.S21.p1"},"xml-id":"C26.S21.p1.m6","tex":"$S\\left(n,k\\right)$","content-tex":"$\\StirlingnumberS@{n}{k}$"}}{"expression":{"context-references":{"sentence-num-in-corpus":"16444","sentence-xmlid":"C26.S21.p1.s1","chapter-title":"Combinatorial Analysis","chapter-xmlid":"C26","section-title":"Tables","sentence-num-in-chapter":"1949","section-xmlid":"C26.S21","sentence-num-in-section":"1","para-num-of-sentences":"1","para-xmlid":"C26.S21.p1"},"xml-id":"C26.S21.p1.m7","tex":"$n$"}}{"expression":{"context-references":{"sentence-num-in-corpus":"16444","sentence-xmlid":"C26.S21.p1.s1","chapter-title":"Combinatorial Analysis","chapter-xmlid":"C26","section-title":"Tables","sentence-num-in-chapter":"1949","section-xmlid":"C26.S21","sentence-num-in-section":"1","para-num-of-sentences":"1","para-xmlid":"C26.S21.p1"},"xml-id":"C26.S21.p1.m8","tex":"$k$"}}{"expression":{"context-references":{"sentence-num-in-corpus":"16444","sentence-xmlid":"C26.S21.p1.s1","chapter-title":"Combinatorial Analysis","chapter-xmlid":"C26","section-title":"Tables","sentence-num-in-chapter":"1949","section-xmlid":"C26.S21","sentence-num-in-section":"1","para-num-of-sentences":"1","para-xmlid":"C26.S21.p1"},"xml-id":"C26.S21.p1.m9","tex":"$n$"}}{"expression":{"context-references":{"sentence-num-in-corpus":"16444","sentence-xmlid":"C26.S21.p1.s1","chapter-title":"Combinatorial Analysis","chapter-xmlid":"C26","section-title":"Tables","sentence-num-in-chapter":"1949","section-xmlid":"C26.S21","sentence-num-in-section":"1","para-num-of-sentences":"1","para-xmlid":"C26.S21.p1"},"xml-id":"C26.S21.p1.m10","tex":"$p\\left(n\\right)$","content-tex":"$\\npartitions[]@{n}$"}}{"expression":{"context-references":{"sentence-num-in-corpus":"16444","sentence-xmlid":"C26.S21.p1.s1","chapter-title":"Combinatorial Analysis","chapter-xmlid":"C26","section-title":"Tables","sentence-num-in-chapter":"1949","section-xmlid":"C26.S21","sentence-num-in-section":"1","para-num-of-sentences":"1","para-xmlid":"C26.S21.p1"},"xml-id":"C26.S21.p1.m11","tex":"$p\\left(\\mathcal{D},n\\right)$","content-tex":"$\\nrestpartitions[]@{\\mathcal{D}}{n}$"}}{"expression":{"context-references":{"sentence-num-in-corpus":"16444","sentence-xmlid":"C26.S21.p1.s1","chapter-title":"Combinatorial Analysis","chapter-xmlid":"C26","section-title":"Tables","sentence-num-in-chapter":"1949","section-xmlid":"C26.S21","sentence-num-in-section":"1","para-num-of-sentences":"1","para-xmlid":"C26.S21.p1"},"xml-id":"C26.S21.p1.m12","tex":"$n$"}}{"expression":{"context-references":{"sentence-num-in-corpus":"16445","sentence-xmlid":"C26.S21.p2.s1","chapter-title":"Combinatorial Analysis","chapter-xmlid":"C26","section-title":"Tables","sentence-num-in-chapter":"1950","section-xmlid":"C26.S21","sentence-num-in-section":"2","para-num-of-sentences":"2","para-xmlid":"C26.S21.p2"},"xml-id":"C26.S21.p2.m1","tex":"$\\not\\equiv\\pm 2\\pmod{5}$","content-tex":"$\\not\\equivmod\\pm 2\\pmod{5}$"}}{"expression":{"context-references":{"sentence-num-in-corpus":"16445","sentence-xmlid":"C26.S21.p2.s1","chapter-title":"Combinatorial Analysis","chapter-xmlid":"C26","section-title":"Tables","sentence-num-in-chapter":"1950","section-xmlid":"C26.S21","sentence-num-in-section":"2","para-num-of-sentences":"2","para-xmlid":"C26.S21.p2"},"xml-id":"C26.S21.p2.m2","tex":"$\\not\\equiv\\pm 1\\pmod{5}$","content-tex":"$\\not\\equivmod\\pm 1\\pmod{5}$"}}{"expression":{"context-references":{"sentence-num-in-corpus":"16446","sentence-xmlid":"C26.S21.p2.s2","chapter-title":"Combinatorial Analysis","chapter-xmlid":"C26","section-title":"Tables","sentence-num-in-chapter":"1951","section-xmlid":"C26.S21","sentence-num-in-section":"3","para-num-of-sentences":"2","para-xmlid":"C26.S21.p2"},"xml-id":"C26.S21.p2.m3","tex":"$\\genfrac{[}{]}{0.0pt}{}{12}{6}_{q}$","content-tex":"$\\qbinom{12}{6}{q}$"}}{"expression":{"context-references":{"sentence-num-in-corpus":"16447","sentence-xmlid":"C26.S21.p3.s1","chapter-title":"Combinatorial Analysis","chapter-xmlid":"C26","section-title":"Tables","sentence-num-in-chapter":"1952","section-xmlid":"C26.S21","sentence-num-in-section":"4","para-num-of-sentences":"1","para-xmlid":"C26.S21.p3"},"xml-id":"C26.S21.p3.m1","tex":"$n=100$"}}{"expression":{"context-references":{"sentence-num-in-corpus":"16447","sentence-xmlid":"C26.S21.p3.s1","chapter-title":"Combinatorial Analysis","chapter-xmlid":"C26","section-title":"Tables","sentence-num-in-chapter":"1952","section-xmlid":"C26.S21","sentence-num-in-section":"4","para-num-of-sentences":"1","para-xmlid":"C26.S21.p3"},"xml-id":"C26.S21.p3.m2","tex":"$n=40$"}}