{"expression":{"context-references":{"chapter-title":"Parabolic Cylinder Functions","chapter-xmlid":"C12"},"xml-id":"C12.S1.p3.m6a","tex":"$D_{\\NVar{\\nu}}\\left(\\NVar{z}\\right)$","content-tex":"$\\WhittakerparaD{\\NVar{\\nu}}@{\\NVar{z}}$"}}{"expression":{"context-references":{"sentence-num-in-corpus":"7827","sentence-xmlid":"C12.S1.p1.t1.s1","chapter-title":"Parabolic Cylinder Functions","chapter-xmlid":"C12","section-title":"Special Notation","sentence-num-in-chapter":"2","section-xmlid":"C12.S1","sentence-num-in-section":"2","para-num-of-sentences":"11","para-xmlid":"C12.S1.p1"},"xml-id":"C12.S1.p1.t1.r1.m1","tex":"$x,y$"}}{"expression":{"context-references":{"chapter-title":"Parabolic Cylinder Functions","chapter-xmlid":"C12"},"xml-id":"C12.S1.XMD2.m1","tex":"$y$"}}{"expression":{"context-references":{"chapter-title":"Parabolic Cylinder Functions","chapter-xmlid":"C12"},"xml-id":"C12.S1.XMD1.m1","tex":"$x$"}}{"expression":{"context-references":{"sentence-num-in-corpus":"7829","sentence-xmlid":"C12.S1.p1.t1.s3","chapter-title":"Parabolic Cylinder Functions","chapter-xmlid":"C12","section-title":"Special Notation","sentence-num-in-chapter":"4","section-xmlid":"C12.S1","sentence-num-in-section":"4","para-num-of-sentences":"11","para-xmlid":"C12.S1.p1"},"xml-id":"C12.S1.p1.t1.r2.m1","tex":"$z$"}}{"expression":{"context-references":{"chapter-title":"Parabolic Cylinder Functions","chapter-xmlid":"C12"},"xml-id":"C12.S1.XMD3.m1","tex":"$z$"}}{"expression":{"context-references":{"sentence-num-in-corpus":"7831","sentence-xmlid":"C12.S1.p1.t1.s5","chapter-title":"Parabolic Cylinder Functions","chapter-xmlid":"C12","section-title":"Special Notation","sentence-num-in-chapter":"6","section-xmlid":"C12.S1","sentence-num-in-section":"6","para-num-of-sentences":"11","para-xmlid":"C12.S1.p1"},"xml-id":"C12.S1.p1.t1.r3.m1","tex":"$n,s$"}}{"expression":{"context-references":{"chapter-title":"Parabolic Cylinder Functions","chapter-xmlid":"C12"},"xml-id":"C12.S1.XMD5.m1","tex":"$s$"}}{"expression":{"context-references":{"chapter-title":"Parabolic Cylinder Functions","chapter-xmlid":"C12"},"xml-id":"C12.S1.XMD4.m1","tex":"$n$"}}{"expression":{"context-references":{"sentence-num-in-corpus":"7833","sentence-xmlid":"C12.S1.p1.t1.s7","chapter-title":"Parabolic Cylinder Functions","chapter-xmlid":"C12","section-title":"Special Notation","sentence-num-in-chapter":"8","section-xmlid":"C12.S1","sentence-num-in-section":"8","para-num-of-sentences":"11","para-xmlid":"C12.S1.p1"},"xml-id":"C12.S1.p1.t1.r4.m1","tex":"$a,\\nu$"}}{"expression":{"context-references":{"chapter-title":"Parabolic Cylinder Functions","chapter-xmlid":"C12"},"xml-id":"C12.S1.XMD7.m1","tex":"$\\nu$"}}{"expression":{"context-references":{"chapter-title":"Parabolic Cylinder Functions","chapter-xmlid":"C12"},"xml-id":"C12.S1.XMD6.m1","tex":"$a$"}}{"expression":{"context-references":{"sentence-num-in-corpus":"7835","sentence-xmlid":"C12.S1.p1.t1.s9","chapter-title":"Parabolic Cylinder Functions","chapter-xmlid":"C12","section-title":"Special Notation","sentence-num-in-chapter":"10","section-xmlid":"C12.S1","sentence-num-in-section":"10","para-num-of-sentences":"11","para-xmlid":"C12.S1.p1"},"xml-id":"C12.S1.p1.t1.r5.m1","tex":"$\\delta$"}}{"expression":{"context-references":{"chapter-title":"Parabolic Cylinder Functions","chapter-xmlid":"C12"},"xml-id":"C12.S1.XMD8.m1","tex":"$\\delta$"}}{"expression":{"context-references":{"sentence-num-in-corpus":"7838","sentence-xmlid":"C12.S1.p3.s1","chapter-title":"Parabolic Cylinder Functions","chapter-xmlid":"C12","section-title":"Special Notation","sentence-num-in-chapter":"13","section-xmlid":"C12.S1","sentence-num-in-section":"13","para-num-of-sentences":"5","para-xmlid":"C12.S1.p3"},"xml-id":"C12.S1.p3.m1","tex":"$U\\left(a,z\\right)$","content-tex":"$\\paraU@{a}{z}$"}}{"expression":{"context-references":{"sentence-num-in-corpus":"7838","sentence-xmlid":"C12.S1.p3.s1","chapter-title":"Parabolic Cylinder Functions","chapter-xmlid":"C12","section-title":"Special Notation","sentence-num-in-chapter":"13","section-xmlid":"C12.S1","sentence-num-in-section":"13","para-num-of-sentences":"5","para-xmlid":"C12.S1.p3"},"xml-id":"C12.S1.p3.m2","tex":"$V\\left(a,z\\right)$","content-tex":"$\\paraV@{a}{z}$"}}{"expression":{"context-references":{"sentence-num-in-corpus":"7838","sentence-xmlid":"C12.S1.p3.s1","chapter-title":"Parabolic Cylinder Functions","chapter-xmlid":"C12","section-title":"Special Notation","sentence-num-in-chapter":"13","section-xmlid":"C12.S1","sentence-num-in-section":"13","para-num-of-sentences":"5","para-xmlid":"C12.S1.p3"},"xml-id":"C12.S1.p3.m3","tex":"$\\overline{U}\\left(a,z\\right)$","content-tex":"$\\paraUbar@{a}{z}$"}}{"expression":{"context-references":{"sentence-num-in-corpus":"7838","sentence-xmlid":"C12.S1.p3.s1","chapter-title":"Parabolic Cylinder Functions","chapter-xmlid":"C12","section-title":"Special Notation","sentence-num-in-chapter":"13","section-xmlid":"C12.S1","sentence-num-in-section":"13","para-num-of-sentences":"5","para-xmlid":"C12.S1.p3"},"xml-id":"C12.S1.p3.m4","tex":"$W\\left(a,z\\right)$","content-tex":"$\\paraW@{a}{z}$"}}{"expression":{"context-references":{"sentence-num-in-corpus":"7840","sentence-xmlid":"C12.S1.p3.s3","chapter-title":"Parabolic Cylinder Functions","chapter-xmlid":"C12","section-title":"Special Notation","sentence-num-in-chapter":"15","section-xmlid":"C12.S1","sentence-num-in-section":"15","para-num-of-sentences":"5","para-xmlid":"C12.S1.p3"},"xml-id":"C12.S1.p3.m5","tex":"$U\\left(a,z\\right)$","content-tex":"$\\paraU@{a}{z}$"}}{"expression":{"context-references":{"chapter-title":"Parabolic Cylinder Functions","chapter-xmlid":"C12"},"xml-id":"C12.S1.p3.m6","tex":"$D_{\\NVar{\\nu}}\\left(\\NVar{z}\\right)$","content-tex":"$\\WhittakerparaD{\\NVar{\\nu}}@{\\NVar{z}}$"}}{"expression":{"context-references":{"sentence-num-in-corpus":"7840","sentence-xmlid":"C12.S1.p3.s3","chapter-title":"Parabolic Cylinder Functions","chapter-xmlid":"C12","section-title":"Special Notation","sentence-num-in-chapter":"15","section-xmlid":"C12.S1","sentence-num-in-section":"15","para-num-of-sentences":"5","para-xmlid":"C12.S1.p3"},"xml-id":"C12.S1.p3.m7","tex":"$D_{\\nu}\\left(z\\right)$","content-tex":"$\\WhittakerparaD{\\nu}@{z}$"}}{"expression":{"context-references":{"sentence-num-in-corpus":"7841","sentence-xmlid":"C12.S1.p3.s4","chapter-title":"Parabolic Cylinder Functions","chapter-xmlid":"C12","section-title":"Special Notation","sentence-num-in-chapter":"16","section-xmlid":"C12.S1","sentence-num-in-section":"16","para-num-of-sentences":"5","para-xmlid":"C12.S1.p3"},"xml-id":"C12.S1.p3.m8","tex":"$U\\left(a,z\\right)=D_{-a-\\frac{1}{2}}\\left(z\\right)$","content-tex":"$\\paraU@{a}{z}=\\WhittakerparaD{-a-\\frac{1}{2}}@{z}$"}}{"expression":{"context-references":{"sentence-num-in-corpus":"7842","sentence-xmlid":"C12.S1.p3.s5","chapter-title":"Parabolic Cylinder Functions","chapter-xmlid":"C12","section-title":"Special Notation","sentence-num-in-chapter":"17","section-xmlid":"C12.S1","sentence-num-in-section":"17","para-num-of-sentences":"5","para-xmlid":"C12.S1.p3"},"xml-id":"C12.S1.p3.m9","tex":"$D_{\\nu}\\left(z\\right)$","content-tex":"$\\WhittakerparaD{\\nu}@{z}$"}}{"expression":{"context-references":{"sentence-num-in-corpus":"7842","sentence-xmlid":"C12.S1.p3.s5","chapter-title":"Parabolic Cylinder Functions","chapter-xmlid":"C12","section-title":"Special Notation","sentence-num-in-chapter":"17","section-xmlid":"C12.S1","sentence-num-in-section":"17","para-num-of-sentences":"5","para-xmlid":"C12.S1.p3"},"xml-id":"C12.S1.p3.m10","tex":"$\\nu$"}}{"expression":{"context-references":{"chapter-title":"Parabolic Cylinder Functions","chapter-xmlid":"C12"},"xml-id":"C12.S14.m2a","tex":"$W\\left(a,x\\right)$","content-tex":"$\\paraW@{a}{x}$"}}