{"equation":{"symbols-used":[{"symbol":{"tex":"$\\frac{\\mathrm{d}\\NVar{f}}{\\mathrm{d}\\NVar{x}}$","meaning":"derivative of $f$ with respect to $x$","idref":"C1.S4.E4","content-tex":"$\\deriv{\\NVar{f}}{\\NVar{x}}$"}},{"symbol":{"tex":"$z$","meaning":"complex variable","idref":"C12.S1.p1.t1.r2"}},{"symbol":{"tex":"$\\nu$","meaning":"real or complex parameter","idref":"C12.S1.p1.t1.r4"}}],"context-references":{"sentence-num-in-corpus":"8044","sentence-xmlid":"C12.S15.p1.s1","chapter-title":"Parabolic Cylinder Functions","chapter-xmlid":"C12","section-title":"Generalized Parabolic Cylinder Functions","sentence-num-in-chapter":"219","section-xmlid":"C12.S15","sentence-num-in-section":"1","para-num-of-sentences":"3","para-xmlid":"C12.S15.p1"},"xml-id":"C12.S15.E1","tex":"$\\frac{{\\mathrm{d}}^{2}w}{{\\mathrm{d}z}^{2}}+\\left(\\nu+\\lambda^{-1}-\\lambda^{-2 }z^{\\lambda}\\right)w=0$","permalink":"http:\/\/dlmf.nist.gov\/12.15.E1","equation-number":"12.15.1","content-tex":"$\\deriv[2]{w}{z}+\\left(\\nu+\\lambda^{-1}-\\lambda^{-2}z^{\\lambda}\\right)w=0$"}}{"expression":{"context-references":{"chapter-title":"Parabolic Cylinder Functions","chapter-xmlid":"C12"},"xml-id":"C12.S14.m2a","tex":"$W\\left(a,x\\right)$","content-tex":"$\\paraW@{a}{x}$"}}{"expression":{"context-references":{"chapter-title":"Parabolic Cylinder Functions","chapter-xmlid":"C12"},"xml-id":"C12.S14.m2aa","tex":"$W\\left(a,x\\right)$","content-tex":"$\\paraW@{a}{x}$"}}