{"equation":{"symbols-used":[{"symbol":{"tex":"$\\Gamma\\left(\\NVar{z}\\right)$","meaning":"gamma function","idref":"C5.S2.E1","content-tex":"$\\EulerGamma@{\\NVar{z}}$"}},{"symbol":{"tex":"$\\pi$","meaning":"the ratio of the circumference of a circle to its diameter","idref":"C3.S12.E1","content-tex":"$\\cpi$"}},{"symbol":{"tex":"$\\mathrm{d}\\NVar{x}$","meaning":"differential of $x$","idref":"C1.S4.SS4","content-tex":"$\\diff{\\NVar{x}}$"}},{"symbol":{"tex":"$\\mathrm{e}$","meaning":"base of natural logarithm","idref":"C4.S2.E11","content-tex":"$\\expe$"}},{"symbol":{"tex":"$\\int$","meaning":"integral","idref":"C1.S4.SS4"}},{"symbol":{"tex":"$U\\left(\\NVar{a},\\NVar{z}\\right)$","meaning":"parabolic cylinder function","idref":"C12.S2.SS1.p1","content-tex":"$\\paraU@{\\NVar{a}}{\\NVar{z}}$"}},{"symbol":{"tex":"$\\Re$","meaning":"real part","idref":"C1.S9.E2","content-tex":"$\\realpart@@$"}},{"symbol":{"tex":"$a$","meaning":"real or complex parameter","idref":"C12.S1.p1.t1.r4"}}],"context-references":{"sentence-num-in-corpus":"7985","sentence-xmlid":"C12.S12.p1.s1","chapter-title":"Parabolic Cylinder Functions","chapter-xmlid":"C12","section-title":"Integrals","sentence-num-in-chapter":"160","section-xmlid":"C12.S12","sentence-num-in-section":"1","para-num-of-sentences":"1","para-xmlid":"C12.S12.p1"},"xml-id":"C12.S12.E1","tex":"$\\int_{0}^{\\infty}e^{-\\frac{1}{4}t^{2}}t^{\\mu-1}U\\left(a,t\\right)\\mathrm{d}t= \\frac{\\sqrt{\\pi}2^{-\\frac{1}{2}(\\mu+a+\\frac{1}{2})}\\Gamma\\left(\\mu\\right)}{ \\Gamma\\left(\\frac{1}{2}(\\mu+a+\\frac{3}{2})\\right)},$","permalink":"http:\/\/dlmf.nist.gov\/12.12.E1","equation-number":"12.12.1","constraints":{"tex":"$\\Re\\mu>0$ ,","content-tex":"$\\realpart@@{\\mu}>0$ ,"},"content-tex":"$\\int_{0}^{\\infty}e^{-\\frac{1}{4}t^{2}}t^{\\mu-1}\\paraU@{a}{t}\\diff{t}=\\frac{ \\sqrt{\\pi}2^{-\\frac{1}{2}(\\mu+a+\\frac{1}{2})}\\EulerGamma@{\\mu}}{\\EulerGamma@{ \\frac{1}{2}(\\mu+a+\\frac{3}{2})}},$"}}{"equation":{"symbols-used":[{"symbol":{"tex":"$\\Gamma\\left(\\NVar{z}\\right)$","meaning":"gamma function","idref":"C5.S2.E1","content-tex":"$\\EulerGamma@{\\NVar{z}}$"}},{"symbol":{"tex":"$\\pi$","meaning":"the ratio of the circumference of a circle to its diameter","idref":"C3.S12.E1","content-tex":"$\\cpi$"}},{"symbol":{"tex":"$\\cos\\NVar{z}$","meaning":"cosine function","idref":"C4.S14.E2","content-tex":"$\\cos@@{\\NVar{z}}$"}},{"symbol":{"tex":"$\\mathrm{d}\\NVar{x}$","meaning":"differential of $x$","idref":"C1.S4.SS4","content-tex":"$\\diff{\\NVar{x}}$"}},{"symbol":{"tex":"$\\mathrm{e}$","meaning":"base of natural logarithm","idref":"C4.S2.E11","content-tex":"$\\expe$"}},{"symbol":{"tex":"$\\int$","meaning":"integral","idref":"C1.S4.SS4"}},{"symbol":{"tex":"$U\\left(\\NVar{a},\\NVar{z}\\right)$","meaning":"parabolic cylinder function","idref":"C12.S2.SS1.p1","content-tex":"$\\paraU@{\\NVar{a}}{\\NVar{z}}$"}},{"symbol":{"tex":"$\\Re$","meaning":"real part","idref":"C1.S9.E2","content-tex":"$\\realpart@@$"}},{"symbol":{"tex":"$a$","meaning":"real or complex parameter","idref":"C12.S1.p1.t1.r4"}}],"context-references":{"sentence-num-in-corpus":"7985","sentence-xmlid":"C12.S12.p1.s1","chapter-title":"Parabolic Cylinder Functions","chapter-xmlid":"C12","section-title":"Integrals","sentence-num-in-chapter":"160","section-xmlid":"C12.S12","sentence-num-in-section":"1","para-num-of-sentences":"1","para-xmlid":"C12.S12.p1"},"xml-id":"C12.S12.E2","tex":"$\\int_{0}^{\\infty}e^{-\\frac{3}{4}t^{2}}t^{-a-\\frac{3}{2}}U\\left(a,t\\right) \\mathrm{d}t=2^{\\frac{1}{4}+\\frac{1}{2}a}\\Gamma\\left(-a-\\tfrac{1}{2}\\right)\\cos \\left((\\tfrac{1}{4}a+\\tfrac{1}{8})\\pi\\right),$","permalink":"http:\/\/dlmf.nist.gov\/12.12.E2","equation-number":"12.12.2","constraints":{"tex":"$\\Re a<-\\tfrac{1}{2}$,","content-tex":"$\\realpart@@{a}<-\\tfrac{1}{2}$,"},"content-tex":"$\\int_{0}^{\\infty}e^{-\\frac{3}{4}t^{2}}t^{-a-\\frac{3}{2}}\\paraU@{a}{t}\\diff{t}= 2^{\\frac{1}{4}+\\frac{1}{2}a}\\EulerGamma@{-a-\\tfrac{1}{2}}\\cos@{(\\tfrac{1}{4}a+ \\tfrac{1}{8})\\pi},$"}}{"equation":{"symbols-used":[{"symbol":{"tex":"$\\Gamma\\left(\\NVar{z}\\right)$","meaning":"gamma function","idref":"C5.S2.E1","content-tex":"$\\EulerGamma@{\\NVar{z}}$"}},{"symbol":{"tex":"$\\pi$","meaning":"the ratio of the circumference of a circle to its diameter","idref":"C3.S12.E1","content-tex":"$\\cpi$"}},{"symbol":{"tex":"$\\mathrm{d}\\NVar{x}$","meaning":"differential of $x$","idref":"C1.S4.SS4","content-tex":"$\\diff{\\NVar{x}}$"}},{"symbol":{"tex":"$\\mathrm{e}$","meaning":"base of natural logarithm","idref":"C4.S2.E11","content-tex":"$\\expe$"}},{"symbol":{"tex":"$\\int$","meaning":"integral","idref":"C1.S4.SS4"}},{"symbol":{"tex":"$U\\left(\\NVar{a},\\NVar{z}\\right)$","meaning":"parabolic cylinder function","idref":"C12.S2.SS1.p1","content-tex":"$\\paraU@{\\NVar{a}}{\\NVar{z}}$"}},{"symbol":{"tex":"$\\Re$","meaning":"real part","idref":"C1.S9.E2","content-tex":"$\\realpart@@$"}},{"symbol":{"tex":"$x$","meaning":"real variable","idref":"C12.S1.p1.t1.r1"}},{"symbol":{"tex":"$a$","meaning":"real or complex parameter","idref":"C12.S1.p1.t1.r4"}}],"context-references":{"sentence-num-in-corpus":"7985","sentence-xmlid":"C12.S12.p1.s1","chapter-title":"Parabolic Cylinder Functions","chapter-xmlid":"C12","section-title":"Integrals","sentence-num-in-chapter":"160","section-xmlid":"C12.S12","sentence-num-in-section":"1","para-num-of-sentences":"1","para-xmlid":"C12.S12.p1"},"xml-id":"C12.S12.E3","tex":"$\\int_{0}^{\\infty}e^{-\\frac{1}{4}t^{2}}t^{-a-\\frac{1}{2}}(x^{2}+t^{2})^{-1}U \\left(a,t\\right)\\mathrm{d}t=\\sqrt{\\pi\/2}\\Gamma\\left(\\tfrac{1}{2}-a\\right)x^{-a -\\frac{3}{2}}e^{\\frac{1}{4}x^{2}}U\\left(-a,x\\right),$","permalink":"http:\/\/dlmf.nist.gov\/12.12.E3","equation-number":"12.12.3","constraints":{"tex":"$\\Re a<\\tfrac{1}{2},x>0$.","content-tex":"$\\realpart@@{a}<\\tfrac{1}{2},x>0$."},"content-tex":"$\\int_{0}^{\\infty}e^{-\\frac{1}{4}t^{2}}t^{-a-\\frac{1}{2}}(x^{2}+t^{2})^{-1} \\paraU@{a}{t}\\diff{t}=\\sqrt{\\pi\/2}\\EulerGamma@{\\tfrac{1}{2}-a}x^{-a-\\frac{3}{2 }}e^{\\frac{1}{4}x^{2}}\\paraU@{-a}{x},$"}}{"equation":{"symbols-used":[{"symbol":{"tex":"$\\Gamma\\left(\\NVar{z}\\right)$","meaning":"gamma function","idref":"C5.S2.E1","content-tex":"$\\EulerGamma@{\\NVar{z}}$"}},{"symbol":{"tex":"$\\pi$","meaning":"the ratio of the circumference of a circle to its diameter","idref":"C3.S12.E1","content-tex":"$\\cpi$"}},{"symbol":{"tex":"$\\mathrm{d}\\NVar{x}$","meaning":"differential of $x$","idref":"C1.S4.SS4","content-tex":"$\\diff{\\NVar{x}}$"}},{"symbol":{"tex":"$\\mathrm{e}$","meaning":"base of natural logarithm","idref":"C4.S2.E11","content-tex":"$\\expe$"}},{"symbol":{"tex":"$\\sinh\\NVar{z}$","meaning":"hyperbolic sine function","idref":"C4.S28.E1","content-tex":"$\\sinh@@{\\NVar{z}}$"}},{"symbol":{"tex":"$\\tanh\\NVar{z}$","meaning":"hyperbolic tangent function","idref":"C4.S28.E4","content-tex":"$\\tanh@@{\\NVar{z}}$"}},{"symbol":{"tex":"$\\int$","meaning":"integral","idref":"C1.S4.SS4"}},{"symbol":{"tex":"$U\\left(\\NVar{a},\\NVar{z}\\right)$","meaning":"parabolic cylinder function","idref":"C12.S2.SS1.p1","content-tex":"$\\paraU@{\\NVar{a}}{\\NVar{z}}$"}},{"symbol":{"tex":"$\\overline{U}\\left(\\NVar{a},\\NVar{x}\\right)$","meaning":"parabolic cylinder function","idref":"C12.S2.SS6.p1","content-tex":"$\\paraUbar@{\\NVar{a}}{\\NVar{x}}$"}},{"symbol":{"tex":"$\\Re$","meaning":"real part","idref":"C1.S9.E2","content-tex":"$\\realpart@@$"}},{"symbol":{"tex":"$z$","meaning":"complex variable","idref":"C12.S1.p1.t1.r2"}},{"symbol":{"tex":"$a$","meaning":"real or complex parameter","idref":"C12.S1.p1.t1.r4"}}],"context-references":{"sentence-num-in-corpus":"7986","sentence-xmlid":"C12.S12.Px1.p1.s1","chapter-title":"Parabolic Cylinder Functions","chapter-xmlid":"C12","paragraph-title":"Nicholson-type Integral","paragraph-xmlid":"C12.S12.Px1","section-title":"Integrals","sentence-num-in-chapter":"161","section-xmlid":"C12.S12","sentence-num-in-section":"2","para-num-of-sentences":"2","para-xmlid":"C12.S12.Px1.p1"},"xml-id":"C12.S12.E4","tex":"$(U\\left(a,z\\right))^{2}+(\\overline{U}\\left(a,z\\right))^{2}=\\frac{2^{\\frac{3}{2 }}}{\\pi}\\Gamma\\left(\\tfrac{1}{2}-a\\right)\\int_{0}^{\\infty}\\frac{e^{2at+\\frac{1 }{2}z^{2}\\tanh t}}{\\sqrt{\\sinh\\left(2t\\right)}}\\mathrm{d}t,$","permalink":"http:\/\/dlmf.nist.gov\/12.12.E4","equation-number":"12.12.4","constraints":{"tex":"$\\Re a<\\tfrac{1}{2}$ . ","content-tex":"$\\realpart@@{a}<\\tfrac{1}{2}$ . "},"content-tex":"$(\\paraU@{a}{z})^{2}+(\\paraUbar@{a}{z})^{2}=\\frac{2^{\\frac{3}{2}}}{\\pi} \\EulerGamma@{\\tfrac{1}{2}-a}\\int_{0}^{\\infty}\\frac{e^{2at+\\frac{1}{2}z^{2} \\tanh@@{t}}}{\\sqrt{\\sinh@{2t}}}\\diff{t},$"}}{"expression":{"context-references":{"sentence-num-in-corpus":"7987","sentence-xmlid":"C12.S12.Px1.p1.s2","chapter-title":"Parabolic Cylinder Functions","chapter-xmlid":"C12","paragraph-title":"Nicholson-type Integral","paragraph-xmlid":"C12.S12.Px1","section-title":"Integrals","sentence-num-in-chapter":"162","section-xmlid":"C12.S12","sentence-num-in-section":"3","para-num-of-sentences":"2","para-xmlid":"C12.S12.Px1.p1"},"xml-id":"C12.S12.Px1.p1.m1","tex":"$z$"}}{"expression":{"context-references":{"sentence-num-in-corpus":"7987","sentence-xmlid":"C12.S12.Px1.p1.s2","chapter-title":"Parabolic Cylinder Functions","chapter-xmlid":"C12","paragraph-title":"Nicholson-type Integral","paragraph-xmlid":"C12.S12.Px1","section-title":"Integrals","sentence-num-in-chapter":"162","section-xmlid":"C12.S12","sentence-num-in-section":"3","para-num-of-sentences":"2","para-xmlid":"C12.S12.Px1.p1"},"xml-id":"C12.S12.Px1.p1.m2","tex":"$(=x)$"}}{"expression":{"context-references":{"sentence-num-in-corpus":"7987","sentence-xmlid":"C12.S12.Px1.p1.s2","chapter-title":"Parabolic Cylinder Functions","chapter-xmlid":"C12","paragraph-title":"Nicholson-type Integral","paragraph-xmlid":"C12.S12.Px1","section-title":"Integrals","sentence-num-in-chapter":"162","section-xmlid":"C12.S12","sentence-num-in-section":"3","para-num-of-sentences":"2","para-xmlid":"C12.S12.Px1.p1"},"xml-id":"C12.S12.Px1.p1.m3","tex":"$(F(a,x))^{2}$"}}{"expression":{"context-references":{"chapter-title":"Parabolic Cylinder Functions","chapter-xmlid":"C12"},"xml-id":"C12.S14.m2a","tex":"$W\\left(a,x\\right)$","content-tex":"$\\paraW@{a}{x}$"}}