{"equation":{"symbols-used":[{"symbol":{"tex":"$\\Gamma\\left(\\NVar{z}\\right)$","meaning":"gamma function","idref":"C5.S2.E1","content-tex":"$\\EulerGamma@{\\NVar{z}}$"}},{"symbol":{"tex":"$\\mathrm{d}\\NVar{x}$","meaning":"differential of $x$","idref":"C1.S4.SS4","content-tex":"$\\diff{\\NVar{x}}$"}},{"symbol":{"tex":"$\\mathrm{e}$","meaning":"base of natural logarithm","idref":"C4.S2.E11","content-tex":"$\\expe$"}},{"symbol":{"tex":"$\\int$","meaning":"integral","idref":"C1.S4.SS4"}},{"symbol":{"tex":"$U\\left(\\NVar{a},\\NVar{z}\\right)$","meaning":"parabolic cylinder function","idref":"C12.S2.SS1.p1","content-tex":"$\\paraU@{\\NVar{a}}{\\NVar{z}}$"}},{"symbol":{"tex":"$\\Re$","meaning":"real part","idref":"C1.S9.E2","content-tex":"$\\realpart@@$"}},{"symbol":{"tex":"$z$","meaning":"complex variable","idref":"C12.S1.p1.t1.r2"}},{"symbol":{"tex":"$a$","meaning":"real or complex parameter","idref":"C12.S1.p1.t1.r4"}}],"xml-id":"C12.S5.E1","tex":"$U\\left(a,z\\right)=\\frac{e^{-\\frac{1}{4}z^{2}}}{\\Gamma\\left(\\frac{1}{2}+a\\right )}\\int_{0}^{\\infty}t^{a-\\frac{1}{2}}e^{-\\frac{1}{2}t^{2}-zt}\\mathrm{d}t,$","context":{"sentence-num-in-corpus":"7884","subsection-xmlid":"C12.S5.SS1","sentence-xmlid":"C12.S5.SS1.p1.s1","chapter-title":"Parabolic Cylinder Functions","chapter-xmlid":"C12","section-title":"Integral Representations","sentence-num-in-chapter":"59","section-xmlid":"C12.S5","sentence-num-in-section":"1","para-num-of-sentences":"1","para-xmlid":"C12.S5.SS1.p1","subsection-title":"Integrals Along the Real Line"},"permalink":"http:\/\/dlmf.nist.gov\/12.5.E1","equation-number":"12.5.1","constraints":{"tex":"$\\Re a>-\\tfrac{1}{2}$ ,","content-tex":"$\\realpart@@{a}>-\\tfrac{1}{2}$ ,"},"content-tex":"$\\paraU@{a}{z}=\\frac{e^{-\\frac{1}{4}z^{2}}}{\\EulerGamma@{\\frac{1}{2}+a}}\\int_{0 }^{\\infty}t^{a-\\frac{1}{2}}e^{-\\frac{1}{2}t^{2}-zt}\\diff{t},$"}}{"equation":{"symbols-used":[{"symbol":{"tex":"$\\Gamma\\left(\\NVar{z}\\right)$","meaning":"gamma function","idref":"C5.S2.E1","content-tex":"$\\EulerGamma@{\\NVar{z}}$"}},{"symbol":{"tex":"$\\pi$","meaning":"the ratio of the circumference of a circle to its diameter","idref":"C3.S12.E1","content-tex":"$\\cpi$"}},{"symbol":{"tex":"$\\mathrm{d}\\NVar{x}$","meaning":"differential of $x$","idref":"C1.S4.SS4","content-tex":"$\\diff{\\NVar{x}}$"}},{"symbol":{"tex":"$\\mathrm{e}$","meaning":"base of natural logarithm","idref":"C4.S2.E11","content-tex":"$\\expe$"}},{"symbol":{"tex":"$\\int$","meaning":"integral","idref":"C1.S4.SS4"}},{"symbol":{"tex":"$U\\left(\\NVar{a},\\NVar{z}\\right)$","meaning":"parabolic cylinder function","idref":"C12.S2.SS1.p1","content-tex":"$\\paraU@{\\NVar{a}}{\\NVar{z}}$"}},{"symbol":{"tex":"$\\operatorname{ph}$","meaning":"phase","idref":"C1.S9.E7","content-tex":"$\\phase$"}},{"symbol":{"tex":"$\\Re$","meaning":"real part","idref":"C1.S9.E2","content-tex":"$\\realpart@@$"}},{"symbol":{"tex":"$z$","meaning":"complex variable","idref":"C12.S1.p1.t1.r2"}},{"symbol":{"tex":"$a$","meaning":"real or complex parameter","idref":"C12.S1.p1.t1.r4"}}],"xml-id":"C12.S5.E2","tex":"$U\\left(a,z\\right)=\\frac{ze^{-\\frac{1}{4}z^{2}}}{\\Gamma\\left(\\frac{1}{4}+\\frac{ 1}{2}a\\right)}\\*\\int_{0}^{\\infty}t^{\\frac{1}{2}a-\\frac{3}{4}}e^{-t}\\left(z^{2} +2t\\right)^{-\\frac{1}{2}a-\\frac{3}{4}}\\mathrm{d}t,$","context":{"sentence-num-in-corpus":"7884","subsection-xmlid":"C12.S5.SS1","sentence-xmlid":"C12.S5.SS1.p1.s1","chapter-title":"Parabolic Cylinder Functions","chapter-xmlid":"C12","section-title":"Integral Representations","sentence-num-in-chapter":"59","section-xmlid":"C12.S5","sentence-num-in-section":"1","para-num-of-sentences":"1","para-xmlid":"C12.S5.SS1.p1","subsection-title":"Integrals Along the Real Line"},"permalink":"http:\/\/dlmf.nist.gov\/12.5.E2","equation-number":"12.5.2","constraints":{"tex":"$|\\operatorname{ph}z|<\\tfrac{1}{2}\\pi$, $\\Re a>-\\tfrac{1}{2}$ ,","content-tex":"$|\\phase@@{z}|<\\tfrac{1}{2}\\pi$, $\\realpart@@{a}>-\\tfrac{1}{2}$ ,"},"content-tex":"$\\paraU@{a}{z}=\\frac{ze^{-\\frac{1}{4}z^{2}}}{\\EulerGamma@{\\frac{1}{4}+\\frac{1}{ 2}a}}\\*\\int_{0}^{\\infty}t^{\\frac{1}{2}a-\\frac{3}{4}}e^{-t}\\left(z^{2}+2t\\right )^{-\\frac{1}{2}a-\\frac{3}{4}}\\diff{t},$"}}{"equation":{"symbols-used":[{"symbol":{"tex":"$\\Gamma\\left(\\NVar{z}\\right)$","meaning":"gamma function","idref":"C5.S2.E1","content-tex":"$\\EulerGamma@{\\NVar{z}}$"}},{"symbol":{"tex":"$\\pi$","meaning":"the ratio of the circumference of a circle to its diameter","idref":"C3.S12.E1","content-tex":"$\\cpi$"}},{"symbol":{"tex":"$\\mathrm{d}\\NVar{x}$","meaning":"differential of $x$","idref":"C1.S4.SS4","content-tex":"$\\diff{\\NVar{x}}$"}},{"symbol":{"tex":"$\\mathrm{e}$","meaning":"base of natural logarithm","idref":"C4.S2.E11","content-tex":"$\\expe$"}},{"symbol":{"tex":"$\\int$","meaning":"integral","idref":"C1.S4.SS4"}},{"symbol":{"tex":"$U\\left(\\NVar{a},\\NVar{z}\\right)$","meaning":"parabolic cylinder function","idref":"C12.S2.SS1.p1","content-tex":"$\\paraU@{\\NVar{a}}{\\NVar{z}}$"}},{"symbol":{"tex":"$\\operatorname{ph}$","meaning":"phase","idref":"C1.S9.E7","content-tex":"$\\phase$"}},{"symbol":{"tex":"$\\Re$","meaning":"real part","idref":"C1.S9.E2","content-tex":"$\\realpart@@$"}},{"symbol":{"tex":"$z$","meaning":"complex variable","idref":"C12.S1.p1.t1.r2"}},{"symbol":{"tex":"$a$","meaning":"real or complex parameter","idref":"C12.S1.p1.t1.r4"}}],"xml-id":"C12.S5.E3","tex":"$U\\left(a,z\\right)=\\frac{e^{-\\frac{1}{4}z^{2}}}{\\Gamma\\left(\\frac{3}{4}+\\frac{1 }{2}a\\right)}\\*\\int_{0}^{\\infty}t^{\\frac{1}{2}a-\\frac{1}{4}}e^{-t}\\left(z^{2}+ 2t\\right)^{-\\frac{1}{2}a-\\frac{1}{4}}\\mathrm{d}t,$","context":{"sentence-num-in-corpus":"7884","subsection-xmlid":"C12.S5.SS1","sentence-xmlid":"C12.S5.SS1.p1.s1","chapter-title":"Parabolic Cylinder Functions","chapter-xmlid":"C12","section-title":"Integral Representations","sentence-num-in-chapter":"59","section-xmlid":"C12.S5","sentence-num-in-section":"1","para-num-of-sentences":"1","para-xmlid":"C12.S5.SS1.p1","subsection-title":"Integrals Along the Real Line"},"permalink":"http:\/\/dlmf.nist.gov\/12.5.E3","equation-number":"12.5.3","constraints":{"tex":"$|\\operatorname{ph}z|<\\tfrac{1}{2}\\pi$, $\\Re a>-\\tfrac{3}{2}$ ,","content-tex":"$|\\phase@@{z}|<\\tfrac{1}{2}\\pi$, $\\realpart@@{a}>-\\tfrac{3}{2}$ ,"},"content-tex":"$\\paraU@{a}{z}=\\frac{e^{-\\frac{1}{4}z^{2}}}{\\EulerGamma@{\\frac{3}{4}+\\frac{1}{2 }a}}\\*\\int_{0}^{\\infty}t^{\\frac{1}{2}a-\\frac{1}{4}}e^{-t}\\left(z^{2}+2t\\right) ^{-\\frac{1}{2}a-\\frac{1}{4}}\\diff{t},$"}}{"equation":{"symbols-used":[{"symbol":{"tex":"$\\pi$","meaning":"the ratio of the circumference of a circle to its diameter","idref":"C3.S12.E1","content-tex":"$\\cpi$"}},{"symbol":{"tex":"$\\cos\\NVar{z}$","meaning":"cosine function","idref":"C4.S14.E2","content-tex":"$\\cos@@{\\NVar{z}}$"}},{"symbol":{"tex":"$\\mathrm{d}\\NVar{x}$","meaning":"differential of $x$","idref":"C1.S4.SS4","content-tex":"$\\diff{\\NVar{x}}$"}},{"symbol":{"tex":"$\\mathrm{e}$","meaning":"base of natural logarithm","idref":"C4.S2.E11","content-tex":"$\\expe$"}},{"symbol":{"tex":"$\\int$","meaning":"integral","idref":"C1.S4.SS4"}},{"symbol":{"tex":"$U\\left(\\NVar{a},\\NVar{z}\\right)$","meaning":"parabolic cylinder function","idref":"C12.S2.SS1.p1","content-tex":"$\\paraU@{\\NVar{a}}{\\NVar{z}}$"}},{"symbol":{"tex":"$\\Re$","meaning":"real part","idref":"C1.S9.E2","content-tex":"$\\realpart@@$"}},{"symbol":{"tex":"$z$","meaning":"complex variable","idref":"C12.S1.p1.t1.r2"}},{"symbol":{"tex":"$a$","meaning":"real or complex parameter","idref":"C12.S1.p1.t1.r4"}}],"xml-id":"C12.S5.E4","tex":"$U\\left(a,z\\right)=\\sqrt{\\frac{2}{\\pi}}e^{\\frac{1}{4}z^{2}}\\*\\int_{0}^{\\infty}t ^{-a-\\frac{1}{2}}e^{-\\frac{1}{2}t^{2}}\\cos\\left(zt+\\left(\\tfrac{1}{2}a+\\tfrac{ 1}{4}\\right)\\pi\\right)\\mathrm{d}t,$","context":{"sentence-num-in-corpus":"7884","subsection-xmlid":"C12.S5.SS1","sentence-xmlid":"C12.S5.SS1.p1.s1","chapter-title":"Parabolic Cylinder Functions","chapter-xmlid":"C12","section-title":"Integral Representations","sentence-num-in-chapter":"59","section-xmlid":"C12.S5","sentence-num-in-section":"1","para-num-of-sentences":"1","para-xmlid":"C12.S5.SS1.p1","subsection-title":"Integrals Along the Real Line"},"permalink":"http:\/\/dlmf.nist.gov\/12.5.E4","equation-number":"12.5.4","constraints":{"tex":"$\\Re a<\\tfrac{1}{2}$ .","content-tex":"$\\realpart@@{a}<\\tfrac{1}{2}$ ."},"content-tex":"$\\paraU@{a}{z}=\\sqrt{\\frac{2}{\\pi}}e^{\\frac{1}{4}z^{2}}\\*\\int_{0}^{\\infty}t^{-a -\\frac{1}{2}}e^{-\\frac{1}{2}t^{2}}\\cos@{zt+\\left(\\tfrac{1}{2}a+\\tfrac{1}{4} \\right)\\pi}\\diff{t},$"}}{"equation":{"symbols-used":[{"symbol":{"tex":"$\\Gamma\\left(\\NVar{z}\\right)$","meaning":"gamma function","idref":"C5.S2.E1","content-tex":"$\\EulerGamma@{\\NVar{z}}$"}},{"symbol":{"tex":"$\\pi$","meaning":"the ratio of the circumference of a circle to its diameter","idref":"C3.S12.E1","content-tex":"$\\cpi$"}},{"symbol":{"tex":"$\\mathrm{d}\\NVar{x}$","meaning":"differential of $x$","idref":"C1.S4.SS4","content-tex":"$\\diff{\\NVar{x}}$"}},{"symbol":{"tex":"$\\mathrm{e}$","meaning":"base of natural logarithm","idref":"C4.S2.E11","content-tex":"$\\expe$"}},{"symbol":{"tex":"$\\mathrm{i}$","meaning":"imaginary unit","idref":"C1.S9.E1","content-tex":"$\\iunit$"}},{"symbol":{"tex":"$\\int$","meaning":"integral","idref":"C1.S4.SS4"}},{"symbol":{"tex":"$U\\left(\\NVar{a},\\NVar{z}\\right)$","meaning":"parabolic cylinder function","idref":"C12.S2.SS1.p1","content-tex":"$\\paraU@{\\NVar{a}}{\\NVar{z}}$"}},{"symbol":{"tex":"$\\operatorname{ph}$","meaning":"phase","idref":"C1.S9.E7","content-tex":"$\\phase$"}},{"symbol":{"tex":"$z$","meaning":"complex variable","idref":"C12.S1.p1.t1.r2"}},{"symbol":{"tex":"$a$","meaning":"real or complex parameter","idref":"C12.S1.p1.t1.r4"}}],"xml-id":"C12.S5.E5","tex":"$U\\left(a,z\\right)=\\frac{\\Gamma\\left(\\frac{1}{2}-a\\right)}{2\\pi i}e^{-\\frac{1}{ 4}z^{2}}\\int_{-\\infty}^{(0+)}e^{zt-\\frac{1}{2}t^{2}}t^{a-\\frac{1}{2}}\\mathrm{d }t,$","context":{"sentence-num-in-corpus":"7886","subsection-xmlid":"C12.S5.SS2","sentence-xmlid":"C12.S5.SS2.p1.s2","chapter-title":"Parabolic Cylinder Functions","chapter-xmlid":"C12","section-title":"Integral Representations","sentence-num-in-chapter":"61","section-xmlid":"C12.S5","sentence-num-in-section":"3","para-num-of-sentences":"3","para-xmlid":"C12.S5.SS2.p1","subsection-title":"Contour Integrals"},"permalink":"http:\/\/dlmf.nist.gov\/12.5.E5","equation-number":"12.5.5","constraints":{"tex":"$a\\neq\\frac{1}{2},\\frac{3}{2},\\frac{5}{2},\\dots$, $-\\pi<\\operatorname{ph}t<\\pi$.","content-tex":"$a\\neq\\frac{1}{2},\\frac{3}{2},\\frac{5}{2},\\dots$, $-\\pi<\\phase@@{t}<\\pi$."},"content-tex":"$\\paraU@{a}{z}=\\frac{\\EulerGamma@{\\frac{1}{2}-a}}{2\\pi i}e^{-\\frac{1}{4}z^{2}} \\int_{-\\infty}^{(0+)}e^{zt-\\frac{1}{2}t^{2}}t^{a-\\frac{1}{2}}\\diff{t},$"}}{"expression":{"xml-id":"C12.S5.SS2.p1.m1","tex":"$a$","context":{"sentence-num-in-corpus":"7887","subsection-xmlid":"C12.S5.SS2","sentence-xmlid":"C12.S5.SS2.p1.s3","chapter-title":"Parabolic Cylinder Functions","chapter-xmlid":"C12","section-title":"Integral Representations","sentence-num-in-chapter":"62","section-xmlid":"C12.S5","sentence-num-in-section":"4","para-num-of-sentences":"3","para-xmlid":"C12.S5.SS2.p1","subsection-title":"Contour Integrals"}}}{"equation":{"symbols-used":[{"symbol":{"tex":"$\\pi$","meaning":"the ratio of the circumference of a circle to its diameter","idref":"C3.S12.E1","content-tex":"$\\cpi$"}},{"symbol":{"tex":"$\\mathrm{d}\\NVar{x}$","meaning":"differential of $x$","idref":"C1.S4.SS4","content-tex":"$\\diff{\\NVar{x}}$"}},{"symbol":{"tex":"$\\mathrm{e}$","meaning":"base of natural logarithm","idref":"C4.S2.E11","content-tex":"$\\expe$"}},{"symbol":{"tex":"$\\mathrm{i}$","meaning":"imaginary unit","idref":"C1.S9.E1","content-tex":"$\\iunit$"}},{"symbol":{"tex":"$\\int$","meaning":"integral","idref":"C1.S4.SS4"}},{"symbol":{"tex":"$U\\left(\\NVar{a},\\NVar{z}\\right)$","meaning":"parabolic cylinder function","idref":"C12.S2.SS1.p1","content-tex":"$\\paraU@{\\NVar{a}}{\\NVar{z}}$"}},{"symbol":{"tex":"$\\operatorname{ph}$","meaning":"phase","idref":"C1.S9.E7","content-tex":"$\\phase$"}},{"symbol":{"tex":"$z$","meaning":"complex variable","idref":"C12.S1.p1.t1.r2"}},{"symbol":{"tex":"$a$","meaning":"real or complex parameter","idref":"C12.S1.p1.t1.r4"}}],"xml-id":"C12.S5.E6","tex":"$U\\left(a,z\\right)=\\frac{e^{\\frac{1}{4}z^{2}}}{i\\sqrt{2\\pi}}\\int_{c-i\\infty}^{c +i\\infty}e^{-zt+\\frac{1}{2}t^{2}}t^{-a-\\frac{1}{2}}\\mathrm{d}t,$","context":{"sentence-num-in-corpus":"7887","subsection-xmlid":"C12.S5.SS2","sentence-xmlid":"C12.S5.SS2.p1.s3","chapter-title":"Parabolic Cylinder Functions","chapter-xmlid":"C12","section-title":"Integral Representations","sentence-num-in-chapter":"62","section-xmlid":"C12.S5","sentence-num-in-section":"4","para-num-of-sentences":"3","para-xmlid":"C12.S5.SS2.p1","subsection-title":"Contour Integrals"},"permalink":"http:\/\/dlmf.nist.gov\/12.5.E6","equation-number":"12.5.6","constraints":{"tex":"$-\\tfrac{1}{2}\\pi<\\operatorname{ph}t<\\tfrac{1}{2}\\pi$, $c>0$ ,","content-tex":"$-\\tfrac{1}{2}\\pi<\\phase@@{t}<\\tfrac{1}{2}\\pi$, $c>0$ ,"},"content-tex":"$\\paraU@{a}{z}=\\frac{e^{\\frac{1}{4}z^{2}}}{i\\sqrt{2\\pi}}\\int_{c-i\\infty}^{c+i \\infty}e^{-zt+\\frac{1}{2}t^{2}}t^{-a-\\frac{1}{2}}\\diff{t},$"}}{"equation":{"symbols-used":[{"symbol":{"tex":"$\\pi$","meaning":"the ratio of the circumference of a circle to its diameter","idref":"C3.S12.E1","content-tex":"$\\cpi$"}},{"symbol":{"tex":"$\\mathrm{d}\\NVar{x}$","meaning":"differential of $x$","idref":"C1.S4.SS4","content-tex":"$\\diff{\\NVar{x}}$"}},{"symbol":{"tex":"$\\mathrm{e}$","meaning":"base of natural logarithm","idref":"C4.S2.E11","content-tex":"$\\expe$"}},{"symbol":{"tex":"$\\mathrm{i}$","meaning":"imaginary unit","idref":"C1.S9.E1","content-tex":"$\\iunit$"}},{"symbol":{"tex":"$\\int$","meaning":"integral","idref":"C1.S4.SS4"}},{"symbol":{"tex":"$V\\left(\\NVar{a},\\NVar{z}\\right)$","meaning":"parabolic cylinder function","idref":"C12.S2.SS1.p1","content-tex":"$\\paraV@{\\NVar{a}}{\\NVar{z}}$"}},{"symbol":{"tex":"$\\operatorname{ph}$","meaning":"phase","idref":"C1.S9.E7","content-tex":"$\\phase$"}},{"symbol":{"tex":"$z$","meaning":"complex variable","idref":"C12.S1.p1.t1.r2"}},{"symbol":{"tex":"$a$","meaning":"real or complex parameter","idref":"C12.S1.p1.t1.r4"}}],"xml-id":"C12.S5.E7","tex":"$V\\left(a,z\\right)=\\frac{e^{-\\frac{1}{4}z^{2}}}{2\\pi}\\*\\left(\\int_{-ic-\\infty}^ {-ic+\\infty}+\\int_{ic-\\infty}^{ic+\\infty}\\right)e^{zt-\\frac{1}{2}t^{2}}t^{a- \\frac{1}{2}}\\mathrm{d}t,$","context":{"sentence-num-in-corpus":"7887","subsection-xmlid":"C12.S5.SS2","sentence-xmlid":"C12.S5.SS2.p1.s3","chapter-title":"Parabolic Cylinder Functions","chapter-xmlid":"C12","section-title":"Integral Representations","sentence-num-in-chapter":"62","section-xmlid":"C12.S5","sentence-num-in-section":"4","para-num-of-sentences":"3","para-xmlid":"C12.S5.SS2.p1","subsection-title":"Contour Integrals"},"permalink":"http:\/\/dlmf.nist.gov\/12.5.E7","equation-number":"12.5.7","constraints":{"tex":"$-\\pi<\\operatorname{ph}{t}<\\pi$, $c>0$.","content-tex":"$-\\pi<\\phase{t}<\\pi$, $c>0$."},"content-tex":"$\\paraV@{a}{z}=\\frac{e^{-\\frac{1}{4}z^{2}}}{2\\pi}\\*\\left(\\int_{-ic-\\infty}^{-ic +\\infty}+\\int_{ic-\\infty}^{ic+\\infty}\\right)e^{zt-\\frac{1}{2}t^{2}}t^{a-\\frac{ 1}{2}}\\diff{t},$"}}{"expression":{"xml-id":"C12.S5.SS3.info.m1","tex":"$a$","context":{"chapter-title":"Parabolic Cylinder Functions","chapter-xmlid":"C12"}}}{"equation":{"symbols-used":[{"symbol":{"tex":"$\\Gamma\\left(\\NVar{z}\\right)$","meaning":"gamma function","idref":"C5.S2.E1","content-tex":"$\\EulerGamma@{\\NVar{z}}$"}},{"symbol":{"tex":"$\\pi$","meaning":"the ratio of the circumference of a circle to its diameter","idref":"C3.S12.E1","content-tex":"$\\cpi$"}},{"symbol":{"tex":"$\\mathrm{d}\\NVar{x}$","meaning":"differential of $x$","idref":"C1.S4.SS4","content-tex":"$\\diff{\\NVar{x}}$"}},{"symbol":{"tex":"$\\mathrm{e}$","meaning":"base of natural logarithm","idref":"C4.S2.E11","content-tex":"$\\expe$"}},{"symbol":{"tex":"$\\mathrm{i}$","meaning":"imaginary unit","idref":"C1.S9.E1","content-tex":"$\\iunit$"}},{"symbol":{"tex":"$\\int$","meaning":"integral","idref":"C1.S4.SS4"}},{"symbol":{"tex":"$U\\left(\\NVar{a},\\NVar{z}\\right)$","meaning":"parabolic cylinder function","idref":"C12.S2.SS1.p1","content-tex":"$\\paraU@{\\NVar{a}}{\\NVar{z}}$"}},{"symbol":{"tex":"$\\operatorname{ph}$","meaning":"phase","idref":"C1.S9.E7","content-tex":"$\\phase$"}},{"symbol":{"tex":"$z$","meaning":"complex variable","idref":"C12.S1.p1.t1.r2"}},{"symbol":{"tex":"$a$","meaning":"real or complex parameter","idref":"C12.S1.p1.t1.r4"}}],"xml-id":"C12.S5.E8","tex":"$U\\left(a,z\\right)=\\frac{e^{-\\frac{1}{4}z^{2}}z^{-a-\\frac{1}{2}}}{2\\pi i\\Gamma \\left(\\frac{1}{2}+a\\right)}\\*\\int_{-i\\infty}^{i\\infty}\\Gamma\\left(t\\right) \\Gamma\\left(\\tfrac{1}{2}+a-2t\\right)2^{t}z^{2t}\\mathrm{d}t,$","context":{"sentence-num-in-corpus":"7889","subsection-xmlid":"C12.S5.SS3","sentence-xmlid":"C12.S5.SS3.p1.s1","chapter-title":"Parabolic Cylinder Functions","chapter-xmlid":"C12","section-title":"Integral Representations","sentence-num-in-chapter":"64","section-xmlid":"C12.S5","sentence-num-in-section":"6","para-num-of-sentences":"1","para-xmlid":"C12.S5.SS3.p1","subsection-title":"Mellin\u2013Barnes Integrals"},"permalink":"http:\/\/dlmf.nist.gov\/12.5.E8","equation-number":"12.5.8","constraints":{"tex":"$a\\neq-\\frac{1}{2},-\\frac{3}{2},-\\frac{5}{2},\\dots$, $|\\operatorname{ph}z|<\\tfrac{3}{4}\\pi$,","content-tex":"$a\\neq-\\frac{1}{2},-\\frac{3}{2},-\\frac{5}{2},\\dots$, $|\\phase@@{z}|<\\tfrac{3}{4}\\pi$,"},"content-tex":"$\\paraU@{a}{z}=\\frac{e^{-\\frac{1}{4}z^{2}}z^{-a-\\frac{1}{2}}}{2\\pi i\\EulerGamma @{\\frac{1}{2}+a}}\\*\\int_{-i\\infty}^{i\\infty}\\EulerGamma@{t}\\EulerGamma@{\\tfrac {1}{2}+a-2t}2^{t}z^{2t}\\diff{t},$"}}{"equation":{"symbols-used":[{"symbol":{"tex":"$\\Gamma\\left(\\NVar{z}\\right)$","meaning":"gamma function","idref":"C5.S2.E1","content-tex":"$\\EulerGamma@{\\NVar{z}}$"}},{"symbol":{"tex":"$\\pi$","meaning":"the ratio of the circumference of a circle to its diameter","idref":"C3.S12.E1","content-tex":"$\\cpi$"}},{"symbol":{"tex":"$\\cos\\NVar{z}$","meaning":"cosine function","idref":"C4.S14.E2","content-tex":"$\\cos@@{\\NVar{z}}$"}},{"symbol":{"tex":"$\\mathrm{d}\\NVar{x}$","meaning":"differential of $x$","idref":"C1.S4.SS4","content-tex":"$\\diff{\\NVar{x}}$"}},{"symbol":{"tex":"$\\mathrm{e}$","meaning":"base of natural logarithm","idref":"C4.S2.E11","content-tex":"$\\expe$"}},{"symbol":{"tex":"$\\mathrm{i}$","meaning":"imaginary unit","idref":"C1.S9.E1","content-tex":"$\\iunit$"}},{"symbol":{"tex":"$\\int$","meaning":"integral","idref":"C1.S4.SS4"}},{"symbol":{"tex":"$V\\left(\\NVar{a},\\NVar{z}\\right)$","meaning":"parabolic cylinder function","idref":"C12.S2.SS1.p1","content-tex":"$\\paraV@{\\NVar{a}}{\\NVar{z}}$"}},{"symbol":{"tex":"$\\operatorname{ph}$","meaning":"phase","idref":"C1.S9.E7","content-tex":"$\\phase$"}},{"symbol":{"tex":"$z$","meaning":"complex variable","idref":"C12.S1.p1.t1.r2"}},{"symbol":{"tex":"$a$","meaning":"real or complex parameter","idref":"C12.S1.p1.t1.r4"}}],"xml-id":"C12.S5.E9","tex":"$V\\left(a,z\\right)=\\sqrt{\\frac{2}{\\pi}}\\frac{e^{\\frac{1}{4}z^{2}}z^{a-\\frac{1}{ 2}}}{2\\pi i\\Gamma\\left(\\frac{1}{2}-a\\right)}\\*\\int_{-i\\infty}^{i\\infty}\\Gamma \\left(t\\right)\\Gamma\\left(\\tfrac{1}{2}-a-2t\\right)2^{t}z^{2t}\\cos\\left(\\pi t \\right)\\mathrm{d}t,$","context":{"sentence-num-in-corpus":"7889","subsection-xmlid":"C12.S5.SS3","sentence-xmlid":"C12.S5.SS3.p1.s1","chapter-title":"Parabolic Cylinder Functions","chapter-xmlid":"C12","section-title":"Integral Representations","sentence-num-in-chapter":"64","section-xmlid":"C12.S5","sentence-num-in-section":"6","para-num-of-sentences":"1","para-xmlid":"C12.S5.SS3.p1","subsection-title":"Mellin\u2013Barnes Integrals"},"permalink":"http:\/\/dlmf.nist.gov\/12.5.E9","equation-number":"12.5.9","constraints":{"tex":"$a\\neq\\frac{1}{2},\\frac{3}{2},\\frac{5}{2},\\dots$, $|\\operatorname{ph}z|<\\tfrac{1}{4}\\pi$,","content-tex":"$a\\neq\\frac{1}{2},\\frac{3}{2},\\frac{5}{2},\\dots$, $|\\phase@@{z}|<\\tfrac{1}{4}\\pi$,"},"content-tex":"$\\paraV@{a}{z}=\\sqrt{\\frac{2}{\\pi}}\\frac{e^{\\frac{1}{4}z^{2}}z^{a-\\frac{1}{2}}} {2\\pi i\\EulerGamma@{\\frac{1}{2}-a}}\\*\\int_{-i\\infty}^{i\\infty}\\EulerGamma@{t} \\EulerGamma@{\\tfrac{1}{2}-a-2t}2^{t}z^{2t}\\cos@{\\pi t}\\diff{t},$"}}{"expression":{"xml-id":"C12.S5.EGx1.m1","tex":"$\\Gamma\\left(t\\right)$","context":{"chapter-title":"Parabolic Cylinder Functions","chapter-xmlid":"C12"},"content-tex":"$\\EulerGamma@{t}$"}}{"expression":{"xml-id":"C12.S5.EGx1.m2","tex":"$\\Gamma\\left(\\tfrac{1}{2}+a-2t\\right)$","context":{"chapter-title":"Parabolic Cylinder Functions","chapter-xmlid":"C12"},"content-tex":"$\\EulerGamma@{\\tfrac{1}{2}+a-2t}$"}}{"expression":{"xml-id":"C12.S5.SS3.p1.m1","tex":"$\\Gamma\\left(t\\right)$","context":{"sentence-num-in-corpus":"7889","subsection-xmlid":"C12.S5.SS3","sentence-xmlid":"C12.S5.SS3.p1.s1","chapter-title":"Parabolic Cylinder Functions","chapter-xmlid":"C12","section-title":"Integral Representations","sentence-num-in-chapter":"64","section-xmlid":"C12.S5","sentence-num-in-section":"6","para-num-of-sentences":"1","para-xmlid":"C12.S5.SS3.p1","subsection-title":"Mellin\u2013Barnes Integrals"},"content-tex":"$\\EulerGamma@{t}$"}}{"expression":{"xml-id":"C12.S5.SS3.p1.m2","tex":"$\\Gamma\\left(\\tfrac{1}{2}-a-2t\\right)$","context":{"sentence-num-in-corpus":"7889","subsection-xmlid":"C12.S5.SS3","sentence-xmlid":"C12.S5.SS3.p1.s1","chapter-title":"Parabolic Cylinder Functions","chapter-xmlid":"C12","section-title":"Integral Representations","sentence-num-in-chapter":"64","section-xmlid":"C12.S5","sentence-num-in-section":"6","para-num-of-sentences":"1","para-xmlid":"C12.S5.SS3.p1","subsection-title":"Mellin\u2013Barnes Integrals"},"content-tex":"$\\EulerGamma@{\\tfrac{1}{2}-a-2t}$"}}{"expression":{"xml-id":"C12.S14.m2a","tex":"$W\\left(a,x\\right)$","context":{"chapter-title":"Parabolic Cylinder Functions","chapter-xmlid":"C12"},"content-tex":"$\\paraW@{a}{x}$"}}