{"expression":{"xml-id":"C12.S9.SS1.p1.m1","tex":"$\\delta$","context":{"sentence-num-in-corpus":"7908","subsection-xmlid":"C12.S9.SS1","sentence-xmlid":"C12.S9.SS1.p1.s1","chapter-title":"Parabolic Cylinder Functions","chapter-xmlid":"C12","section-title":"Asymptotic Expansions for Large Variable","sentence-num-in-chapter":"83","section-xmlid":"C12.S9","sentence-num-in-section":"1","para-num-of-sentences":"1","para-xmlid":"C12.S9.SS1.p1","subsection-title":"Poincaré-Type Expansions"}}}{"expression":{"xml-id":"C12.S9.SS1.p2.m1","tex":"$z\\to\\infty$","context":{"sentence-num-in-corpus":"7909","subsection-xmlid":"C12.S9.SS1","sentence-xmlid":"C12.S9.SS1.p2.s1","chapter-title":"Parabolic Cylinder Functions","chapter-xmlid":"C12","section-title":"Asymptotic Expansions for Large Variable","sentence-num-in-chapter":"84","section-xmlid":"C12.S9","sentence-num-in-section":"2","para-num-of-sentences":"1","para-xmlid":"C12.S9.SS1.p2","subsection-title":"Poincaré-Type Expansions"}}}{"equation":{"symbols-used":[{"symbol":{"tex":"${\\left(\\NVar{a}\\right)_{\\NVar{n}}}$","meaning":"Pochhammer\u2019s symbol (or shifted factorial)","idref":"C5.S2.SS3","content-tex":"$\\Pochhammersym{\\NVar{a}}{\\NVar{n}}$"}},{"symbol":{"tex":"$\\sim$","meaning":"Poincaré asymptotic expansion","idref":"C2.S1.SS3.p1","content-tex":"$\\asympexp$"}},{"symbol":{"tex":"$\\pi$","meaning":"the ratio of the circumference of a circle to its diameter","idref":"C3.S12.E1","content-tex":"$\\cpi$"}},{"symbol":{"tex":"$\\mathrm{e}$","meaning":"base of natural logarithm","idref":"C4.S2.E11","content-tex":"$\\expe$"}},{"symbol":{"tex":"$!$","meaning":"factorial (as in $n!$ )","idref":"introduction.Sx4.p1.t1.r15"}},{"symbol":{"tex":"$U\\left(\\NVar{a},\\NVar{z}\\right)$","meaning":"parabolic cylinder function","idref":"C12.S2.SS1.p1","content-tex":"$\\paraU@{\\NVar{a}}{\\NVar{z}}$"}},{"symbol":{"tex":"$\\operatorname{ph}$","meaning":"phase","idref":"C1.S9.E7","content-tex":"$\\phase$"}},{"symbol":{"tex":"$z$","meaning":"complex variable","idref":"C12.S1.p1.t1.r2"}},{"symbol":{"tex":"$s$","meaning":"nonnegative integer","idref":"C12.S1.p1.t1.r3"}},{"symbol":{"tex":"$a$","meaning":"real or complex parameter","idref":"C12.S1.p1.t1.r4"}},{"symbol":{"tex":"$\\delta$","meaning":"arbitrary small positive constant","idref":"C12.S1.p1.t1.r5"}}],"xml-id":"C12.S9.E1","tex":"$U\\left(a,z\\right)\\sim e^{-\\frac{1}{4}z^{2}}z^{-a-\\frac{1}{2}}\\sum_{s=0}^{ \\infty}(-1)^{s}\\frac{{\\left(\\frac{1}{2}+a\\right)_{2s}}}{s!(2z^{2})^{s}},$","context":{"sentence-num-in-corpus":"7910","subsection-xmlid":"C12.S9.SS1","sentence-xmlid":"C12.S9.SS1.p3.s1","chapter-title":"Parabolic Cylinder Functions","chapter-xmlid":"C12","section-title":"Asymptotic Expansions for Large Variable","sentence-num-in-chapter":"85","section-xmlid":"C12.S9","sentence-num-in-section":"3","para-num-of-sentences":"4","para-xmlid":"C12.S9.SS1.p3","subsection-title":"Poincaré-Type Expansions"},"permalink":"http:\/\/dlmf.nist.gov\/12.9.E1","equation-number":"12.9.1","constraints":{"tex":"$|\\operatorname{ph}z|\\leq\\tfrac{3}{4}\\pi-\\delta(<\\tfrac{3}{4}\\pi)$ ,","content-tex":"$|\\phase@@{z}|\\leq\\tfrac{3}{4}\\pi-\\delta(<\\tfrac{3}{4}\\pi)$ ,"},"content-tex":"$\\paraU@{a}{z}\\asympexp e^{-\\frac{1}{4}z^{2}}z^{-a-\\frac{1}{2}}\\sum_{s=0}^{ \\infty}(-1)^{s}\\frac{\\Pochhammersym{\\frac{1}{2}+a}{2s}}{s!(2z^{2})^{s}},$"}}{"equation":{"symbols-used":[{"symbol":{"tex":"${\\left(\\NVar{a}\\right)_{\\NVar{n}}}$","meaning":"Pochhammer\u2019s symbol (or shifted factorial)","idref":"C5.S2.SS3","content-tex":"$\\Pochhammersym{\\NVar{a}}{\\NVar{n}}$"}},{"symbol":{"tex":"$\\sim$","meaning":"Poincaré asymptotic expansion","idref":"C2.S1.SS3.p1","content-tex":"$\\asympexp$"}},{"symbol":{"tex":"$\\pi$","meaning":"the ratio of the circumference of a circle to its diameter","idref":"C3.S12.E1","content-tex":"$\\cpi$"}},{"symbol":{"tex":"$\\mathrm{e}$","meaning":"base of natural logarithm","idref":"C4.S2.E11","content-tex":"$\\expe$"}},{"symbol":{"tex":"$!$","meaning":"factorial (as in $n!$ )","idref":"introduction.Sx4.p1.t1.r15"}},{"symbol":{"tex":"$V\\left(\\NVar{a},\\NVar{z}\\right)$","meaning":"parabolic cylinder function","idref":"C12.S2.SS1.p1","content-tex":"$\\paraV@{\\NVar{a}}{\\NVar{z}}$"}},{"symbol":{"tex":"$\\operatorname{ph}$","meaning":"phase","idref":"C1.S9.E7","content-tex":"$\\phase$"}},{"symbol":{"tex":"$z$","meaning":"complex variable","idref":"C12.S1.p1.t1.r2"}},{"symbol":{"tex":"$s$","meaning":"nonnegative integer","idref":"C12.S1.p1.t1.r3"}},{"symbol":{"tex":"$a$","meaning":"real or complex parameter","idref":"C12.S1.p1.t1.r4"}},{"symbol":{"tex":"$\\delta$","meaning":"arbitrary small positive constant","idref":"C12.S1.p1.t1.r5"}}],"xml-id":"C12.S9.E2","tex":"$V\\left(a,z\\right)\\sim\\sqrt{\\frac{2}{\\pi}}e^{\\frac{1}{4}z^{2}}z^{a-\\frac{1}{2}} \\sum_{s=0}^{\\infty}\\frac{{\\left(\\frac{1}{2}-a\\right)_{2s}}}{s!(2z^{2})^{s}},$","context":{"sentence-num-in-corpus":"7910","subsection-xmlid":"C12.S9.SS1","sentence-xmlid":"C12.S9.SS1.p3.s1","chapter-title":"Parabolic Cylinder Functions","chapter-xmlid":"C12","section-title":"Asymptotic Expansions for Large Variable","sentence-num-in-chapter":"85","section-xmlid":"C12.S9","sentence-num-in-section":"3","para-num-of-sentences":"4","para-xmlid":"C12.S9.SS1.p3","subsection-title":"Poincaré-Type Expansions"},"permalink":"http:\/\/dlmf.nist.gov\/12.9.E2","equation-number":"12.9.2","constraints":{"tex":"$|\\operatorname{ph}z|\\leq\\tfrac{1}{4}\\pi-\\delta(<\\tfrac{1}{4}\\pi)$ .","content-tex":"$|\\phase@@{z}|\\leq\\tfrac{1}{4}\\pi-\\delta(<\\tfrac{1}{4}\\pi)$ ."},"content-tex":"$\\paraV@{a}{z}\\asympexp\\sqrt{\\frac{2}{\\pi}}e^{\\frac{1}{4}z^{2}}z^{a-\\frac{1}{2} }\\sum_{s=0}^{\\infty}\\frac{\\Pochhammersym{\\frac{1}{2}-a}{2s}}{s!(2z^{2})^{s}},$"}}{"equation":{"symbols-used":[{"symbol":{"tex":"$\\Gamma\\left(\\NVar{z}\\right)$","meaning":"gamma function","idref":"C5.S2.E1","content-tex":"$\\EulerGamma@{\\NVar{z}}$"}},{"symbol":{"tex":"${\\left(\\NVar{a}\\right)_{\\NVar{n}}}$","meaning":"Pochhammer\u2019s symbol (or shifted factorial)","idref":"C5.S2.SS3","content-tex":"$\\Pochhammersym{\\NVar{a}}{\\NVar{n}}$"}},{"symbol":{"tex":"$\\sim$","meaning":"Poincaré asymptotic expansion","idref":"C2.S1.SS3.p1","content-tex":"$\\asympexp$"}},{"symbol":{"tex":"$\\pi$","meaning":"the ratio of the circumference of a circle to its diameter","idref":"C3.S12.E1","content-tex":"$\\cpi$"}},{"symbol":{"tex":"$\\mathrm{e}$","meaning":"base of natural logarithm","idref":"C4.S2.E11","content-tex":"$\\expe$"}},{"symbol":{"tex":"$!$","meaning":"factorial (as in $n!$ )","idref":"introduction.Sx4.p1.t1.r15"}},{"symbol":{"tex":"$\\mathrm{i}$","meaning":"imaginary unit","idref":"C1.S9.E1","content-tex":"$\\iunit$"}},{"symbol":{"tex":"$U\\left(\\NVar{a},\\NVar{z}\\right)$","meaning":"parabolic cylinder function","idref":"C12.S2.SS1.p1","content-tex":"$\\paraU@{\\NVar{a}}{\\NVar{z}}$"}},{"symbol":{"tex":"$\\operatorname{ph}$","meaning":"phase","idref":"C1.S9.E7","content-tex":"$\\phase$"}},{"symbol":{"tex":"$z$","meaning":"complex variable","idref":"C12.S1.p1.t1.r2"}},{"symbol":{"tex":"$s$","meaning":"nonnegative integer","idref":"C12.S1.p1.t1.r3"}},{"symbol":{"tex":"$a$","meaning":"real or complex parameter","idref":"C12.S1.p1.t1.r4"}},{"symbol":{"tex":"$\\delta$","meaning":"arbitrary small positive constant","idref":"C12.S1.p1.t1.r5"}}],"xml-id":"C12.S9.E3","tex":"$U\\left(a,z\\right)\\sim e^{-\\frac{1}{4}z^{2}}z^{-a-\\frac{1}{2}}\\sum_{s=0}^{ \\infty}(-1)^{s}\\frac{{\\left(\\frac{1}{2}+a\\right)_{2s}}}{s!(2z^{2})^{s}}\\pm i \\frac{\\sqrt{2\\pi}}{\\Gamma\\left(\\tfrac{1}{2}+a\\right)}e^{\\mp i\\pi a}e^{\\frac{1} {4}z^{2}}z^{a-\\frac{1}{2}}\\sum_{s=0}^{\\infty}\\frac{{\\left(\\tfrac{1}{2}-a\\right )_{2s}}}{s!(2z^{2})^{s}},$","context":{"sentence-num-in-corpus":"7911","subsection-xmlid":"C12.S9.SS1","sentence-xmlid":"C12.S9.SS1.p3.s2","chapter-title":"Parabolic Cylinder Functions","chapter-xmlid":"C12","section-title":"Asymptotic Expansions for Large Variable","sentence-num-in-chapter":"86","section-xmlid":"C12.S9","sentence-num-in-section":"4","para-num-of-sentences":"4","para-xmlid":"C12.S9.SS1.p3","subsection-title":"Poincaré-Type Expansions"},"permalink":"http:\/\/dlmf.nist.gov\/12.9.E3","equation-number":"12.9.3","constraints":{"tex":"$\\tfrac{1}{4}\\pi+\\delta\\leq\\pm\\operatorname{ph}z\\leq\\tfrac{5}{4}\\pi-\\delta$ ,","content-tex":"$\\tfrac{1}{4}\\pi+\\delta\\leq\\pm\\phase@@{z}\\leq\\tfrac{5}{4}\\pi-\\delta$ ,"},"content-tex":"$\\paraU@{a}{z}\\asympexp e^{-\\frac{1}{4}z^{2}}z^{-a-\\frac{1}{2}}\\sum_{s=0}^{ \\infty}(-1)^{s}\\frac{\\Pochhammersym{\\frac{1}{2}+a}{2s}}{s!(2z^{2})^{s}}\\pm i \\frac{\\sqrt{2\\pi}}{\\EulerGamma@{\\tfrac{1}{2}+a}}e^{\\mp i\\pi a}e^{\\frac{1}{4}z^ {2}}z^{a-\\frac{1}{2}}\\sum_{s=0}^{\\infty}\\frac{\\Pochhammersym{\\tfrac{1}{2}-a}{2 s}}{s!(2z^{2})^{s}},$"}}{"equation":{"symbols-used":[{"symbol":{"tex":"$\\Gamma\\left(\\NVar{z}\\right)$","meaning":"gamma function","idref":"C5.S2.E1","content-tex":"$\\EulerGamma@{\\NVar{z}}$"}},{"symbol":{"tex":"${\\left(\\NVar{a}\\right)_{\\NVar{n}}}$","meaning":"Pochhammer\u2019s symbol (or shifted factorial)","idref":"C5.S2.SS3","content-tex":"$\\Pochhammersym{\\NVar{a}}{\\NVar{n}}$"}},{"symbol":{"tex":"$\\sim$","meaning":"Poincaré asymptotic expansion","idref":"C2.S1.SS3.p1","content-tex":"$\\asympexp$"}},{"symbol":{"tex":"$\\pi$","meaning":"the ratio of the circumference of a circle to its diameter","idref":"C3.S12.E1","content-tex":"$\\cpi$"}},{"symbol":{"tex":"$\\mathrm{e}$","meaning":"base of natural logarithm","idref":"C4.S2.E11","content-tex":"$\\expe$"}},{"symbol":{"tex":"$!$","meaning":"factorial (as in $n!$ )","idref":"introduction.Sx4.p1.t1.r15"}},{"symbol":{"tex":"$\\mathrm{i}$","meaning":"imaginary unit","idref":"C1.S9.E1","content-tex":"$\\iunit$"}},{"symbol":{"tex":"$V\\left(\\NVar{a},\\NVar{z}\\right)$","meaning":"parabolic cylinder function","idref":"C12.S2.SS1.p1","content-tex":"$\\paraV@{\\NVar{a}}{\\NVar{z}}$"}},{"symbol":{"tex":"$\\operatorname{ph}$","meaning":"phase","idref":"C1.S9.E7","content-tex":"$\\phase$"}},{"symbol":{"tex":"$z$","meaning":"complex variable","idref":"C12.S1.p1.t1.r2"}},{"symbol":{"tex":"$s$","meaning":"nonnegative integer","idref":"C12.S1.p1.t1.r3"}},{"symbol":{"tex":"$a$","meaning":"real or complex parameter","idref":"C12.S1.p1.t1.r4"}},{"symbol":{"tex":"$\\delta$","meaning":"arbitrary small positive constant","idref":"C12.S1.p1.t1.r5"}}],"xml-id":"C12.S9.E4","tex":"$V\\left(a,z\\right)\\sim\\sqrt{\\frac{2}{\\pi}}e^{\\frac{1}{4}z^{2}}z^{a-\\frac{1}{2}} \\sum_{s=0}^{\\infty}\\frac{{\\left(\\tfrac{1}{2}-a\\right)_{2s}}}{s!(2z^{2})^{s}} \\pm\\frac{i}{\\Gamma\\left(\\tfrac{1}{2}-a\\right)}e^{-\\frac{1}{4}z^{2}}z^{-a-\\frac {1}{2}}\\sum_{s=0}^{\\infty}(-1)^{s}\\frac{{\\left(\\tfrac{1}{2}+a\\right)_{2s}}}{s! (2z^{2})^{s}},$","context":{"sentence-num-in-corpus":"7911","subsection-xmlid":"C12.S9.SS1","sentence-xmlid":"C12.S9.SS1.p3.s2","chapter-title":"Parabolic Cylinder Functions","chapter-xmlid":"C12","section-title":"Asymptotic Expansions for Large Variable","sentence-num-in-chapter":"86","section-xmlid":"C12.S9","sentence-num-in-section":"4","para-num-of-sentences":"4","para-xmlid":"C12.S9.SS1.p3","subsection-title":"Poincaré-Type Expansions"},"permalink":"http:\/\/dlmf.nist.gov\/12.9.E4","equation-number":"12.9.4","constraints":{"tex":"$-\\tfrac{1}{4}\\pi+\\delta\\leq\\pm\\operatorname{ph}z\\leq\\tfrac{3}{4}\\pi-\\delta$.","content-tex":"$-\\tfrac{1}{4}\\pi+\\delta\\leq\\pm\\phase@@{z}\\leq\\tfrac{3}{4}\\pi-\\delta$."},"content-tex":"$\\paraV@{a}{z}\\asympexp\\sqrt{\\frac{2}{\\pi}}e^{\\frac{1}{4}z^{2}}z^{a-\\frac{1}{2} }\\sum_{s=0}^{\\infty}\\frac{\\Pochhammersym{\\tfrac{1}{2}-a}{2s}}{s!(2z^{2})^{s}} \\pm\\frac{i}{\\EulerGamma@{\\tfrac{1}{2}-a}}e^{-\\frac{1}{4}z^{2}}z^{-a-\\frac{1}{2 }}\\sum_{s=0}^{\\infty}(-1)^{s}\\frac{\\Pochhammersym{\\tfrac{1}{2}+a}{2s}}{s!(2z^{ 2})^{s}},$"}}{"expression":{"xml-id":"C12.S9.SS1.p3.m1","tex":"$U\\left(a,-z\\right)$","context":{"sentence-num-in-corpus":"7912","subsection-xmlid":"C12.S9.SS1","sentence-xmlid":"C12.S9.SS1.p3.s3","chapter-title":"Parabolic Cylinder Functions","chapter-xmlid":"C12","section-title":"Asymptotic Expansions for Large Variable","sentence-num-in-chapter":"87","section-xmlid":"C12.S9","sentence-num-in-section":"5","para-num-of-sentences":"4","para-xmlid":"C12.S9.SS1.p3","subsection-title":"Poincaré-Type Expansions"},"content-tex":"$\\paraU@{a}{-z}$"}}{"expression":{"xml-id":"C12.S9.SS1.p3.m2","tex":"$V\\left(a,-z\\right)$","context":{"sentence-num-in-corpus":"7912","subsection-xmlid":"C12.S9.SS1","sentence-xmlid":"C12.S9.SS1.p3.s3","chapter-title":"Parabolic Cylinder Functions","chapter-xmlid":"C12","section-title":"Asymptotic Expansions for Large Variable","sentence-num-in-chapter":"87","section-xmlid":"C12.S9","sentence-num-in-section":"5","para-num-of-sentences":"4","para-xmlid":"C12.S9.SS1.p3","subsection-title":"Poincaré-Type Expansions"},"content-tex":"$\\paraV@{a}{-z}$"}}{"expression":{"xml-id":"C12.S9.SS1.p3.m3","tex":"$z\\to\\infty$","context":{"sentence-num-in-corpus":"7912","subsection-xmlid":"C12.S9.SS1","sentence-xmlid":"C12.S9.SS1.p3.s3","chapter-title":"Parabolic Cylinder Functions","chapter-xmlid":"C12","section-title":"Asymptotic Expansions for Large Variable","sentence-num-in-chapter":"87","section-xmlid":"C12.S9","sentence-num-in-section":"5","para-num-of-sentences":"4","para-xmlid":"C12.S9.SS1.p3","subsection-title":"Poincaré-Type Expansions"}}}{"expression":{"xml-id":"C12.S14.m2a","tex":"$W\\left(a,x\\right)$","context":{"chapter-title":"Parabolic Cylinder Functions","chapter-xmlid":"C12"},"content-tex":"$\\paraW@{a}{x}$"}}