<?xml version="1.0" encoding="UTF-8"?>
<section xml:id="C16.S10">
<title>Expansions in Series of <Math mode="inline" xml:id="C16.S10.m1">{{}_{p}F_{q}}</Math> Functions</title>         
 
<para xml:id="C16.S10.p1">

<sentence sentence-num-in-para="1" sentence-num-in-section="1" xml:id="C16.S10.p1.s1">
The following expansion, with appropriate conditions and together with similar results, is given in Fields and Wimp (1961): <Math equation-number="16.10.1" mode="display" xml:id="C16.S10.E1">{{}_{p+r}F_{q+s}}\left({a_{1},\dots,a_{p},c_{1},\dots,c_{r}\atop b_{1},\dots,b _{q},d_{1},\dots,d_{s}};z\zeta\right)=\sum_{k=0}^{\infty}\frac{{\left(\mathbf{ a}\right)_{k}}{\left(\alpha\right)_{k}}{\left(\beta\right)_{k}}(-z)^{k}}{{ \left(\mathbf{b}\right)_{k}}{\left(\gamma+k\right)_{k}}k!}{{}_{p+2}F_{q+1}} \left({\alpha+k,\beta+k,a_{1}+k,\dots,a_{p}+k\atop\gamma+2k+1,b_{1}+k,\dots,b_ {q}+k};z\right){{}_{r+2}F_{s+2}}\left({-k,\gamma+k,c_{1},\dots,c_{r}\atop \alpha,\beta,d_{1},\dots,d_{s}};\zeta\right)</Math>.
</sentence>

<sentence sentence-num-in-para="2" sentence-num-in-section="2" xml:id="C16.S10.p1.s2">
Here <Math mode="inline" xml:id="C16.S10.p1.m1">\alpha</Math> , <Math mode="inline" xml:id="C16.S10.p1.m2">\beta</Math> , and <Math mode="inline" xml:id="C16.S10.p1.m3">\gamma</Math> are free real or complex parameters.
</sentence>

</para>
 
<para xml:id="C16.S10.p2">

<sentence sentence-num-in-para="1" sentence-num-in-section="3" xml:id="C16.S10.p2.s1">
The next expansion is given in Nørlund (1955, equation (1.21)):
</sentence>

<sentence sentence-num-in-para="2" sentence-num-in-section="4" xml:id="C16.S10.p2.s2">
<Math equation-number="16.10.2" mode="display" xml:id="C16.S10.E2">{{}_{p+1}F_{p}}\left({a_{1},\dots,a_{p+1}\atop b_{1},\dots,b_{p}};z\zeta\right )=(1-z)^{-a_{1}}\sum_{k=0}^{\infty}\frac{{\left(a_{1}\right)_{k}}}{k!}{{}_{p+1 }F_{p}}\left({-k,a_{2},\dots,a_{p+1}\atop b_{1},\dots,b_{p}};\zeta\right)\left (\frac{z}{z-1}\right)^{k}</Math>.
</sentence>

<sentence sentence-num-in-para="3" sentence-num-in-section="5" xml:id="C16.S10.p2.s3">
When <Math mode="inline" xml:id="C16.S10.p2.m1">|\zeta-1|&lt;1</Math> the series on the right-hand side converges in the half-plane <Math mode="inline" xml:id="C16.S10.p2.m2">\Re z&lt;\frac{1}{2}</Math>.
</sentence>

</para>
 
<para xml:id="C16.S10.p3">

<sentence sentence-num-in-para="1" sentence-num-in-section="6" xml:id="C16.S10.p3.s1">
Expansions of the form <Math mode="inline" xml:id="C16.S10.p3.m1">\sum_{n=1}^{\infty}(\pm 1)^{n}{{}_{p}F_{p+1}}\left(\mathbf{a};\mathbf{b};-n^{2 }z^{2}\right)</Math> are discussed inMiller (1997), and further series of generalized hypergeometric functions are given in Luke (1969b, Chapter 9),Luke (1975, §§5.10.2 and 5.11), andPrudnikov et al. (1990, §§5.3, 6.8–6.9).
</sentence>

</para>
 
</section>
