<?xml version="1.0" encoding="UTF-8"?>
<section xml:id="C16.S1">
<title>Special Notation</title>        
 
<para xml:id="C16.S1.p1">

<sentence sentence-num-in-para="1" sentence-num-in-section="1" xml:id="C16.S1.p1.s1">
(For other notation see Notation for the Special Functions.)
</sentence>

</para>
 
<para xml:id="C16.S1.p2">

<sentence sentence-num-in-para="1" sentence-num-in-section="2" sentence-num-in-table="1" xml:id="C16.S1.p2.t1.s1">
<Math mode="inline" xml:id="C16.S1.p2.t1.r1.m1">p,q</Math>
</sentence>

<sentence sentence-num-in-para="2" sentence-num-in-section="3" sentence-num-in-table="2" xml:id="C16.S1.p2.t1.s2">
nonnegative integers.    
</sentence>

<sentence sentence-num-in-para="3" sentence-num-in-section="4" sentence-num-in-table="3" xml:id="C16.S1.p2.t1.s3">
<Math mode="inline" xml:id="C16.S1.p2.t1.r2.m1">k,n</Math>
</sentence>

<sentence sentence-num-in-para="4" sentence-num-in-section="5" sentence-num-in-table="4" xml:id="C16.S1.p2.t1.s4">
nonnegative integers, unless
</sentence>

<sentence sentence-num-in-para="5" sentence-num-in-section="6" sentence-num-in-table="5" xml:id="C16.S1.p2.t1.s5">
stated otherwise.
</sentence>

<sentence sentence-num-in-para="6" sentence-num-in-section="7" sentence-num-in-table="6" xml:id="C16.S1.p2.t1.s6">
<Math mode="inline" xml:id="C16.S1.p2.t1.r4.m1">z</Math>
</sentence>

<sentence sentence-num-in-para="7" sentence-num-in-section="8" sentence-num-in-table="7" xml:id="C16.S1.p2.t1.s7">
complex variable.  
</sentence>

<sentence sentence-num-in-para="8" sentence-num-in-section="9" sentence-num-in-table="8" xml:id="C16.S1.p2.t1.s8">
<Math mode="inline" xml:id="C16.S1.p2.t1.r5.m1">\rselection{a_{1},a_{2},\dots,a_{p}\\ b_{1},b_{2},\dots,b_{q}}</Math>
</sentence>

<sentence sentence-num-in-para="9" sentence-num-in-section="10" sentence-num-in-table="9" xml:id="C16.S1.p2.t1.s9">
real or complex parameters.    
</sentence>

<sentence sentence-num-in-para="10" sentence-num-in-section="11" sentence-num-in-table="10" xml:id="C16.S1.p2.t1.s10">
<Math mode="inline" xml:id="C16.S1.p2.t1.r6.m1">\delta</Math>
</sentence>

<sentence sentence-num-in-para="11" sentence-num-in-section="12" sentence-num-in-table="11" xml:id="C16.S1.p2.t1.s11">
arbitrary small positive constant.  
</sentence>

<sentence sentence-num-in-para="12" sentence-num-in-section="13" sentence-num-in-table="12" xml:id="C16.S1.p2.t1.s12">
<Math mode="inline" xml:id="C16.S1.p2.t1.r7.m1">\mathbf{a}</Math>
</sentence>

<sentence sentence-num-in-para="13" sentence-num-in-section="14" sentence-num-in-table="13" xml:id="C16.S1.p2.t1.s13">
vector <Math mode="inline" xml:id="C16.S1.p2.t1.r7.m2">(a_{1},a_{2},\dots,a_{p})</Math>.
</sentence>

<sentence sentence-num-in-para="14" sentence-num-in-section="15" sentence-num-in-table="14" xml:id="C16.S1.p2.t1.s14">
<Math mode="inline" xml:id="C16.S1.p2.t1.r8.m1">\mathbf{b}</Math>
</sentence>

<sentence sentence-num-in-para="15" sentence-num-in-section="16" sentence-num-in-table="15" xml:id="C16.S1.p2.t1.s15">
vector <Math mode="inline" xml:id="C16.S1.p2.t1.r8.m2">(b_{1},b_{2},\dots,b_{q})</Math>.
</sentence>

<sentence sentence-num-in-para="16" sentence-num-in-section="17" sentence-num-in-table="16" xml:id="C16.S1.p2.t1.s16">
<Math mode="inline" xml:id="C16.S1.p2.t1.r9.m1">{\left(\mathbf{a}\right)_{k}}</Math>
</sentence>

<sentence sentence-num-in-para="17" sentence-num-in-section="18" sentence-num-in-table="17" xml:id="C16.S1.p2.t1.s17">
<Math mode="inline" xml:id="C16.S1.p2.t1.r9.m2">{\left(a_{1}\right)_{k}}{\left(a_{2}\right)_{k}}\cdots{\left(a_{p}\right)_{k}}</Math>.
</sentence>

<sentence sentence-num-in-para="18" sentence-num-in-section="19" sentence-num-in-table="18" xml:id="C16.S1.p2.t1.s18">
<Math mode="inline" xml:id="C16.S1.p2.t1.r10.m1">{\left(\mathbf{b}\right)_{k}}</Math>
</sentence>

<sentence sentence-num-in-para="19" sentence-num-in-section="20" sentence-num-in-table="19" xml:id="C16.S1.p2.t1.s19">
<Math mode="inline" xml:id="C16.S1.p2.t1.r10.m2">{\left(b_{1}\right)_{k}}{\left(b_{2}\right)_{k}}\cdots{\left(b_{q}\right)_{k}}</Math>.
</sentence>

<sentence sentence-num-in-para="20" sentence-num-in-section="21" sentence-num-in-table="20" xml:id="C16.S1.p2.t1.s20">
<Math mode="inline" xml:id="C16.S1.p2.t1.r11.m1">D</Math>
</sentence>

<sentence sentence-num-in-para="21" sentence-num-in-section="22" sentence-num-in-table="21" xml:id="C16.S1.p2.t1.s21">
<Math mode="inline" xml:id="C16.S1.p2.t1.r11.m2">\ifrac{\mathrm{d}}{\mathrm{d}z}</Math>.
</sentence>

<sentence sentence-num-in-para="22" sentence-num-in-section="23" sentence-num-in-table="22" xml:id="C16.S1.p2.t1.s22">
<Math mode="inline" xml:id="C16.S1.p2.t1.r12.m1">\vartheta</Math>
</sentence>

<sentence sentence-num-in-para="23" sentence-num-in-section="24" sentence-num-in-table="23" xml:id="C16.S1.p2.t1.s23">
<Math mode="inline" xml:id="C16.S1.p2.t1.r12.m2">z\ifrac{\mathrm{d}}{\mathrm{d}z}</Math>.
</sentence>

</para>

 
<para xml:id="C16.S1.p3">

<sentence sentence-num-in-para="1" sentence-num-in-section="25" xml:id="C16.S1.p3.s1">
The main functions treated in this chapter are the generalized hypergeometric function <Math mode="inline" xml:id="C16.S1.p3.m1">{{}_{p}F_{q}}\left({a_{1},\dots,a_{p}\atop b_{1},\dots,b_{q}};z\right)</Math> , the Appell (two-variable hypergeometric) functions <Math mode="inline" xml:id="C16.S1.p3.m2">{F_{1}}\left(\alpha;\beta,\beta^{\prime};\gamma;x,y\right)</Math> , <Math mode="inline" xml:id="C16.S1.p3.m3">{F_{2}}\left(\alpha;\beta,\beta^{\prime};\gamma,\gamma^{\prime};x,y\right)</Math> , <Math mode="inline" xml:id="C16.S1.p3.m4">{F_{3}}\left(\alpha,\alpha^{\prime};\beta,\beta^{\prime};\gamma;x,y\right)</Math> , <Math mode="inline" xml:id="C16.S1.p3.m5">{F_{4}}\left(\alpha,\beta;\gamma,\gamma^{\prime};x,y\right)</Math> , and the Meijer <Math mode="inline" xml:id="C16.S1.p3.m6">G</Math> -function <Math mode="inline" xml:id="C16.S1.p3.m7">{G^{m,n}_{p,q}}\left(z;{a_{1},\dots,a_{p}\atop b_{1},\dots,b_{q}}\right)</Math>.
</sentence>

<sentence sentence-num-in-para="2" sentence-num-in-section="26" xml:id="C16.S1.p3.s2">
Alternative notations are <Math mode="inline" xml:id="C16.S1.p3.m8">{{}_{p}F_{q}}\left({\mathbf{a}\atop\mathbf{b}};z\right)</Math> , <Math mode="inline" xml:id="C16.S1.p3.m9">{{}_{p}F_{q}}\left(a_{1},\dots,a_{p};b_{1},\dots,b_{q};z\right)</Math> , and <Math mode="inline" xml:id="C16.S1.p3.m10">{{}_{p}F_{q}}\left(\mathbf{a};\mathbf{b};z\right)</Math> for the generalized hypergeometric function, <Math mode="inline" xml:id="C16.S1.p3.m11">F_{1}(\alpha,\beta,\beta^{\prime};\gamma;x,y)</Math> , <Math mode="inline" xml:id="C16.S1.p3.m12">F_{2}(\alpha,\beta,\beta^{\prime};\gamma,\gamma^{\prime};x,y)</Math> , <Math mode="inline" xml:id="C16.S1.p3.m13">F_{3}(\alpha,\alpha^{\prime},\beta,\beta^{\prime};\gamma;x,y)</Math> , <Math mode="inline" xml:id="C16.S1.p3.m14">F_{4}(\alpha,\beta;\gamma,\gamma^{\prime};x,y)</Math> , for the Appell functions, and <Math mode="inline" xml:id="C16.S1.p3.m15">{G^{m,n}_{p,q}}\left(z;\mathbf{a};\mathbf{b}\right)</Math> for the Meijer <Math mode="inline" xml:id="C16.S1.p3.m16">G</Math> -function.
</sentence>

</para>

 
</section>
