<?xml version="1.0" encoding="UTF-8"?>
<section xml:id="C16.S19">
<title>Identities</title>          
<para xml:id="C16.S19.p1">

<sentence sentence-num-in-para="1" sentence-num-in-section="1" xml:id="C16.S19.p1.s1">
 <Math equation-number="16.19.1" mode="display" xml:id="C16.S19.E1">{G^{m,n}_{p,q}}\left(\frac{1}{z};{a_{1},\dots,a_{p}\atop b_{1},\dots,b_{q}} \right)={G^{n,m}_{q,p}}\left(z;{1-b_{1},\dots,1-b_{q}\atop 1-a_{1},\dots,1-a_{ p}}\right),</Math> , <Math equation-number="16.19.2" mode="display" xml:id="C16.S19.E2">z^{\mu}{G^{m,n}_{p,q}}\left(z;{a_{1},\dots,a_{p}\atop b_{1},\dots,b_{q}}\right )={G^{m,n}_{p,q}}\left(z;{a_{1}+\mu,\dots,a_{p}+\mu\atop b_{1}+\mu,\dots,b_{q} +\mu}\right),</Math> , <Math equation-number="16.19.3" mode="display" xml:id="C16.S19.E3">{G^{m,n+1}_{p+1,q+1}}\left(z;{a_{0},\dots,a_{p}\atop b_{1},\dots,b_{q},a_{0}} \right)={G^{m,n}_{p,q}}\left(z;{a_{1},\dots,a_{p}\atop b_{1},\dots,b_{q}} \right),</Math> <Math equation-number="16.19.4" mode="display" xml:id="C16.S19.E4">{G^{m,n}_{p,q}}\left(z;{a_{1},\dots,a_{p}\atop b_{1},\dots,b_{q}}\right)=\frac {2^{p+1+b_{1}+\dots+b_{q}-m-n-a_{1}-\dots-a_{p}}}{\pi^{m+n-\frac{1}{2}(p+q)}}{ G^{2m,2n}_{2p,2q}}\left(2^{2p-2q}z^{2};{\frac{1}{2}a_{1},\frac{1}{2}a_{1}+ \frac{1}{2},\dots,\frac{1}{2}a_{p},\frac{1}{2}a_{p}+\frac{1}{2}\atop\frac{1}{2 }b_{1},\frac{1}{2}b_{1}+\frac{1}{2},\dots,\frac{1}{2}b_{q},\frac{1}{2}b_{q}+ \frac{1}{2}}\right),</Math> <Math equation-number="16.19.5" mode="display" xml:id="C16.S19.E5">\vartheta{G^{m,n}_{p,q}}\left(z;{a_{1},\dots,a_{p}\atop b_{1},\dots,b_{q}} \right)={G^{m,n}_{p,q}}\left(z;{a_{1}-1,a_{2},\dots,a_{p}\atop b_{1},\dots,b_{ q}}\right)+(a_{1}-1){G^{m,n}_{p,q}}\left(z;{a_{1},\dots,a_{p}\atop b_{1},\dots ,b_{q}}\right),</Math> <Math equation-number="16.19.6" mode="display" xml:id="C16.S19.E6">\int_{0}^{1}t^{-a_{0}}(1-t)^{a_{0}-b_{q+1}-1}{G^{m,n}_{p,q}}\left(zt;{a_{1}, \dots,a_{p}\atop b_{1},\dots,b_{q}}\right)\mathrm{d}t=\Gamma\left(a_{0}-b_{q+1 }\right){G^{m,n+1}_{p+1,q+1}}\left(z;{a_{0},\dots,a_{p}\atop b_{1},\dots,b_{q+ 1}}\right),</Math> where again <Math mode="inline" xml:id="C16.S19.p1.m1">\vartheta=z\ifrac{\mathrm{d}}{\mathrm{d}z}</Math>.
</sentence>

<sentence sentence-num-in-para="2" sentence-num-in-section="2" xml:id="C16.S19.p1.s2">
For conditions for (16.19.6) see Luke (1969a, Chapter 5).
</sentence>

<sentence sentence-num-in-para="3" sentence-num-in-section="3" xml:id="C16.S19.p1.s3">
This reference andMathai (1993, §§2.2 and 2.4) also supply additional identities.
</sentence>

</para>
 
</section>
