<?xml version="1.0" encoding="UTF-8"?>
<section xml:id="C16.S14">
<title>Partial Differential Equations</title>         
<subsection xml:id="C16.S14.SS1">
<title>Appell Functions</title>         
 
<para xml:id="C16.S14.SS1.p1">

<sentence sentence-num-in-para="1" sentence-num-in-section="1" xml:id="C16.S14.SS1.p1.s1">
 <Math equation-number="16.14.1" mode="display" xml:id="C16.S14.E1">x(1-x)\frac{{\partial}^{2}{F_{1}}}{{\partial x}^{2}}+y(1-x)\frac{{\partial}^{2 }{F_{1}}}{\partial x\partial y}+\left(\gamma-(\alpha+\beta+1)x\right)\frac{ \partial{F_{1}}}{\partial x}-\beta y\frac{\partial{F_{1}}}{\partial y}-\alpha \beta{F_{1}}=0,y(1-y)\frac{{\partial}^{2}{F_{1}}}{{\partial y}^{2}}+x(1-y)\frac{{\partial}^{2 }{F_{1}}}{\partial x\partial y}+\left(\gamma-(\alpha+\beta^{\prime}+1)y\right) \frac{\partial{F_{1}}}{\partial y}-\beta^{\prime}x\frac{\partial{F_{1}}}{ \partial x}-\alpha\beta^{\prime}{F_{1}}=0,</Math> <Math equation-number="16.14.2" mode="display" xml:id="C16.S14.E2">x(1-x)\frac{{\partial}^{2}{F_{2}}}{{\partial x}^{2}}-xy\frac{{\partial}^{2}{F_ {2}}}{\partial x\partial y}+\left(\gamma-(\alpha+\beta+1)x\right)\frac{ \partial{F_{2}}}{\partial x}-\beta y\frac{\partial{F_{2}}}{\partial y}-\alpha \beta{F_{2}}=0,y(1-y)\frac{{\partial}^{2}{F_{2}}}{{\partial y}^{2}}-xy\frac{{\partial}^{2}{F_ {2}}}{\partial x\partial y}+\left(\gamma^{\prime}-(\alpha+\beta^{\prime}+1)y \right)\frac{\partial{F_{2}}}{\partial y}-\beta^{\prime}x\frac{\partial{F_{2}} }{\partial x}-\alpha\beta^{\prime}{F_{2}}=0,</Math> <Math equation-number="16.14.3" mode="display" xml:id="C16.S14.E3">x(1-x)\frac{{\partial}^{2}{F_{3}}}{{\partial x}^{2}}+y\frac{{\partial}^{2}{F_{ 3}}}{\partial x\partial y}+\left(\gamma-(\alpha+\beta+1)x\right)\frac{\partial {F_{3}}}{\partial x}-\alpha\beta{F_{3}}=0,y(1-y)\frac{{\partial}^{2}{F_{3}}}{{\partial y}^{2}}+x\frac{{\partial}^{2}{F_{ 3}}}{\partial x\partial y}+\left(\gamma-(\alpha^{\prime}+\beta^{\prime}+1)y \right)\frac{\partial{F_{3}}}{\partial y}-\alpha^{\prime}\beta^{\prime}{F_{3}} =0,</Math> <Math equation-number="16.14.4" mode="display" xml:id="C16.S14.E4">x(1-x)\frac{{\partial}^{2}{F_{4}}}{{\partial x}^{2}}-2xy\frac{{\partial}^{2}{F _{4}}}{\partial x\partial y}-y^{2}\frac{{\partial}^{2}{F_{4}}}{{\partial y}^{2 }}+\left(\gamma-(\alpha+\beta+1)x\right)\frac{\partial{F_{4}}}{\partial x}-( \alpha+\beta+1)y\frac{\partial{F_{4}}}{\partial y}-\alpha\beta{F_{4}}=0,y(1-y)\frac{{\partial}^{2}{F_{4}}}{{\partial y}^{2}}-2xy\frac{{\partial}^{2}{F _{4}}}{\partial x\partial y}-x^{2}\frac{{\partial}^{2}{F_{4}}}{{\partial x}^{2 }}+\left(\gamma^{\prime}-(\alpha+\beta+1)y\right)\frac{\partial{F_{4}}}{ \partial y}-(\alpha+\beta+1)x\frac{\partial{F_{4}}}{\partial x}-\alpha\beta{F_ {4}}=0</Math>.
</sentence>

</para>
 
</subsection>
 
<subsection xml:id="C16.S14.SS2">
<title>Other Functions</title>        
 
<para xml:id="C16.S14.SS2.p1">

<sentence sentence-num-in-para="1" sentence-num-in-section="2" xml:id="C16.S14.SS2.p1.s1">
In addition to the four Appell functions there are <Math mode="inline" xml:id="C16.S14.SS2.p1.m1">24</Math> other sums of double series that cannot be expressed as a product of two <Math mode="inline" xml:id="C16.S14.SS2.p1.m2">{{}_{2}F_{1}}</Math> functions, and which satisfy pairs of linear partial differential equations of the second order.
</sentence>

<sentence sentence-num-in-para="2" sentence-num-in-section="3" xml:id="C16.S14.SS2.p1.s2">
Two examples are provided by <Math equation-number="16.14.5" mode="display" xml:id="C16.S14.E5">G_{2}(\alpha,\alpha^{\prime};\beta,\beta^{\prime};x,y)=\sum_{m,n=0}^{\infty} \frac{\Gamma\left(\alpha+m\right)\Gamma\left(\alpha^{\prime}+n\right)\Gamma \left(\beta+n-m\right)\Gamma\left(\beta^{\prime}+m-n\right)}{\Gamma\left( \alpha\right)\Gamma\left(\alpha^{\prime}\right)\Gamma\left(\beta\right)\Gamma \left(\beta^{\prime}\right)}\frac{x^{m}y^{n}}{m!n!}, if |x|&lt;1, |y|&lt;1,</Math> , <Math equation-number="16.14.6" mode="display" xml:id="C16.S14.E6">G_{3}(\alpha,\alpha^{\prime};x,y)=\sum_{m,n=0}^{\infty}\frac{\Gamma\left( \alpha+2n-m\right)\Gamma\left(\alpha^{\prime}+2m-n\right)}{\Gamma\left(\alpha \right)\Gamma\left(\alpha^{\prime}\right)}\frac{x^{m}y^{n}}{m!n!}, if |x|+|y|&lt;\frac{1}{4}</Math>.
</sentence>

<sentence sentence-num-in-para="3" sentence-num-in-section="4" xml:id="C16.S14.SS2.p1.s3">
(The region of convergence <Math mode="inline" xml:id="C16.S14.SS2.p1.m3">|x|+|y|&lt;\frac{1}{4}</Math> is not quite maximal.)SeeErdélyi et al. (1953a, §§5.7.1–5.7.2) for further information.
</sentence>

</para>
 
</subsection>
 
</section>
