<?xml version="1.0" encoding="UTF-8"?>
<section xml:id="C16.S12">
<title>Products</title>          
<para xml:id="C16.S12.p1">

<sentence sentence-num-in-para="1" sentence-num-in-section="1" xml:id="C16.S12.p1.s1">
 <Math equation-number="16.12.1" mode="display" xml:id="C16.S12.E1">{{}_{0}F_{1}}\left(-;a;z\right){{}_{0}F_{1}}\left(-;b;z\right)={{}_{2}F_{3}} \left({\frac{1}{2}(a+b),\frac{1}{2}(a+b-1)\atop a,b,a+b-1};4z\right)</Math>.
</sentence>

<sentence sentence-num-in-para="2" sentence-num-in-section="2" xml:id="C16.S12.p1.s2">
<Math equation-number="16.12.2" mode="display" xml:id="C16.S12.E2">\left({{}_{2}F_{1}}\left({a,b\atop a+b+\frac{1}{2}};z\right)\right)^{2}={{}_{3 }F_{2}}\left({2a,2b,a+b\atop a+b+\frac{1}{2},2a+2b};z\right)</Math>.
</sentence>

<sentence sentence-num-in-para="3" sentence-num-in-section="3" xml:id="C16.S12.p1.s3">
More generally, <Math equation-number="16.12.3" mode="display" xml:id="C16.S12.E3">\left({{}_{2}F_{1}}\left({a,b\atop c};z\right)\right)^{2}=\sum_{k=0}^{\infty} \frac{{\left(2a\right)_{k}}{\left(2b\right)_{k}}{\left(c-\frac{1}{2}\right)_{k }}}{{\left(c\right)_{k}}{\left(2c-1\right)_{k}}k!}{{}_{4}F_{3}}\left({-\frac{1 }{2}k,\frac{1}{2}(1-k),a+b-c+\frac{1}{2},\frac{1}{2}\atop a+\frac{1}{2},b+ \frac{1}{2},\frac{3}{2}-k-c};1\right)z^{k}, if |z|&lt;1</Math>.
</sentence>

</para>
 
<para xml:id="C16.S12.p2">

<sentence sentence-num-in-para="1" sentence-num-in-section="4" xml:id="C16.S12.p2.s1">
For further identities see Goursat (1883) andErdélyi et al. (1953a, §4.3).
</sentence>

</para>
 
</section>
