<?xml version="1.0" encoding="UTF-8"?>
<section xml:id="C16.S18">
<title>Special Cases</title>        
   
<para xml:id="C16.S18.p1">

<sentence sentence-num-in-para="1" sentence-num-in-section="1" xml:id="C16.S18.p1.s1">
The <Math mode="inline" xml:id="C16.S18.p1.m1">{{}_{1}F_{1}}</Math> and <Math mode="inline" xml:id="C16.S18.p1.m2">{{}_{2}F_{1}}</Math> functions introduced in Chapters13 and 15, as well as the more general <Math mode="inline" xml:id="C16.S18.p1.m3">{{}_{p}F_{q}}</Math> functions introduced in the present chapter, are all special cases of the Meijer <Math mode="inline" xml:id="C16.S18.p1.m4">G</Math> -function.
</sentence>

<sentence sentence-num-in-para="2" sentence-num-in-section="2" xml:id="C16.S18.p1.s2">
This is a consequence of the following relations: <Math equation-number="16.18.1" mode="display" xml:id="C16.S18.E1">{{}_{p}F_{q}}\left({a_{1},\dots,a_{p}\atop b_{1},\dots,b_{q}};z\right)=\left({ \textstyle\ifrac{\prod\limits_{k=1}^{q}\Gamma\left(b_{k}\right)}{\prod\limits_ {k=1}^{p}\Gamma\left(a_{k}\right)}}\right){G^{1,p}_{p,q+1}}\left(-z;{1-a_{1}, \dots,1-a_{p}\atop 0,1-b_{1},\dots,1-b_{q}}\right)=\left({\textstyle\ifrac{ \prod\limits_{k=1}^{q}\Gamma\left(b_{k}\right)}{\prod\limits_{k=1}^{p}\Gamma \left(a_{k}\right)}}\right){G^{p,1}_{q+1,p}}\left(-\frac{1}{z};{1,b_{1},\dots, b_{q}\atop a_{1},\dots,a_{p}}\right)</Math>.
</sentence>

<sentence sentence-num-in-para="3" sentence-num-in-section="3" xml:id="C16.S18.p1.s3">
As a corollary, special cases of the <Math mode="inline" xml:id="C16.S18.p1.m5">{{}_{1}F_{1}}</Math> and <Math mode="inline" xml:id="C16.S18.p1.m6">{{}_{2}F_{1}}</Math> functions, including Airy functions, Bessel functions, parabolic cylinderfunctions, Ferrers functions, associated Legendre functions, and many orthogonal polynomials, are all special cases of the Meijer <Math mode="inline" xml:id="C16.S18.p1.m7">G</Math> -function.
</sentence>

<sentence sentence-num-in-para="4" sentence-num-in-section="4" xml:id="C16.S18.p1.s4">
Representations of special functions in terms of the Meijer <Math mode="inline" xml:id="C16.S18.p1.m8">G</Math> -function are given inErdélyi et al. (1953a, §5.6), Luke (1969a, §§6.4–6.5),andMathai (1993, §3.10).
</sentence>

</para>
 
</section>
