<?xml version="1.0" encoding="UTF-8"?>
<section xml:id="C16.S13">
<title>Appell Functions</title>            
 
<para xml:id="C16.S13.p1">

<sentence sentence-num-in-para="1" sentence-num-in-section="1" xml:id="C16.S13.p1.s1">
The following four functions of two real or complex variables <Math mode="inline" xml:id="C16.S13.p1.m1">x</Math> and <Math mode="inline" xml:id="C16.S13.p1.m2">y</Math> cannot be expressed as a product of two <Math mode="inline" xml:id="C16.S13.p1.m3">{{}_{2}F_{1}}</Math> functions, in general, but they satisfy partial differential equations that resemble the hypergeometric differential equation (15.10.1):
</sentence>

<sentence sentence-num-in-para="2" sentence-num-in-section="2" xml:id="C16.S13.p1.s2">
<Math equation-number="16.13.1" mode="display" xml:id="C16.S13.E1">{F_{1}}\left(\alpha;\beta,\beta^{\prime};\gamma;x,y\right)=\sum_{m,n=0}^{ \infty}\frac{{\left(\alpha\right)_{m+n}}{\left(\beta\right)_{m}}{\left(\beta^{ \prime}\right)_{n}}}{{\left(\gamma\right)_{m+n}}m!n!}x^{m}y^{n}, if \max\left(|x|,|y|\right)&lt;1,</Math> , <Math equation-number="16.13.2" mode="display" xml:id="C16.S13.E2">{F_{2}}\left(\alpha;\beta,\beta^{\prime};\gamma,\gamma^{\prime};x,y\right)= \sum_{m,n=0}^{\infty}\frac{{\left(\alpha\right)_{m+n}}{\left(\beta\right)_{m}} {\left(\beta^{\prime}\right)_{n}}}{{\left(\gamma\right)_{m}}{\left(\gamma^{ \prime}\right)_{n}}m!n!}x^{m}y^{n}, if |x|+|y|&lt;1,</Math> , <Math equation-number="16.13.3" mode="display" xml:id="C16.S13.E3">{F_{3}}\left(\alpha,\alpha^{\prime};\beta,\beta^{\prime};\gamma;x,y\right)= \sum_{m,n=0}^{\infty}\frac{{\left(\alpha\right)_{m}}{\left(\alpha^{\prime} \right)_{n}}{\left(\beta\right)_{m}}{\left(\beta^{\prime}\right)_{n}}}{{\left( \gamma\right)_{m+n}}m!n!}x^{m}y^{n}, if \max\left(|x|,|y|\right)&lt;1,</Math> , <Math equation-number="16.13.4" mode="display" xml:id="C16.S13.E4">{F_{4}}\left(\alpha,\beta;\gamma,\gamma^{\prime};x,y\right)=\sum_{m,n=0}^{ \infty}\frac{{\left(\alpha\right)_{m+n}}{\left(\beta\right)_{m+n}}}{{\left( \gamma\right)_{m}}{\left(\gamma^{\prime}\right)_{n}}m!n!}x^{m}y^{n}, if \sqrt{|x|}+\sqrt{|y|}&lt;1</Math>.
</sentence>

<sentence sentence-num-in-para="3" sentence-num-in-section="3" xml:id="C16.S13.p1.s3">
Here and elsewhere it is assumed that neither of the bottom parameters <Math mode="inline" xml:id="C16.S13.p1.m4">\gamma</Math> and <Math mode="inline" xml:id="C16.S13.p1.m5">\gamma^{\prime}</Math> is a nonpositive integer.
</sentence>

</para>
 
<para xml:id="C16.S13.p2">

<sentence sentence-num-in-para="1" sentence-num-in-section="4" xml:id="C16.S13.p2.s1">
For large parameter asymptotics see López et al. (2013a, b), and Ferreira et al. (2013a, b).
</sentence>

</para>
 
</section>
