<?xml version="1.0" encoding="UTF-8"?>
<section xml:id="C16.S21">
<title>Differential Equation</title>             
<para xml:id="C16.S21.p1">

<sentence sentence-num-in-para="1" sentence-num-in-section="1" xml:id="C16.S21.p1.s1">
 <Math mode="inline" xml:id="C16.S21.p1.m1">w={G^{m,n}_{p,q}}\left(z;\mathbf{a};\mathbf{b}\right)</Math> satisfies the differential equation <Math equation-number="16.21.1" mode="display" xml:id="C16.S21.E1">\left((-1)^{p-m-n}z(\vartheta-a_{1}+1)\cdots(\vartheta-a_{p}+1)-(\vartheta-b_{ 1})\cdots(\vartheta-b_{q})\right)w=0,</Math> where again <Math mode="inline" xml:id="C16.S21.p1.m2">\vartheta=z\ifrac{\mathrm{d}}{\mathrm{d}z}</Math>.
</sentence>

<sentence sentence-num-in-para="2" sentence-num-in-section="2" xml:id="C16.S21.p1.s2">
This equation is of order <Math mode="inline" xml:id="C16.S21.p1.m3">\max(p,q)</Math>.
</sentence>

<sentence sentence-num-in-para="3" sentence-num-in-section="3" xml:id="C16.S21.p1.s3">
In consequence of (16.19.1) we may assume, without loss of generality, that <Math mode="inline" xml:id="C16.S21.p1.m4">p\leq q</Math>.
</sentence>

<sentence sentence-num-in-para="4" sentence-num-in-section="4" xml:id="C16.S21.p1.s4">
With the classification of §16.8(i), when <Math mode="inline" xml:id="C16.S21.p1.m5">p&lt;q</Math> the only singularities of (16.21.1) are a regular singularity at <Math mode="inline" xml:id="C16.S21.p1.m6">z=0</Math> and an irregular singularity at <Math mode="inline" xml:id="C16.S21.p1.m7">z=\infty</Math>.
</sentence>

<sentence sentence-num-in-para="5" sentence-num-in-section="5" xml:id="C16.S21.p1.s5">
When <Math mode="inline" xml:id="C16.S21.p1.m8">p=q</Math> the only singularities of (16.21.1) are regular singularities at <Math mode="inline" xml:id="C16.S21.p1.m9">z=0</Math> , <Math mode="inline" xml:id="C16.S21.p1.m10">(-1)^{p-m-n}</Math> , and <Math mode="inline" xml:id="C16.S21.p1.m11">\infty</Math>.
</sentence>

</para>
 
<para xml:id="C16.S21.p2">

<sentence sentence-num-in-para="1" sentence-num-in-section="6" xml:id="C16.S21.p2.s1">
A fundamental set of solutions of (16.21.1) is given by <Math equation-number="16.21.2" mode="display" xml:id="C16.S21.E2">{G^{1,p}_{p,q}}\left(z{\mathrm{e}^{(p-m-n-1)\pi\mathrm{i}}};{a_{1},\dots,a_{p} \atop b_{j},b_{1},\dots,b_{j-1},b_{j+1},\dots,b_{q}}\right), if j=1,\dots,q</Math>.
</sentence>

<sentence sentence-num-in-para="2" sentence-num-in-section="7" xml:id="C16.S21.p2.s2">
For other fundamental sets see Erdélyi et al. (1953a, §5.4) andMarichev (1984).
</sentence>

</para>
 
</section>
