<?xml version="1.0" encoding="UTF-8"?>
<section xml:id="C16.S22">
<title>Asymptotic Expansions</title>        
  
<para xml:id="C16.S22.p1">

<sentence sentence-num-in-para="1" sentence-num-in-section="1" xml:id="C16.S22.p1.s1">
Asymptotic expansions of <Math mode="inline" xml:id="C16.S22.p1.m1">{G^{m,n}_{p,q}}\left(z;\mathbf{a};\mathbf{b}\right)</Math> for large <Math mode="inline" xml:id="C16.S22.p1.m2">z</Math> are given in Luke (1969a, §§5.7 and 5.10) andLuke (1975, §5.9).
</sentence>

<sentence sentence-num-in-para="2" sentence-num-in-section="2" xml:id="C16.S22.p1.s2">
For asymptotic expansions of Meijer <Math mode="inline" xml:id="C16.S22.p1.m3">G</Math> -functions with large parameters see Fields (1973, 1983).
</sentence>

</para>
  
</section>
