<?xml version="1.0" encoding="UTF-8"?>
<section xml:id="C16.S26">
<title>Approximations</title>           
<para xml:id="C16.S26.p1">

<sentence sentence-num-in-para="1" sentence-num-in-section="1" xml:id="C16.S26.p1.s1">
For discussions of the approximation of generalized hypergeometric functions and the Meijer <Math mode="inline" xml:id="C16.S26.p1.m1">G</Math> -function in terms of polynomials, rational functions, and Chebyshev polynomials see Luke (1975, §§5.12 - 5.13) andLuke (1977b, Chapters 1 and 9).
</sentence>

</para>
 
</section>
