<?xml version="1.0" encoding="UTF-8"?>
<section xml:id="C16.S20">
<title>Integrals and Series</title>          
<para xml:id="C16.S20.p1">

<sentence sentence-num-in-para="1" sentence-num-in-section="1" xml:id="C16.S20.p1.s1">
Integrals of the Meijer <Math mode="inline" xml:id="C16.S20.p1.m1">G</Math> -function are given inApelblat (1983, §19), Erdélyi et al. (1953a, §5.5.2),Erdélyi et al. (1954a, §§6.9 and 7.5), Luke (1969a, §3.6),Luke (1975, §5.6), Mathai (1993, §3.10), andPrudnikov et al. (1990, §2.24).
</sentence>

<sentence sentence-num-in-para="2" sentence-num-in-section="2" xml:id="C16.S20.p1.s2">
Extensive lists of Laplace transforms and inverse Laplace transforms of the Meijer <Math mode="inline" xml:id="C16.S20.p1.m2">G</Math> -function are given inPrudnikov et al. (1992a, §3.40) and Prudnikov et al. (1992b, §3.38).
</sentence>

</para>
 
<para xml:id="C16.S20.p2">

<sentence sentence-num-in-para="1" sentence-num-in-section="3" xml:id="C16.S20.p2.s1">
Series of the Meijer <Math mode="inline" xml:id="C16.S20.p2.m1">G</Math> -function are given inErdélyi et al. (1953a, §5.5.1),Luke (1975, §5.8), andPrudnikov et al. (1990, §6.11).
</sentence>

</para>
 
</section>
