<?xml version="1.0" encoding="UTF-8"?>
<section xml:id="C16.S25">
<title>Methods of Computation</title>          
<para xml:id="C16.S25.p1">

<sentence sentence-num-in-para="1" sentence-num-in-section="1" xml:id="C16.S25.p1.s1">
Methods for computing the functions of the present chapter include power series, asymptotic expansions, integral representations, differential equations, and recurrence relations.
</sentence>

<sentence sentence-num-in-para="2" sentence-num-in-section="2" xml:id="C16.S25.p1.s2">
They are similar to those described for confluent hypergeometric functions, and hypergeometric functions in §§13.29 and 15.19.
</sentence>

<sentence sentence-num-in-para="3" sentence-num-in-section="3" xml:id="C16.S25.p1.s3">
There is, however, an added feature in the numerical solution of differential equations and difference equations (recurrence relations).
</sentence>

<sentence sentence-num-in-para="4" sentence-num-in-section="4" xml:id="C16.S25.p1.s4">
This occurs when the wanted solution is intermediate in asymptotic growth compared with other solutions.
</sentence>

<sentence sentence-num-in-para="5" sentence-num-in-section="5" xml:id="C16.S25.p1.s5">
In these cases integration, or recurrence, in either a forward or a backward direction is unstable.
</sentence>

<sentence sentence-num-in-para="6" sentence-num-in-section="6" xml:id="C16.S25.p1.s6">
Instead a boundary-value problem needs to be formulated and solved. See §§3.6(vii), 3.7(iii),Olde Daalhuis and Olver (1998), Lozier (1980), andWimp (1984, Chapters 7, 8).
</sentence>

</para>

 
</section>
