<?xml version="1.0" encoding="UTF-8"?>
<section xml:id="C16.S24">
<title>Physical Applications</title>           
<subsection xml:id="C16.S24.SS1">
<title>Random Walks</title>               
<para xml:id="C16.S24.SS1.p1">

<sentence sentence-num-in-para="1" sentence-num-in-section="1" xml:id="C16.S24.SS1.p1.s1">
Generalized hypergeometric functions and Appell functions appear in the evaluation of the so-called Watson integrals which characterize the simplest possible lattice walks.
</sentence>

<sentence sentence-num-in-para="2" sentence-num-in-section="2" xml:id="C16.S24.SS1.p1.s2">
They are also potentially useful for the solution of more complicated restricted lattice walk problems, and the 3D Ising model; see Barber and Ninham (1970, pp. 147–148).
</sentence>

</para>

 
</subsection>
 
<subsection xml:id="C16.S24.SS2">
<title>Loop Integrals in Feynman Diagrams</title>         
 
<para xml:id="C16.S24.SS2.p1">

<sentence sentence-num-in-para="1" sentence-num-in-section="3" xml:id="C16.S24.SS2.p1.s1">
Appell functions are used for the evaluation of one-loop integrals in Feynman diagrams.
</sentence>

<sentence sentence-num-in-para="2" sentence-num-in-section="4" xml:id="C16.S24.SS2.p1.s2">
See Cabral-Rosetti and Sanchis-Lozano (2000).
</sentence>

</para>
 
<para xml:id="C16.S24.SS2.p2">

<sentence sentence-num-in-para="1" sentence-num-in-section="5" xml:id="C16.S24.SS2.p2.s1">
For an extension to two-loop integrals see Moch et al. (2002).
</sentence>

</para>
 
</subsection>
 
<subsection xml:id="C16.S24.SS3">
<title><Math mode="inline" xml:id="C16.S24.SS3.m1">\mathit{3j}</Math>, <Math mode="inline" xml:id="C16.S24.SS3.m2">\mathit{6j}</Math>, and <Math mode="inline" xml:id="C16.S24.SS3.m3">\mathit{9j}</Math> Symbols</title>             
<para xml:id="C16.S24.SS3.p1">

<sentence sentence-num-in-para="1" sentence-num-in-section="6" xml:id="C16.S24.SS3.p1.s1">
The <Math mode="inline" xml:id="C16.S24.SS3.p1.m1">\mathit{3j}</Math> symbols, or Clebsch–Gordan coefficients, play an important role in the decomposition of reducible representations of the rotation group into irreducible representations.
</sentence>

<sentence sentence-num-in-para="2" sentence-num-in-section="7" xml:id="C16.S24.SS3.p1.s2">
They can be expressed as <Math mode="inline" xml:id="C16.S24.SS3.p1.m2">{{}_{3}F_{2}}</Math> functions with unit argument.
</sentence>

<sentence sentence-num-in-para="3" sentence-num-in-section="8" xml:id="C16.S24.SS3.p1.s3">
The coefficients of transformations between different coupling schemes of three angular momenta are related to the Wigner <Math mode="inline" xml:id="C16.S24.SS3.p1.m3">\mathit{6j}</Math> symbols.
</sentence>

<sentence sentence-num-in-para="4" sentence-num-in-section="9" xml:id="C16.S24.SS3.p1.s4">
These are balanced <Math mode="inline" xml:id="C16.S24.SS3.p1.m4">{{}_{4}F_{3}}</Math> functions with unit argument.
</sentence>

<sentence sentence-num-in-para="5" sentence-num-in-section="10" xml:id="C16.S24.SS3.p1.s5">
Lastly, special cases of the <Math mode="inline" xml:id="C16.S24.SS3.p1.m5">\mathit{9j}</Math> symbols are <Math mode="inline" xml:id="C16.S24.SS3.p1.m6">{{}_{5}F_{4}}</Math> functionswith unit argument.
</sentence>

<sentence sentence-num-in-para="6" sentence-num-in-section="11" xml:id="C16.S24.SS3.p1.s6">
For further information see Chapter 34 andVarshalovich et al. (1988, §§8.2.5, 8.8, and 9.2.3).
</sentence>

</para>
 
</subsection>
 
</section>
