<?xml version="1.0" encoding="UTF-8"?>
<section xml:id="C16.S23">
<title>Mathematical Applications</title>          
<subsection xml:id="C16.S23.SS1">
<title>Differential Equations</title>        
 
<para xml:id="C16.S23.SS1.p1">

<sentence sentence-num-in-para="1" sentence-num-in-section="1" xml:id="C16.S23.SS1.p1.s1">
A variety of problems in classical mechanics and mathematical physics lead to Picard–Fuchs equations.
</sentence>

<sentence sentence-num-in-para="2" sentence-num-in-section="2" xml:id="C16.S23.SS1.p1.s2">
These equations are frequently solvable in terms of generalized hypergeometric functions, and the monodromy of generalized hypergeometric functions plays an important role in describing properties of the solutions.
</sentence>

<sentence sentence-num-in-para="3" sentence-num-in-section="3" xml:id="C16.S23.SS1.p1.s3">
See, for example, Berglund et al. (1994).
</sentence>

</para>
 
</subsection>
 
<subsection xml:id="C16.S23.SS2">
<title>Random Graphs</title>           
<para xml:id="C16.S23.SS2.p1">

<sentence sentence-num-in-para="1" sentence-num-in-section="4" xml:id="C16.S23.SS2.p1.s1">
A substantial transition occurs in a random graph of <Math mode="inline" xml:id="C16.S23.SS2.p1.m1">n</Math> vertices when the number of edges becomes approximately <Math mode="inline" xml:id="C16.S23.SS2.p1.m2">\frac{1}{2}n</Math>.
</sentence>

<sentence sentence-num-in-para="2" sentence-num-in-section="5" xml:id="C16.S23.SS2.p1.s2">
InJanson et al. (1993) limiting distributions are discussed for the sparse connected components of these graphs, and the asymptotics of three <Math mode="inline" xml:id="C16.S23.SS2.p1.m3">{{}_{2}F_{2}}</Math> functions are applied to compute the expected value of the excess.
</sentence>

</para>
 
</subsection>
 
<subsection xml:id="C16.S23.SS3">
<title>Conformal Mapping</title>        
   
<para xml:id="C16.S23.SS3.p1">

<sentence sentence-num-in-para="1" sentence-num-in-section="6" xml:id="C16.S23.SS3.p1.s1">
The Bieberbach conjecture states that if <Math mode="inline" xml:id="C16.S23.SS3.p1.m1">\sum_{n=0}^{\infty}a_{n}z^{n}</Math> is a conformal map of the unit disk to any complex domain, then <Math mode="inline" xml:id="C16.S23.SS3.p1.m2">|a_{n}|\leq n|a_{1}|</Math>.
</sentence>

<sentence sentence-num-in-para="2" sentence-num-in-section="7" xml:id="C16.S23.SS3.p1.s2">
In the proof of this conjecture de Branges (1985) uses the inequality <Math equation-number="16.23.1" mode="display" xml:id="C16.S23.E1">{{}_{3}F_{2}}\left({-n,n+\alpha+2,\frac{1}{2}(\alpha+1)\atop\alpha+1,\frac{1}{ 2}(\alpha+3)};x\right)&gt;0,</Math> when <Math mode="inline" xml:id="C16.S23.SS3.p1.m3">0\leq x&lt;1</Math> , <Math mode="inline" xml:id="C16.S23.SS3.p1.m4">\alpha&gt;-2</Math> , and <Math mode="inline" xml:id="C16.S23.SS3.p1.m5">n=0,1,2,\dots</Math>.
</sentence>

<sentence sentence-num-in-para="3" sentence-num-in-section="8" xml:id="C16.S23.SS3.p1.s3">
The proof of this inequality is given in Askey and Gasper (1976).
</sentence>

<sentence sentence-num-in-para="4" sentence-num-in-section="9" xml:id="C16.S23.SS3.p1.s4">
See alsoKazarinoff (1988).
</sentence>

</para>
 
</subsection>
 
<subsection xml:id="C16.S23.SS4">
<title>Combinatorics and Number Theory</title>          
 
<para xml:id="C16.S23.SS4.p1">

<sentence sentence-num-in-para="1" sentence-num-in-section="10" xml:id="C16.S23.SS4.p1.s1">
Many combinatorial identities, especially ones involving binomial and related coefficients, are special cases of hypergeometric identities.
</sentence>

<sentence sentence-num-in-para="2" sentence-num-in-section="11" xml:id="C16.S23.SS4.p1.s2">
InPetkovšek et al. (1996) tools are given for automated proofs of these identities.
</sentence>

</para>
 
</subsection>
 
</section>
