<?xml version="1.0" encoding="UTF-8"?>
<section xml:id="C16.S6">
<title>Transformations of Variable</title>        
  
<paragraph xml:id="C16.S6.Px1">
<title>Quadratic</title>    
<para xml:id="C16.S6.Px1.p1">

<sentence sentence-num-in-para="1" sentence-num-in-section="1" xml:id="C16.S6.Px1.p1.s1">
 <Math equation-number="16.6.1" mode="display" xml:id="C16.S6.E1">{{}_{3}F_{2}}\left({a,b,c\atop a-b+1,a-c+1};z\right)=(1-z)^{-a}{{}_{3}F_{2}} \left({a-b-c+1,\frac{1}{2}a,\frac{1}{2}(a+1)\atop a-b+1,a-c+1};\frac{-4z}{(1-z )^{2}}\right)</Math>.
</sentence>

</para>
 
</paragraph>
 
<paragraph xml:id="C16.S6.Px2">
<title>Cubic</title>   
 
<para xml:id="C16.S6.Px2.p1">

<sentence sentence-num-in-para="1" sentence-num-in-section="2" xml:id="C16.S6.Px2.p1.s1">
 <Math equation-number="16.6.2" mode="display" xml:id="C16.S6.E2">{{}_{3}F_{2}}\left({a,2b-a-1,2-2b+a\atop b,a-b+\frac{3}{2}};\frac{z}{4}\right) =(1-z)^{-a}{{}_{3}F_{2}}\left({\frac{1}{3}a,\frac{1}{3}a+\frac{1}{3},\frac{1}{ 3}a+\frac{2}{3}\atop b,a-b+\frac{3}{2}};\frac{-27z}{4(1-z)^{3}}\right)</Math>.
</sentence>

</para>
  
<para xml:id="C16.S6.Px2.p2">

<sentence sentence-num-in-para="1" sentence-num-in-section="3" xml:id="C16.S6.Px2.p2.s1">
For Kummer-type transformations of <Math mode="inline" xml:id="C16.S6.Px2.p2.m1">{{}_{2}F_{2}}</Math> functions seeMiller (2003) and Paris (2005a), and for further transformations see Erdélyi et al. (1953a, §4.5), Miller and Paris (2011), Choi and Rathie (2013) andWang and Rathie (2013).
</sentence>

</para>
 
</paragraph>
 
</section>
