<?xml version="1.0" encoding="UTF-8"?>
<section xml:id="C16.S9">
<title>Zeros</title>         
 
<para xml:id="C16.S9.p1">

<sentence sentence-num-in-para="1" sentence-num-in-section="1" xml:id="C16.S9.p1.s1">
Assume that <Math mode="inline" xml:id="C16.S9.p1.m1">p=q</Math> and none of the <Math mode="inline" xml:id="C16.S9.p1.m2">a_{j}</Math> is a nonpositive integer.
</sentence>

<sentence sentence-num-in-para="2" sentence-num-in-section="2" xml:id="C16.S9.p1.s2">
Then <Math mode="inline" xml:id="C16.S9.p1.m3">{{}_{p}F_{p}}\left(\mathbf{a};\mathbf{b};z\right)</Math> has at most finitely many zeros if and only if the <Math mode="inline" xml:id="C16.S9.p1.m4">a_{j}</Math> can be re-indexed for <Math mode="inline" xml:id="C16.S9.p1.m5">j=1,\dots,p</Math> in such a way that <Math mode="inline" xml:id="C16.S9.p1.m6">a_{j}-b_{j}</Math> is a nonnegative integer.
</sentence>

</para>
 
<para xml:id="C16.S9.p2">

<sentence sentence-num-in-para="1" sentence-num-in-section="3" xml:id="C16.S9.p2.s1">
Next, assume that <Math mode="inline" xml:id="C16.S9.p2.m1">p=q</Math> and that the <Math mode="inline" xml:id="C16.S9.p2.m2">a_{j}</Math> and the quotients <Math mode="inline" xml:id="C16.S9.p2.m3">{\left(\mathbf{a}\right)_{j}}/{\left(\mathbf{b}\right)_{j}}</Math> are all real.Then <Math mode="inline" xml:id="C16.S9.p2.m4">{{}_{p}F_{p}}\left(\mathbf{a};\mathbf{b};z\right)</Math> has at most finitely many real zeros.
</sentence>

</para>
 
<para xml:id="C16.S9.p3">

<sentence sentence-num-in-para="1" sentence-num-in-section="4" xml:id="C16.S9.p3.s1">
These results are proved in Ki and Kim (2000).
</sentence>

<sentence sentence-num-in-para="2" sentence-num-in-section="5" xml:id="C16.S9.p3.s2">
For further information on zeros see Hille (1929).
</sentence>

</para>
 
</section>
