{"expression":{"xml-id":"C11.S5.SS1.info.m1","tex":"$[0,1]$","context":{"chapter-title":"Struve and Related Functions","chapter-xmlid":"C11"}}}{"equation":{"symbols-used":[{"symbol":{"tex":"$\\Gamma\\left(\\NVar{z}\\right)$","meaning":"gamma function","idref":"C5.S2.E1","content-tex":"$\\EulerGamma@{\\NVar{z}}$"}},{"symbol":{"tex":"$\\mathbf{H}_{\\NVar{\\nu}}\\left(\\NVar{z}\\right)$","meaning":"Struve function","idref":"C11.S2.E1","content-tex":"$\\StruveH{\\NVar{\\nu}}@{\\NVar{z}}$"}},{"symbol":{"tex":"$\\pi$","meaning":"the ratio of the circumference of a circle to its diameter","idref":"C3.S12.E1","content-tex":"$\\cpi$"}},{"symbol":{"tex":"$\\cos\\NVar{z}$","meaning":"cosine function","idref":"C4.S14.E2","content-tex":"$\\cos@@{\\NVar{z}}$"}},{"symbol":{"tex":"$\\mathrm{d}\\NVar{x}$","meaning":"differential of $x$","idref":"C1.S4.SS4","content-tex":"$\\diff{\\NVar{x}}$"}},{"symbol":{"tex":"$\\int$","meaning":"integral","idref":"C1.S4.SS4"}},{"symbol":{"tex":"$\\Re$","meaning":"real part","idref":"C1.S9.E2","content-tex":"$\\realpart@@$"}},{"symbol":{"tex":"$\\sin\\NVar{z}$","meaning":"sine function","idref":"C4.S14.E1","content-tex":"$\\sin@@{\\NVar{z}}$"}},{"symbol":{"tex":"$z$","meaning":"complex variable","idref":"C11.S1.p1.t1.r2"}},{"symbol":{"tex":"$\\nu$","meaning":"real or complex order","idref":"C11.S1.p1.t1.r3"}}],"xml-id":"C11.S5.E1","tex":"$\\mathbf{H}_{\\nu}\\left(z\\right)=\\frac{2(\\tfrac{1}{2}z)^{\\nu}}{\\sqrt{\\pi}\\Gamma \\left(\\nu+\\tfrac{1}{2}\\right)}\\int_{0}^{1}(1-t^{2})^{\\nu-\\frac{1}{2}}\\sin\\left (zt\\right)\\mathrm{d}t=\\frac{2(\\tfrac{1}{2}z)^{\\nu}}{\\sqrt{\\pi}\\Gamma\\left(\\nu+ \\tfrac{1}{2}\\right)}\\int_{0}^{\\pi\/2}\\sin\\left(z\\cos\\theta\\right)(\\sin\\theta)^{ 2\\nu}\\mathrm{d}\\theta,$","context":{"sentence-num-in-corpus":"7678","subsection-xmlid":"C11.S5.SS1","sentence-xmlid":"C11.S5.SS1.p1.s1","chapter-title":"Struve and Related Functions","chapter-xmlid":"C11","section-title":"Integral Representations","sentence-num-in-chapter":"71","section-xmlid":"C11.S5","sentence-num-in-section":"1","para-num-of-sentences":"1","para-xmlid":"C11.S5.SS1.p1","subsection-title":"Integrals Along the Real Line"},"permalink":"http:\/\/dlmf.nist.gov\/11.5.E1","equation-number":"11.5.1","constraints":{"tex":"$\\Re\\nu>-\\tfrac{1}{2}$,","content-tex":"$\\realpart@@{\\nu}>-\\tfrac{1}{2}$,"},"content-tex":"$\\StruveH{\\nu}@{z}=\\frac{2(\\tfrac{1}{2}z)^{\\nu}}{\\sqrt{\\pi}\\EulerGamma@{\\nu+ \\tfrac{1}{2}}}\\int_{0}^{1}(1-t^{2})^{\\nu-\\frac{1}{2}}\\sin@{zt}\\diff{t}=\\frac{2 (\\tfrac{1}{2}z)^{\\nu}}{\\sqrt{\\pi}\\EulerGamma@{\\nu+\\tfrac{1}{2}}}\\int_{0}^{\\pi\/ 2}\\sin@{z\\cos@@{\\theta}}(\\sin@@{\\theta})^{2\\nu}\\diff{\\theta},$"}}{"equation":{"symbols-used":[{"symbol":{"tex":"$\\Gamma\\left(\\NVar{z}\\right)$","meaning":"gamma function","idref":"C5.S2.E1","content-tex":"$\\EulerGamma@{\\NVar{z}}$"}},{"symbol":{"tex":"$\\mathbf{K}_{\\NVar{\\nu}}\\left(\\NVar{z}\\right)$","meaning":"Struve function","idref":"C11.S2.E5","content-tex":"$\\StruveK{\\NVar{\\nu}}@{\\NVar{z}}$"}},{"symbol":{"tex":"$\\pi$","meaning":"the ratio of the circumference of a circle to its diameter","idref":"C3.S12.E1","content-tex":"$\\cpi$"}},{"symbol":{"tex":"$\\mathrm{d}\\NVar{x}$","meaning":"differential of $x$","idref":"C1.S4.SS4","content-tex":"$\\diff{\\NVar{x}}$"}},{"symbol":{"tex":"$\\mathrm{e}$","meaning":"base of natural logarithm","idref":"C4.S2.E11","content-tex":"$\\expe$"}},{"symbol":{"tex":"$\\int$","meaning":"integral","idref":"C1.S4.SS4"}},{"symbol":{"tex":"$\\Re$","meaning":"real part","idref":"C1.S9.E2","content-tex":"$\\realpart@@$"}},{"symbol":{"tex":"$z$","meaning":"complex variable","idref":"C11.S1.p1.t1.r2"}},{"symbol":{"tex":"$\\nu$","meaning":"real or complex order","idref":"C11.S1.p1.t1.r3"}}],"xml-id":"C11.S5.E2","tex":"$\\mathbf{K}_{\\nu}\\left(z\\right)=\\frac{2(\\tfrac{1}{2}z)^{\\nu}}{\\sqrt{\\pi}\\Gamma \\left(\\nu+\\tfrac{1}{2}\\right)}\\int_{0}^{\\infty}e^{-zt}(1+t^{2})^{\\nu-\\frac{1}{ 2}}\\mathrm{d}t,$","context":{"sentence-num-in-corpus":"7678","subsection-xmlid":"C11.S5.SS1","sentence-xmlid":"C11.S5.SS1.p1.s1","chapter-title":"Struve and Related Functions","chapter-xmlid":"C11","section-title":"Integral Representations","sentence-num-in-chapter":"71","section-xmlid":"C11.S5","sentence-num-in-section":"1","para-num-of-sentences":"1","para-xmlid":"C11.S5.SS1.p1","subsection-title":"Integrals Along the Real Line"},"permalink":"http:\/\/dlmf.nist.gov\/11.5.E2","equation-number":"11.5.2","constraints":{"tex":"$\\Re z>0$,","content-tex":"$\\realpart@@{z}>0$,"},"content-tex":"$\\StruveK{\\nu}@{z}=\\frac{2(\\tfrac{1}{2}z)^{\\nu}}{\\sqrt{\\pi}\\EulerGamma@{\\nu+ \\tfrac{1}{2}}}\\int_{0}^{\\infty}e^{-zt}(1+t^{2})^{\\nu-\\frac{1}{2}}\\diff{t},$"}}{"equation":{"symbols-used":[{"symbol":{"tex":"$\\mathbf{K}_{\\NVar{\\nu}}\\left(\\NVar{z}\\right)$","meaning":"Struve function","idref":"C11.S2.E5","content-tex":"$\\StruveK{\\NVar{\\nu}}@{\\NVar{z}}$"}},{"symbol":{"tex":"$\\pi$","meaning":"the ratio of the circumference of a circle to its diameter","idref":"C3.S12.E1","content-tex":"$\\cpi$"}},{"symbol":{"tex":"$\\mathrm{d}\\NVar{x}$","meaning":"differential of $x$","idref":"C1.S4.SS4","content-tex":"$\\diff{\\NVar{x}}$"}},{"symbol":{"tex":"$\\mathrm{e}$","meaning":"base of natural logarithm","idref":"C4.S2.E11","content-tex":"$\\expe$"}},{"symbol":{"tex":"$\\sinh\\NVar{z}$","meaning":"hyperbolic sine function","idref":"C4.S28.E1","content-tex":"$\\sinh@@{\\NVar{z}}$"}},{"symbol":{"tex":"$\\int$","meaning":"integral","idref":"C1.S4.SS4"}},{"symbol":{"tex":"$\\Re$","meaning":"real part","idref":"C1.S9.E2","content-tex":"$\\realpart@@$"}},{"symbol":{"tex":"$z$","meaning":"complex variable","idref":"C11.S1.p1.t1.r2"}}],"xml-id":"C11.S5.E3","tex":"$\\mathbf{K}_{0}\\left(z\\right)=\\frac{2}{\\pi}\\int_{0}^{\\infty}e^{-z\\sinh t} \\mathrm{d}t,$","context":{"sentence-num-in-corpus":"7679","subsection-xmlid":"C11.S5.SS1","sentence-xmlid":"C11.S5.SS1.p2.s1","chapter-title":"Struve and Related Functions","chapter-xmlid":"C11","section-title":"Integral Representations","sentence-num-in-chapter":"72","section-xmlid":"C11.S5","sentence-num-in-section":"2","para-num-of-sentences":"1","para-xmlid":"C11.S5.SS1.p2","subsection-title":"Integrals Along the Real Line"},"permalink":"http:\/\/dlmf.nist.gov\/11.5.E3","equation-number":"11.5.3","constraints":{"tex":"$\\Re z>0$,","content-tex":"$\\realpart@@{z}>0$,"},"content-tex":"$\\StruveK{0}@{z}=\\frac{2}{\\pi}\\int_{0}^{\\infty}e^{-z\\sinh@@{t}}\\diff{t},$"}}{"equation":{"symbols-used":[{"symbol":{"tex":"$\\Gamma\\left(\\NVar{z}\\right)$","meaning":"gamma function","idref":"C5.S2.E1","content-tex":"$\\EulerGamma@{\\NVar{z}}$"}},{"symbol":{"tex":"$\\mathbf{M}_{\\NVar{\\nu}}\\left(\\NVar{z}\\right)$","meaning":"modified Struve function","idref":"C11.S2.E6","content-tex":"$\\modStruveM{\\NVar{\\nu}}@{\\NVar{z}}$"}},{"symbol":{"tex":"$\\pi$","meaning":"the ratio of the circumference of a circle to its diameter","idref":"C3.S12.E1","content-tex":"$\\cpi$"}},{"symbol":{"tex":"$\\mathrm{d}\\NVar{x}$","meaning":"differential of $x$","idref":"C1.S4.SS4","content-tex":"$\\diff{\\NVar{x}}$"}},{"symbol":{"tex":"$\\mathrm{e}$","meaning":"base of natural logarithm","idref":"C4.S2.E11","content-tex":"$\\expe$"}},{"symbol":{"tex":"$\\int$","meaning":"integral","idref":"C1.S4.SS4"}},{"symbol":{"tex":"$\\Re$","meaning":"real part","idref":"C1.S9.E2","content-tex":"$\\realpart@@$"}},{"symbol":{"tex":"$z$","meaning":"complex variable","idref":"C11.S1.p1.t1.r2"}},{"symbol":{"tex":"$\\nu$","meaning":"real or complex order","idref":"C11.S1.p1.t1.r3"}}],"xml-id":"C11.S5.E4","tex":"$\\mathbf{M}_{\\nu}\\left(z\\right)=-\\frac{2(\\tfrac{1}{2}z)^{\\nu}}{\\sqrt{\\pi}\\Gamma \\left(\\nu+\\tfrac{1}{2}\\right)}\\int_{0}^{1}e^{-zt}(1-t^{2})^{\\nu-\\frac{1}{2}} \\mathrm{d}t,$","context":{"sentence-num-in-corpus":"7679","subsection-xmlid":"C11.S5.SS1","sentence-xmlid":"C11.S5.SS1.p2.s1","chapter-title":"Struve and Related Functions","chapter-xmlid":"C11","section-title":"Integral Representations","sentence-num-in-chapter":"72","section-xmlid":"C11.S5","sentence-num-in-section":"2","para-num-of-sentences":"1","para-xmlid":"C11.S5.SS1.p2","subsection-title":"Integrals Along the Real Line"},"permalink":"http:\/\/dlmf.nist.gov\/11.5.E4","equation-number":"11.5.4","constraints":{"tex":"$\\Re\\nu>-\\tfrac{1}{2}$,","content-tex":"$\\realpart@@{\\nu}>-\\tfrac{1}{2}$,"},"content-tex":"$\\modStruveM{\\nu}@{z}=-\\frac{2(\\tfrac{1}{2}z)^{\\nu}}{\\sqrt{\\pi}\\EulerGamma@{\\nu +\\tfrac{1}{2}}}\\int_{0}^{1}e^{-zt}(1-t^{2})^{\\nu-\\frac{1}{2}}\\diff{t},$"}}{"equation":{"symbols-used":[{"symbol":{"tex":"$\\mathbf{M}_{\\NVar{\\nu}}\\left(\\NVar{z}\\right)$","meaning":"modified Struve function","idref":"C11.S2.E6","content-tex":"$\\modStruveM{\\NVar{\\nu}}@{\\NVar{z}}$"}},{"symbol":{"tex":"$\\pi$","meaning":"the ratio of the circumference of a circle to its diameter","idref":"C3.S12.E1","content-tex":"$\\cpi$"}},{"symbol":{"tex":"$\\cos\\NVar{z}$","meaning":"cosine function","idref":"C4.S14.E2","content-tex":"$\\cos@@{\\NVar{z}}$"}},{"symbol":{"tex":"$\\mathrm{d}\\NVar{x}$","meaning":"differential of $x$","idref":"C1.S4.SS4","content-tex":"$\\diff{\\NVar{x}}$"}},{"symbol":{"tex":"$\\mathrm{e}$","meaning":"base of natural logarithm","idref":"C4.S2.E11","content-tex":"$\\expe$"}},{"symbol":{"tex":"$\\int$","meaning":"integral","idref":"C1.S4.SS4"}},{"symbol":{"tex":"$z$","meaning":"complex variable","idref":"C11.S1.p1.t1.r2"}}],"xml-id":"C11.S5.E5","tex":"$\\mathbf{M}_{0}\\left(z\\right)=-\\frac{2}{\\pi}\\int_{0}^{\\pi\/2}e^{-z\\cos\\theta} \\mathrm{d}\\theta,$","context":{"sentence-num-in-corpus":"7679","subsection-xmlid":"C11.S5.SS1","sentence-xmlid":"C11.S5.SS1.p2.s1","chapter-title":"Struve and Related Functions","chapter-xmlid":"C11","section-title":"Integral Representations","sentence-num-in-chapter":"72","section-xmlid":"C11.S5","sentence-num-in-section":"2","para-num-of-sentences":"1","para-xmlid":"C11.S5.SS1.p2","subsection-title":"Integrals Along the Real Line"},"permalink":"http:\/\/dlmf.nist.gov\/11.5.E5","equation-number":"11.5.5","content-tex":"$\\modStruveM{0}@{z}=-\\frac{2}{\\pi}\\int_{0}^{\\pi\/2}e^{-z\\cos@@{\\theta}}\\diff{ \\theta},$"}}{"equation":{"symbols-used":[{"symbol":{"tex":"$\\Gamma\\left(\\NVar{z}\\right)$","meaning":"gamma function","idref":"C5.S2.E1","content-tex":"$\\EulerGamma@{\\NVar{z}}$"}},{"symbol":{"tex":"$\\pi$","meaning":"the ratio of the circumference of a circle to its diameter","idref":"C3.S12.E1","content-tex":"$\\cpi$"}},{"symbol":{"tex":"$\\cos\\NVar{z}$","meaning":"cosine function","idref":"C4.S14.E2","content-tex":"$\\cos@@{\\NVar{z}}$"}},{"symbol":{"tex":"$\\mathrm{d}\\NVar{x}$","meaning":"differential of $x$","idref":"C1.S4.SS4","content-tex":"$\\diff{\\NVar{x}}$"}},{"symbol":{"tex":"$\\sinh\\NVar{z}$","meaning":"hyperbolic sine function","idref":"C4.S28.E1","content-tex":"$\\sinh@@{\\NVar{z}}$"}},{"symbol":{"tex":"$\\int$","meaning":"integral","idref":"C1.S4.SS4"}},{"symbol":{"tex":"$\\mathbf{L}_{\\NVar{\\nu}}\\left(\\NVar{z}\\right)$","meaning":"modified Struve function","idref":"C11.S2.E2","content-tex":"$\\modStruveL{\\NVar{\\nu}}@{\\NVar{z}}$"}},{"symbol":{"tex":"$\\Re$","meaning":"real part","idref":"C1.S9.E2","content-tex":"$\\realpart@@$"}},{"symbol":{"tex":"$\\sin\\NVar{z}$","meaning":"sine function","idref":"C4.S14.E1","content-tex":"$\\sin@@{\\NVar{z}}$"}},{"symbol":{"tex":"$z$","meaning":"complex variable","idref":"C11.S1.p1.t1.r2"}},{"symbol":{"tex":"$\\nu$","meaning":"real or complex order","idref":"C11.S1.p1.t1.r3"}}],"xml-id":"C11.S5.E6","tex":"$\\mathbf{L}_{\\nu}\\left(z\\right)=\\frac{2(\\tfrac{1}{2}z)^{\\nu}}{\\sqrt{\\pi}\\Gamma \\left(\\nu+\\tfrac{1}{2}\\right)}\\int_{0}^{\\pi\/2}\\sinh\\left(z\\cos\\theta\\right)( \\sin\\theta)^{2\\nu}\\mathrm{d}\\theta,$","context":{"sentence-num-in-corpus":"7679","subsection-xmlid":"C11.S5.SS1","sentence-xmlid":"C11.S5.SS1.p2.s1","chapter-title":"Struve and Related Functions","chapter-xmlid":"C11","section-title":"Integral Representations","sentence-num-in-chapter":"72","section-xmlid":"C11.S5","sentence-num-in-section":"2","para-num-of-sentences":"1","para-xmlid":"C11.S5.SS1.p2","subsection-title":"Integrals Along the Real Line"},"permalink":"http:\/\/dlmf.nist.gov\/11.5.E6","equation-number":"11.5.6","constraints":{"tex":"$\\Re\\nu>-\\tfrac{1}{2}$,","content-tex":"$\\realpart@@{\\nu}>-\\tfrac{1}{2}$,"},"content-tex":"$\\modStruveL{\\nu}@{z}=\\frac{2(\\tfrac{1}{2}z)^{\\nu}}{\\sqrt{\\pi}\\EulerGamma@{\\nu+ \\tfrac{1}{2}}}\\int_{0}^{\\pi\/2}\\sinh@{z\\cos@@{\\theta}}(\\sin@@{\\theta})^{2\\nu} \\diff{\\theta},$"}}{"equation":{"symbols-used":[{"symbol":{"tex":"$\\Gamma\\left(\\NVar{z}\\right)$","meaning":"gamma function","idref":"C5.S2.E1","content-tex":"$\\EulerGamma@{\\NVar{z}}$"}},{"symbol":{"tex":"$\\pi$","meaning":"the ratio of the circumference of a circle to its diameter","idref":"C3.S12.E1","content-tex":"$\\cpi$"}},{"symbol":{"tex":"$\\mathrm{d}\\NVar{x}$","meaning":"differential of $x$","idref":"C1.S4.SS4","content-tex":"$\\diff{\\NVar{x}}$"}},{"symbol":{"tex":"$\\int$","meaning":"integral","idref":"C1.S4.SS4"}},{"symbol":{"tex":"$I_{\\NVar{\\nu}}\\left(\\NVar{z}\\right)$","meaning":"modified Bessel function of the first kind","idref":"C10.S25.E2","content-tex":"$\\modBesselI{\\NVar{\\nu}}@{\\NVar{z}}$"}},{"symbol":{"tex":"$\\mathbf{L}_{\\NVar{\\nu}}\\left(\\NVar{z}\\right)$","meaning":"modified Struve function","idref":"C11.S2.E2","content-tex":"$\\modStruveL{\\NVar{\\nu}}@{\\NVar{z}}$"}},{"symbol":{"tex":"$\\Re$","meaning":"real part","idref":"C1.S9.E2","content-tex":"$\\realpart@@$"}},{"symbol":{"tex":"$\\sin\\NVar{z}$","meaning":"sine function","idref":"C4.S14.E1","content-tex":"$\\sin@@{\\NVar{z}}$"}},{"symbol":{"tex":"$x$","meaning":"real variable","idref":"C11.S1.p1.t1.r1"}},{"symbol":{"tex":"$\\nu$","meaning":"real or complex order","idref":"C11.S1.p1.t1.r3"}}],"xml-id":"C11.S5.E7","tex":"$I_{-\\nu}\\left(x\\right)-\\mathbf{L}_{\\nu}\\left(x\\right)=\\frac{2(\\tfrac{1}{2}x)^{ \\nu}}{\\sqrt{\\pi}\\Gamma\\left(\\nu+\\tfrac{1}{2}\\right)}\\int_{0}^{\\infty}(1+t^{2}) ^{\\nu-\\frac{1}{2}}\\sin\\left(xt\\right)\\mathrm{d}t,$","context":{"sentence-num-in-corpus":"7679","subsection-xmlid":"C11.S5.SS1","sentence-xmlid":"C11.S5.SS1.p2.s1","chapter-title":"Struve and Related Functions","chapter-xmlid":"C11","section-title":"Integral Representations","sentence-num-in-chapter":"72","section-xmlid":"C11.S5","sentence-num-in-section":"2","para-num-of-sentences":"1","para-xmlid":"C11.S5.SS1.p2","subsection-title":"Integrals Along the Real Line"},"permalink":"http:\/\/dlmf.nist.gov\/11.5.E7","equation-number":"11.5.7","constraints":{"tex":"$x>0$, $\\Re\\nu<\\tfrac{1}{2}$.","content-tex":"$x>0$, $\\realpart@@{\\nu}<\\tfrac{1}{2}$."},"content-tex":"$\\modBesselI{-\\nu}@{x}-\\modStruveL{\\nu}@{x}=\\frac{2(\\tfrac{1}{2}x)^{\\nu}}{\\sqrt {\\pi}\\EulerGamma@{\\nu+\\tfrac{1}{2}}}\\int_{0}^{\\infty}(1+t^{2})^{\\nu-\\frac{1}{2 }}\\sin@{xt}\\diff{t},$"}}{"equation":{"symbols-used":[{"symbol":{"tex":"$\\Gamma\\left(\\NVar{z}\\right)$","meaning":"gamma function","idref":"C5.S2.E1","content-tex":"$\\EulerGamma@{\\NVar{z}}$"}},{"symbol":{"tex":"$\\mathbf{H}_{\\NVar{\\nu}}\\left(\\NVar{z}\\right)$","meaning":"Struve function","idref":"C11.S2.E1","content-tex":"$\\StruveH{\\NVar{\\nu}}@{\\NVar{z}}$"}},{"symbol":{"tex":"$\\pi$","meaning":"the ratio of the circumference of a circle to its diameter","idref":"C3.S12.E1","content-tex":"$\\cpi$"}},{"symbol":{"tex":"$\\csc\\NVar{z}$","meaning":"cosecant function","idref":"C4.S14.E5","content-tex":"$\\csc@@{\\NVar{z}}$"}},{"symbol":{"tex":"$\\mathrm{d}\\NVar{x}$","meaning":"differential of $x$","idref":"C1.S4.SS4","content-tex":"$\\diff{\\NVar{x}}$"}},{"symbol":{"tex":"$\\mathrm{i}$","meaning":"imaginary unit","idref":"C1.S9.E1","content-tex":"$\\iunit$"}},{"symbol":{"tex":"$\\int$","meaning":"integral","idref":"C1.S4.SS4"}},{"symbol":{"tex":"$\\Re$","meaning":"real part","idref":"C1.S9.E2","content-tex":"$\\realpart@@$"}},{"symbol":{"tex":"$x$","meaning":"real variable","idref":"C11.S1.p1.t1.r1"}},{"symbol":{"tex":"$\\nu$","meaning":"real or complex order","idref":"C11.S1.p1.t1.r3"}}],"xml-id":"C11.S5.E8","tex":"$(\\tfrac{1}{2}x)^{-\\nu-1}\\mathbf{H}_{\\nu}\\left(x\\right)=-\\frac{1}{2\\pi i}\\int_{ -i\\infty}^{i\\infty}\\frac{\\pi\\csc\\left(\\pi s\\right)}{\\Gamma\\left(\\tfrac{3}{2}+s \\right)\\Gamma\\left(\\tfrac{3}{2}+\\nu+s\\right)}(\\tfrac{1}{4}x^{2})^{s}\\mathrm{d}s,$","context":{"sentence-num-in-corpus":"7681","sentence-xmlid":"C11.S5.Px1.p1.s1","chapter-title":"Struve and Related Functions","chapter-xmlid":"C11","paragraph-xmlid":"C11.S5.Px1","sentence-num-in-chapter":"74","section-xmlid":"C11.S5","sentence-num-in-section":"4","para-xmlid":"C11.S5.Px1.p1","subsection-title":"Contour Integrals","subsection-xmlid":"C11.S5.SS2","paragraph-title":"Mellin\u2013Barnes Integrals","section-title":"Integral Representations","para-num-of-sentences":"2"},"permalink":"http:\/\/dlmf.nist.gov\/11.5.E8","equation-number":"11.5.8","constraints":{"tex":"$x>0$, $\\Re\\nu>-1$,","content-tex":"$x>0$, $\\realpart@@{\\nu}>-1$,"},"content-tex":"$(\\tfrac{1}{2}x)^{-\\nu-1}\\StruveH{\\nu}@{x}=-\\frac{1}{2\\pi i}\\int_{-i\\infty}^{i \\infty}\\frac{\\pi\\csc@{\\pi s}}{\\EulerGamma@{\\tfrac{3}{2}+s}\\EulerGamma@{\\tfrac{ 3}{2}+\\nu+s}}(\\tfrac{1}{4}x^{2})^{s}\\diff{s},$"}}{"equation":{"symbols-used":[{"symbol":{"tex":"$\\Gamma\\left(\\NVar{z}\\right)$","meaning":"gamma function","idref":"C5.S2.E1","content-tex":"$\\EulerGamma@{\\NVar{z}}$"}},{"symbol":{"tex":"$\\pi$","meaning":"the ratio of the circumference of a circle to its diameter","idref":"C3.S12.E1","content-tex":"$\\cpi$"}},{"symbol":{"tex":"$\\csc\\NVar{z}$","meaning":"cosecant function","idref":"C4.S14.E5","content-tex":"$\\csc@@{\\NVar{z}}$"}},{"symbol":{"tex":"$\\mathrm{d}\\NVar{x}$","meaning":"differential of $x$","idref":"C1.S4.SS4","content-tex":"$\\diff{\\NVar{x}}$"}},{"symbol":{"tex":"$\\mathrm{i}$","meaning":"imaginary unit","idref":"C1.S9.E1","content-tex":"$\\iunit$"}},{"symbol":{"tex":"$\\int$","meaning":"integral","idref":"C1.S4.SS4"}},{"symbol":{"tex":"$\\mathbf{L}_{\\NVar{\\nu}}\\left(\\NVar{z}\\right)$","meaning":"modified Struve function","idref":"C11.S2.E2","content-tex":"$\\modStruveL{\\NVar{\\nu}}@{\\NVar{z}}$"}},{"symbol":{"tex":"$z$","meaning":"complex variable","idref":"C11.S1.p1.t1.r2"}},{"symbol":{"tex":"$\\nu$","meaning":"real or complex order","idref":"C11.S1.p1.t1.r3"}}],"xml-id":"C11.S5.E9","tex":"$(\\tfrac{1}{2}z)^{-\\nu-1}\\mathbf{L}_{\\nu}\\left(z\\right)=\\frac{1}{2\\pi i}\\int_{ \\infty}^{(0+)}\\frac{\\pi\\csc\\left(\\pi s\\right)}{\\Gamma\\left(\\tfrac{3}{2}+s \\right)\\Gamma\\left(\\tfrac{3}{2}+\\nu+s\\right)}(-\\tfrac{1}{4}z^{2})^{s}\\mathrm{d }s.$","context":{"sentence-num-in-corpus":"7681","sentence-xmlid":"C11.S5.Px1.p1.s1","chapter-title":"Struve and Related Functions","chapter-xmlid":"C11","paragraph-xmlid":"C11.S5.Px1","sentence-num-in-chapter":"74","section-xmlid":"C11.S5","sentence-num-in-section":"4","para-xmlid":"C11.S5.Px1.p1","subsection-title":"Contour Integrals","subsection-xmlid":"C11.S5.SS2","paragraph-title":"Mellin\u2013Barnes Integrals","section-title":"Integral Representations","para-num-of-sentences":"2"},"permalink":"http:\/\/dlmf.nist.gov\/11.5.E9","equation-number":"11.5.9","content-tex":"$(\\tfrac{1}{2}z)^{-\\nu-1}\\modStruveL{\\nu}@{z}=\\frac{1}{2\\pi i}\\int_{\\infty}^{(0 +)}\\frac{\\pi\\csc@{\\pi s}}{\\EulerGamma@{\\tfrac{3}{2}+s}\\EulerGamma@{\\tfrac{3}{2 }+\\nu+s}}(-\\tfrac{1}{4}z^{2})^{s}\\diff{s}.$"}}{"expression":{"xml-id":"C11.S5.Px1.p1.m1","tex":"$s=0,1,2,\\dots$","context":{"sentence-num-in-corpus":"7682","sentence-xmlid":"C11.S5.Px1.p1.s2","chapter-title":"Struve and Related Functions","chapter-xmlid":"C11","paragraph-xmlid":"C11.S5.Px1","sentence-num-in-chapter":"75","section-xmlid":"C11.S5","sentence-num-in-section":"5","para-xmlid":"C11.S5.Px1.p1","subsection-title":"Contour Integrals","subsection-xmlid":"C11.S5.SS2","paragraph-title":"Mellin\u2013Barnes Integrals","section-title":"Integral Representations","para-num-of-sentences":"2"}}}{"expression":{"xml-id":"C11.S5.Px1.p1.m2","tex":"$s=-1,-2,-3,\\dots$","context":{"sentence-num-in-corpus":"7682","sentence-xmlid":"C11.S5.Px1.p1.s2","chapter-title":"Struve and Related Functions","chapter-xmlid":"C11","paragraph-xmlid":"C11.S5.Px1","sentence-num-in-chapter":"75","section-xmlid":"C11.S5","sentence-num-in-section":"5","para-xmlid":"C11.S5.Px1.p1","subsection-title":"Contour Integrals","subsection-xmlid":"C11.S5.SS2","paragraph-title":"Mellin\u2013Barnes Integrals","section-title":"Integral Representations","para-num-of-sentences":"2"}}}