{"expression":{"context-references":{"chapter-title":"Struve and Related Functions","chapter-xmlid":"C11"},"xml-id":"C11.S8.info.m1","tex":"$xe^{\\pm 3\\pi i\/4}$"}}{"expression":{"context-references":{"chapter-title":"Struve and Related Functions","chapter-xmlid":"C11"},"xml-id":"C11.S8.m1","tex":"$xe^{\\pm 3\\pi i\/4}$"}}{"expression":{"context-references":{"sentence-num-in-corpus":"7711","sentence-xmlid":"C11.S8.p1.s1","chapter-title":"Struve and Related Functions","chapter-xmlid":"C11","section-title":"Analogs to Kelvin Functions","sentence-num-in-chapter":"104","section-xmlid":"C11.S8","sentence-num-in-section":"1","para-num-of-sentences":"1","para-xmlid":"C11.S8.p1"},"xml-id":"C11.S8.p1.m1","tex":"$xe^{\\pm 3\\pi i\/4}$"}}