{"expression":{"context-references":{"chapter-title":"Generalized Hypergeometric Functions & Meijer G-Function","chapter-xmlid":"C16"},"xml-id":"C16.S18.info.m1","tex":"$G$"}}{"expression":{"context-references":{"chapter-title":"Generalized Hypergeometric Functions & Meijer G-Function","chapter-xmlid":"C16"},"xml-id":"C16.S18.info.m2","tex":"$G$"}}{"expression":{"context-references":{"chapter-title":"Generalized Hypergeometric Functions & Meijer G-Function","chapter-xmlid":"C16"},"xml-id":"C16.S18.info.m3","tex":"$G$"}}{"expression":{"context-references":{"chapter-title":"Generalized Hypergeometric Functions & Meijer G-Function","chapter-xmlid":"C16"},"xml-id":"C16.S18.m1","tex":"$G$"}}{"expression":{"context-references":{"chapter-title":"Generalized Hypergeometric Functions & Meijer G-Function","chapter-xmlid":"C16"},"xml-id":"C16.S18.m2","tex":"$G$"}}{"expression":{"context-references":{"sentence-num-in-corpus":"9575","sentence-xmlid":"C16.S18.p1.s1","chapter-title":"Generalized Hypergeometric Functions & Meijer G-Function","chapter-xmlid":"C16","section-title":"Special Cases","sentence-num-in-chapter":"216","section-xmlid":"C16.S18","sentence-num-in-section":"1","para-num-of-sentences":"4","para-xmlid":"C16.S18.p1"},"xml-id":"C16.S18.p1.m1","tex":"${{}_{1}F_{1}}$","content-tex":"$\\genhyperF{1}{1}$"}}{"expression":{"context-references":{"sentence-num-in-corpus":"9575","sentence-xmlid":"C16.S18.p1.s1","chapter-title":"Generalized Hypergeometric Functions & Meijer G-Function","chapter-xmlid":"C16","section-title":"Special Cases","sentence-num-in-chapter":"216","section-xmlid":"C16.S18","sentence-num-in-section":"1","para-num-of-sentences":"4","para-xmlid":"C16.S18.p1"},"xml-id":"C16.S18.p1.m2","tex":"${{}_{2}F_{1}}$","content-tex":"$\\genhyperF{2}{1}$"}}{"expression":{"context-references":{"sentence-num-in-corpus":"9575","sentence-xmlid":"C16.S18.p1.s1","chapter-title":"Generalized Hypergeometric Functions & Meijer G-Function","chapter-xmlid":"C16","section-title":"Special Cases","sentence-num-in-chapter":"216","section-xmlid":"C16.S18","sentence-num-in-section":"1","para-num-of-sentences":"4","para-xmlid":"C16.S18.p1"},"xml-id":"C16.S18.p1.m3","tex":"${{}_{p}F_{q}}$","content-tex":"$\\genhyperF{p}{q}$"}}{"expression":{"context-references":{"sentence-num-in-corpus":"9575","sentence-xmlid":"C16.S18.p1.s1","chapter-title":"Generalized Hypergeometric Functions & Meijer G-Function","chapter-xmlid":"C16","section-title":"Special Cases","sentence-num-in-chapter":"216","section-xmlid":"C16.S18","sentence-num-in-section":"1","para-num-of-sentences":"4","para-xmlid":"C16.S18.p1"},"xml-id":"C16.S18.p1.m4","tex":"$G$"}}{"equation":{"symbols-used":[{"symbol":{"tex":"$\\Gamma\\left(\\NVar{z}\\right)$","meaning":"gamma function","idref":"C5.S2.E1","content-tex":"$\\EulerGamma@{\\NVar{z}}$"}},{"symbol":{"tex":"${{}_{\\NVar{p}}F_{\\NVar{q}}}\\left(\\NVar{a_{1},\\dots,a_{p}};\\NVar{b_{1},\\dots,b_ {q}};\\NVar{z}\\right)$","meaning":"alternatively ${{}_{\\NVar{p}}F_{\\NVar{q}}}\\left(\\NVar{\\mathbf{a}};\\NVar{\\mathbf{b}};\\NVar{z}\\right)$ or ${{}_{\\NVar{p}}F_{\\NVar{q}}}\\left({\\NVar{\\mathbf{a}}\\atop\\NVar{\\mathbf{b}}}; \\NVar{z}\\right)$ generalized hypergeometric function","idref":"C16.S2","content-tex":"$\\genhyperF{\\NVar{p}}{\\NVar{q}}@{\\NVar{a_{1},\\dots,a_{p}}}{\\NVar{b_{1},\\dots,b_ {q}}}{\\NVar{z}}$"}},{"symbol":{"tex":"${G^{\\NVar{m},\\NVar{n}}_{\\NVar{p},\\NVar{q}}}\\left(\\NVar{z};{\\NVar{a_{1},\\dots,a _{p}}\\atop\\NVar{b_{1},\\dots,b_{q}}}\\right)$","meaning":"Meijer $G$ -function","idref":"C16.S17.E1","content-tex":"$\\MeijerG{\\NVar{m}}{\\NVar{n}}{\\NVar{p}}{\\NVar{q}}@@{\\NVar{z}}{\\NVar{a_{1},\\dots ,a_{p}}}{\\NVar{b_{1},\\dots,b_{q}}}$"}},{"symbol":{"tex":"$p$","meaning":"nonnegative integer","idref":"C16.S1.p2.t1.r1"}},{"symbol":{"tex":"$q$","meaning":"nonnegative integer","idref":"C16.S1.p2.t1.r1"}},{"symbol":{"tex":"$z$","meaning":"complex variable","idref":"C16.S1.p2.t1.r4"}},{"symbol":{"tex":"$a,a_{1},\\ldots,a_{p}$","meaning":"real or complex parameters","idref":"C16.S1.p2.t1.r5"}},{"symbol":{"tex":"$b,b_{1},\\ldots,b_{q}$","meaning":"real or complex parameters","idref":"C16.S1.p2.t1.r5"}}],"context-references":{"sentence-num-in-corpus":"9576","sentence-xmlid":"C16.S18.p1.s2","chapter-title":"Generalized Hypergeometric Functions & Meijer G-Function","chapter-xmlid":"C16","section-title":"Special Cases","sentence-num-in-chapter":"217","section-xmlid":"C16.S18","sentence-num-in-section":"2","para-num-of-sentences":"4","para-xmlid":"C16.S18.p1"},"xml-id":"C16.S18.E1","tex":"${{}_{p}F_{q}}\\left({a_{1},\\dots,a_{p}\\atop b_{1},\\dots,b_{q}};z\\right)=\\left({ \\textstyle\\ifrac{\\prod\\limits_{k=1}^{q}\\Gamma\\left(b_{k}\\right)}{\\prod\\limits_ {k=1}^{p}\\Gamma\\left(a_{k}\\right)}}\\right){G^{1,p}_{p,q+1}}\\left(-z;{1-a_{1}, \\dots,1-a_{p}\\atop 0,1-b_{1},\\dots,1-b_{q}}\\right)=\\left({\\textstyle\\ifrac{ \\prod\\limits_{k=1}^{q}\\Gamma\\left(b_{k}\\right)}{\\prod\\limits_{k=1}^{p}\\Gamma \\left(a_{k}\\right)}}\\right){G^{p,1}_{q+1,p}}\\left(-\\frac{1}{z};{1,b_{1},\\dots, b_{q}\\atop a_{1},\\dots,a_{p}}\\right).$","permalink":"http:\/\/dlmf.nist.gov\/16.18.E1","equation-number":"16.18.1","content-tex":"$\\genhyperF{p}{q}@@{a_{1},\\dots,a_{p}}{b_{1},\\dots,b_{q}}{z}=\\left({\\textstyle \\ifrac{\\prod\\limits_{k=1}^{q}\\EulerGamma@{b_{k}}}{\\prod\\limits_{k=1}^{p} \\EulerGamma@{a_{k}}}}\\right)\\MeijerG{1}{p}{p}{q+1}@@{-z}{1-a_{1},\\dots,1-a_{p} }{0,1-b_{1},\\dots,1-b_{q}}=\\left({\\textstyle\\ifrac{\\prod\\limits_{k=1}^{q} \\EulerGamma@{b_{k}}}{\\prod\\limits_{k=1}^{p}\\EulerGamma@{a_{k}}}}\\right) \\MeijerG{p}{1}{q+1}{p}@@{-\\frac{1}{z}}{1,b_{1},\\dots,b_{q}}{a_{1},\\dots,a_{p}}.$"}}{"expression":{"context-references":{"sentence-num-in-corpus":"9577","sentence-xmlid":"C16.S18.p1.s3","chapter-title":"Generalized Hypergeometric Functions & Meijer G-Function","chapter-xmlid":"C16","section-title":"Special Cases","sentence-num-in-chapter":"218","section-xmlid":"C16.S18","sentence-num-in-section":"3","para-num-of-sentences":"4","para-xmlid":"C16.S18.p1"},"xml-id":"C16.S18.p1.m5","tex":"${{}_{1}F_{1}}$","content-tex":"$\\genhyperF{1}{1}$"}}{"expression":{"context-references":{"sentence-num-in-corpus":"9577","sentence-xmlid":"C16.S18.p1.s3","chapter-title":"Generalized Hypergeometric Functions & Meijer G-Function","chapter-xmlid":"C16","section-title":"Special Cases","sentence-num-in-chapter":"218","section-xmlid":"C16.S18","sentence-num-in-section":"3","para-num-of-sentences":"4","para-xmlid":"C16.S18.p1"},"xml-id":"C16.S18.p1.m6","tex":"${{}_{2}F_{1}}$","content-tex":"$\\genhyperF{2}{1}$"}}{"expression":{"context-references":{"sentence-num-in-corpus":"9577","sentence-xmlid":"C16.S18.p1.s3","chapter-title":"Generalized Hypergeometric Functions & Meijer G-Function","chapter-xmlid":"C16","section-title":"Special Cases","sentence-num-in-chapter":"218","section-xmlid":"C16.S18","sentence-num-in-section":"3","para-num-of-sentences":"4","para-xmlid":"C16.S18.p1"},"xml-id":"C16.S18.p1.m7","tex":"$G$"}}{"expression":{"context-references":{"sentence-num-in-corpus":"9578","sentence-xmlid":"C16.S18.p1.s4","chapter-title":"Generalized Hypergeometric Functions & Meijer G-Function","chapter-xmlid":"C16","section-title":"Special Cases","sentence-num-in-chapter":"219","section-xmlid":"C16.S18","sentence-num-in-section":"4","para-num-of-sentences":"4","para-xmlid":"C16.S18.p1"},"xml-id":"C16.S18.p1.m8","tex":"$G$"}}{"expression":{"context-references":{"chapter-title":"Generalized Hypergeometric Functions & Meijer G-Function","chapter-xmlid":"C16"},"xml-id":"C16.S18.p1.m9","tex":"$G$"}}{"expression":{"context-references":{"chapter-title":"Generalized Hypergeometric Functions & Meijer G-Function","chapter-xmlid":"C16"},"xml-id":"C16.PT4.m1a","tex":"$G$"}}{"expression":{"context-references":{"chapter-title":"Generalized Hypergeometric Functions & Meijer G-Function","chapter-xmlid":"C16"},"xml-id":"C16.S10.m2a","tex":"${{}_{p}F_{q}}$","content-tex":"$\\genhyperF{p}{q}$"}}