{"expression":{"xml-id":"C16.S24.SS3.m1","tex":"$\\mathit{3j}$","context":{"subsection-xmlid":"C16.S24.SS3","chapter-title":"Generalized Hypergeometric Functions & Meijer G-Function","chapter-xmlid":"C16","section-title":"Physical Applications","section-xmlid":"C16.S24","subsection-title":"<Math mode=\"inline\" xml:id=\"C16.S24.SS3.m1\">\\mathit{3j}<\/Math>, <Math mode=\"inline\" xml:id=\"C16.S24.SS3.m2\">\\mathit{6j}<\/Math>, and <Math mode=\"inline\" xml:id=\"C16.S24.SS3.m3\">\\mathit{9j}<\/Math> Symbols"},"content-tex":"$3j$"}}{"expression":{"xml-id":"C16.S24.SS3.m2","tex":"$\\mathit{6j}$","context":{"subsection-xmlid":"C16.S24.SS3","chapter-title":"Generalized Hypergeometric Functions & Meijer G-Function","chapter-xmlid":"C16","section-title":"Physical Applications","section-xmlid":"C16.S24","subsection-title":"<Math mode=\"inline\" xml:id=\"C16.S24.SS3.m1\">\\mathit{3j}<\/Math>, <Math mode=\"inline\" xml:id=\"C16.S24.SS3.m2\">\\mathit{6j}<\/Math>, and <Math mode=\"inline\" xml:id=\"C16.S24.SS3.m3\">\\mathit{9j}<\/Math> Symbols"},"content-tex":"$6j$"}}{"expression":{"xml-id":"C16.S24.SS3.m3","tex":"$\\mathit{9j}$","context":{"subsection-xmlid":"C16.S24.SS3","chapter-title":"Generalized Hypergeometric Functions & Meijer G-Function","chapter-xmlid":"C16","section-title":"Physical Applications","section-xmlid":"C16.S24","subsection-title":"<Math mode=\"inline\" xml:id=\"C16.S24.SS3.m1\">\\mathit{3j}<\/Math>, <Math mode=\"inline\" xml:id=\"C16.S24.SS3.m2\">\\mathit{6j}<\/Math>, and <Math mode=\"inline\" xml:id=\"C16.S24.SS3.m3\">\\mathit{9j}<\/Math> Symbols"},"content-tex":"$9j$"}}{"expression":{"xml-id":"C16.S24.SS3.m4","tex":"$\\mathit{3j}$","context":{"chapter-title":"Generalized Hypergeometric Functions & Meijer G-Function","chapter-xmlid":"C16"},"content-tex":"$3j$"}}{"expression":{"xml-id":"C16.S24.SS3.m5","tex":"$\\mathit{6j}$","context":{"chapter-title":"Generalized Hypergeometric Functions & Meijer G-Function","chapter-xmlid":"C16"},"content-tex":"$6j$"}}{"expression":{"xml-id":"C16.S24.SS3.m6","tex":"$\\mathit{9j}$","context":{"chapter-title":"Generalized Hypergeometric Functions & Meijer G-Function","chapter-xmlid":"C16"},"content-tex":"$9j$"}}{"expression":{"xml-id":"C16.S24.SS3.info.m1","tex":"$\\mathit{3j},\\mathit{6j},\\mathit{9j}$","context":{"chapter-title":"Generalized Hypergeometric Functions & Meijer G-Function","chapter-xmlid":"C16"},"content-tex":"$3j,6j,9j$"}}{"expression":{"xml-id":"C16.S24.SS3.info.m2","tex":"$\\mathit{3j},\\mathit{6j},\\mathit{9j}$","context":{"chapter-title":"Generalized Hypergeometric Functions & Meijer G-Function","chapter-xmlid":"C16"},"content-tex":"$3j,6j,9j$"}}{"expression":{"xml-id":"C16.S24.SS3.m7","tex":"$\\mathit{3j},\\mathit{6j},\\mathit{9j}$","context":{"chapter-title":"Generalized Hypergeometric Functions & Meijer G-Function","chapter-xmlid":"C16"},"content-tex":"$3j,6j,9j$"}}{"expression":{"xml-id":"C16.S24.SS3.m8","tex":"$\\mathit{3j},\\mathit{6j},\\mathit{9j}$","context":{"chapter-title":"Generalized Hypergeometric Functions & Meijer G-Function","chapter-xmlid":"C16"},"content-tex":"$3j,6j,9j$"}}{"expression":{"xml-id":"C16.S24.SS3.p1.m1","tex":"$\\mathit{3j}$","context":{"sentence-num-in-corpus":"9610","subsection-xmlid":"C16.S24.SS3","sentence-xmlid":"C16.S24.SS3.p1.s1","chapter-title":"Generalized Hypergeometric Functions & Meijer G-Function","chapter-xmlid":"C16","section-title":"Physical Applications","sentence-num-in-chapter":"251","section-xmlid":"C16.S24","sentence-num-in-section":"6","para-num-of-sentences":"6","para-xmlid":"C16.S24.SS3.p1","subsection-title":"<Math mode=\"inline\" xml:id=\"C16.S24.SS3.m1\">\\mathit{3j}<\/Math>, <Math mode=\"inline\" xml:id=\"C16.S24.SS3.m2\">\\mathit{6j}<\/Math>, and <Math mode=\"inline\" xml:id=\"C16.S24.SS3.m3\">\\mathit{9j}<\/Math> Symbols"},"content-tex":"$3j$"}}{"expression":{"xml-id":"C16.S24.SS3.p1.m2","tex":"${{}_{3}F_{2}}$","context":{"sentence-num-in-corpus":"9611","subsection-xmlid":"C16.S24.SS3","sentence-xmlid":"C16.S24.SS3.p1.s2","chapter-title":"Generalized Hypergeometric Functions & Meijer G-Function","chapter-xmlid":"C16","section-title":"Physical Applications","sentence-num-in-chapter":"252","section-xmlid":"C16.S24","sentence-num-in-section":"7","para-num-of-sentences":"6","para-xmlid":"C16.S24.SS3.p1","subsection-title":"<Math mode=\"inline\" xml:id=\"C16.S24.SS3.m1\">\\mathit{3j}<\/Math>, <Math mode=\"inline\" xml:id=\"C16.S24.SS3.m2\">\\mathit{6j}<\/Math>, and <Math mode=\"inline\" xml:id=\"C16.S24.SS3.m3\">\\mathit{9j}<\/Math> Symbols"},"content-tex":"$\\genhyperF{3}{2}$"}}{"expression":{"xml-id":"C16.S24.SS3.p1.m3","tex":"$\\mathit{6j}$","context":{"sentence-num-in-corpus":"9612","subsection-xmlid":"C16.S24.SS3","sentence-xmlid":"C16.S24.SS3.p1.s3","chapter-title":"Generalized Hypergeometric Functions & Meijer G-Function","chapter-xmlid":"C16","section-title":"Physical Applications","sentence-num-in-chapter":"253","section-xmlid":"C16.S24","sentence-num-in-section":"8","para-num-of-sentences":"6","para-xmlid":"C16.S24.SS3.p1","subsection-title":"<Math mode=\"inline\" xml:id=\"C16.S24.SS3.m1\">\\mathit{3j}<\/Math>, <Math mode=\"inline\" xml:id=\"C16.S24.SS3.m2\">\\mathit{6j}<\/Math>, and <Math mode=\"inline\" xml:id=\"C16.S24.SS3.m3\">\\mathit{9j}<\/Math> Symbols"},"content-tex":"$6j$"}}{"expression":{"xml-id":"C16.S24.SS3.p1.m4","tex":"${{}_{4}F_{3}}$","context":{"sentence-num-in-corpus":"9613","subsection-xmlid":"C16.S24.SS3","sentence-xmlid":"C16.S24.SS3.p1.s4","chapter-title":"Generalized Hypergeometric Functions & Meijer G-Function","chapter-xmlid":"C16","section-title":"Physical Applications","sentence-num-in-chapter":"254","section-xmlid":"C16.S24","sentence-num-in-section":"9","para-num-of-sentences":"6","para-xmlid":"C16.S24.SS3.p1","subsection-title":"<Math mode=\"inline\" xml:id=\"C16.S24.SS3.m1\">\\mathit{3j}<\/Math>, <Math mode=\"inline\" xml:id=\"C16.S24.SS3.m2\">\\mathit{6j}<\/Math>, and <Math mode=\"inline\" xml:id=\"C16.S24.SS3.m3\">\\mathit{9j}<\/Math> Symbols"},"content-tex":"$\\genhyperF{4}{3}$"}}{"expression":{"xml-id":"C16.S24.SS3.p1.m5","tex":"$\\mathit{9j}$","context":{"sentence-num-in-corpus":"9614","subsection-xmlid":"C16.S24.SS3","sentence-xmlid":"C16.S24.SS3.p1.s5","chapter-title":"Generalized Hypergeometric Functions & Meijer G-Function","chapter-xmlid":"C16","section-title":"Physical Applications","sentence-num-in-chapter":"255","section-xmlid":"C16.S24","sentence-num-in-section":"10","para-num-of-sentences":"6","para-xmlid":"C16.S24.SS3.p1","subsection-title":"<Math mode=\"inline\" xml:id=\"C16.S24.SS3.m1\">\\mathit{3j}<\/Math>, <Math mode=\"inline\" xml:id=\"C16.S24.SS3.m2\">\\mathit{6j}<\/Math>, and <Math mode=\"inline\" xml:id=\"C16.S24.SS3.m3\">\\mathit{9j}<\/Math> Symbols"},"content-tex":"$9j$"}}{"expression":{"xml-id":"C16.S24.SS3.p1.m6","tex":"${{}_{5}F_{4}}$","context":{"sentence-num-in-corpus":"9614","subsection-xmlid":"C16.S24.SS3","sentence-xmlid":"C16.S24.SS3.p1.s5","chapter-title":"Generalized Hypergeometric Functions & Meijer G-Function","chapter-xmlid":"C16","section-title":"Physical Applications","sentence-num-in-chapter":"255","section-xmlid":"C16.S24","sentence-num-in-section":"10","para-num-of-sentences":"6","para-xmlid":"C16.S24.SS3.p1","subsection-title":"<Math mode=\"inline\" xml:id=\"C16.S24.SS3.m1\">\\mathit{3j}<\/Math>, <Math mode=\"inline\" xml:id=\"C16.S24.SS3.m2\">\\mathit{6j}<\/Math>, and <Math mode=\"inline\" xml:id=\"C16.S24.SS3.m3\">\\mathit{9j}<\/Math> Symbols"},"content-tex":"$\\genhyperF{5}{4}$"}}{"expression":{"xml-id":"C16.S10.m2a","tex":"${{}_{p}F_{q}}$","context":{"chapter-title":"Generalized Hypergeometric Functions & Meijer G-Function","chapter-xmlid":"C16"},"content-tex":"$\\genhyperF{p}{q}$"}}