{"expression":{"xml-id":"C13.S1.p1.t1.r1.m1","tex":"$m$","context":{"sentence-num-in-corpus":"8095","sentence-xmlid":"C13.S1.p1.t1.s1","chapter-title":"Confluent Hypergeometric Functions","chapter-xmlid":"C13","section-title":"Special Notation","sentence-num-in-chapter":"2","section-xmlid":"C13.S1","sentence-num-in-section":"2","para-num-of-sentences":"17","para-xmlid":"C13.S1.p1"}}}{"expression":{"xml-id":"C13.S1.XMD1.m1","tex":"$m$","context":{"chapter-title":"Confluent Hypergeometric Functions","chapter-xmlid":"C13"}}}{"expression":{"xml-id":"C13.S1.p1.t1.r2.m1","tex":"$n$","context":{"sentence-num-in-corpus":"8097","sentence-xmlid":"C13.S1.p1.t1.s3","chapter-title":"Confluent Hypergeometric Functions","chapter-xmlid":"C13","section-title":"Special Notation","sentence-num-in-chapter":"4","section-xmlid":"C13.S1","sentence-num-in-section":"4","para-num-of-sentences":"17","para-xmlid":"C13.S1.p1"}}}{"expression":{"xml-id":"C13.S1.p1.t1.r2.m2","tex":"$s$","context":{"sentence-num-in-corpus":"8097","sentence-xmlid":"C13.S1.p1.t1.s3","chapter-title":"Confluent Hypergeometric Functions","chapter-xmlid":"C13","section-title":"Special Notation","sentence-num-in-chapter":"4","section-xmlid":"C13.S1","sentence-num-in-section":"4","para-num-of-sentences":"17","para-xmlid":"C13.S1.p1"}}}{"expression":{"xml-id":"C13.S1.XMD3.m1","tex":"$s$","context":{"chapter-title":"Confluent Hypergeometric Functions","chapter-xmlid":"C13"}}}{"expression":{"xml-id":"C13.S1.XMD2.m1","tex":"$n$","context":{"chapter-title":"Confluent Hypergeometric Functions","chapter-xmlid":"C13"}}}{"expression":{"xml-id":"C13.S1.p1.t1.r3.m1","tex":"$x$","context":{"sentence-num-in-corpus":"8099","sentence-xmlid":"C13.S1.p1.t1.s5","chapter-title":"Confluent Hypergeometric Functions","chapter-xmlid":"C13","section-title":"Special Notation","sentence-num-in-chapter":"6","section-xmlid":"C13.S1","sentence-num-in-section":"6","para-num-of-sentences":"17","para-xmlid":"C13.S1.p1"}}}{"expression":{"xml-id":"C13.S1.p1.t1.r3.m2","tex":"$y$","context":{"sentence-num-in-corpus":"8099","sentence-xmlid":"C13.S1.p1.t1.s5","chapter-title":"Confluent Hypergeometric Functions","chapter-xmlid":"C13","section-title":"Special Notation","sentence-num-in-chapter":"6","section-xmlid":"C13.S1","sentence-num-in-section":"6","para-num-of-sentences":"17","para-xmlid":"C13.S1.p1"}}}{"expression":{"xml-id":"C13.S1.XMD5.m1","tex":"$y$","context":{"chapter-title":"Confluent Hypergeometric Functions","chapter-xmlid":"C13"}}}{"expression":{"xml-id":"C13.S1.XMD4.m1","tex":"$x$","context":{"chapter-title":"Confluent Hypergeometric Functions","chapter-xmlid":"C13"}}}{"expression":{"xml-id":"C13.S1.p1.t1.r4.m1","tex":"$z$","context":{"sentence-num-in-corpus":"8101","sentence-xmlid":"C13.S1.p1.t1.s7","chapter-title":"Confluent Hypergeometric Functions","chapter-xmlid":"C13","section-title":"Special Notation","sentence-num-in-chapter":"8","section-xmlid":"C13.S1","sentence-num-in-section":"8","para-num-of-sentences":"17","para-xmlid":"C13.S1.p1"}}}{"expression":{"xml-id":"C13.S1.XMD6.m1","tex":"$z$","context":{"chapter-title":"Confluent Hypergeometric Functions","chapter-xmlid":"C13"}}}{"expression":{"xml-id":"C13.S1.p1.t1.r5.m1","tex":"$\\delta$","context":{"sentence-num-in-corpus":"8103","sentence-xmlid":"C13.S1.p1.t1.s9","chapter-title":"Confluent Hypergeometric Functions","chapter-xmlid":"C13","section-title":"Special Notation","sentence-num-in-chapter":"10","section-xmlid":"C13.S1","sentence-num-in-section":"10","para-num-of-sentences":"17","para-xmlid":"C13.S1.p1"}}}{"expression":{"xml-id":"C13.S1.XMD7.m1","tex":"$\\delta$","context":{"chapter-title":"Confluent Hypergeometric Functions","chapter-xmlid":"C13"}}}{"expression":{"xml-id":"C13.S1.p1.t1.r6.m1","tex":"$\\gamma$","context":{"sentence-num-in-corpus":"8105","sentence-xmlid":"C13.S1.p1.t1.s11","chapter-title":"Confluent Hypergeometric Functions","chapter-xmlid":"C13","section-title":"Special Notation","sentence-num-in-chapter":"12","section-xmlid":"C13.S1","sentence-num-in-section":"12","para-num-of-sentences":"17","para-xmlid":"C13.S1.p1"}}}{"expression":{"xml-id":"C13.S1.p1.t1.r7.m1","tex":"$\\Gamma\\left(x\\right)$","context":{"sentence-num-in-corpus":"8107","sentence-xmlid":"C13.S1.p1.t1.s13","chapter-title":"Confluent Hypergeometric Functions","chapter-xmlid":"C13","section-title":"Special Notation","sentence-num-in-chapter":"14","section-xmlid":"C13.S1","sentence-num-in-section":"14","para-num-of-sentences":"17","para-xmlid":"C13.S1.p1"},"content-tex":"$\\EulerGamma@{x}$"}}{"expression":{"xml-id":"C13.S1.p1.t1.r8.m1","tex":"$\\psi\\left(x\\right)$","context":{"sentence-num-in-corpus":"8109","sentence-xmlid":"C13.S1.p1.t1.s15","chapter-title":"Confluent Hypergeometric Functions","chapter-xmlid":"C13","section-title":"Special Notation","sentence-num-in-chapter":"16","section-xmlid":"C13.S1","sentence-num-in-section":"16","para-num-of-sentences":"17","para-xmlid":"C13.S1.p1"},"content-tex":"$\\digamma@{x}$"}}{"expression":{"xml-id":"C13.S1.p1.t1.r8.m2","tex":"$\\ifrac{\\Gamma'\\left(x\\right)}{\\Gamma\\left(x\\right)}$","context":{"sentence-num-in-corpus":"8110","sentence-xmlid":"C13.S1.p1.t1.s16","chapter-title":"Confluent Hypergeometric Functions","chapter-xmlid":"C13","section-title":"Special Notation","sentence-num-in-chapter":"17","section-xmlid":"C13.S1","sentence-num-in-section":"17","para-num-of-sentences":"17","para-xmlid":"C13.S1.p1"},"content-tex":"$\\ifrac{\\EulerGamma'@{x}}{\\EulerGamma@{x}}$"}}{"expression":{"xml-id":"C13.S1.p2.m1","tex":"$M\\left(a,b,z\\right)$","context":{"sentence-num-in-corpus":"8111","sentence-xmlid":"C13.S1.p2.s1","chapter-title":"Confluent Hypergeometric Functions","chapter-xmlid":"C13","section-title":"Special Notation","sentence-num-in-chapter":"18","section-xmlid":"C13.S1","sentence-num-in-section":"18","para-num-of-sentences":"1","para-xmlid":"C13.S1.p2"},"content-tex":"$\\KummerconfhyperM@{a}{b}{z}$"}}{"expression":{"xml-id":"C13.S1.p2.m2","tex":"$U\\left(a,b,z\\right)$","context":{"sentence-num-in-corpus":"8111","sentence-xmlid":"C13.S1.p2.s1","chapter-title":"Confluent Hypergeometric Functions","chapter-xmlid":"C13","section-title":"Special Notation","sentence-num-in-chapter":"18","section-xmlid":"C13.S1","sentence-num-in-section":"18","para-num-of-sentences":"1","para-xmlid":"C13.S1.p2"},"content-tex":"$\\KummerconfhyperU@{a}{b}{z}$"}}{"expression":{"xml-id":"C13.S1.p2.m3","tex":"${\\mathbf{M}}\\left(a,b,z\\right)$","context":{"sentence-num-in-corpus":"8111","sentence-xmlid":"C13.S1.p2.s1","chapter-title":"Confluent Hypergeometric Functions","chapter-xmlid":"C13","section-title":"Special Notation","sentence-num-in-chapter":"18","section-xmlid":"C13.S1","sentence-num-in-section":"18","para-num-of-sentences":"1","para-xmlid":"C13.S1.p2"},"content-tex":"$\\OlverconfhyperM@{a}{b}{z}$"}}{"expression":{"xml-id":"C13.S1.p2.m4","tex":"$M_{\\kappa,\\mu}\\left(z\\right)$","context":{"sentence-num-in-corpus":"8111","sentence-xmlid":"C13.S1.p2.s1","chapter-title":"Confluent Hypergeometric Functions","chapter-xmlid":"C13","section-title":"Special Notation","sentence-num-in-chapter":"18","section-xmlid":"C13.S1","sentence-num-in-section":"18","para-num-of-sentences":"1","para-xmlid":"C13.S1.p2"},"content-tex":"$\\WhittakerconfhyperM{\\kappa}{\\mu}@{z}$"}}{"expression":{"xml-id":"C13.S1.p2.m5","tex":"$W_{\\kappa,\\mu}\\left(z\\right)$","context":{"sentence-num-in-corpus":"8111","sentence-xmlid":"C13.S1.p2.s1","chapter-title":"Confluent Hypergeometric Functions","chapter-xmlid":"C13","section-title":"Special Notation","sentence-num-in-chapter":"18","section-xmlid":"C13.S1","sentence-num-in-section":"18","para-num-of-sentences":"1","para-xmlid":"C13.S1.p2"},"content-tex":"$\\WhittakerconfhyperW{\\kappa}{\\mu}@{z}$"}}{"expression":{"xml-id":"C13.S1.p3.m1","tex":"${{}_{1}F_{1}}\\left(a;b;z\\right)$","context":{"sentence-num-in-corpus":"8112","sentence-xmlid":"C13.S1.p3.s1","chapter-title":"Confluent Hypergeometric Functions","chapter-xmlid":"C13","section-title":"Special Notation","sentence-num-in-chapter":"19","section-xmlid":"C13.S1","sentence-num-in-section":"19","para-num-of-sentences":"1","para-xmlid":"C13.S1.p3"},"content-tex":"$\\genhyperF{1}{1}@{a}{b}{z}$"}}{"expression":{"xml-id":"C13.S1.p3.m2","tex":"$\\Phi(a;b;z)$","context":{"sentence-num-in-corpus":"8112","sentence-xmlid":"C13.S1.p3.s1","chapter-title":"Confluent Hypergeometric Functions","chapter-xmlid":"C13","section-title":"Special Notation","sentence-num-in-chapter":"19","section-xmlid":"C13.S1","sentence-num-in-section":"19","para-num-of-sentences":"1","para-xmlid":"C13.S1.p3"}}}{"expression":{"xml-id":"C13.S1.p3.m3","tex":"$M\\left(a,b,z\\right)$","context":{"sentence-num-in-corpus":"8112","sentence-xmlid":"C13.S1.p3.s1","chapter-title":"Confluent Hypergeometric Functions","chapter-xmlid":"C13","section-title":"Special Notation","sentence-num-in-chapter":"19","section-xmlid":"C13.S1","sentence-num-in-section":"19","para-num-of-sentences":"1","para-xmlid":"C13.S1.p3"},"content-tex":"$\\KummerconfhyperM@{a}{b}{z}$"}}{"expression":{"xml-id":"C13.S1.p3.m4","tex":"$\\Phi(\\NVar{a};\\NVar{b};\\NVar{z})=M\\left(a,b,z\\right)$","context":{"chapter-title":"Confluent Hypergeometric Functions","chapter-xmlid":"C13"},"content-tex":"$\\Phi(\\NVar{a};\\NVar{b};\\NVar{z})=\\KummerconfhyperM@{a}{b}{z}$"}}{"expression":{"xml-id":"C13.S1.p3.m5","tex":"$\\Psi(a;b;z)$","context":{"sentence-num-in-corpus":"8112","sentence-xmlid":"C13.S1.p3.s1","chapter-title":"Confluent Hypergeometric Functions","chapter-xmlid":"C13","section-title":"Special Notation","sentence-num-in-chapter":"19","section-xmlid":"C13.S1","sentence-num-in-section":"19","para-num-of-sentences":"1","para-xmlid":"C13.S1.p3"}}}{"expression":{"xml-id":"C13.S1.p3.m6","tex":"$U\\left(a,b,z\\right)$","context":{"sentence-num-in-corpus":"8112","sentence-xmlid":"C13.S1.p3.s1","chapter-title":"Confluent Hypergeometric Functions","chapter-xmlid":"C13","section-title":"Special Notation","sentence-num-in-chapter":"19","section-xmlid":"C13.S1","sentence-num-in-section":"19","para-num-of-sentences":"1","para-xmlid":"C13.S1.p3"},"content-tex":"$\\KummerconfhyperU@{a}{b}{z}$"}}{"expression":{"xml-id":"C13.S1.p3.m7","tex":"$\\Psi(\\NVar{a};\\NVar{b};\\NVar{z})=U\\left(a,b,z\\right)$","context":{"chapter-title":"Confluent Hypergeometric Functions","chapter-xmlid":"C13"},"content-tex":"$\\Psi(\\NVar{a};\\NVar{b};\\NVar{z})=\\KummerconfhyperU@{a}{b}{z}$"}}{"expression":{"xml-id":"C13.S1.p3.m8","tex":"$V(b-a,b,z)$","context":{"sentence-num-in-corpus":"8112","sentence-xmlid":"C13.S1.p3.s1","chapter-title":"Confluent Hypergeometric Functions","chapter-xmlid":"C13","section-title":"Special Notation","sentence-num-in-chapter":"19","section-xmlid":"C13.S1","sentence-num-in-section":"19","para-num-of-sentences":"1","para-xmlid":"C13.S1.p3"}}}{"expression":{"xml-id":"C13.S1.p3.m9","tex":"$e^{z}U\\left(a,b,-z\\right)$","context":{"sentence-num-in-corpus":"8112","sentence-xmlid":"C13.S1.p3.s1","chapter-title":"Confluent Hypergeometric Functions","chapter-xmlid":"C13","section-title":"Special Notation","sentence-num-in-chapter":"19","section-xmlid":"C13.S1","sentence-num-in-section":"19","para-num-of-sentences":"1","para-xmlid":"C13.S1.p3"},"content-tex":"$e^{z}\\KummerconfhyperU@{a}{b}{-z}$"}}{"expression":{"xml-id":"C13.S1.p3.m10","tex":"$V(\\NVar{a},\\NVar{b},\\NVar{z})=e^{z}U\\left(a,b,-z\\right)$","context":{"chapter-title":"Confluent Hypergeometric Functions","chapter-xmlid":"C13"},"content-tex":"$V(\\NVar{a},\\NVar{b},\\NVar{z})=e^{z}\\KummerconfhyperU@{a}{b}{-z}$"}}{"expression":{"xml-id":"C13.S1.p3.m11","tex":"$\\Gamma\\left(1+2\\mu\\right)\\mathscr{M}_{\\kappa,\\mu}$","context":{"sentence-num-in-corpus":"8112","sentence-xmlid":"C13.S1.p3.s1","chapter-title":"Confluent Hypergeometric Functions","chapter-xmlid":"C13","section-title":"Special Notation","sentence-num-in-chapter":"19","section-xmlid":"C13.S1","sentence-num-in-section":"19","para-num-of-sentences":"1","para-xmlid":"C13.S1.p3"},"content-tex":"$\\EulerGamma@{1+2\\mu}\\mathscr{M}_{\\kappa,\\mu}$"}}{"expression":{"xml-id":"C13.S1.p3.m12","tex":"$M_{\\kappa,\\mu}\\left(z\\right)$","context":{"sentence-num-in-corpus":"8112","sentence-xmlid":"C13.S1.p3.s1","chapter-title":"Confluent Hypergeometric Functions","chapter-xmlid":"C13","section-title":"Special Notation","sentence-num-in-chapter":"19","section-xmlid":"C13.S1","sentence-num-in-section":"19","para-num-of-sentences":"1","para-xmlid":"C13.S1.p3"},"content-tex":"$\\WhittakerconfhyperM{\\kappa}{\\mu}@{z}$"}}{"expression":{"xml-id":"C13.S1.p3.m13","tex":"$\\mathscr{M}_{\\NVar{\\kappa},\\NVar{\\mu}}=M_{\\kappa,\\mu}\\left(z\\right)\/\\Gamma \\left(1+2\\mu\\right)$","context":{"chapter-title":"Confluent Hypergeometric Functions","chapter-xmlid":"C13"},"content-tex":"$\\mathscr{M}_{\\NVar{\\kappa},\\NVar{\\mu}}=\\WhittakerconfhyperM{\\kappa}{\\mu}@{z}\/ \\EulerGamma@{1+2\\mu}$"}}{"expression":{"xml-id":"C13.S20.m2a","tex":"$\\mu$","context":{"chapter-title":"Confluent Hypergeometric Functions","chapter-xmlid":"C13"}}}{"expression":{"xml-id":"C13.S21.m2a","tex":"$\\kappa$","context":{"chapter-title":"Confluent Hypergeometric Functions","chapter-xmlid":"C13"}}}