{"expression":{"context-references":{"sentence-num-in-corpus":"8337","subsection-xmlid":"C13.S16.SS1","sentence-xmlid":"C13.S16.SS1.p1.s1","chapter-title":"Confluent Hypergeometric Functions","chapter-xmlid":"C13","section-title":"Integral Representations","sentence-num-in-chapter":"244","section-xmlid":"C13.S16","sentence-num-in-section":"1","para-num-of-sentences":"3","para-xmlid":"C13.S16.SS1.p1","subsection-title":"Integrals Along the Real Line"},"xml-id":"C13.S16.SS1.p1.m1","tex":"$J_{2\\mu}$","content-tex":"$\\BesselJ{2\\mu}$"}}{"expression":{"context-references":{"sentence-num-in-corpus":"8337","subsection-xmlid":"C13.S16.SS1","sentence-xmlid":"C13.S16.SS1.p1.s1","chapter-title":"Confluent Hypergeometric Functions","chapter-xmlid":"C13","section-title":"Integral Representations","sentence-num-in-chapter":"244","section-xmlid":"C13.S16","sentence-num-in-section":"1","para-num-of-sentences":"3","para-xmlid":"C13.S16.SS1.p1","subsection-title":"Integrals Along the Real Line"},"xml-id":"C13.S16.SS1.p1.m2","tex":"$I_{2\\mu}$","content-tex":"$\\modBesselI{2\\mu}$"}}{"expression":{"context-references":{"sentence-num-in-corpus":"8337","subsection-xmlid":"C13.S16.SS1","sentence-xmlid":"C13.S16.SS1.p1.s1","chapter-title":"Confluent Hypergeometric Functions","chapter-xmlid":"C13","section-title":"Integral Representations","sentence-num-in-chapter":"244","section-xmlid":"C13.S16","sentence-num-in-section":"1","para-num-of-sentences":"3","para-xmlid":"C13.S16.SS1.p1","subsection-title":"Integrals Along the Real Line"},"xml-id":"C13.S16.SS1.p1.m3","tex":"$K_{2\\mu}$","content-tex":"$\\modBesselK{2\\mu}$"}}{"expression":{"context-references":{"sentence-num-in-corpus":"8337","subsection-xmlid":"C13.S16.SS1","sentence-xmlid":"C13.S16.SS1.p1.s1","chapter-title":"Confluent Hypergeometric Functions","chapter-xmlid":"C13","section-title":"Integral Representations","sentence-num-in-chapter":"244","section-xmlid":"C13.S16","sentence-num-in-section":"1","para-num-of-sentences":"3","para-xmlid":"C13.S16.SS1.p1","subsection-title":"Integrals Along the Real Line"},"xml-id":"C13.S16.SS1.p1.m4","tex":"${{}_{2}{\\mathbf{F}}_{1}}$","content-tex":"$\\genhyperOlverF{2}{1}$"}}{"equation":{"symbols-used":[{"symbol":{"tex":"$\\Gamma\\left(\\NVar{z}\\right)$","meaning":"gamma function","idref":"C5.S2.E1","content-tex":"$\\EulerGamma@{\\NVar{z}}$"}},{"symbol":{"tex":"$M_{\\NVar{\\kappa},\\NVar{\\mu}}\\left(\\NVar{z}\\right)$","meaning":"Whittaker confluent hypergeometric function","idref":"C13.S14.E2","content-tex":"$\\WhittakerconfhyperM{\\NVar{\\kappa}}{\\NVar{\\mu}}@{\\NVar{z}}$"}},{"symbol":{"tex":"$\\mathrm{d}\\NVar{x}$","meaning":"differential of $x$","idref":"C1.S4.SS4","content-tex":"$\\diff{\\NVar{x}}$"}},{"symbol":{"tex":"$\\mathrm{e}$","meaning":"base of natural logarithm","idref":"C4.S2.E11","content-tex":"$\\expe$"}},{"symbol":{"tex":"$\\int$","meaning":"integral","idref":"C1.S4.SS4"}},{"symbol":{"tex":"$\\Re$","meaning":"real part","idref":"C1.S9.E2","content-tex":"$\\realpart@@$"}},{"symbol":{"tex":"$z$","meaning":"complex variable","idref":"C13.S1.p1.t1.r4"}}],"context-references":{"sentence-num-in-corpus":"8338","subsection-xmlid":"C13.S16.SS1","sentence-xmlid":"C13.S16.SS1.p1.s2","chapter-title":"Confluent Hypergeometric Functions","chapter-xmlid":"C13","section-title":"Integral Representations","sentence-num-in-chapter":"245","section-xmlid":"C13.S16","sentence-num-in-section":"2","para-num-of-sentences":"3","para-xmlid":"C13.S16.SS1.p1","subsection-title":"Integrals Along the Real Line"},"xml-id":"C13.S16.E1","tex":"$M_{\\kappa,\\mu}\\left(z\\right)=\\frac{\\Gamma\\left(1+2\\mu\\right)z^{\\mu+\\frac{1}{2} }2^{-2\\mu}}{\\Gamma\\left(\\frac{1}{2}+\\mu-\\kappa\\right)\\Gamma\\left(\\frac{1}{2}+ \\mu+\\kappa\\right)}\\*\\int_{-1}^{1}e^{\\frac{1}{2}zt}(1+t)^{\\mu-\\frac{1}{2}- \\kappa}(1-t)^{\\mu-\\frac{1}{2}+\\kappa}\\mathrm{d}t,$","permalink":"http:\/\/dlmf.nist.gov\/13.16.E1","equation-number":"13.16.1","constraints":{"tex":"$\\Re\\mu+\\tfrac{1}{2}>\\left|\\Re\\kappa\\right|$,","content-tex":"$\\realpart@@{\\mu}+\\tfrac{1}{2}>\\left|\\realpart@@{\\kappa}\\right|$,"},"content-tex":"$\\WhittakerconfhyperM{\\kappa}{\\mu}@{z}=\\frac{\\EulerGamma@{1+2\\mu}z^{\\mu+\\frac{1 }{2}}2^{-2\\mu}}{\\EulerGamma@{\\frac{1}{2}+\\mu-\\kappa}\\EulerGamma@{\\frac{1}{2}+ \\mu+\\kappa}}\\*\\int_{-1}^{1}e^{\\frac{1}{2}zt}(1+t)^{\\mu-\\frac{1}{2}-\\kappa}(1-t )^{\\mu-\\frac{1}{2}+\\kappa}\\diff{t},$"}}{"equation":{"symbols-used":[{"symbol":{"tex":"$\\Gamma\\left(\\NVar{z}\\right)$","meaning":"gamma function","idref":"C5.S2.E1","content-tex":"$\\EulerGamma@{\\NVar{z}}$"}},{"symbol":{"tex":"$M_{\\NVar{\\kappa},\\NVar{\\mu}}\\left(\\NVar{z}\\right)$","meaning":"Whittaker confluent hypergeometric function","idref":"C13.S14.E2","content-tex":"$\\WhittakerconfhyperM{\\NVar{\\kappa}}{\\NVar{\\mu}}@{\\NVar{z}}$"}},{"symbol":{"tex":"$\\mathrm{d}\\NVar{x}$","meaning":"differential of $x$","idref":"C1.S4.SS4","content-tex":"$\\diff{\\NVar{x}}$"}},{"symbol":{"tex":"$\\mathrm{e}$","meaning":"base of natural logarithm","idref":"C4.S2.E11","content-tex":"$\\expe$"}},{"symbol":{"tex":"$\\int$","meaning":"integral","idref":"C1.S4.SS4"}},{"symbol":{"tex":"$\\Re$","meaning":"real part","idref":"C1.S9.E2","content-tex":"$\\realpart@@$"}},{"symbol":{"tex":"$z$","meaning":"complex variable","idref":"C13.S1.p1.t1.r4"}}],"context-references":{"sentence-num-in-corpus":"8338","subsection-xmlid":"C13.S16.SS1","sentence-xmlid":"C13.S16.SS1.p1.s2","chapter-title":"Confluent Hypergeometric Functions","chapter-xmlid":"C13","section-title":"Integral Representations","sentence-num-in-chapter":"245","section-xmlid":"C13.S16","sentence-num-in-section":"2","para-num-of-sentences":"3","para-xmlid":"C13.S16.SS1.p1","subsection-title":"Integrals Along the Real Line"},"xml-id":"C13.S16.E2","tex":"$M_{\\kappa,\\mu}\\left(z\\right)=\\frac{\\Gamma\\left(1+2\\mu\\right)z^{\\lambda}}{ \\Gamma\\left(1+2\\mu-2\\lambda\\right)\\Gamma\\left(2\\lambda\\right)}\\*\\int_{0}^{1}M_ {\\kappa-\\lambda,\\mu-\\lambda}\\left(zt\\right)e^{\\frac{1}{2}z(t-1)}t^{\\mu-\\lambda -\\frac{1}{2}}{(1-t)^{2\\lambda-1}}\\mathrm{d}t,$","permalink":"http:\/\/dlmf.nist.gov\/13.16.E2","equation-number":"13.16.2","constraints":{"tex":"$\\Re\\mu+\\tfrac{1}{2}>\\Re\\lambda>0$,","content-tex":"$\\realpart@@{\\mu}+\\tfrac{1}{2}>\\realpart@@{\\lambda}>0$,"},"content-tex":"$\\WhittakerconfhyperM{\\kappa}{\\mu}@{z}=\\frac{\\EulerGamma@{1+2\\mu}z^{\\lambda}}{ \\EulerGamma@{1+2\\mu-2\\lambda}\\EulerGamma@{2\\lambda}}\\*\\int_{0}^{1} \\WhittakerconfhyperM{\\kappa-\\lambda}{\\mu-\\lambda}@{zt}e^{\\frac{1}{2}z(t-1)}t^{ \\mu-\\lambda-\\frac{1}{2}}{(1-t)^{2\\lambda-1}}\\diff{t},$"}}{"equation":{"symbols-used":[{"symbol":{"tex":"$J_{\\NVar{\\nu}}\\left(\\NVar{z}\\right)$","meaning":"Bessel function of the first kind","idref":"C10.S2.E2","content-tex":"$\\BesselJ{\\NVar{\\nu}}@{\\NVar{z}}$"}},{"symbol":{"tex":"$\\Gamma\\left(\\NVar{z}\\right)$","meaning":"gamma function","idref":"C5.S2.E1","content-tex":"$\\EulerGamma@{\\NVar{z}}$"}},{"symbol":{"tex":"$M_{\\NVar{\\kappa},\\NVar{\\mu}}\\left(\\NVar{z}\\right)$","meaning":"Whittaker confluent hypergeometric function","idref":"C13.S14.E2","content-tex":"$\\WhittakerconfhyperM{\\NVar{\\kappa}}{\\NVar{\\mu}}@{\\NVar{z}}$"}},{"symbol":{"tex":"$\\mathrm{d}\\NVar{x}$","meaning":"differential of $x$","idref":"C1.S4.SS4","content-tex":"$\\diff{\\NVar{x}}$"}},{"symbol":{"tex":"$\\mathrm{e}$","meaning":"base of natural logarithm","idref":"C4.S2.E11","content-tex":"$\\expe$"}},{"symbol":{"tex":"$\\int$","meaning":"integral","idref":"C1.S4.SS4"}},{"symbol":{"tex":"$\\Re$","meaning":"real part","idref":"C1.S9.E2","content-tex":"$\\realpart@@$"}},{"symbol":{"tex":"$z$","meaning":"complex variable","idref":"C13.S1.p1.t1.r4"}}],"context-references":{"sentence-num-in-corpus":"8338","subsection-xmlid":"C13.S16.SS1","sentence-xmlid":"C13.S16.SS1.p1.s2","chapter-title":"Confluent Hypergeometric Functions","chapter-xmlid":"C13","section-title":"Integral Representations","sentence-num-in-chapter":"245","section-xmlid":"C13.S16","sentence-num-in-section":"2","para-num-of-sentences":"3","para-xmlid":"C13.S16.SS1.p1","subsection-title":"Integrals Along the Real Line"},"xml-id":"C13.S16.E3","tex":"$\\frac{1}{\\Gamma\\left(1+2\\mu\\right)}M_{\\kappa,\\mu}\\left(z\\right)=\\frac{\\sqrt{z} e^{\\frac{1}{2}z}}{\\Gamma\\left(\\frac{1}{2}+\\mu+\\kappa\\right)}\\int_{0}^{\\infty}e ^{-t}t^{\\kappa-\\frac{1}{2}}J_{2\\mu}\\left(2\\sqrt{zt}\\right)\\mathrm{d}t,$","permalink":"http:\/\/dlmf.nist.gov\/13.16.E3","equation-number":"13.16.3","constraints":{"tex":"$\\Re(\\kappa+\\mu)+\\tfrac{1}{2}>0$,","content-tex":"$\\realpart@@{(\\kappa+\\mu)+\\tfrac{1}{2}}>0$,"},"content-tex":"$\\frac{1}{\\EulerGamma@{1+2\\mu}}\\WhittakerconfhyperM{\\kappa}{\\mu}@{z}=\\frac{ \\sqrt{z}e^{\\frac{1}{2}z}}{\\EulerGamma@{\\frac{1}{2}+\\mu+\\kappa}}\\int_{0}^{ \\infty}e^{-t}t^{\\kappa-\\frac{1}{2}}\\BesselJ{2\\mu}@{2\\sqrt{zt}}\\diff{t},$"}}{"equation":{"symbols-used":[{"symbol":{"tex":"$\\Gamma\\left(\\NVar{z}\\right)$","meaning":"gamma function","idref":"C5.S2.E1","content-tex":"$\\EulerGamma@{\\NVar{z}}$"}},{"symbol":{"tex":"$M_{\\NVar{\\kappa},\\NVar{\\mu}}\\left(\\NVar{z}\\right)$","meaning":"Whittaker confluent hypergeometric function","idref":"C13.S14.E2","content-tex":"$\\WhittakerconfhyperM{\\NVar{\\kappa}}{\\NVar{\\mu}}@{\\NVar{z}}$"}},{"symbol":{"tex":"$\\mathrm{d}\\NVar{x}$","meaning":"differential of $x$","idref":"C1.S4.SS4","content-tex":"$\\diff{\\NVar{x}}$"}},{"symbol":{"tex":"$\\mathrm{e}$","meaning":"base of natural logarithm","idref":"C4.S2.E11","content-tex":"$\\expe$"}},{"symbol":{"tex":"$\\int$","meaning":"integral","idref":"C1.S4.SS4"}},{"symbol":{"tex":"$I_{\\NVar{\\nu}}\\left(\\NVar{z}\\right)$","meaning":"modified Bessel function of the first kind","idref":"C10.S25.E2","content-tex":"$\\modBesselI{\\NVar{\\nu}}@{\\NVar{z}}$"}},{"symbol":{"tex":"$\\Re$","meaning":"real part","idref":"C1.S9.E2","content-tex":"$\\realpart@@$"}},{"symbol":{"tex":"$z$","meaning":"complex variable","idref":"C13.S1.p1.t1.r4"}}],"context-references":{"sentence-num-in-corpus":"8338","subsection-xmlid":"C13.S16.SS1","sentence-xmlid":"C13.S16.SS1.p1.s2","chapter-title":"Confluent Hypergeometric Functions","chapter-xmlid":"C13","section-title":"Integral Representations","sentence-num-in-chapter":"245","section-xmlid":"C13.S16","sentence-num-in-section":"2","para-num-of-sentences":"3","para-xmlid":"C13.S16.SS1.p1","subsection-title":"Integrals Along the Real Line"},"xml-id":"C13.S16.E4","tex":"$\\frac{1}{\\Gamma\\left(1+2\\mu\\right)}M_{\\kappa,\\mu}\\left(z\\right)=\\frac{\\sqrt{z} e^{-\\frac{1}{2}z}}{\\Gamma\\left(\\frac{1}{2}+\\mu-\\kappa\\right)}\\*\\int_{0}^{ \\infty}e^{-t}t^{-\\kappa-\\frac{1}{2}}I_{2\\mu}\\left(2\\sqrt{zt}\\right)\\mathrm{d}t,$","permalink":"http:\/\/dlmf.nist.gov\/13.16.E4","equation-number":"13.16.4","constraints":{"tex":"$\\Re(\\kappa-\\mu)-\\tfrac{1}{2}<0$.","content-tex":"$\\realpart@@{(\\kappa-\\mu)-\\tfrac{1}{2}}<0$."},"content-tex":"$\\frac{1}{\\EulerGamma@{1+2\\mu}}\\WhittakerconfhyperM{\\kappa}{\\mu}@{z}=\\frac{ \\sqrt{z}e^{-\\frac{1}{2}z}}{\\EulerGamma@{\\frac{1}{2}+\\mu-\\kappa}}\\*\\int_{0}^{ \\infty}e^{-t}t^{-\\kappa-\\frac{1}{2}}\\modBesselI{2\\mu}@{2\\sqrt{zt}}\\diff{t},$"}}{"equation":{"symbols-used":[{"symbol":{"tex":"$\\Gamma\\left(\\NVar{z}\\right)$","meaning":"gamma function","idref":"C5.S2.E1","content-tex":"$\\EulerGamma@{\\NVar{z}}$"}},{"symbol":{"tex":"$W_{\\NVar{\\kappa},\\NVar{\\mu}}\\left(\\NVar{z}\\right)$","meaning":"Whittaker confluent hypergeometric function","idref":"C13.S14.E3","content-tex":"$\\WhittakerconfhyperW{\\NVar{\\kappa}}{\\NVar{\\mu}}@{\\NVar{z}}$"}},{"symbol":{"tex":"$\\pi$","meaning":"the ratio of the circumference of a circle to its diameter","idref":"C3.S12.E1","content-tex":"$\\cpi$"}},{"symbol":{"tex":"$\\mathrm{d}\\NVar{x}$","meaning":"differential of $x$","idref":"C1.S4.SS4","content-tex":"$\\diff{\\NVar{x}}$"}},{"symbol":{"tex":"$\\mathrm{e}$","meaning":"base of natural logarithm","idref":"C4.S2.E11","content-tex":"$\\expe$"}},{"symbol":{"tex":"$\\int$","meaning":"integral","idref":"C1.S4.SS4"}},{"symbol":{"tex":"$\\operatorname{ph}$","meaning":"phase","idref":"C1.S9.E7","content-tex":"$\\phase$"}},{"symbol":{"tex":"$\\Re$","meaning":"real part","idref":"C1.S9.E2","content-tex":"$\\realpart@@$"}},{"symbol":{"tex":"$z$","meaning":"complex variable","idref":"C13.S1.p1.t1.r4"}}],"context-references":{"sentence-num-in-corpus":"8339","subsection-xmlid":"C13.S16.SS1","sentence-xmlid":"C13.S16.SS1.p1.s3","chapter-title":"Confluent Hypergeometric Functions","chapter-xmlid":"C13","section-title":"Integral Representations","sentence-num-in-chapter":"246","section-xmlid":"C13.S16","sentence-num-in-section":"3","para-num-of-sentences":"3","para-xmlid":"C13.S16.SS1.p1","subsection-title":"Integrals Along the Real Line"},"xml-id":"C13.S16.E5","tex":"$W_{\\kappa,\\mu}\\left(z\\right)=\\frac{z^{\\mu+\\frac{1}{2}}2^{-2\\mu}}{\\Gamma\\left( \\frac{1}{2}+\\mu-\\kappa\\right)}\\*\\int_{1}^{\\infty}e^{-\\frac{1}{2}zt}(t-1)^{\\mu- \\frac{1}{2}-\\kappa}(t+1)^{\\mu-\\frac{1}{2}+\\kappa}\\mathrm{d}t,$","permalink":"http:\/\/dlmf.nist.gov\/13.16.E5","equation-number":"13.16.5","constraints":{"tex":"$\\Re\\mu+\\tfrac{1}{2}>\\Re\\kappa$, $|\\operatorname{ph}{z}|<\\frac{1}{2}\\pi$,","content-tex":"$\\realpart@@{\\mu}+\\tfrac{1}{2}>\\realpart@@{\\kappa}$, $|\\phase{z}|<\\frac{1}{2}\\pi$,"},"content-tex":"$\\WhittakerconfhyperW{\\kappa}{\\mu}@{z}=\\frac{z^{\\mu+\\frac{1}{2}}2^{-2\\mu}}{ \\EulerGamma@{\\frac{1}{2}+\\mu-\\kappa}}\\*\\int_{1}^{\\infty}e^{-\\frac{1}{2}zt}(t-1 )^{\\mu-\\frac{1}{2}-\\kappa}(t+1)^{\\mu-\\frac{1}{2}+\\kappa}\\diff{t},$"}}{"equation":{"symbols-used":[{"symbol":{"tex":"$\\Gamma\\left(\\NVar{z}\\right)$","meaning":"gamma function","idref":"C5.S2.E1","content-tex":"$\\EulerGamma@{\\NVar{z}}$"}},{"symbol":{"tex":"$W_{\\NVar{\\kappa},\\NVar{\\mu}}\\left(\\NVar{z}\\right)$","meaning":"Whittaker confluent hypergeometric function","idref":"C13.S14.E3","content-tex":"$\\WhittakerconfhyperW{\\NVar{\\kappa}}{\\NVar{\\mu}}@{\\NVar{z}}$"}},{"symbol":{"tex":"$\\pi$","meaning":"the ratio of the circumference of a circle to its diameter","idref":"C3.S12.E1","content-tex":"$\\cpi$"}},{"symbol":{"tex":"$\\mathrm{d}\\NVar{x}$","meaning":"differential of $x$","idref":"C1.S4.SS4","content-tex":"$\\diff{\\NVar{x}}$"}},{"symbol":{"tex":"$\\mathrm{e}$","meaning":"base of natural logarithm","idref":"C4.S2.E11","content-tex":"$\\expe$"}},{"symbol":{"tex":"$\\int$","meaning":"integral","idref":"C1.S4.SS4"}},{"symbol":{"tex":"$\\operatorname{ph}$","meaning":"phase","idref":"C1.S9.E7","content-tex":"$\\phase$"}},{"symbol":{"tex":"$\\Re$","meaning":"real part","idref":"C1.S9.E2","content-tex":"$\\realpart@@$"}},{"symbol":{"tex":"$z$","meaning":"complex variable","idref":"C13.S1.p1.t1.r4"}}],"context-references":{"sentence-num-in-corpus":"8339","subsection-xmlid":"C13.S16.SS1","sentence-xmlid":"C13.S16.SS1.p1.s3","chapter-title":"Confluent Hypergeometric Functions","chapter-xmlid":"C13","section-title":"Integral Representations","sentence-num-in-chapter":"246","section-xmlid":"C13.S16","sentence-num-in-section":"3","para-num-of-sentences":"3","para-xmlid":"C13.S16.SS1.p1","subsection-title":"Integrals Along the Real Line"},"xml-id":"C13.S16.E6","tex":"$W_{\\kappa,\\mu}\\left(z\\right)=\\frac{e^{-\\frac{1}{2}z}z^{\\kappa+1}}{\\Gamma\\left( \\frac{1}{2}+\\mu-\\kappa\\right)\\Gamma\\left(\\frac{1}{2}-\\mu-\\kappa\\right)}\\*\\int_ {0}^{\\infty}\\frac{W_{-\\kappa,\\mu}\\left(t\\right)e^{-\\frac{1}{2}t}t^{-\\kappa-1}} {t+z}\\mathrm{d}t,$","permalink":"http:\/\/dlmf.nist.gov\/13.16.E6","equation-number":"13.16.6","constraints":{"tex":"$|\\operatorname{ph}{z}|<\\pi$, $\\Re(\\frac{1}{2}+\\mu-\\kappa)>\\max\\left(2\\Re\\mu,0\\right)$,","content-tex":"$|\\phase{z}|<\\pi$, $\\realpart@@{(\\frac{1}{2}+\\mu-\\kappa)}>\\max\\left(2\\realpart@@{\\mu},0\\right)$,"},"content-tex":"$\\WhittakerconfhyperW{\\kappa}{\\mu}@{z}=\\frac{e^{-\\frac{1}{2}z}z^{\\kappa+1}}{ \\EulerGamma@{\\frac{1}{2}+\\mu-\\kappa}\\EulerGamma@{\\frac{1}{2}-\\mu-\\kappa}}\\* \\int_{0}^{\\infty}\\frac{\\WhittakerconfhyperW{-\\kappa}{\\mu}@{t}e^{-\\frac{1}{2}t} t^{-\\kappa-1}}{t+z}\\diff{t},$"}}{"equation":{"symbols-used":[{"symbol":{"tex":"$\\Gamma\\left(\\NVar{z}\\right)$","meaning":"gamma function","idref":"C5.S2.E1","content-tex":"$\\EulerGamma@{\\NVar{z}}$"}},{"symbol":{"tex":"$M_{\\NVar{\\kappa},\\NVar{\\mu}}\\left(\\NVar{z}\\right)$","meaning":"Whittaker confluent hypergeometric function","idref":"C13.S14.E2","content-tex":"$\\WhittakerconfhyperM{\\NVar{\\kappa}}{\\NVar{\\mu}}@{\\NVar{z}}$"}},{"symbol":{"tex":"$W_{\\NVar{\\kappa},\\NVar{\\mu}}\\left(\\NVar{z}\\right)$","meaning":"Whittaker confluent hypergeometric function","idref":"C13.S14.E3","content-tex":"$\\WhittakerconfhyperW{\\NVar{\\kappa}}{\\NVar{\\mu}}@{\\NVar{z}}$"}},{"symbol":{"tex":"$\\pi$","meaning":"the ratio of the circumference of a circle to its diameter","idref":"C3.S12.E1","content-tex":"$\\cpi$"}},{"symbol":{"tex":"$\\mathrm{d}\\NVar{x}$","meaning":"differential of $x$","idref":"C1.S4.SS4","content-tex":"$\\diff{\\NVar{x}}$"}},{"symbol":{"tex":"$\\mathrm{e}$","meaning":"base of natural logarithm","idref":"C4.S2.E11","content-tex":"$\\expe$"}},{"symbol":{"tex":"$\\int$","meaning":"integral","idref":"C1.S4.SS4"}},{"symbol":{"tex":"$\\operatorname{ph}$","meaning":"phase","idref":"C1.S9.E7","content-tex":"$\\phase$"}},{"symbol":{"tex":"$\\Re$","meaning":"real part","idref":"C1.S9.E2","content-tex":"$\\realpart@@$"}},{"symbol":{"tex":"$n$","meaning":"nonnegative integer","idref":"C13.S1.p1.t1.r2"}},{"symbol":{"tex":"$z$","meaning":"complex variable","idref":"C13.S1.p1.t1.r4"}}],"context-references":{"sentence-num-in-corpus":"8339","subsection-xmlid":"C13.S16.SS1","sentence-xmlid":"C13.S16.SS1.p1.s3","chapter-title":"Confluent Hypergeometric Functions","chapter-xmlid":"C13","section-title":"Integral Representations","sentence-num-in-chapter":"246","section-xmlid":"C13.S16","sentence-num-in-section":"3","para-num-of-sentences":"3","para-xmlid":"C13.S16.SS1.p1","subsection-title":"Integrals Along the Real Line"},"xml-id":"C13.S16.E7","tex":"$W_{\\kappa,\\mu}\\left(z\\right)=\\frac{(-1)^{n}e^{-\\frac{1}{2}z}z^{\\frac{1}{2}-\\mu -n}}{\\Gamma\\left(1+2\\mu\\right)\\Gamma\\left(\\frac{1}{2}-\\mu-\\kappa\\right)}\\*\\int _{0}^{\\infty}\\frac{M_{-\\kappa,\\mu}\\left(t\\right)e^{-\\frac{1}{2}t}t^{n+\\mu- \\frac{1}{2}}}{t+z}\\mathrm{d}t,$","permalink":"http:\/\/dlmf.nist.gov\/13.16.E7","equation-number":"13.16.7","constraints":{"tex":"$|\\operatorname{ph}z|<\\pi$, $n=0,1,2,\\dots$, $-\\Re(1+2\\mu)<n<\\left|\\Re\\mu\\right|+\\Re\\kappa<\\tfrac{1}{2}$,","content-tex":"$|\\phase@@{z}|<\\pi$, $n=0,1,2,\\dots$, $-\\realpart@@{(1+2\\mu)}<n<\\abs{\\realpart@@{\\mu}}+\\realpart@@{\\kappa}<\\tfrac{1}{2}$,"},"content-tex":"$\\WhittakerconfhyperW{\\kappa}{\\mu}@{z}=\\frac{(-1)^{n}e^{-\\frac{1}{2}z}z^{\\frac{ 1}{2}-\\mu-n}}{\\EulerGamma@{1+2\\mu}\\EulerGamma@{\\frac{1}{2}-\\mu-\\kappa}}\\*\\int_ {0}^{\\infty}\\frac{\\WhittakerconfhyperM{-\\kappa}{\\mu}@{t}e^{-\\frac{1}{2}t}t^{n+ \\mu-\\frac{1}{2}}}{t+z}\\diff{t},$"}}{"equation":{"symbols-used":[{"symbol":{"tex":"$\\Gamma\\left(\\NVar{z}\\right)$","meaning":"gamma function","idref":"C5.S2.E1","content-tex":"$\\EulerGamma@{\\NVar{z}}$"}},{"symbol":{"tex":"$W_{\\NVar{\\kappa},\\NVar{\\mu}}\\left(\\NVar{z}\\right)$","meaning":"Whittaker confluent hypergeometric function","idref":"C13.S14.E3","content-tex":"$\\WhittakerconfhyperW{\\NVar{\\kappa}}{\\NVar{\\mu}}@{\\NVar{z}}$"}},{"symbol":{"tex":"$\\mathrm{d}\\NVar{x}$","meaning":"differential of $x$","idref":"C1.S4.SS4","content-tex":"$\\diff{\\NVar{x}}$"}},{"symbol":{"tex":"$\\mathrm{e}$","meaning":"base of natural logarithm","idref":"C4.S2.E11","content-tex":"$\\expe$"}},{"symbol":{"tex":"$\\int$","meaning":"integral","idref":"C1.S4.SS4"}},{"symbol":{"tex":"$K_{\\NVar{\\nu}}\\left(\\NVar{z}\\right)$","meaning":"modified Bessel function of the second kind","idref":"C10.S25.E3","content-tex":"$\\modBesselK{\\NVar{\\nu}}@{\\NVar{z}}$"}},{"symbol":{"tex":"$\\Re$","meaning":"real part","idref":"C1.S9.E2","content-tex":"$\\realpart@@$"}},{"symbol":{"tex":"$z$","meaning":"complex variable","idref":"C13.S1.p1.t1.r4"}}],"context-references":{"sentence-num-in-corpus":"8339","subsection-xmlid":"C13.S16.SS1","sentence-xmlid":"C13.S16.SS1.p1.s3","chapter-title":"Confluent Hypergeometric Functions","chapter-xmlid":"C13","section-title":"Integral Representations","sentence-num-in-chapter":"246","section-xmlid":"C13.S16","sentence-num-in-section":"3","para-num-of-sentences":"3","para-xmlid":"C13.S16.SS1.p1","subsection-title":"Integrals Along the Real Line"},"xml-id":"C13.S16.E8","tex":"$W_{\\kappa,\\mu}\\left(z\\right)=\\frac{2\\sqrt{z}e^{-\\frac{1}{2}z}}{\\Gamma\\left( \\frac{1}{2}+\\mu-\\kappa\\right)\\Gamma\\left(\\frac{1}{2}-\\mu-\\kappa\\right)}\\*\\int_ {0}^{\\infty}e^{-t}t^{-\\kappa-\\frac{1}{2}}K_{2\\mu}\\left(2\\sqrt{zt}\\right) \\mathrm{d}t,$","permalink":"http:\/\/dlmf.nist.gov\/13.16.E8","equation-number":"13.16.8","constraints":{"tex":"$\\Re(\\mu-\\kappa)+\\tfrac{1}{2}>0$,","content-tex":"$\\realpart@@{(\\mu-\\kappa)+\\tfrac{1}{2}}>0$,"},"content-tex":"$\\WhittakerconfhyperW{\\kappa}{\\mu}@{z}=\\frac{2\\sqrt{z}e^{-\\frac{1}{2}z}}{ \\EulerGamma@{\\frac{1}{2}+\\mu-\\kappa}\\EulerGamma@{\\frac{1}{2}-\\mu-\\kappa}}\\* \\int_{0}^{\\infty}e^{-t}t^{-\\kappa-\\frac{1}{2}}\\modBesselK{2\\mu}@{2\\sqrt{zt}} \\diff{t},$"}}{"equation":{"symbols-used":[{"symbol":{"tex":"$W_{\\NVar{\\kappa},\\NVar{\\mu}}\\left(\\NVar{z}\\right)$","meaning":"Whittaker confluent hypergeometric function","idref":"C13.S14.E3","content-tex":"$\\WhittakerconfhyperW{\\NVar{\\kappa}}{\\NVar{\\mu}}@{\\NVar{z}}$"}},{"symbol":{"tex":"$\\pi$","meaning":"the ratio of the circumference of a circle to its diameter","idref":"C3.S12.E1","content-tex":"$\\cpi$"}},{"symbol":{"tex":"$\\mathrm{d}\\NVar{x}$","meaning":"differential of $x$","idref":"C1.S4.SS4","content-tex":"$\\diff{\\NVar{x}}$"}},{"symbol":{"tex":"$\\mathrm{e}$","meaning":"base of natural logarithm","idref":"C4.S2.E11","content-tex":"$\\expe$"}},{"symbol":{"tex":"${{}_{\\NVar{p}}{\\mathbf{F}}_{\\NVar{q}}}\\left(\\NVar{\\mathbf{a}};\\NVar{\\mathbf{b} };\\NVar{z}\\right)$","meaning":"scaled (or Olver\u2019s) generalized hypergeometric function","idref":"C16.S2.E5","content-tex":"$\\genhyperOlverF{\\NVar{p}}{\\NVar{q}}@{\\NVar{\\mathbf{a}}}{\\NVar{\\mathbf{b}}}{ \\NVar{z}}$"}},{"symbol":{"tex":"$\\int$","meaning":"integral","idref":"C1.S4.SS4"}},{"symbol":{"tex":"$\\operatorname{ph}$","meaning":"phase","idref":"C1.S9.E7","content-tex":"$\\phase$"}},{"symbol":{"tex":"$z$","meaning":"complex variable","idref":"C13.S1.p1.t1.r4"}}],"context-references":{"sentence-num-in-corpus":"8339","subsection-xmlid":"C13.S16.SS1","sentence-xmlid":"C13.S16.SS1.p1.s3","chapter-title":"Confluent Hypergeometric Functions","chapter-xmlid":"C13","section-title":"Integral Representations","sentence-num-in-chapter":"246","section-xmlid":"C13.S16","sentence-num-in-section":"3","para-num-of-sentences":"3","para-xmlid":"C13.S16.SS1.p1","subsection-title":"Integrals Along the Real Line"},"xml-id":"C13.S16.E9","tex":"$W_{\\kappa,\\mu}\\left(z\\right)=e^{-\\frac{1}{2}z}z^{\\kappa+c}\\*\\int_{0}^{\\infty}e ^{-zt}t^{c-1}{{}_{2}{\\mathbf{F}}_{1}}\\left({\\tfrac{1}{2}+\\mu-\\kappa,\\tfrac{1}{ 2}-\\mu-\\kappa\\atop c};-t\\right)\\mathrm{d}t,$","permalink":"http:\/\/dlmf.nist.gov\/13.16.E9","equation-number":"13.16.9","constraints":{"tex":"$|\\operatorname{ph}{z}|<\\frac{1}{2}\\pi$,","content-tex":"$|\\phase{z}|<\\frac{1}{2}\\pi$,"},"content-tex":"$\\WhittakerconfhyperW{\\kappa}{\\mu}@{z}=e^{-\\frac{1}{2}z}z^{\\kappa+c}\\*\\int_{0}^ {\\infty}e^{-zt}t^{c-1}\\genhyperOlverF{2}{1}@@{\\tfrac{1}{2}+\\mu-\\kappa,\\tfrac{1 }{2}-\\mu-\\kappa}{c}{-t}\\diff{t},$"}}{"expression":{"context-references":{"sentence-num-in-corpus":"8339","subsection-xmlid":"C13.S16.SS1","sentence-xmlid":"C13.S16.SS1.p1.s3","chapter-title":"Confluent Hypergeometric Functions","chapter-xmlid":"C13","section-title":"Integral Representations","sentence-num-in-chapter":"246","section-xmlid":"C13.S16","sentence-num-in-section":"3","para-num-of-sentences":"3","para-xmlid":"C13.S16.SS1.p1","subsection-title":"Integrals Along the Real Line"},"xml-id":"C13.S16.SS1.p1.m5","tex":"$c$"}}{"expression":{"context-references":{"sentence-num-in-corpus":"8339","subsection-xmlid":"C13.S16.SS1","sentence-xmlid":"C13.S16.SS1.p1.s3","chapter-title":"Confluent Hypergeometric Functions","chapter-xmlid":"C13","section-title":"Integral Representations","sentence-num-in-chapter":"246","section-xmlid":"C13.S16","sentence-num-in-section":"3","para-num-of-sentences":"3","para-xmlid":"C13.S16.SS1.p1","subsection-title":"Integrals Along the Real Line"},"xml-id":"C13.S16.SS1.p1.m6","tex":"$\\Re c>0$","content-tex":"$\\realpart@@{c}>0$"}}{"expression":{"context-references":{"sentence-num-in-corpus":"8343","subsection-xmlid":"C13.S16.SS3","sentence-xmlid":"C13.S16.SS3.p1.s1","chapter-title":"Confluent Hypergeometric Functions","chapter-xmlid":"C13","section-title":"Integral Representations","sentence-num-in-chapter":"250","section-xmlid":"C13.S16","sentence-num-in-section":"7","para-num-of-sentences":"1","para-xmlid":"C13.S16.SS3.p1","subsection-title":"Mellin\u2013Barnes Integrals"},"xml-id":"C13.S16.SS3.p1.m1","tex":"$\\tfrac{1}{2}+\\mu-\\kappa\\neq 0,-1,-2,\\dots$"}}{"equation":{"symbols-used":[{"symbol":{"tex":"$\\Gamma\\left(\\NVar{z}\\right)$","meaning":"gamma function","idref":"C5.S2.E1","content-tex":"$\\EulerGamma@{\\NVar{z}}$"}},{"symbol":{"tex":"$M_{\\NVar{\\kappa},\\NVar{\\mu}}\\left(\\NVar{z}\\right)$","meaning":"Whittaker confluent hypergeometric function","idref":"C13.S14.E2","content-tex":"$\\WhittakerconfhyperM{\\NVar{\\kappa}}{\\NVar{\\mu}}@{\\NVar{z}}$"}},{"symbol":{"tex":"$\\pi$","meaning":"the ratio of the circumference of a circle to its diameter","idref":"C3.S12.E1","content-tex":"$\\cpi$"}},{"symbol":{"tex":"$\\mathrm{d}\\NVar{x}$","meaning":"differential of $x$","idref":"C1.S4.SS4","content-tex":"$\\diff{\\NVar{x}}$"}},{"symbol":{"tex":"$\\mathrm{e}$","meaning":"base of natural logarithm","idref":"C4.S2.E11","content-tex":"$\\expe$"}},{"symbol":{"tex":"$\\mathrm{i}$","meaning":"imaginary unit","idref":"C1.S9.E1","content-tex":"$\\iunit$"}},{"symbol":{"tex":"$\\int$","meaning":"integral","idref":"C1.S4.SS4"}},{"symbol":{"tex":"$\\operatorname{ph}$","meaning":"phase","idref":"C1.S9.E7","content-tex":"$\\phase$"}},{"symbol":{"tex":"$z$","meaning":"complex variable","idref":"C13.S1.p1.t1.r4"}}],"context-references":{"sentence-num-in-corpus":"8343","subsection-xmlid":"C13.S16.SS3","sentence-xmlid":"C13.S16.SS3.p1.s1","chapter-title":"Confluent Hypergeometric Functions","chapter-xmlid":"C13","section-title":"Integral Representations","sentence-num-in-chapter":"250","section-xmlid":"C13.S16","sentence-num-in-section":"7","para-num-of-sentences":"1","para-xmlid":"C13.S16.SS3.p1","subsection-title":"Mellin\u2013Barnes Integrals"},"xml-id":"C13.S16.E10","tex":"$\\frac{1}{\\Gamma\\left(1+2\\mu\\right)}M_{\\kappa,\\mu}\\left(e^{\\pm\\pi\\mathrm{i}}z \\right)=\\frac{e^{\\frac{1}{2}z\\pm(\\frac{1}{2}+\\mu)\\pi\\mathrm{i}}}{2\\pi\\mathrm{i }\\Gamma\\left(\\frac{1}{2}+\\mu-\\kappa\\right)}\\*\\int_{-\\mathrm{i}\\infty}^{\\mathrm {i}\\infty}\\frac{\\Gamma\\left(t-\\kappa\\right)\\Gamma\\left(\\frac{1}{2}+\\mu-t\\right )}{\\Gamma\\left(\\frac{1}{2}+\\mu+t\\right)}z^{t}\\mathrm{d}t,$","permalink":"http:\/\/dlmf.nist.gov\/13.16.E10","equation-number":"13.16.10","constraints":{"tex":"$|\\operatorname{ph}{z}|<\\tfrac{1}{2}\\pi$,","content-tex":"$|\\phase{z}|<\\tfrac{1}{2}\\pi$,"},"content-tex":"$\\frac{1}{\\EulerGamma@{1+2\\mu}}\\WhittakerconfhyperM{\\kappa}{\\mu}@{e^{\\pm\\pi \\iunit}z}=\\frac{e^{\\frac{1}{2}z\\pm(\\frac{1}{2}+\\mu)\\pi\\iunit}}{2\\pi\\iunit \\EulerGamma@{\\frac{1}{2}+\\mu-\\kappa}}\\*\\int_{-\\iunit\\infty}^{\\iunit\\infty} \\frac{\\EulerGamma@{t-\\kappa}\\EulerGamma@{\\frac{1}{2}+\\mu-t}}{\\EulerGamma@{ \\frac{1}{2}+\\mu+t}}z^{t}\\diff{t},$"}}{"expression":{"context-references":{"sentence-num-in-corpus":"8343","subsection-xmlid":"C13.S16.SS3","sentence-xmlid":"C13.S16.SS3.p1.s1","chapter-title":"Confluent Hypergeometric Functions","chapter-xmlid":"C13","section-title":"Integral Representations","sentence-num-in-chapter":"250","section-xmlid":"C13.S16","sentence-num-in-section":"7","para-num-of-sentences":"1","para-xmlid":"C13.S16.SS3.p1","subsection-title":"Mellin\u2013Barnes Integrals"},"xml-id":"C13.S16.SS3.p1.m2","tex":"$\\Gamma\\left(t-\\kappa\\right)$","content-tex":"$\\EulerGamma@{t-\\kappa}$"}}{"expression":{"context-references":{"sentence-num-in-corpus":"8343","subsection-xmlid":"C13.S16.SS3","sentence-xmlid":"C13.S16.SS3.p1.s1","chapter-title":"Confluent Hypergeometric Functions","chapter-xmlid":"C13","section-title":"Integral Representations","sentence-num-in-chapter":"250","section-xmlid":"C13.S16","sentence-num-in-section":"7","para-num-of-sentences":"1","para-xmlid":"C13.S16.SS3.p1","subsection-title":"Mellin\u2013Barnes Integrals"},"xml-id":"C13.S16.SS3.p1.m3","tex":"$\\Gamma\\left(\\frac{1}{2}+\\mu-t\\right)$","content-tex":"$\\EulerGamma@{\\frac{1}{2}+\\mu-t}$"}}{"expression":{"context-references":{"sentence-num-in-corpus":"8344","subsection-xmlid":"C13.S16.SS3","sentence-xmlid":"C13.S16.SS3.p2.s1","chapter-title":"Confluent Hypergeometric Functions","chapter-xmlid":"C13","section-title":"Integral Representations","sentence-num-in-chapter":"251","section-xmlid":"C13.S16","sentence-num-in-section":"8","para-num-of-sentences":"2","para-xmlid":"C13.S16.SS3.p2","subsection-title":"Mellin\u2013Barnes Integrals"},"xml-id":"C13.S16.SS3.p2.m1","tex":"$\\tfrac{1}{2}\\pm\\mu-\\kappa\\neq 0,-1,-2,\\dots$"}}{"equation":{"symbols-used":[{"symbol":{"tex":"$\\Gamma\\left(\\NVar{z}\\right)$","meaning":"gamma function","idref":"C5.S2.E1","content-tex":"$\\EulerGamma@{\\NVar{z}}$"}},{"symbol":{"tex":"$W_{\\NVar{\\kappa},\\NVar{\\mu}}\\left(\\NVar{z}\\right)$","meaning":"Whittaker confluent hypergeometric function","idref":"C13.S14.E3","content-tex":"$\\WhittakerconfhyperW{\\NVar{\\kappa}}{\\NVar{\\mu}}@{\\NVar{z}}$"}},{"symbol":{"tex":"$\\pi$","meaning":"the ratio of the circumference of a circle to its diameter","idref":"C3.S12.E1","content-tex":"$\\cpi$"}},{"symbol":{"tex":"$\\mathrm{d}\\NVar{x}$","meaning":"differential of $x$","idref":"C1.S4.SS4","content-tex":"$\\diff{\\NVar{x}}$"}},{"symbol":{"tex":"$\\mathrm{e}$","meaning":"base of natural logarithm","idref":"C4.S2.E11","content-tex":"$\\expe$"}},{"symbol":{"tex":"$\\mathrm{i}$","meaning":"imaginary unit","idref":"C1.S9.E1","content-tex":"$\\iunit$"}},{"symbol":{"tex":"$\\int$","meaning":"integral","idref":"C1.S4.SS4"}},{"symbol":{"tex":"$\\operatorname{ph}$","meaning":"phase","idref":"C1.S9.E7","content-tex":"$\\phase$"}},{"symbol":{"tex":"$z$","meaning":"complex variable","idref":"C13.S1.p1.t1.r4"}}],"context-references":{"sentence-num-in-corpus":"8344","subsection-xmlid":"C13.S16.SS3","sentence-xmlid":"C13.S16.SS3.p2.s1","chapter-title":"Confluent Hypergeometric Functions","chapter-xmlid":"C13","section-title":"Integral Representations","sentence-num-in-chapter":"251","section-xmlid":"C13.S16","sentence-num-in-section":"8","para-num-of-sentences":"2","para-xmlid":"C13.S16.SS3.p2","subsection-title":"Mellin\u2013Barnes Integrals"},"xml-id":"C13.S16.E11","tex":"$W_{\\kappa,\\mu}\\left(z\\right)=\\frac{e^{-\\frac{1}{2}z}}{2\\pi\\mathrm{i}}\\*\\int_{- \\mathrm{i}\\infty}^{\\mathrm{i}\\infty}\\frac{\\Gamma\\left(\\frac{1}{2}+\\mu+t\\right) \\Gamma\\left(\\frac{1}{2}-\\mu+t\\right)\\Gamma\\left(-\\kappa-t\\right)}{\\Gamma\\left( \\frac{1}{2}+\\mu-\\kappa\\right)\\Gamma\\left(\\frac{1}{2}-\\mu-\\kappa\\right)}z^{-t} \\mathrm{d}t,$","permalink":"http:\/\/dlmf.nist.gov\/13.16.E11","equation-number":"13.16.11","constraints":{"tex":"$|\\operatorname{ph}{z}|<\\tfrac{3}{2}\\pi$,","content-tex":"$|\\phase{z}|<\\tfrac{3}{2}\\pi$,"},"content-tex":"$\\WhittakerconfhyperW{\\kappa}{\\mu}@{z}=\\frac{e^{-\\frac{1}{2}z}}{2\\pi\\iunit}\\* \\int_{-\\iunit\\infty}^{\\iunit\\infty}\\frac{\\EulerGamma@{\\frac{1}{2}+\\mu+t} \\EulerGamma@{\\frac{1}{2}-\\mu+t}\\EulerGamma@{-\\kappa-t}}{\\EulerGamma@{\\frac{1}{ 2}+\\mu-\\kappa}\\EulerGamma@{\\frac{1}{2}-\\mu-\\kappa}}z^{-t}\\diff{t},$"}}{"expression":{"context-references":{"sentence-num-in-corpus":"8344","subsection-xmlid":"C13.S16.SS3","sentence-xmlid":"C13.S16.SS3.p2.s1","chapter-title":"Confluent Hypergeometric Functions","chapter-xmlid":"C13","section-title":"Integral Representations","sentence-num-in-chapter":"251","section-xmlid":"C13.S16","sentence-num-in-section":"8","para-num-of-sentences":"2","para-xmlid":"C13.S16.SS3.p2","subsection-title":"Mellin\u2013Barnes Integrals"},"xml-id":"C13.S16.SS3.p2.m2","tex":"$\\Gamma\\left(\\frac{1}{2}+\\mu+t\\right)\\Gamma\\left(\\frac{1}{2}-\\mu+t\\right)$","content-tex":"$\\EulerGamma@{\\frac{1}{2}+\\mu+t}\\EulerGamma@{\\frac{1}{2}-\\mu+t}$"}}{"expression":{"context-references":{"sentence-num-in-corpus":"8344","subsection-xmlid":"C13.S16.SS3","sentence-xmlid":"C13.S16.SS3.p2.s1","chapter-title":"Confluent Hypergeometric Functions","chapter-xmlid":"C13","section-title":"Integral Representations","sentence-num-in-chapter":"251","section-xmlid":"C13.S16","sentence-num-in-section":"8","para-num-of-sentences":"2","para-xmlid":"C13.S16.SS3.p2","subsection-title":"Mellin\u2013Barnes Integrals"},"xml-id":"C13.S16.SS3.p2.m3","tex":"$\\Gamma\\left(-\\kappa-t\\right)$","content-tex":"$\\EulerGamma@{-\\kappa-t}$"}}{"equation":{"symbols-used":[{"symbol":{"tex":"$\\Gamma\\left(\\NVar{z}\\right)$","meaning":"gamma function","idref":"C5.S2.E1","content-tex":"$\\EulerGamma@{\\NVar{z}}$"}},{"symbol":{"tex":"$W_{\\NVar{\\kappa},\\NVar{\\mu}}\\left(\\NVar{z}\\right)$","meaning":"Whittaker confluent hypergeometric function","idref":"C13.S14.E3","content-tex":"$\\WhittakerconfhyperW{\\NVar{\\kappa}}{\\NVar{\\mu}}@{\\NVar{z}}$"}},{"symbol":{"tex":"$\\pi$","meaning":"the ratio of the circumference of a circle to its diameter","idref":"C3.S12.E1","content-tex":"$\\cpi$"}},{"symbol":{"tex":"$\\mathrm{d}\\NVar{x}$","meaning":"differential of $x$","idref":"C1.S4.SS4","content-tex":"$\\diff{\\NVar{x}}$"}},{"symbol":{"tex":"$\\mathrm{e}$","meaning":"base of natural logarithm","idref":"C4.S2.E11","content-tex":"$\\expe$"}},{"symbol":{"tex":"$\\mathrm{i}$","meaning":"imaginary unit","idref":"C1.S9.E1","content-tex":"$\\iunit$"}},{"symbol":{"tex":"$\\int$","meaning":"integral","idref":"C1.S4.SS4"}},{"symbol":{"tex":"$\\operatorname{ph}$","meaning":"phase","idref":"C1.S9.E7","content-tex":"$\\phase$"}},{"symbol":{"tex":"$z$","meaning":"complex variable","idref":"C13.S1.p1.t1.r4"}}],"context-references":{"sentence-num-in-corpus":"8345","subsection-xmlid":"C13.S16.SS3","sentence-xmlid":"C13.S16.SS3.p2.s2","chapter-title":"Confluent Hypergeometric Functions","chapter-xmlid":"C13","section-title":"Integral Representations","sentence-num-in-chapter":"252","section-xmlid":"C13.S16","sentence-num-in-section":"9","para-num-of-sentences":"2","para-xmlid":"C13.S16.SS3.p2","subsection-title":"Mellin\u2013Barnes Integrals"},"xml-id":"C13.S16.E12","tex":"$W_{\\kappa,\\mu}\\left(z\\right)=\\frac{e^{\\frac{1}{2}z}}{2\\pi\\mathrm{i}}\\int_{- \\mathrm{i}\\infty}^{\\mathrm{i}\\infty}\\frac{\\Gamma\\left(\\frac{1}{2}+\\mu+t\\right) \\Gamma\\left(\\frac{1}{2}-\\mu+t\\right)}{\\Gamma\\left(1-\\kappa+t\\right)}z^{-t} \\mathrm{d}t,$","permalink":"http:\/\/dlmf.nist.gov\/13.16.E12","equation-number":"13.16.12","constraints":{"tex":"$|\\operatorname{ph}{z}|<\\tfrac{1}{2}\\pi$,","content-tex":"$|\\phase{z}|<\\tfrac{1}{2}\\pi$,"},"content-tex":"$\\WhittakerconfhyperW{\\kappa}{\\mu}@{z}=\\frac{e^{\\frac{1}{2}z}}{2\\pi\\iunit}\\int_ {-\\iunit\\infty}^{\\iunit\\infty}\\frac{\\EulerGamma@{\\frac{1}{2}+\\mu+t}\\EulerGamma @{\\frac{1}{2}-\\mu+t}}{\\EulerGamma@{1-\\kappa+t}}z^{-t}\\diff{t},$"}}{"expression":{"context-references":{"sentence-num-in-corpus":"8345","subsection-xmlid":"C13.S16.SS3","sentence-xmlid":"C13.S16.SS3.p2.s2","chapter-title":"Confluent Hypergeometric Functions","chapter-xmlid":"C13","section-title":"Integral Representations","sentence-num-in-chapter":"252","section-xmlid":"C13.S16","sentence-num-in-section":"9","para-num-of-sentences":"2","para-xmlid":"C13.S16.SS3.p2","subsection-title":"Mellin\u2013Barnes Integrals"},"xml-id":"C13.S16.SS3.p2.m4","tex":"$\\Gamma\\left(\\frac{1}{2}+\\mu+t\\right)\\Gamma\\left(\\frac{1}{2}-\\mu+t\\right)$","content-tex":"$\\EulerGamma@{\\frac{1}{2}+\\mu+t}\\EulerGamma@{\\frac{1}{2}-\\mu+t}$"}}{"expression":{"context-references":{"chapter-title":"Confluent Hypergeometric Functions","chapter-xmlid":"C13"},"xml-id":"C13.S20.m2a","tex":"$\\mu$"}}{"expression":{"context-references":{"chapter-title":"Confluent Hypergeometric Functions","chapter-xmlid":"C13"},"xml-id":"C13.S21.m2a","tex":"$\\kappa$"}}