{"expression":{"xml-id":"C13.S28.XMD1.m1","tex":"$k$","context":{"chapter-title":"Confluent Hypergeometric Functions","chapter-xmlid":"C13"}}}{"expression":{"xml-id":"C13.S28.SS1.p1.m1","tex":"$\\nabla^{2}w=k^{2}w$","context":{"sentence-num-in-corpus":"8472","subsection-xmlid":"C13.S28.SS1","sentence-xmlid":"C13.S28.SS1.p1.s1","chapter-title":"Confluent Hypergeometric Functions","chapter-xmlid":"C13","section-title":"Physical Applications","sentence-num-in-chapter":"379","section-xmlid":"C13.S28","sentence-num-in-section":"1","para-num-of-sentences":"2","para-xmlid":"C13.S28.SS1.p1","subsection-title":"Exact Solutions of the Wave Equation"}}}{"expression":{"xml-id":"C13.S28.SS1.p1.m2","tex":"$x=2\\sqrt{\\xi\\eta}\\cos\\phi$","context":{"sentence-num-in-corpus":"8472","subsection-xmlid":"C13.S28.SS1","sentence-xmlid":"C13.S28.SS1.p1.s1","chapter-title":"Confluent Hypergeometric Functions","chapter-xmlid":"C13","section-title":"Physical Applications","sentence-num-in-chapter":"379","section-xmlid":"C13.S28","sentence-num-in-section":"1","para-num-of-sentences":"2","para-xmlid":"C13.S28.SS1.p1","subsection-title":"Exact Solutions of the Wave Equation"},"content-tex":"$x=2\\sqrt{\\xi\\eta}\\cos@@{\\phi}$"}}{"expression":{"xml-id":"C13.S28.SS1.p1.m3","tex":"$y=2\\sqrt{\\xi\\eta}\\sin\\phi$","context":{"sentence-num-in-corpus":"8472","subsection-xmlid":"C13.S28.SS1","sentence-xmlid":"C13.S28.SS1.p1.s1","chapter-title":"Confluent Hypergeometric Functions","chapter-xmlid":"C13","section-title":"Physical Applications","sentence-num-in-chapter":"379","section-xmlid":"C13.S28","sentence-num-in-section":"1","para-num-of-sentences":"2","para-xmlid":"C13.S28.SS1.p1","subsection-title":"Exact Solutions of the Wave Equation"},"content-tex":"$y=2\\sqrt{\\xi\\eta}\\sin@@{\\phi}$"}}{"expression":{"xml-id":"C13.S28.SS1.p1.m4","tex":"$z=\\xi-\\eta$","context":{"sentence-num-in-corpus":"8472","subsection-xmlid":"C13.S28.SS1","sentence-xmlid":"C13.S28.SS1.p1.s1","chapter-title":"Confluent Hypergeometric Functions","chapter-xmlid":"C13","section-title":"Physical Applications","sentence-num-in-chapter":"379","section-xmlid":"C13.S28","sentence-num-in-section":"1","para-num-of-sentences":"2","para-xmlid":"C13.S28.SS1.p1","subsection-title":"Exact Solutions of the Wave Equation"}}}{"expression":{"xml-id":"C13.S28.SS1.p1.m5","tex":"$w=f_{1}(\\xi)f_{2}(\\eta)e^{\\mathrm{i}p\\phi}$","context":{"sentence-num-in-corpus":"8472","subsection-xmlid":"C13.S28.SS1","sentence-xmlid":"C13.S28.SS1.p1.s1","chapter-title":"Confluent Hypergeometric Functions","chapter-xmlid":"C13","section-title":"Physical Applications","sentence-num-in-chapter":"379","section-xmlid":"C13.S28","sentence-num-in-section":"1","para-num-of-sentences":"2","para-xmlid":"C13.S28.SS1.p1","subsection-title":"Exact Solutions of the Wave Equation"},"content-tex":"$w=f_{1}(\\xi)f_{2}(\\eta)e^{\\iunit p\\phi}$"}}{"equation":{"symbols-used":[{"symbol":{"tex":"$\\mathrm{i}$","meaning":"imaginary unit","idref":"C1.S9.E1","content-tex":"$\\iunit$"}},{"symbol":{"tex":"$k$","meaning":"wavenumber","idref":"C13.S28.SS1"}}],"context":{"sentence-num-in-corpus":"8472","subsection-xmlid":"C13.S28.SS1","sentence-xmlid":"C13.S28.SS1.p1.s1","chapter-title":"Confluent Hypergeometric Functions","chapter-xmlid":"C13","section-title":"Physical Applications","sentence-num-in-chapter":"379","section-xmlid":"C13.S28","sentence-num-in-section":"1","para-num-of-sentences":"2","para-xmlid":"C13.S28.SS1.p1","subsection-title":"Exact Solutions of the Wave Equation"},"permalink":"http:\/\/dlmf.nist.gov\/13.28.E1","equation-number":"13.28.1","subequations":[{"subequation":{"xml-id":"C13.S28.Ex1","tex":"$f_{1}(\\xi)=\\xi^{-\\frac{1}{2}}V_{\\kappa,\\frac{1}{2}p}^{(1)}(2\\mathrm{i}k\\xi),\t,$","context":{"chapter-title":"Confluent Hypergeometric Functions","chapter-xmlid":"C13"},"content-tex":"$f_{1}(\\xi)=\\xi^{-\\frac{1}{2}}V_{\\kappa,\\frac{1}{2}p}^{(1)}(2\\iunit k\\xi),\t,$"}},{"subequation":{"xml-id":"C13.S28.Ex2","tex":"$f_{2}(\\eta)=\\eta^{-\\frac{1}{2}}V_{\\kappa,\\frac{1}{2}p}^{(2)}(-2\\mathrm{i}k\\eta),\t,$","context":{"chapter-title":"Confluent Hypergeometric Functions","chapter-xmlid":"C13"},"content-tex":"$f_{2}(\\eta)=\\eta^{-\\frac{1}{2}}V_{\\kappa,\\frac{1}{2}p}^{(2)}(-2\\iunit k\\eta),\t,$"}}]}}{"expression":{"xml-id":"C1.S9.E1.m2adec","tex":"$\\mathrm{i}$","context":{"chapter-title":"Confluent Hypergeometric Functions","chapter-xmlid":"C13"},"content-tex":"$\\iunit$"}}{"expression":{"xml-id":"C13.S28.XMD1.m1dec","tex":"$k$","context":{"chapter-title":"Confluent Hypergeometric Functions","chapter-xmlid":"C13"}}}{"expression":{"xml-id":"C13.S28.SS1.p1.m6","tex":"$V^{(j)}_{\\kappa,\\mu}(z)$","context":{"sentence-num-in-corpus":"8472","subsection-xmlid":"C13.S28.SS1","sentence-xmlid":"C13.S28.SS1.p1.s1","chapter-title":"Confluent Hypergeometric Functions","chapter-xmlid":"C13","section-title":"Physical Applications","sentence-num-in-chapter":"379","section-xmlid":"C13.S28","sentence-num-in-section":"1","para-num-of-sentences":"2","para-xmlid":"C13.S28.SS1.p1","subsection-title":"Exact Solutions of the Wave Equation"}}}{"expression":{"xml-id":"C13.S28.SS1.p1.m7","tex":"$j=1,2$","context":{"sentence-num-in-corpus":"8472","subsection-xmlid":"C13.S28.SS1","sentence-xmlid":"C13.S28.SS1.p1.s1","chapter-title":"Confluent Hypergeometric Functions","chapter-xmlid":"C13","section-title":"Physical Applications","sentence-num-in-chapter":"379","section-xmlid":"C13.S28","sentence-num-in-section":"1","para-num-of-sentences":"2","para-xmlid":"C13.S28.SS1.p1","subsection-title":"Exact Solutions of the Wave Equation"}}}{"expression":{"xml-id":"C13.S20.m2a","tex":"$\\mu$","context":{"chapter-title":"Confluent Hypergeometric Functions","chapter-xmlid":"C13"}}}{"expression":{"xml-id":"C13.S21.m2a","tex":"$\\kappa$","context":{"chapter-title":"Confluent Hypergeometric Functions","chapter-xmlid":"C13"}}}