{"expression":{"context-references":{"sentence-num-in-corpus":"8453","subsection-xmlid":"C13.S24.SS1","sentence-xmlid":"C13.S24.SS1.p1.s1","chapter-title":"Confluent Hypergeometric Functions","chapter-xmlid":"C13","section-title":"Series","sentence-num-in-chapter":"360","section-xmlid":"C13.S24","sentence-num-in-section":"1","para-num-of-sentences":"1","para-xmlid":"C13.S24.SS1.p1","subsection-title":"Expansions in Series of Whittaker Functions"},"xml-id":"C13.S24.SS1.p1.m1","tex":"$M_{\\kappa,\\mu}\\left(z\\right)$","content-tex":"$\\WhittakerconfhyperM{\\kappa}{\\mu}@{z}$"}}{"expression":{"context-references":{"sentence-num-in-corpus":"8454","subsection-xmlid":"C13.S24.SS2","sentence-xmlid":"C13.S24.SS2.p1.s1","chapter-title":"Confluent Hypergeometric Functions","chapter-xmlid":"C13","section-title":"Series","sentence-num-in-chapter":"361","section-xmlid":"C13.S24","sentence-num-in-section":"2","para-num-of-sentences":"3","para-xmlid":"C13.S24.SS2.p1","subsection-title":"Expansions in Series of Bessel Functions"},"xml-id":"C13.S24.SS2.p1.m1","tex":"$z\\in\\mathbb{C}$","content-tex":"$z\\in\\Complexes$"}}{"equation":{"symbols-used":[{"symbol":{"tex":"$\\Gamma\\left(\\NVar{z}\\right)$","meaning":"gamma function","idref":"C5.S2.E1","content-tex":"$\\EulerGamma@{\\NVar{z}}$"}},{"symbol":{"tex":"${\\left(\\NVar{a}\\right)_{\\NVar{n}}}$","meaning":"Pochhammer\u2019s symbol (or shifted factorial)","idref":"C5.S2.SS3","content-tex":"$\\Pochhammersym{\\NVar{a}}{\\NVar{n}}$"}},{"symbol":{"tex":"$M_{\\NVar{\\kappa},\\NVar{\\mu}}\\left(\\NVar{z}\\right)$","meaning":"Whittaker confluent hypergeometric function","idref":"C13.S14.E2","content-tex":"$\\WhittakerconfhyperM{\\NVar{\\kappa}}{\\NVar{\\mu}}@{\\NVar{z}}$"}},{"symbol":{"tex":"$!$","meaning":"factorial (as in $n!$ )","idref":"introduction.Sx4.p1.t1.r15"}},{"symbol":{"tex":"$I_{\\NVar{\\nu}}\\left(\\NVar{z}\\right)$","meaning":"modified Bessel function of the first kind","idref":"C10.S25.E2","content-tex":"$\\modBesselI{\\NVar{\\nu}}@{\\NVar{z}}$"}},{"symbol":{"tex":"$s$","meaning":"nonnegative integer","idref":"C13.S1.p1.t1.r2"}},{"symbol":{"tex":"$z$","meaning":"complex variable","idref":"C13.S1.p1.t1.r4"}}],"context-references":{"sentence-num-in-corpus":"8455","subsection-xmlid":"C13.S24.SS2","sentence-xmlid":"C13.S24.SS2.p1.s2","chapter-title":"Confluent Hypergeometric Functions","chapter-xmlid":"C13","section-title":"Series","sentence-num-in-chapter":"362","section-xmlid":"C13.S24","sentence-num-in-section":"3","para-num-of-sentences":"3","para-xmlid":"C13.S24.SS2.p1","subsection-title":"Expansions in Series of Bessel Functions"},"xml-id":"C13.S24.E1","tex":"$M_{\\kappa,\\mu}\\left(z\\right)=\\Gamma\\left(\\kappa+\\mu\\right)2^{2\\kappa+2\\mu}z^{ \\frac{1}{2}-\\kappa}\\*\\sum_{s=0}^{\\infty}(-1)^{s}\\frac{{\\left(2\\kappa+2\\mu \\right)_{s}}{\\left(2\\kappa\\right)_{s}}}{{\\left(1+2\\mu\\right)_{s}}s!}\\*\\left( \\kappa+\\mu+s\\right)I_{\\kappa+\\mu+s}\\left(\\tfrac{1}{2}z\\right),$","permalink":"http:\/\/dlmf.nist.gov\/13.24.E1","equation-number":"13.24.1","constraints":{"tex":"$2\\mu,\\kappa+\\mu\\neq-1,-2,-3,\\dots$,"},"content-tex":"$\\WhittakerconfhyperM{\\kappa}{\\mu}@{z}=\\EulerGamma@{\\kappa+\\mu}2^{2\\kappa+2\\mu} z^{\\frac{1}{2}-\\kappa}\\*\\sum_{s=0}^{\\infty}(-1)^{s}\\frac{\\Pochhammersym{2 \\kappa+2\\mu}{s}\\Pochhammersym{2\\kappa}{s}}{\\Pochhammersym{1+2\\mu}{s}s!}\\*\\left (\\kappa+\\mu+s\\right)\\modBesselI{\\kappa+\\mu+s}@{\\tfrac{1}{2}z},$"}}{"equation":{"symbols-used":[{"symbol":{"tex":"$J_{\\NVar{\\nu}}\\left(\\NVar{z}\\right)$","meaning":"Bessel function of the first kind","idref":"C10.S2.E2","content-tex":"$\\BesselJ{\\NVar{\\nu}}@{\\NVar{z}}$"}},{"symbol":{"tex":"$\\Gamma\\left(\\NVar{z}\\right)$","meaning":"gamma function","idref":"C5.S2.E1","content-tex":"$\\EulerGamma@{\\NVar{z}}$"}},{"symbol":{"tex":"$M_{\\NVar{\\kappa},\\NVar{\\mu}}\\left(\\NVar{z}\\right)$","meaning":"Whittaker confluent hypergeometric function","idref":"C13.S14.E2","content-tex":"$\\WhittakerconfhyperM{\\NVar{\\kappa}}{\\NVar{\\mu}}@{\\NVar{z}}$"}},{"symbol":{"tex":"$s$","meaning":"nonnegative integer","idref":"C13.S1.p1.t1.r2"}},{"symbol":{"tex":"$z$","meaning":"complex variable","idref":"C13.S1.p1.t1.r4"}},{"symbol":{"tex":"$p_{s}$","meaning":"coefficents","idref":"C13.S24.SS2.p1"}}],"context-references":{"sentence-num-in-corpus":"8455","subsection-xmlid":"C13.S24.SS2","sentence-xmlid":"C13.S24.SS2.p1.s2","chapter-title":"Confluent Hypergeometric Functions","chapter-xmlid":"C13","section-title":"Series","sentence-num-in-chapter":"362","section-xmlid":"C13.S24","sentence-num-in-section":"3","para-num-of-sentences":"3","para-xmlid":"C13.S24.SS2.p1","subsection-title":"Expansions in Series of Bessel Functions"},"xml-id":"C13.S24.E2","tex":"$\\frac{1}{\\Gamma\\left(1+2\\mu\\right)}M_{\\kappa,\\mu}\\left(z\\right)=2^{2\\mu}z^{\\mu +\\frac{1}{2}}\\sum_{s=0}^{\\infty}p_{s}^{(\\mu)}(z)\\left(2\\sqrt{\\kappa z}\\right)^ {-2\\mu-s}J_{2\\mu+s}\\left(2\\sqrt{\\kappa z}\\right),$","permalink":"http:\/\/dlmf.nist.gov\/13.24.E2","equation-number":"13.24.2","content-tex":"$\\frac{1}{\\EulerGamma@{1+2\\mu}}\\WhittakerconfhyperM{\\kappa}{\\mu}@{z}=2^{2\\mu}z^ {\\mu+\\frac{1}{2}}\\sum_{s=0}^{\\infty}p_{s}^{(\\mu)}(z)\\left(2\\sqrt{\\kappa z} \\right)^{-2\\mu-s}\\BesselJ{2\\mu+s}@{2\\sqrt{\\kappa z}},$"}}{"expression":{"context-references":{"chapter-title":"Confluent Hypergeometric Functions","chapter-xmlid":"C13"},"xml-id":"C13.S24.XMD1.m1","tex":"$p_{s}$"}}{"expression":{"context-references":{"sentence-num-in-corpus":"8455","subsection-xmlid":"C13.S24.SS2","sentence-xmlid":"C13.S24.SS2.p1.s2","chapter-title":"Confluent Hypergeometric Functions","chapter-xmlid":"C13","section-title":"Series","sentence-num-in-chapter":"362","section-xmlid":"C13.S24","sentence-num-in-section":"3","para-num-of-sentences":"3","para-xmlid":"C13.S24.SS2.p1","subsection-title":"Expansions in Series of Bessel Functions"},"xml-id":"C13.S24.SS2.p1.m2","tex":"$p_{0}^{(\\mu)}(z)=1$"}}{"expression":{"context-references":{"sentence-num-in-corpus":"8455","subsection-xmlid":"C13.S24.SS2","sentence-xmlid":"C13.S24.SS2.p1.s2","chapter-title":"Confluent Hypergeometric Functions","chapter-xmlid":"C13","section-title":"Series","sentence-num-in-chapter":"362","section-xmlid":"C13.S24","sentence-num-in-section":"3","para-num-of-sentences":"3","para-xmlid":"C13.S24.SS2.p1","subsection-title":"Expansions in Series of Bessel Functions"},"xml-id":"C13.S24.SS2.p1.m3","tex":"$p_{1}^{(\\mu)}(z)=\\frac{1}{6}z^{2}$"}}{"expression":{"context-references":{"sentence-num-in-corpus":"8455","subsection-xmlid":"C13.S24.SS2","sentence-xmlid":"C13.S24.SS2.p1.s2","chapter-title":"Confluent Hypergeometric Functions","chapter-xmlid":"C13","section-title":"Series","sentence-num-in-chapter":"362","section-xmlid":"C13.S24","sentence-num-in-section":"3","para-num-of-sentences":"3","para-xmlid":"C13.S24.SS2.p1","subsection-title":"Expansions in Series of Bessel Functions"},"xml-id":"C13.S24.SS2.p1.m4","tex":"$p_{s}^{(\\mu)}(z)$"}}{"equation":{"symbols-used":[{"symbol":{"tex":"$\\exp\\NVar{z}$","meaning":"exponential function","idref":"C4.S2.E19","content-tex":"$\\exp@@{\\NVar{z}}$"}},{"symbol":{"tex":"$\\coth\\NVar{z}$","meaning":"hyperbolic cotangent function","idref":"C4.S28.E7","content-tex":"$\\coth@@{\\NVar{z}}$"}},{"symbol":{"tex":"$\\sinh\\NVar{z}$","meaning":"hyperbolic sine function","idref":"C4.S28.E1","content-tex":"$\\sinh@@{\\NVar{z}}$"}},{"symbol":{"tex":"$s$","meaning":"nonnegative integer","idref":"C13.S1.p1.t1.r2"}},{"symbol":{"tex":"$z$","meaning":"complex variable","idref":"C13.S1.p1.t1.r4"}},{"symbol":{"tex":"$p_{s}$","meaning":"coefficents","idref":"C13.S24.SS2.p1"}}],"context-references":{"sentence-num-in-corpus":"8455","subsection-xmlid":"C13.S24.SS2","sentence-xmlid":"C13.S24.SS2.p1.s2","chapter-title":"Confluent Hypergeometric Functions","chapter-xmlid":"C13","section-title":"Series","sentence-num-in-chapter":"362","section-xmlid":"C13.S24","sentence-num-in-section":"3","para-num-of-sentences":"3","para-xmlid":"C13.S24.SS2.p1","subsection-title":"Expansions in Series of Bessel Functions"},"xml-id":"C13.S24.E3","tex":"$\\exp\\left(-\\tfrac{1}{2}z\\left(\\coth t-\\frac{1}{t}\\right)\\right)\\left(\\frac{t}{ \\sinh t}\\right)^{1-2\\mu}=\\sum_{s=0}^{\\infty}p_{s}^{(\\mu)}(z)\\left(-\\frac{t}{z} \\right)^{s}.$","permalink":"http:\/\/dlmf.nist.gov\/13.24.E3","equation-number":"13.24.3","content-tex":"$\\exp@{-\\tfrac{1}{2}z\\left(\\coth@@{t}-\\frac{1}{t}\\right)}\\left(\\frac{t}{\\sinh@@ {t}}\\right)^{1-2\\mu}=\\sum_{s=0}^{\\infty}p_{s}^{(\\mu)}(z)\\left(-\\frac{t}{z} \\right)^{s}.$"}}{"expression":{"context-references":{"chapter-title":"Confluent Hypergeometric Functions","chapter-xmlid":"C13"},"xml-id":"C13.S20.m2a","tex":"$\\mu$"}}{"expression":{"context-references":{"chapter-title":"Confluent Hypergeometric Functions","chapter-xmlid":"C13"},"xml-id":"C13.S21.m2a","tex":"$\\kappa$"}}