<?xml version="1.0" encoding="UTF-8"?>
<section xml:id="C22.S1">
<title>Special Notation</title>        
 
<para xml:id="C22.S1.p1">

<sentence sentence-num-in-para="1" sentence-num-in-section="1" xml:id="C22.S1.p1.s1">
(For other notation see Notation for the Special Functions.)
</sentence>

</para>

 
<para xml:id="C22.S1.p2">

<sentence sentence-num-in-para="1" sentence-num-in-section="2" sentence-num-in-table="1" xml:id="C22.S1.p2.t1.s1">
<Math mode="inline" xml:id="C22.S1.p2.t1.r1.m1">x,y</Math>
</sentence>

<sentence sentence-num-in-para="2" sentence-num-in-section="3" sentence-num-in-table="2" xml:id="C22.S1.p2.t1.s2">
real variables.    
</sentence>

<sentence sentence-num-in-para="3" sentence-num-in-section="4" sentence-num-in-table="3" xml:id="C22.S1.p2.t1.s3">
<Math mode="inline" xml:id="C22.S1.p2.t1.r2.m1">z</Math>
</sentence>

<sentence sentence-num-in-para="4" sentence-num-in-section="5" sentence-num-in-table="4" xml:id="C22.S1.p2.t1.s4">
complex variable.  
</sentence>

<sentence sentence-num-in-para="5" sentence-num-in-section="6" sentence-num-in-table="5" xml:id="C22.S1.p2.t1.s5">
<Math mode="inline" xml:id="C22.S1.p2.t1.r3.m1">k</Math>
</sentence>

<sentence sentence-num-in-para="6" sentence-num-in-section="7" sentence-num-in-table="6" xml:id="C22.S1.p2.t1.s6">
modulus. Except in §§22.3(iv), 22.17, and22.19, <Math mode="inline" xml:id="C22.S1.p2.t1.r3.m2">0\leq k\leq 1</Math>.  
</sentence>

<sentence sentence-num-in-para="7" sentence-num-in-section="8" sentence-num-in-table="7" xml:id="C22.S1.p2.t1.s7">
<Math mode="inline" xml:id="C22.S1.p2.t1.r4.m1">k^{\prime}</Math>
</sentence>

<sentence sentence-num-in-para="8" sentence-num-in-section="9" sentence-num-in-table="8" xml:id="C22.S1.p2.t1.s8">
complementary modulus, <Math mode="inline" xml:id="C22.S1.p2.t1.r4.m2">k^{2}+{k^{\prime}}^{2}=1</Math>. If <Math mode="inline" xml:id="C22.S1.p2.t1.r4.m3">k\in[0,1]</Math>, then <Math mode="inline" xml:id="C22.S1.p2.t1.r4.m4">k^{\prime}\in[0,1]</Math>.  
</sentence>

<sentence sentence-num-in-para="9" sentence-num-in-section="10" sentence-num-in-table="9" xml:id="C22.S1.p2.t1.s9">
<Math mode="inline" xml:id="C22.S1.p2.t1.r5.m1">K</Math>, <Math mode="inline" xml:id="C22.S1.p2.t1.r5.m2">{K^{\prime}}</Math>
</sentence>

<sentence sentence-num-in-para="10" sentence-num-in-section="11" sentence-num-in-table="10" xml:id="C22.S1.p2.t1.s10">
<Math mode="inline" xml:id="C22.S1.p2.t1.r5.m3">K\left(k\right)</Math>, <Math mode="inline" xml:id="C22.S1.p2.t1.r5.m4">{K^{\prime}}\left(k\right)=K\left(k^{\prime}\right)</Math> (complete elliptic integrals of the first kind (§19.2(ii))).
</sentence>

<sentence sentence-num-in-para="11" sentence-num-in-section="12" sentence-num-in-table="11" xml:id="C22.S1.p2.t1.s11">
<Math mode="inline" xml:id="C22.S1.p2.t1.r6.m1">q</Math>
</sentence>

<sentence sentence-num-in-para="12" sentence-num-in-section="13" sentence-num-in-table="12" xml:id="C22.S1.p2.t1.s12">
nome. <Math mode="inline" xml:id="C22.S1.p2.t1.r6.m2">0\leq q&lt;1</Math> except in §22.17; see also §20.1.
</sentence>

<sentence sentence-num-in-para="13" sentence-num-in-section="14" sentence-num-in-table="13" xml:id="C22.S1.p2.t1.s13">
<Math mode="inline" xml:id="C22.S1.p2.t1.r7.m1">\tau</Math>
</sentence>

<sentence sentence-num-in-para="14" sentence-num-in-section="15" sentence-num-in-table="14" xml:id="C22.S1.p2.t1.s14">
<Math mode="inline" xml:id="C22.S1.p2.t1.r7.m2">i{K^{\prime}}/K</Math>.  
</sentence>

</para>

 
<para xml:id="C22.S1.p3">

<sentence sentence-num-in-para="1" sentence-num-in-section="16" xml:id="C22.S1.p3.s1">
All derivatives are denoted by differentials, not primes.
</sentence>

</para>
 
<para xml:id="C22.S1.p4">

<sentence sentence-num-in-para="1" sentence-num-in-section="17" xml:id="C22.S1.p4.s1">
The functions treated in this chapter are the three principal Jacobian elliptic functions <Math mode="inline" xml:id="C22.S1.p4.m1">\operatorname{sn}\left(z,k\right)</Math> , <Math mode="inline" xml:id="C22.S1.p4.m2">\operatorname{cn}\left(z,k\right)</Math> , <Math mode="inline" xml:id="C22.S1.p4.m3">\operatorname{dn}\left(z,k\right)</Math> ; the nine subsidiary Jacobian elliptic functions <Math mode="inline" xml:id="C22.S1.p4.m4">\operatorname{cd}\left(z,k\right)</Math> , <Math mode="inline" xml:id="C22.S1.p4.m5">\operatorname{sd}\left(z,k\right)</Math> , <Math mode="inline" xml:id="C22.S1.p4.m6">\operatorname{nd}\left(z,k\right)</Math> , <Math mode="inline" xml:id="C22.S1.p4.m7">\operatorname{dc}\left(z,k\right)</Math> , <Math mode="inline" xml:id="C22.S1.p4.m8">\operatorname{nc}\left(z,k\right)</Math> , <Math mode="inline" xml:id="C22.S1.p4.m9">\operatorname{sc}\left(z,k\right)</Math> , <Math mode="inline" xml:id="C22.S1.p4.m10">\operatorname{ns}\left(z,k\right)</Math> , <Math mode="inline" xml:id="C22.S1.p4.m11">\operatorname{ds}\left(z,k\right)</Math> , <Math mode="inline" xml:id="C22.S1.p4.m12">\operatorname{cs}\left(z,k\right)</Math> ; the amplitude function <Math mode="inline" xml:id="C22.S1.p4.m13">\operatorname{am}\left(x,k\right)</Math> ; Jacobi’s epsilon and zeta functions <Math mode="inline" xml:id="C22.S1.p4.m14">\mathcal{E}\left(x,k\right)</Math> and <Math mode="inline" xml:id="C22.S1.p4.m15">\mathrm{Z}\left(x|k\right)</Math>.
</sentence>

</para>
 
<para xml:id="C22.S1.p5">

<sentence sentence-num-in-para="1" sentence-num-in-section="18" xml:id="C22.S1.p5.s1">
The notation <Math mode="inline" xml:id="C22.S1.p5.m1">\operatorname{sn}\left(z,k\right)</Math> , <Math mode="inline" xml:id="C22.S1.p5.m2">\operatorname{cn}\left(z,k\right)</Math> , <Math mode="inline" xml:id="C22.S1.p5.m3">\operatorname{dn}\left(z,k\right)</Math> is due to Gudermann (1838), following Jacobi (1827); that for the subsidiary functions is due to Glaisher (1882).
</sentence>

<sentence sentence-num-in-para="2" sentence-num-in-section="19" xml:id="C22.S1.p5.s2">
Other notations for <Math mode="inline" xml:id="C22.S1.p5.m4">\operatorname{sn}\left(z,k\right)</Math> are <Math mode="inline" xml:id="C22.S1.p5.m5">\mathrm{sn}(z\mathpunct{|}m)</Math> and <Math mode="inline" xml:id="C22.S1.p5.m6">\mathrm{sn}(z,m)</Math> with <Math mode="inline" xml:id="C22.S1.p5.m7">m=k^{2}</Math> ; see Abramowitz and Stegun (1964) and Walker (1996).
</sentence>

<sentence sentence-num-in-para="3" sentence-num-in-section="20" xml:id="C22.S1.p5.s3">
Similarly for the other functions.
</sentence>

</para>

 
</section>
