<?xml version="1.0" encoding="UTF-8"?>
<section xml:id="C22.S18">
<title>Mathematical Applications</title>        
  
<subsection xml:id="C22.S18.SS1">
<title>Lengths and Parametrization of Plane Curves</title>             
<paragraph xml:id="C22.S18.Px1">
<title>Ellipse</title>    
 
<para xml:id="C22.S18.Px1.p1">

<sentence sentence-num-in-para="1" sentence-num-in-section="1" xml:id="C22.S18.Px1.p1.s1">
 <Math equation-number="22.18.1" mode="display" xml:id="C22.S18.E1">\left(x^{2}/a^{2}\right)+\left(y^{2}/b^{2}\right)=1,</Math> with <Math mode="inline" xml:id="C22.S18.Px1.p1.m1">a\geq b&gt;0</Math> , is parametrized by <Math equation-number="22.18.2" mode="display" xml:id="C22.S18.E2">x=a\operatorname{sn}\left(u,k\right),y=b\operatorname{cn}\left(u,k\right),</Math> where <Math mode="inline" xml:id="C22.S18.Px1.p1.m2">k=\sqrt{1-(b^{2}/a^{2})}</Math> is the eccentricity, and <Math mode="inline" xml:id="C22.S18.Px1.p1.m3">0\leq u\leq 4\!K\left(k\right)</Math>.
</sentence>

<sentence sentence-num-in-para="2" sentence-num-in-section="2" xml:id="C22.S18.Px1.p1.s2">
The arc length <Math mode="inline" xml:id="C22.S18.Px1.p1.m4">l(u)</Math> in the first quadrant, measured from <Math mode="inline" xml:id="C22.S18.Px1.p1.m5">u=0</Math> , is <Math equation-number="22.18.3" mode="display" xml:id="C22.S18.E3">l(u)=a\mathcal{E}\left(u,k\right),</Math> where <Math mode="inline" xml:id="C22.S18.Px1.p1.m6">\mathcal{E}\left(u,k\right)</Math> is Jacobi’s epsilon function (§22.16(ii)).
</sentence>

</para>
 
</paragraph>
 
<paragraph xml:id="C22.S18.Px2">
<title>Lemniscate</title>     
<para xml:id="C22.S18.Px2.p1">

<sentence sentence-num-in-para="1" sentence-num-in-section="3" xml:id="C22.S18.Px2.p1.s1">
In polar coordinates, <Math mode="inline" xml:id="C22.S18.Px2.p1.m1">x=r\cos\phi</Math> , <Math mode="inline" xml:id="C22.S18.Px2.p1.m2">y=r\sin\phi</Math> , the lemniscate is given by <Math mode="inline" xml:id="C22.S18.Px2.p1.m3">r^{2}=\cos\left(2\phi\right)</Math> , <Math mode="inline" xml:id="C22.S18.Px2.p1.m4">0\leq\phi\leq 2\pi</Math>.
</sentence>

<sentence sentence-num-in-para="2" sentence-num-in-section="4" xml:id="C22.S18.Px2.p1.s2">
The arc length <Math mode="inline" xml:id="C22.S18.Px2.p1.m5">l(r)</Math> , measured from <Math mode="inline" xml:id="C22.S18.Px2.p1.m6">\phi=0</Math> , is <Math equation-number="22.18.4" mode="display" xml:id="C22.S18.E4">l(r)=(1/\sqrt{2})\operatorname{arccn}\left(r,1/\sqrt{2}\right)</Math>.
</sentence>

<sentence sentence-num-in-para="3" sentence-num-in-section="5" xml:id="C22.S18.Px2.p1.s3">
Inversely: <Math equation-number="22.18.5" mode="display" xml:id="C22.S18.E5">r=\operatorname{cn}\left(\sqrt{2}l,1/\sqrt{2}\right),</Math> and <Math equation-number="22.18.6" mode="display" xml:id="C22.S18.E6">x=\operatorname{cn}\left(\sqrt{2}l,1/\sqrt{2}\right)\operatorname{dn}\left( \sqrt{2}l,1/\sqrt{2}\right),y=\left.\operatorname{cn}\left(\sqrt{2}l,1/\sqrt{2}\right)\operatorname{sn} \left(\sqrt{2}l,1/\sqrt{2}\right)\right/\sqrt{2}</Math>.
</sentence>

</para>
 
<para xml:id="C22.S18.Px2.p2">

<sentence sentence-num-in-para="1" sentence-num-in-section="6" xml:id="C22.S18.Px2.p2.s1">
For these and other examples see Lawden (1989, Chapter 4),Whittaker and Watson (1927, §22.8), and Siegel (1988, pp. 1–7).
</sentence>

</para>
 
</paragraph>
 
</subsection>
 
<subsection xml:id="C22.S18.SS2">
<title>Conformal Mapping</title>        
  
<para xml:id="C22.S18.SS2.p1">

<sentence sentence-num-in-para="1" sentence-num-in-section="7" xml:id="C22.S18.SS2.p1.s1">
With <Math mode="inline" xml:id="C22.S18.SS2.p1.m1">k\in[0,1]</Math> the mapping <Math mode="inline" xml:id="C22.S18.SS2.p1.m2">z\to w=\operatorname{sn}\left(z,k\right)</Math> gives a conformalmap of the closed rectangle <Math mode="inline" xml:id="C22.S18.SS2.p1.m3">[-K,K]\times[0,K^{\prime}]</Math> onto the half-plane <Math mode="inline" xml:id="C22.S18.SS2.p1.m4">\Im w\geq 0</Math> , with <Math mode="inline" xml:id="C22.S18.SS2.p1.m5">0,\pm K,\pm K+iK^{\prime},iK^{\prime}</Math> mapping to <Math mode="inline" xml:id="C22.S18.SS2.p1.m6">0,\pm 1,\pm k^{-2},\infty</Math> respectively.
</sentence>

<sentence sentence-num-in-para="2" sentence-num-in-section="8" xml:id="C22.S18.SS2.p1.s2">
The half-open rectangle <Math mode="inline" xml:id="C22.S18.SS2.p1.m7">(-K,K)\times[-K^{\prime},K^{\prime}]</Math> maps onto <Math mode="inline" xml:id="C22.S18.SS2.p1.m8">\mathbb{C}</Math> cut along the intervals <Math mode="inline" xml:id="C22.S18.SS2.p1.m9">(-\infty,-1]</Math> and <Math mode="inline" xml:id="C22.S18.SS2.p1.m10">[1,\infty)</Math>.
</sentence>

<sentence sentence-num-in-para="3" sentence-num-in-section="9" xml:id="C22.S18.SS2.p1.s3">
See Akhiezer (1990, Chapter 8) andMcKean and Moll (1999, Chapter 2) for discussions of the inverse mapping.Bowman (1953, Chapters V–VI) gives an overview of the use of Jacobian elliptic functions in conformal maps for engineering applications.
</sentence>

</para>
 
</subsection>
 
<subsection xml:id="C22.S18.SS3">
<title>Uniformization and Other Parametrizations</title>           
<para xml:id="C22.S18.SS3.p1">

<sentence sentence-num-in-para="1" sentence-num-in-section="10" xml:id="C22.S18.SS3.p1.s1">
By use of the functions <Math mode="inline" xml:id="C22.S18.SS3.p1.m1">\operatorname{sn}</Math> and <Math mode="inline" xml:id="C22.S18.SS3.p1.m2">\operatorname{cn}</Math> , parametrizations of algebraic equations, such as <Math equation-number="22.18.7" mode="display" xml:id="C22.S18.E7">ax^{2}y^{2}+b(x^{2}y+xy^{2})+c(x^{2}+y^{2})+2dxy+e(x+y)+f=0,</Math> in which <Math mode="inline" xml:id="C22.S18.SS3.p1.m3">a,b,c,d,e,f</Math> are real constants, can be achieved in terms of single-valued functions.
</sentence>

<sentence sentence-num-in-para="2" sentence-num-in-section="11" xml:id="C22.S18.SS3.p1.s2">
This circumvents the cumbersome branch structure of the multivalued functions <Math mode="inline" xml:id="C22.S18.SS3.p1.m4">x(y)</Math> or <Math mode="inline" xml:id="C22.S18.SS3.p1.m5">y(x)</Math> , and constitutes the process ofuniformization; see Siegel (1988, Chapter II).
</sentence>

<sentence sentence-num-in-para="3" sentence-num-in-section="12" xml:id="C22.S18.SS3.p1.s3">
SeeBaxter (1982, p. 471) for an example from statistical mechanics.
</sentence>

<sentence sentence-num-in-para="4" sentence-num-in-section="13" xml:id="C22.S18.SS3.p1.s4">
Discussion of parametrization of the angles of spherical trigonometry in terms of Jacobian elliptic functions is given in Greenhill (1959, p. 131) and Lawden (1989, §4.4).
</sentence>

</para>
 
</subsection>
 
<subsection xml:id="C22.S18.SS4">
<title>Elliptic Curves and the Jacobi–Abel Addition Theorem</title>            
<para xml:id="C22.S18.SS4.p1">

<sentence sentence-num-in-para="1" sentence-num-in-section="14" xml:id="C22.S18.SS4.p1.s1">
Algebraic curves of the form <Math mode="inline" xml:id="C22.S18.SS4.p1.m1">y^{2}=P(x)</Math> , where <Math mode="inline" xml:id="C22.S18.SS4.p1.m2">P</Math> is a nonsingularpolynomial of degree 3 or 4 (see McKean and Moll (1999, §1.10)), areelliptic curves, which are also considered in §23.20(ii).
</sentence>

<sentence sentence-num-in-para="2" sentence-num-in-section="15" xml:id="C22.S18.SS4.p1.s2">
The special case <Math mode="inline" xml:id="C22.S18.SS4.p1.m3">y^{2}=(1-x^{2})(1-k^{2}x^{2})</Math> is in Jacobian normal form.
</sentence>

<sentence sentence-num-in-para="3" sentence-num-in-section="16" xml:id="C22.S18.SS4.p1.s3">
For any two points <Math mode="inline" xml:id="C22.S18.SS4.p1.m4">(x_{1},y_{1})</Math> and <Math mode="inline" xml:id="C22.S18.SS4.p1.m5">(x_{2},y_{2})</Math> on this curve, their sum <Math mode="inline" xml:id="C22.S18.SS4.p1.m6">(x_{3},y_{3})</Math> , always a third point on the curve, is defined by the Jacobi–Abel addition law <Math equation-number="22.18.8" mode="display" xml:id="C22.S18.E8">x_{3}=\frac{x_{1}y_{2}+x_{2}y_{1}}{1-k^{2}x_{1}^{2}x_{2}^{2}},y_{3}=\frac{y_{1}y_{2}+x_{2}(-(1+k^{2})x_{1}+2k^{2}x_{1}^{3})}{1-k^{2}x_{1}^{2 }x_{2}^{2}}+x_{3}\frac{2k^{2}x_{1}y_{1}x_{2}^{2}}{1-k^{2}x_{1}^{2}x_{2}^{2}},</Math> a construction due to Abel; see Whittaker and Watson (1927, pp. 442, 496–497).
</sentence>

<sentence sentence-num-in-para="4" sentence-num-in-section="17" xml:id="C22.S18.SS4.p1.s4">
This provides an abelian group structure, and leads to important results in number theory, discussed in an elementary manner by Silverman and Tate (1992), and more fully by Koblitz (1993, Chapter 1, especially §1.7) andMcKean and Moll (1999, Chapter 3).
</sentence>

<sentence sentence-num-in-para="5" sentence-num-in-section="18" xml:id="C22.S18.SS4.p1.s5">
The existence of this group structure is connected to the Jacobian elliptic functions via the differential equation(22.13.1).
</sentence>

<sentence sentence-num-in-para="6" sentence-num-in-section="19" xml:id="C22.S18.SS4.p1.s6">
With the identification <Math mode="inline" xml:id="C22.S18.SS4.p1.m7">x=\operatorname{sn}\left(z,k\right)</Math> , <Math mode="inline" xml:id="C22.S18.SS4.p1.m8">y=\ifrac{\mathrm{d}(\operatorname{sn}\left(z,k\right))}{\mathrm{d}z}</Math> , the addition law (22.18.8) is transformed into the addition theorem (22.8.1); seeAkhiezer (1990, pp. 42, 45, 73–74) andMcKean and Moll (1999, §§2.14, 2.16).
</sentence>

<sentence sentence-num-in-para="7" sentence-num-in-section="20" xml:id="C22.S18.SS4.p1.s7">
The theory of elliptic functions brings together complex analysis, algebraic curves, number theory, and geometry: Lang (1987), Siegel (1988), andSerre (1973).
</sentence>

</para>
 
</subsection>
 
</section>
