<?xml version="1.0" encoding="UTF-8"?>
<section xml:id="C22.S17">
<title>Moduli Outside the Interval [0,1]</title>        
    
<subsection xml:id="C22.S17.SS1">
<title>Real or Purely Imaginary Moduli</title>        
 
  
<para xml:id="C22.S17.SS1.p1">

<sentence sentence-num-in-para="1" sentence-num-in-section="1" xml:id="C22.S17.SS1.p1.s1">
Jacobian elliptic functions with real moduli in the intervals <Math mode="inline" xml:id="C22.S17.SS1.p1.m1">(-\infty,0)</Math> and <Math mode="inline" xml:id="C22.S17.SS1.p1.m2">(1,\infty)</Math> , or with purely imaginary moduli are related to functions with moduli in the interval <Math mode="inline" xml:id="C22.S17.SS1.p1.m3">[0,1]</Math> by the following formulas.
</sentence>

</para>
 
<para xml:id="C22.S17.SS1.p2">

<sentence sentence-num-in-para="1" sentence-num-in-section="2" xml:id="C22.S17.SS1.p2.s1">
First <Math equation-number="22.17.1" mode="display" xml:id="C22.S17.E1">\operatorname{pq}\left(z,k\right)=\operatorname{pq}\left(z,-k\right),</Math> for all twelve functions.
</sentence>

</para>
 
<para xml:id="C22.S17.SS1.p3">

<sentence sentence-num-in-para="1" sentence-num-in-section="3" xml:id="C22.S17.SS1.p3.s1">
Secondly, <Math equation-number="22.17.2" mode="display" xml:id="C22.S17.E2">\operatorname{sn}\left(z,1/k\right)=k\operatorname{sn}\left(z/k,k\right),</Math> , <Math equation-number="22.17.3" mode="display" xml:id="C22.S17.E3">\operatorname{cn}\left(z,1/k\right)=\operatorname{dn}\left(z/k,k\right),</Math> , <Math equation-number="22.17.4" mode="display" xml:id="C22.S17.E4">\operatorname{dn}\left(z,1/k\right)=\operatorname{cn}\left(z/k,k\right)</Math>.
</sentence>

</para>
 
<para xml:id="C22.S17.SS1.p4">

<sentence sentence-num-in-para="1" sentence-num-in-section="4" xml:id="C22.S17.SS1.p4.s1">
Thirdly, with <Math equation-number="22.17.5" mode="display" xml:id="C22.S17.E5">k_{1}=\frac{k}{\sqrt{1+k^{2}}},k_{1}k^{\prime}_{1}=\frac{k}{1+k^{2}},</Math> <Math equation-number="22.17.6" mode="display" xml:id="C22.S17.E6">\operatorname{sn}\left(z,ik\right)=k^{\prime}_{1}\operatorname{sd}\left(z/k^{ \prime}_{1},k_{1}\right),</Math> , <Math equation-number="22.17.7" mode="display" xml:id="C22.S17.E7">\operatorname{cn}\left(z,ik\right)=\operatorname{cd}\left(z/k^{\prime}_{1},k_{ 1}\right),</Math> , <Math equation-number="22.17.8" mode="display" xml:id="C22.S17.E8">\operatorname{dn}\left(z,ik\right)=\operatorname{nd}\left(z/k^{\prime}_{1},k_{ 1}\right)</Math>.
</sentence>

</para>
 
<para xml:id="C22.S17.SS1.p5">

<sentence sentence-num-in-para="1" sentence-num-in-section="5" xml:id="C22.S17.SS1.p5.s1">
In terms of the coefficients of the power series of §22.10(i), the above equations are polynomial identities in <Math mode="inline" xml:id="C22.S17.SS1.p5.m1">k</Math>.
</sentence>

<sentence sentence-num-in-para="2" sentence-num-in-section="6" xml:id="C22.S17.SS1.p5.s2">
In (22.17.5) either value of the square root can be chosen.
</sentence>

</para>
 
</subsection>
 
<subsection xml:id="C22.S17.SS2">
<title>Complex Moduli</title>        
  
    
<para xml:id="C22.S17.SS2.p1">

<sentence sentence-num-in-para="1" sentence-num-in-section="7" xml:id="C22.S17.SS2.p1.s1">
When <Math mode="inline" xml:id="C22.S17.SS2.p1.m1">z</Math> is fixed each of the twelve Jacobian elliptic functions is a meromorphic function of <Math mode="inline" xml:id="C22.S17.SS2.p1.m2">k^{2}</Math>.
</sentence>

<sentence sentence-num-in-para="2" sentence-num-in-section="8" xml:id="C22.S17.SS2.p1.s2">
For illustrations see Figures22.3.25–22.3.29.
</sentence>

<sentence sentence-num-in-para="3" sentence-num-in-section="9" xml:id="C22.S17.SS2.p1.s3">
In consequence, the formulas in this chapter remain valid when <Math mode="inline" xml:id="C22.S17.SS2.p1.m3">k</Math> is complex.
</sentence>

<sentence sentence-num-in-para="4" sentence-num-in-section="10" xml:id="C22.S17.SS2.p1.s4">
In particular, the Landen transformations in §§22.7(i) and 22.7(ii) are valid for all complex values of <Math mode="inline" xml:id="C22.S17.SS2.p1.m4">k</Math> , irrespective of which values of <Math mode="inline" xml:id="C22.S17.SS2.p1.m5">\sqrt{k}</Math> and <Math mode="inline" xml:id="C22.S17.SS2.p1.m6">k^{\prime}=\sqrt{1-k^{2}}</Math> are chosen—as long as they are used consistently.
</sentence>

<sentence sentence-num-in-para="5" sentence-num-in-section="11" xml:id="C22.S17.SS2.p1.s5">
For proofs of these results and further information seeWalker (2003).
</sentence>

</para>
 
<para xml:id="C22.S17.SS2.p2">

</para>
 
</subsection>
 
</section>
