<?xml version="1.0" encoding="UTF-8"?>
<section xml:id="C22.S21">
<title>Tables</title>        
   
 
<para xml:id="C22.S21.p1">

<sentence sentence-num-in-para="1" sentence-num-in-section="1" xml:id="C22.S21.p1.s1">
Spenceley and Spenceley (1947) tabulates <Math mode="inline" xml:id="C22.S21.p1.m1">\operatorname{sn}\left(Kx,k\right)</Math> , <Math mode="inline" xml:id="C22.S21.p1.m2">\operatorname{cn}\left(Kx,k\right)</Math> , <Math mode="inline" xml:id="C22.S21.p1.m3">\operatorname{dn}\left(Kx,k\right)</Math> , <Math mode="inline" xml:id="C22.S21.p1.m4">\operatorname{am}\left(Kx,k\right)</Math> , <Math mode="inline" xml:id="C22.S21.p1.m5">\mathcal{E}\left(Kx,k\right)</Math> for <Math mode="inline" xml:id="C22.S21.p1.m6">\operatorname{arcsin}k=1^{\circ}(1^{\circ})89^{\circ}</Math> and <Math mode="inline" xml:id="C22.S21.p1.m7">x=0\left(\tfrac{1}{90}\right)1</Math> to 12D, or 12 decimals of a radian inthe case of <Math mode="inline" xml:id="C22.S21.p1.m8">\operatorname{am}\left(Kx,k\right)</Math>.
</sentence>

</para>
 
<para xml:id="C22.S21.p2">

<sentence sentence-num-in-para="1" sentence-num-in-section="2" xml:id="C22.S21.p2.s1">
Curtis (1964b) tabulates <Math mode="inline" xml:id="C22.S21.p2.m1">\operatorname{sn}\left(mK/n,k\right)</Math> , <Math mode="inline" xml:id="C22.S21.p2.m2">\operatorname{cn}\left(mK/n,k\right)</Math> , <Math mode="inline" xml:id="C22.S21.p2.m3">\operatorname{dn}\left(mK/n,k\right)</Math> for <Math mode="inline" xml:id="C22.S21.p2.m4">n=2(1)15</Math> , <Math mode="inline" xml:id="C22.S21.p2.m5">m=1(1)n-1</Math> , and <Math mode="inline" xml:id="C22.S21.p2.m6">q</Math> (not <Math mode="inline" xml:id="C22.S21.p2.m7">k</Math> ) <Math mode="inline" xml:id="C22.S21.p2.m8">=0(.005)0.3</Math> 5 to 20D.
</sentence>

</para>
 
<para xml:id="C22.S21.p3">

<sentence sentence-num-in-para="1" sentence-num-in-section="3" xml:id="C22.S21.p3.s1">
Lawden (1989, pp. 280–284 and 293–297) tabulates <Math mode="inline" xml:id="C22.S21.p3.m1">\operatorname{sn}\left(x,k\right)</Math> , <Math mode="inline" xml:id="C22.S21.p3.m2">\operatorname{cn}\left(x,k\right)</Math> , <Math mode="inline" xml:id="C22.S21.p3.m3">\operatorname{dn}\left(x,k\right)</Math> , <Math mode="inline" xml:id="C22.S21.p3.m4">\mathcal{E}\left(x,k\right)</Math> , <Math mode="inline" xml:id="C22.S21.p3.m5">\mathrm{Z}\left(x|k\right)</Math> to 5D for <Math mode="inline" xml:id="C22.S21.p3.m6">k=0.1(.1)0.</Math>
</sentence>

<sentence sentence-num-in-para="2" sentence-num-in-section="4" xml:id="C22.S21.p3.s2">
9, <Math mode="inline" xml:id="C22.S21.p3.m7">x=0(.1)</Math> X, where <Math mode="inline" xml:id="C22.S21.p3.m8">X</Math> ranges from 1.5 to 2.2.
</sentence>

</para>
 
<para xml:id="C22.S21.p4">

<sentence sentence-num-in-para="1" sentence-num-in-section="5" xml:id="C22.S21.p4.s1">
Zhang and Jin (1996, p. 678) tabulates <Math mode="inline" xml:id="C22.S21.p4.m1">\operatorname{sn}\left(Kx,k\right)</Math> , <Math mode="inline" xml:id="C22.S21.p4.m2">\operatorname{cn}\left(Kx,k\right)</Math> , <Math mode="inline" xml:id="C22.S21.p4.m3">\operatorname{dn}\left(Kx,k\right)</Math> for <Math mode="inline" xml:id="C22.S21.p4.m4">k=\frac{1}{4},\frac{1}{2}</Math> and <Math mode="inline" xml:id="C22.S21.p4.m5">x=0(.1)</Math> 4 to 7D.
</sentence>

</para>
 
<para xml:id="C22.S21.p5">

<sentence sentence-num-in-para="1" sentence-num-in-section="6" xml:id="C22.S21.p5.s1">
For other tables prior to 1961 seeFletcher et al. (1962, pp. 500–503) andLebedev and Fedorova (1960, pp. 221–223).
</sentence>

</para>
 
<para xml:id="C22.S21.p6">

<sentence sentence-num-in-para="1" sentence-num-in-section="7" xml:id="C22.S21.p6.s1">
Tables of theta functions (§20.15)can also be used to compute the twelve Jacobian elliptic functions by application of the quotient formulas given in §22.2.
</sentence>

</para>

 
</section>
