<?xml version="1.0" encoding="UTF-8"?>
<section xml:id="C22.S2">
<title>Definitions</title>        
      
<para xml:id="C22.S2.p1">

<sentence sentence-num-in-para="1" sentence-num-in-section="1" xml:id="C22.S2.p1.s1">
The nome <Math mode="inline" xml:id="C22.S2.p1.m1">q</Math> is given in terms of the modulus <Math mode="inline" xml:id="C22.S2.p1.m2">k</Math> by <Math equation-number="22.2.1" mode="display" xml:id="C22.S2.E1">q=\exp\left(-\pi{K^{\prime}}\left(k\right)/K\left(k\right)\right),</Math> where <Math mode="inline" xml:id="C22.S2.p1.m3">K\left(k\right)</Math> , <Math mode="inline" xml:id="C22.S2.p1.m4">{K^{\prime}}\left(k\right)</Math> are defined in §19.2(ii).
</sentence>

<sentence sentence-num-in-para="2" sentence-num-in-section="2" xml:id="C22.S2.p1.s2">
Inversely, <Math equation-number="22.2.2" mode="display" xml:id="C22.S2.E2">k=\frac{{\theta_{2}^{2}}\left(0,q\right)}{{\theta_{3}^{2}}\left(0,q\right)},k^{\prime}=\frac{{\theta_{4}^{2}}\left(0,q\right)}{{\theta_{3}^{2}}\left(0,q \right)},K\left(k\right)=\frac{\pi}{2}{\theta_{3}^{2}}\left(0,q\right),</Math> where <Math mode="inline" xml:id="C22.S2.p1.m5">k^{\prime}=\sqrt{1-k^{2}}</Math> and the theta functions are defined in §20.2(i).
</sentence>

</para>
 
<para xml:id="C22.S2.p2">

<sentence sentence-num-in-para="1" sentence-num-in-section="3" xml:id="C22.S2.p2.s1">
With <Math equation-number="22.2.3" mode="display" xml:id="C22.S2.E3">\zeta=\frac{\pi z}{2\!K\left(k\right)},</Math> <Math equation-number="22.2.4" mode="display" xml:id="C22.S2.E4">\operatorname{sn}\left(z,k\right)=\frac{\theta_{3}\left(0,q\right)}{\theta_{2} \left(0,q\right)}\frac{\theta_{1}\left(\zeta,q\right)}{\theta_{4}\left(\zeta,q \right)}=\frac{1}{\operatorname{ns}\left(z,k\right)},</Math> <Math equation-number="22.2.5" mode="display" xml:id="C22.S2.E5">\operatorname{cn}\left(z,k\right)=\frac{\theta_{4}\left(0,q\right)}{\theta_{2} \left(0,q\right)}\frac{\theta_{2}\left(\zeta,q\right)}{\theta_{4}\left(\zeta,q \right)}=\frac{1}{\operatorname{nc}\left(z,k\right)},</Math> <Math equation-number="22.2.6" mode="display" xml:id="C22.S2.E6">\operatorname{dn}\left(z,k\right)=\frac{\theta_{4}\left(0,q\right)}{\theta_{3} \left(0,q\right)}\frac{\theta_{3}\left(\zeta,q\right)}{\theta_{4}\left(\zeta,q \right)}=\frac{1}{\operatorname{nd}\left(z,k\right)},</Math> <Math equation-number="22.2.7" mode="display" xml:id="C22.S2.E7">\operatorname{sd}\left(z,k\right)=\frac{{\theta_{3}^{2}}\left(0,q\right)}{ \theta_{2}\left(0,q\right)\theta_{4}\left(0,q\right)}\frac{\theta_{1}\left( \zeta,q\right)}{\theta_{3}\left(\zeta,q\right)}=\frac{1}{\operatorname{ds} \left(z,k\right)},</Math> <Math equation-number="22.2.8" mode="display" xml:id="C22.S2.E8">\operatorname{cd}\left(z,k\right)=\frac{\theta_{3}\left(0,q\right)}{\theta_{2} \left(0,q\right)}\frac{\theta_{2}\left(\zeta,q\right)}{\theta_{3}\left(\zeta,q \right)}=\frac{1}{\operatorname{dc}\left(z,k\right)},</Math> <Math equation-number="22.2.9" mode="display" xml:id="C22.S2.E9">\operatorname{sc}\left(z,k\right)=\frac{\theta_{3}\left(0,q\right)}{\theta_{4} \left(0,q\right)}\frac{\theta_{1}\left(\zeta,q\right)}{\theta_{2}\left(\zeta,q \right)}=\frac{1}{\operatorname{cs}\left(z,k\right)}</Math>.
</sentence>

</para>
 
<para xml:id="C22.S2.p3">

<sentence sentence-num-in-para="1" sentence-num-in-section="4" xml:id="C22.S2.p3.s1">
As a function of <Math mode="inline" xml:id="C22.S2.p3.m1">z</Math> , with fixed <Math mode="inline" xml:id="C22.S2.p3.m2">k</Math> , each of the 12 Jacobian elliptic functions is doubly periodic, having two periods whose ratio is not real.
</sentence>

<sentence sentence-num-in-para="2" sentence-num-in-section="5" xml:id="C22.S2.p3.s2">
Each is meromorphic in <Math mode="inline" xml:id="C22.S2.p3.m3">z</Math> for fixed <Math mode="inline" xml:id="C22.S2.p3.m4">k</Math> , with simple poles and simple zeros, and each is meromorphic in <Math mode="inline" xml:id="C22.S2.p3.m5">k</Math> for fixed <Math mode="inline" xml:id="C22.S2.p3.m6">z</Math>.
</sentence>

<sentence sentence-num-in-para="3" sentence-num-in-section="6" xml:id="C22.S2.p3.s3">
For <Math mode="inline" xml:id="C22.S2.p3.m7">k\in[0,1]</Math> , all functions are real for <Math mode="inline" xml:id="C22.S2.p3.m8">z\in\mathbb{R}</Math>.
</sentence>

</para>
 
<paragraph xml:id="C22.S2.Px1">
<title>Glaisher’s Notation</title>   
<para xml:id="C22.S2.Px1.p1">

<sentence sentence-num-in-para="1" sentence-num-in-section="7" xml:id="C22.S2.Px1.p1.s1">
The Jacobian functions are related in the following way.
</sentence>

<sentence sentence-num-in-para="2" sentence-num-in-section="8" xml:id="C22.S2.Px1.p1.s2">
Let <Math mode="inline" xml:id="C22.S2.Px1.p1.m1">\mathrm{p}</Math> , <Math mode="inline" xml:id="C22.S2.Px1.p1.m2">\mathrm{q}</Math> , <Math mode="inline" xml:id="C22.S2.Px1.p1.m3">\mathrm{r}</Math> be any three of the letters <Math mode="inline" xml:id="C22.S2.Px1.p1.m4">\mathrm{s}</Math> , <Math mode="inline" xml:id="C22.S2.Px1.p1.m5">\mathrm{c}</Math> , <Math mode="inline" xml:id="C22.S2.Px1.p1.m6">\mathrm{d}</Math> , <Math mode="inline" xml:id="C22.S2.Px1.p1.m7">\mathrm{n}</Math>.
</sentence>

<sentence sentence-num-in-para="3" sentence-num-in-section="9" xml:id="C22.S2.Px1.p1.s3">
Then <Math equation-number="22.2.10" mode="display" xml:id="C22.S2.E10">\operatorname{pq}\left(z,k\right)=\frac{\operatorname{pr}\left(z,k\right)}{ \operatorname{qr}\left(z,k\right)}=\frac{1}{\operatorname{qp}\left(z,k\right)},</Math> with the convention that functions with the same two letters are replaced by unity; e.g. <Math mode="inline" xml:id="C22.S2.Px1.p1.m8">\operatorname{ss}\left(z,k\right)=1</Math>.
</sentence>

</para>
 
<para xml:id="C22.S2.Px1.p2">

<sentence sentence-num-in-para="1" sentence-num-in-section="10" xml:id="C22.S2.Px1.p2.s1">
The six functions containing the letter <Math mode="inline" xml:id="C22.S2.Px1.p2.m1">\mathrm{s}</Math> in their two-letter name are odd in <Math mode="inline" xml:id="C22.S2.Px1.p2.m2">z</Math> ; the other six are even in <Math mode="inline" xml:id="C22.S2.Px1.p2.m3">z</Math>.
</sentence>

</para>
  
<para xml:id="C22.S2.Px1.p3">

<sentence sentence-num-in-para="1" sentence-num-in-section="11" xml:id="C22.S2.Px1.p3.s1">
In terms of Neville’s theta functions (§20.1)
</sentence>

<sentence sentence-num-in-para="2" sentence-num-in-section="12" xml:id="C22.S2.Px1.p3.s2">
<Math equation-number="22.2.11" mode="display" xml:id="C22.S2.E11">\operatorname{pq}\left(z,k\right)=\ifrac{\theta_{p}\left(z\middle|\tau\right)} {\theta_{q}\left(z\middle|\tau\right)},</Math> where <Math equation-number="22.2.12" mode="display" xml:id="C22.S2.E12">\tau=\ifrac{\mathrm{i}{K^{\prime}}\left(k\right)}{K\left(k\right)},</Math> and on the left-hand side of (22.2.11)
</sentence>

<sentence sentence-num-in-para="3" sentence-num-in-section="13" xml:id="C22.S2.Px1.p3.s3">
<Math mode="inline" xml:id="C22.S2.Px1.p3.m1">\mathrm{p}</Math> , <Math mode="inline" xml:id="C22.S2.Px1.p3.m2">\mathrm{q}</Math> are any pair of the letters <Math mode="inline" xml:id="C22.S2.Px1.p3.m3">\mathrm{s}</Math> , <Math mode="inline" xml:id="C22.S2.Px1.p3.m4">\mathrm{c}</Math> , <Math mode="inline" xml:id="C22.S2.Px1.p3.m5">\mathrm{d}</Math> , <Math mode="inline" xml:id="C22.S2.Px1.p3.m6">\mathrm{n}</Math> , and on the right-hand side they correspond to the integers <Math mode="inline" xml:id="C22.S2.Px1.p3.m7">1,2,3,4</Math>.
</sentence>

</para>
 
</paragraph>
 
</section>
