<?xml version="1.0" encoding="UTF-8"?>
<section xml:id="C22.S22">
<title>Software</title>        
 
<para xml:id="C22.S22.p1">

</para>
 
<subsection xml:id="C22.S22.SS1">
<title>Introduction</title>         
<para xml:id="C22.S22.SS1.p1">

<sentence sentence-num-in-para="1" sentence-num-in-section="1" xml:id="C22.S22.SS1.p1.s1">
In this section we provide links to the research literature describing the implementation of algorithms in software for the evaluation of functions described in this chapter.
</sentence>

<sentence sentence-num-in-para="2" sentence-num-in-section="2" xml:id="C22.S22.SS1.p1.s2">
However, in some cases no research software has been found.
</sentence>

<sentence sentence-num-in-para="3" sentence-num-in-section="3" xml:id="C22.S22.SS1.p1.s3">
For other software see the Software Index.
</sentence>

</para>
 
<para xml:id="C22.S22.SS1.p2">

<sentence sentence-num-in-para="1" sentence-num-in-section="4" xml:id="C22.S22.SS1.p2.s1">
For another listing of Web-accessible software for the functions in this chapter, see .
</sentence>

</para>
 
</subsection>
 
<subsection xml:id="C22.S22.SS2">
<title>Real Argument</title>        
 
<para xml:id="C22.S22.SS2.p1">

<sentence sentence-num-in-para="1" sentence-num-in-section="5" xml:id="C22.S22.SS2.p1.s1">
SeeBulirsch (1965b).Also see the Software Index.
</sentence>

</para>
 
</subsection>
 
<subsection xml:id="C22.S22.SS3">
<title>Complex Argument</title>        
 
<para xml:id="C22.S22.SS3.p1">

<sentence sentence-num-in-para="1" sentence-num-in-section="6" xml:id="C22.S22.SS3.p1.s1">
See the Software Index.
</sentence>

</para>
 
</subsection>
 
</section>
