<?xml version="1.0" encoding="UTF-8"?>
<section xml:id="C22.S3">
<title>Graphics</title>         
<subsection xml:id="C22.S3.SS1">
<title>Real Variables: Line Graphs</title>          
<para xml:id="C22.S3.SS1.p1">

</para>
 
<para xml:id="C22.S3.SS1.p2">

<sentence sentence-num-in-para="1" sentence-num-in-section="1" xml:id="C22.S3.SS1.p2.s1">
Line graphs of the functions <Math mode="inline" xml:id="C22.S3.SS1.p2.m1">\operatorname{sn}\left(x,k\right)</Math> , <Math mode="inline" xml:id="C22.S3.SS1.p2.m2">\operatorname{cn}\left(x,k\right)</Math> , <Math mode="inline" xml:id="C22.S3.SS1.p2.m3">\operatorname{dn}\left(x,k\right)</Math> , <Math mode="inline" xml:id="C22.S3.SS1.p2.m4">\operatorname{cd}\left(x,k\right)</Math> , <Math mode="inline" xml:id="C22.S3.SS1.p2.m5">\operatorname{sd}\left(x,k\right)</Math> , <Math mode="inline" xml:id="C22.S3.SS1.p2.m6">\operatorname{nd}\left(x,k\right)</Math> , <Math mode="inline" xml:id="C22.S3.SS1.p2.m7">\operatorname{dc}\left(x,k\right)</Math> , <Math mode="inline" xml:id="C22.S3.SS1.p2.m8">\operatorname{nc}\left(x,k\right)</Math> , <Math mode="inline" xml:id="C22.S3.SS1.p2.m9">\operatorname{sc}\left(x,k\right)</Math> , <Math mode="inline" xml:id="C22.S3.SS1.p2.m10">\operatorname{ns}\left(x,k\right)</Math> , <Math mode="inline" xml:id="C22.S3.SS1.p2.m11">\operatorname{ds}\left(x,k\right)</Math> , and <Math mode="inline" xml:id="C22.S3.SS1.p2.m12">\operatorname{cs}\left(x,k\right)</Math> for representative values of real <Math mode="inline" xml:id="C22.S3.SS1.p2.m13">x</Math> and real <Math mode="inline" xml:id="C22.S3.SS1.p2.m14">k</Math> illustrating the near trigonometric ( <Math mode="inline" xml:id="C22.S3.SS1.p2.m15">k=0</Math> ), and near hyperbolic ( <Math mode="inline" xml:id="C22.S3.SS1.p2.m16">k=1</Math> ) limits.
</sentence>

</para>
            
<sentence sentence-num-in-section="2" xml:id="C22.S3.F1.s1">
Figure 22.3.1: <Math mode="inline" xml:id="C22.S3.F1.m7">k=0.</Math>4 , <Math mode="inline" xml:id="C22.S3.F1.m8">-3K\leq x\leq 3K</Math> , <Math mode="inline" xml:id="C22.S3.F1.m9">K=1.6399\dot</Math>s .
</sentence> 
          
<sentence sentence-num-in-section="3" xml:id="C22.S3.F2.s1">
Figure 22.3.2: <Math mode="inline" xml:id="C22.S3.F2.m7">k=0.7</Math> , <Math mode="inline" xml:id="C22.S3.F2.m8">-3K\leq x\leq 3K</Math> , <Math mode="inline" xml:id="C22.S3.F2.m9">K=1.8456\dot</Math>s . For <Math mode="inline" xml:id="C22.S3.F2.m10">\operatorname{cn}\left(x,k\right)</Math> the curve for <Math mode="inline" xml:id="C22.S3.F2.m11">k=1/\sqrt{2}=0.70710\dot</Math>s is a boundary between the curves that have an inflection point in the interval <Math mode="inline" xml:id="C22.S3.F2.m12">0\leq x\leq 2\!K\left(k\right)</Math> , and its translates, and those that do not; see .
</sentence>   
          
<sentence sentence-num-in-section="4" xml:id="C22.S3.F3.s1">
Figure 22.3.3: <Math mode="inline" xml:id="C22.S3.F3.m7">k=0.9</Math>9 , <Math mode="inline" xml:id="C22.S3.F3.m8">-3K\leq x\leq 3K</Math> , <Math mode="inline" xml:id="C22.S3.F3.m9">K=3.3566\dot</Math>s .
</sentence>           
<sentence sentence-num-in-section="5" xml:id="C22.S3.F4.s1">
Figure 22.3.4: <Math mode="inline" xml:id="C22.S3.F4.m7">k=0.99999</Math>9 , <Math mode="inline" xml:id="C22.S3.F4.m8">-3K\leq x\leq 3K</Math> , <Math mode="inline" xml:id="C22.S3.F4.m9">K=7.9474\dot</Math>s .
</sentence> 
 
           
<sentence sentence-num-in-section="6" xml:id="C22.S3.F5.s1">
Figure 22.3.5: <Math mode="inline" xml:id="C22.S3.F5.m7">k=0.</Math>4 , <Math mode="inline" xml:id="C22.S3.F5.m8">-2K\leq x\leq 2K</Math> , <Math mode="inline" xml:id="C22.S3.F5.m9">K=1.6399\dot</Math>s .
</sentence>        
   
<sentence sentence-num-in-section="7" xml:id="C22.S3.F6.s1">
Figure 22.3.6: <Math mode="inline" xml:id="C22.S3.F6.m7">k=0.7</Math> , <Math mode="inline" xml:id="C22.S3.F6.m8">-2K\leq x\leq 2K</Math> , <Math mode="inline" xml:id="C22.S3.F6.m9">K=1.8456\dot</Math>s .
</sentence>             
<sentence sentence-num-in-section="8" xml:id="C22.S3.F7.s1">
Figure 22.3.7: <Math mode="inline" xml:id="C22.S3.F7.m7">k=0.9</Math>9 , <Math mode="inline" xml:id="C22.S3.F7.m8">-2K\leq x\leq 2K</Math> , <Math mode="inline" xml:id="C22.S3.F7.m9">K=3.3566\dot</Math>s .
</sentence>           
<sentence sentence-num-in-section="9" xml:id="C22.S3.F8.s1">
Figure 22.3.8: <Math mode="inline" xml:id="C22.S3.F8.m7">k=0.99999</Math>9 , <Math mode="inline" xml:id="C22.S3.F8.m8">-2K\leq x\leq 2K</Math> , <Math mode="inline" xml:id="C22.S3.F8.m9">K=7.9474\dot</Math>s .
</sentence>  
         
  
<sentence sentence-num-in-section="10" xml:id="C22.S3.F9.s1">
Figure 22.3.9: <Math mode="inline" xml:id="C22.S3.F9.m7">k=0.</Math>4 , <Math mode="inline" xml:id="C22.S3.F9.m8">-2K\leq x\leq 2K</Math> , <Math mode="inline" xml:id="C22.S3.F9.m9">K=1.6399\dot</Math>s .
</sentence>           
<sentence sentence-num-in-section="11" xml:id="C22.S3.F10.s1">
Figure 22.3.10: <Math mode="inline" xml:id="C22.S3.F10.m7">k=0.7</Math> , <Math mode="inline" xml:id="C22.S3.F10.m8">-2K\leq x\leq 2K</Math> , <Math mode="inline" xml:id="C22.S3.F10.m9">K=1.8456\dot</Math>s .
</sentence>   
          
<sentence sentence-num-in-section="12" xml:id="C22.S3.F11.s1">
Figure 22.3.11: <Math mode="inline" xml:id="C22.S3.F11.m7">k=0.9</Math>9 , <Math mode="inline" xml:id="C22.S3.F11.m8">-2K\leq x\leq 2K</Math> , <Math mode="inline" xml:id="C22.S3.F11.m9">K=3.3566\dot</Math>s .
</sentence>           
<sentence sentence-num-in-section="13" xml:id="C22.S3.F12.s1">
Figure 22.3.12: <Math mode="inline" xml:id="C22.S3.F12.m7">k=0.99999</Math>9 , <Math mode="inline" xml:id="C22.S3.F12.m8">-2K\leq x\leq 2K</Math> , <Math mode="inline" xml:id="C22.S3.F12.m9">K=7.9474\dot</Math>s .
</sentence> 
 
 
</subsection>
 
<subsection xml:id="C22.S3.SS2">
<title>Real Variables: Surfaces</title>            
<para xml:id="C22.S3.SS2.p1">

</para>
 
<para xml:id="C22.S3.SS2.p2">

<sentence sentence-num-in-para="1" sentence-num-in-section="14" xml:id="C22.S3.SS2.p2.s1">
 <Math mode="inline" xml:id="C22.S3.SS2.p2.m1">\operatorname{sn}\left(x,k\right)</Math> , <Math mode="inline" xml:id="C22.S3.SS2.p2.m2">\operatorname{cn}\left(x,k\right)</Math> , and <Math mode="inline" xml:id="C22.S3.SS2.p2.m3">\operatorname{dn}\left(x,k\right)</Math> as functions of real arguments <Math mode="inline" xml:id="C22.S3.SS2.p2.m4">x</Math> and <Math mode="inline" xml:id="C22.S3.SS2.p2.m5">k</Math>.
</sentence>

<sentence sentence-num-in-para="2" sentence-num-in-section="15" xml:id="C22.S3.SS2.p2.s2">
The period diverges logarithmically as <Math mode="inline" xml:id="C22.S3.SS2.p2.m6">k\to 1-</Math> ; see §19.12.
</sentence>

</para>
       
   
<sentence sentence-num-in-section="16" xml:id="C22.S3.F13.s1">
Figure 22.3.13: <Math mode="inline" xml:id="C22.S3.F13.m5">\operatorname{sn}\left(x,k\right)</Math> for <Math mode="inline" xml:id="C22.S3.F13.m6">k=1-e^{-n}</Math> , <Math mode="inline" xml:id="C22.S3.F13.m7">n=0</Math> to 20, <Math mode="inline" xml:id="C22.S3.F13.m8">-5\pi\leq x\leq 5\pi</Math> .
</sentence> 
           
<sentence sentence-num-in-section="17" xml:id="C22.S3.F14.s1">
Figure 22.3.14: <Math mode="inline" xml:id="C22.S3.F14.m5">\operatorname{cn}\left(x,k\right)</Math> for <Math mode="inline" xml:id="C22.S3.F14.m6">k=1-e^{-n}</Math> , <Math mode="inline" xml:id="C22.S3.F14.m7">n=0</Math> to 20, <Math mode="inline" xml:id="C22.S3.F14.m8">-5\pi\leq x\leq 5\pi</Math> .
</sentence>        
   
<sentence sentence-num-in-section="18" xml:id="C22.S3.F15.s1">
Figure 22.3.15: <Math mode="inline" xml:id="C22.S3.F15.m5">\operatorname{dn}\left(x,k\right)</Math> for <Math mode="inline" xml:id="C22.S3.F15.m6">k=1-e^{-n}</Math> , <Math mode="inline" xml:id="C22.S3.F15.m7">n=0</Math> to 20, <Math mode="inline" xml:id="C22.S3.F15.m8">-5\pi\leq x\leq 5\pi</Math> .
</sentence>  
   
</subsection>
 
<subsection xml:id="C22.S3.SS3">
<title>Complex <Math mode="inline" xml:id="C22.S3.SS3.m1">z</Math>; Real <Math mode="inline" xml:id="C22.S3.SS3.m2">k</Math></title>          
<para xml:id="C22.S3.SS3.p1">

</para>
 
<para xml:id="C22.S3.SS3.p2">

<sentence sentence-num-in-para="1" sentence-num-in-section="19" xml:id="C22.S3.SS3.p2.s1">
In the graphics shown in this subsection height corresponds to the absolute value of the function and color to the phase.
</sentence>

<sentence sentence-num-in-para="2" sentence-num-in-section="20" xml:id="C22.S3.SS3.p2.s2">
See About Color Map.
</sentence>

</para>
          
<sentence sentence-num-in-section="21" xml:id="C22.S3.F16.s1">
Figure 22.3.16: <Math mode="inline" xml:id="C22.S3.F16.m5">\operatorname{sn}\left(x+iy,k\right)</Math> for <Math mode="inline" xml:id="C22.S3.F16.m6">k=0.9</Math>9 , <Math mode="inline" xml:id="C22.S3.F16.m7">-3K\leq x\leq 3K</Math> , <Math mode="inline" xml:id="C22.S3.F16.m8">0\leq y\leq 4K^{\prime}</Math> . <Math mode="inline" xml:id="C22.S3.F16.m9">K=3.3566\dot</Math>s , <Math mode="inline" xml:id="C22.S3.F16.m10">K^{\prime}=1.5786\dot</Math>s .
</sentence>  
<para xml:id="C22.S3.SS3.p3">

</para>
           
<sentence sentence-num-in-section="22" xml:id="C22.S3.F17.s1">
Figure 22.3.17: <Math mode="inline" xml:id="C22.S3.F17.m5">\operatorname{cn}\left(x+iy,k\right)</Math> for <Math mode="inline" xml:id="C22.S3.F17.m6">k=0.9</Math>9 , <Math mode="inline" xml:id="C22.S3.F17.m7">-3K\leq x\leq 3K</Math> , <Math mode="inline" xml:id="C22.S3.F17.m8">0\leq y\leq 4K^{\prime}</Math> . <Math mode="inline" xml:id="C22.S3.F17.m9">K=3.3566\dot</Math>s , <Math mode="inline" xml:id="C22.S3.F17.m10">K^{\prime}=1.5786\dot</Math>s .
</sentence>          
  
<sentence sentence-num-in-section="23" xml:id="C22.S3.F18.s1">
Figure 22.3.18: <Math mode="inline" xml:id="C22.S3.F18.m5">\operatorname{dn}\left(x+iy,k\right)</Math> for <Math mode="inline" xml:id="C22.S3.F18.m6">k=0.9</Math>9 , <Math mode="inline" xml:id="C22.S3.F18.m7">-3K\leq x\leq 3K</Math> , <Math mode="inline" xml:id="C22.S3.F18.m8">0\leq y\leq 4K^{\prime}</Math> . <Math mode="inline" xml:id="C22.S3.F18.m9">K=3.3566\dot</Math>s , <Math mode="inline" xml:id="C22.S3.F18.m10">K^{\prime}=1.5786\dot</Math>s .
</sentence>           
<sentence sentence-num-in-section="24" xml:id="C22.S3.F19.s1">
Figure 22.3.19: <Math mode="inline" xml:id="C22.S3.F19.m5">\operatorname{cd}\left(x+iy,k\right)</Math> for <Math mode="inline" xml:id="C22.S3.F19.m6">k=0.9</Math>9 , <Math mode="inline" xml:id="C22.S3.F19.m7">-3K\leq x\leq 3K</Math> , <Math mode="inline" xml:id="C22.S3.F19.m8">0\leq y\leq 4K^{\prime}</Math> . <Math mode="inline" xml:id="C22.S3.F19.m9">K=3.3566\dot</Math>s , <Math mode="inline" xml:id="C22.S3.F19.m10">K^{\prime}=1.5786\dot</Math>s .
</sentence>   
          
<sentence sentence-num-in-section="25" xml:id="C22.S3.F20.s1">
Figure 22.3.20: <Math mode="inline" xml:id="C22.S3.F20.m5">\operatorname{dc}\left(x+iy,k\right)</Math> for <Math mode="inline" xml:id="C22.S3.F20.m6">k=0.9</Math>9 , <Math mode="inline" xml:id="C22.S3.F20.m7">-3K\leq x\leq 3K</Math> , <Math mode="inline" xml:id="C22.S3.F20.m8">0\leq y\leq 4K^{\prime}</Math> . <Math mode="inline" xml:id="C22.S3.F20.m9">K=3.3566\dot</Math>s , <Math mode="inline" xml:id="C22.S3.F20.m10">K^{\prime}=1.5786\dot</Math>s .
</sentence>           
<sentence sentence-num-in-section="26" xml:id="C22.S3.F21.s1">
Figure 22.3.21: <Math mode="inline" xml:id="C22.S3.F21.m4">\operatorname{ns}\left(x+iy,k\right)</Math> for <Math mode="inline" xml:id="C22.S3.F21.m5">k=0.9</Math>9 , <Math mode="inline" xml:id="C22.S3.F21.m6">-3K\leq x\leq 3K</Math> , <Math mode="inline" xml:id="C22.S3.F21.m7">0\leq y\leq 4K^{\prime}</Math> . <Math mode="inline" xml:id="C22.S3.F21.m8">K=3.3566\dot</Math>s , <Math mode="inline" xml:id="C22.S3.F21.m9">K^{\prime}=1.5786\dot</Math>s .
</sentence> 
    
</subsection>
 
<subsection xml:id="C22.S3.SS4">
<title>Complex <Math mode="inline" xml:id="C22.S3.SS4.m1">k</Math></title>         
          
<sentence sentence-num-in-section="27" xml:id="C22.S3.F22.s1">
Figure 22.3.22: <Math mode="inline" xml:id="C22.S3.F22.m2">\Re\operatorname{sn}\left(x,k\right)</Math> , <Math mode="inline" xml:id="C22.S3.F22.m3">x=120</Math> , as a function of <Math mode="inline" xml:id="C22.S3.F22.m4">k^{2}=i\kappa^{2}</Math> , <Math mode="inline" xml:id="C22.S3.F22.m5">0\leq\kappa\leq 4</Math> .
</sentence>           
<sentence sentence-num-in-section="28" xml:id="C22.S3.F23.s1">
Figure 22.3.23: <Math mode="inline" xml:id="C22.S3.F23.m2">\Im\operatorname{sn}\left(x,k\right)</Math> , <Math mode="inline" xml:id="C22.S3.F23.m3">x=120</Math> , as a function of <Math mode="inline" xml:id="C22.S3.F23.m4">k^{2}=i\kappa^{2}</Math> , <Math mode="inline" xml:id="C22.S3.F23.m5">0\leq\kappa\leq 4</Math> .
</sentence>
 
  
<para xml:id="C22.S3.SS4.p1">

<sentence sentence-num-in-para="1" sentence-num-in-section="29" xml:id="C22.S3.SS4.p1.s1">
In Figures 22.3.24and 22.3.25,height corresponds to the absolute value of the function and color to the phase.
</sentence>

<sentence sentence-num-in-para="2" sentence-num-in-section="30" xml:id="C22.S3.SS4.p1.s2">
See p.
</sentence>

<sentence sentence-num-in-para="3" sentence-num-in-section="31" xml:id="C22.S3.SS4.p1.s3">
About Color Map.
</sentence>

</para>
           
<sentence sentence-num-in-section="32" xml:id="C22.S3.F24.s1">
Figure 22.3.24: <Math mode="inline" xml:id="C22.S3.F24.m2">\operatorname{sn}\left(x+iy,k\right)</Math> for <Math mode="inline" xml:id="C22.S3.F24.m3">-4\leq x\leq 4</Math> , <Math mode="inline" xml:id="C22.S3.F24.m4">0\leq y\leq 8</Math> , <Math mode="inline" xml:id="C22.S3.F24.m5">k=1+\tfrac{1}{2}i</Math> . <Math mode="inline" xml:id="C22.S3.F24.m6">K=1.5149\ldots+i0.5235\dot</Math>s , <Math mode="inline" xml:id="C22.S3.F24.m7">K^{\prime}=1.4620\ldots-i0.3552\dot</Math>s .
</sentence>  
          
<sentence sentence-num-in-section="33" xml:id="C22.S3.F25.s1">
Figure 22.3.25: <Math mode="inline" xml:id="C22.S3.F25.m2">\operatorname{sn}\left(5,k\right)</Math> as a function of complex <Math mode="inline" xml:id="C22.S3.F25.m3">k^{2}</Math> , <Math mode="inline" xml:id="C22.S3.F25.m4">-1\leq\Re(k^{2})\leq 3.5</Math> , <Math mode="inline" xml:id="C22.S3.F25.m5">-1\leq\Im(k^{2})\leq 1</Math> . Compare § .
</sentence>   
        
   
<sentence sentence-num-in-section="34" xml:id="C22.S3.F26.s1">
Figure 22.3.26: Density plot of <Math mode="inline" xml:id="C22.S3.F26.m2">|\operatorname{sn}\left(5,k\right)|</Math> as a function of complex <Math mode="inline" xml:id="C22.S3.F26.m3">k^{2}</Math> , <Math mode="inline" xml:id="C22.S3.F26.m4">-10\leq\Re(k^{2})\leq 20</Math> , <Math mode="inline" xml:id="C22.S3.F26.m5">-10\leq\Im(k^{2})\leq 10</Math> . Grayscale, running from 0 (black) to 10 (white), with <Math mode="inline" xml:id="C22.S3.F26.m6">|(\operatorname{sn}\left(5,k\right))|&amp;gt;10</Math> truncated to 10. White spots correspond to poles.
</sentence>  
          
<sentence sentence-num-in-section="35" xml:id="C22.S3.F27.s1">
Figure 22.3.27: Density plot of <Math mode="inline" xml:id="C22.S3.F27.m2">|\operatorname{sn}\left(10,k\right)|</Math> as a function of complex <Math mode="inline" xml:id="C22.S3.F27.m3">k^{2}</Math> , <Math mode="inline" xml:id="C22.S3.F27.m4">-10\leq\Re(k^{2})\leq 20</Math> , <Math mode="inline" xml:id="C22.S3.F27.m5">-10\leq\Im(k^{2})\leq 10</Math> . Grayscale, running from 0 (black) to 10 (white), with <Math mode="inline" xml:id="C22.S3.F27.m6">|\operatorname{sn}\left(10,k\right)|&amp;gt;10</Math> truncated to 10. White spots correspond to poles.
</sentence>    
<para xml:id="C22.S3.SS4.p2">

</para>
           
<sentence sentence-num-in-section="36" xml:id="C22.S3.F28.s1">
Figure 22.3.28: Density plot of <Math mode="inline" xml:id="C22.S3.F28.m2">|\operatorname{sn}\left(20,k\right)|</Math> as a function of complex <Math mode="inline" xml:id="C22.S3.F28.m3">k^{2}</Math> , <Math mode="inline" xml:id="C22.S3.F28.m4">-10\leq\Re(k^{2})\leq 20</Math> , <Math mode="inline" xml:id="C22.S3.F28.m5">-10\leq\Im(k^{2})\leq 10</Math> . Grayscale, running from 0 (black) to 10 (white), with <Math mode="inline" xml:id="C22.S3.F28.m6">|\operatorname{sn}\left(20,k\right)|&amp;gt;10</Math> truncated to 10. White spots correspond to poles.
</sentence>            
<sentence sentence-num-in-section="37" xml:id="C22.S3.F29.s1">
Figure 22.3.29: Density plot of <Math mode="inline" xml:id="C22.S3.F29.m2">|\operatorname{sn}\left(30,k\right)|</Math> as a function of complex <Math mode="inline" xml:id="C22.S3.F29.m3">k^{2}</Math> , <Math mode="inline" xml:id="C22.S3.F29.m4">-10\leq\Re(k^{2})\leq 20</Math> , <Math mode="inline" xml:id="C22.S3.F29.m5">-10\leq\Im(k^{2})\leq 10</Math> . Grayscale, running from 0 (black) to 10 (white), with <Math mode="inline" xml:id="C22.S3.F29.m6">|\operatorname{sn}\left(30,k\right)|&amp;gt;10</Math> truncated to 10. White spots correspond to poles.
</sentence>    
  
</subsection>
 
</section>
