<?xml version="1.0" encoding="UTF-8"?>
<section xml:id="C22.S4">
<title>Periods, Poles, and Zeros</title>        
 
<subsection xml:id="C22.S4.SS1">
<title>Distribution</title>        
    
<para xml:id="C22.S4.SS1.p1">

<sentence sentence-num-in-para="1" sentence-num-in-section="1" xml:id="C22.S4.SS1.p1.s1">
For each Jacobian function, Table 22.4.1 gives its periods in the <Math mode="inline" xml:id="C22.S4.SS1.p1.m1">z</Math> -plane in the left column, and the position of one of its poles in the second row.
</sentence>

<sentence sentence-num-in-para="2" sentence-num-in-section="2" xml:id="C22.S4.SS1.p1.s2">
The other poles are at congruent points, which is the set of points obtained by making translations by <Math mode="inline" xml:id="C22.S4.SS1.p1.m2">2mK+2niK^{\prime}</Math> , where <Math mode="inline" xml:id="C22.S4.SS1.p1.m3">m,n\in\mathbb{Z}</Math>.
</sentence>

<sentence sentence-num-in-para="3" sentence-num-in-section="3" xml:id="C22.S4.SS1.p1.s3">
For example, the poles of <Math mode="inline" xml:id="C22.S4.SS1.p1.m4">\operatorname{sn}\left(z,k\right)</Math> , abbreviated as <Math mode="inline" xml:id="C22.S4.SS1.p1.m5">\operatorname{sn}</Math> in the following tables, are at <Math mode="inline" xml:id="C22.S4.SS1.p1.m6">z=2mK+(2n+1)iK^{\prime}</Math>.
</sentence>

</para>
         
<sentence sentence-num-in-section="4" xml:id="C22.S4.T1.s1">
Table 22.4.1: Periods and poles of Jacobian elliptic functions.
</sentence> 

<sentence sentence-num-in-section="5" sentence-num-in-table="1" xml:id="C22.S4.T1.t1.s1">
Periods
</sentence>

<sentence sentence-num-in-section="6" sentence-num-in-table="2" xml:id="C22.S4.T1.t1.s2">
<Math mode="inline" xml:id="C22.S4.T1.t1.r1.m1">z</Math>-Poles
</sentence>

<sentence sentence-num-in-section="7" sentence-num-in-table="3" xml:id="C22.S4.T1.t1.s3">
<Math mode="inline" xml:id="C22.S4.T1.t1.r2.m1">iK^{\prime}</Math>
</sentence>

<sentence sentence-num-in-section="8" sentence-num-in-table="4" xml:id="C22.S4.T1.t1.s4">
<Math mode="inline" xml:id="C22.S4.T1.t1.r2.m2">K+iK^{\prime}</Math>
</sentence>

<sentence sentence-num-in-section="9" sentence-num-in-table="5" xml:id="C22.S4.T1.t1.s5">
<Math mode="inline" xml:id="C22.S4.T1.t1.r2.m3">K</Math>
</sentence>

<sentence sentence-num-in-section="10" sentence-num-in-table="6" xml:id="C22.S4.T1.t1.s6">
<Math mode="inline" xml:id="C22.S4.T1.t1.r2.m4">0</Math>
</sentence>

<sentence sentence-num-in-section="11" sentence-num-in-table="7" xml:id="C22.S4.T1.t1.s7">
<Math mode="inline" xml:id="C22.S4.T1.t1.r3.m1">4K</Math>, <Math mode="inline" xml:id="C22.S4.T1.t1.r3.m2">2iK^{\prime}</Math>
</sentence>

<sentence sentence-num-in-section="12" sentence-num-in-table="8" xml:id="C22.S4.T1.t1.s8">
<Math mode="inline" xml:id="C22.S4.T1.t1.r3.m3">\operatorname{sn}</Math>
</sentence>

<sentence sentence-num-in-section="13" sentence-num-in-table="9" xml:id="C22.S4.T1.t1.s9">
<Math mode="inline" xml:id="C22.S4.T1.t1.r3.m4">\operatorname{cd}</Math>
</sentence>

<sentence sentence-num-in-section="14" sentence-num-in-table="10" xml:id="C22.S4.T1.t1.s10">
<Math mode="inline" xml:id="C22.S4.T1.t1.r3.m5">\operatorname{dc}</Math>
</sentence>

<sentence sentence-num-in-section="15" sentence-num-in-table="11" xml:id="C22.S4.T1.t1.s11">
<Math mode="inline" xml:id="C22.S4.T1.t1.r3.m6">\operatorname{ns}</Math>
</sentence>

<sentence sentence-num-in-section="16" sentence-num-in-table="12" xml:id="C22.S4.T1.t1.s12">
<Math mode="inline" xml:id="C22.S4.T1.t1.r4.m1">4K</Math>, <Math mode="inline" xml:id="C22.S4.T1.t1.r4.m2">2K+2iK^{\prime}</Math>
</sentence>

<sentence sentence-num-in-section="17" sentence-num-in-table="13" xml:id="C22.S4.T1.t1.s13">
<Math mode="inline" xml:id="C22.S4.T1.t1.r4.m3">\operatorname{cn}</Math>
</sentence>

<sentence sentence-num-in-section="18" sentence-num-in-table="14" xml:id="C22.S4.T1.t1.s14">
<Math mode="inline" xml:id="C22.S4.T1.t1.r4.m4">\operatorname{sd}</Math>
</sentence>

<sentence sentence-num-in-section="19" sentence-num-in-table="15" xml:id="C22.S4.T1.t1.s15">
<Math mode="inline" xml:id="C22.S4.T1.t1.r4.m5">\operatorname{nc}</Math>
</sentence>

<sentence sentence-num-in-section="20" sentence-num-in-table="16" xml:id="C22.S4.T1.t1.s16">
<Math mode="inline" xml:id="C22.S4.T1.t1.r4.m6">\operatorname{ds}</Math>
</sentence>

<sentence sentence-num-in-section="21" sentence-num-in-table="17" xml:id="C22.S4.T1.t1.s17">
<Math mode="inline" xml:id="C22.S4.T1.t1.r5.m1">2K</Math>, <Math mode="inline" xml:id="C22.S4.T1.t1.r5.m2">4iK^{\prime}</Math>
</sentence>

<sentence sentence-num-in-section="22" sentence-num-in-table="18" xml:id="C22.S4.T1.t1.s18">
<Math mode="inline" xml:id="C22.S4.T1.t1.r5.m3">\operatorname{dn}</Math>
</sentence>

<sentence sentence-num-in-section="23" sentence-num-in-table="19" xml:id="C22.S4.T1.t1.s19">
<Math mode="inline" xml:id="C22.S4.T1.t1.r5.m4">\operatorname{nd}</Math>
</sentence>

<sentence sentence-num-in-section="24" sentence-num-in-table="20" xml:id="C22.S4.T1.t1.s20">
<Math mode="inline" xml:id="C22.S4.T1.t1.r5.m5">\operatorname{sc}</Math>
</sentence>

<sentence sentence-num-in-section="25" sentence-num-in-table="21" xml:id="C22.S4.T1.t1.s21">
<Math mode="inline" xml:id="C22.S4.T1.t1.r5.m6">\operatorname{cs}</Math>
</sentence>
  
<para xml:id="C22.S4.SS1.p2">

<sentence sentence-num-in-para="1" sentence-num-in-section="26" xml:id="C22.S4.SS1.p2.s1">
Three functions in the same column of Table 22.4.1 arecopolar, and four functions in the same row are coperiodic.
</sentence>

</para>
 
<para xml:id="C22.S4.SS1.p3">

<sentence sentence-num-in-para="1" sentence-num-in-section="27" xml:id="C22.S4.SS1.p3.s1">
Table 22.4.2displays the periods and zeros of the functions in the <Math mode="inline" xml:id="C22.S4.SS1.p3.m1">z</Math> -plane in a similar manner to Table 22.4.1.
</sentence>

<sentence sentence-num-in-para="2" sentence-num-in-section="28" xml:id="C22.S4.SS1.p3.s2">
Again, one member of each congruent set of zeros appears in the second row; all others are generated by translations of the form <Math mode="inline" xml:id="C22.S4.SS1.p3.m2">2mK+2niK^{\prime}</Math> , where <Math mode="inline" xml:id="C22.S4.SS1.p3.m3">m,n\in\mathbb{Z}</Math>.
</sentence>

</para>
         
<sentence sentence-num-in-section="29" xml:id="C22.S4.T2.s1">
Table 22.4.2: Periods and zeros of Jacobian elliptic functions.
</sentence> 

<sentence sentence-num-in-section="30" sentence-num-in-table="1" xml:id="C22.S4.T2.t1.s1">
Periods
</sentence>

<sentence sentence-num-in-section="31" sentence-num-in-table="2" xml:id="C22.S4.T2.t1.s2">
<Math mode="inline" xml:id="C22.S4.T2.t1.r1.m1">z</Math>-Zeros
</sentence>

<sentence sentence-num-in-section="32" sentence-num-in-table="3" xml:id="C22.S4.T2.t1.s3">
<Math mode="inline" xml:id="C22.S4.T2.t1.r2.m1">0</Math>
</sentence>

<sentence sentence-num-in-section="33" sentence-num-in-table="4" xml:id="C22.S4.T2.t1.s4">
<Math mode="inline" xml:id="C22.S4.T2.t1.r2.m2">K</Math>
</sentence>

<sentence sentence-num-in-section="34" sentence-num-in-table="5" xml:id="C22.S4.T2.t1.s5">
<Math mode="inline" xml:id="C22.S4.T2.t1.r2.m3">K+iK^{\prime}</Math>
</sentence>

<sentence sentence-num-in-section="35" sentence-num-in-table="6" xml:id="C22.S4.T2.t1.s6">
<Math mode="inline" xml:id="C22.S4.T2.t1.r2.m4">iK^{\prime}</Math>
</sentence>

<sentence sentence-num-in-section="36" sentence-num-in-table="7" xml:id="C22.S4.T2.t1.s7">
<Math mode="inline" xml:id="C22.S4.T2.t1.r3.m1">4K</Math>, <Math mode="inline" xml:id="C22.S4.T2.t1.r3.m2">2iK^{\prime}</Math>
</sentence>

<sentence sentence-num-in-section="37" sentence-num-in-table="8" xml:id="C22.S4.T2.t1.s8">
<Math mode="inline" xml:id="C22.S4.T2.t1.r3.m3">\operatorname{sn}</Math>
</sentence>

<sentence sentence-num-in-section="38" sentence-num-in-table="9" xml:id="C22.S4.T2.t1.s9">
<Math mode="inline" xml:id="C22.S4.T2.t1.r3.m4">\operatorname{cd}</Math>
</sentence>

<sentence sentence-num-in-section="39" sentence-num-in-table="10" xml:id="C22.S4.T2.t1.s10">
<Math mode="inline" xml:id="C22.S4.T2.t1.r3.m5">\operatorname{dc}</Math>
</sentence>

<sentence sentence-num-in-section="40" sentence-num-in-table="11" xml:id="C22.S4.T2.t1.s11">
<Math mode="inline" xml:id="C22.S4.T2.t1.r3.m6">\operatorname{ns}</Math>
</sentence>

<sentence sentence-num-in-section="41" sentence-num-in-table="12" xml:id="C22.S4.T2.t1.s12">
<Math mode="inline" xml:id="C22.S4.T2.t1.r4.m1">4K</Math>, <Math mode="inline" xml:id="C22.S4.T2.t1.r4.m2">2K+2iK^{\prime}</Math>
</sentence>

<sentence sentence-num-in-section="42" sentence-num-in-table="13" xml:id="C22.S4.T2.t1.s13">
<Math mode="inline" xml:id="C22.S4.T2.t1.r4.m3">\operatorname{sd}</Math>
</sentence>

<sentence sentence-num-in-section="43" sentence-num-in-table="14" xml:id="C22.S4.T2.t1.s14">
<Math mode="inline" xml:id="C22.S4.T2.t1.r4.m4">\operatorname{cn}</Math>
</sentence>

<sentence sentence-num-in-section="44" sentence-num-in-table="15" xml:id="C22.S4.T2.t1.s15">
<Math mode="inline" xml:id="C22.S4.T2.t1.r4.m5">\operatorname{ds}</Math>
</sentence>

<sentence sentence-num-in-section="45" sentence-num-in-table="16" xml:id="C22.S4.T2.t1.s16">
<Math mode="inline" xml:id="C22.S4.T2.t1.r4.m6">\operatorname{nc}</Math>
</sentence>

<sentence sentence-num-in-section="46" sentence-num-in-table="17" xml:id="C22.S4.T2.t1.s17">
<Math mode="inline" xml:id="C22.S4.T2.t1.r5.m1">2K</Math>, <Math mode="inline" xml:id="C22.S4.T2.t1.r5.m2">4iK^{\prime}</Math>
</sentence>

<sentence sentence-num-in-section="47" sentence-num-in-table="18" xml:id="C22.S4.T2.t1.s18">
<Math mode="inline" xml:id="C22.S4.T2.t1.r5.m3">\operatorname{sc}</Math>
</sentence>

<sentence sentence-num-in-section="48" sentence-num-in-table="19" xml:id="C22.S4.T2.t1.s19">
<Math mode="inline" xml:id="C22.S4.T2.t1.r5.m4">\operatorname{cs}</Math>
</sentence>

<sentence sentence-num-in-section="49" sentence-num-in-table="20" xml:id="C22.S4.T2.t1.s20">
<Math mode="inline" xml:id="C22.S4.T2.t1.r5.m5">\operatorname{dn}</Math>
</sentence>

<sentence sentence-num-in-section="50" sentence-num-in-table="21" xml:id="C22.S4.T2.t1.s21">
<Math mode="inline" xml:id="C22.S4.T2.t1.r5.m6">\operatorname{nd}</Math>
</sentence>
  
<para xml:id="C22.S4.SS1.p4">

<sentence sentence-num-in-para="1" sentence-num-in-section="51" xml:id="C22.S4.SS1.p4.s1">
Figure 22.4.1 illustrates the locations in the <Math mode="inline" xml:id="C22.S4.SS1.p4.m1">z</Math> -plane of the poles and zeros of the three principal Jacobian functions in the rectangle with vertices <Math mode="inline" xml:id="C22.S4.SS1.p4.m2">0</Math> , <Math mode="inline" xml:id="C22.S4.SS1.p4.m3">2K</Math> , <Math mode="inline" xml:id="C22.S4.SS1.p4.m4">2K+2iK^{\prime}</Math> , <Math mode="inline" xml:id="C22.S4.SS1.p4.m5">2iK^{\prime}</Math>.
</sentence>

<sentence sentence-num-in-para="2" sentence-num-in-section="52" xml:id="C22.S4.SS1.p4.s2">
The other poles and zeros are at the congruent points.
</sentence>

</para>
         

<sentence sentence-num-in-section="53" sentence-num-in-table="1" xml:id="C22.S4.F1.t1.s1">
(a) <Math mode="inline" xml:id="C22.S4.F1.t1.r2.m1">\operatorname{sn}\left(z,k\right)</Math>
</sentence>

<sentence sentence-num-in-section="54" sentence-num-in-table="2" xml:id="C22.S4.F1.t1.s2">
(b) <Math mode="inline" xml:id="C22.S4.F1.t1.r2.m2">\operatorname{cn}\left(z,k\right)</Math>
</sentence>

<sentence sentence-num-in-section="55" sentence-num-in-table="3" xml:id="C22.S4.F1.t1.s3">
(c) <Math mode="inline" xml:id="C22.S4.F1.t1.r2.m3">\operatorname{dn}\left(z,k\right)</Math>
</sentence>
  
<sentence sentence-num-in-section="56" xml:id="C22.S4.F1.s1">
Figure 22.4.1: <Math mode="inline" xml:id="C22.S4.F1.m1">z</Math> -plane. Poles <Math mode="inline" xml:id="C22.S4.F1.m2">\boldsymbol{\times\times\times}</Math> and zeros <Math mode="inline" xml:id="C22.S4.F1.m3">\boldsymbol{\circ\circ\circ}</Math> of the principal Jacobian elliptic functions.
</sentence>     
<para xml:id="C22.S4.SS1.p5">

<sentence sentence-num-in-para="1" sentence-num-in-section="57" xml:id="C22.S4.SS1.p5.s1">
For the distribution of the <Math mode="inline" xml:id="C22.S4.SS1.p5.m1">k</Math> -zeros of the Jacobian elliptic functions see Walker (2009).
</sentence>

</para>
 
</subsection>
 
<subsection xml:id="C22.S4.SS2">
<title>Graphical Interpretation via Glaisher’s Notation</title>        
    
<para xml:id="C22.S4.SS2.p1">

<sentence sentence-num-in-para="1" sentence-num-in-section="58" xml:id="C22.S4.SS2.p1.s1">
Figure 22.4.2depicts the fundamental unit cell in the <Math mode="inline" xml:id="C22.S4.SS2.p1.m1">z</Math> -plane, with vertices <Math mode="inline" xml:id="C22.S4.SS2.p1.m2">\mbox{s}=0</Math> , <Math mode="inline" xml:id="C22.S4.SS2.p1.m3">\mbox{c}=K</Math> , <Math mode="inline" xml:id="C22.S4.SS2.p1.m4">\mbox{d}=K+iK^{\prime}</Math> , <Math mode="inline" xml:id="C22.S4.SS2.p1.m5">\mbox{n}=iK^{\prime}</Math>.
</sentence>

<sentence sentence-num-in-para="2" sentence-num-in-section="59" xml:id="C22.S4.SS2.p1.s2">
The set of points <Math mode="inline" xml:id="C22.S4.SS2.p1.m6">z=mK+niK^{\prime}</Math> , <Math mode="inline" xml:id="C22.S4.SS2.p1.m7">m,n\in\mathbb{Z}</Math> , comprise the lattice for the 12 Jacobian functions; all other lattice unit cells are generated by translation of the fundamental unit cell by <Math mode="inline" xml:id="C22.S4.SS2.p1.m8">mK+niK^{\prime}</Math> , where again <Math mode="inline" xml:id="C22.S4.SS2.p1.m9">m,n\in\mathbb{Z}</Math>.
</sentence>

</para>
          
<sentence sentence-num-in-section="60" xml:id="C22.S4.F2.s1">
Figure 22.4.2: <Math mode="inline" xml:id="C22.S4.F2.m1">z</Math> -plane. Fundamental unit cell.
</sentence>  
<para xml:id="C22.S4.SS2.p2">

<sentence sentence-num-in-para="1" sentence-num-in-section="61" xml:id="C22.S4.SS2.p2.s1">
Using the p,q notation of (22.2.10), Figure 22.4.2serves as a mnemonic for the poles, zeros, periods, and half-periods of the 12 Jacobian elliptic functions as follows.
</sentence>

<sentence sentence-num-in-para="2" sentence-num-in-section="62" xml:id="C22.S4.SS2.p2.s2">
Let p,q be any two distinct letters from the set s,c,d,n which appear in counterclockwise orientation at the corners of all lattice unit cells.
</sentence>

<sentence sentence-num-in-para="3" sentence-num-in-section="63" xml:id="C22.S4.SS2.p2.s3">
Then: (a) In any lattice unit cell <Math mode="inline" xml:id="C22.S4.SS2.p2.m1">\operatorname{pq}\left(z,k\right)</Math> has a simple zero at <Math mode="inline" xml:id="C22.S4.SS2.p2.m2">z=\mbox{p}</Math> and a simple pole at <Math mode="inline" xml:id="C22.S4.SS2.p2.m3">z=\mbox{q}</Math>.
</sentence>

<sentence sentence-num-in-para="4" sentence-num-in-section="64" xml:id="C22.S4.SS2.p2.s4">
(b) The difference between p and the nearest q is a half-period of <Math mode="inline" xml:id="C22.S4.SS2.p2.m4">\operatorname{pq}\left(z,k\right)</Math>.
</sentence>

<sentence sentence-num-in-para="5" sentence-num-in-section="65" xml:id="C22.S4.SS2.p2.s5">
This half-period will be plus or minus a member of the triple <Math mode="inline" xml:id="C22.S4.SS2.p2.m5">{K,iK^{\prime},K+iK^{\prime}}</Math> ; the other two members of this triple are quarter periods of <Math mode="inline" xml:id="C22.S4.SS2.p2.m6">\operatorname{pq}\left(z,k\right)</Math>.
</sentence>

</para>
 
</subsection>
 
<subsection xml:id="C22.S4.SS3">
<title>Translation by Half or Quarter Periods</title>        
  
<para xml:id="C22.S4.SS3.p1">

<sentence sentence-num-in-para="1" sentence-num-in-section="66" xml:id="C22.S4.SS3.p1.s1">
See Table 22.4.3.
</sentence>

</para>
 
<para xml:id="C22.S4.SS3.p2">

<sentence sentence-num-in-para="1" sentence-num-in-section="67" xml:id="C22.S4.SS3.p2.s1">
For example, <Math mode="inline" xml:id="C22.S4.SS3.p2.m1">\operatorname{sn}\left(z+K,k\right)=\operatorname{cd}\left(z,k\right)</Math>.
</sentence>

<sentence sentence-num-in-para="2" sentence-num-in-section="68" xml:id="C22.S4.SS3.p2.s2">
(The modulus <Math mode="inline" xml:id="C22.S4.SS3.p2.m2">k</Math> is suppressed throughout the table.)
</sentence>

</para>
 
<para xml:id="C22.S4.SS3.p3">

</para>

          
<sentence sentence-num-in-section="69" xml:id="C22.S4.T3.s1">
Table 22.4.3: Half- or quarter-period shifts of variable for the Jacobian elliptic functions.
</sentence> 

<sentence sentence-num-in-section="70" sentence-num-in-table="1" xml:id="C22.S4.T3.t1.s1">
<Math mode="inline" xml:id="C22.S4.T3.t1.r1.m1">u</Math>
</sentence>

<sentence sentence-num-in-section="71" sentence-num-in-table="2" xml:id="C22.S4.T3.t1.s2">
<Math mode="inline" xml:id="C22.S4.T3.t1.r2.m1">z+K</Math>
</sentence>

<sentence sentence-num-in-section="72" sentence-num-in-table="3" xml:id="C22.S4.T3.t1.s3">
<Math mode="inline" xml:id="C22.S4.T3.t1.r2.m2">z+K+iK^{\prime}</Math>
</sentence>

<sentence sentence-num-in-section="73" sentence-num-in-table="4" xml:id="C22.S4.T3.t1.s4">
<Math mode="inline" xml:id="C22.S4.T3.t1.r2.m3">z+iK^{\prime}</Math>
</sentence>

<sentence sentence-num-in-section="74" sentence-num-in-table="5" xml:id="C22.S4.T3.t1.s5">
<Math mode="inline" xml:id="C22.S4.T3.t1.r2.m4">z+2K</Math>
</sentence>

<sentence sentence-num-in-section="75" sentence-num-in-table="6" xml:id="C22.S4.T3.t1.s6">
<Math mode="inline" xml:id="C22.S4.T3.t1.r2.m5">z+2K+2iK^{\prime}</Math>
</sentence>

<sentence sentence-num-in-section="76" sentence-num-in-table="7" xml:id="C22.S4.T3.t1.s7">
<Math mode="inline" xml:id="C22.S4.T3.t1.r2.m6">z+2iK^{\prime}</Math>
</sentence>

<sentence sentence-num-in-section="77" sentence-num-in-table="8" xml:id="C22.S4.T3.t1.s8">
<Math mode="inline" xml:id="C22.S4.T3.t1.r3.m1">\operatorname{sn}u</Math>
</sentence>

<sentence sentence-num-in-section="78" sentence-num-in-table="9" xml:id="C22.S4.T3.t1.s9">
<Math mode="inline" xml:id="C22.S4.T3.t1.r3.m2">\operatorname{cd}z</Math>
</sentence>

<sentence sentence-num-in-section="79" sentence-num-in-table="10" xml:id="C22.S4.T3.t1.s10">
<Math mode="inline" xml:id="C22.S4.T3.t1.r3.m3">k^{-1}\operatorname{dc}z</Math>
</sentence>

<sentence sentence-num-in-section="80" sentence-num-in-table="11" xml:id="C22.S4.T3.t1.s11">
<Math mode="inline" xml:id="C22.S4.T3.t1.r3.m4">k^{-1}\operatorname{ns}z</Math>
</sentence>

<sentence sentence-num-in-section="81" sentence-num-in-table="12" xml:id="C22.S4.T3.t1.s12">
<Math mode="inline" xml:id="C22.S4.T3.t1.r3.m5">-\operatorname{sn}z</Math>
</sentence>

<sentence sentence-num-in-section="82" sentence-num-in-table="13" xml:id="C22.S4.T3.t1.s13">
<Math mode="inline" xml:id="C22.S4.T3.t1.r3.m6">-\operatorname{sn}z</Math>
</sentence>

<sentence sentence-num-in-section="83" sentence-num-in-table="14" xml:id="C22.S4.T3.t1.s14">
<Math mode="inline" xml:id="C22.S4.T3.t1.r3.m7">\operatorname{sn}z</Math>
</sentence>

<sentence sentence-num-in-section="84" sentence-num-in-table="15" xml:id="C22.S4.T3.t1.s15">
<Math mode="inline" xml:id="C22.S4.T3.t1.r4.m1">\operatorname{cn}u</Math>
</sentence>

<sentence sentence-num-in-section="85" sentence-num-in-table="16" xml:id="C22.S4.T3.t1.s16">
<Math mode="inline" xml:id="C22.S4.T3.t1.r4.m2">-k^{\prime}\operatorname{sd}z</Math>
</sentence>

<sentence sentence-num-in-section="86" sentence-num-in-table="17" xml:id="C22.S4.T3.t1.s17">
<Math mode="inline" xml:id="C22.S4.T3.t1.r4.m3">-ik^{\prime}k^{-1}\operatorname{nc}z</Math>
</sentence>

<sentence sentence-num-in-section="87" sentence-num-in-table="18" xml:id="C22.S4.T3.t1.s18">
<Math mode="inline" xml:id="C22.S4.T3.t1.r4.m4">-ik^{-1}\operatorname{ds}z</Math>
</sentence>

<sentence sentence-num-in-section="88" sentence-num-in-table="19" xml:id="C22.S4.T3.t1.s19">
<Math mode="inline" xml:id="C22.S4.T3.t1.r4.m5">-\operatorname{cn}z</Math>
</sentence>

<sentence sentence-num-in-section="89" sentence-num-in-table="20" xml:id="C22.S4.T3.t1.s20">
<Math mode="inline" xml:id="C22.S4.T3.t1.r4.m6">\operatorname{cn}z</Math>
</sentence>

<sentence sentence-num-in-section="90" sentence-num-in-table="21" xml:id="C22.S4.T3.t1.s21">
<Math mode="inline" xml:id="C22.S4.T3.t1.r4.m7">-\operatorname{cn}z</Math>
</sentence>

<sentence sentence-num-in-section="91" sentence-num-in-table="22" xml:id="C22.S4.T3.t1.s22">
<Math mode="inline" xml:id="C22.S4.T3.t1.r5.m1">\operatorname{dn}u</Math>
</sentence>

<sentence sentence-num-in-section="92" sentence-num-in-table="23" xml:id="C22.S4.T3.t1.s23">
<Math mode="inline" xml:id="C22.S4.T3.t1.r5.m2">k^{\prime}\operatorname{nd}z</Math>
</sentence>

<sentence sentence-num-in-section="93" sentence-num-in-table="24" xml:id="C22.S4.T3.t1.s24">
<Math mode="inline" xml:id="C22.S4.T3.t1.r5.m3">ik^{\prime}\operatorname{sc}z</Math>
</sentence>

<sentence sentence-num-in-section="94" sentence-num-in-table="25" xml:id="C22.S4.T3.t1.s25">
<Math mode="inline" xml:id="C22.S4.T3.t1.r5.m4">-i\operatorname{cs}z</Math>
</sentence>

<sentence sentence-num-in-section="95" sentence-num-in-table="26" xml:id="C22.S4.T3.t1.s26">
<Math mode="inline" xml:id="C22.S4.T3.t1.r5.m5">\operatorname{dn}z</Math>
</sentence>

<sentence sentence-num-in-section="96" sentence-num-in-table="27" xml:id="C22.S4.T3.t1.s27">
<Math mode="inline" xml:id="C22.S4.T3.t1.r5.m6">-\operatorname{dn}z</Math>
</sentence>

<sentence sentence-num-in-section="97" sentence-num-in-table="28" xml:id="C22.S4.T3.t1.s28">
<Math mode="inline" xml:id="C22.S4.T3.t1.r5.m7">-\operatorname{dn}z</Math>
</sentence>

<sentence sentence-num-in-section="98" sentence-num-in-table="29" xml:id="C22.S4.T3.t1.s29">
<Math mode="inline" xml:id="C22.S4.T3.t1.r6.m1">\operatorname{cd}u</Math>
</sentence>

<sentence sentence-num-in-section="99" sentence-num-in-table="30" xml:id="C22.S4.T3.t1.s30">
<Math mode="inline" xml:id="C22.S4.T3.t1.r6.m2">-\operatorname{sn}z</Math>
</sentence>

<sentence sentence-num-in-section="100" sentence-num-in-table="31" xml:id="C22.S4.T3.t1.s31">
<Math mode="inline" xml:id="C22.S4.T3.t1.r6.m3">-k^{-1}\operatorname{ns}z</Math>
</sentence>

<sentence sentence-num-in-section="101" sentence-num-in-table="32" xml:id="C22.S4.T3.t1.s32">
<Math mode="inline" xml:id="C22.S4.T3.t1.r6.m4">k^{-1}\operatorname{dc}z</Math>
</sentence>

<sentence sentence-num-in-section="102" sentence-num-in-table="33" xml:id="C22.S4.T3.t1.s33">
<Math mode="inline" xml:id="C22.S4.T3.t1.r6.m5">-\operatorname{cd}z</Math>
</sentence>

<sentence sentence-num-in-section="103" sentence-num-in-table="34" xml:id="C22.S4.T3.t1.s34">
<Math mode="inline" xml:id="C22.S4.T3.t1.r6.m6">-\operatorname{cd}z</Math>
</sentence>

<sentence sentence-num-in-section="104" sentence-num-in-table="35" xml:id="C22.S4.T3.t1.s35">
<Math mode="inline" xml:id="C22.S4.T3.t1.r6.m7">\operatorname{cd}z</Math>
</sentence>

<sentence sentence-num-in-section="105" sentence-num-in-table="36" xml:id="C22.S4.T3.t1.s36">
<Math mode="inline" xml:id="C22.S4.T3.t1.r7.m1">\operatorname{sd}u</Math>
</sentence>

<sentence sentence-num-in-section="106" sentence-num-in-table="37" xml:id="C22.S4.T3.t1.s37">
<Math mode="inline" xml:id="C22.S4.T3.t1.r7.m2">{k^{\prime}}^{-1}\operatorname{cn}z</Math>
</sentence>

<sentence sentence-num-in-section="107" sentence-num-in-table="38" xml:id="C22.S4.T3.t1.s38">
<Math mode="inline" xml:id="C22.S4.T3.t1.r7.m3">-i(kk^{\prime})^{-1}\operatorname{ds}z</Math>
</sentence>

<sentence sentence-num-in-section="108" sentence-num-in-table="39" xml:id="C22.S4.T3.t1.s39">
<Math mode="inline" xml:id="C22.S4.T3.t1.r7.m4">ik^{-1}\operatorname{nc}z</Math>
</sentence>

<sentence sentence-num-in-section="109" sentence-num-in-table="40" xml:id="C22.S4.T3.t1.s40">
<Math mode="inline" xml:id="C22.S4.T3.t1.r7.m5">-\operatorname{sd}z</Math>
</sentence>

<sentence sentence-num-in-section="110" sentence-num-in-table="41" xml:id="C22.S4.T3.t1.s41">
<Math mode="inline" xml:id="C22.S4.T3.t1.r7.m6">\operatorname{sd}z</Math>
</sentence>

<sentence sentence-num-in-section="111" sentence-num-in-table="42" xml:id="C22.S4.T3.t1.s42">
<Math mode="inline" xml:id="C22.S4.T3.t1.r7.m7">-\operatorname{sd}z</Math>
</sentence>

<sentence sentence-num-in-section="112" sentence-num-in-table="43" xml:id="C22.S4.T3.t1.s43">
<Math mode="inline" xml:id="C22.S4.T3.t1.r8.m1">\operatorname{nd}u</Math>
</sentence>

<sentence sentence-num-in-section="113" sentence-num-in-table="44" xml:id="C22.S4.T3.t1.s44">
<Math mode="inline" xml:id="C22.S4.T3.t1.r8.m2">{k^{\prime}}^{-1}\operatorname{dn}z</Math>
</sentence>

<sentence sentence-num-in-section="114" sentence-num-in-table="45" xml:id="C22.S4.T3.t1.s45">
<Math mode="inline" xml:id="C22.S4.T3.t1.r8.m3">-i{k^{\prime}}^{-1}\operatorname{cs}z</Math>
</sentence>

<sentence sentence-num-in-section="115" sentence-num-in-table="46" xml:id="C22.S4.T3.t1.s46">
<Math mode="inline" xml:id="C22.S4.T3.t1.r8.m4">i\operatorname{sc}z</Math>
</sentence>

<sentence sentence-num-in-section="116" sentence-num-in-table="47" xml:id="C22.S4.T3.t1.s47">
<Math mode="inline" xml:id="C22.S4.T3.t1.r8.m5">\operatorname{nd}z</Math>
</sentence>

<sentence sentence-num-in-section="117" sentence-num-in-table="48" xml:id="C22.S4.T3.t1.s48">
<Math mode="inline" xml:id="C22.S4.T3.t1.r8.m6">-\operatorname{nd}z</Math>
</sentence>

<sentence sentence-num-in-section="118" sentence-num-in-table="49" xml:id="C22.S4.T3.t1.s49">
<Math mode="inline" xml:id="C22.S4.T3.t1.r8.m7">-\operatorname{nd}z</Math>
</sentence>

<sentence sentence-num-in-section="119" sentence-num-in-table="50" xml:id="C22.S4.T3.t1.s50">
<Math mode="inline" xml:id="C22.S4.T3.t1.r9.m1">\operatorname{dc}u</Math>
</sentence>

<sentence sentence-num-in-section="120" sentence-num-in-table="51" xml:id="C22.S4.T3.t1.s51">
<Math mode="inline" xml:id="C22.S4.T3.t1.r9.m2">-\operatorname{ns}z</Math>
</sentence>

<sentence sentence-num-in-section="121" sentence-num-in-table="52" xml:id="C22.S4.T3.t1.s52">
<Math mode="inline" xml:id="C22.S4.T3.t1.r9.m3">-k\operatorname{sn}z</Math>
</sentence>

<sentence sentence-num-in-section="122" sentence-num-in-table="53" xml:id="C22.S4.T3.t1.s53">
<Math mode="inline" xml:id="C22.S4.T3.t1.r9.m4">k\operatorname{cd}z</Math>
</sentence>

<sentence sentence-num-in-section="123" sentence-num-in-table="54" xml:id="C22.S4.T3.t1.s54">
<Math mode="inline" xml:id="C22.S4.T3.t1.r9.m5">-\operatorname{dc}z</Math>
</sentence>

<sentence sentence-num-in-section="124" sentence-num-in-table="55" xml:id="C22.S4.T3.t1.s55">
<Math mode="inline" xml:id="C22.S4.T3.t1.r9.m6">-\operatorname{dc}z</Math>
</sentence>

<sentence sentence-num-in-section="125" sentence-num-in-table="56" xml:id="C22.S4.T3.t1.s56">
<Math mode="inline" xml:id="C22.S4.T3.t1.r9.m7">\operatorname{dc}z</Math>
</sentence>

<sentence sentence-num-in-section="126" sentence-num-in-table="57" xml:id="C22.S4.T3.t1.s57">
<Math mode="inline" xml:id="C22.S4.T3.t1.r10.m1">\operatorname{nc}u</Math>
</sentence>

<sentence sentence-num-in-section="127" sentence-num-in-table="58" xml:id="C22.S4.T3.t1.s58">
<Math mode="inline" xml:id="C22.S4.T3.t1.r10.m2">-{k^{\prime}}^{-1}\operatorname{ds}z</Math>
</sentence>

<sentence sentence-num-in-section="128" sentence-num-in-table="59" xml:id="C22.S4.T3.t1.s59">
<Math mode="inline" xml:id="C22.S4.T3.t1.r10.m3">ik{k^{\prime}}^{-1}\operatorname{cn}z</Math>
</sentence>

<sentence sentence-num-in-section="129" sentence-num-in-table="60" xml:id="C22.S4.T3.t1.s60">
<Math mode="inline" xml:id="C22.S4.T3.t1.r10.m4">ik\operatorname{sd}z</Math>
</sentence>

<sentence sentence-num-in-section="130" sentence-num-in-table="61" xml:id="C22.S4.T3.t1.s61">
<Math mode="inline" xml:id="C22.S4.T3.t1.r10.m5">-\operatorname{nc}z</Math>
</sentence>

<sentence sentence-num-in-section="131" sentence-num-in-table="62" xml:id="C22.S4.T3.t1.s62">
<Math mode="inline" xml:id="C22.S4.T3.t1.r10.m6">\operatorname{nc}z</Math>
</sentence>

<sentence sentence-num-in-section="132" sentence-num-in-table="63" xml:id="C22.S4.T3.t1.s63">
<Math mode="inline" xml:id="C22.S4.T3.t1.r10.m7">-\operatorname{nc}z</Math>
</sentence>

<sentence sentence-num-in-section="133" sentence-num-in-table="64" xml:id="C22.S4.T3.t1.s64">
<Math mode="inline" xml:id="C22.S4.T3.t1.r11.m1">\operatorname{sc}u</Math>
</sentence>

<sentence sentence-num-in-section="134" sentence-num-in-table="65" xml:id="C22.S4.T3.t1.s65">
<Math mode="inline" xml:id="C22.S4.T3.t1.r11.m2">-{k^{\prime}}^{-1}\operatorname{cs}z</Math>
</sentence>

<sentence sentence-num-in-section="135" sentence-num-in-table="66" xml:id="C22.S4.T3.t1.s66">
<Math mode="inline" xml:id="C22.S4.T3.t1.r11.m3">i{k^{\prime}}^{-1}\operatorname{dn}z</Math>
</sentence>

<sentence sentence-num-in-section="136" sentence-num-in-table="67" xml:id="C22.S4.T3.t1.s67">
<Math mode="inline" xml:id="C22.S4.T3.t1.r11.m4">i\operatorname{nd}z</Math>
</sentence>

<sentence sentence-num-in-section="137" sentence-num-in-table="68" xml:id="C22.S4.T3.t1.s68">
<Math mode="inline" xml:id="C22.S4.T3.t1.r11.m5">\operatorname{sc}z</Math>
</sentence>

<sentence sentence-num-in-section="138" sentence-num-in-table="69" xml:id="C22.S4.T3.t1.s69">
<Math mode="inline" xml:id="C22.S4.T3.t1.r11.m6">-\operatorname{sc}z</Math>
</sentence>

<sentence sentence-num-in-section="139" sentence-num-in-table="70" xml:id="C22.S4.T3.t1.s70">
<Math mode="inline" xml:id="C22.S4.T3.t1.r11.m7">-\operatorname{sc}z</Math>
</sentence>

<sentence sentence-num-in-section="140" sentence-num-in-table="71" xml:id="C22.S4.T3.t1.s71">
<Math mode="inline" xml:id="C22.S4.T3.t1.r12.m1">\operatorname{ns}u</Math>
</sentence>

<sentence sentence-num-in-section="141" sentence-num-in-table="72" xml:id="C22.S4.T3.t1.s72">
<Math mode="inline" xml:id="C22.S4.T3.t1.r12.m2">\operatorname{dc}z</Math>
</sentence>

<sentence sentence-num-in-section="142" sentence-num-in-table="73" xml:id="C22.S4.T3.t1.s73">
<Math mode="inline" xml:id="C22.S4.T3.t1.r12.m3">k\operatorname{cd}z</Math>
</sentence>

<sentence sentence-num-in-section="143" sentence-num-in-table="74" xml:id="C22.S4.T3.t1.s74">
<Math mode="inline" xml:id="C22.S4.T3.t1.r12.m4">k\operatorname{sn}z</Math>
</sentence>

<sentence sentence-num-in-section="144" sentence-num-in-table="75" xml:id="C22.S4.T3.t1.s75">
<Math mode="inline" xml:id="C22.S4.T3.t1.r12.m5">-\operatorname{ns}z</Math>
</sentence>

<sentence sentence-num-in-section="145" sentence-num-in-table="76" xml:id="C22.S4.T3.t1.s76">
<Math mode="inline" xml:id="C22.S4.T3.t1.r12.m6">-\operatorname{ns}z</Math>
</sentence>

<sentence sentence-num-in-section="146" sentence-num-in-table="77" xml:id="C22.S4.T3.t1.s77">
<Math mode="inline" xml:id="C22.S4.T3.t1.r12.m7">\operatorname{ns}z</Math>
</sentence>

<sentence sentence-num-in-section="147" sentence-num-in-table="78" xml:id="C22.S4.T3.t1.s78">
<Math mode="inline" xml:id="C22.S4.T3.t1.r13.m1">\operatorname{ds}u</Math>
</sentence>

<sentence sentence-num-in-section="148" sentence-num-in-table="79" xml:id="C22.S4.T3.t1.s79">
<Math mode="inline" xml:id="C22.S4.T3.t1.r13.m2">k^{\prime}\operatorname{nc}z</Math>
</sentence>

<sentence sentence-num-in-section="149" sentence-num-in-table="80" xml:id="C22.S4.T3.t1.s80">
<Math mode="inline" xml:id="C22.S4.T3.t1.r13.m3">ikk^{\prime}\operatorname{sd}z</Math>
</sentence>

<sentence sentence-num-in-section="150" sentence-num-in-table="81" xml:id="C22.S4.T3.t1.s81">
<Math mode="inline" xml:id="C22.S4.T3.t1.r13.m4">-ik\operatorname{cn}z</Math>
</sentence>

<sentence sentence-num-in-section="151" sentence-num-in-table="82" xml:id="C22.S4.T3.t1.s82">
<Math mode="inline" xml:id="C22.S4.T3.t1.r13.m5">-\operatorname{ds}z</Math>
</sentence>

<sentence sentence-num-in-section="152" sentence-num-in-table="83" xml:id="C22.S4.T3.t1.s83">
<Math mode="inline" xml:id="C22.S4.T3.t1.r13.m6">\operatorname{ds}z</Math>
</sentence>

<sentence sentence-num-in-section="153" sentence-num-in-table="84" xml:id="C22.S4.T3.t1.s84">
<Math mode="inline" xml:id="C22.S4.T3.t1.r13.m7">-\operatorname{ds}z</Math>
</sentence>

<sentence sentence-num-in-section="154" sentence-num-in-table="85" xml:id="C22.S4.T3.t1.s85">
<Math mode="inline" xml:id="C22.S4.T3.t1.r14.m1">\operatorname{cs}u</Math>
</sentence>

<sentence sentence-num-in-section="155" sentence-num-in-table="86" xml:id="C22.S4.T3.t1.s86">
<Math mode="inline" xml:id="C22.S4.T3.t1.r14.m2">-k^{\prime}\operatorname{sc}z</Math>
</sentence>

<sentence sentence-num-in-section="156" sentence-num-in-table="87" xml:id="C22.S4.T3.t1.s87">
<Math mode="inline" xml:id="C22.S4.T3.t1.r14.m3">-ik^{\prime}\operatorname{nd}z</Math>
</sentence>

<sentence sentence-num-in-section="157" sentence-num-in-table="88" xml:id="C22.S4.T3.t1.s88">
<Math mode="inline" xml:id="C22.S4.T3.t1.r14.m4">-i\operatorname{dn}z</Math>
</sentence>

<sentence sentence-num-in-section="158" sentence-num-in-table="89" xml:id="C22.S4.T3.t1.s89">
<Math mode="inline" xml:id="C22.S4.T3.t1.r14.m5">\operatorname{cs}z</Math>
</sentence>

<sentence sentence-num-in-section="159" sentence-num-in-table="90" xml:id="C22.S4.T3.t1.s90">
<Math mode="inline" xml:id="C22.S4.T3.t1.r14.m6">-\operatorname{cs}z</Math>
</sentence>

<sentence sentence-num-in-section="160" sentence-num-in-table="91" xml:id="C22.S4.T3.t1.s91">
<Math mode="inline" xml:id="C22.S4.T3.t1.r14.m7">-\operatorname{cs}z</Math>
</sentence>
 
 
</subsection>
 
</section>
