<?xml version="1.0" encoding="UTF-8"?>
<section xml:id="C22.S5">
<title>Special Values</title>        
  
<subsection xml:id="C22.S5.SS1">
<title>Special Values of <Math mode="inline" xml:id="C22.S5.SS1.m1">z</Math></title>         
<para xml:id="C22.S5.SS1.p1">

</para>
 
<para xml:id="C22.S5.SS1.p2">

<sentence sentence-num-in-para="1" sentence-num-in-section="1" xml:id="C22.S5.SS1.p2.s1">
Table 22.5.1 gives the value of each of the 12 Jacobian elliptic functions, together with its <Math mode="inline" xml:id="C22.S5.SS1.p2.m1">z</Math> -derivative (or at a pole, the residue), for values of <Math mode="inline" xml:id="C22.S5.SS1.p2.m2">z</Math> that are integer multiples of <Math mode="inline" xml:id="C22.S5.SS1.p2.m3">K</Math> , <Math mode="inline" xml:id="C22.S5.SS1.p2.m4">iK^{\prime}</Math>.
</sentence>

<sentence sentence-num-in-para="2" sentence-num-in-section="2" xml:id="C22.S5.SS1.p2.s2">
For example, at <Math mode="inline" xml:id="C22.S5.SS1.p2.m5">z=K+iK^{\prime}</Math> , <Math mode="inline" xml:id="C22.S5.SS1.p2.m6">\operatorname{sn}\left(z,k\right)=1/k</Math> , <Math mode="inline" xml:id="C22.S5.SS1.p2.m7">\ifrac{\mathrm{d}\operatorname{sn}\left(z,k\right)}{\mathrm{d}z}=0</Math>.
</sentence>

<sentence sentence-num-in-para="3" sentence-num-in-section="3" xml:id="C22.S5.SS1.p2.s3">
(The modulus <Math mode="inline" xml:id="C22.S5.SS1.p2.m8">k</Math> is suppressed throughout the table.)
</sentence>

</para>

         
<sentence sentence-num-in-section="4" xml:id="C22.S5.T1.s1">
Table 22.5.1: Jacobian elliptic function values, together with derivatives or residues, for special values of the variable.
</sentence>
 

<sentence sentence-num-in-section="5" sentence-num-in-table="1" xml:id="C22.S5.T1.t1.s1">
<Math mode="inline" xml:id="C22.S5.T1.t1.r1.m1">z</Math>
</sentence>

<sentence sentence-num-in-section="6" sentence-num-in-table="2" xml:id="C22.S5.T1.t1.s2">
<Math mode="inline" xml:id="C22.S5.T1.t1.r2.m1">0</Math>
</sentence>

<sentence sentence-num-in-section="7" sentence-num-in-table="3" xml:id="C22.S5.T1.t1.s3">
<Math mode="inline" xml:id="C22.S5.T1.t1.r2.m2">K</Math>
</sentence>

<sentence sentence-num-in-section="8" sentence-num-in-table="4" xml:id="C22.S5.T1.t1.s4">
<Math mode="inline" xml:id="C22.S5.T1.t1.r2.m3">K+iK^{\prime}</Math>
</sentence>

<sentence sentence-num-in-section="9" sentence-num-in-table="5" xml:id="C22.S5.T1.t1.s5">
<Math mode="inline" xml:id="C22.S5.T1.t1.r2.m4">iK^{\prime}</Math>
</sentence>

<sentence sentence-num-in-section="10" sentence-num-in-table="6" xml:id="C22.S5.T1.t1.s6">
<Math mode="inline" xml:id="C22.S5.T1.t1.r2.m5">2K</Math>
</sentence>

<sentence sentence-num-in-section="11" sentence-num-in-table="7" xml:id="C22.S5.T1.t1.s7">
<Math mode="inline" xml:id="C22.S5.T1.t1.r2.m6">2K+2iK^{\prime}</Math>
</sentence>

<sentence sentence-num-in-section="12" sentence-num-in-table="8" xml:id="C22.S5.T1.t1.s8">
<Math mode="inline" xml:id="C22.S5.T1.t1.r2.m7">2iK^{\prime}</Math>
</sentence>

<sentence sentence-num-in-section="13" sentence-num-in-table="9" xml:id="C22.S5.T1.t1.s9">
<Math mode="inline" xml:id="C22.S5.T1.t1.r3.m1">\operatorname{sn}z</Math>
</sentence>

<sentence sentence-num-in-section="14" sentence-num-in-table="10" xml:id="C22.S5.T1.t1.s10">
<Math mode="inline" xml:id="C22.S5.T1.t1.r3.m2">0,1</Math>
</sentence>

<sentence sentence-num-in-section="15" sentence-num-in-table="11" xml:id="C22.S5.T1.t1.s11">
<Math mode="inline" xml:id="C22.S5.T1.t1.r3.m3">1,0</Math>
</sentence>

<sentence sentence-num-in-section="16" sentence-num-in-table="12" xml:id="C22.S5.T1.t1.s12">
<Math mode="inline" xml:id="C22.S5.T1.t1.r3.m4">1/k,0</Math>
</sentence>

<sentence sentence-num-in-section="17" sentence-num-in-table="13" xml:id="C22.S5.T1.t1.s13">
<Math mode="inline" xml:id="C22.S5.T1.t1.r3.m5">\infty</Math>, <Math mode="inline" xml:id="C22.S5.T1.t1.r3.m6">1/k</Math>
</sentence>

<sentence sentence-num-in-section="18" sentence-num-in-table="14" xml:id="C22.S5.T1.t1.s14">
<Math mode="inline" xml:id="C22.S5.T1.t1.r3.m7">0,-1</Math>
</sentence>

<sentence sentence-num-in-section="19" sentence-num-in-table="15" xml:id="C22.S5.T1.t1.s15">
<Math mode="inline" xml:id="C22.S5.T1.t1.r3.m8">0,-1</Math>
</sentence>

<sentence sentence-num-in-section="20" sentence-num-in-table="16" xml:id="C22.S5.T1.t1.s16">
<Math mode="inline" xml:id="C22.S5.T1.t1.r3.m9">0,1</Math>
</sentence>

<sentence sentence-num-in-section="21" sentence-num-in-table="17" xml:id="C22.S5.T1.t1.s17">
<Math mode="inline" xml:id="C22.S5.T1.t1.r4.m1">\operatorname{cn}z</Math>
</sentence>

<sentence sentence-num-in-section="22" sentence-num-in-table="18" xml:id="C22.S5.T1.t1.s18">
<Math mode="inline" xml:id="C22.S5.T1.t1.r4.m2">1,0</Math>
</sentence>

<sentence sentence-num-in-section="23" sentence-num-in-table="19" xml:id="C22.S5.T1.t1.s19">
<Math mode="inline" xml:id="C22.S5.T1.t1.r4.m3">0,-k^{\prime}</Math>
</sentence>

<sentence sentence-num-in-section="24" sentence-num-in-table="20" xml:id="C22.S5.T1.t1.s20">
<Math mode="inline" xml:id="C22.S5.T1.t1.r4.m4">-ik^{\prime}/k,0</Math>
</sentence>

<sentence sentence-num-in-section="25" sentence-num-in-table="21" xml:id="C22.S5.T1.t1.s21">
<Math mode="inline" xml:id="C22.S5.T1.t1.r4.m5">\infty</Math>, <Math mode="inline" xml:id="C22.S5.T1.t1.r4.m6">-i/k</Math>
</sentence>

<sentence sentence-num-in-section="26" sentence-num-in-table="22" xml:id="C22.S5.T1.t1.s22">
<Math mode="inline" xml:id="C22.S5.T1.t1.r4.m7">-1,0</Math>
</sentence>

<sentence sentence-num-in-section="27" sentence-num-in-table="23" xml:id="C22.S5.T1.t1.s23">
<Math mode="inline" xml:id="C22.S5.T1.t1.r4.m8">1,0</Math>
</sentence>

<sentence sentence-num-in-section="28" sentence-num-in-table="24" xml:id="C22.S5.T1.t1.s24">
<Math mode="inline" xml:id="C22.S5.T1.t1.r4.m9">-1,0</Math>
</sentence>

<sentence sentence-num-in-section="29" sentence-num-in-table="25" xml:id="C22.S5.T1.t1.s25">
<Math mode="inline" xml:id="C22.S5.T1.t1.r5.m1">\operatorname{dn}z</Math>
</sentence>

<sentence sentence-num-in-section="30" sentence-num-in-table="26" xml:id="C22.S5.T1.t1.s26">
<Math mode="inline" xml:id="C22.S5.T1.t1.r5.m2">1,0</Math>
</sentence>

<sentence sentence-num-in-section="31" sentence-num-in-table="27" xml:id="C22.S5.T1.t1.s27">
<Math mode="inline" xml:id="C22.S5.T1.t1.r5.m3">k^{\prime},0</Math>
</sentence>

<sentence sentence-num-in-section="32" sentence-num-in-table="28" xml:id="C22.S5.T1.t1.s28">
<Math mode="inline" xml:id="C22.S5.T1.t1.r5.m4">0,ik^{\prime}</Math>
</sentence>

<sentence sentence-num-in-section="33" sentence-num-in-table="29" xml:id="C22.S5.T1.t1.s29">
<Math mode="inline" xml:id="C22.S5.T1.t1.r5.m5">\infty</Math>, <Math mode="inline" xml:id="C22.S5.T1.t1.r5.m6">-i</Math>
</sentence>

<sentence sentence-num-in-section="34" sentence-num-in-table="30" xml:id="C22.S5.T1.t1.s30">
<Math mode="inline" xml:id="C22.S5.T1.t1.r5.m7">1,0</Math>
</sentence>

<sentence sentence-num-in-section="35" sentence-num-in-table="31" xml:id="C22.S5.T1.t1.s31">
<Math mode="inline" xml:id="C22.S5.T1.t1.r5.m8">-1,0</Math>
</sentence>

<sentence sentence-num-in-section="36" sentence-num-in-table="32" xml:id="C22.S5.T1.t1.s32">
<Math mode="inline" xml:id="C22.S5.T1.t1.r5.m9">-1,0</Math>
</sentence>

<sentence sentence-num-in-section="37" sentence-num-in-table="33" xml:id="C22.S5.T1.t1.s33">
<Math mode="inline" xml:id="C22.S5.T1.t1.r6.m1">\operatorname{cd}z</Math>
</sentence>

<sentence sentence-num-in-section="38" sentence-num-in-table="34" xml:id="C22.S5.T1.t1.s34">
<Math mode="inline" xml:id="C22.S5.T1.t1.r6.m2">1,0</Math>
</sentence>

<sentence sentence-num-in-section="39" sentence-num-in-table="35" xml:id="C22.S5.T1.t1.s35">
<Math mode="inline" xml:id="C22.S5.T1.t1.r6.m3">0,-1</Math>
</sentence>

<sentence sentence-num-in-section="40" sentence-num-in-table="36" xml:id="C22.S5.T1.t1.s36">
<Math mode="inline" xml:id="C22.S5.T1.t1.r6.m4">\infty,-k^{-1}</Math>
</sentence>

<sentence sentence-num-in-section="41" sentence-num-in-table="37" xml:id="C22.S5.T1.t1.s37">
<Math mode="inline" xml:id="C22.S5.T1.t1.r6.m5">k^{-1},0</Math>
</sentence>

<sentence sentence-num-in-section="42" sentence-num-in-table="38" xml:id="C22.S5.T1.t1.s38">
<Math mode="inline" xml:id="C22.S5.T1.t1.r6.m6">-1,0</Math>
</sentence>

<sentence sentence-num-in-section="43" sentence-num-in-table="39" xml:id="C22.S5.T1.t1.s39">
<Math mode="inline" xml:id="C22.S5.T1.t1.r6.m7">-1,0</Math>
</sentence>

<sentence sentence-num-in-section="44" sentence-num-in-table="40" xml:id="C22.S5.T1.t1.s40">
<Math mode="inline" xml:id="C22.S5.T1.t1.r6.m8">1,0</Math>
</sentence>

<sentence sentence-num-in-section="45" sentence-num-in-table="41" xml:id="C22.S5.T1.t1.s41">
<Math mode="inline" xml:id="C22.S5.T1.t1.r7.m1">\operatorname{sd}z</Math>
</sentence>

<sentence sentence-num-in-section="46" sentence-num-in-table="42" xml:id="C22.S5.T1.t1.s42">
<Math mode="inline" xml:id="C22.S5.T1.t1.r7.m2">0,1</Math>
</sentence>

<sentence sentence-num-in-section="47" sentence-num-in-table="43" xml:id="C22.S5.T1.t1.s43">
<Math mode="inline" xml:id="C22.S5.T1.t1.r7.m3">{k^{\prime}}^{-1},0</Math>
</sentence>

<sentence sentence-num-in-section="48" sentence-num-in-table="44" xml:id="C22.S5.T1.t1.s44">
<Math mode="inline" xml:id="C22.S5.T1.t1.r7.m4">\infty,-i(kk^{\prime})^{-1}</Math>
</sentence>

<sentence sentence-num-in-section="49" sentence-num-in-table="45" xml:id="C22.S5.T1.t1.s45">
<Math mode="inline" xml:id="C22.S5.T1.t1.r7.m5">ik^{-1},0</Math>
</sentence>

<sentence sentence-num-in-section="50" sentence-num-in-table="46" xml:id="C22.S5.T1.t1.s46">
<Math mode="inline" xml:id="C22.S5.T1.t1.r7.m6">0,-1</Math>
</sentence>

<sentence sentence-num-in-section="51" sentence-num-in-table="47" xml:id="C22.S5.T1.t1.s47">
<Math mode="inline" xml:id="C22.S5.T1.t1.r7.m7">0,1</Math>
</sentence>

<sentence sentence-num-in-section="52" sentence-num-in-table="48" xml:id="C22.S5.T1.t1.s48">
<Math mode="inline" xml:id="C22.S5.T1.t1.r7.m8">0,-1</Math>
</sentence>

<sentence sentence-num-in-section="53" sentence-num-in-table="49" xml:id="C22.S5.T1.t1.s49">
<Math mode="inline" xml:id="C22.S5.T1.t1.r8.m1">\operatorname{nd}z</Math>
</sentence>

<sentence sentence-num-in-section="54" sentence-num-in-table="50" xml:id="C22.S5.T1.t1.s50">
<Math mode="inline" xml:id="C22.S5.T1.t1.r8.m2">1,0</Math>
</sentence>

<sentence sentence-num-in-section="55" sentence-num-in-table="51" xml:id="C22.S5.T1.t1.s51">
<Math mode="inline" xml:id="C22.S5.T1.t1.r8.m3">{k^{\prime}}^{-1},0</Math>
</sentence>

<sentence sentence-num-in-section="56" sentence-num-in-table="52" xml:id="C22.S5.T1.t1.s52">
<Math mode="inline" xml:id="C22.S5.T1.t1.r8.m4">\infty,-i{k^{\prime}}^{-1}</Math>
</sentence>

<sentence sentence-num-in-section="57" sentence-num-in-table="53" xml:id="C22.S5.T1.t1.s53">
<Math mode="inline" xml:id="C22.S5.T1.t1.r8.m5">0,i</Math>
</sentence>

<sentence sentence-num-in-section="58" sentence-num-in-table="54" xml:id="C22.S5.T1.t1.s54">
<Math mode="inline" xml:id="C22.S5.T1.t1.r8.m6">1,0</Math>
</sentence>

<sentence sentence-num-in-section="59" sentence-num-in-table="55" xml:id="C22.S5.T1.t1.s55">
<Math mode="inline" xml:id="C22.S5.T1.t1.r8.m7">-1,0</Math>
</sentence>

<sentence sentence-num-in-section="60" sentence-num-in-table="56" xml:id="C22.S5.T1.t1.s56">
<Math mode="inline" xml:id="C22.S5.T1.t1.r8.m8">-1,0</Math>
</sentence>

<sentence sentence-num-in-section="61" sentence-num-in-table="57" xml:id="C22.S5.T1.t1.s57">
<Math mode="inline" xml:id="C22.S5.T1.t1.r9.m1">\operatorname{dc}z</Math>
</sentence>

<sentence sentence-num-in-section="62" sentence-num-in-table="58" xml:id="C22.S5.T1.t1.s58">
<Math mode="inline" xml:id="C22.S5.T1.t1.r9.m2">1,0</Math>
</sentence>

<sentence sentence-num-in-section="63" sentence-num-in-table="59" xml:id="C22.S5.T1.t1.s59">
<Math mode="inline" xml:id="C22.S5.T1.t1.r9.m3">\infty,-1</Math>
</sentence>

<sentence sentence-num-in-section="64" sentence-num-in-table="60" xml:id="C22.S5.T1.t1.s60">
<Math mode="inline" xml:id="C22.S5.T1.t1.r9.m4">0,k</Math>
</sentence>

<sentence sentence-num-in-section="65" sentence-num-in-table="61" xml:id="C22.S5.T1.t1.s61">
<Math mode="inline" xml:id="C22.S5.T1.t1.r9.m5">k,0</Math>
</sentence>

<sentence sentence-num-in-section="66" sentence-num-in-table="62" xml:id="C22.S5.T1.t1.s62">
<Math mode="inline" xml:id="C22.S5.T1.t1.r9.m6">-1,0</Math>
</sentence>

<sentence sentence-num-in-section="67" sentence-num-in-table="63" xml:id="C22.S5.T1.t1.s63">
<Math mode="inline" xml:id="C22.S5.T1.t1.r9.m7">-1,0</Math>
</sentence>

<sentence sentence-num-in-section="68" sentence-num-in-table="64" xml:id="C22.S5.T1.t1.s64">
<Math mode="inline" xml:id="C22.S5.T1.t1.r9.m8">1,0</Math>
</sentence>

<sentence sentence-num-in-section="69" sentence-num-in-table="65" xml:id="C22.S5.T1.t1.s65">
<Math mode="inline" xml:id="C22.S5.T1.t1.r10.m1">\operatorname{nc}z</Math>
</sentence>

<sentence sentence-num-in-section="70" sentence-num-in-table="66" xml:id="C22.S5.T1.t1.s66">
<Math mode="inline" xml:id="C22.S5.T1.t1.r10.m2">1,0</Math>
</sentence>

<sentence sentence-num-in-section="71" sentence-num-in-table="67" xml:id="C22.S5.T1.t1.s67">
<Math mode="inline" xml:id="C22.S5.T1.t1.r10.m3">\infty,-{k^{\prime}}^{-1}</Math>
</sentence>

<sentence sentence-num-in-section="72" sentence-num-in-table="68" xml:id="C22.S5.T1.t1.s68">
<Math mode="inline" xml:id="C22.S5.T1.t1.r10.m4">ik{k^{\prime}}^{-1},0</Math>
</sentence>

<sentence sentence-num-in-section="73" sentence-num-in-table="69" xml:id="C22.S5.T1.t1.s69">
<Math mode="inline" xml:id="C22.S5.T1.t1.r10.m5">0,ik</Math>
</sentence>

<sentence sentence-num-in-section="74" sentence-num-in-table="70" xml:id="C22.S5.T1.t1.s70">
<Math mode="inline" xml:id="C22.S5.T1.t1.r10.m6">-1,0</Math>
</sentence>

<sentence sentence-num-in-section="75" sentence-num-in-table="71" xml:id="C22.S5.T1.t1.s71">
<Math mode="inline" xml:id="C22.S5.T1.t1.r10.m7">1,0</Math>
</sentence>

<sentence sentence-num-in-section="76" sentence-num-in-table="72" xml:id="C22.S5.T1.t1.s72">
<Math mode="inline" xml:id="C22.S5.T1.t1.r10.m8">-1,0</Math>
</sentence>

<sentence sentence-num-in-section="77" sentence-num-in-table="73" xml:id="C22.S5.T1.t1.s73">
<Math mode="inline" xml:id="C22.S5.T1.t1.r11.m1">\operatorname{sc}z</Math>
</sentence>

<sentence sentence-num-in-section="78" sentence-num-in-table="74" xml:id="C22.S5.T1.t1.s74">
<Math mode="inline" xml:id="C22.S5.T1.t1.r11.m2">0,1</Math>
</sentence>

<sentence sentence-num-in-section="79" sentence-num-in-table="75" xml:id="C22.S5.T1.t1.s75">
<Math mode="inline" xml:id="C22.S5.T1.t1.r11.m3">\infty,-{k^{\prime}}^{-1}</Math>
</sentence>

<sentence sentence-num-in-section="80" sentence-num-in-table="76" xml:id="C22.S5.T1.t1.s76">
<Math mode="inline" xml:id="C22.S5.T1.t1.r11.m4">i{k^{\prime}}^{-1},0</Math>
</sentence>

<sentence sentence-num-in-section="81" sentence-num-in-table="77" xml:id="C22.S5.T1.t1.s77">
<Math mode="inline" xml:id="C22.S5.T1.t1.r11.m5">i,0</Math>
</sentence>

<sentence sentence-num-in-section="82" sentence-num-in-table="78" xml:id="C22.S5.T1.t1.s78">
<Math mode="inline" xml:id="C22.S5.T1.t1.r11.m6">0,1</Math>
</sentence>

<sentence sentence-num-in-section="83" sentence-num-in-table="79" xml:id="C22.S5.T1.t1.s79">
<Math mode="inline" xml:id="C22.S5.T1.t1.r11.m7">0,-1</Math>
</sentence>

<sentence sentence-num-in-section="84" sentence-num-in-table="80" xml:id="C22.S5.T1.t1.s80">
<Math mode="inline" xml:id="C22.S5.T1.t1.r11.m8">0,-1</Math>
</sentence>

<sentence sentence-num-in-section="85" sentence-num-in-table="81" xml:id="C22.S5.T1.t1.s81">
<Math mode="inline" xml:id="C22.S5.T1.t1.r12.m1">\operatorname{ns}z</Math>
</sentence>

<sentence sentence-num-in-section="86" sentence-num-in-table="82" xml:id="C22.S5.T1.t1.s82">
<Math mode="inline" xml:id="C22.S5.T1.t1.r12.m2">\infty,1</Math>
</sentence>

<sentence sentence-num-in-section="87" sentence-num-in-table="83" xml:id="C22.S5.T1.t1.s83">
<Math mode="inline" xml:id="C22.S5.T1.t1.r12.m3">1,0</Math>
</sentence>

<sentence sentence-num-in-section="88" sentence-num-in-table="84" xml:id="C22.S5.T1.t1.s84">
<Math mode="inline" xml:id="C22.S5.T1.t1.r12.m4">k,0</Math>
</sentence>

<sentence sentence-num-in-section="89" sentence-num-in-table="85" xml:id="C22.S5.T1.t1.s85">
<Math mode="inline" xml:id="C22.S5.T1.t1.r12.m5">0,k</Math>
</sentence>

<sentence sentence-num-in-section="90" sentence-num-in-table="86" xml:id="C22.S5.T1.t1.s86">
<Math mode="inline" xml:id="C22.S5.T1.t1.r12.m6">\infty,-1</Math>
</sentence>

<sentence sentence-num-in-section="91" sentence-num-in-table="87" xml:id="C22.S5.T1.t1.s87">
<Math mode="inline" xml:id="C22.S5.T1.t1.r12.m7">\infty,-1</Math>
</sentence>

<sentence sentence-num-in-section="92" sentence-num-in-table="88" xml:id="C22.S5.T1.t1.s88">
<Math mode="inline" xml:id="C22.S5.T1.t1.r12.m8">\infty,1</Math>
</sentence>

<sentence sentence-num-in-section="93" sentence-num-in-table="89" xml:id="C22.S5.T1.t1.s89">
<Math mode="inline" xml:id="C22.S5.T1.t1.r13.m1">\operatorname{ds}z</Math>
</sentence>

<sentence sentence-num-in-section="94" sentence-num-in-table="90" xml:id="C22.S5.T1.t1.s90">
<Math mode="inline" xml:id="C22.S5.T1.t1.r13.m2">\infty,1</Math>
</sentence>

<sentence sentence-num-in-section="95" sentence-num-in-table="91" xml:id="C22.S5.T1.t1.s91">
<Math mode="inline" xml:id="C22.S5.T1.t1.r13.m3">k^{\prime},0</Math>
</sentence>

<sentence sentence-num-in-section="96" sentence-num-in-table="92" xml:id="C22.S5.T1.t1.s92">
<Math mode="inline" xml:id="C22.S5.T1.t1.r13.m4">0,ikk^{\prime}</Math>
</sentence>

<sentence sentence-num-in-section="97" sentence-num-in-table="93" xml:id="C22.S5.T1.t1.s93">
<Math mode="inline" xml:id="C22.S5.T1.t1.r13.m5">-ik,0</Math>
</sentence>

<sentence sentence-num-in-section="98" sentence-num-in-table="94" xml:id="C22.S5.T1.t1.s94">
<Math mode="inline" xml:id="C22.S5.T1.t1.r13.m6">\infty,-1</Math>
</sentence>

<sentence sentence-num-in-section="99" sentence-num-in-table="95" xml:id="C22.S5.T1.t1.s95">
<Math mode="inline" xml:id="C22.S5.T1.t1.r13.m7">\infty,1</Math>
</sentence>

<sentence sentence-num-in-section="100" sentence-num-in-table="96" xml:id="C22.S5.T1.t1.s96">
<Math mode="inline" xml:id="C22.S5.T1.t1.r13.m8">\infty,-1</Math>
</sentence>

<sentence sentence-num-in-section="101" sentence-num-in-table="97" xml:id="C22.S5.T1.t1.s97">
<Math mode="inline" xml:id="C22.S5.T1.t1.r14.m1">\operatorname{cs}z</Math>
</sentence>

<sentence sentence-num-in-section="102" sentence-num-in-table="98" xml:id="C22.S5.T1.t1.s98">
<Math mode="inline" xml:id="C22.S5.T1.t1.r14.m2">\infty,1</Math>
</sentence>

<sentence sentence-num-in-section="103" sentence-num-in-table="99" xml:id="C22.S5.T1.t1.s99">
<Math mode="inline" xml:id="C22.S5.T1.t1.r14.m3">0,-k^{\prime}</Math>
</sentence>

<sentence sentence-num-in-section="104" sentence-num-in-table="100" xml:id="C22.S5.T1.t1.s100">
<Math mode="inline" xml:id="C22.S5.T1.t1.r14.m4">-ik^{\prime},0</Math>
</sentence>

<sentence sentence-num-in-section="105" sentence-num-in-table="101" xml:id="C22.S5.T1.t1.s101">
<Math mode="inline" xml:id="C22.S5.T1.t1.r14.m5">-i,0</Math>
</sentence>

<sentence sentence-num-in-section="106" sentence-num-in-table="102" xml:id="C22.S5.T1.t1.s102">
<Math mode="inline" xml:id="C22.S5.T1.t1.r14.m6">\infty,1</Math>
</sentence>

<sentence sentence-num-in-section="107" sentence-num-in-table="103" xml:id="C22.S5.T1.t1.s103">
<Math mode="inline" xml:id="C22.S5.T1.t1.r14.m7">\infty,-1</Math>
</sentence>

<sentence sentence-num-in-section="108" sentence-num-in-table="104" xml:id="C22.S5.T1.t1.s104">
<Math mode="inline" xml:id="C22.S5.T1.t1.r14.m8">\infty,-1</Math>
</sentence>
 
 
<para xml:id="C22.S5.SS1.p3">

<sentence sentence-num-in-para="1" sentence-num-in-section="109" xml:id="C22.S5.SS1.p3.s1">
Table 22.5.2gives
</sentence>

<sentence sentence-num-in-para="2" sentence-num-in-section="110" xml:id="C22.S5.SS1.p3.s2">
<Math mode="inline" xml:id="C22.S5.SS1.p3.m1">\operatorname{sn}\left(z,k\right)</Math> , <Math mode="inline" xml:id="C22.S5.SS1.p3.m2">\operatorname{cn}\left(z,k\right)</Math> , <Math mode="inline" xml:id="C22.S5.SS1.p3.m3">\operatorname{dn}\left(z,k\right)</Math> for other special values of <Math mode="inline" xml:id="C22.S5.SS1.p3.m4">z</Math>.
</sentence>

<sentence sentence-num-in-para="3" sentence-num-in-section="111" xml:id="C22.S5.SS1.p3.s3">
For example, <Math mode="inline" xml:id="C22.S5.SS1.p3.m5">\operatorname{sn}\left(\frac{1}{2}K,k\right)=(1+k^{\prime})^{-1/2}</Math>.
</sentence>

<sentence sentence-num-in-para="4" sentence-num-in-section="112" xml:id="C22.S5.SS1.p3.s4">
For the other nine functions ratios can be taken; compare (22.2.10).
</sentence>

</para>
         
<sentence sentence-num-in-section="113" xml:id="C22.S5.T2.s1">
Table 22.5.2: Other special values of Jacobian elliptic functions.
</sentence>
 

<sentence sentence-num-in-section="114" sentence-num-in-table="1" xml:id="C22.S5.T2.t1.s1">
<Math mode="inline" xml:id="C22.S5.T2.t1.r1.m1">z</Math>
</sentence>

<sentence sentence-num-in-section="115" sentence-num-in-table="2" xml:id="C22.S5.T2.t1.s2">
<Math mode="inline" xml:id="C22.S5.T2.t1.r2.m1">\frac{1}{2}K</Math>
</sentence>

<sentence sentence-num-in-section="116" sentence-num-in-table="3" xml:id="C22.S5.T2.t1.s3">
<Math mode="inline" xml:id="C22.S5.T2.t1.r2.m2">\frac{1}{2}(K+iK^{\prime})</Math>
</sentence>

<sentence sentence-num-in-section="117" sentence-num-in-table="4" xml:id="C22.S5.T2.t1.s4">
<Math mode="inline" xml:id="C22.S5.T2.t1.r2.m3">\frac{1}{2}iK^{\prime}</Math>
</sentence>

<sentence sentence-num-in-section="118" sentence-num-in-table="5" xml:id="C22.S5.T2.t1.s5">
<Math mode="inline" xml:id="C22.S5.T2.t1.r3.m1">\operatorname{sn}z</Math>
</sentence>

<sentence sentence-num-in-section="119" sentence-num-in-table="6" xml:id="C22.S5.T2.t1.s6">
<Math mode="inline" xml:id="C22.S5.T2.t1.r3.m2">(1+k^{\prime})^{-1/2}</Math>
</sentence>

<sentence sentence-num-in-section="120" sentence-num-in-table="7" xml:id="C22.S5.T2.t1.s7">
<Math mode="inline" xml:id="C22.S5.T2.t1.r3.m3">\left((1+k)^{1/2}+i(1-k)^{1/2}\right)/(2k)^{1/2}</Math>
</sentence>

<sentence sentence-num-in-section="121" sentence-num-in-table="8" xml:id="C22.S5.T2.t1.s8">
<Math mode="inline" xml:id="C22.S5.T2.t1.r3.m4">ik^{-1/2}</Math>
</sentence>

<sentence sentence-num-in-section="122" sentence-num-in-table="9" xml:id="C22.S5.T2.t1.s9">
<Math mode="inline" xml:id="C22.S5.T2.t1.r4.m1">\operatorname{cn}z</Math>
</sentence>

<sentence sentence-num-in-section="123" sentence-num-in-table="10" xml:id="C22.S5.T2.t1.s10">
<Math mode="inline" xml:id="C22.S5.T2.t1.r4.m2">(k^{\prime}/(1+k^{\prime}))^{1/2}</Math>
</sentence>

<sentence sentence-num-in-section="124" sentence-num-in-table="11" xml:id="C22.S5.T2.t1.s11">
<Math mode="inline" xml:id="C22.S5.T2.t1.r4.m3">(1-i){k^{\prime}}^{1/2}/(2k)^{1/2}</Math>
</sentence>

<sentence sentence-num-in-section="125" sentence-num-in-table="12" xml:id="C22.S5.T2.t1.s12">
<Math mode="inline" xml:id="C22.S5.T2.t1.r4.m4">(1+k)^{1/2}k^{-1/2}</Math>
</sentence>

<sentence sentence-num-in-section="126" sentence-num-in-table="13" xml:id="C22.S5.T2.t1.s13">
<Math mode="inline" xml:id="C22.S5.T2.t1.r5.m1">\operatorname{dn}z</Math>
</sentence>

<sentence sentence-num-in-section="127" sentence-num-in-table="14" xml:id="C22.S5.T2.t1.s14">
<Math mode="inline" xml:id="C22.S5.T2.t1.r5.m2">{k^{\prime}}^{1/2}</Math>
</sentence>

<sentence sentence-num-in-section="128" sentence-num-in-table="15" xml:id="C22.S5.T2.t1.s15">
<Math mode="inline" xml:id="C22.S5.T2.t1.r5.m3">{k^{\prime}}^{1/2}((1+k^{\prime})^{1/2}-i(1-k^{\prime})^{1/2})/2^{1/2}</Math>
</sentence>

<sentence sentence-num-in-section="129" sentence-num-in-table="16" xml:id="C22.S5.T2.t1.s16">
<Math mode="inline" xml:id="C22.S5.T2.t1.r5.m4">(1+k)^{1/2}</Math>
</sentence>

<sentence sentence-num-in-section="130" sentence-num-in-table="17" xml:id="C22.S5.T2.t1.s17">
<Math mode="inline" xml:id="C22.S5.T2.t1.r6.m1">z</Math>
</sentence>

<sentence sentence-num-in-section="131" sentence-num-in-table="18" xml:id="C22.S5.T2.t1.s18">
<Math mode="inline" xml:id="C22.S5.T2.t1.r7.m1">\frac{3}{2}K</Math>
</sentence>

<sentence sentence-num-in-section="132" sentence-num-in-table="19" xml:id="C22.S5.T2.t1.s19">
<Math mode="inline" xml:id="C22.S5.T2.t1.r7.m2">\frac{3}{2}(K+iK^{\prime})</Math>
</sentence>

<sentence sentence-num-in-section="133" sentence-num-in-table="20" xml:id="C22.S5.T2.t1.s20">
<Math mode="inline" xml:id="C22.S5.T2.t1.r7.m3">\frac{3}{2}iK^{\prime}</Math>
</sentence>

<sentence sentence-num-in-section="134" sentence-num-in-table="21" xml:id="C22.S5.T2.t1.s21">
<Math mode="inline" xml:id="C22.S5.T2.t1.r8.m1">\operatorname{sn}z</Math>
</sentence>

<sentence sentence-num-in-section="135" sentence-num-in-table="22" xml:id="C22.S5.T2.t1.s22">
<Math mode="inline" xml:id="C22.S5.T2.t1.r8.m2">(1+k^{\prime})^{-1/2}</Math>
</sentence>

<sentence sentence-num-in-section="136" sentence-num-in-table="23" xml:id="C22.S5.T2.t1.s23">
<Math mode="inline" xml:id="C22.S5.T2.t1.r8.m3">(1+i)((1+k^{\prime})^{1/2}-i(1-k^{\prime})^{1/2})/(2k^{1/2})</Math>
</sentence>

<sentence sentence-num-in-section="137" sentence-num-in-table="24" xml:id="C22.S5.T2.t1.s24">
<Math mode="inline" xml:id="C22.S5.T2.t1.r8.m4">-ik^{-1/2}</Math>
</sentence>

<sentence sentence-num-in-section="138" sentence-num-in-table="25" xml:id="C22.S5.T2.t1.s25">
<Math mode="inline" xml:id="C22.S5.T2.t1.r9.m1">\operatorname{cn}z</Math>
</sentence>

<sentence sentence-num-in-section="139" sentence-num-in-table="26" xml:id="C22.S5.T2.t1.s26">
<Math mode="inline" xml:id="C22.S5.T2.t1.r9.m2">-(k^{\prime}/(1+k^{\prime}))^{1/2}</Math>
</sentence>

<sentence sentence-num-in-section="140" sentence-num-in-table="27" xml:id="C22.S5.T2.t1.s27">
<Math mode="inline" xml:id="C22.S5.T2.t1.r9.m3">(1-i){k^{\prime}}^{1/2}/(2k)^{1/2}</Math>
</sentence>

<sentence sentence-num-in-section="141" sentence-num-in-table="28" xml:id="C22.S5.T2.t1.s28">
<Math mode="inline" xml:id="C22.S5.T2.t1.r9.m4">-(1+k)^{1/2}k^{-1/2}</Math>
</sentence>

<sentence sentence-num-in-section="142" sentence-num-in-table="29" xml:id="C22.S5.T2.t1.s29">
<Math mode="inline" xml:id="C22.S5.T2.t1.r10.m1">\operatorname{dn}z</Math>
</sentence>

<sentence sentence-num-in-section="143" sentence-num-in-table="30" xml:id="C22.S5.T2.t1.s30">
<Math mode="inline" xml:id="C22.S5.T2.t1.r10.m2">{k^{\prime}}^{1/2}</Math>
</sentence>

<sentence sentence-num-in-section="144" sentence-num-in-table="31" xml:id="C22.S5.T2.t1.s31">
<Math mode="inline" xml:id="C22.S5.T2.t1.r10.m3">(-1+i){k^{\prime}}^{1/2}((1+k)^{1/2}+i(1-k)^{1/2})/2</Math>
</sentence>

<sentence sentence-num-in-section="145" sentence-num-in-table="32" xml:id="C22.S5.T2.t1.s32">
<Math mode="inline" xml:id="C22.S5.T2.t1.r10.m4">-(1+k)^{1/2}</Math>
</sentence>

 
  
</subsection>
 
<subsection xml:id="C22.S5.SS2">
<title>Limiting Values of <Math mode="inline" xml:id="C22.S5.SS2.m1">k</Math></title>           
<para xml:id="C22.S5.SS2.p1">

<sentence sentence-num-in-para="1" sentence-num-in-section="146" xml:id="C22.S5.SS2.p1.s1">
If <Math mode="inline" xml:id="C22.S5.SS2.p1.m1">k\to 0+</Math> , then <Math mode="inline" xml:id="C22.S5.SS2.p1.m2">K\to\pi/2</Math> and <Math mode="inline" xml:id="C22.S5.SS2.p1.m3">K^{\prime}\to\infty</Math> ; if <Math mode="inline" xml:id="C22.S5.SS2.p1.m4">k\to 1-</Math> , then <Math mode="inline" xml:id="C22.S5.SS2.p1.m5">K\to\infty</Math> and <Math mode="inline" xml:id="C22.S5.SS2.p1.m6">K^{\prime}\to\pi/2</Math>.
</sentence>

<sentence sentence-num-in-para="2" sentence-num-in-section="147" xml:id="C22.S5.SS2.p1.s2">
In these cases the elliptic functions degenerate into elementary trigonometric and hyperbolic functions, respectively.
</sentence>

<sentence sentence-num-in-para="3" sentence-num-in-section="148" xml:id="C22.S5.SS2.p1.s3">
See Tables 22.5.3 and 22.5.4.
</sentence>

</para>
         
<sentence sentence-num-in-section="149" xml:id="C22.S5.T3.s1">
Table 22.5.3: Limiting forms of Jacobian elliptic functions as <Math mode="inline" xml:id="C22.S5.T3.m2">k\to 0</Math> .
</sentence>
 

<sentence sentence-num-in-section="150" sentence-num-in-table="1" xml:id="C22.S5.T3.t1.s1">
<Math mode="inline" xml:id="C22.S5.T3.t1.r1.m1">\operatorname{sn}\left(z,k\right)</Math><Math mode="inline" xml:id="C22.S5.T3.t1.r1.m2">\;\to\;</Math>
</sentence>

<sentence sentence-num-in-section="151" sentence-num-in-table="2" xml:id="C22.S5.T3.t1.s2">
<Math mode="inline" xml:id="C22.S5.T3.t1.r1.m3">\sin z</Math>
</sentence>

<sentence sentence-num-in-section="152" sentence-num-in-table="3" xml:id="C22.S5.T3.t1.s3">
<Math mode="inline" xml:id="C22.S5.T3.t1.r1.m4">\operatorname{cd}\left(z,k\right)</Math><Math mode="inline" xml:id="C22.S5.T3.t1.r1.m5">\;\to\;</Math>
</sentence>

<sentence sentence-num-in-section="153" sentence-num-in-table="4" xml:id="C22.S5.T3.t1.s4">
<Math mode="inline" xml:id="C22.S5.T3.t1.r1.m6">\cos z</Math>
</sentence>

<sentence sentence-num-in-section="154" sentence-num-in-table="5" xml:id="C22.S5.T3.t1.s5">
<Math mode="inline" xml:id="C22.S5.T3.t1.r1.m7">\operatorname{dc}\left(z,k\right)</Math><Math mode="inline" xml:id="C22.S5.T3.t1.r1.m8">\;\to\;</Math>
</sentence>

<sentence sentence-num-in-section="155" sentence-num-in-table="6" xml:id="C22.S5.T3.t1.s6">
<Math mode="inline" xml:id="C22.S5.T3.t1.r1.m9">\sec z</Math>
</sentence>

<sentence sentence-num-in-section="156" sentence-num-in-table="7" xml:id="C22.S5.T3.t1.s7">
<Math mode="inline" xml:id="C22.S5.T3.t1.r1.m10">\operatorname{ns}\left(z,k\right)</Math><Math mode="inline" xml:id="C22.S5.T3.t1.r1.m11">\;\to\;</Math>
</sentence>

<sentence sentence-num-in-section="157" sentence-num-in-table="8" xml:id="C22.S5.T3.t1.s8">
<Math mode="inline" xml:id="C22.S5.T3.t1.r1.m12">\csc z</Math>
</sentence>

<sentence sentence-num-in-section="158" sentence-num-in-table="9" xml:id="C22.S5.T3.t1.s9">
<Math mode="inline" xml:id="C22.S5.T3.t1.r2.m1">\operatorname{cn}\left(z,k\right)</Math><Math mode="inline" xml:id="C22.S5.T3.t1.r2.m2">\;\to\;</Math>
</sentence>

<sentence sentence-num-in-section="159" sentence-num-in-table="10" xml:id="C22.S5.T3.t1.s10">
<Math mode="inline" xml:id="C22.S5.T3.t1.r2.m3">\cos z</Math>
</sentence>

<sentence sentence-num-in-section="160" sentence-num-in-table="11" xml:id="C22.S5.T3.t1.s11">
<Math mode="inline" xml:id="C22.S5.T3.t1.r2.m4">\operatorname{sd}\left(z,k\right)</Math><Math mode="inline" xml:id="C22.S5.T3.t1.r2.m5">\;\to\;</Math>
</sentence>

<sentence sentence-num-in-section="161" sentence-num-in-table="12" xml:id="C22.S5.T3.t1.s12">
<Math mode="inline" xml:id="C22.S5.T3.t1.r2.m6">\sin z</Math>
</sentence>

<sentence sentence-num-in-section="162" sentence-num-in-table="13" xml:id="C22.S5.T3.t1.s13">
<Math mode="inline" xml:id="C22.S5.T3.t1.r2.m7">\operatorname{nc}\left(z,k\right)</Math><Math mode="inline" xml:id="C22.S5.T3.t1.r2.m8">\;\to\;</Math>
</sentence>

<sentence sentence-num-in-section="163" sentence-num-in-table="14" xml:id="C22.S5.T3.t1.s14">
<Math mode="inline" xml:id="C22.S5.T3.t1.r2.m9">\sec z</Math>
</sentence>

<sentence sentence-num-in-section="164" sentence-num-in-table="15" xml:id="C22.S5.T3.t1.s15">
<Math mode="inline" xml:id="C22.S5.T3.t1.r2.m10">\operatorname{ds}\left(z,k\right)</Math><Math mode="inline" xml:id="C22.S5.T3.t1.r2.m11">\;\to\;</Math>
</sentence>

<sentence sentence-num-in-section="165" sentence-num-in-table="16" xml:id="C22.S5.T3.t1.s16">
<Math mode="inline" xml:id="C22.S5.T3.t1.r2.m12">\csc z</Math>
</sentence>

<sentence sentence-num-in-section="166" sentence-num-in-table="17" xml:id="C22.S5.T3.t1.s17">
<Math mode="inline" xml:id="C22.S5.T3.t1.r3.m1">\operatorname{dn}\left(z,k\right)</Math><Math mode="inline" xml:id="C22.S5.T3.t1.r3.m2">\;\to\;</Math>
</sentence>

<sentence sentence-num-in-section="167" sentence-num-in-table="18" xml:id="C22.S5.T3.t1.s18">
<Math mode="inline" xml:id="C22.S5.T3.t1.r3.m3">1</Math>
</sentence>

<sentence sentence-num-in-section="168" sentence-num-in-table="19" xml:id="C22.S5.T3.t1.s19">
<Math mode="inline" xml:id="C22.S5.T3.t1.r3.m4">\operatorname{nd}\left(z,k\right)</Math><Math mode="inline" xml:id="C22.S5.T3.t1.r3.m5">\;\to\;</Math>
</sentence>

<sentence sentence-num-in-section="169" sentence-num-in-table="20" xml:id="C22.S5.T3.t1.s20">
<Math mode="inline" xml:id="C22.S5.T3.t1.r3.m6">1</Math>
</sentence>

<sentence sentence-num-in-section="170" sentence-num-in-table="21" xml:id="C22.S5.T3.t1.s21">
<Math mode="inline" xml:id="C22.S5.T3.t1.r3.m7">\operatorname{sc}\left(z,k\right)</Math><Math mode="inline" xml:id="C22.S5.T3.t1.r3.m8">\;\to\;</Math>
</sentence>

<sentence sentence-num-in-section="171" sentence-num-in-table="22" xml:id="C22.S5.T3.t1.s22">
<Math mode="inline" xml:id="C22.S5.T3.t1.r3.m9">\tan z</Math>
</sentence>

<sentence sentence-num-in-section="172" sentence-num-in-table="23" xml:id="C22.S5.T3.t1.s23">
<Math mode="inline" xml:id="C22.S5.T3.t1.r3.m10">\operatorname{cs}\left(z,k\right)</Math><Math mode="inline" xml:id="C22.S5.T3.t1.r3.m11">\;\to\;</Math>
</sentence>

<sentence sentence-num-in-section="173" sentence-num-in-table="24" xml:id="C22.S5.T3.t1.s24">
<Math mode="inline" xml:id="C22.S5.T3.t1.r3.m12">\cot z</Math>
</sentence>
          
<sentence sentence-num-in-section="174" xml:id="C22.S5.T4.s1">
Table 22.5.4: Limiting forms of Jacobian elliptic functions as <Math mode="inline" xml:id="C22.S5.T4.m2">k\to 1</Math> .
</sentence> 

<sentence sentence-num-in-section="175" sentence-num-in-table="1" xml:id="C22.S5.T4.t1.s1">
<Math mode="inline" xml:id="C22.S5.T4.t1.r1.m1">\operatorname{sn}\left(z,k\right)</Math><Math mode="inline" xml:id="C22.S5.T4.t1.r1.m2">\;\to\;</Math>
</sentence>

<sentence sentence-num-in-section="176" sentence-num-in-table="2" xml:id="C22.S5.T4.t1.s2">
<Math mode="inline" xml:id="C22.S5.T4.t1.r1.m3">\tanh z</Math>
</sentence>

<sentence sentence-num-in-section="177" sentence-num-in-table="3" xml:id="C22.S5.T4.t1.s3">
<Math mode="inline" xml:id="C22.S5.T4.t1.r1.m4">\operatorname{cd}\left(z,k\right)</Math><Math mode="inline" xml:id="C22.S5.T4.t1.r1.m5">\;\to\;</Math>
</sentence>

<sentence sentence-num-in-section="178" sentence-num-in-table="4" xml:id="C22.S5.T4.t1.s4">
<Math mode="inline" xml:id="C22.S5.T4.t1.r1.m6">1</Math>
</sentence>

<sentence sentence-num-in-section="179" sentence-num-in-table="5" xml:id="C22.S5.T4.t1.s5">
<Math mode="inline" xml:id="C22.S5.T4.t1.r1.m7">\operatorname{dc}\left(z,k\right)</Math><Math mode="inline" xml:id="C22.S5.T4.t1.r1.m8">\;\to\;</Math>
</sentence>

<sentence sentence-num-in-section="180" sentence-num-in-table="6" xml:id="C22.S5.T4.t1.s6">
<Math mode="inline" xml:id="C22.S5.T4.t1.r1.m9">1</Math>
</sentence>

<sentence sentence-num-in-section="181" sentence-num-in-table="7" xml:id="C22.S5.T4.t1.s7">
<Math mode="inline" xml:id="C22.S5.T4.t1.r1.m10">\operatorname{ns}\left(z,k\right)</Math><Math mode="inline" xml:id="C22.S5.T4.t1.r1.m11">\;\to\;</Math>
</sentence>

<sentence sentence-num-in-section="182" sentence-num-in-table="8" xml:id="C22.S5.T4.t1.s8">
<Math mode="inline" xml:id="C22.S5.T4.t1.r1.m12">\coth z</Math>
</sentence>

<sentence sentence-num-in-section="183" sentence-num-in-table="9" xml:id="C22.S5.T4.t1.s9">
<Math mode="inline" xml:id="C22.S5.T4.t1.r2.m1">\operatorname{cn}\left(z,k\right)</Math><Math mode="inline" xml:id="C22.S5.T4.t1.r2.m2">\;\to\;</Math>
</sentence>

<sentence sentence-num-in-section="184" sentence-num-in-table="10" xml:id="C22.S5.T4.t1.s10">
<Math mode="inline" xml:id="C22.S5.T4.t1.r2.m3">\operatorname{sech}z</Math>
</sentence>

<sentence sentence-num-in-section="185" sentence-num-in-table="11" xml:id="C22.S5.T4.t1.s11">
<Math mode="inline" xml:id="C22.S5.T4.t1.r2.m4">\operatorname{sd}\left(z,k\right)</Math><Math mode="inline" xml:id="C22.S5.T4.t1.r2.m5">\;\to\;</Math>
</sentence>

<sentence sentence-num-in-section="186" sentence-num-in-table="12" xml:id="C22.S5.T4.t1.s12">
<Math mode="inline" xml:id="C22.S5.T4.t1.r2.m6">\sinh z</Math>
</sentence>

<sentence sentence-num-in-section="187" sentence-num-in-table="13" xml:id="C22.S5.T4.t1.s13">
<Math mode="inline" xml:id="C22.S5.T4.t1.r2.m7">\operatorname{nc}\left(z,k\right)</Math><Math mode="inline" xml:id="C22.S5.T4.t1.r2.m8">\;\to\;</Math>
</sentence>

<sentence sentence-num-in-section="188" sentence-num-in-table="14" xml:id="C22.S5.T4.t1.s14">
<Math mode="inline" xml:id="C22.S5.T4.t1.r2.m9">\cosh z</Math>
</sentence>

<sentence sentence-num-in-section="189" sentence-num-in-table="15" xml:id="C22.S5.T4.t1.s15">
<Math mode="inline" xml:id="C22.S5.T4.t1.r2.m10">\operatorname{ds}\left(z,k\right)</Math><Math mode="inline" xml:id="C22.S5.T4.t1.r2.m11">\;\to\;</Math>
</sentence>

<sentence sentence-num-in-section="190" sentence-num-in-table="16" xml:id="C22.S5.T4.t1.s16">
<Math mode="inline" xml:id="C22.S5.T4.t1.r2.m12">\operatorname{csch}z</Math>
</sentence>

<sentence sentence-num-in-section="191" sentence-num-in-table="17" xml:id="C22.S5.T4.t1.s17">
<Math mode="inline" xml:id="C22.S5.T4.t1.r3.m1">\operatorname{dn}\left(z,k\right)</Math><Math mode="inline" xml:id="C22.S5.T4.t1.r3.m2">\;\to\;</Math>
</sentence>

<sentence sentence-num-in-section="192" sentence-num-in-table="18" xml:id="C22.S5.T4.t1.s18">
<Math mode="inline" xml:id="C22.S5.T4.t1.r3.m3">\operatorname{sech}z</Math>
</sentence>

<sentence sentence-num-in-section="193" sentence-num-in-table="19" xml:id="C22.S5.T4.t1.s19">
<Math mode="inline" xml:id="C22.S5.T4.t1.r3.m4">\operatorname{nd}\left(z,k\right)</Math><Math mode="inline" xml:id="C22.S5.T4.t1.r3.m5">\;\to\;</Math>
</sentence>

<sentence sentence-num-in-section="194" sentence-num-in-table="20" xml:id="C22.S5.T4.t1.s20">
<Math mode="inline" xml:id="C22.S5.T4.t1.r3.m6">\cosh z</Math>
</sentence>

<sentence sentence-num-in-section="195" sentence-num-in-table="21" xml:id="C22.S5.T4.t1.s21">
<Math mode="inline" xml:id="C22.S5.T4.t1.r3.m7">\operatorname{sc}\left(z,k\right)</Math><Math mode="inline" xml:id="C22.S5.T4.t1.r3.m8">\;\to\;</Math>
</sentence>

<sentence sentence-num-in-section="196" sentence-num-in-table="22" xml:id="C22.S5.T4.t1.s22">
<Math mode="inline" xml:id="C22.S5.T4.t1.r3.m9">\sinh z</Math>
</sentence>

<sentence sentence-num-in-section="197" sentence-num-in-table="23" xml:id="C22.S5.T4.t1.s23">
<Math mode="inline" xml:id="C22.S5.T4.t1.r3.m10">\operatorname{cs}\left(z,k\right)</Math><Math mode="inline" xml:id="C22.S5.T4.t1.r3.m11">\;\to\;</Math>
</sentence>

<sentence sentence-num-in-section="198" sentence-num-in-table="24" xml:id="C22.S5.T4.t1.s24">
<Math mode="inline" xml:id="C22.S5.T4.t1.r3.m12">\operatorname{csch}z</Math>
</sentence>
  
<para xml:id="C22.S5.SS2.p2">

<sentence sentence-num-in-para="1" sentence-num-in-section="199" xml:id="C22.S5.SS2.p2.s1">
Expansions for <Math mode="inline" xml:id="C22.S5.SS2.p2.m1">K,K^{\prime}</Math> as <Math mode="inline" xml:id="C22.S5.SS2.p2.m2">k\to 0</Math> or <Math mode="inline" xml:id="C22.S5.SS2.p2.m3">1</Math> are given in §§19.5, 19.12.
</sentence>

</para>
 
<para xml:id="C22.S5.SS2.p3">

<sentence sentence-num-in-para="1" sentence-num-in-section="200" xml:id="C22.S5.SS2.p3.s1">
For values of <Math mode="inline" xml:id="C22.S5.SS2.p3.m1">K,K^{\prime}</Math> when <Math mode="inline" xml:id="C22.S5.SS2.p3.m2">k^{2}=\frac{1}{2}</Math> (lemniscatic case) see §23.5(iii), and for <Math mode="inline" xml:id="C22.S5.SS2.p3.m3">k^{2}=e^{\mathrm{i}\pi/3}</Math> (equianharmonic case) see §23.5(v).
</sentence>

</para>
 
 
</subsection>
 
</section>
