<?xml version="1.0" encoding="UTF-8"?>
<section xml:id="C22.S6">
<title>Elementary Identities</title>        
  
<subsection xml:id="C22.S6.SS1">
<title>Sums of Squares</title>        
  
<para xml:id="C22.S6.SS1.p1">

<sentence sentence-num-in-para="1" sentence-num-in-section="1" xml:id="C22.S6.SS1.p1.s1">
 <Math equation-number="22.6.1" mode="display" xml:id="C22.S6.E1">{\operatorname{sn}^{2}}\left(z,k\right)+{\operatorname{cn}^{2}}\left(z,k\right )=k^{2}{\operatorname{sn}^{2}}\left(z,k\right)+{\operatorname{dn}^{2}}\left(z, k\right)=1,</Math> <Math equation-number="22.6.2" mode="display" xml:id="C22.S6.E2">1+{\operatorname{cs}^{2}}\left(z,k\right)=k^{2}+{\operatorname{ds}^{2}}\left(z ,k\right)={\operatorname{ns}^{2}}\left(z,k\right),</Math> <Math equation-number="22.6.3" mode="display" xml:id="C22.S6.E3">{k^{\prime}}^{2}{\operatorname{sc}^{2}}\left(z,k\right)+1={\operatorname{dc}^{ 2}}\left(z,k\right)={k^{\prime}}^{2}{\operatorname{nc}^{2}}\left(z,k\right)+k^ {2},</Math> <Math equation-number="22.6.4" mode="display" xml:id="C22.S6.E4">-k^{2}{k^{\prime}}^{2}{\operatorname{sd}^{2}}\left(z,k\right)=k^{2}({ \operatorname{cd}^{2}}\left(z,k\right)-1)={k^{\prime}}^{2}(1-{\operatorname{nd }^{2}}\left(z,k\right))</Math>.
</sentence>

</para>
 
</subsection>
 
<subsection xml:id="C22.S6.SS2">
<title>Double Argument</title>        
 
 
<para xml:id="C22.S6.SS2.p1">

<sentence sentence-num-in-para="1" sentence-num-in-section="2" xml:id="C22.S6.SS2.p1.s1">
 <Math equation-number="22.6.5" mode="display" xml:id="C22.S6.E5">\operatorname{sn}\left(2z,k\right)=\frac{2\operatorname{sn}\left(z,k\right) \operatorname{cn}\left(z,k\right)\operatorname{dn}\left(z,k\right)}{1-k^{2}{ \operatorname{sn}^{4}}\left(z,k\right)},</Math> <Math equation-number="22.6.6" mode="display" xml:id="C22.S6.E6">\operatorname{cn}\left(2z,k\right)=\frac{{\operatorname{cn}^{2}}\left(z,k \right)-{\operatorname{sn}^{2}}\left(z,k\right){\operatorname{dn}^{2}}\left(z, k\right)}{1-k^{2}{\operatorname{sn}^{4}}\left(z,k\right)}=\frac{{\operatorname {cn}^{4}}\left(z,k\right)-{k^{\prime}}^{2}{\operatorname{sn}^{4}}\left(z,k \right)}{1-k^{2}{\operatorname{sn}^{4}}\left(z,k\right)},</Math> <Math equation-number="22.6.7" mode="display" xml:id="C22.S6.E7">\operatorname{dn}\left(2z,k\right)=\frac{{\operatorname{dn}^{2}}\left(z,k \right)-k^{2}{\operatorname{sn}^{2}}\left(z,k\right){\operatorname{cn}^{2}} \left(z,k\right)}{1-k^{2}{\operatorname{sn}^{4}}\left(z,k\right)}=\frac{{ \operatorname{dn}^{4}}\left(z,k\right)+k^{2}{k^{\prime}}^{2}{\operatorname{sn} ^{4}}\left(z,k\right)}{1-k^{2}{\operatorname{sn}^{4}}\left(z,k\right)}</Math>.
</sentence>

</para>
 
<para xml:id="C22.S6.SS2.p2">

</para>
 
<para xml:id="C22.S6.SS2.p3">

<sentence sentence-num-in-para="1" sentence-num-in-section="3" xml:id="C22.S6.SS2.p3.s1">
 <Math equation-number="22.6.8" mode="display" xml:id="C22.S6.E8">\operatorname{cd}\left(2z,k\right)=\frac{{\operatorname{cd}^{2}}\left(z,k \right)-{k^{\prime}}^{2}{\operatorname{sd}^{2}}\left(z,k\right){\operatorname{ nd}^{2}}\left(z,k\right)}{1+k^{2}{k^{\prime}}^{2}{\operatorname{sd}^{4}}\left( z,k\right)},</Math> , <Math equation-number="22.6.9" mode="display" xml:id="C22.S6.E9">\operatorname{sd}\left(2z,k\right)=\frac{2\operatorname{sd}\left(z,k\right) \operatorname{cd}\left(z,k\right)\operatorname{nd}\left(z,k\right)}{1+k^{2}{k^ {\prime}}^{2}{\operatorname{sd}^{4}}\left(z,k\right)},</Math> , <Math equation-number="22.6.10" mode="display" xml:id="C22.S6.E10">\operatorname{nd}\left(2z,k\right)=\frac{{\operatorname{nd}^{2}}\left(z,k \right)+k^{2}{\operatorname{sd}^{2}}\left(z,k\right){\operatorname{cd}^{2}} \left(z,k\right)}{1+k^{2}{k^{\prime}}^{2}{\operatorname{sd}^{4}}\left(z,k \right)},</Math> , <Math equation-number="22.6.11" mode="display" xml:id="C22.S6.E11">\operatorname{dc}\left(2z,k\right)=\frac{{\operatorname{dc}^{2}}\left(z,k \right)+{k^{\prime}}^{2}{\operatorname{sc}^{2}}\left(z,k\right){\operatorname{ nc}^{2}}\left(z,k\right)}{1-{k^{\prime}}^{2}{\operatorname{sc}^{4}}\left(z,k \right)},</Math> <Math equation-number="22.6.12" mode="display" xml:id="C22.S6.E12">\operatorname{nc}\left(2z,k\right)=\frac{{\operatorname{nc}^{2}}\left(z,k \right)+{\operatorname{sc}^{2}}\left(z,k\right){\operatorname{dc}^{2}}\left(z, k\right)}{1-{k^{\prime}}^{2}{\operatorname{sc}^{4}}\left(z,k\right)},</Math> , <Math equation-number="22.6.13" mode="display" xml:id="C22.S6.E13">\operatorname{sc}\left(2z,k\right)=\frac{2\operatorname{sc}\left(z,k\right) \operatorname{dc}\left(z,k\right)\operatorname{nc}\left(z,k\right)}{1-{k^{ \prime}}^{2}{\operatorname{sc}^{4}}\left(z,k\right)},</Math> , <Math equation-number="22.6.14" mode="display" xml:id="C22.S6.E14">\operatorname{ns}\left(2z,k\right)=\frac{{\operatorname{ns}^{4}}\left(z,k \right)-k^{2}}{2\operatorname{cs}\left(z,k\right)\operatorname{ds}\left(z,k \right)\operatorname{ns}\left(z,k\right)},</Math> , <Math equation-number="22.6.15" mode="display" xml:id="C22.S6.E15">\operatorname{ds}\left(2z,k\right)=\frac{k^{2}{k^{\prime}}^{2}+{\operatorname{ ds}^{4}}\left(z,k\right)}{2\operatorname{cs}\left(z,k\right)\operatorname{ds} \left(z,k\right)\operatorname{ns}\left(z,k\right)},</Math> , <Math equation-number="22.6.16" mode="display" xml:id="C22.S6.E16">\operatorname{cs}\left(2z,k\right)=\frac{{\operatorname{cs}^{4}}\left(z,k \right)-{k^{\prime}}^{2}}{2\operatorname{cs}\left(z,k\right)\operatorname{ds} \left(z,k\right)\operatorname{ns}\left(z,k\right)}</Math>.
</sentence>

</para>
 
<para xml:id="C22.S6.SS2.p4">

<sentence sentence-num-in-para="1" sentence-num-in-section="4" xml:id="C22.S6.SS2.p4.s1">
See also Carlson (2004).
</sentence>

</para>
 
<para xml:id="C22.S6.SS2.p5">

<sentence sentence-num-in-para="1" sentence-num-in-section="5" xml:id="C22.S6.SS2.p5.s1">
 <Math equation-number="22.6.17" mode="display" xml:id="C22.S6.E17">\frac{1-\operatorname{cn}\left(2z,k\right)}{1+\operatorname{cn}\left(2z,k \right)}=\frac{{\operatorname{sn}^{2}}\left(z,k\right){\operatorname{dn}^{2}} \left(z,k\right)}{{\operatorname{cn}^{2}}\left(z,k\right)},</Math> , <Math equation-number="22.6.18" mode="display" xml:id="C22.S6.E18">\frac{1-\operatorname{dn}\left(2z,k\right)}{1+\operatorname{dn}\left(2z,k \right)}=\frac{k^{2}{\operatorname{sn}^{2}}\left(z,k\right){\operatorname{cn}^ {2}}\left(z,k\right)}{{\operatorname{dn}^{2}}\left(z,k\right)}</Math>.
</sentence>

</para>
 
</subsection>
 
<subsection xml:id="C22.S6.SS3">
<title>Half Argument</title>          
<para xml:id="C22.S6.SS3.p1">

<sentence sentence-num-in-para="1" sentence-num-in-section="6" xml:id="C22.S6.SS3.p1.s1">
 <Math equation-number="22.6.19" mode="display" xml:id="C22.S6.E19">{\operatorname{sn}^{2}}\left(\tfrac{1}{2}z,k\right)=\frac{1-\operatorname{cn} \left(z,k\right)}{1+\operatorname{dn}\left(z,k\right)}=\frac{1-\operatorname{ dn}\left(z,k\right)}{k^{2}(1+\operatorname{cn}\left(z,k\right))}=\frac{ \operatorname{dn}\left(z,k\right)-k^{2}\operatorname{cn}\left(z,k\right)-{k^{ \prime}}^{2}}{k^{2}(\operatorname{dn}\left(z,k\right)-\operatorname{cn}\left(z ,k\right))},</Math> , <Math equation-number="22.6.20" mode="display" xml:id="C22.S6.E20">{\operatorname{cn}^{2}}\left(\tfrac{1}{2}z,k\right)=\frac{-{k^{\prime}}^{2}+ \operatorname{dn}\left(z,k\right)+k^{2}\operatorname{cn}\left(z,k\right)}{k^{2 }(1+\operatorname{cn}\left(z,k\right))}=\frac{{k^{\prime}}^{2}(1-\operatorname {dn}\left(z,k\right))}{k^{2}(\operatorname{dn}\left(z,k\right)-\operatorname{ cn}\left(z,k\right))}=\frac{{k^{\prime}}^{2}(1+\operatorname{cn}\left(z,k \right))}{{k^{\prime}}^{2}+\operatorname{dn}\left(z,k\right)-k^{2} \operatorname{cn}\left(z,k\right)},</Math> , <Math equation-number="22.6.21" mode="display" xml:id="C22.S6.E21">{\operatorname{dn}^{2}}\left(\tfrac{1}{2}z,k\right)=\frac{k^{2}\operatorname{ cn}\left(z,k\right)+\operatorname{dn}\left(z,k\right)+{k^{\prime}}^{2}}{1+ \operatorname{dn}\left(z,k\right)}=\frac{{k^{\prime}}^{2}(1-\operatorname{cn} \left(z,k\right))}{\operatorname{dn}\left(z,k\right)-\operatorname{cn}\left(z, k\right)}=\frac{{k^{\prime}}^{2}(1+\operatorname{dn}\left(z,k\right))}{{k^{ \prime}}^{2}+\operatorname{dn}\left(z,k\right)-k^{2}\operatorname{cn}\left(z,k \right)}</Math>.
</sentence>

</para>
 
<para xml:id="C22.S6.SS3.p2">

<sentence sentence-num-in-para="1" sentence-num-in-section="7" xml:id="C22.S6.SS3.p2.s1">
If <Math mode="inline" xml:id="C22.S6.SS3.p2.m1">\{\mbox{p,q,r}\}</Math> is any permutation of <Math mode="inline" xml:id="C22.S6.SS3.p2.m2">\{\mbox{c,d,n}\}</Math> , then <Math equation-number="22.6.22" mode="display" xml:id="C22.S6.E22">{\operatorname{pq}^{2}}\left(\tfrac{1}{2}z,k\right)=\frac{\operatorname{ps} \left(z,k\right)+\operatorname{rs}\left(z,k\right)}{\operatorname{qs}\left(z,k \right)+\operatorname{rs}\left(z,k\right)}=\frac{\operatorname{pq}\left(z,k \right)+\operatorname{rq}\left(z,k\right)}{1+\operatorname{rq}\left(z,k\right) }=\frac{\operatorname{pr}\left(z,k\right)+1}{\operatorname{qr}\left(z,k\right) +1}</Math>.
</sentence>

<sentence sentence-num-in-para="2" sentence-num-in-section="8" xml:id="C22.S6.SS3.p2.s2">
For (22.6.22) and similar results, see Carlson (2004).
</sentence>

</para>
 
</subsection>
 
<subsection xml:id="C22.S6.SS4">
<title>Rotation of Argument (Jacobi’s Imaginary Transformation)</title>         
           
<sentence sentence-num-in-section="9" xml:id="C22.S6.T1.s1">
Table 22.6.1: Jacobi’s imaginary transformation of Jacobian elliptic functions.
</sentence>
 

<sentence sentence-num-in-section="10" sentence-num-in-table="1" xml:id="C22.S6.T1.t1.s1">
<Math mode="inline" xml:id="C22.S6.T1.t1.r1.m1">\operatorname{sn}\left(iz,k\right)</Math><Math mode="inline" xml:id="C22.S6.T1.t1.r1.m2">\;=\;</Math>
</sentence>

<sentence sentence-num-in-section="11" sentence-num-in-table="2" xml:id="C22.S6.T1.t1.s2">
<Math mode="inline" xml:id="C22.S6.T1.t1.r1.m3">i\operatorname{sc}\left(z,k^{\prime}\right)</Math>
</sentence>

<sentence sentence-num-in-section="12" sentence-num-in-table="3" xml:id="C22.S6.T1.t1.s3">
<Math mode="inline" xml:id="C22.S6.T1.t1.r1.m4">\operatorname{dc}\left(iz,k\right)</Math><Math mode="inline" xml:id="C22.S6.T1.t1.r1.m5">\;=\;</Math>
</sentence>

<sentence sentence-num-in-section="13" sentence-num-in-table="4" xml:id="C22.S6.T1.t1.s4">
<Math mode="inline" xml:id="C22.S6.T1.t1.r1.m6">\operatorname{dn}\left(z,k^{\prime}\right)</Math>
</sentence>

<sentence sentence-num-in-section="14" sentence-num-in-table="5" xml:id="C22.S6.T1.t1.s5">
<Math mode="inline" xml:id="C22.S6.T1.t1.r2.m1">\operatorname{cn}\left(iz,k\right)</Math><Math mode="inline" xml:id="C22.S6.T1.t1.r2.m2">\;=\;</Math>
</sentence>

<sentence sentence-num-in-section="15" sentence-num-in-table="6" xml:id="C22.S6.T1.t1.s6">
<Math mode="inline" xml:id="C22.S6.T1.t1.r2.m3">\operatorname{nc}\left(z,k^{\prime}\right)</Math>
</sentence>

<sentence sentence-num-in-section="16" sentence-num-in-table="7" xml:id="C22.S6.T1.t1.s7">
<Math mode="inline" xml:id="C22.S6.T1.t1.r2.m4">\operatorname{nc}\left(iz,k\right)</Math><Math mode="inline" xml:id="C22.S6.T1.t1.r2.m5">\;=\;</Math>
</sentence>

<sentence sentence-num-in-section="17" sentence-num-in-table="8" xml:id="C22.S6.T1.t1.s8">
<Math mode="inline" xml:id="C22.S6.T1.t1.r2.m6">\operatorname{cn}\left(z,k^{\prime}\right)</Math>
</sentence>

<sentence sentence-num-in-section="18" sentence-num-in-table="9" xml:id="C22.S6.T1.t1.s9">
<Math mode="inline" xml:id="C22.S6.T1.t1.r3.m1">\operatorname{dn}\left(iz,k\right)</Math><Math mode="inline" xml:id="C22.S6.T1.t1.r3.m2">\;=\;</Math>
</sentence>

<sentence sentence-num-in-section="19" sentence-num-in-table="10" xml:id="C22.S6.T1.t1.s10">
<Math mode="inline" xml:id="C22.S6.T1.t1.r3.m3">\operatorname{dc}\left(z,k^{\prime}\right)</Math>
</sentence>

<sentence sentence-num-in-section="20" sentence-num-in-table="11" xml:id="C22.S6.T1.t1.s11">
<Math mode="inline" xml:id="C22.S6.T1.t1.r3.m4">\operatorname{sc}\left(iz,k\right)</Math><Math mode="inline" xml:id="C22.S6.T1.t1.r3.m5">\;=\;</Math>
</sentence>

<sentence sentence-num-in-section="21" sentence-num-in-table="12" xml:id="C22.S6.T1.t1.s12">
<Math mode="inline" xml:id="C22.S6.T1.t1.r3.m6">i\operatorname{sn}\left(z,k^{\prime}\right)</Math>
</sentence>

<sentence sentence-num-in-section="22" sentence-num-in-table="13" xml:id="C22.S6.T1.t1.s13">
<Math mode="inline" xml:id="C22.S6.T1.t1.r4.m1">\operatorname{cd}\left(iz,k\right)</Math><Math mode="inline" xml:id="C22.S6.T1.t1.r4.m2">\;=\;</Math>
</sentence>

<sentence sentence-num-in-section="23" sentence-num-in-table="14" xml:id="C22.S6.T1.t1.s14">
<Math mode="inline" xml:id="C22.S6.T1.t1.r4.m3">\operatorname{nd}\left(z,k^{\prime}\right)</Math>
</sentence>

<sentence sentence-num-in-section="24" sentence-num-in-table="15" xml:id="C22.S6.T1.t1.s15">
<Math mode="inline" xml:id="C22.S6.T1.t1.r4.m4">\operatorname{ns}\left(iz,k\right)</Math><Math mode="inline" xml:id="C22.S6.T1.t1.r4.m5">\;=\;</Math>
</sentence>

<sentence sentence-num-in-section="25" sentence-num-in-table="16" xml:id="C22.S6.T1.t1.s16">
<Math mode="inline" xml:id="C22.S6.T1.t1.r4.m6">-i\operatorname{cs}\left(z,k^{\prime}\right)</Math>
</sentence>

<sentence sentence-num-in-section="26" sentence-num-in-table="17" xml:id="C22.S6.T1.t1.s17">
<Math mode="inline" xml:id="C22.S6.T1.t1.r5.m1">\operatorname{sd}\left(iz,k\right)</Math><Math mode="inline" xml:id="C22.S6.T1.t1.r5.m2">\;=\;</Math>
</sentence>

<sentence sentence-num-in-section="27" sentence-num-in-table="18" xml:id="C22.S6.T1.t1.s18">
<Math mode="inline" xml:id="C22.S6.T1.t1.r5.m3">i\operatorname{sd}\left(z,k^{\prime}\right)</Math>
</sentence>

<sentence sentence-num-in-section="28" sentence-num-in-table="19" xml:id="C22.S6.T1.t1.s19">
<Math mode="inline" xml:id="C22.S6.T1.t1.r5.m4">\operatorname{ds}\left(iz,k\right)</Math><Math mode="inline" xml:id="C22.S6.T1.t1.r5.m5">\;=\;</Math>
</sentence>

<sentence sentence-num-in-section="29" sentence-num-in-table="20" xml:id="C22.S6.T1.t1.s20">
<Math mode="inline" xml:id="C22.S6.T1.t1.r5.m6">-i\operatorname{ds}\left(z,k^{\prime}\right)</Math>
</sentence>

<sentence sentence-num-in-section="30" sentence-num-in-table="21" xml:id="C22.S6.T1.t1.s21">
<Math mode="inline" xml:id="C22.S6.T1.t1.r6.m1">\operatorname{nd}\left(iz,k\right)</Math><Math mode="inline" xml:id="C22.S6.T1.t1.r6.m2">\;=\;</Math>
</sentence>

<sentence sentence-num-in-section="31" sentence-num-in-table="22" xml:id="C22.S6.T1.t1.s22">
<Math mode="inline" xml:id="C22.S6.T1.t1.r6.m3">\operatorname{cd}\left(z,k^{\prime}\right)</Math>
</sentence>

<sentence sentence-num-in-section="32" sentence-num-in-table="23" xml:id="C22.S6.T1.t1.s23">
<Math mode="inline" xml:id="C22.S6.T1.t1.r6.m4">\operatorname{cs}\left(iz,k\right)</Math><Math mode="inline" xml:id="C22.S6.T1.t1.r6.m5">\;=\;</Math>
</sentence>

<sentence sentence-num-in-section="33" sentence-num-in-table="24" xml:id="C22.S6.T1.t1.s24">
<Math mode="inline" xml:id="C22.S6.T1.t1.r6.m6">-i\operatorname{ns}\left(z,k^{\prime}\right)</Math>
</sentence>
 
 
</subsection>
 
<subsection xml:id="C22.S6.SS5">
<title>Change of Modulus</title>         
<para xml:id="C22.S6.SS5.p1">

<sentence sentence-num-in-para="1" sentence-num-in-section="34" xml:id="C22.S6.SS5.p1.s1">
See §22.17.
</sentence>

</para>
  
</subsection>
 
</section>
