<?xml version="1.0" encoding="UTF-8"?>
<section xml:id="C22.S7">
<title>Landen Transformations</title>        
 
<subsection xml:id="C22.S7.SS1">
<title>Descending Landen Transformation</title>        
   
<para xml:id="C22.S7.SS1.p1">

<sentence sentence-num-in-para="1" sentence-num-in-section="1" xml:id="C22.S7.SS1.p1.s1">
With <Math equation-number="22.7.1" mode="display" xml:id="C22.S7.E1">k_{1}=\frac{1-k^{\prime}}{1+k^{\prime}},</Math> <Math equation-number="22.7.2" mode="display" xml:id="C22.S7.E2">\operatorname{sn}\left(z,k\right)=\frac{(1+k_{1})\operatorname{sn}\left(z/(1+k _{1}),k_{1}\right)}{1+k_{1}{\operatorname{sn}^{2}}\left(z/(1+k_{1}),k_{1} \right)},</Math> <Math equation-number="22.7.3" mode="display" xml:id="C22.S7.E3">\operatorname{cn}\left(z,k\right)=\frac{\operatorname{cn}\left(z/(1+k_{1}),k_{ 1}\right)\operatorname{dn}\left(z/(1+k_{1}),k_{1}\right)}{1+k_{1}{ \operatorname{sn}^{2}}\left(z/(1+k_{1}),k_{1}\right)},</Math> <Math equation-number="22.7.4" mode="display" xml:id="C22.S7.E4">\operatorname{dn}\left(z,k\right)=\frac{{\operatorname{dn}^{2}}\left(z/(1+k_{1 }),k_{1}\right)-(1-k_{1})}{1+k_{1}-{\operatorname{dn}^{2}}\left(z/(1+k_{1}),k_ {1}\right)}</Math>.
</sentence>

</para>
 
</subsection>
 
<subsection xml:id="C22.S7.SS2">
<title>Ascending Landen Transformation</title>        
   
<para xml:id="C22.S7.SS2.p1">

<sentence sentence-num-in-para="1" sentence-num-in-section="2" xml:id="C22.S7.SS2.p1.s1">
With <Math equation-number="22.7.5" mode="display" xml:id="C22.S7.E5">k_{2}=\frac{2\sqrt{k}}{1+k},k^{\prime}_{2}=\frac{1-k}{1+k},</Math> <Math equation-number="22.7.6" mode="display" xml:id="C22.S7.E6">\operatorname{sn}\left(z,k\right)=\frac{(1+k^{\prime}_{2})\operatorname{sn} \left(z/(1+k^{\prime}_{2}),k_{2}\right)\operatorname{cn}\left(z/(1+k^{\prime}_ {2}),k_{2}\right)}{\operatorname{dn}\left(z/(1+k^{\prime}_{2}),k_{2}\right)},</Math> <Math equation-number="22.7.7" mode="display" xml:id="C22.S7.E7">\operatorname{cn}\left(z,k\right)=\frac{(1+k^{\prime}_{2})({\operatorname{dn}^ {2}}\left(z/(1+k^{\prime}_{2}),k_{2}\right)-k^{\prime}_{2})}{k_{2}^{2} \operatorname{dn}\left(z/(1+k^{\prime}_{2}),k_{2}\right)},</Math> <Math equation-number="22.7.8" mode="display" xml:id="C22.S7.E8">\operatorname{dn}\left(z,k\right)=\frac{(1-k^{\prime}_{2})({\operatorname{dn}^ {2}}\left(z/(1+k^{\prime}_{2}),k_{2}\right)+k^{\prime}_{2})}{k_{2}^{2} \operatorname{dn}\left(z/(1+k^{\prime}_{2}),k_{2}\right)}</Math>.
</sentence>

</para>
 
</subsection>
 
<subsection xml:id="C22.S7.SS3">
<title>Generalized Landen Transformations</title>        
  
<para xml:id="C22.S7.SS3.p1">

<sentence sentence-num-in-para="1" sentence-num-in-section="3" xml:id="C22.S7.SS3.p1.s1">
See Khare and Sukhatme (2004).
</sentence>

</para>
 
</subsection>
 
</section>
