<?xml version="1.0" encoding="UTF-8"?>
<section xml:id="C22.S8">
<title>Addition Theorems</title>        
  
<subsection xml:id="C22.S8.SS1">
<title>Sum of Two Arguments</title>        
 
<para xml:id="C22.S8.SS1.p1">

<sentence sentence-num-in-para="1" sentence-num-in-section="1" xml:id="C22.S8.SS1.p1.s1">
For <Math mode="inline" xml:id="C22.S8.SS1.p1.m1">u,v\in\mathbb{C}</Math> , and with the common modulus <Math mode="inline" xml:id="C22.S8.SS1.p1.m2">k</Math> suppressed: <Math equation-number="22.8.1" mode="display" xml:id="C22.S8.E1">\operatorname{sn}(u+v)=\frac{\operatorname{sn}u\operatorname{cn}v\operatorname {dn}v+\operatorname{sn}v\operatorname{cn}u\operatorname{dn}u}{1-k^{2}{ \operatorname{sn}^{2}}u{\operatorname{sn}^{2}}v},</Math> , <Math equation-number="22.8.2" mode="display" xml:id="C22.S8.E2">\operatorname{cn}(u+v)=\frac{\operatorname{cn}u\operatorname{cn}v- \operatorname{sn}u\operatorname{dn}u\operatorname{sn}v\operatorname{dn}v}{1-k^ {2}{\operatorname{sn}^{2}}u{\operatorname{sn}^{2}}v},</Math> , <Math equation-number="22.8.3" mode="display" xml:id="C22.S8.E3">\operatorname{dn}(u+v)=\frac{\operatorname{dn}u\operatorname{dn}v-k^{2} \operatorname{sn}u\operatorname{cn}u\operatorname{sn}v\operatorname{cn}v}{1-k^ {2}{\operatorname{sn}^{2}}u{\operatorname{sn}^{2}}v}</Math>.
</sentence>

</para>
 
<para xml:id="C22.S8.SS1.p2">

</para>

 
<para xml:id="C22.S8.SS1.p3">

<sentence sentence-num-in-para="1" sentence-num-in-section="2" xml:id="C22.S8.SS1.p3.s1">
 <Math equation-number="22.8.4" mode="display" xml:id="C22.S8.E4">\operatorname{cd}(u+v)=\frac{\operatorname{cd}u\operatorname{cd}v-{k^{\prime}} ^{2}\operatorname{sd}u\operatorname{nd}u\operatorname{sd}v\operatorname{nd}v}{ 1+k^{2}{k^{\prime}}^{2}{\operatorname{sd}^{2}}u{\operatorname{sd}^{2}}v},</Math> <Math equation-number="22.8.5" mode="display" xml:id="C22.S8.E5">\operatorname{sd}(u+v)=\frac{\operatorname{sd}u\operatorname{cd}v\operatorname {nd}v+\operatorname{sd}v\operatorname{cd}u\operatorname{nd}u}{1+k^{2}{k^{ \prime}}^{2}{\operatorname{sd}^{2}}u{\operatorname{sd}^{2}}v},</Math> , <Math equation-number="22.8.6" mode="display" xml:id="C22.S8.E6">\operatorname{nd}(u+v)=\frac{\operatorname{nd}u\operatorname{nd}v+k^{2} \operatorname{sd}u\operatorname{cd}u\operatorname{sd}v\operatorname{cd}v}{1+k^ {2}{k^{\prime}}^{2}{\operatorname{sd}^{2}}u{\operatorname{sd}^{2}}v},</Math> , <Math equation-number="22.8.7" mode="display" xml:id="C22.S8.E7">\operatorname{dc}(u+v)=\frac{\operatorname{dc}u\operatorname{dc}v+{k^{\prime}} ^{2}\operatorname{sc}u\operatorname{nc}u\operatorname{sc}v\operatorname{nc}v}{ 1-{k^{\prime}}^{2}{\operatorname{sc}^{2}}u{\operatorname{sc}^{2}}v},</Math> , <Math equation-number="22.8.8" mode="display" xml:id="C22.S8.E8">\operatorname{nc}(u+v)=\frac{\operatorname{nc}u\operatorname{nc}v+ \operatorname{sc}u\operatorname{dc}u\operatorname{sc}v\operatorname{dc}v}{1-{k ^{\prime}}^{2}{\operatorname{sc}^{2}}u{\operatorname{sc}^{2}}v},</Math> , <Math equation-number="22.8.9" mode="display" xml:id="C22.S8.E9">\operatorname{sc}(u+v)=\frac{\operatorname{sc}u\operatorname{dc}v\operatorname {nc}v+\operatorname{sc}v\operatorname{dc}u\operatorname{nc}u}{1-{k^{\prime}}^{ 2}{\operatorname{sc}^{2}}u{\operatorname{sc}^{2}}v},</Math> , <Math equation-number="22.8.10" mode="display" xml:id="C22.S8.E10">\operatorname{ns}(u+v)=\frac{\operatorname{ns}u\operatorname{ds}v\operatorname {cs}v-\operatorname{ns}v\operatorname{ds}u\operatorname{cs}u}{{\operatorname{ cs}^{2}}v-{\operatorname{cs}^{2}}u},</Math> , <Math equation-number="22.8.11" mode="display" xml:id="C22.S8.E11">\operatorname{ds}(u+v)=\frac{\operatorname{ds}u\operatorname{cs}v\operatorname {ns}v-\operatorname{ds}v\operatorname{cs}u\operatorname{ns}u}{{\operatorname{ cs}^{2}}v-{\operatorname{cs}^{2}}u},</Math> , <Math equation-number="22.8.12" mode="display" xml:id="C22.S8.E12">\operatorname{cs}(u+v)=\frac{\operatorname{cs}u\operatorname{ds}v\operatorname {ns}v-\operatorname{cs}v\operatorname{ds}u\operatorname{ns}u}{{\operatorname{ cs}^{2}}v-{\operatorname{cs}^{2}}u}</Math>.
</sentence>

</para>
 
<para xml:id="C22.S8.SS1.p4">

<sentence sentence-num-in-para="1" sentence-num-in-section="3" xml:id="C22.S8.SS1.p4.s1">
See also Carlson (2004).
</sentence>

</para>
 
</subsection>
 
<subsection xml:id="C22.S8.SS2">
<title>Alternative Forms for Sum of Two Arguments</title>        
 
<para xml:id="C22.S8.SS2.p1">

<sentence sentence-num-in-para="1" sentence-num-in-section="4" xml:id="C22.S8.SS2.p1.s1">
For <Math mode="inline" xml:id="C22.S8.SS2.p1.m1">u,v\in\mathbb{C}</Math> , and with the common modulus <Math mode="inline" xml:id="C22.S8.SS2.p1.m2">k</Math> suppressed: <Math equation-number="22.8.13" mode="display" xml:id="C22.S8.E13">\operatorname{sn}(u+v)=\frac{{\operatorname{sn}^{2}}u-{\operatorname{sn}^{2}}v }{\operatorname{sn}u\operatorname{cn}v\operatorname{dn}v-\operatorname{sn}v \operatorname{cn}u\operatorname{dn}u},</Math> , <Math equation-number="22.8.14" mode="display" xml:id="C22.S8.E14">\operatorname{sn}(u+v)=\frac{\operatorname{sn}u\operatorname{cn}u\operatorname {dn}v+\operatorname{sn}v\operatorname{cn}v\operatorname{dn}u}{\operatorname{cn }u\operatorname{cn}v+\operatorname{sn}u\operatorname{dn}u\operatorname{sn}v \operatorname{dn}v},</Math> , <Math equation-number="22.8.15" mode="display" xml:id="C22.S8.E15">\operatorname{cn}(u+v)=\frac{\operatorname{sn}u\operatorname{cn}u\operatorname {dn}v-\operatorname{sn}v\operatorname{cn}v\operatorname{dn}u}{\operatorname{sn }u\operatorname{cn}v\operatorname{dn}v-\operatorname{sn}v\operatorname{cn}u \operatorname{dn}u},</Math> <Math equation-number="22.8.16" mode="display" xml:id="C22.S8.E16">\operatorname{cn}(u+v)=\frac{1-{\operatorname{sn}^{2}}u-{\operatorname{sn}^{2} }v+k^{2}{\operatorname{sn}^{2}}u{\operatorname{sn}^{2}}v}{\operatorname{cn}u \operatorname{cn}v+\operatorname{sn}u\operatorname{dn}u\operatorname{sn}v \operatorname{dn}v},</Math> , <Math equation-number="22.8.17" mode="display" xml:id="C22.S8.E17">\operatorname{dn}(u+v)=\frac{\operatorname{sn}u\operatorname{cn}v\operatorname {dn}u-\operatorname{sn}v\operatorname{cn}u\operatorname{dn}v}{\operatorname{sn }u\operatorname{cn}v\operatorname{dn}v-\operatorname{sn}v\operatorname{cn}u \operatorname{dn}u},</Math> , <Math equation-number="22.8.18" mode="display" xml:id="C22.S8.E18">\operatorname{dn}(u+v)=\frac{\operatorname{cn}u\operatorname{dn}u\operatorname {cn}v\operatorname{dn}v+{k^{\prime}}^{2}\operatorname{sn}u\operatorname{sn}v}{ \operatorname{cn}u\operatorname{cn}v+\operatorname{sn}u\operatorname{dn}u \operatorname{sn}v\operatorname{dn}v}</Math>.
</sentence>

</para>
 
<para xml:id="C22.S8.SS2.p2">

<sentence sentence-num-in-para="1" sentence-num-in-section="5" xml:id="C22.S8.SS2.p2.s1">
See also Carlson (2004).
</sentence>

</para>
 
</subsection>
 
<subsection xml:id="C22.S8.SS3">
<title>Special Relations Between Arguments</title>          
<para xml:id="C22.S8.SS3.p1">

<sentence sentence-num-in-para="1" sentence-num-in-section="6" xml:id="C22.S8.SS3.p1.s1">
In the following equations the common modulus <Math mode="inline" xml:id="C22.S8.SS3.p1.m1">k</Math> is again suppressed.
</sentence>

</para>
 
<para xml:id="C22.S8.SS3.p2">

<sentence sentence-num-in-para="1" sentence-num-in-section="7" xml:id="C22.S8.SS3.p2.s1">
Let <Math equation-number="22.8.19" mode="display" xml:id="C22.S8.E19">z_{1}+z_{2}+z_{3}+z_{4}=0.</Math>
</sentence>

<sentence sentence-num-in-para="2" sentence-num-in-section="8" xml:id="C22.S8.SS3.p2.s2">
Then <Math equation-number="22.8.20" mode="display" xml:id="C22.S8.E20">\begin{vmatrix}\operatorname{sn}z_{1}&amp;\operatorname{cn}z_{1}&amp;\operatorname{dn} z_{1}&amp;1\\ \operatorname{sn}z_{2}&amp;\operatorname{cn}z_{2}&amp;\operatorname{dn}z_{2}&amp;1\\ \operatorname{sn}z_{3}&amp;\operatorname{cn}z_{3}&amp;\operatorname{dn}z_{3}&amp;1\\ \operatorname{sn}z_{4}&amp;\operatorname{cn}z_{4}&amp;\operatorname{dn}z_{4}&amp;1\end{ vmatrix}=0,</Math> and <Math equation-number="22.8.21" mode="display" xml:id="C22.S8.E21">{k^{\prime}}^{2}-{k^{\prime}}^{2}k^{2}\operatorname{sn}z_{1}\operatorname{sn}z _{2}\operatorname{sn}z_{3}\operatorname{sn}z_{4}+k^{2}\operatorname{cn}z_{1} \operatorname{cn}z_{2}\operatorname{cn}z_{3}\operatorname{cn}z_{4}- \operatorname{dn}z_{1}\operatorname{dn}z_{2}\operatorname{dn}z_{3} \operatorname{dn}z_{4}=0</Math>.
</sentence>

</para>
 
<para xml:id="C22.S8.SS3.p3">

<sentence sentence-num-in-para="1" sentence-num-in-section="9" xml:id="C22.S8.SS3.p3.s1">
A geometric interpretation of (22.8.20) analogous to that of (23.10.5) is given in Whittaker and Watson (1927, p. 530).
</sentence>

</para>
 
<para xml:id="C22.S8.SS3.p4">

<sentence sentence-num-in-para="1" sentence-num-in-section="10" xml:id="C22.S8.SS3.p4.s1">
Next, let <Math equation-number="22.8.22" mode="display" xml:id="C22.S8.E22">z_{1}+z_{2}+z_{3}+z_{4}=2\!K\left(k\right)</Math>.
</sentence>

<sentence sentence-num-in-para="2" sentence-num-in-section="11" xml:id="C22.S8.SS3.p4.s2">
Then <Math equation-number="22.8.23" mode="display" xml:id="C22.S8.E23">\begin{vmatrix}\operatorname{sn}z_{1}\operatorname{cn}z_{1}&amp;\operatorname{cn}z _{1}\operatorname{dn}z_{1}&amp;\operatorname{cn}z_{1}&amp;\operatorname{dn}z_{1}\\ \operatorname{sn}z_{2}\operatorname{cn}z_{2}&amp;\operatorname{cn}z_{2} \operatorname{dn}z_{2}&amp;\operatorname{cn}z_{2}&amp;\operatorname{dn}z_{2}\\ \operatorname{sn}z_{3}\operatorname{cn}z_{3}&amp;\operatorname{cn}z_{3} \operatorname{dn}z_{3}&amp;\operatorname{cn}z_{3}&amp;\operatorname{dn}z_{3}\\ \operatorname{sn}z_{4}\operatorname{cn}z_{4}&amp;\operatorname{cn}z_{4} \operatorname{dn}z_{4}&amp;\operatorname{cn}z_{4}&amp;\operatorname{dn}z_{4}\end{ vmatrix}=0</Math>.
</sentence>

<sentence sentence-num-in-para="3" sentence-num-in-section="12" xml:id="C22.S8.SS3.p4.s3">
For these and related identities see Copson (1935, pp. 415–416).
</sentence>

</para>
 
<para xml:id="C22.S8.SS3.p5">

<sentence sentence-num-in-para="1" sentence-num-in-section="13" xml:id="C22.S8.SS3.p5.s1">
If sums/differences of the <Math mode="inline" xml:id="C22.S8.SS3.p5.m1">z_{j}</Math> ’s are rational multiples of <Math mode="inline" xml:id="C22.S8.SS3.p5.m2">K\left(k\right)</Math> , then further relations follow.
</sentence>

<sentence sentence-num-in-para="2" sentence-num-in-section="14" xml:id="C22.S8.SS3.p5.s2">
For instance, if <Math equation-number="22.8.24" mode="display" xml:id="C22.S8.E24">z_{1}-z_{2}=z_{2}-z_{3}=\tfrac{2}{3}\!K\left(k\right),</Math> then <Math equation-number="22.8.25" mode="display" xml:id="C22.S8.E25">\frac{(\operatorname{dn}z_{2}+\operatorname{dn}z_{3})(\operatorname{dn}z_{3}+ \operatorname{dn}z_{1})(\operatorname{dn}z_{1}+\operatorname{dn}z_{2})}{ \operatorname{dn}z_{1}+\operatorname{dn}z_{2}+\operatorname{dn}z_{3}}</Math> is independent of <Math mode="inline" xml:id="C22.S8.SS3.p5.m3">z_{1}</Math> , <Math mode="inline" xml:id="C22.S8.SS3.p5.m4">z_{2}</Math> , <Math mode="inline" xml:id="C22.S8.SS3.p5.m5">z_{3}</Math>.
</sentence>

<sentence sentence-num-in-para="3" sentence-num-in-section="15" xml:id="C22.S8.SS3.p5.s3">
Similarly, if <Math equation-number="22.8.26" mode="display" xml:id="C22.S8.E26">z_{1}-z_{2}=z_{2}-z_{3}=z_{3}-z_{4}=\tfrac{1}{2}\!K\left(k\right),</Math> then <Math equation-number="22.8.27" mode="display" xml:id="C22.S8.E27">\operatorname{dn}z_{1}\operatorname{dn}z_{3}=\operatorname{dn}z_{2} \operatorname{dn}z_{4}=k^{\prime}</Math>.
</sentence>

<sentence sentence-num-in-para="4" sentence-num-in-section="16" xml:id="C22.S8.SS3.p5.s4">
Greenhill (1959, pp. 121–130) reviews these results in terms of the geometric poristic polygon constructions of Poncelet.
</sentence>

<sentence sentence-num-in-para="5" sentence-num-in-section="17" xml:id="C22.S8.SS3.p5.s5">
Generalizations are given in §22.9.
</sentence>

</para>
 
</subsection>
 
</section>
