<?xml version="1.0" encoding="UTF-8"?>
<sidebar xml:id="C22.SB1">
<title>Decay of a Soliton in a Bose–Einstein Condensate</title>       
    
<para xml:id="C22.SB1.p1">

<sentence sentence-num-in-para="1" sentence-num-in-section="1" xml:id="C22.SB1.p1.s1">
Jacobian elliptic functions arise as solutions to certain nonlinear Schrodinger equations, which model many types of wave propagation phenomena.
</sentence>

<sentence sentence-num-in-para="2" sentence-num-in-section="2" xml:id="C22.SB1.p1.s2">
Among these are the formation of vortex rings in Bose Einstein condensates.
</sentence>

<sentence sentence-num-in-para="3" sentence-num-in-section="3" xml:id="C22.SB1.p1.s3">
This image presents the results of a computer simulation of this phenomena carried out at NIST.
</sentence>

<sentence sentence-num-in-para="4" sentence-num-in-section="4" xml:id="C22.SB1.p1.s4">
For details see the NIST news itemDecay of a dark soliton into vortex rings in a Bose–Einstein condensate.
</sentence>

</para>
 
<para xml:id="C22.SB1.p2">

<sentence sentence-num-in-para="1" sentence-num-in-section="5" xml:id="C22.SB1.p2.s1">
For technical details of the physical phenomena, see B.P. Anderson, P.C. Haljan, C.A. Regal, D.L. Feder, L.A. Collins, C.W. Clark, and E.A. Cornell,Watching Dark Solitons Decay into Vortex Rings in a Bose–Einstein Condensate,Phys. Rev. Lett.
</sentence>

</para>
 
</sidebar>
