<?xml version="1.0" encoding="UTF-8"?>
<section xml:id="C20.S12">
<title>Mathematical Applications</title>          
<subsection xml:id="C20.S12.SS1">
<title>Number Theory</title>          
<para xml:id="C20.S12.SS1.p1">

<sentence sentence-num-in-para="1" sentence-num-in-section="1" xml:id="C20.S12.SS1.p1.s1">
For applications of <Math mode="inline" xml:id="C20.S12.SS1.p1.m1">\theta_{3}\left(0,q\right)</Math> to problems involving sums ofsquares of integers see §27.13(iv), and for extensions seeEstermann (1959), Serre (1973, pp. 106–109),Koblitz (1993, pp. 176–177), andMcKean and Moll (1999, pp. 142–143).
</sentence>

</para>
 
<para xml:id="C20.S12.SS1.p2">

<sentence sentence-num-in-para="1" sentence-num-in-section="2" xml:id="C20.S12.SS1.p2.s1">
For applications of Jacobi’s triple product (20.5.9) to Ramanujan’s <Math mode="inline" xml:id="C20.S12.SS1.p2.m1">\tau\left(n\right)</Math> function and Euler’s pentagonal numbers seeHardy and Wright (1979, pp. 132–160) and McKean and Moll (1999, pp. 143–145).
</sentence>

<sentence sentence-num-in-para="2" sentence-num-in-section="3" xml:id="C20.S12.SS1.p2.s2">
For an application of a generalization in affine root systems seeMacdonald (1972).
</sentence>

</para>
 
</subsection>
 
<subsection xml:id="C20.S12.SS2">
<title>Uniformization and Embedding of Complex Tori</title>          
<para xml:id="C20.S12.SS2.p1">

<sentence sentence-num-in-para="1" sentence-num-in-section="4" xml:id="C20.S12.SS2.p1.s1">
For the terminology and notation see McKean and Moll (1999, pp. 48–53).
</sentence>

</para>
  
<para xml:id="C20.S12.SS2.p2">

<sentence sentence-num-in-para="1" sentence-num-in-section="5" xml:id="C20.S12.SS2.p2.s1">
The space of complex tori <Math mode="inline" xml:id="C20.S12.SS2.p2.m1">\mathbb{C}/(\mathbb{Z}+\tau\mathbb{Z})</Math> (that is, the set of complex numbers <Math mode="inline" xml:id="C20.S12.SS2.p2.m2">z</Math> in which two of these numbers <Math mode="inline" xml:id="C20.S12.SS2.p2.m3">z_{1}</Math> and <Math mode="inline" xml:id="C20.S12.SS2.p2.m4">z_{2}</Math> are regarded as equivalent if there exist integers <Math mode="inline" xml:id="C20.S12.SS2.p2.m5">m,n</Math> such that <Math mode="inline" xml:id="C20.S12.SS2.p2.m6">z_{1}-z_{2}=m+\tau n</Math> ) is mapped into the projective space <Math mode="inline" xml:id="C20.S12.SS2.p2.m7">P^{3}</Math> via the identification <Math mode="inline" xml:id="C20.S12.SS2.p2.m8">z\to(\theta_{1}\left(2z\middle|\tau\right),\theta_{2}\left(2z\middle|\tau \right),\theta_{3}\left(2z\middle|\tau\right),\theta_{4}\left(2z\middle|\tau \right))</Math>.
</sentence>

<sentence sentence-num-in-para="2" sentence-num-in-section="6" xml:id="C20.S12.SS2.p2.s2">
Thus theta functions “uniformize” the complex torus.
</sentence>

<sentence sentence-num-in-para="3" sentence-num-in-section="7" xml:id="C20.S12.SS2.p2.s3">
This ability to uniformize multiply-connected spaces (manifolds), or multi-sheeted functions of a complex variable (Riemann (1899),Rauch and Lebowitz (1973), Siegel (1988)) has led to applications in string theory (Green et al. (1988a, b),Krichever and Novikov (1989)), and also in statistical mechanics (Baxter (1982)).
</sentence>

</para>
 
</subsection>
 
</section>
