<?xml version="1.0" encoding="UTF-8"?>
<section xml:id="C20.S15">
<title>Tables</title>         
 
<para xml:id="C20.S15.p1">

<sentence sentence-num-in-para="1" sentence-num-in-section="1" xml:id="C20.S15.p1.s1">
Theta functions are tabulated in Jahnke and Emde (1945, p. 45).
</sentence>

<sentence sentence-num-in-para="2" sentence-num-in-section="2" xml:id="C20.S15.p1.s2">
This reference gives <Math mode="inline" xml:id="C20.S15.p1.m1">\theta_{j}\left(x,q\right)</Math> , <Math mode="inline" xml:id="C20.S15.p1.m2">j=1,2,3,4</Math> , and their logarithmic <Math mode="inline" xml:id="C20.S15.p1.m3">x</Math> -derivatives to 4D for <Math mode="inline" xml:id="C20.S15.p1.m4">x/\pi=0(.1)</Math> 1, <Math mode="inline" xml:id="C20.S15.p1.m5">\alpha=0(9^{\circ})90^{\circ}</Math> , where <Math mode="inline" xml:id="C20.S15.p1.m6">\alpha</Math> is the modular angle given by <Math equation-number="20.15.1" mode="display" xml:id="C20.S15.E1">\sin\alpha={\theta_{2}^{2}}\left(0,q\right)/{\theta_{3}^{2}}\left(0,q\right)=k</Math>.
</sentence>

</para>

 
<para xml:id="C20.S15.p2">

<sentence sentence-num-in-para="1" sentence-num-in-section="3" xml:id="C20.S15.p2.s1">
Spenceley and Spenceley (1947) tabulates <Math mode="inline" xml:id="C20.S15.p2.m1">\theta_{1}\left(x,q\right)/\theta_{2}\left(0,q\right)</Math> , <Math mode="inline" xml:id="C20.S15.p2.m2">\theta_{2}\left(x,q\right)/\theta_{2}\left(0,q\right)</Math> , <Math mode="inline" xml:id="C20.S15.p2.m3">\theta_{3}\left(x,q\right)/\theta_{4}\left(0,q\right)</Math> , <Math mode="inline" xml:id="C20.S15.p2.m4">\theta_{4}\left(x,q\right)/\theta_{4}\left(0,q\right)</Math> to 12D for <Math mode="inline" xml:id="C20.S15.p2.m5">u=0(1^{\circ})90^{\circ}</Math> , <Math mode="inline" xml:id="C20.S15.p2.m6">\alpha=0(1^{\circ})89^{\circ}</Math> , where <Math mode="inline" xml:id="C20.S15.p2.m7">u=2x/(\pi{\theta_{3}^{2}}\left(0,q\right))</Math> and <Math mode="inline" xml:id="C20.S15.p2.m8">\alpha</Math> is defined by (20.15.1), together with the corresponding values of <Math mode="inline" xml:id="C20.S15.p2.m9">\theta_{2}\left(0,q\right)</Math> and <Math mode="inline" xml:id="C20.S15.p2.m10">\theta_{4}\left(0,q\right)</Math>.
</sentence>

</para>
 
<para xml:id="C20.S15.p3">

<sentence sentence-num-in-para="1" sentence-num-in-section="4" xml:id="C20.S15.p3.s1">
Lawden (1989, pp. 270–279) tabulates <Math mode="inline" xml:id="C20.S15.p3.m1">\theta_{j}\left(x,q\right)</Math> , <Math mode="inline" xml:id="C20.S15.p3.m2">j=1,2,3,4</Math> , to 5D for <Math mode="inline" xml:id="C20.S15.p3.m3">x=0(1^{\circ})90^{\circ}</Math> , <Math mode="inline" xml:id="C20.S15.p3.m4">q=0.1(.1)0.</Math>
</sentence>

<sentence sentence-num-in-para="2" sentence-num-in-section="5" xml:id="C20.S15.p3.s2">
9, and also <Math mode="inline" xml:id="C20.S15.p3.m5">q</Math> to 5D for <Math mode="inline" xml:id="C20.S15.p3.m6">k^{2}=0(.01)</Math> 1.
</sentence>

</para>
 
<para xml:id="C20.S15.p4">

<sentence sentence-num-in-para="1" sentence-num-in-section="6" xml:id="C20.S15.p4.s1">
Tables of Neville’s theta functions <Math mode="inline" xml:id="C20.S15.p4.m1">\theta_{s}\left(x,q\right)</Math> , <Math mode="inline" xml:id="C20.S15.p4.m2">\theta_{c}\left(x,q\right)</Math> , <Math mode="inline" xml:id="C20.S15.p4.m3">\theta_{d}\left(x,q\right)</Math> , <Math mode="inline" xml:id="C20.S15.p4.m4">\theta_{n}\left(x,q\right)</Math> (see §20.1) and their logarithmic <Math mode="inline" xml:id="C20.S15.p4.m5">x</Math> -derivatives are given inAbramowitz and Stegun (1964, pp. 582–585) to 9D for <Math mode="inline" xml:id="C20.S15.p4.m6">\varepsilon,\alpha=0(5^{\circ})90^{\circ}</Math> , where (in radian measure) <Math mode="inline" xml:id="C20.S15.p4.m7">\varepsilon=x/{\theta_{3}^{2}}\left(0,q\right)=\pi x/(2\!K\left(k\right))</Math> , and <Math mode="inline" xml:id="C20.S15.p4.m8">\alpha</Math> is defined by (20.15.1).
</sentence>

</para>
 
<para xml:id="C20.S15.p5">

<sentence sentence-num-in-para="1" sentence-num-in-section="7" xml:id="C20.S15.p5.s1">
For other tables prior to 1961 see Fletcher et al. (1962, pp. 508–514) andLebedev and Fedorova (1960, pp. 227–230).
</sentence>

</para>
 
</section>
