<?xml version="1.0" encoding="UTF-8"?>
<section xml:id="C20.S10">
<title>Integrals</title>        
  
<subsection xml:id="C20.S10.SS1">
<title>Mellin Transforms with respect to the Lattice Parameter</title>          
<para xml:id="C20.S10.SS1.p1">

<sentence sentence-num-in-para="1" sentence-num-in-section="1" xml:id="C20.S10.SS1.p1.s1">
Let <Math mode="inline" xml:id="C20.S10.SS1.p1.m1">s</Math> be a constant such that <Math mode="inline" xml:id="C20.S10.SS1.p1.m2">\Re s&gt;2</Math>.
</sentence>

<sentence sentence-num-in-para="2" sentence-num-in-section="2" xml:id="C20.S10.SS1.p1.s2">
Then <Math equation-number="20.10.1" mode="display" xml:id="C20.S10.E1">\int_{0}^{\infty}x^{s-1}\theta_{2}\left(0\middle|ix^{2}\right)\mathrm{d}x=2^{s }(1-2^{-s})\pi^{-s/2}\Gamma\left(\tfrac{1}{2}s\right)\zeta\left(s\right),</Math> <Math equation-number="20.10.2" mode="display" xml:id="C20.S10.E2">\int_{0}^{\infty}x^{s-1}(\theta_{3}\left(0\middle|ix^{2}\right)-1)\mathrm{d}x= \pi^{-s/2}\Gamma\left(\tfrac{1}{2}s\right)\zeta\left(s\right),</Math> <Math equation-number="20.10.3" mode="display" xml:id="C20.S10.E3">\int_{0}^{\infty}x^{s-1}(1-\theta_{4}\left(0\middle|ix^{2}\right))\mathrm{d}x= (1-2^{1-s})\pi^{-s/2}\Gamma\left(\tfrac{1}{2}s\right)\zeta\left(s\right)</Math>.
</sentence>

<sentence sentence-num-in-para="3" sentence-num-in-section="3" xml:id="C20.S10.SS1.p1.s3">
Here <Math mode="inline" xml:id="C20.S10.SS1.p1.m3">\zeta\left(s\right)</Math> again denotes the Riemann zeta function (§25.2).
</sentence>

</para>
 
<para xml:id="C20.S10.SS1.p2">

<sentence sentence-num-in-para="1" sentence-num-in-section="4" xml:id="C20.S10.SS1.p2.s1">
For further results see Oberhettinger (1974, pp. 157–159).
</sentence>

</para>
 
</subsection>
 
<subsection xml:id="C20.S10.SS2">
<title>Laplace Transforms with respect to the Lattice Parameter</title>          
<para xml:id="C20.S10.SS2.p1">

<sentence sentence-num-in-para="1" sentence-num-in-section="5" xml:id="C20.S10.SS2.p1.s1">
Let <Math mode="inline" xml:id="C20.S10.SS2.p1.m1">s</Math> , <Math mode="inline" xml:id="C20.S10.SS2.p1.m2">\ell</Math> , and <Math mode="inline" xml:id="C20.S10.SS2.p1.m3">\beta</Math> be constants such that <Math mode="inline" xml:id="C20.S10.SS2.p1.m4">\Re s&gt;0</Math> , <Math mode="inline" xml:id="C20.S10.SS2.p1.m5">\ell&gt;0</Math> , and <Math mode="inline" xml:id="C20.S10.SS2.p1.m6">\sinh\left|\beta\right|\leq\ell</Math>.
</sentence>

<sentence sentence-num-in-para="2" sentence-num-in-section="6" xml:id="C20.S10.SS2.p1.s2">
Then <Math equation-number="20.10.4" mode="display" xml:id="C20.S10.E4">\int_{0}^{\infty}e^{-st}\theta_{1}\left(\frac{\beta\pi}{2\ell}\middle|\frac{i \pi t}{\ell^{2}}\right)\mathrm{d}t=\int_{0}^{\infty}e^{-st}\theta_{2}\left( \frac{(1+\beta)\pi}{2\ell}\middle|\frac{i\pi t}{\ell^{2}}\right)\mathrm{d}t=- \frac{\ell}{\sqrt{s}}\sinh\left(\beta\sqrt{s}\right)\operatorname{sech}\left( \ell\sqrt{s}\right),</Math> <Math equation-number="20.10.5" mode="display" xml:id="C20.S10.E5">\int_{0}^{\infty}e^{-st}\theta_{3}\left(\frac{(1+\beta)\pi}{2\ell}\middle| \frac{i\pi t}{\ell^{2}}\right)\mathrm{d}t=\int_{0}^{\infty}e^{-st}\theta_{4} \left(\frac{\beta\pi}{2\ell}\middle|\frac{i\pi t}{\ell^{2}}\right)\mathrm{d}t= \frac{\ell}{\sqrt{s}}\cosh\left(\beta\sqrt{s}\right)\operatorname{csch}\left( \ell\sqrt{s}\right)</Math>.
</sentence>

</para>
 
<para xml:id="C20.S10.SS2.p2">

<sentence sentence-num-in-para="1" sentence-num-in-section="7" xml:id="C20.S10.SS2.p2.s1">
For corresponding results for argument derivatives of the theta functions seeErdélyi et al. (1954a, pp. 224–225) orOberhettinger and Badii (1973, p. 193).
</sentence>

</para>
 
</subsection>
 
<subsection xml:id="C20.S10.SS3">
<title>Compendia</title>         
<para xml:id="C20.S10.SS3.p1">

<sentence sentence-num-in-para="1" sentence-num-in-section="8" xml:id="C20.S10.SS3.p1.s1">
For further integrals of theta functions seeErdélyi et al. (1954a, pp. 61–62 and 339),Prudnikov et al. (1990, pp. 356–358),Prudnikov et al. (1992a, §3.41), andGradshteyn and Ryzhik (2000, pp. 627–628).
</sentence>

</para>
 
</subsection>
 
</section>
