<?xml version="1.0" encoding="UTF-8"?>
<section xml:id="C20.S13">
<title>Physical Applications</title>        
  
<para xml:id="C20.S13.p1">

<sentence sentence-num-in-para="1" sentence-num-in-section="1" xml:id="C20.S13.p1.s1">
The functions <Math mode="inline" xml:id="C20.S13.p1.m1">\theta_{j}\left(z\middle|\tau\right)</Math> , <Math mode="inline" xml:id="C20.S13.p1.m2">j=1,2,3,4</Math> , provide periodicsolutions of the partial differential equation <Math equation-number="20.13.1" mode="display" xml:id="C20.S13.E1">\ifrac{\partial\theta(z|\tau)}{\partial\tau}=\kappa\ifrac{{\partial}^{2}\theta (z|\tau)}{{\partial z}^{2}},</Math> with <Math mode="inline" xml:id="C20.S13.p1.m3">\kappa=-i\pi/4</Math>.
</sentence>

</para>
  
<para xml:id="C20.S13.p2">

<sentence sentence-num-in-para="1" sentence-num-in-section="2" xml:id="C20.S13.p2.s1">
For <Math mode="inline" xml:id="C20.S13.p2.m1">\tau=it</Math> , with <Math mode="inline" xml:id="C20.S13.p2.m2">\alpha,t,z</Math> real, (20.13.1) takes the form of a real-time <Math mode="inline" xml:id="C20.S13.p2.m3">t</Math> diffusion equation <Math equation-number="20.13.2" mode="display" xml:id="C20.S13.E2">\ifrac{\partial\theta}{\partial t}=\alpha\ifrac{{\partial}^{2}\theta}{{ \partial z}^{2}},</Math> with diffusion constant <Math mode="inline" xml:id="C20.S13.p2.m4">\alpha=\pi/4</Math>.
</sentence>

<sentence sentence-num-in-para="2" sentence-num-in-section="3" xml:id="C20.S13.p2.s2">
Let <Math mode="inline" xml:id="C20.S13.p2.m5">z,\alpha,t\in\mathbb{R}</Math>.
</sentence>

<sentence sentence-num-in-para="3" sentence-num-in-section="4" xml:id="C20.S13.p2.s3">
Then the nonperiodic Gaussian <Math equation-number="20.13.3" mode="display" xml:id="C20.S13.E3">g(z,t)=\sqrt{\frac{\pi}{4\alpha t}}\exp\left(-\frac{z^{2}}{4\alpha t}\right)</Math> is also a solution of (20.13.2), and it approaches a Dirac delta (§1.17) at <Math mode="inline" xml:id="C20.S13.p2.m6">t=0</Math>.
</sentence>

<sentence sentence-num-in-para="4" sentence-num-in-section="5" xml:id="C20.S13.p2.s4">
These two apparently different solutions differ only in their normalization and boundary conditions.
</sentence>

<sentence sentence-num-in-para="5" sentence-num-in-section="6" xml:id="C20.S13.p2.s5">
From (20.2.3), (20.2.4), (20.7.32), and (20.7.33),
</sentence>

<sentence sentence-num-in-para="6" sentence-num-in-section="7" xml:id="C20.S13.p2.s6">
<Math equation-number="20.13.4" mode="display" xml:id="C20.S13.E4">\sqrt{\frac{\pi}{4\alpha t}}\sum\limits_{n=-\infty}^{\infty}e^{-(n\pi+z)^{2}/( 4\alpha t)}=\theta_{3}\left(z\middle|i4\alpha t/\pi\right),</Math> and <Math equation-number="20.13.5" mode="display" xml:id="C20.S13.E5">\sqrt{\frac{\pi}{4\alpha t}}\sum\limits_{n=-\infty}^{\infty}(-1)^{n}e^{-(n\pi+ z)^{2}/(4\alpha t)}=\theta_{4}\left(z\middle|i4\alpha t/\pi\right)</Math>.
</sentence>

<sentence sentence-num-in-para="7" sentence-num-in-section="8" xml:id="C20.S13.p2.s7">
Thus the classical theta functions are “periodized”, or “anti-periodized”, Gaussians; see Bellman (1961, pp. 18, 19).
</sentence>

<sentence sentence-num-in-para="8" sentence-num-in-section="9" xml:id="C20.S13.p2.s8">
Theta-function solutions to the heat diffusion equation with simple boundary conditions are discussed inLawden (1989, pp. 1–3), and with more general boundary conditions inKörner (1989, pp. 274–281).
</sentence>

</para>
 
<para xml:id="C20.S13.p3">

<sentence sentence-num-in-para="1" sentence-num-in-section="10" xml:id="C20.S13.p3.s1">
In the singular limit <Math mode="inline" xml:id="C20.S13.p3.m1">\Im\tau\rightarrow 0+</Math> , the functions <Math mode="inline" xml:id="C20.S13.p3.m2">\theta_{j}\left(z\middle|\tau\right)</Math> , <Math mode="inline" xml:id="C20.S13.p3.m4">j=1,2,3,4</Math> , become integral kernels of Feynman path integrals (distribution-valued Green’s functions); see Schulman (1981, pp. 194–195).
</sentence>

<sentence sentence-num-in-para="2" sentence-num-in-section="11" xml:id="C20.S13.p3.s2">
This allows analytic time propagation of quantum wave-packets in a box, or on a ring, as closed-form solutions of the time-dependent Schrödinger equation.
</sentence>

</para>
 
</section>
