<?xml version="1.0" encoding="UTF-8"?>
<section xml:id="C20.S1">
<title>Special Notation</title>         
<para xml:id="C20.S1.p1">

<sentence sentence-num-in-para="1" sentence-num-in-section="1" xml:id="C20.S1.p1.s1">
(For other notation see Notation for the Special Functions.)
</sentence>

</para>

 
<para xml:id="C20.S1.p2">

<sentence sentence-num-in-para="1" sentence-num-in-section="2" sentence-num-in-table="1" xml:id="C20.S1.p2.t1.s1">
<Math mode="inline" xml:id="C20.S1.p2.t1.r1.m1">m</Math>, <Math mode="inline" xml:id="C20.S1.p2.t1.r1.m2">n</Math>
</sentence>

<sentence sentence-num-in-para="2" sentence-num-in-section="3" sentence-num-in-table="2" xml:id="C20.S1.p2.t1.s2">
integers.
</sentence>

<sentence sentence-num-in-para="3" sentence-num-in-section="4" sentence-num-in-table="3" xml:id="C20.S1.p2.t1.s3">
    <Math mode="inline" xml:id="C20.S1.p2.t1.r2.m1">z</Math> <Math mode="inline" xml:id="C20.S1.p2.t1.r2.m2">(\in\mathbb{C})</Math>
</sentence>

<sentence sentence-num-in-para="4" sentence-num-in-section="5" sentence-num-in-table="4" xml:id="C20.S1.p2.t1.s4">
the argument.
</sentence>

<sentence sentence-num-in-para="5" sentence-num-in-section="6" sentence-num-in-table="5" xml:id="C20.S1.p2.t1.s5">
  <Math mode="inline" xml:id="C20.S1.p2.t1.r3.m1">\tau</Math> <Math mode="inline" xml:id="C20.S1.p2.t1.r3.m2">(\in\mathbb{C})</Math>
</sentence>

<sentence sentence-num-in-para="6" sentence-num-in-section="7" sentence-num-in-table="6" xml:id="C20.S1.p2.t1.s6">
the lattice parameter, <Math mode="inline" xml:id="C20.S1.p2.t1.r3.m3">\Im\tau&gt;0</Math>.
</sentence>

<sentence sentence-num-in-para="7" sentence-num-in-section="8" sentence-num-in-table="7" xml:id="C20.S1.p2.t1.s7">
  <Math mode="inline" xml:id="C20.S1.p2.t1.r4.m1">q</Math> <Math mode="inline" xml:id="C20.S1.p2.t1.r4.m2">(\in\mathbb{C})</Math>
</sentence>

<sentence sentence-num-in-para="8" sentence-num-in-section="9" sentence-num-in-table="8" xml:id="C20.S1.p2.t1.s8">
the nome,  <Math mode="inline" xml:id="C20.S1.p2.t1.r4.m3">q=e^{i\pi\tau}</Math>, <Math mode="inline" xml:id="C20.S1.p2.t1.r4.m4">0&lt;\left|q\right|&lt;1</Math>. Since <Math mode="inline" xml:id="C20.S1.p2.t1.r4.m5">\tau</Math> is not a single-valued function of <Math mode="inline" xml:id="C20.S1.p2.t1.r4.m6">q</Math>, it is assumed that <Math mode="inline" xml:id="C20.S1.p2.t1.r4.m7">\tau</Math> is known, even when <Math mode="inline" xml:id="C20.S1.p2.t1.r4.m8">q</Math> is specified. Most applications concern the rectangular case<Math mode="inline" xml:id="C20.S1.p2.t1.r4.m9">\Re\tau=0</Math>, <Math mode="inline" xml:id="C20.S1.p2.t1.r4.m10">\Im\tau&gt;0</Math>, so that <Math mode="inline" xml:id="C20.S1.p2.t1.r4.m11">0&lt;q&lt;1</Math> and<Math mode="inline" xml:id="C20.S1.p2.t1.r4.m12">\tau</Math> and <Math mode="inline" xml:id="C20.S1.p2.t1.r4.m13">q</Math> are uniquely related.
</sentence>

<sentence sentence-num-in-para="9" sentence-num-in-section="10" sentence-num-in-table="9" xml:id="C20.S1.p2.t1.s9">
<Math mode="inline" xml:id="C20.S1.p2.t1.r5.m1">q^{\alpha}</Math>
</sentence>

<sentence sentence-num-in-para="10" sentence-num-in-section="11" sentence-num-in-table="10" xml:id="C20.S1.p2.t1.s10">
<Math mode="inline" xml:id="C20.S1.p2.t1.r5.m2">e^{i\alpha\pi\tau}</Math> for <Math mode="inline" xml:id="C20.S1.p2.t1.r5.m3">\alpha\in\mathbb{R}</Math> (resolvingissues of choice of branch).
</sentence>

<sentence sentence-num-in-para="11" sentence-num-in-section="12" sentence-num-in-table="11" xml:id="C20.S1.p2.t1.s11">
<Math mode="inline" xml:id="C20.S1.p2.t1.r6.m1">S_{1}/S_{2}</Math>
</sentence>

<sentence sentence-num-in-para="12" sentence-num-in-section="13" sentence-num-in-table="12" xml:id="C20.S1.p2.t1.s12">
set of all elements of <Math mode="inline" xml:id="C20.S1.p2.t1.r6.m2">S_{1}</Math>, modulo elements of <Math mode="inline" xml:id="C20.S1.p2.t1.r6.m3">S_{2}</Math>. Thus two elements of <Math mode="inline" xml:id="C20.S1.p2.t1.r6.m4">S_{1}/S_{2}</Math> are equivalent if they are both in <Math mode="inline" xml:id="C20.S1.p2.t1.r6.m5">S_{1}</Math> and their difference is in <Math mode="inline" xml:id="C20.S1.p2.t1.r6.m6">S_{2}</Math>. (For an example see §20.12(ii).)
</sentence>

</para>

  
<para xml:id="C20.S1.p3">

<sentence sentence-num-in-para="1" sentence-num-in-section="14" xml:id="C20.S1.p3.s1">
The main functions treated in this chapter are the theta functions <Math mode="inline" xml:id="C20.S1.p3.m1">\theta_{j}\left(z\middle|\tau\right)=\theta_{j}\left(z,q\right)</Math> where <Math mode="inline" xml:id="C20.S1.p3.m2">j=1,2,3,4</Math> and <Math mode="inline" xml:id="C20.S1.p3.m3">q=e^{i\pi\tau}</Math>.
</sentence>

<sentence sentence-num-in-para="2" sentence-num-in-section="15" xml:id="C20.S1.p3.s2">
When <Math mode="inline" xml:id="C20.S1.p3.m4">\tau</Math> is fixed the notation is often abbreviated in the literature as <Math mode="inline" xml:id="C20.S1.p3.m5">\theta_{j}(z)</Math> , or even as simply <Math mode="inline" xml:id="C20.S1.p3.m6">\theta_{j}</Math> , it being then understood that the argument is the primary variable.
</sentence>

<sentence sentence-num-in-para="3" sentence-num-in-section="16" xml:id="C20.S1.p3.s3">
Sometimes the theta functions are called the Jacobian or classical theta functions to distinguish them from generalizations; compare Chapter 21.
</sentence>

</para>
 
<para xml:id="C20.S1.p4">

<sentence sentence-num-in-para="1" sentence-num-in-section="17" xml:id="C20.S1.p4.s1">
Primes on the <Math mode="inline" xml:id="C20.S1.p4.m1">\theta</Math> symbols indicate derivatives with respect to the argument of the <Math mode="inline" xml:id="C20.S1.p4.m2">\theta</Math> function.
</sentence>

</para>
 
<paragraph xml:id="C20.S1.Px1">
<title>Other Notations</title>   
<para xml:id="C20.S1.Px1.p1">

<sentence sentence-num-in-para="1" sentence-num-in-section="18" xml:id="C20.S1.Px1.p1.s1">
Jacobi’s original notation: <Math mode="inline" xml:id="C20.S1.Px1.p1.m5">\Theta(z|\tau)</Math> , <Math mode="inline" xml:id="C20.S1.Px1.p1.m6">\Theta_{1}(z|\tau)</Math> , <Math mode="inline" xml:id="C20.S1.Px1.p1.m7">\mathrm{H}(z|\tau)</Math> , <Math mode="inline" xml:id="C20.S1.Px1.p1.m8">\mathrm{H}_{1}(z|\tau)</Math> , respectively, for <Math mode="inline" xml:id="C20.S1.Px1.p1.m9">\theta_{4}\left(u\middle|\tau\right)</Math> , <Math mode="inline" xml:id="C20.S1.Px1.p1.m10">\theta_{3}\left(u\middle|\tau\right)</Math> , <Math mode="inline" xml:id="C20.S1.Px1.p1.m11">\theta_{1}\left(u\middle|\tau\right)</Math> , <Math mode="inline" xml:id="C20.S1.Px1.p1.m12">\theta_{2}\left(u\middle|\tau\right)</Math> , where <Math mode="inline" xml:id="C20.S1.Px1.p1.m13">u=z/{\theta_{3}^{2}}\left(0\middle|\tau\right)</Math>.
</sentence>

<sentence sentence-num-in-para="2" sentence-num-in-section="19" xml:id="C20.S1.Px1.p1.s2">
Here the symbol <Math mode="inline" xml:id="C20.S1.Px1.p1.m14">\mathrm{H}</Math> denotes capital eta.
</sentence>

<sentence sentence-num-in-para="3" sentence-num-in-section="20" xml:id="C20.S1.Px1.p1.s3">
See, for example,Whittaker and Watson (1927, p. 479) andCopson (1935, pp. 405, 411).
</sentence>

</para>

 
<para xml:id="C20.S1.Px1.p2">

<sentence sentence-num-in-para="1" sentence-num-in-section="21" xml:id="C20.S1.Px1.p2.s1">
Neville’s notation: <Math mode="inline" xml:id="C20.S1.Px1.p2.m2">\theta_{s}(z|\tau)</Math> , <Math mode="inline" xml:id="C20.S1.Px1.p2.m3">\theta_{c}(z|\tau)</Math> , <Math mode="inline" xml:id="C20.S1.Px1.p2.m4">\theta_{d}(z|\tau)</Math> , <Math mode="inline" xml:id="C20.S1.Px1.p2.m5">\theta_{n}(z|\tau)</Math> , respectively, for <Math mode="inline" xml:id="C20.S1.Px1.p2.m6">{\theta_{3}^{2}}\left(0\middle|\tau\right)\ifrac{\theta_{1}\left(u\middle|\tau \right)}{\theta_{1}'\left(0\middle|\tau\right)}</Math> , <Math mode="inline" xml:id="C20.S1.Px1.p2.m7">\ifrac{\theta_{2}\left(u\middle|\tau\right)}{\theta_{2}\left(0\middle|\tau \right)}</Math> , <Math mode="inline" xml:id="C20.S1.Px1.p2.m8">\ifrac{\theta_{3}\left(u\middle|\tau\right)}{\theta_{3}\left(0\middle|\tau \right)}</Math> , <Math mode="inline" xml:id="C20.S1.Px1.p2.m9">\ifrac{\theta_{4}\left(u\middle|\tau\right)}{\theta_{4}\left(0\middle|\tau \right)}</Math> , where again <Math mode="inline" xml:id="C20.S1.Px1.p2.m10">u=z/{\theta_{3}^{2}}\left(0\middle|\tau\right)</Math>.
</sentence>

<sentence sentence-num-in-para="2" sentence-num-in-section="22" xml:id="C20.S1.Px1.p2.s2">
This notation simplifies the relationship of the theta functions to Jacobian elliptic functions (§22.2);see Neville (1951).
</sentence>

</para>

 
 
 
 
<para xml:id="C20.S1.Px1.p3">

<sentence sentence-num-in-para="1" sentence-num-in-section="23" xml:id="C20.S1.Px1.p3.s1">
McKean and Moll’s notation: <Math mode="inline" xml:id="C20.S1.Px1.p3.m2">\vartheta_{j}(z|\tau)=\theta_{j}\left(\pi z\middle|\tau\right)</Math> , <Math mode="inline" xml:id="C20.S1.Px1.p3.m3">j=1,2,3,4</Math>.
</sentence>

<sentence sentence-num-in-para="2" sentence-num-in-section="24" xml:id="C20.S1.Px1.p3.s2">
See McKean and Moll (1999, p. 125).
</sentence>

</para>
 
<para xml:id="C20.S1.Px1.p4">

<sentence sentence-num-in-para="1" sentence-num-in-section="25" xml:id="C20.S1.Px1.p4.s1">
Additional notations that have been used in the literature are summarized in Whittaker and Watson (1927, p. 487).
</sentence>

</para>
 
</paragraph>
 
</section>
