<?xml version="1.0" encoding="UTF-8"?>
<section xml:id="C20.S4">
<title>Values at <Math mode="inline" xml:id="C20.S4.m1">z</Math> = 0</title>           
<subsection xml:id="C20.S4.SS1">
<title>Functions and First Derivatives</title>         
<para xml:id="C20.S4.SS1.p1">

<sentence sentence-num-in-para="1" sentence-num-in-section="1" xml:id="C20.S4.SS1.p1.s1">
 <Math equation-number="20.4.1" mode="display" xml:id="C20.S4.E1">\theta_{1}\left(0,q\right)=\theta_{2}'\left(0,q\right)=\theta_{3}'\left(0,q \right)=\theta_{4}'\left(0,q\right)=0,</Math> <Math equation-number="20.4.2" mode="display" xml:id="C20.S4.E2">\theta_{1}'\left(0,q\right)=2q^{1/4}\prod\limits_{n=1}^{\infty}\left(1-q^{2n} \right)^{3},</Math> , <Math equation-number="20.4.3" mode="display" xml:id="C20.S4.E3">\theta_{2}\left(0,q\right)=2q^{1/4}\prod\limits_{n=1}^{\infty}\left(1-q^{2n} \right)\left(1+q^{2n}\right)^{2},</Math> , <Math equation-number="20.4.4" mode="display" xml:id="C20.S4.E4">\theta_{3}\left(0,q\right)=\prod\limits_{n=1}^{\infty}\left(1-q^{2n}\right) \left(1+q^{2n-1}\right)^{2},</Math> , <Math equation-number="20.4.5" mode="display" xml:id="C20.S4.E5">\theta_{4}\left(0,q\right)=\prod\limits_{n=1}^{\infty}\left(1-q^{2n}\right) \left(1-q^{2n-1}\right)^{2}</Math>.
</sentence>

</para>
 
<paragraph xml:id="C20.S4.Px1">
<title>Jacobi’s Identity</title>     
<para xml:id="C20.S4.Px1.p1">

<sentence sentence-num-in-para="1" sentence-num-in-section="2" xml:id="C20.S4.Px1.p1.s1">
 <Math equation-number="20.4.6" mode="display" xml:id="C20.S4.E6">\theta_{1}'\left(0,q\right)=\theta_{2}\left(0,q\right)\theta_{3}\left(0,q \right)\theta_{4}\left(0,q\right)</Math>.
</sentence>

</para>
 
</paragraph>
 
</subsection>
 
<subsection xml:id="C20.S4.SS2">
<title>Higher Derivatives</title>         
<para xml:id="C20.S4.SS2.p1">

<sentence sentence-num-in-para="1" sentence-num-in-section="3" xml:id="C20.S4.SS2.p1.s1">
 <Math equation-number="20.4.7" mode="display" xml:id="C20.S4.E7">\theta_{1}''(0,q)=\theta_{2}'''\left(0,q\right)=\theta_{3}'''\left(0,q\right)= \theta_{4}'''\left(0,q\right)=0</Math>.
</sentence>

<sentence sentence-num-in-para="2" sentence-num-in-section="4" xml:id="C20.S4.SS2.p1.s2">
<Math equation-number="20.4.8" mode="display" xml:id="C20.S4.E8">\frac{\theta_{1}'''\left(0,q\right)}{\theta_{1}'\left(0,q\right)}=-1+24\sum_{n =1}^{\infty}\frac{q^{2n}}{(1-q^{2n})^{2}}</Math>.
</sentence>

<sentence sentence-num-in-para="3" sentence-num-in-section="5" xml:id="C20.S4.SS2.p1.s3">
<Math equation-number="20.4.9" mode="display" xml:id="C20.S4.E9">\frac{\theta_{2}''\left(0,q\right)}{\theta_{2}\left(0,q\right)}=-1-8\sum_{n=1} ^{\infty}\frac{q^{2n}}{(1+q^{2n})^{2}},</Math> , <Math equation-number="20.4.10" mode="display" xml:id="C20.S4.E10">\frac{\theta_{3}''\left(0,q\right)}{\theta_{3}\left(0,q\right)}=-8\sum_{n=1}^{ \infty}\frac{q^{2n-1}}{(1+q^{2n-1})^{2}},</Math> , <Math equation-number="20.4.11" mode="display" xml:id="C20.S4.E11">\frac{\theta_{4}''\left(0,q\right)}{\theta_{4}\left(0,q\right)}=8\sum_{n=1}^{ \infty}\frac{q^{2n-1}}{(1-q^{2n-1})^{2}}</Math>.
</sentence>

<sentence sentence-num-in-para="4" sentence-num-in-section="6" xml:id="C20.S4.SS2.p1.s4">
<Math equation-number="20.4.12" mode="display" xml:id="C20.S4.E12">\frac{\theta_{1}'''\left(0,q\right)}{\theta_{1}'\left(0,q\right)}=\frac{\theta _{2}''\left(0,q\right)}{\theta_{2}\left(0,q\right)}+\frac{\theta_{3}''\left(0, q\right)}{\theta_{3}\left(0,q\right)}+\frac{\theta_{4}''\left(0,q\right)}{ \theta_{4}\left(0,q\right)}</Math>.
</sentence>

</para>
 
</subsection>
 
</section>
