<?xml version="1.0" encoding="UTF-8"?>
<section xml:id="C20.S7">
<title>Identities</title>         
<subsection xml:id="C20.S7.SS1">
<title>Sums of Squares</title>         
 
<para xml:id="C20.S7.SS1.p1">

<sentence sentence-num-in-para="1" sentence-num-in-section="1" xml:id="C20.S7.SS1.p1.s1">
 <Math equation-number="20.7.1" mode="display" xml:id="C20.S7.E1">{\theta_{3}^{2}}\left(0,q\right){\theta_{3}^{2}}\left(z,q\right)={\theta_{4}^{ 2}}\left(0,q\right){\theta_{4}^{2}}\left(z,q\right)+{\theta_{2}^{2}}\left(0,q \right){\theta_{2}^{2}}\left(z,q\right),</Math> <Math equation-number="20.7.2" mode="display" xml:id="C20.S7.E2">{\theta_{3}^{2}}\left(0,q\right){\theta_{4}^{2}}\left(z,q\right)={\theta_{2}^{ 2}}\left(0,q\right){\theta_{1}^{2}}\left(z,q\right)+{\theta_{4}^{2}}\left(0,q \right){\theta_{3}^{2}}\left(z,q\right),</Math> <Math equation-number="20.7.3" mode="display" xml:id="C20.S7.E3">{\theta_{2}^{2}}\left(0,q\right){\theta_{4}^{2}}\left(z,q\right)={\theta_{3}^{ 2}}\left(0,q\right){\theta_{1}^{2}}\left(z,q\right)+{\theta_{4}^{2}}\left(0,q \right){\theta_{2}^{2}}\left(z,q\right),</Math> <Math equation-number="20.7.4" mode="display" xml:id="C20.S7.E4">{\theta_{2}^{2}}\left(0,q\right){\theta_{3}^{2}}\left(z,q\right)={\theta_{4}^{ 2}}\left(0,q\right){\theta_{1}^{2}}\left(z,q\right)+{\theta_{3}^{2}}\left(0,q \right){\theta_{2}^{2}}\left(z,q\right)</Math>.
</sentence>

</para>
 
<para xml:id="C20.S7.SS1.p2">

<sentence sentence-num-in-para="1" sentence-num-in-section="2" xml:id="C20.S7.SS1.p2.s1">
Also <Math equation-number="20.7.5" mode="display" xml:id="C20.S7.E5">{\theta_{3}^{4}}\left(0,q\right)={\theta_{2}^{4}}\left(0,q\right)+{\theta_{4}^ {4}}\left(0,q\right)</Math>.
</sentence>

</para>
 
<para xml:id="C20.S7.SS1.p3">

<sentence sentence-num-in-para="1" sentence-num-in-section="3" xml:id="C20.S7.SS1.p3.s1">
See also Carlson (2011, §2).
</sentence>

</para>
 
</subsection>
 
<subsection xml:id="C20.S7.SS2">
<title>Addition Formulas</title>          
<para xml:id="C20.S7.SS2.p1">

<sentence sentence-num-in-para="1" sentence-num-in-section="4" xml:id="C20.S7.SS2.p1.s1">
 <Math equation-number="20.7.6" mode="display" xml:id="C20.S7.E6">{\theta_{4}^{2}}\left(0,q\right)\theta_{1}\left(w+z,q\right)\theta_{1}\left(w- z,q\right)={\theta_{3}^{2}}\left(w,q\right){\theta_{2}^{2}}\left(z,q\right)-{ \theta_{2}^{2}}\left(w,q\right){\theta_{3}^{2}}\left(z,q\right),</Math> <Math equation-number="20.7.7" mode="display" xml:id="C20.S7.E7">{\theta_{4}^{2}}\left(0,q\right)\theta_{2}\left(w+z,q\right)\theta_{2}\left(w- z,q\right)={\theta_{4}^{2}}\left(w,q\right){\theta_{2}^{2}}\left(z,q\right)-{ \theta_{1}^{2}}\left(w,q\right){\theta_{3}^{2}}\left(z,q\right),</Math> <Math equation-number="20.7.8" mode="display" xml:id="C20.S7.E8">{\theta_{4}^{2}}\left(0,q\right)\theta_{3}\left(w+z,q\right)\theta_{3}\left(w- z,q\right)={\theta_{4}^{2}}\left(w,q\right){\theta_{3}^{2}}\left(z,q\right)-{ \theta_{1}^{2}}\left(w,q\right){\theta_{2}^{2}}\left(z,q\right),</Math> <Math equation-number="20.7.9" mode="display" xml:id="C20.S7.E9">{\theta_{4}^{2}}\left(0,q\right)\theta_{4}\left(w+z,q\right)\theta_{4}\left(w- z,q\right)={\theta_{3}^{2}}\left(w,q\right){\theta_{3}^{2}}\left(z,q\right)-{ \theta_{2}^{2}}\left(w,q\right){\theta_{2}^{2}}\left(z,q\right)</Math>.
</sentence>

<sentence sentence-num-in-para="2" sentence-num-in-section="5" xml:id="C20.S7.SS2.p1.s2">
For these and similar formulas see Lawden (1989, §1.4),Whittaker and Watson (1927, pp. 487–488), and Carlson (2011, §5).
</sentence>

</para>
 
<para xml:id="C20.S7.SS2.p2">

<sentence sentence-num-in-para="1" sentence-num-in-section="6" xml:id="C20.S7.SS2.p2.s1">
Also, in further development along the lines of the notations of Neville (§20.1) and of Glaisher (§22.2), the identities (20.7.6)–(20.7.9) have been recast in a more symmetric manner with respect to suffices <Math mode="inline" xml:id="C20.S7.SS2.p2.m1">2,3,4</Math>.
</sentence>

<sentence sentence-num-in-para="2" sentence-num-in-section="7" xml:id="C20.S7.SS2.p2.s2">
The symmetry, applicable also to §§20.7(iii) and 20.7(vii), is obtained by modifying traditional theta functions in the manner recommended by Carlson (2011) and used for further purposes by Fukushima (2012).
</sentence>

</para>
 
</subsection>
 
<subsection xml:id="C20.S7.SS3">
<title>Duplication Formula</title>          
<para xml:id="C20.S7.SS3.p1">

<sentence sentence-num-in-para="1" sentence-num-in-section="8" xml:id="C20.S7.SS3.p1.s1">
 <Math equation-number="20.7.10" mode="display" xml:id="C20.S7.E10">\theta_{1}\left(2z,q\right)=2\frac{\theta_{1}\left(z,q\right)\theta_{2}\left(z ,q\right)\theta_{3}\left(z,q\right)\theta_{4}\left(z,q\right)}{\theta_{2}\left (0,q\right)\theta_{3}\left(0,q\right)\theta_{4}\left(0,q\right)}</Math>.
</sentence>

</para>
 
<para xml:id="C20.S7.SS3.p2">

<sentence sentence-num-in-para="1" sentence-num-in-section="9" xml:id="C20.S7.SS3.p2.s1">
See also Carlson (2011, §§1 and 4).
</sentence>

</para>
 
</subsection>
 
<subsection xml:id="C20.S7.SS4">
<title>Reduction Formulas for Products</title>          
<para xml:id="C20.S7.SS4.p1">

<sentence sentence-num-in-para="1" sentence-num-in-section="10" xml:id="C20.S7.SS4.p1.s1">
 <Math equation-number="20.7.11" mode="display" xml:id="C20.S7.E11">\frac{\theta_{1}\left(z,q\right)\theta_{2}\left(z,q\right)}{\theta_{1}\left(2z ,q^{2}\right)}=\frac{\theta_{3}\left(z,q\right)\theta_{4}\left(z,q\right)}{ \theta_{4}\left(2z,q^{2}\right)}=\theta_{4}\left(0,q^{2}\right),</Math> <Math equation-number="20.7.12" mode="display" xml:id="C20.S7.E12">\frac{\theta_{1}\left(z,q^{2}\right)\theta_{4}\left(z,q^{2}\right)}{\theta_{1} \left(z,q\right)}=\frac{\theta_{2}\left(z,q^{2}\right)\theta_{3}\left(z,q^{2} \right)}{\theta_{2}\left(z,q\right)}=\tfrac{1}{2}\theta_{2}\left(0,q\right)</Math>.
</sentence>

<sentence sentence-num-in-para="2" sentence-num-in-section="11" xml:id="C20.S7.SS4.p1.s2">
Addendum: For a companion equation see (20.7.34).
</sentence>

</para>
 
</subsection>
 
<subsection xml:id="C20.S7.SS5">
<title>Watson’s Identities</title>          
 
<para xml:id="C20.S7.SS5.p1">

<sentence sentence-num-in-para="1" sentence-num-in-section="12" xml:id="C20.S7.SS5.p1.s1">
 <Math equation-number="20.7.13" mode="display" xml:id="C20.S7.E13">\theta_{1}\left(z,q\right)\theta_{1}\left(w,q\right)=\theta_{3}\left(z+w,q^{2} \right)\theta_{2}\left(z-w,q^{2}\right)-\theta_{2}\left(z+w,q^{2}\right)\theta _{3}\left(z-w,q^{2}\right),</Math> <Math equation-number="20.7.14" mode="display" xml:id="C20.S7.E14">\theta_{3}\left(z,q\right)\theta_{3}\left(w,q\right)=\theta_{3}\left(z+w,q^{2} \right)\theta_{3}\left(z-w,q^{2}\right)+\theta_{2}\left(z+w,q^{2}\right)\theta _{2}\left(z-w,q^{2}\right)</Math>.
</sentence>

</para>
 
</subsection>
 
<subsection xml:id="C20.S7.SS6">
<title>Landen Transformations</title>            
<para xml:id="C20.S7.SS6.p1">

<sentence sentence-num-in-para="1" sentence-num-in-section="13" xml:id="C20.S7.SS6.p1.s1">
With <Math equation-number="20.7.15" mode="display" xml:id="C20.S7.E15">A=A(\tau)=\ifrac{1}{\theta_{4}\left(0\middle|2\tau\right)},</Math> 
</sentence>

</para>

 
<para xml:id="C20.S7.SS6.p2">

<sentence sentence-num-in-para="1" sentence-num-in-section="14" xml:id="C20.S7.SS6.p2.s1">
 <Math equation-number="20.7.16" mode="display" xml:id="C20.S7.E16">\theta_{1}\left(2z\middle|2\tau\right)=A\theta_{1}\left(z\middle|\tau\right) \theta_{2}\left(z\middle|\tau\right),</Math> , <Math equation-number="20.7.17" mode="display" xml:id="C20.S7.E17">\theta_{2}\left(2z\middle|2\tau\right)=A\theta_{1}\left(\tfrac{1}{4}\pi-z \middle|\tau\right)\theta_{1}\left(\tfrac{1}{4}\pi+z\middle|\tau\right),</Math> , <Math equation-number="20.7.18" mode="display" xml:id="C20.S7.E18">\theta_{3}\left(2z\middle|2\tau\right)=A\theta_{3}\left(\tfrac{1}{4}\pi-z \middle|\tau\right)\theta_{3}\left(\tfrac{1}{4}\pi+z\middle|\tau\right),</Math> , <Math equation-number="20.7.19" mode="display" xml:id="C20.S7.E19">\theta_{4}\left(2z\middle|2\tau\right)=A\theta_{3}\left(z\middle|\tau\right) \theta_{4}\left(z\middle|\tau\right)</Math>.
</sentence>

</para>
 
<para xml:id="C20.S7.SS6.p3">

<sentence sentence-num-in-para="1" sentence-num-in-section="15" xml:id="C20.S7.SS6.p3.s1">
Next, with <Math equation-number="20.7.20" mode="display" xml:id="C20.S7.E20">B=B(\tau)=\ifrac{1}{\left(\theta_{3}\left(0\middle|\tau\right)\theta_{4}\left( 0\middle|\tau\right)\theta_{3}\left(\tfrac{1}{4}\pi\middle|\tau\right)\right)},</Math> 
</sentence>

</para>
  
<para xml:id="C20.S7.SS6.p4">

<sentence sentence-num-in-para="1" sentence-num-in-section="16" xml:id="C20.S7.SS6.p4.s1">
 <Math equation-number="20.7.21" mode="display" xml:id="C20.S7.E21">\theta_{1}\left(4z\middle|4\tau\right)=B\theta_{1}\left(z\middle|\tau\right) \theta_{1}\left(\tfrac{1}{4}\pi-z\middle|\tau\right)\*\theta_{1}\left(\tfrac{1 }{4}\pi+z\middle|\tau\right)\theta_{2}\left(z\middle|\tau\right),</Math> , <Math equation-number="20.7.22" mode="display" xml:id="C20.S7.E22">\theta_{2}\left(4z\middle|4\tau\right)=B\theta_{2}\left(\tfrac{1}{8}\pi-z \middle|\tau\right)\theta_{2}\left(\tfrac{1}{8}\pi+z\middle|\tau\right)\* \theta_{2}\left(\tfrac{3}{8}\pi-z\middle|\tau\right)\theta_{2}\left(\tfrac{3}{ 8}\pi+z\middle|\tau\right),</Math> , <Math equation-number="20.7.23" mode="display" xml:id="C20.S7.E23">\theta_{3}\left(4z\middle|4\tau\right)=B\theta_{3}\left(\tfrac{1}{8}\pi-z \middle|\tau\right)\theta_{3}\left(\tfrac{1}{8}\pi+z\middle|\tau\right)\* \theta_{3}\left(\tfrac{3}{8}\pi-z\middle|\tau\right)\theta_{3}\left(\tfrac{3}{ 8}\pi+z\middle|\tau\right),</Math> , <Math equation-number="20.7.24" mode="display" xml:id="C20.S7.E24">\theta_{4}\left(4z\middle|4\tau\right)=B\theta_{4}\left(z\middle|\tau\right) \theta_{4}\left(\tfrac{1}{4}\pi-z\middle|\tau\right)\*\theta_{4}\left(\tfrac{1 }{4}\pi+z\middle|\tau\right)\theta_{3}\left(z\middle|\tau\right)</Math>.
</sentence>

</para>
  
</subsection>
 
<subsection xml:id="C20.S7.SS7">
<title>Derivatives of Ratios of Theta Functions</title>          
<para xml:id="C20.S7.SS7.p1">

<sentence sentence-num-in-para="1" sentence-num-in-section="17" xml:id="C20.S7.SS7.p1.s1">
 <Math equation-number="20.7.25" mode="display" xml:id="C20.S7.E25">\frac{\mathrm{d}}{\mathrm{d}z}\left(\frac{\theta_{2}\left(z\middle|\tau\right) }{\theta_{4}\left(z\middle|\tau\right)}\right)=-\frac{{\theta_{3}^{2}}\left(0 \middle|\tau\right)\theta_{1}\left(z\middle|\tau\right)\theta_{3}\left(z \middle|\tau\right)}{{\theta_{4}^{2}}\left(z\middle|\tau\right)}</Math>.
</sentence>

<sentence sentence-num-in-para="2" sentence-num-in-section="18" xml:id="C20.S7.SS7.p1.s2">
See Lawden (1989, pp. 19–20).
</sentence>

<sentence sentence-num-in-para="3" sentence-num-in-section="19" xml:id="C20.S7.SS7.p1.s3">
This reference also gives the eleven additional identities for the permutations of the four theta functions.
</sentence>

</para>
 
<para xml:id="C20.S7.SS7.p2">

<sentence sentence-num-in-para="1" sentence-num-in-section="20" xml:id="C20.S7.SS7.p2.s1">
See also Carlson (2011, §3).
</sentence>

</para>
 
</subsection>
 
<subsection xml:id="C20.S7.SS8">
<title>Transformations of Lattice Parameter</title>          
<para xml:id="C20.S7.SS8.p1">

<sentence sentence-num-in-para="1" sentence-num-in-section="21" xml:id="C20.S7.SS8.p1.s1">
 <Math equation-number="20.7.26" mode="display" xml:id="C20.S7.E26">\theta_{1}\left(z\middle|\tau+1\right)=e^{i\pi/4}\theta_{1}\left(z\middle|\tau \right),</Math> , <Math equation-number="20.7.27" mode="display" xml:id="C20.S7.E27">\theta_{2}\left(z\middle|\tau+1\right)=e^{i\pi/4}\theta_{2}\left(z\middle|\tau \right),</Math> , <Math equation-number="20.7.28" mode="display" xml:id="C20.S7.E28">\theta_{3}\left(z\middle|\tau+1\right)=\theta_{4}\left(z\middle|\tau\right),</Math> , <Math equation-number="20.7.29" mode="display" xml:id="C20.S7.E29">\theta_{4}\left(z\middle|\tau+1\right)=\theta_{3}\left(z\middle|\tau\right)</Math>.
</sentence>

</para>
 
<para xml:id="C20.S7.SS8.p2">

<sentence sentence-num-in-para="1" sentence-num-in-section="22" xml:id="C20.S7.SS8.p2.s1">
In the following equations <Math mode="inline" xml:id="C20.S7.SS8.p2.m1">\tau^{\prime}=-1/\tau</Math> , and all square roots assume their principal values.
</sentence>

<sentence sentence-num-in-para="2" sentence-num-in-section="23" xml:id="C20.S7.SS8.p2.s2">
<Math equation-number="20.7.30" mode="display" xml:id="C20.S7.E30">(-i\tau)^{1/2}\theta_{1}\left(z\middle|\tau\right)=-i\exp\left(i\tau^{\prime}z ^{2}/\pi\right)\theta_{1}\left(z\tau^{\prime}\middle|\tau^{\prime}\right),</Math> , <Math equation-number="20.7.31" mode="display" xml:id="C20.S7.E31">(-i\tau)^{1/2}\theta_{2}\left(z\middle|\tau\right)=\exp\left(i\tau^{\prime}z^{ 2}/\pi\right)\theta_{4}\left(z\tau^{\prime}\middle|\tau^{\prime}\right),</Math> , <Math equation-number="20.7.32" mode="display" xml:id="C20.S7.E32">(-i\tau)^{1/2}\theta_{3}\left(z\middle|\tau\right)=\exp\left(i\tau^{\prime}z^{ 2}/\pi\right)\theta_{3}\left(z\tau^{\prime}\middle|\tau^{\prime}\right),</Math> , <Math equation-number="20.7.33" mode="display" xml:id="C20.S7.E33">(-i\tau)^{1/2}\theta_{4}\left(z\middle|\tau\right)=\exp\left(i\tau^{\prime}z^{ 2}/\pi\right)\theta_{2}\left(z\tau^{\prime}\middle|\tau^{\prime}\right)</Math>.
</sentence>

<sentence sentence-num-in-para="3" sentence-num-in-section="24" xml:id="C20.S7.SS8.p2.s3">
These are specific examples of modular transformations as discussed in §23.15; the corresponding results for the general case are given by Rademacher (1973, pp. 181–183).
</sentence>

</para>
 
</subsection>
 
<subsection xml:id="C20.S7.SS9">
<title>Addendum to 20.7(iv)</title>         
 
<para xml:id="C20.S7.SS9.p1">

<sentence sentence-num-in-para="1" sentence-num-in-section="25" xml:id="C20.S7.SS9.p1.s1">
 <Math equation-number="20.7.34" mode="display" xml:id="C20.S7.E34">\frac{\theta_{1}\left(z,q^{2}\right)\theta_{3}\left(z,q^{2}\right)}{\theta_{1} \left(z,iq\right)}=\frac{\theta_{2}\left(z,q^{2}\right)\theta_{4}\left(z,q^{2} \right)}{\theta_{2}\left(z,iq\right)}=i^{-1/4}\sqrt{\frac{\theta_{2}\left(0,q^ {2}\right)\theta_{4}\left(0,q^{2}\right)}{2}}</Math>.
</sentence>

<sentence sentence-num-in-para="2" sentence-num-in-section="26" xml:id="C20.S7.SS9.p1.s2">
See also (20.7.11) and (20.7.12).
</sentence>

</para>
 
</subsection>
 
</section>
