<?xml version="1.0" encoding="UTF-8"?>
<section xml:id="C20.S8">
<title>Watson’s Expansions</title>           
<para xml:id="C20.S8.p1">

<sentence sentence-num-in-para="1" sentence-num-in-section="1" xml:id="C20.S8.p1.s1">
 <Math equation-number="20.8.1" mode="display" xml:id="C20.S8.E1">\frac{\theta_{2}\left(0,q\right)\theta_{3}\left(z,q\right)\theta_{4}\left(z,q \right)}{\theta_{2}\left(z,q\right)}=2\sum_{n=-\infty}^{\infty}\frac{(-1)^{n}q ^{n^{2}}e^{i2nz}}{q^{-n}e^{-iz}+q^{n}e^{iz}}</Math>.
</sentence>

<sentence sentence-num-in-para="2" sentence-num-in-section="2" xml:id="C20.S8.p1.s2">
See Watson (1935a).
</sentence>

<sentence sentence-num-in-para="3" sentence-num-in-section="3" xml:id="C20.S8.p1.s3">
This reference andBellman (1961, pp. 46–47) include other expansions of this type.
</sentence>

</para>

 
</section>
