<?xml version="1.0" encoding="UTF-8"?>
<section xml:id="C20.S9">
<title>Relations to Other Functions</title>         
<subsection xml:id="C20.S9.SS1">
<title>Elliptic Integrals</title>          
<para xml:id="C20.S9.SS1.p1">

<sentence sentence-num-in-para="1" sentence-num-in-section="1" xml:id="C20.S9.SS1.p1.s1">
With <Math mode="inline" xml:id="C20.S9.SS1.p1.m1">k</Math> defined by <Math equation-number="20.9.1" mode="display" xml:id="C20.S9.E1">k={\theta_{2}^{2}}\left(0\middle|\tau\right)/{\theta_{3}^{2}}\left(0\middle| \tau\right)</Math> and the notation of §19.2(ii), the complete Legendre integrals of the first kind may be expressed as theta functions: <Math equation-number="20.9.2" mode="display" xml:id="C20.S9.E2">K\left(k\right)=\tfrac{1}{2}\pi{\theta_{3}^{2}}\left(0\middle|\tau\right),K'\left(k\right)=-i\tau K\left(k\right),</Math> together with (22.2.1).
</sentence>

</para>
 
<para xml:id="C20.S9.SS1.p2">

<sentence sentence-num-in-para="1" sentence-num-in-section="2" xml:id="C20.S9.SS1.p2.s1">
In the case of the symmetric integrals, with the notation of §19.16(i) we have <Math equation-number="20.9.3" mode="display" xml:id="C20.S9.E3">R_{F}\left(\frac{{\theta_{2}^{2}}\left(z,q\right)}{{\theta_{2}^{2}}\left(0,q \right)},\frac{{\theta_{3}^{2}}\left(z,q\right)}{{\theta_{3}^{2}}\left(0,q \right)},\frac{{\theta_{4}^{2}}\left(z,q\right)}{{\theta_{4}^{2}}\left(0,q \right)}\right)=\frac{\theta_{1}'\left(0,q\right)}{\theta_{1}\left(z,q\right)}z,</Math> <Math equation-number="20.9.4" mode="display" xml:id="C20.S9.E4">R_{F}\left(0,{\theta_{3}^{4}}\left(0,q\right),{\theta_{4}^{4}}\left(0,q\right) \right)=\tfrac{1}{2}\pi,</Math> <Math equation-number="20.9.5" mode="display" xml:id="C20.S9.E5">\exp\left(-\frac{\pi R_{F}\left(0,k^{2},1\right)}{R_{F}\left(0,{k^{\prime}}^{2 },1\right)}\right)=q</Math>.
</sentence>

</para>

 
</subsection>
 
<subsection xml:id="C20.S9.SS2">
<title>Elliptic Functions and Modular Functions</title>            
<para xml:id="C20.S9.SS2.p1">

<sentence sentence-num-in-para="1" sentence-num-in-section="3" xml:id="C20.S9.SS2.p1.s1">
See §§22.2 and 23.6(i) for the relations of Jacobian and Weierstrass elliptic functions to theta functions.
</sentence>

</para>
 
<para xml:id="C20.S9.SS2.p2">

<sentence sentence-num-in-para="1" sentence-num-in-section="4" xml:id="C20.S9.SS2.p2.s1">
The relations (20.9.1) and (20.9.2) between <Math mode="inline" xml:id="C20.S9.SS2.p2.m1">k</Math> and <Math mode="inline" xml:id="C20.S9.SS2.p2.m2">\tau</Math> (or <Math mode="inline" xml:id="C20.S9.SS2.p2.m3">q</Math> ) are solutions of Jacobi’s inversion problem; see Baker (1995) and Whittaker and Watson (1927, pp. 480–485).
</sentence>

</para>

  
<para xml:id="C20.S9.SS2.p3">

<sentence sentence-num-in-para="1" sentence-num-in-section="5" xml:id="C20.S9.SS2.p3.s1">
As a function of <Math mode="inline" xml:id="C20.S9.SS2.p3.m1">\tau</Math> , <Math mode="inline" xml:id="C20.S9.SS2.p3.m2">k^{2}</Math> is the elliptic modular function; seeWalker (1996, Chapter 7) and (23.15.2), (23.15.6).
</sentence>

</para>
 
</subsection>
 
<subsection xml:id="C20.S9.SS3">
<title>Riemann Zeta Function</title>          
<para xml:id="C20.S9.SS3.p1">

<sentence sentence-num-in-para="1" sentence-num-in-section="6" xml:id="C20.S9.SS3.p1.s1">
See Koblitz (1993, Ch. 2, §4) andTitchmarsh (1986b, pp. 21–22).
</sentence>

<sentence sentence-num-in-para="2" sentence-num-in-section="7" xml:id="C20.S9.SS3.p1.s2">
See also §§20.10(i)and25.2.
</sentence>

</para>
 
</subsection>
 
</section>
