{"expression":{"context-references":{"sentence-num-in-corpus":"8743","subsection-xmlid":"C14.S16.SS1","sentence-xmlid":"C14.S16.SS1.p1.s1","chapter-title":"Legendre and Related Functions","chapter-xmlid":"C14","section-title":"Zeros","sentence-num-in-chapter":"218","section-xmlid":"C14.S16","sentence-num-in-section":"1","para-num-of-sentences":"2","para-xmlid":"C14.S16.SS1.p1","subsection-title":"Notation"},"xml-id":"C14.S16.SS1.p1.m1","tex":"$\\mu$"}}{"expression":{"context-references":{"sentence-num-in-corpus":"8743","subsection-xmlid":"C14.S16.SS1","sentence-xmlid":"C14.S16.SS1.p1.s1","chapter-title":"Legendre and Related Functions","chapter-xmlid":"C14","section-title":"Zeros","sentence-num-in-chapter":"218","section-xmlid":"C14.S16","sentence-num-in-section":"1","para-num-of-sentences":"2","para-xmlid":"C14.S16.SS1.p1","subsection-title":"Notation"},"xml-id":"C14.S16.SS1.p1.m2","tex":"$\\nu$"}}{"equation":{"symbols-used":[{"symbol":{"tex":"$m$","meaning":"nonnegative integer","idref":"C14.S1.p1.t1.r3"}},{"symbol":{"tex":"$n$","meaning":"nonnegative integer","idref":"C14.S1.p1.t1.r3"}},{"symbol":{"tex":"$\\mu$","meaning":"general order","idref":"C14.S1.p1.t1.r4"}},{"symbol":{"tex":"$\\nu$","meaning":"general degree","idref":"C14.S1.p1.t1.r4"}},null],"context-references":{"sentence-num-in-corpus":"8743","subsection-xmlid":"C14.S16.SS1","sentence-xmlid":"C14.S16.SS1.p1.s1","chapter-title":"Legendre and Related Functions","chapter-xmlid":"C14","section-title":"Zeros","sentence-num-in-chapter":"218","section-xmlid":"C14.S16","sentence-num-in-section":"1","para-num-of-sentences":"2","para-xmlid":"C14.S16.SS1.p1","subsection-title":"Notation"},"xml-id":"C14.S16.E1","permalink":"http:\/\/dlmf.nist.gov\/14.16.E1","equation-number":"14.16.1","subequations":[{"subequation":{"xml-id":"C14.S16.Ex1","tex":"$\\mu=m+\\delta_{\\mu},$"}},{"subequation":{"xml-id":"C14.S16.Ex2","tex":"$\\nu=n+\\delta_{\\nu},$"}}]}}{"expression":{"context-references":{"chapter-title":"Legendre and Related Functions","chapter-xmlid":"C14"},"xml-id":"C14.S1.XMD5.m1dec","tex":"$m$"}}{"expression":{"context-references":{"chapter-title":"Legendre and Related Functions","chapter-xmlid":"C14"},"xml-id":"C14.S1.XMD6.m1dec","tex":"$n$"}}{"expression":{"context-references":{"chapter-title":"Legendre and Related Functions","chapter-xmlid":"C14"},"xml-id":"C14.S1.XMD7.m1dec","tex":"$\\mu$"}}{"expression":{"context-references":{"chapter-title":"Legendre and Related Functions","chapter-xmlid":"C14"},"xml-id":"C14.S1.XMD8.m1dec","tex":"$\\nu$"}}{"expression":{"context-references":{"chapter-title":"Legendre and Related Functions","chapter-xmlid":"C14"},"xml-id":"C14.S16.XMD1.m1dec","tex":"$\\delta_{\\mu}$"}}{"expression":{"context-references":{"chapter-title":"Legendre and Related Functions","chapter-xmlid":"C14"},"xml-id":"C14.S16.XMD1.m1","tex":"$\\delta_{\\mu}$"}}{"expression":{"context-references":{"sentence-num-in-corpus":"8743","subsection-xmlid":"C14.S16.SS1","sentence-xmlid":"C14.S16.SS1.p1.s1","chapter-title":"Legendre and Related Functions","chapter-xmlid":"C14","section-title":"Zeros","sentence-num-in-chapter":"218","section-xmlid":"C14.S16","sentence-num-in-section":"1","para-num-of-sentences":"2","para-xmlid":"C14.S16.SS1.p1","subsection-title":"Notation"},"xml-id":"C14.S16.SS1.p1.m3","tex":"$m$"}}{"expression":{"context-references":{"sentence-num-in-corpus":"8743","subsection-xmlid":"C14.S16.SS1","sentence-xmlid":"C14.S16.SS1.p1.s1","chapter-title":"Legendre and Related Functions","chapter-xmlid":"C14","section-title":"Zeros","sentence-num-in-chapter":"218","section-xmlid":"C14.S16","sentence-num-in-section":"1","para-num-of-sentences":"2","para-xmlid":"C14.S16.SS1.p1","subsection-title":"Notation"},"xml-id":"C14.S16.SS1.p1.m4","tex":"$n\\in\\mathbb{Z}$","content-tex":"$n\\in\\Integers$"}}{"expression":{"context-references":{"sentence-num-in-corpus":"8743","subsection-xmlid":"C14.S16.SS1","sentence-xmlid":"C14.S16.SS1.p1.s1","chapter-title":"Legendre and Related Functions","chapter-xmlid":"C14","section-title":"Zeros","sentence-num-in-chapter":"218","section-xmlid":"C14.S16","sentence-num-in-section":"1","para-num-of-sentences":"2","para-xmlid":"C14.S16.SS1.p1","subsection-title":"Notation"},"xml-id":"C14.S16.SS1.p1.m5","tex":"$\\delta_{\\mu}$"}}{"expression":{"context-references":{"sentence-num-in-corpus":"8743","subsection-xmlid":"C14.S16.SS1","sentence-xmlid":"C14.S16.SS1.p1.s1","chapter-title":"Legendre and Related Functions","chapter-xmlid":"C14","section-title":"Zeros","sentence-num-in-chapter":"218","section-xmlid":"C14.S16","sentence-num-in-section":"1","para-num-of-sentences":"2","para-xmlid":"C14.S16.SS1.p1","subsection-title":"Notation"},"xml-id":"C14.S16.SS1.p1.m6","tex":"$\\delta_{\\nu}\\in(0,1)$"}}{"expression":{"context-references":{"sentence-num-in-corpus":"8744","subsection-xmlid":"C14.S16.SS1","sentence-xmlid":"C14.S16.SS1.p1.s2","chapter-title":"Legendre and Related Functions","chapter-xmlid":"C14","section-title":"Zeros","sentence-num-in-chapter":"219","section-xmlid":"C14.S16","sentence-num-in-section":"2","para-num-of-sentences":"2","para-xmlid":"C14.S16.SS1.p1","subsection-title":"Notation"},"xml-id":"C14.S16.SS1.p1.m7","tex":"$\\mathsf{P}^{\\mu}_{\\nu}\\left(x\\right)$","content-tex":"$\\FerrersP[\\mu]{\\nu}@{x}$"}}{"expression":{"context-references":{"sentence-num-in-corpus":"8744","subsection-xmlid":"C14.S16.SS1","sentence-xmlid":"C14.S16.SS1.p1.s2","chapter-title":"Legendre and Related Functions","chapter-xmlid":"C14","section-title":"Zeros","sentence-num-in-chapter":"219","section-xmlid":"C14.S16","sentence-num-in-section":"2","para-num-of-sentences":"2","para-xmlid":"C14.S16.SS1.p1","subsection-title":"Notation"},"xml-id":"C14.S16.SS1.p1.m8","tex":"$P^{\\mu}_{\\nu}\\left(x\\right)$","content-tex":"$\\assLegendreP[\\mu]{\\nu}@{x}$"}}{"expression":{"context-references":{"sentence-num-in-corpus":"8744","subsection-xmlid":"C14.S16.SS1","sentence-xmlid":"C14.S16.SS1.p1.s2","chapter-title":"Legendre and Related Functions","chapter-xmlid":"C14","section-title":"Zeros","sentence-num-in-chapter":"219","section-xmlid":"C14.S16","sentence-num-in-section":"2","para-num-of-sentences":"2","para-xmlid":"C14.S16.SS1.p1","subsection-title":"Notation"},"xml-id":"C14.S16.SS1.p1.m9","tex":"$\\nu\\geq-\\frac{1}{2}$"}}{"expression":{"context-references":{"subsection-xmlid":"C14.S16.SS2","chapter-title":"Legendre and Related Functions","chapter-xmlid":"C14","section-title":"Zeros","section-xmlid":"C14.S16","subsection-title":"Interval <Math mode=\"inline\" xml:id=\"C14.S16.SS2.m1\">-1&lt;x&lt;1<\/Math>"},"xml-id":"C14.S16.SS2.m1","tex":"$-1<x<1$"}}{"expression":{"context-references":{"chapter-title":"Legendre and Related Functions","chapter-xmlid":"C14"},"xml-id":"C14.S16.SS2.m2","tex":"$-1<x<1$"}}{"expression":{"context-references":{"sentence-num-in-corpus":"8745","subsection-xmlid":"C14.S16.SS2","sentence-xmlid":"C14.S16.SS2.p1.s1","chapter-title":"Legendre and Related Functions","chapter-xmlid":"C14","section-title":"Zeros","sentence-num-in-chapter":"220","section-xmlid":"C14.S16","sentence-num-in-section":"3","para-num-of-sentences":"4","para-xmlid":"C14.S16.SS2.p1","subsection-title":"Interval <Math mode=\"inline\" xml:id=\"C14.S16.SS2.m1\">-1&lt;x&lt;1<\/Math>"},"xml-id":"C14.S16.SS2.p1.m1","tex":"$\\mathsf{P}^{\\mu}_{\\nu}\\left(x\\right)$","content-tex":"$\\FerrersP[\\mu]{\\nu}@{x}$"}}{"expression":{"context-references":{"sentence-num-in-corpus":"8745","subsection-xmlid":"C14.S16.SS2","sentence-xmlid":"C14.S16.SS2.p1.s1","chapter-title":"Legendre and Related Functions","chapter-xmlid":"C14","section-title":"Zeros","sentence-num-in-chapter":"220","section-xmlid":"C14.S16","sentence-num-in-section":"3","para-num-of-sentences":"4","para-xmlid":"C14.S16.SS2.p1","subsection-title":"Interval <Math mode=\"inline\" xml:id=\"C14.S16.SS2.m1\">-1&lt;x&lt;1<\/Math>"},"xml-id":"C14.S16.SS2.p1.m2","tex":"$(-1,1)$"}}{"expression":{"context-references":{"sentence-num-in-corpus":"8745","subsection-xmlid":"C14.S16.SS2","sentence-xmlid":"C14.S16.SS2.p1.s1","chapter-title":"Legendre and Related Functions","chapter-xmlid":"C14","section-title":"Zeros","sentence-num-in-chapter":"220","section-xmlid":"C14.S16","sentence-num-in-section":"3","para-num-of-sentences":"4","para-xmlid":"C14.S16.SS2.p1","subsection-title":"Interval <Math mode=\"inline\" xml:id=\"C14.S16.SS2.m1\">-1&lt;x&lt;1<\/Math>"},"xml-id":"C14.S16.SS2.p1.m3","tex":"$\\max(\\lceil\\nu-|\\mu|\\rceil,0)$"}}{"expression":{"context-references":{"sentence-num-in-corpus":"8745","subsection-xmlid":"C14.S16.SS2","sentence-xmlid":"C14.S16.SS2.p1.s1","chapter-title":"Legendre and Related Functions","chapter-xmlid":"C14","section-title":"Zeros","sentence-num-in-chapter":"220","section-xmlid":"C14.S16","sentence-num-in-section":"3","para-num-of-sentences":"4","para-xmlid":"C14.S16.SS2.p1","subsection-title":"Interval <Math mode=\"inline\" xml:id=\"C14.S16.SS2.m1\">-1&lt;x&lt;1<\/Math>"},"xml-id":"C14.S16.I1.ix1.p1.m1","tex":"$\\mu\\leq 0$"}}{"expression":{"context-references":{"sentence-num-in-corpus":"8746","subsection-xmlid":"C14.S16.SS2","sentence-xmlid":"C14.S16.SS2.p1.s2","chapter-title":"Legendre and Related Functions","chapter-xmlid":"C14","section-title":"Zeros","sentence-num-in-chapter":"221","section-xmlid":"C14.S16","sentence-num-in-section":"4","para-num-of-sentences":"4","para-xmlid":"C14.S16.SS2.p1","subsection-title":"Interval <Math mode=\"inline\" xml:id=\"C14.S16.SS2.m1\">-1&lt;x&lt;1<\/Math>"},"xml-id":"C14.S16.I1.ix2.p1.m1","tex":"$\\mu>0$"}}{"expression":{"context-references":{"sentence-num-in-corpus":"8746","subsection-xmlid":"C14.S16.SS2","sentence-xmlid":"C14.S16.SS2.p1.s2","chapter-title":"Legendre and Related Functions","chapter-xmlid":"C14","section-title":"Zeros","sentence-num-in-chapter":"221","section-xmlid":"C14.S16","sentence-num-in-section":"4","para-num-of-sentences":"4","para-xmlid":"C14.S16.SS2.p1","subsection-title":"Interval <Math mode=\"inline\" xml:id=\"C14.S16.SS2.m1\">-1&lt;x&lt;1<\/Math>"},"xml-id":"C14.S16.I1.ix2.p1.m2","tex":"$n\\geq m$"}}{"expression":{"context-references":{"sentence-num-in-corpus":"8746","subsection-xmlid":"C14.S16.SS2","sentence-xmlid":"C14.S16.SS2.p1.s2","chapter-title":"Legendre and Related Functions","chapter-xmlid":"C14","section-title":"Zeros","sentence-num-in-chapter":"221","section-xmlid":"C14.S16","sentence-num-in-section":"4","para-num-of-sentences":"4","para-xmlid":"C14.S16.SS2.p1","subsection-title":"Interval <Math mode=\"inline\" xml:id=\"C14.S16.SS2.m1\">-1&lt;x&lt;1<\/Math>"},"xml-id":"C14.S16.I1.ix2.p1.m3","tex":"$\\delta_{\\nu}>\\delta_{\\mu}$"}}{"expression":{"context-references":{"sentence-num-in-corpus":"8747","subsection-xmlid":"C14.S16.SS2","sentence-xmlid":"C14.S16.SS2.p1.s3","chapter-title":"Legendre and Related Functions","chapter-xmlid":"C14","section-title":"Zeros","sentence-num-in-chapter":"222","section-xmlid":"C14.S16","sentence-num-in-section":"5","para-num-of-sentences":"4","para-xmlid":"C14.S16.SS2.p1","subsection-title":"Interval <Math mode=\"inline\" xml:id=\"C14.S16.SS2.m1\">-1&lt;x&lt;1<\/Math>"},"xml-id":"C14.S16.I1.ix3.p1.m1","tex":"$\\mu>0$"}}{"expression":{"context-references":{"sentence-num-in-corpus":"8747","subsection-xmlid":"C14.S16.SS2","sentence-xmlid":"C14.S16.SS2.p1.s3","chapter-title":"Legendre and Related Functions","chapter-xmlid":"C14","section-title":"Zeros","sentence-num-in-chapter":"222","section-xmlid":"C14.S16","sentence-num-in-section":"5","para-num-of-sentences":"4","para-xmlid":"C14.S16.SS2.p1","subsection-title":"Interval <Math mode=\"inline\" xml:id=\"C14.S16.SS2.m1\">-1&lt;x&lt;1<\/Math>"},"xml-id":"C14.S16.I1.ix3.p1.m2","tex":"$n<m$"}}{"expression":{"context-references":{"sentence-num-in-corpus":"8747","subsection-xmlid":"C14.S16.SS2","sentence-xmlid":"C14.S16.SS2.p1.s3","chapter-title":"Legendre and Related Functions","chapter-xmlid":"C14","section-title":"Zeros","sentence-num-in-chapter":"222","section-xmlid":"C14.S16","sentence-num-in-section":"5","para-num-of-sentences":"4","para-xmlid":"C14.S16.SS2.p1","subsection-title":"Interval <Math mode=\"inline\" xml:id=\"C14.S16.SS2.m1\">-1&lt;x&lt;1<\/Math>"},"xml-id":"C14.S16.I1.ix3.p1.m3","tex":"$m-n$"}}{"expression":{"context-references":{"sentence-num-in-corpus":"8748","subsection-xmlid":"C14.S16.SS2","sentence-xmlid":"C14.S16.SS2.p1.s4","chapter-title":"Legendre and Related Functions","chapter-xmlid":"C14","section-title":"Zeros","sentence-num-in-chapter":"223","section-xmlid":"C14.S16","sentence-num-in-section":"6","para-num-of-sentences":"4","para-xmlid":"C14.S16.SS2.p1","subsection-title":"Interval <Math mode=\"inline\" xml:id=\"C14.S16.SS2.m1\">-1&lt;x&lt;1<\/Math>"},"xml-id":"C14.S16.I1.ix4.p1.m1","tex":"$\\nu=0,1,2,3,\\dots$"}}{"expression":{"context-references":{"sentence-num-in-corpus":"8749","subsection-xmlid":"C14.S16.SS2","sentence-xmlid":"C14.S16.SS2.p2.s1","chapter-title":"Legendre and Related Functions","chapter-xmlid":"C14","section-title":"Zeros","sentence-num-in-chapter":"224","section-xmlid":"C14.S16","sentence-num-in-section":"7","para-num-of-sentences":"2","para-xmlid":"C14.S16.SS2.p2","subsection-title":"Interval <Math mode=\"inline\" xml:id=\"C14.S16.SS2.m1\">-1&lt;x&lt;1<\/Math>"},"xml-id":"C14.S16.SS2.p2.m1","tex":"$\\mathsf{P}^{\\mu}_{\\nu}\\left(x\\right)$","content-tex":"$\\FerrersP[\\mu]{\\nu}@{x}$"}}{"expression":{"context-references":{"sentence-num-in-corpus":"8749","subsection-xmlid":"C14.S16.SS2","sentence-xmlid":"C14.S16.SS2.p2.s1","chapter-title":"Legendre and Related Functions","chapter-xmlid":"C14","section-title":"Zeros","sentence-num-in-chapter":"224","section-xmlid":"C14.S16","sentence-num-in-section":"7","para-num-of-sentences":"2","para-xmlid":"C14.S16.SS2.p2","subsection-title":"Interval <Math mode=\"inline\" xml:id=\"C14.S16.SS2.m1\">-1&lt;x&lt;1<\/Math>"},"xml-id":"C14.S16.SS2.p2.m2","tex":"$(-1,1)$"}}{"expression":{"context-references":{"sentence-num-in-corpus":"8749","subsection-xmlid":"C14.S16.SS2","sentence-xmlid":"C14.S16.SS2.p2.s1","chapter-title":"Legendre and Related Functions","chapter-xmlid":"C14","section-title":"Zeros","sentence-num-in-chapter":"224","section-xmlid":"C14.S16","sentence-num-in-section":"7","para-num-of-sentences":"2","para-xmlid":"C14.S16.SS2.p2","subsection-title":"Interval <Math mode=\"inline\" xml:id=\"C14.S16.SS2.m1\">-1&lt;x&lt;1<\/Math>"},"xml-id":"C14.S16.SS2.p2.m3","tex":"$\\max(\\lceil\\nu-|\\mu|\\rceil,0)+1$"}}{"expression":{"context-references":{"sentence-num-in-corpus":"8749","subsection-xmlid":"C14.S16.SS2","sentence-xmlid":"C14.S16.SS2.p2.s1","chapter-title":"Legendre and Related Functions","chapter-xmlid":"C14","section-title":"Zeros","sentence-num-in-chapter":"224","section-xmlid":"C14.S16","sentence-num-in-section":"7","para-num-of-sentences":"2","para-xmlid":"C14.S16.SS2.p2","subsection-title":"Interval <Math mode=\"inline\" xml:id=\"C14.S16.SS2.m1\">-1&lt;x&lt;1<\/Math>"},"xml-id":"C14.S16.I2.ix5.p1.m1","tex":"$\\mu>0$"}}{"expression":{"context-references":{"sentence-num-in-corpus":"8749","subsection-xmlid":"C14.S16.SS2","sentence-xmlid":"C14.S16.SS2.p2.s1","chapter-title":"Legendre and Related Functions","chapter-xmlid":"C14","section-title":"Zeros","sentence-num-in-chapter":"224","section-xmlid":"C14.S16","sentence-num-in-section":"7","para-num-of-sentences":"2","para-xmlid":"C14.S16.SS2.p2","subsection-title":"Interval <Math mode=\"inline\" xml:id=\"C14.S16.SS2.m1\">-1&lt;x&lt;1<\/Math>"},"xml-id":"C14.S16.I2.ix5.p1.m2","tex":"$n>m$"}}{"expression":{"context-references":{"sentence-num-in-corpus":"8749","subsection-xmlid":"C14.S16.SS2","sentence-xmlid":"C14.S16.SS2.p2.s1","chapter-title":"Legendre and Related Functions","chapter-xmlid":"C14","section-title":"Zeros","sentence-num-in-chapter":"224","section-xmlid":"C14.S16","sentence-num-in-section":"7","para-num-of-sentences":"2","para-xmlid":"C14.S16.SS2.p2","subsection-title":"Interval <Math mode=\"inline\" xml:id=\"C14.S16.SS2.m1\">-1&lt;x&lt;1<\/Math>"},"xml-id":"C14.S16.I2.ix5.p1.m3","tex":"$\\delta_{\\nu}\\leq\\delta_{\\mu}$"}}{"expression":{"context-references":{"sentence-num-in-corpus":"8750","subsection-xmlid":"C14.S16.SS2","sentence-xmlid":"C14.S16.SS2.p2.s2","chapter-title":"Legendre and Related Functions","chapter-xmlid":"C14","section-title":"Zeros","sentence-num-in-chapter":"225","section-xmlid":"C14.S16","sentence-num-in-section":"8","para-num-of-sentences":"2","para-xmlid":"C14.S16.SS2.p2","subsection-title":"Interval <Math mode=\"inline\" xml:id=\"C14.S16.SS2.m1\">-1&lt;x&lt;1<\/Math>"},"xml-id":"C14.S16.I2.ix6.p1.m1","tex":"$\\mu>0$"}}{"expression":{"context-references":{"sentence-num-in-corpus":"8750","subsection-xmlid":"C14.S16.SS2","sentence-xmlid":"C14.S16.SS2.p2.s2","chapter-title":"Legendre and Related Functions","chapter-xmlid":"C14","section-title":"Zeros","sentence-num-in-chapter":"225","section-xmlid":"C14.S16","sentence-num-in-section":"8","para-num-of-sentences":"2","para-xmlid":"C14.S16.SS2.p2","subsection-title":"Interval <Math mode=\"inline\" xml:id=\"C14.S16.SS2.m1\">-1&lt;x&lt;1<\/Math>"},"xml-id":"C14.S16.I2.ix6.p1.m2","tex":"$n<m$"}}{"expression":{"context-references":{"sentence-num-in-corpus":"8750","subsection-xmlid":"C14.S16.SS2","sentence-xmlid":"C14.S16.SS2.p2.s2","chapter-title":"Legendre and Related Functions","chapter-xmlid":"C14","section-title":"Zeros","sentence-num-in-chapter":"225","section-xmlid":"C14.S16","sentence-num-in-section":"8","para-num-of-sentences":"2","para-xmlid":"C14.S16.SS2.p2","subsection-title":"Interval <Math mode=\"inline\" xml:id=\"C14.S16.SS2.m1\">-1&lt;x&lt;1<\/Math>"},"xml-id":"C14.S16.I2.ix6.p1.m3","tex":"$m-n$"}}{"expression":{"context-references":{"sentence-num-in-corpus":"8751","subsection-xmlid":"C14.S16.SS2","sentence-xmlid":"C14.S16.SS2.p3.s1","chapter-title":"Legendre and Related Functions","chapter-xmlid":"C14","section-title":"Zeros","sentence-num-in-chapter":"226","section-xmlid":"C14.S16","sentence-num-in-section":"9","para-num-of-sentences":"3","para-xmlid":"C14.S16.SS2.p3","subsection-title":"Interval <Math mode=\"inline\" xml:id=\"C14.S16.SS2.m1\">-1&lt;x&lt;1<\/Math>"},"xml-id":"C14.S16.SS2.p3.m1","tex":"$\\mathsf{Q}^{\\mu}_{\\nu}\\left(x\\right)$","content-tex":"$\\FerrersQ[\\mu]{\\nu}@{x}$"}}{"expression":{"context-references":{"sentence-num-in-corpus":"8751","subsection-xmlid":"C14.S16.SS2","sentence-xmlid":"C14.S16.SS2.p3.s1","chapter-title":"Legendre and Related Functions","chapter-xmlid":"C14","section-title":"Zeros","sentence-num-in-chapter":"226","section-xmlid":"C14.S16","sentence-num-in-section":"9","para-num-of-sentences":"3","para-xmlid":"C14.S16.SS2.p3","subsection-title":"Interval <Math mode=\"inline\" xml:id=\"C14.S16.SS2.m1\">-1&lt;x&lt;1<\/Math>"},"xml-id":"C14.S16.SS2.p3.m2","tex":"$(-1,1)$"}}{"expression":{"context-references":{"sentence-num-in-corpus":"8751","subsection-xmlid":"C14.S16.SS2","sentence-xmlid":"C14.S16.SS2.p3.s1","chapter-title":"Legendre and Related Functions","chapter-xmlid":"C14","section-title":"Zeros","sentence-num-in-chapter":"226","section-xmlid":"C14.S16","sentence-num-in-section":"9","para-num-of-sentences":"3","para-xmlid":"C14.S16.SS2.p3","subsection-title":"Interval <Math mode=\"inline\" xml:id=\"C14.S16.SS2.m1\">-1&lt;x&lt;1<\/Math>"},"xml-id":"C14.S16.SS2.p3.m3","tex":"$\\mathsf{P}^{\\mu}_{\\nu}\\left(x\\right)$","content-tex":"$\\FerrersP[\\mu]{\\nu}@{x}$"}}{"expression":{"context-references":{"sentence-num-in-corpus":"8752","subsection-xmlid":"C14.S16.SS2","sentence-xmlid":"C14.S16.SS2.p3.s2","chapter-title":"Legendre and Related Functions","chapter-xmlid":"C14","section-title":"Zeros","sentence-num-in-chapter":"227","section-xmlid":"C14.S16","sentence-num-in-section":"10","para-num-of-sentences":"3","para-xmlid":"C14.S16.SS2.p3","subsection-title":"Interval <Math mode=\"inline\" xml:id=\"C14.S16.SS2.m1\">-1&lt;x&lt;1<\/Math>"},"xml-id":"C14.S16.SS2.p3.m4","tex":"$\\mathsf{Q}^{\\mu}_{\\nu}\\left(x\\right)$","content-tex":"$\\FerrersQ[\\mu]{\\nu}@{x}$"}}{"expression":{"context-references":{"sentence-num-in-corpus":"8752","subsection-xmlid":"C14.S16.SS2","sentence-xmlid":"C14.S16.SS2.p3.s2","chapter-title":"Legendre and Related Functions","chapter-xmlid":"C14","section-title":"Zeros","sentence-num-in-chapter":"227","section-xmlid":"C14.S16","sentence-num-in-section":"10","para-num-of-sentences":"3","para-xmlid":"C14.S16.SS2.p3","subsection-title":"Interval <Math mode=\"inline\" xml:id=\"C14.S16.SS2.m1\">-1&lt;x&lt;1<\/Math>"},"xml-id":"C14.S16.SS2.p3.m5","tex":"$\\max(\\lceil\\nu-|\\mu|\\rceil,0)+k$"}}{"expression":{"context-references":{"sentence-num-in-corpus":"8752","subsection-xmlid":"C14.S16.SS2","sentence-xmlid":"C14.S16.SS2.p3.s2","chapter-title":"Legendre and Related Functions","chapter-xmlid":"C14","section-title":"Zeros","sentence-num-in-chapter":"227","section-xmlid":"C14.S16","sentence-num-in-section":"10","para-num-of-sentences":"3","para-xmlid":"C14.S16.SS2.p3","subsection-title":"Interval <Math mode=\"inline\" xml:id=\"C14.S16.SS2.m1\">-1&lt;x&lt;1<\/Math>"},"xml-id":"C14.S16.SS2.p3.m6","tex":"$(-1,1)$"}}{"expression":{"context-references":{"sentence-num-in-corpus":"8752","subsection-xmlid":"C14.S16.SS2","sentence-xmlid":"C14.S16.SS2.p3.s2","chapter-title":"Legendre and Related Functions","chapter-xmlid":"C14","section-title":"Zeros","sentence-num-in-chapter":"227","section-xmlid":"C14.S16","sentence-num-in-section":"10","para-num-of-sentences":"3","para-xmlid":"C14.S16.SS2.p3","subsection-title":"Interval <Math mode=\"inline\" xml:id=\"C14.S16.SS2.m1\">-1&lt;x&lt;1<\/Math>"},"xml-id":"C14.S16.SS2.p3.m7","tex":"$k$"}}{"expression":{"context-references":{"sentence-num-in-corpus":"8752","subsection-xmlid":"C14.S16.SS2","sentence-xmlid":"C14.S16.SS2.p3.s2","chapter-title":"Legendre and Related Functions","chapter-xmlid":"C14","section-title":"Zeros","sentence-num-in-chapter":"227","section-xmlid":"C14.S16","sentence-num-in-section":"10","para-num-of-sentences":"3","para-xmlid":"C14.S16.SS2.p3","subsection-title":"Interval <Math mode=\"inline\" xml:id=\"C14.S16.SS2.m1\">-1&lt;x&lt;1<\/Math>"},"xml-id":"C14.S16.SS2.p3.m8","tex":"$-1$"}}{"expression":{"context-references":{"sentence-num-in-corpus":"8752","subsection-xmlid":"C14.S16.SS2","sentence-xmlid":"C14.S16.SS2.p3.s2","chapter-title":"Legendre and Related Functions","chapter-xmlid":"C14","section-title":"Zeros","sentence-num-in-chapter":"227","section-xmlid":"C14.S16","sentence-num-in-section":"10","para-num-of-sentences":"3","para-xmlid":"C14.S16.SS2.p3","subsection-title":"Interval <Math mode=\"inline\" xml:id=\"C14.S16.SS2.m1\">-1&lt;x&lt;1<\/Math>"},"xml-id":"C14.S16.SS2.p3.m9","tex":"$0$"}}{"expression":{"context-references":{"sentence-num-in-corpus":"8752","subsection-xmlid":"C14.S16.SS2","sentence-xmlid":"C14.S16.SS2.p3.s2","chapter-title":"Legendre and Related Functions","chapter-xmlid":"C14","section-title":"Zeros","sentence-num-in-chapter":"227","section-xmlid":"C14.S16","sentence-num-in-section":"10","para-num-of-sentences":"3","para-xmlid":"C14.S16.SS2.p3","subsection-title":"Interval <Math mode=\"inline\" xml:id=\"C14.S16.SS2.m1\">-1&lt;x&lt;1<\/Math>"},"xml-id":"C14.S16.SS2.p3.m10","tex":"$1$"}}{"expression":{"context-references":{"sentence-num-in-corpus":"8752","subsection-xmlid":"C14.S16.SS2","sentence-xmlid":"C14.S16.SS2.p3.s2","chapter-title":"Legendre and Related Functions","chapter-xmlid":"C14","section-title":"Zeros","sentence-num-in-chapter":"227","section-xmlid":"C14.S16","sentence-num-in-section":"10","para-num-of-sentences":"3","para-xmlid":"C14.S16.SS2.p3","subsection-title":"Interval <Math mode=\"inline\" xml:id=\"C14.S16.SS2.m1\">-1&lt;x&lt;1<\/Math>"},"xml-id":"C14.S16.SS2.p3.m11","tex":"$2$"}}{"expression":{"context-references":{"sentence-num-in-corpus":"8752","subsection-xmlid":"C14.S16.SS2","sentence-xmlid":"C14.S16.SS2.p3.s2","chapter-title":"Legendre and Related Functions","chapter-xmlid":"C14","section-title":"Zeros","sentence-num-in-chapter":"227","section-xmlid":"C14.S16","sentence-num-in-section":"10","para-num-of-sentences":"3","para-xmlid":"C14.S16.SS2.p3","subsection-title":"Interval <Math mode=\"inline\" xml:id=\"C14.S16.SS2.m1\">-1&lt;x&lt;1<\/Math>"},"xml-id":"C14.S16.SS2.p3.m12","tex":"$\\max(\\lceil\\nu-|\\mu|\\rceil,0)+k$"}}{"expression":{"context-references":{"sentence-num-in-corpus":"8752","subsection-xmlid":"C14.S16.SS2","sentence-xmlid":"C14.S16.SS2.p3.s2","chapter-title":"Legendre and Related Functions","chapter-xmlid":"C14","section-title":"Zeros","sentence-num-in-chapter":"227","section-xmlid":"C14.S16","sentence-num-in-section":"10","para-num-of-sentences":"3","para-xmlid":"C14.S16.SS2.p3","subsection-title":"Interval <Math mode=\"inline\" xml:id=\"C14.S16.SS2.m1\">-1&lt;x&lt;1<\/Math>"},"xml-id":"C14.S16.SS2.p3.m13","tex":"$\\cos\\left(\\nu\\pi\\right)$","content-tex":"$\\cos@{\\nu\\pi}$"}}{"expression":{"context-references":{"sentence-num-in-corpus":"8752","subsection-xmlid":"C14.S16.SS2","sentence-xmlid":"C14.S16.SS2.p3.s2","chapter-title":"Legendre and Related Functions","chapter-xmlid":"C14","section-title":"Zeros","sentence-num-in-chapter":"227","section-xmlid":"C14.S16","sentence-num-in-section":"10","para-num-of-sentences":"3","para-xmlid":"C14.S16.SS2.p3","subsection-title":"Interval <Math mode=\"inline\" xml:id=\"C14.S16.SS2.m1\">-1&lt;x&lt;1<\/Math>"},"xml-id":"C14.S16.SS2.p3.m14","tex":"$\\cos\\left(\\mu\\pi\\right)$","content-tex":"$\\cos@{\\mu\\pi}$"}}{"expression":{"context-references":{"sentence-num-in-corpus":"8753","subsection-xmlid":"C14.S16.SS2","sentence-xmlid":"C14.S16.SS2.p3.s3","chapter-title":"Legendre and Related Functions","chapter-xmlid":"C14","section-title":"Zeros","sentence-num-in-chapter":"228","section-xmlid":"C14.S16","sentence-num-in-section":"11","para-num-of-sentences":"3","para-xmlid":"C14.S16.SS2.p3","subsection-title":"Interval <Math mode=\"inline\" xml:id=\"C14.S16.SS2.m1\">-1&lt;x&lt;1<\/Math>"},"xml-id":"C14.S16.SS2.p3.m15","tex":"$\\mu=0$"}}{"expression":{"context-references":{"sentence-num-in-corpus":"8753","subsection-xmlid":"C14.S16.SS2","sentence-xmlid":"C14.S16.SS2.p3.s3","chapter-title":"Legendre and Related Functions","chapter-xmlid":"C14","section-title":"Zeros","sentence-num-in-chapter":"228","section-xmlid":"C14.S16","sentence-num-in-section":"11","para-num-of-sentences":"3","para-xmlid":"C14.S16.SS2.p3","subsection-title":"Interval <Math mode=\"inline\" xml:id=\"C14.S16.SS2.m1\">-1&lt;x&lt;1<\/Math>"},"xml-id":"C14.S16.SS2.p3.m16","tex":"$\\nu=n=0,1,2,3,\\dots$"}}{"expression":{"context-references":{"sentence-num-in-corpus":"8753","subsection-xmlid":"C14.S16.SS2","sentence-xmlid":"C14.S16.SS2.p3.s3","chapter-title":"Legendre and Related Functions","chapter-xmlid":"C14","section-title":"Zeros","sentence-num-in-chapter":"228","section-xmlid":"C14.S16","sentence-num-in-section":"11","para-num-of-sentences":"3","para-xmlid":"C14.S16.SS2.p3","subsection-title":"Interval <Math mode=\"inline\" xml:id=\"C14.S16.SS2.m1\">-1&lt;x&lt;1<\/Math>"},"xml-id":"C14.S16.SS2.p3.m17","tex":"$\\mathsf{Q}_{n}\\left(x\\right)$","content-tex":"$\\FerrersQ[]{n}@{x}$"}}{"expression":{"context-references":{"sentence-num-in-corpus":"8753","subsection-xmlid":"C14.S16.SS2","sentence-xmlid":"C14.S16.SS2.p3.s3","chapter-title":"Legendre and Related Functions","chapter-xmlid":"C14","section-title":"Zeros","sentence-num-in-chapter":"228","section-xmlid":"C14.S16","sentence-num-in-section":"11","para-num-of-sentences":"3","para-xmlid":"C14.S16.SS2.p3","subsection-title":"Interval <Math mode=\"inline\" xml:id=\"C14.S16.SS2.m1\">-1&lt;x&lt;1<\/Math>"},"xml-id":"C14.S16.SS2.p3.m18","tex":"$n+1$"}}{"expression":{"context-references":{"sentence-num-in-corpus":"8753","subsection-xmlid":"C14.S16.SS2","sentence-xmlid":"C14.S16.SS2.p3.s3","chapter-title":"Legendre and Related Functions","chapter-xmlid":"C14","section-title":"Zeros","sentence-num-in-chapter":"228","section-xmlid":"C14.S16","sentence-num-in-section":"11","para-num-of-sentences":"3","para-xmlid":"C14.S16.SS2.p3","subsection-title":"Interval <Math mode=\"inline\" xml:id=\"C14.S16.SS2.m1\">-1&lt;x&lt;1<\/Math>"},"xml-id":"C14.S16.SS2.p3.m19","tex":"$-1<x<1$"}}{"expression":{"context-references":{"sentence-num-in-corpus":"8754","subsection-xmlid":"C14.S16.SS2","sentence-xmlid":"C14.S16.SS2.p4.s1","chapter-title":"Legendre and Related Functions","chapter-xmlid":"C14","section-title":"Zeros","sentence-num-in-chapter":"229","section-xmlid":"C14.S16","sentence-num-in-section":"12","para-num-of-sentences":"1","para-xmlid":"C14.S16.SS2.p4","subsection-title":"Interval <Math mode=\"inline\" xml:id=\"C14.S16.SS2.m1\">-1&lt;x&lt;1<\/Math>"},"xml-id":"C14.S16.SS2.p4.m1","tex":"$\\mathsf{P}^{-m}_{n}\\left(x\\right)$","content-tex":"$\\FerrersP[-m]{n}@{x}$"}}{"expression":{"context-references":{"sentence-num-in-corpus":"8754","subsection-xmlid":"C14.S16.SS2","sentence-xmlid":"C14.S16.SS2.p4.s1","chapter-title":"Legendre and Related Functions","chapter-xmlid":"C14","section-title":"Zeros","sentence-num-in-chapter":"229","section-xmlid":"C14.S16","sentence-num-in-section":"12","para-num-of-sentences":"1","para-xmlid":"C14.S16.SS2.p4","subsection-title":"Interval <Math mode=\"inline\" xml:id=\"C14.S16.SS2.m1\">-1&lt;x&lt;1<\/Math>"},"xml-id":"C14.S16.SS2.p4.m2","tex":"$-1<x<1$"}}{"expression":{"context-references":{"sentence-num-in-corpus":"8754","subsection-xmlid":"C14.S16.SS2","sentence-xmlid":"C14.S16.SS2.p4.s1","chapter-title":"Legendre and Related Functions","chapter-xmlid":"C14","section-title":"Zeros","sentence-num-in-chapter":"229","section-xmlid":"C14.S16","sentence-num-in-section":"12","para-num-of-sentences":"1","para-xmlid":"C14.S16.SS2.p4","subsection-title":"Interval <Math mode=\"inline\" xml:id=\"C14.S16.SS2.m1\">-1&lt;x&lt;1<\/Math>"},"xml-id":"C14.S16.SS2.p4.m3","tex":"$n\\to\\infty$"}}{"expression":{"context-references":{"sentence-num-in-corpus":"8754","subsection-xmlid":"C14.S16.SS2","sentence-xmlid":"C14.S16.SS2.p4.s1","chapter-title":"Legendre and Related Functions","chapter-xmlid":"C14","section-title":"Zeros","sentence-num-in-chapter":"229","section-xmlid":"C14.S16","sentence-num-in-section":"12","para-num-of-sentences":"1","para-xmlid":"C14.S16.SS2.p4","subsection-title":"Interval <Math mode=\"inline\" xml:id=\"C14.S16.SS2.m1\">-1&lt;x&lt;1<\/Math>"},"xml-id":"C14.S16.SS2.p4.m4","tex":"$m$"}}{"expression":{"context-references":{"sentence-num-in-corpus":"8754","subsection-xmlid":"C14.S16.SS2","sentence-xmlid":"C14.S16.SS2.p4.s1","chapter-title":"Legendre and Related Functions","chapter-xmlid":"C14","section-title":"Zeros","sentence-num-in-chapter":"229","section-xmlid":"C14.S16","sentence-num-in-section":"12","para-num-of-sentences":"1","para-xmlid":"C14.S16.SS2.p4","subsection-title":"Interval <Math mode=\"inline\" xml:id=\"C14.S16.SS2.m1\">-1&lt;x&lt;1<\/Math>"},"xml-id":"C14.S16.SS2.p4.m5","tex":"$(\\geq 0)$"}}{"expression":{"context-references":{"subsection-xmlid":"C14.S16.SS3","chapter-title":"Legendre and Related Functions","chapter-xmlid":"C14","section-title":"Zeros","section-xmlid":"C14.S16","subsection-title":"Interval <Math mode=\"inline\" xml:id=\"C14.S16.SS3.m1\">1&lt;x&lt;\\infty<\/Math>"},"xml-id":"C14.S16.SS3.m1","tex":"$1<x<\\infty$"}}{"expression":{"context-references":{"chapter-title":"Legendre and Related Functions","chapter-xmlid":"C14"},"xml-id":"C14.S16.SS3.m2","tex":"$1<x<\\infty$"}}{"expression":{"context-references":{"sentence-num-in-corpus":"8755","subsection-xmlid":"C14.S16.SS3","sentence-xmlid":"C14.S16.SS3.p1.s1","chapter-title":"Legendre and Related Functions","chapter-xmlid":"C14","section-title":"Zeros","sentence-num-in-chapter":"230","section-xmlid":"C14.S16","sentence-num-in-section":"13","para-num-of-sentences":"2","para-xmlid":"C14.S16.SS3.p1","subsection-title":"Interval <Math mode=\"inline\" xml:id=\"C14.S16.SS3.m1\">1&lt;x&lt;\\infty<\/Math>"},"xml-id":"C14.S16.SS3.p1.m1","tex":"$P^{\\mu}_{\\nu}\\left(x\\right)$","content-tex":"$\\assLegendreP[\\mu]{\\nu}@{x}$"}}{"expression":{"context-references":{"sentence-num-in-corpus":"8755","subsection-xmlid":"C14.S16.SS3","sentence-xmlid":"C14.S16.SS3.p1.s1","chapter-title":"Legendre and Related Functions","chapter-xmlid":"C14","section-title":"Zeros","sentence-num-in-chapter":"230","section-xmlid":"C14.S16","sentence-num-in-section":"13","para-num-of-sentences":"2","para-xmlid":"C14.S16.SS3.p1","subsection-title":"Interval <Math mode=\"inline\" xml:id=\"C14.S16.SS3.m1\">1&lt;x&lt;\\infty<\/Math>"},"xml-id":"C14.S16.SS3.p1.m2","tex":"$(1,\\infty)$"}}{"expression":{"context-references":{"sentence-num-in-corpus":"8755","subsection-xmlid":"C14.S16.SS3","sentence-xmlid":"C14.S16.SS3.p1.s1","chapter-title":"Legendre and Related Functions","chapter-xmlid":"C14","section-title":"Zeros","sentence-num-in-chapter":"230","section-xmlid":"C14.S16","sentence-num-in-section":"13","para-num-of-sentences":"2","para-xmlid":"C14.S16.SS3.p1","subsection-title":"Interval <Math mode=\"inline\" xml:id=\"C14.S16.SS3.m1\">1&lt;x&lt;\\infty<\/Math>"},"xml-id":"C14.S16.I3.ix7.p1.m1","tex":"$\\mu>0$"}}{"expression":{"context-references":{"sentence-num-in-corpus":"8755","subsection-xmlid":"C14.S16.SS3","sentence-xmlid":"C14.S16.SS3.p1.s1","chapter-title":"Legendre and Related Functions","chapter-xmlid":"C14","section-title":"Zeros","sentence-num-in-chapter":"230","section-xmlid":"C14.S16","sentence-num-in-section":"13","para-num-of-sentences":"2","para-xmlid":"C14.S16.SS3.p1","subsection-title":"Interval <Math mode=\"inline\" xml:id=\"C14.S16.SS3.m1\">1&lt;x&lt;\\infty<\/Math>"},"xml-id":"C14.S16.I3.ix7.p1.m2","tex":"$\\mu>\\nu$"}}{"expression":{"context-references":{"sentence-num-in-corpus":"8755","subsection-xmlid":"C14.S16.SS3","sentence-xmlid":"C14.S16.SS3.p1.s1","chapter-title":"Legendre and Related Functions","chapter-xmlid":"C14","section-title":"Zeros","sentence-num-in-chapter":"230","section-xmlid":"C14.S16","sentence-num-in-section":"13","para-num-of-sentences":"2","para-xmlid":"C14.S16.SS3.p1","subsection-title":"Interval <Math mode=\"inline\" xml:id=\"C14.S16.SS3.m1\">1&lt;x&lt;\\infty<\/Math>"},"xml-id":"C14.S16.I3.ix7.p1.m3","tex":"$\\mu\\notin\\mathbb{Z}$","content-tex":"$\\mu\\notin\\Integers$"}}{"expression":{"context-references":{"sentence-num-in-corpus":"8755","subsection-xmlid":"C14.S16.SS3","sentence-xmlid":"C14.S16.SS3.p1.s1","chapter-title":"Legendre and Related Functions","chapter-xmlid":"C14","section-title":"Zeros","sentence-num-in-chapter":"230","section-xmlid":"C14.S16","sentence-num-in-section":"13","para-num-of-sentences":"2","para-xmlid":"C14.S16.SS3.p1","subsection-title":"Interval <Math mode=\"inline\" xml:id=\"C14.S16.SS3.m1\">1&lt;x&lt;\\infty<\/Math>"},"xml-id":"C14.S16.I3.ix7.p1.m4","tex":"$\\sin\\left((\\mu-\\nu)\\pi\\right)$","content-tex":"$\\sin@{(\\mu-\\nu)\\pi}$"}}{"expression":{"context-references":{"sentence-num-in-corpus":"8755","subsection-xmlid":"C14.S16.SS3","sentence-xmlid":"C14.S16.SS3.p1.s1","chapter-title":"Legendre and Related Functions","chapter-xmlid":"C14","section-title":"Zeros","sentence-num-in-chapter":"230","section-xmlid":"C14.S16","sentence-num-in-section":"13","para-num-of-sentences":"2","para-xmlid":"C14.S16.SS3.p1","subsection-title":"Interval <Math mode=\"inline\" xml:id=\"C14.S16.SS3.m1\">1&lt;x&lt;\\infty<\/Math>"},"xml-id":"C14.S16.I3.ix7.p1.m5","tex":"$\\sin\\left(\\mu\\pi\\right)$","content-tex":"$\\sin@{\\mu\\pi}$"}}{"expression":{"context-references":{"sentence-num-in-corpus":"8756","subsection-xmlid":"C14.S16.SS3","sentence-xmlid":"C14.S16.SS3.p1.s2","chapter-title":"Legendre and Related Functions","chapter-xmlid":"C14","section-title":"Zeros","sentence-num-in-chapter":"231","section-xmlid":"C14.S16","sentence-num-in-section":"14","para-num-of-sentences":"2","para-xmlid":"C14.S16.SS3.p1","subsection-title":"Interval <Math mode=\"inline\" xml:id=\"C14.S16.SS3.m1\">1&lt;x&lt;\\infty<\/Math>"},"xml-id":"C14.S16.I3.ix8.p1.m1","tex":"$\\mu\\leq\\nu$"}}{"expression":{"context-references":{"sentence-num-in-corpus":"8756","subsection-xmlid":"C14.S16.SS3","sentence-xmlid":"C14.S16.SS3.p1.s2","chapter-title":"Legendre and Related Functions","chapter-xmlid":"C14","section-title":"Zeros","sentence-num-in-chapter":"231","section-xmlid":"C14.S16","sentence-num-in-section":"14","para-num-of-sentences":"2","para-xmlid":"C14.S16.SS3.p1","subsection-title":"Interval <Math mode=\"inline\" xml:id=\"C14.S16.SS3.m1\">1&lt;x&lt;\\infty<\/Math>"},"xml-id":"C14.S16.I3.ix8.p1.m2","tex":"$\\mu\\notin\\mathbb{Z}$","content-tex":"$\\mu\\notin\\Integers$"}}{"expression":{"context-references":{"sentence-num-in-corpus":"8756","subsection-xmlid":"C14.S16.SS3","sentence-xmlid":"C14.S16.SS3.p1.s2","chapter-title":"Legendre and Related Functions","chapter-xmlid":"C14","section-title":"Zeros","sentence-num-in-chapter":"231","section-xmlid":"C14.S16","sentence-num-in-section":"14","para-num-of-sentences":"2","para-xmlid":"C14.S16.SS3.p1","subsection-title":"Interval <Math mode=\"inline\" xml:id=\"C14.S16.SS3.m1\">1&lt;x&lt;\\infty<\/Math>"},"xml-id":"C14.S16.I3.ix8.p1.m3","tex":"$\\lfloor\\mu\\rfloor$"}}{"expression":{"context-references":{"sentence-num-in-corpus":"8757","subsection-xmlid":"C14.S16.SS3","sentence-xmlid":"C14.S16.SS3.p2.s1","chapter-title":"Legendre and Related Functions","chapter-xmlid":"C14","section-title":"Zeros","sentence-num-in-chapter":"232","section-xmlid":"C14.S16","sentence-num-in-section":"15","para-num-of-sentences":"1","para-xmlid":"C14.S16.SS3.p2","subsection-title":"Interval <Math mode=\"inline\" xml:id=\"C14.S16.SS3.m1\">1&lt;x&lt;\\infty<\/Math>"},"xml-id":"C14.S16.SS3.p2.m1","tex":"$\\mu$"}}{"expression":{"context-references":{"sentence-num-in-corpus":"8757","subsection-xmlid":"C14.S16.SS3","sentence-xmlid":"C14.S16.SS3.p2.s1","chapter-title":"Legendre and Related Functions","chapter-xmlid":"C14","section-title":"Zeros","sentence-num-in-chapter":"232","section-xmlid":"C14.S16","sentence-num-in-section":"15","para-num-of-sentences":"1","para-xmlid":"C14.S16.SS3.p2","subsection-title":"Interval <Math mode=\"inline\" xml:id=\"C14.S16.SS3.m1\">1&lt;x&lt;\\infty<\/Math>"},"xml-id":"C14.S16.SS3.p2.m2","tex":"$\\nu$"}}{"expression":{"context-references":{"sentence-num-in-corpus":"8757","subsection-xmlid":"C14.S16.SS3","sentence-xmlid":"C14.S16.SS3.p2.s1","chapter-title":"Legendre and Related Functions","chapter-xmlid":"C14","section-title":"Zeros","sentence-num-in-chapter":"232","section-xmlid":"C14.S16","sentence-num-in-section":"15","para-num-of-sentences":"1","para-xmlid":"C14.S16.SS3.p2","subsection-title":"Interval <Math mode=\"inline\" xml:id=\"C14.S16.SS3.m1\">1&lt;x&lt;\\infty<\/Math>"},"xml-id":"C14.S16.SS3.p2.m3","tex":"$\\nu\\geq-\\frac{1}{2}$"}}{"expression":{"context-references":{"sentence-num-in-corpus":"8757","subsection-xmlid":"C14.S16.SS3","sentence-xmlid":"C14.S16.SS3.p2.s1","chapter-title":"Legendre and Related Functions","chapter-xmlid":"C14","section-title":"Zeros","sentence-num-in-chapter":"232","section-xmlid":"C14.S16","sentence-num-in-section":"15","para-num-of-sentences":"1","para-xmlid":"C14.S16.SS3.p2","subsection-title":"Interval <Math mode=\"inline\" xml:id=\"C14.S16.SS3.m1\">1&lt;x&lt;\\infty<\/Math>"},"xml-id":"C14.S16.SS3.p2.m4","tex":"$P^{\\mu}_{\\nu}\\left(x\\right)$","content-tex":"$\\assLegendreP[\\mu]{\\nu}@{x}$"}}{"expression":{"context-references":{"sentence-num-in-corpus":"8757","subsection-xmlid":"C14.S16.SS3","sentence-xmlid":"C14.S16.SS3.p2.s1","chapter-title":"Legendre and Related Functions","chapter-xmlid":"C14","section-title":"Zeros","sentence-num-in-chapter":"232","section-xmlid":"C14.S16","sentence-num-in-section":"15","para-num-of-sentences":"1","para-xmlid":"C14.S16.SS3.p2","subsection-title":"Interval <Math mode=\"inline\" xml:id=\"C14.S16.SS3.m1\">1&lt;x&lt;\\infty<\/Math>"},"xml-id":"C14.S16.SS3.p2.m5","tex":"$(1,\\infty)$"}}{"expression":{"context-references":{"sentence-num-in-corpus":"8758","subsection-xmlid":"C14.S16.SS3","sentence-xmlid":"C14.S16.SS3.p3.s1","chapter-title":"Legendre and Related Functions","chapter-xmlid":"C14","section-title":"Zeros","sentence-num-in-chapter":"233","section-xmlid":"C14.S16","sentence-num-in-section":"16","para-num-of-sentences":"1","para-xmlid":"C14.S16.SS3.p3","subsection-title":"Interval <Math mode=\"inline\" xml:id=\"C14.S16.SS3.m1\">1&lt;x&lt;\\infty<\/Math>"},"xml-id":"C14.S16.SS3.p3.m1","tex":"$\\boldsymbol{Q}^{\\mu}_{\\nu}\\left(x\\right)$","content-tex":"$\\assLegendreOlverQ[\\mu]{\\nu}@{x}$"}}{"expression":{"context-references":{"sentence-num-in-corpus":"8758","subsection-xmlid":"C14.S16.SS3","sentence-xmlid":"C14.S16.SS3.p3.s1","chapter-title":"Legendre and Related Functions","chapter-xmlid":"C14","section-title":"Zeros","sentence-num-in-chapter":"233","section-xmlid":"C14.S16","sentence-num-in-section":"16","para-num-of-sentences":"1","para-xmlid":"C14.S16.SS3.p3","subsection-title":"Interval <Math mode=\"inline\" xml:id=\"C14.S16.SS3.m1\">1&lt;x&lt;\\infty<\/Math>"},"xml-id":"C14.S16.SS3.p3.m2","tex":"$(1,\\infty)$"}}{"expression":{"context-references":{"sentence-num-in-corpus":"8758","subsection-xmlid":"C14.S16.SS3","sentence-xmlid":"C14.S16.SS3.p3.s1","chapter-title":"Legendre and Related Functions","chapter-xmlid":"C14","section-title":"Zeros","sentence-num-in-chapter":"233","section-xmlid":"C14.S16","sentence-num-in-section":"16","para-num-of-sentences":"1","para-xmlid":"C14.S16.SS3.p3","subsection-title":"Interval <Math mode=\"inline\" xml:id=\"C14.S16.SS3.m1\">1&lt;x&lt;\\infty<\/Math>"},"xml-id":"C14.S16.SS3.p3.m3","tex":"$\\nu>-1$"}}{"expression":{"context-references":{"sentence-num-in-corpus":"8758","subsection-xmlid":"C14.S16.SS3","sentence-xmlid":"C14.S16.SS3.p3.s1","chapter-title":"Legendre and Related Functions","chapter-xmlid":"C14","section-title":"Zeros","sentence-num-in-chapter":"233","section-xmlid":"C14.S16","sentence-num-in-section":"16","para-num-of-sentences":"1","para-xmlid":"C14.S16.SS3.p3","subsection-title":"Interval <Math mode=\"inline\" xml:id=\"C14.S16.SS3.m1\">1&lt;x&lt;\\infty<\/Math>"},"xml-id":"C14.S16.SS3.p3.m4","tex":"$(1,\\infty)$"}}{"expression":{"context-references":{"sentence-num-in-corpus":"8758","subsection-xmlid":"C14.S16.SS3","sentence-xmlid":"C14.S16.SS3.p3.s1","chapter-title":"Legendre and Related Functions","chapter-xmlid":"C14","section-title":"Zeros","sentence-num-in-chapter":"233","section-xmlid":"C14.S16","sentence-num-in-section":"16","para-num-of-sentences":"1","para-xmlid":"C14.S16.SS3.p3","subsection-title":"Interval <Math mode=\"inline\" xml:id=\"C14.S16.SS3.m1\">1&lt;x&lt;\\infty<\/Math>"},"xml-id":"C14.S16.SS3.p3.m5","tex":"$\\nu<-1$"}}