{"expression":{"context-references":{"sentence-num-in-corpus":"8789","subsection-xmlid":"C14.S18.SS2","sentence-xmlid":"C14.S18.SS2.p1.s2","chapter-title":"Legendre and Related Functions","chapter-xmlid":"C14","section-title":"Sums","sentence-num-in-chapter":"264","section-xmlid":"C14.S18","sentence-num-in-section":"3","para-num-of-sentences":"3","para-xmlid":"C14.S18.SS2.p1","subsection-title":"Addition Theorems"},"xml-id":"C14.S18.SS2.p1.m1","tex":"$\\theta_{1}$"}}{"expression":{"context-references":{"sentence-num-in-corpus":"8789","subsection-xmlid":"C14.S18.SS2","sentence-xmlid":"C14.S18.SS2.p1.s2","chapter-title":"Legendre and Related Functions","chapter-xmlid":"C14","section-title":"Sums","sentence-num-in-chapter":"264","section-xmlid":"C14.S18","sentence-num-in-section":"3","para-num-of-sentences":"3","para-xmlid":"C14.S18.SS2.p1","subsection-title":"Addition Theorems"},"xml-id":"C14.S18.SS2.p1.m2","tex":"$\\theta_{2}$"}}{"expression":{"context-references":{"sentence-num-in-corpus":"8789","subsection-xmlid":"C14.S18.SS2","sentence-xmlid":"C14.S18.SS2.p1.s2","chapter-title":"Legendre and Related Functions","chapter-xmlid":"C14","section-title":"Sums","sentence-num-in-chapter":"264","section-xmlid":"C14.S18","sentence-num-in-section":"3","para-num-of-sentences":"3","para-xmlid":"C14.S18.SS2.p1","subsection-title":"Addition Theorems"},"xml-id":"C14.S18.SS2.p1.m3","tex":"$\\theta_{1}+\\theta_{2}$"}}{"expression":{"context-references":{"sentence-num-in-corpus":"8789","subsection-xmlid":"C14.S18.SS2","sentence-xmlid":"C14.S18.SS2.p1.s2","chapter-title":"Legendre and Related Functions","chapter-xmlid":"C14","section-title":"Sums","sentence-num-in-chapter":"264","section-xmlid":"C14.S18","sentence-num-in-section":"3","para-num-of-sentences":"3","para-xmlid":"C14.S18.SS2.p1","subsection-title":"Addition Theorems"},"xml-id":"C14.S18.SS2.p1.m4","tex":"$[0,\\pi)$"}}{"expression":{"context-references":{"sentence-num-in-corpus":"8789","subsection-xmlid":"C14.S18.SS2","sentence-xmlid":"C14.S18.SS2.p1.s2","chapter-title":"Legendre and Related Functions","chapter-xmlid":"C14","section-title":"Sums","sentence-num-in-chapter":"264","section-xmlid":"C14.S18","sentence-num-in-section":"3","para-num-of-sentences":"3","para-xmlid":"C14.S18.SS2.p1","subsection-title":"Addition Theorems"},"xml-id":"C14.S18.SS2.p1.m5","tex":"$\\phi$"}}{"expression":{"context-references":{"chapter-title":"Legendre and Related Functions","chapter-xmlid":"C14"},"xml-id":"C14.S18.XMD1.m1","tex":"$\\theta_{1}$"}}{"expression":{"context-references":{"chapter-title":"Legendre and Related Functions","chapter-xmlid":"C14"},"xml-id":"C14.S18.XMD1.m2","tex":"$\\theta_{2}$"}}{"expression":{"context-references":{"chapter-title":"Legendre and Related Functions","chapter-xmlid":"C14"},"xml-id":"C14.S18.XMD2.m1","tex":"$\\phi$"}}{"equation":{"symbols-used":[{"symbol":{"tex":"$\\mathsf{P}^{\\NVar{\\mu}}_{\\NVar{\\nu}}\\left(\\NVar{x}\\right)$","meaning":"Ferrers function of the first kind","idref":"C14.S3.E1","content-tex":"$\\FerrersP[\\NVar{\\mu}]{\\NVar{\\nu}}@{\\NVar{x}}$"}},{"symbol":{"tex":"$\\cos\\NVar{z}$","meaning":"cosine function","idref":"C4.S14.E2","content-tex":"$\\cos@@{\\NVar{z}}$"}},{"symbol":{"tex":"$\\mathsf{P}_{\\NVar{\\nu}}\\left(\\NVar{x}\\right)=\\mathsf{P}^{0}_{\\nu}\\left(x\\right)$","meaning":"Ferrers function of the first kind","idref":"C14.S2.SS2.p2","content-tex":"$\\FerrersP[]{\\NVar{\\nu}}@{\\NVar{x}}=\\FerrersP[0]{\\nu}@{x}$"}},{"symbol":{"tex":"$\\sin\\NVar{z}$","meaning":"sine function","idref":"C4.S14.E1","content-tex":"$\\sin@@{\\NVar{z}}$"}},{"symbol":{"tex":"$m$","meaning":"nonnegative integer","idref":"C14.S1.p1.t1.r3"}},{"symbol":{"tex":"$\\nu$","meaning":"general degree","idref":"C14.S1.p1.t1.r4"}},{"symbol":{"tex":"$\\theta_{1}$","meaning":"real","idref":"C14.S18.SS2.p1"}},{"symbol":{"tex":"$\\phi$","meaning":"real","idref":"C14.S18.SS2.p1"}}],"context-references":{"sentence-num-in-corpus":"8790","subsection-xmlid":"C14.S18.SS2","sentence-xmlid":"C14.S18.SS2.p1.s3","chapter-title":"Legendre and Related Functions","chapter-xmlid":"C14","section-title":"Sums","sentence-num-in-chapter":"265","section-xmlid":"C14.S18","sentence-num-in-section":"4","para-num-of-sentences":"3","para-xmlid":"C14.S18.SS2.p1","subsection-title":"Addition Theorems"},"xml-id":"C14.S18.E1","tex":"$\\mathsf{P}_{\\nu}\\left(\\cos\\theta_{1}\\cos\\theta_{2}+\\sin\\theta_{1}\\sin\\theta_{2 }\\cos\\phi\\right)=\\mathsf{P}_{\\nu}\\left(\\cos\\theta_{1}\\right)\\mathsf{P}_{\\nu} \\left(\\cos\\theta_{2}\\right)+2\\sum_{m=1}^{\\infty}(-1)^{m}\\mathsf{P}^{-m}_{\\nu} \\left(\\cos\\theta_{1}\\right)\\mathsf{P}^{m}_{\\nu}\\left(\\cos\\theta_{2}\\right)\\cos \\left(m\\phi\\right),$","permalink":"http:\/\/dlmf.nist.gov\/14.18.E1","equation-number":"14.18.1","content-tex":"$\\FerrersP[]{\\nu}@{\\cos@@{\\theta_{1}}\\cos@@{\\theta_{2}}+\\sin@@{\\theta_{1}}\\sin @@{\\theta_{2}}\\cos@@{\\phi}}=\\FerrersP[]{\\nu}@{\\cos@@{\\theta_{1}}}\\FerrersP[]{ \\nu}@{\\cos@@{\\theta_{2}}}+2\\sum_{m=1}^{\\infty}(-1)^{m}\\FerrersP[-m]{\\nu}@{\\cos @@{\\theta_{1}}}\\FerrersP[m]{\\nu}@{\\cos@@{\\theta_{2}}}\\cos@{m\\phi},$"}}{"equation":{"symbols-used":[{"symbol":{"tex":"$\\mathsf{P}^{\\NVar{\\mu}}_{\\NVar{\\nu}}\\left(\\NVar{x}\\right)$","meaning":"Ferrers function of the first kind","idref":"C14.S3.E1","content-tex":"$\\FerrersP[\\NVar{\\mu}]{\\NVar{\\nu}}@{\\NVar{x}}$"}},{"symbol":{"tex":"$\\cos\\NVar{z}$","meaning":"cosine function","idref":"C4.S14.E2","content-tex":"$\\cos@@{\\NVar{z}}$"}},{"symbol":{"tex":"$\\mathsf{P}_{\\NVar{\\nu}}\\left(\\NVar{x}\\right)=\\mathsf{P}^{0}_{\\nu}\\left(x\\right)$","meaning":"Ferrers function of the first kind","idref":"C14.S2.SS2.p2","content-tex":"$\\FerrersP[]{\\NVar{\\nu}}@{\\NVar{x}}=\\FerrersP[0]{\\nu}@{x}$"}},{"symbol":{"tex":"$\\sin\\NVar{z}$","meaning":"sine function","idref":"C4.S14.E1","content-tex":"$\\sin@@{\\NVar{z}}$"}},{"symbol":{"tex":"$m$","meaning":"nonnegative integer","idref":"C14.S1.p1.t1.r3"}},{"symbol":{"tex":"$n$","meaning":"nonnegative integer","idref":"C14.S1.p1.t1.r3"}},{"symbol":{"tex":"$\\theta_{1}$","meaning":"real","idref":"C14.S18.SS2.p1"}},{"symbol":{"tex":"$\\phi$","meaning":"real","idref":"C14.S18.SS2.p1"}}],"context-references":{"sentence-num-in-corpus":"8790","subsection-xmlid":"C14.S18.SS2","sentence-xmlid":"C14.S18.SS2.p1.s3","chapter-title":"Legendre and Related Functions","chapter-xmlid":"C14","section-title":"Sums","sentence-num-in-chapter":"265","section-xmlid":"C14.S18","sentence-num-in-section":"4","para-num-of-sentences":"3","para-xmlid":"C14.S18.SS2.p1","subsection-title":"Addition Theorems"},"xml-id":"C14.S18.E2","tex":"$\\mathsf{P}_{n}\\left(\\cos\\theta_{1}\\cos\\theta_{2}+\\sin\\theta_{1}\\sin\\theta_{2} \\cos\\phi\\right)=\\sum_{m=-n}^{n}(-1)^{m}\\mathsf{P}^{-m}_{n}\\left(\\cos\\theta_{1} \\right)\\mathsf{P}^{m}_{n}\\left(\\cos\\theta_{2}\\right)\\cos\\left(m\\phi\\right).$","permalink":"http:\/\/dlmf.nist.gov\/14.18.E2","equation-number":"14.18.2","content-tex":"$\\FerrersP[]{n}@{\\cos@@{\\theta_{1}}\\cos@@{\\theta_{2}}+\\sin@@{\\theta_{1}}\\sin@@{ \\theta_{2}}\\cos@@{\\phi}}=\\sum_{m=-n}^{n}(-1)^{m}\\FerrersP[-m]{n}@{\\cos@@{ \\theta_{1}}}\\FerrersP[m]{n}@{\\cos@@{\\theta_{2}}}\\cos@{m\\phi}.$"}}{"expression":{"context-references":{"sentence-num-in-corpus":"8792","subsection-xmlid":"C14.S18.SS2","sentence-xmlid":"C14.S18.SS2.p2.s2","chapter-title":"Legendre and Related Functions","chapter-xmlid":"C14","section-title":"Sums","sentence-num-in-chapter":"267","section-xmlid":"C14.S18","sentence-num-in-section":"6","para-num-of-sentences":"3","para-xmlid":"C14.S18.SS2.p2","subsection-title":"Addition Theorems"},"xml-id":"C14.S18.SS2.p2.m1","tex":"$\\theta_{1}$"}}{"expression":{"context-references":{"sentence-num-in-corpus":"8792","subsection-xmlid":"C14.S18.SS2","sentence-xmlid":"C14.S18.SS2.p2.s2","chapter-title":"Legendre and Related Functions","chapter-xmlid":"C14","section-title":"Sums","sentence-num-in-chapter":"267","section-xmlid":"C14.S18","sentence-num-in-section":"6","para-num-of-sentences":"3","para-xmlid":"C14.S18.SS2.p2","subsection-title":"Addition Theorems"},"xml-id":"C14.S18.SS2.p2.m2","tex":"$(0,\\frac{1}{2}\\pi)$"}}{"expression":{"context-references":{"sentence-num-in-corpus":"8792","subsection-xmlid":"C14.S18.SS2","sentence-xmlid":"C14.S18.SS2.p2.s2","chapter-title":"Legendre and Related Functions","chapter-xmlid":"C14","section-title":"Sums","sentence-num-in-chapter":"267","section-xmlid":"C14.S18","sentence-num-in-section":"6","para-num-of-sentences":"3","para-xmlid":"C14.S18.SS2.p2","subsection-title":"Addition Theorems"},"xml-id":"C14.S18.SS2.p2.m3","tex":"$\\theta_{2}$"}}{"expression":{"context-references":{"sentence-num-in-corpus":"8792","subsection-xmlid":"C14.S18.SS2","sentence-xmlid":"C14.S18.SS2.p2.s2","chapter-title":"Legendre and Related Functions","chapter-xmlid":"C14","section-title":"Sums","sentence-num-in-chapter":"267","section-xmlid":"C14.S18","sentence-num-in-section":"6","para-num-of-sentences":"3","para-xmlid":"C14.S18.SS2.p2","subsection-title":"Addition Theorems"},"xml-id":"C14.S18.SS2.p2.m4","tex":"$\\theta_{1}+\\theta_{2}$"}}{"expression":{"context-references":{"sentence-num-in-corpus":"8792","subsection-xmlid":"C14.S18.SS2","sentence-xmlid":"C14.S18.SS2.p2.s2","chapter-title":"Legendre and Related Functions","chapter-xmlid":"C14","section-title":"Sums","sentence-num-in-chapter":"267","section-xmlid":"C14.S18","sentence-num-in-section":"6","para-num-of-sentences":"3","para-xmlid":"C14.S18.SS2.p2","subsection-title":"Addition Theorems"},"xml-id":"C14.S18.SS2.p2.m5","tex":"$(0,\\pi)$"}}{"expression":{"context-references":{"sentence-num-in-corpus":"8792","subsection-xmlid":"C14.S18.SS2","sentence-xmlid":"C14.S18.SS2.p2.s2","chapter-title":"Legendre and Related Functions","chapter-xmlid":"C14","section-title":"Sums","sentence-num-in-chapter":"267","section-xmlid":"C14.S18","sentence-num-in-section":"6","para-num-of-sentences":"3","para-xmlid":"C14.S18.SS2.p2","subsection-title":"Addition Theorems"},"xml-id":"C14.S18.SS2.p2.m6","tex":"$\\theta_{1}<\\theta_{2}$"}}{"expression":{"context-references":{"sentence-num-in-corpus":"8792","subsection-xmlid":"C14.S18.SS2","sentence-xmlid":"C14.S18.SS2.p2.s2","chapter-title":"Legendre and Related Functions","chapter-xmlid":"C14","section-title":"Sums","sentence-num-in-chapter":"267","section-xmlid":"C14.S18","sentence-num-in-section":"6","para-num-of-sentences":"3","para-xmlid":"C14.S18.SS2.p2","subsection-title":"Addition Theorems"},"xml-id":"C14.S18.SS2.p2.m7","tex":"$\\phi$"}}{"expression":{"context-references":{"sentence-num-in-corpus":"8792","subsection-xmlid":"C14.S18.SS2","sentence-xmlid":"C14.S18.SS2.p2.s2","chapter-title":"Legendre and Related Functions","chapter-xmlid":"C14","section-title":"Sums","sentence-num-in-chapter":"267","section-xmlid":"C14.S18","sentence-num-in-section":"6","para-num-of-sentences":"3","para-xmlid":"C14.S18.SS2.p2","subsection-title":"Addition Theorems"},"xml-id":"C14.S18.SS2.p2.m8","tex":"$\\nu\\neq-1,-2,-3,\\dots$"}}{"equation":{"symbols-used":[{"symbol":{"tex":"$\\mathsf{P}^{\\NVar{\\mu}}_{\\NVar{\\nu}}\\left(\\NVar{x}\\right)$","meaning":"Ferrers function of the first kind","idref":"C14.S3.E1","content-tex":"$\\FerrersP[\\NVar{\\mu}]{\\NVar{\\nu}}@{\\NVar{x}}$"}},{"symbol":{"tex":"$\\mathsf{Q}^{\\NVar{\\mu}}_{\\NVar{\\nu}}\\left(\\NVar{x}\\right)$","meaning":"Ferrers function of the second kind","idref":"C14.S3.E2","content-tex":"$\\FerrersQ[\\NVar{\\mu}]{\\NVar{\\nu}}@{\\NVar{x}}$"}},{"symbol":{"tex":"$\\cos\\NVar{z}$","meaning":"cosine function","idref":"C4.S14.E2","content-tex":"$\\cos@@{\\NVar{z}}$"}},{"symbol":{"tex":"$\\mathsf{P}_{\\NVar{\\nu}}\\left(\\NVar{x}\\right)=\\mathsf{P}^{0}_{\\nu}\\left(x\\right)$","meaning":"Ferrers function of the first kind","idref":"C14.S2.SS2.p2","content-tex":"$\\FerrersP[]{\\NVar{\\nu}}@{\\NVar{x}}=\\FerrersP[0]{\\nu}@{x}$"}},{"symbol":{"tex":"$\\mathsf{Q}_{\\NVar{\\nu}}\\left(\\NVar{x}\\right)=\\mathsf{Q}^{0}_{\\nu}\\left(x\\right)$","meaning":"Ferrers function of the second kind","idref":"C14.S2.SS2.p2","content-tex":"$\\FerrersQ[]{\\NVar{\\nu}}@{\\NVar{x}}=\\FerrersQ[0]{\\nu}@{x}$"}},{"symbol":{"tex":"$\\sin\\NVar{z}$","meaning":"sine function","idref":"C4.S14.E1","content-tex":"$\\sin@@{\\NVar{z}}$"}},{"symbol":{"tex":"$m$","meaning":"nonnegative integer","idref":"C14.S1.p1.t1.r3"}},{"symbol":{"tex":"$\\nu$","meaning":"general degree","idref":"C14.S1.p1.t1.r4"}},{"symbol":{"tex":"$\\theta_{1}$","meaning":"real","idref":"C14.S18.SS2.p1"}},{"symbol":{"tex":"$\\phi$","meaning":"real","idref":"C14.S18.SS2.p1"}}],"context-references":{"sentence-num-in-corpus":"8793","subsection-xmlid":"C14.S18.SS2","sentence-xmlid":"C14.S18.SS2.p2.s3","chapter-title":"Legendre and Related Functions","chapter-xmlid":"C14","section-title":"Sums","sentence-num-in-chapter":"268","section-xmlid":"C14.S18","sentence-num-in-section":"7","para-num-of-sentences":"3","para-xmlid":"C14.S18.SS2.p2","subsection-title":"Addition Theorems"},"xml-id":"C14.S18.E3","tex":"$\\mathsf{Q}_{\\nu}\\left(\\cos\\theta_{1}\\cos\\theta_{2}+\\sin\\theta_{1}\\sin\\theta_{2 }\\cos\\phi\\right)=\\mathsf{P}_{\\nu}\\left(\\cos\\theta_{1}\\right)\\mathsf{Q}_{\\nu} \\left(\\cos\\theta_{2}\\right)+2\\sum_{m=1}^{\\infty}(-1)^{m}\\mathsf{P}^{-m}_{\\nu} \\left(\\cos\\theta_{1}\\right)\\mathsf{Q}^{m}_{\\nu}\\left(\\cos\\theta_{2}\\right)\\cos \\left(m\\phi\\right).$","permalink":"http:\/\/dlmf.nist.gov\/14.18.E3","equation-number":"14.18.3","content-tex":"$\\FerrersQ[]{\\nu}@{\\cos@@{\\theta_{1}}\\cos@@{\\theta_{2}}+\\sin@@{\\theta_{1}}\\sin @@{\\theta_{2}}\\cos@@{\\phi}}=\\FerrersP[]{\\nu}@{\\cos@@{\\theta_{1}}}\\FerrersQ[]{ \\nu}@{\\cos@@{\\theta_{2}}}+2\\sum_{m=1}^{\\infty}(-1)^{m}\\FerrersP[-m]{\\nu}@{\\cos @@{\\theta_{1}}}\\FerrersQ[m]{\\nu}@{\\cos@@{\\theta_{2}}}\\cos@{m\\phi}.$"}}{"expression":{"context-references":{"sentence-num-in-corpus":"8795","subsection-xmlid":"C14.S18.SS2","sentence-xmlid":"C14.S18.SS2.p3.s2","chapter-title":"Legendre and Related Functions","chapter-xmlid":"C14","section-title":"Sums","sentence-num-in-chapter":"270","section-xmlid":"C14.S18","sentence-num-in-section":"9","para-num-of-sentences":"4","para-xmlid":"C14.S18.SS2.p3","subsection-title":"Addition Theorems"},"xml-id":"C14.S18.SS2.p3.m1","tex":"$\\xi_{1}$"}}{"expression":{"context-references":{"sentence-num-in-corpus":"8795","subsection-xmlid":"C14.S18.SS2","sentence-xmlid":"C14.S18.SS2.p3.s2","chapter-title":"Legendre and Related Functions","chapter-xmlid":"C14","section-title":"Sums","sentence-num-in-chapter":"270","section-xmlid":"C14.S18","sentence-num-in-section":"9","para-num-of-sentences":"4","para-xmlid":"C14.S18.SS2.p3","subsection-title":"Addition Theorems"},"xml-id":"C14.S18.SS2.p3.m2","tex":"$\\xi_{2}$"}}{"expression":{"context-references":{"chapter-title":"Legendre and Related Functions","chapter-xmlid":"C14"},"xml-id":"C14.S18.XMD3.m1","tex":"$\\xi_{1}$"}}{"expression":{"context-references":{"chapter-title":"Legendre and Related Functions","chapter-xmlid":"C14"},"xml-id":"C14.S18.XMD3.m2","tex":"$\\xi_{2}$"}}{"expression":{"context-references":{"sentence-num-in-corpus":"8795","subsection-xmlid":"C14.S18.SS2","sentence-xmlid":"C14.S18.SS2.p3.s2","chapter-title":"Legendre and Related Functions","chapter-xmlid":"C14","section-title":"Sums","sentence-num-in-chapter":"270","section-xmlid":"C14.S18","sentence-num-in-section":"9","para-num-of-sentences":"4","para-xmlid":"C14.S18.SS2.p3","subsection-title":"Addition Theorems"},"xml-id":"C14.S18.SS2.p3.m3","tex":"$\\phi$"}}{"expression":{"context-references":{"sentence-num-in-corpus":"8796","subsection-xmlid":"C14.S18.SS2","sentence-xmlid":"C14.S18.SS2.p3.s3","chapter-title":"Legendre and Related Functions","chapter-xmlid":"C14","section-title":"Sums","sentence-num-in-chapter":"271","section-xmlid":"C14.S18","sentence-num-in-section":"10","para-num-of-sentences":"4","para-xmlid":"C14.S18.SS2.p3","subsection-title":"Addition Theorems"},"xml-id":"C14.S18.SS2.p3.m4","tex":"$\\xi_{1}<\\xi_{2}$"}}{"expression":{"context-references":{"sentence-num-in-corpus":"8796","subsection-xmlid":"C14.S18.SS2","sentence-xmlid":"C14.S18.SS2.p3.s3","chapter-title":"Legendre and Related Functions","chapter-xmlid":"C14","section-title":"Sums","sentence-num-in-chapter":"271","section-xmlid":"C14.S18","sentence-num-in-section":"10","para-num-of-sentences":"4","para-xmlid":"C14.S18.SS2.p3","subsection-title":"Addition Theorems"},"xml-id":"C14.S18.SS2.p3.m5","tex":"$\\nu\\neq-1,-2,-3,\\dots$"}}{"equation":{"symbols-used":[{"symbol":{"tex":"$P^{\\NVar{\\mu}}_{\\NVar{\\nu}}\\left(\\NVar{z}\\right)$","meaning":"associated Legendre function of the first kind","idref":"C14.S21.SS1.p1","content-tex":"$\\assLegendreP[\\NVar{\\mu}]{\\NVar{\\nu}}@{\\NVar{z}}$"}},{"symbol":{"tex":"$\\cos\\NVar{z}$","meaning":"cosine function","idref":"C4.S14.E2","content-tex":"$\\cos@@{\\NVar{z}}$"}},{"symbol":{"tex":"$\\cosh\\NVar{z}$","meaning":"hyperbolic cosine function","idref":"C4.S28.E2","content-tex":"$\\cosh@@{\\NVar{z}}$"}},{"symbol":{"tex":"$\\sinh\\NVar{z}$","meaning":"hyperbolic sine function","idref":"C4.S28.E1","content-tex":"$\\sinh@@{\\NVar{z}}$"}},{"symbol":{"tex":"$P_{\\NVar{\\nu}}\\left(\\NVar{z}\\right)=P^{0}_{\\nu}\\left(z\\right)$","meaning":"Legendre function of the first kind","idref":"C14.S2.SS2.p2","content-tex":"$\\assLegendreP[]{\\NVar{\\nu}}@{\\NVar{z}}=\\assLegendreP[0]{\\nu}@{z}$"}},{"symbol":{"tex":"$m$","meaning":"nonnegative integer","idref":"C14.S1.p1.t1.r3"}},{"symbol":{"tex":"$\\nu$","meaning":"general degree","idref":"C14.S1.p1.t1.r4"}},{"symbol":{"tex":"$\\phi$","meaning":"real","idref":"C14.S18.SS2.p1"}},{"symbol":{"tex":"$\\xi_{1}$","meaning":"positive","idref":"C14.S18.SS2.p3"}}],"context-references":{"sentence-num-in-corpus":"8797","subsection-xmlid":"C14.S18.SS2","sentence-xmlid":"C14.S18.SS2.p3.s4","chapter-title":"Legendre and Related Functions","chapter-xmlid":"C14","section-title":"Sums","sentence-num-in-chapter":"272","section-xmlid":"C14.S18","sentence-num-in-section":"11","para-num-of-sentences":"4","para-xmlid":"C14.S18.SS2.p3","subsection-title":"Addition Theorems"},"xml-id":"C14.S18.E4","tex":"$P_{\\nu}\\left(\\cosh\\xi_{1}\\cosh\\xi_{2}-\\sinh\\xi_{1}\\sinh\\xi_{2}\\cos\\phi\\right)= P_{\\nu}\\left(\\cosh\\xi_{1}\\right)P_{\\nu}\\left(\\cosh\\xi_{2}\\right)+2\\sum_{m=1}^{ \\infty}(-1)^{m}P^{-m}_{\\nu}\\left(\\cosh\\xi_{1}\\right)P^{m}_{\\nu}\\left(\\cosh\\xi_ {2}\\right)\\cos\\left(m\\phi\\right),$","permalink":"http:\/\/dlmf.nist.gov\/14.18.E4","equation-number":"14.18.4","content-tex":"$\\assLegendreP[]{\\nu}@{\\cosh@@{\\xi_{1}}\\cosh@@{\\xi_{2}}-\\sinh@@{\\xi_{1}}\\sinh@@ {\\xi_{2}}\\cos@@{\\phi}}=\\assLegendreP[]{\\nu}@{\\cosh@@{\\xi_{1}}}\\assLegendreP[]{ \\nu}@{\\cosh@@{\\xi_{2}}}+2\\sum_{m=1}^{\\infty}(-1)^{m}\\assLegendreP[-m]{\\nu}@{ \\cosh@@{\\xi_{1}}}\\assLegendreP[m]{\\nu}@{\\cosh@@{\\xi_{2}}}\\cos@{m\\phi},$"}}{"equation":{"symbols-used":[{"symbol":{"tex":"$P^{\\NVar{\\mu}}_{\\NVar{\\nu}}\\left(\\NVar{z}\\right)$","meaning":"associated Legendre function of the first kind","idref":"C14.S21.SS1.p1","content-tex":"$\\assLegendreP[\\NVar{\\mu}]{\\NVar{\\nu}}@{\\NVar{z}}$"}},{"symbol":{"tex":"$Q^{\\NVar{\\mu}}_{\\NVar{\\nu}}\\left(\\NVar{z}\\right)$","meaning":"associated Legendre function of the second kind","idref":"C14.S21.SS1.p1","content-tex":"$\\assLegendreQ[\\NVar{\\mu}]{\\NVar{\\nu}}@{\\NVar{z}}$"}},{"symbol":{"tex":"$\\cos\\NVar{z}$","meaning":"cosine function","idref":"C4.S14.E2","content-tex":"$\\cos@@{\\NVar{z}}$"}},{"symbol":{"tex":"$\\cosh\\NVar{z}$","meaning":"hyperbolic cosine function","idref":"C4.S28.E2","content-tex":"$\\cosh@@{\\NVar{z}}$"}},{"symbol":{"tex":"$\\sinh\\NVar{z}$","meaning":"hyperbolic sine function","idref":"C4.S28.E1","content-tex":"$\\sinh@@{\\NVar{z}}$"}},{"symbol":{"tex":"$P_{\\NVar{\\nu}}\\left(\\NVar{z}\\right)=P^{0}_{\\nu}\\left(z\\right)$","meaning":"Legendre function of the first kind","idref":"C14.S2.SS2.p2","content-tex":"$\\assLegendreP[]{\\NVar{\\nu}}@{\\NVar{z}}=\\assLegendreP[0]{\\nu}@{z}$"}},{"symbol":{"tex":"$Q_{\\NVar{\\nu}}\\left(\\NVar{z}\\right)=Q^{0}_{\\nu}\\left(z\\right)$","meaning":"Legendre function of the second kind","idref":"C14.S2.SS2.p2","content-tex":"$\\assLegendreQ[]{\\NVar{\\nu}}@{\\NVar{z}}=\\assLegendreQ[0]{\\nu}@{z}$"}},{"symbol":{"tex":"$m$","meaning":"nonnegative integer","idref":"C14.S1.p1.t1.r3"}},{"symbol":{"tex":"$\\nu$","meaning":"general degree","idref":"C14.S1.p1.t1.r4"}},{"symbol":{"tex":"$\\phi$","meaning":"real","idref":"C14.S18.SS2.p1"}},{"symbol":{"tex":"$\\xi_{1}$","meaning":"positive","idref":"C14.S18.SS2.p3"}}],"context-references":{"sentence-num-in-corpus":"8797","subsection-xmlid":"C14.S18.SS2","sentence-xmlid":"C14.S18.SS2.p3.s4","chapter-title":"Legendre and Related Functions","chapter-xmlid":"C14","section-title":"Sums","sentence-num-in-chapter":"272","section-xmlid":"C14.S18","sentence-num-in-section":"11","para-num-of-sentences":"4","para-xmlid":"C14.S18.SS2.p3","subsection-title":"Addition Theorems"},"xml-id":"C14.S18.E5","tex":"$Q_{\\nu}\\left(\\cosh\\xi_{1}\\cosh\\xi_{2}-\\sinh\\xi_{1}\\sinh\\xi_{2}\\cos\\phi\\right)= P_{\\nu}\\left(\\cosh\\xi_{1}\\right)Q_{\\nu}\\left(\\cosh\\xi_{2}\\right)+2\\sum_{m=1}^{ \\infty}(-1)^{m}P^{-m}_{\\nu}\\left(\\cosh\\xi_{1}\\right)Q^{m}_{\\nu}\\left(\\cosh\\xi_ {2}\\right)\\cos\\left(m\\phi\\right).$","permalink":"http:\/\/dlmf.nist.gov\/14.18.E5","equation-number":"14.18.5","content-tex":"$\\assLegendreQ[]{\\nu}@{\\cosh@@{\\xi_{1}}\\cosh@@{\\xi_{2}}-\\sinh@@{\\xi_{1}}\\sinh@@ {\\xi_{2}}\\cos@@{\\phi}}=\\assLegendreP[]{\\nu}@{\\cosh@@{\\xi_{1}}}\\assLegendreQ[]{ \\nu}@{\\cosh@@{\\xi_{2}}}+2\\sum_{m=1}^{\\infty}(-1)^{m}\\assLegendreP[-m]{\\nu}@{ \\cosh@@{\\xi_{1}}}\\assLegendreQ[m]{\\nu}@{\\cosh@@{\\xi_{2}}}\\cos@{m\\phi}.$"}}{"equation":{"symbols-used":[{"symbol":{"tex":"$P_{\\NVar{\\nu}}\\left(\\NVar{z}\\right)=P^{0}_{\\nu}\\left(z\\right)$","meaning":"Legendre function of the first kind","idref":"C14.S2.SS2.p2","content-tex":"$\\assLegendreP[]{\\NVar{\\nu}}@{\\NVar{z}}=\\assLegendreP[0]{\\nu}@{z}$"}},{"symbol":{"tex":"$n$","meaning":"nonnegative integer","idref":"C14.S1.p1.t1.r3"}}],"context-references":{"sentence-num-in-corpus":"8798","sentence-xmlid":"C14.S18.Px1.p1.s1","chapter-title":"Legendre and Related Functions","chapter-xmlid":"C14","paragraph-xmlid":"C14.S18.Px1","sentence-num-in-chapter":"273","section-xmlid":"C14.S18","sentence-num-in-section":"12","para-xmlid":"C14.S18.Px1.p1","subsection-title":"Other Sums","subsection-xmlid":"C14.S18.SS3","paragraph-title":"Christoffel\u2019s Formulas","section-title":"Sums","para-num-of-sentences":"3"},"xml-id":"C14.S18.E6","tex":"$(x-y)\\sum_{k=0}^{n}(2k+1)P_{k}\\left(x\\right)P_{k}\\left(y\\right)=(n+1)\\left(P_{ n+1}\\left(x\\right)P_{n}\\left(y\\right)-P_{n}\\left(x\\right)P_{n+1}\\left(y\\right) \\right),$","permalink":"http:\/\/dlmf.nist.gov\/14.18.E6","equation-number":"14.18.6","content-tex":"$(x-y)\\sum_{k=0}^{n}(2k+1)\\assLegendreP[]{k}@{x}\\assLegendreP[]{k}@{y}=(n+1) \\left(\\assLegendreP[]{n+1}@{x}\\assLegendreP[]{n}@{y}-\\assLegendreP[]{n}@{x} \\assLegendreP[]{n+1}@{y}\\right),$"}}{"equation":{"symbols-used":[{"symbol":{"tex":"$P_{\\NVar{\\nu}}\\left(\\NVar{z}\\right)=P^{0}_{\\nu}\\left(z\\right)$","meaning":"Legendre function of the first kind","idref":"C14.S2.SS2.p2","content-tex":"$\\assLegendreP[]{\\NVar{\\nu}}@{\\NVar{z}}=\\assLegendreP[0]{\\nu}@{z}$"}},{"symbol":{"tex":"$Q_{\\NVar{\\nu}}\\left(\\NVar{z}\\right)=Q^{0}_{\\nu}\\left(z\\right)$","meaning":"Legendre function of the second kind","idref":"C14.S2.SS2.p2","content-tex":"$\\assLegendreQ[]{\\NVar{\\nu}}@{\\NVar{z}}=\\assLegendreQ[0]{\\nu}@{z}$"}},{"symbol":{"tex":"$n$","meaning":"nonnegative integer","idref":"C14.S1.p1.t1.r3"}}],"context-references":{"sentence-num-in-corpus":"8798","sentence-xmlid":"C14.S18.Px1.p1.s1","chapter-title":"Legendre and Related Functions","chapter-xmlid":"C14","paragraph-xmlid":"C14.S18.Px1","sentence-num-in-chapter":"273","section-xmlid":"C14.S18","sentence-num-in-section":"12","para-xmlid":"C14.S18.Px1.p1","subsection-title":"Other Sums","subsection-xmlid":"C14.S18.SS3","paragraph-title":"Christoffel\u2019s Formulas","section-title":"Sums","para-num-of-sentences":"3"},"xml-id":"C14.S18.E7","tex":"$(x-y)\\sum_{k=0}^{n}(2k+1)P_{k}\\left(x\\right)Q_{k}\\left(y\\right)=(n+1)\\left(P_{ n+1}\\left(x\\right)Q_{n}\\left(y\\right)-P_{n}\\left(x\\right)Q_{n+1}\\left(y\\right) \\right)-1.$","permalink":"http:\/\/dlmf.nist.gov\/14.18.E7","equation-number":"14.18.7","content-tex":"$(x-y)\\sum_{k=0}^{n}(2k+1)\\assLegendreP[]{k}@{x}\\assLegendreQ[]{k}@{y}=(n+1) \\left(\\assLegendreP[]{n+1}@{x}\\assLegendreQ[]{n}@{y}-\\assLegendreP[]{n}@{x} \\assLegendreQ[]{n+1}@{y}\\right)-1.$"}}{"expression":{"context-references":{"sentence-num-in-corpus":"8799","sentence-xmlid":"C14.S18.Px1.p1.s2","chapter-title":"Legendre and Related Functions","chapter-xmlid":"C14","paragraph-xmlid":"C14.S18.Px1","sentence-num-in-chapter":"274","section-xmlid":"C14.S18","sentence-num-in-section":"13","para-xmlid":"C14.S18.Px1.p1","subsection-title":"Other Sums","subsection-xmlid":"C14.S18.SS3","paragraph-title":"Christoffel\u2019s Formulas","section-title":"Sums","para-num-of-sentences":"3"},"xml-id":"C14.S18.Px1.p1.m1","tex":"$\\mu=0$"}}{"expression":{"context-references":{"sentence-num-in-corpus":"8800","sentence-xmlid":"C14.S18.Px1.p1.s3","chapter-title":"Legendre and Related Functions","chapter-xmlid":"C14","paragraph-xmlid":"C14.S18.Px1","sentence-num-in-chapter":"275","section-xmlid":"C14.S18","sentence-num-in-section":"14","para-xmlid":"C14.S18.Px1.p1","subsection-title":"Other Sums","subsection-xmlid":"C14.S18.SS3","paragraph-title":"Christoffel\u2019s Formulas","section-title":"Sums","para-num-of-sentences":"3"},"xml-id":"C14.S18.Px1.p1.m2","tex":"$\\mu=0$"}}{"equation":{"symbols-used":[{"symbol":{"tex":"$\\pi$","meaning":"the ratio of the circumference of a circle to its diameter","idref":"C3.S12.E1","content-tex":"$\\cpi$"}},{"symbol":{"tex":"$\\mathbb{Z}$","meaning":"set of all integers","idref":"introduction.Sx4.p2.t1.r20","content-tex":"$\\Integers$"}},{"symbol":{"tex":"$\\notin$","meaning":"not an element of","idref":"introduction.Sx4.p1.t1.r11"}},{"symbol":{"tex":"$\\mathsf{P}_{\\NVar{\\nu}}\\left(\\NVar{x}\\right)=\\mathsf{P}^{0}_{\\nu}\\left(x\\right)$","meaning":"Ferrers function of the first kind","idref":"C14.S2.SS2.p2","content-tex":"$\\FerrersP[]{\\NVar{\\nu}}@{\\NVar{x}}=\\FerrersP[0]{\\nu}@{x}$"}},{"symbol":{"tex":"$\\sin\\NVar{z}$","meaning":"sine function","idref":"C4.S14.E1","content-tex":"$\\sin@@{\\NVar{z}}$"}},{"symbol":{"tex":"$n$","meaning":"nonnegative integer","idref":"C14.S1.p1.t1.r3"}},{"symbol":{"tex":"$\\nu$","meaning":"general degree","idref":"C14.S1.p1.t1.r4"}}],"context-references":{"sentence-num-in-corpus":"8801","sentence-xmlid":"C14.S18.Px2.p1.s1","chapter-title":"Legendre and Related Functions","chapter-xmlid":"C14","paragraph-xmlid":"C14.S18.Px2","sentence-num-in-chapter":"276","section-xmlid":"C14.S18","sentence-num-in-section":"15","para-xmlid":"C14.S18.Px2.p1","subsection-title":"Other Sums","subsection-xmlid":"C14.S18.SS3","paragraph-title":"Zonal Harmonic Series","section-title":"Sums","para-num-of-sentences":"1"},"xml-id":"C14.S18.E8","tex":"$\\mathsf{P}_{\\nu}\\left(-x\\right)=\\frac{\\sin\\left(\\nu\\pi\\right)}{\\pi}\\sum_{n=0}^ {\\infty}\\frac{2n+1}{(\\nu-n)(\\nu+n+1)}\\mathsf{P}_{n}\\left(x\\right),$","permalink":"http:\/\/dlmf.nist.gov\/14.18.E8","equation-number":"14.18.8","constraints":{"tex":"$\\nu\\notin\\mathbb{Z}$.","content-tex":"$\\nu\\notin\\Integers$."},"content-tex":"$\\FerrersP[]{\\nu}@{-x}=\\frac{\\sin@{\\nu\\pi}}{\\pi}\\sum_{n=0}^{\\infty}\\frac{2n+1}{ (\\nu-n)(\\nu+n+1)}\\FerrersP[]{n}@{x},$"}}{"equation":{"symbols-used":[{"symbol":{"tex":"$\\mathsf{P}^{\\NVar{\\mu}}_{\\NVar{\\nu}}\\left(\\NVar{x}\\right)$","meaning":"Ferrers function of the first kind","idref":"C14.S3.E1","content-tex":"$\\FerrersP[\\NVar{\\mu}]{\\NVar{\\nu}}@{\\NVar{x}}$"}},{"symbol":{"tex":"$\\pi$","meaning":"the ratio of the circumference of a circle to its diameter","idref":"C3.S12.E1","content-tex":"$\\cpi$"}},{"symbol":{"tex":"$\\mathbb{Z}$","meaning":"set of all integers","idref":"introduction.Sx4.p2.t1.r20","content-tex":"$\\Integers$"}},{"symbol":{"tex":"$\\notin$","meaning":"not an element of","idref":"introduction.Sx4.p1.t1.r11"}},{"symbol":{"tex":"$\\sin\\NVar{z}$","meaning":"sine function","idref":"C4.S14.E1","content-tex":"$\\sin@@{\\NVar{z}}$"}},{"symbol":{"tex":"$n$","meaning":"nonnegative integer","idref":"C14.S1.p1.t1.r3"}},{"symbol":{"tex":"$\\mu$","meaning":"general order","idref":"C14.S1.p1.t1.r4"}},{"symbol":{"tex":"$\\nu$","meaning":"general degree","idref":"C14.S1.p1.t1.r4"}}],"context-references":{"sentence-num-in-corpus":"8802","sentence-xmlid":"C14.S18.Px3.p1.s1","chapter-title":"Legendre and Related Functions","chapter-xmlid":"C14","paragraph-xmlid":"C14.S18.Px3","sentence-num-in-chapter":"277","section-xmlid":"C14.S18","sentence-num-in-section":"16","para-xmlid":"C14.S18.Px3.p1","subsection-title":"Other Sums","subsection-xmlid":"C14.S18.SS3","paragraph-title":"Dougall\u2019s Expansion","section-title":"Sums","para-num-of-sentences":"1"},"xml-id":"C14.S18.E9","tex":"$\\mathsf{P}^{-\\mu}_{\\nu}\\left(x\\right)=\\frac{\\sin\\left(\\nu\\pi\\right)}{\\pi}\\sum_ {n=0}^{\\infty}(-1)^{n}\\frac{2n+1}{(\\nu-n)(\\nu+n+1)}\\mathsf{P}^{-\\mu}_{n}\\left( x\\right),$","permalink":"http:\/\/dlmf.nist.gov\/14.18.E9","equation-number":"14.18.9","constraints":{"tex":"$-1<x\\leq 1$, $\\mu\\geq 0$, $\\nu\\notin\\mathbb{Z}$.","content-tex":"$-1<x\\leq 1$, $\\mu\\geq 0$, $\\nu\\notin\\Integers$."},"content-tex":"$\\FerrersP[-\\mu]{\\nu}@{x}=\\frac{\\sin@{\\nu\\pi}}{\\pi}\\sum_{n=0}^{\\infty}(-1)^{n} \\frac{2n+1}{(\\nu-n)(\\nu+n+1)}\\FerrersP[-\\mu]{n}@{x},$"}}