{"expression":{"context-references":{"subsection-xmlid":"C14.S12.SS1","chapter-title":"Legendre and Related Functions","chapter-xmlid":"C14","section-title":"Integral Representations","section-xmlid":"C14.S12","subsection-title":"<Math mode=\"inline\" xml:id=\"C14.S12.SS1.m1\">-1&lt;x&lt;1<\/Math>"},"xml-id":"C14.S12.SS1.m1","tex":"$-1<x<1$"}}{"expression":{"context-references":{"chapter-title":"Legendre and Related Functions","chapter-xmlid":"C14"},"xml-id":"C14.S12.SS1.m2","tex":"$-1<x<1$"}}{"equation":{"symbols-used":[{"symbol":{"tex":"$\\Gamma\\left(\\NVar{z}\\right)$","meaning":"gamma function","idref":"C5.S2.E1","content-tex":"$\\EulerGamma@{\\NVar{z}}$"}},{"symbol":{"tex":"$\\mathsf{P}^{\\NVar{\\mu}}_{\\NVar{\\nu}}\\left(\\NVar{x}\\right)$","meaning":"Ferrers function of the first kind","idref":"C14.S3.E1","content-tex":"$\\FerrersP[\\NVar{\\mu}]{\\NVar{\\nu}}@{\\NVar{x}}$"}},{"symbol":{"tex":"$\\pi$","meaning":"the ratio of the circumference of a circle to its diameter","idref":"C3.S12.E1","content-tex":"$\\cpi$"}},{"symbol":{"tex":"$\\cos\\NVar{z}$","meaning":"cosine function","idref":"C4.S14.E2","content-tex":"$\\cos@@{\\NVar{z}}$"}},{"symbol":{"tex":"$\\mathrm{d}\\NVar{x}$","meaning":"differential of $x$","idref":"C1.S4.SS4","content-tex":"$\\diff{\\NVar{x}}$"}},{"symbol":{"tex":"$\\int$","meaning":"integral","idref":"C1.S4.SS4"}},{"symbol":{"tex":"$\\Re$","meaning":"real part","idref":"C1.S9.E2","content-tex":"$\\realpart@@$"}},{"symbol":{"tex":"$\\sin\\NVar{z}$","meaning":"sine function","idref":"C4.S14.E1","content-tex":"$\\sin@@{\\NVar{z}}$"}},{"symbol":{"tex":"$\\mu$","meaning":"general order","idref":"C14.S1.p1.t1.r4"}},{"symbol":{"tex":"$\\nu$","meaning":"general degree","idref":"C14.S1.p1.t1.r4"}}],"context-references":{"sentence-num-in-corpus":"8683","sentence-xmlid":"C14.S12.Px1.p1.s1","chapter-title":"Legendre and Related Functions","chapter-xmlid":"C14","paragraph-xmlid":"C14.S12.Px1","sentence-num-in-chapter":"158","section-xmlid":"C14.S12","sentence-num-in-section":"1","para-xmlid":"C14.S12.Px1.p1","subsection-title":"<Math mode=\"inline\" xml:id=\"C14.S12.SS1.m1\">-1&lt;x&lt;1<\/Math>","subsection-xmlid":"C14.S12.SS1","paragraph-title":"Mehler\u2013Dirichlet Formula","section-title":"Integral Representations","para-num-of-sentences":"3"},"xml-id":"C14.S12.E1","tex":"$\\mathsf{P}^{\\mu}_{\\nu}\\left(\\cos\\theta\\right)=\\frac{2^{1\/2}(\\sin\\theta)^{\\mu}} {\\pi^{1\/2}\\Gamma\\left(\\frac{1}{2}-\\mu\\right)}\\int_{0}^{\\theta}\\frac{\\cos\\left( \\left(\\nu+\\frac{1}{2}\\right)t\\right)}{(\\cos t-\\cos\\theta)^{\\mu+(1\/2)}}\\mathrm{ d}t,$","permalink":"http:\/\/dlmf.nist.gov\/14.12.E1","equation-number":"14.12.1","constraints":{"tex":"$0<\\theta<\\pi$, $\\Re\\mu<\\tfrac{1}{2}$.","content-tex":"$0<\\theta<\\pi$, $\\realpart@@{\\mu}<\\tfrac{1}{2}$."},"content-tex":"$\\FerrersP[\\mu]{\\nu}@{\\cos@@{\\theta}}=\\frac{2^{1\/2}(\\sin@@{\\theta})^{\\mu}}{\\pi^ {1\/2}\\EulerGamma@{\\frac{1}{2}-\\mu}}\\int_{0}^{\\theta}\\frac{\\cos@{\\left(\\nu+ \\frac{1}{2}\\right)t}}{(\\cos@@{t}-\\cos@@{\\theta})^{\\mu+(1\/2)}}\\diff{t},$"}}{"equation":{"symbols-used":[{"symbol":{"tex":"$\\Gamma\\left(\\NVar{z}\\right)$","meaning":"gamma function","idref":"C5.S2.E1","content-tex":"$\\EulerGamma@{\\NVar{z}}$"}},{"symbol":{"tex":"$\\mathsf{P}^{\\NVar{\\mu}}_{\\NVar{\\nu}}\\left(\\NVar{x}\\right)$","meaning":"Ferrers function of the first kind","idref":"C14.S3.E1","content-tex":"$\\FerrersP[\\NVar{\\mu}]{\\NVar{\\nu}}@{\\NVar{x}}$"}},{"symbol":{"tex":"$\\mathrm{d}\\NVar{x}$","meaning":"differential of $x$","idref":"C1.S4.SS4","content-tex":"$\\diff{\\NVar{x}}$"}},{"symbol":{"tex":"$\\int$","meaning":"integral","idref":"C1.S4.SS4"}},{"symbol":{"tex":"$\\Re$","meaning":"real part","idref":"C1.S9.E2","content-tex":"$\\realpart@@$"}},{"symbol":{"tex":"$\\mathsf{P}_{\\NVar{\\nu}}\\left(\\NVar{x}\\right)=\\mathsf{P}^{0}_{\\nu}\\left(x\\right)$","meaning":"Ferrers function of the first kind","idref":"C14.S2.SS2.p2","content-tex":"$\\FerrersP[]{\\NVar{\\nu}}@{\\NVar{x}}=\\FerrersP[0]{\\nu}@{x}$"}},{"symbol":{"tex":"$x$","meaning":"real variable","idref":"C14.S1.p1.t1.r1"}},{"symbol":{"tex":"$\\mu$","meaning":"general order","idref":"C14.S1.p1.t1.r4"}},{"symbol":{"tex":"$\\nu$","meaning":"general degree","idref":"C14.S1.p1.t1.r4"}}],"context-references":{"sentence-num-in-corpus":"8684","sentence-xmlid":"C14.S12.Px1.p1.s2","chapter-title":"Legendre and Related Functions","chapter-xmlid":"C14","paragraph-xmlid":"C14.S12.Px1","sentence-num-in-chapter":"159","section-xmlid":"C14.S12","sentence-num-in-section":"2","para-xmlid":"C14.S12.Px1.p1","subsection-title":"<Math mode=\"inline\" xml:id=\"C14.S12.SS1.m1\">-1&lt;x&lt;1<\/Math>","subsection-xmlid":"C14.S12.SS1","paragraph-title":"Mehler\u2013Dirichlet Formula","section-title":"Integral Representations","para-num-of-sentences":"3"},"xml-id":"C14.S12.E2","tex":"$\\mathsf{P}^{-\\mu}_{\\nu}\\left(x\\right)=\\frac{\\left(1-x^{2}\\right)^{-\\mu\/2}}{ \\Gamma\\left(\\mu\\right)}\\int_{x}^{1}\\mathsf{P}_{\\nu}\\left(t\\right)(t-x)^{\\mu-1} \\mathrm{d}t,$","permalink":"http:\/\/dlmf.nist.gov\/14.12.E2","equation-number":"14.12.2","constraints":{"tex":"$\\Re\\mu>0$;","content-tex":"$\\realpart@@{\\mu}>0$;"},"content-tex":"$\\FerrersP[-\\mu]{\\nu}@{x}=\\frac{\\left(1-x^{2}\\right)^{-\\mu\/2}}{\\EulerGamma@{\\mu }}\\int_{x}^{1}\\FerrersP[]{\\nu}@{t}(t-x)^{\\mu-1}\\diff{t},$"}}{"equation":{"symbols-used":[{"symbol":{"tex":"$\\Gamma\\left(\\NVar{z}\\right)$","meaning":"gamma function","idref":"C5.S2.E1","content-tex":"$\\EulerGamma@{\\NVar{z}}$"}},{"symbol":{"tex":"$\\mathsf{Q}^{\\NVar{\\mu}}_{\\NVar{\\nu}}\\left(\\NVar{x}\\right)$","meaning":"Ferrers function of the second kind","idref":"C14.S3.E2","content-tex":"$\\FerrersQ[\\NVar{\\mu}]{\\NVar{\\nu}}@{\\NVar{x}}$"}},{"symbol":{"tex":"$\\pi$","meaning":"the ratio of the circumference of a circle to its diameter","idref":"C3.S12.E1","content-tex":"$\\cpi$"}},{"symbol":{"tex":"$\\cos\\NVar{z}$","meaning":"cosine function","idref":"C4.S14.E2","content-tex":"$\\cos@@{\\NVar{z}}$"}},{"symbol":{"tex":"$\\mathrm{d}\\NVar{x}$","meaning":"differential of $x$","idref":"C1.S4.SS4","content-tex":"$\\diff{\\NVar{x}}$"}},{"symbol":{"tex":"$\\cosh\\NVar{z}$","meaning":"hyperbolic cosine function","idref":"C4.S28.E2","content-tex":"$\\cosh@@{\\NVar{z}}$"}},{"symbol":{"tex":"$\\sinh\\NVar{z}$","meaning":"hyperbolic sine function","idref":"C4.S28.E1","content-tex":"$\\sinh@@{\\NVar{z}}$"}},{"symbol":{"tex":"$\\mathrm{i}$","meaning":"imaginary unit","idref":"C1.S9.E1","content-tex":"$\\iunit$"}},{"symbol":{"tex":"$\\int$","meaning":"integral","idref":"C1.S4.SS4"}},{"symbol":{"tex":"$\\Re$","meaning":"real part","idref":"C1.S9.E2","content-tex":"$\\realpart@@$"}},{"symbol":{"tex":"$\\sin\\NVar{z}$","meaning":"sine function","idref":"C4.S14.E1","content-tex":"$\\sin@@{\\NVar{z}}$"}},{"symbol":{"tex":"$\\mu$","meaning":"general order","idref":"C14.S1.p1.t1.r4"}},{"symbol":{"tex":"$\\nu$","meaning":"general degree","idref":"C14.S1.p1.t1.r4"}}],"context-references":{"sentence-num-in-corpus":"8685","sentence-xmlid":"C14.S12.Px1.p1.s3","chapter-title":"Legendre and Related Functions","chapter-xmlid":"C14","paragraph-xmlid":"C14.S12.Px1","sentence-num-in-chapter":"160","section-xmlid":"C14.S12","sentence-num-in-section":"3","para-xmlid":"C14.S12.Px1.p1","subsection-title":"<Math mode=\"inline\" xml:id=\"C14.S12.SS1.m1\">-1&lt;x&lt;1<\/Math>","subsection-xmlid":"C14.S12.SS1","paragraph-title":"Mehler\u2013Dirichlet Formula","section-title":"Integral Representations","para-num-of-sentences":"3"},"xml-id":"C14.S12.E3","tex":"$\\mathsf{Q}^{\\mu}_{\\nu}\\left(\\cos\\theta\\right)=\\frac{\\pi^{1\/2}\\Gamma\\left(\\nu+ \\mu+1\\right)(\\sin\\theta)^{\\mu}}{2^{\\mu+1}\\Gamma\\left(\\mu+\\frac{1}{2}\\right) \\Gamma\\left(\\nu-\\mu+1\\right)}\\*\\left(\\int_{0}^{\\infty}\\frac{(\\sinh t)^{2\\mu}}{ (\\cos\\theta+i\\sin\\theta\\cosh t)^{\\nu+\\mu+1}}\\mathrm{d}t+\\int_{0}^{\\infty}\\frac {(\\sinh t)^{2\\mu}}{(\\cos\\theta-i\\sin\\theta\\cosh t)^{\\nu+\\mu+1}}\\mathrm{d}t \\right),$","permalink":"http:\/\/dlmf.nist.gov\/14.12.E3","equation-number":"14.12.3","constraints":{"tex":"$0<\\theta<\\pi$, $\\Re\\mu>-\\tfrac{1}{2}$, $\\Re(\\nu\\pm\\mu)>-1$.","content-tex":"$0<\\theta<\\pi$, $\\realpart@@{\\mu}>-\\tfrac{1}{2}$, $\\realpart@@{(\\nu\\pm\\mu)}>-1$."},"content-tex":"$\\FerrersQ[\\mu]{\\nu}@{\\cos@@{\\theta}}=\\frac{\\pi^{1\/2}\\EulerGamma@{\\nu+\\mu+1}( \\sin@@{\\theta})^{\\mu}}{2^{\\mu+1}\\EulerGamma@{\\mu+\\frac{1}{2}}\\EulerGamma@{\\nu- \\mu+1}}\\*\\left(\\int_{0}^{\\infty}\\frac{(\\sinh@@{t})^{2\\mu}}{(\\cos@@{\\theta}+i \\sin@@{\\theta}\\cosh@@{t})^{\\nu+\\mu+1}}\\diff{t}+\\int_{0}^{\\infty}\\frac{(\\sinh@@ {t})^{2\\mu}}{(\\cos@@{\\theta}-i\\sin@@{\\theta}\\cosh@@{t})^{\\nu+\\mu+1}}\\diff{t} \\right),$"}}{"expression":{"context-references":{"subsection-xmlid":"C14.S12.SS2","chapter-title":"Legendre and Related Functions","chapter-xmlid":"C14","section-title":"Integral Representations","section-xmlid":"C14.S12","subsection-title":"<Math mode=\"inline\" xml:id=\"C14.S12.SS2.m1\">1&lt;x&lt;\\infty<\/Math>"},"xml-id":"C14.S12.SS2.m1","tex":"$1<x<\\infty$"}}{"expression":{"context-references":{"chapter-title":"Legendre and Related Functions","chapter-xmlid":"C14"},"xml-id":"C14.S12.SS2.m2","tex":"$1<x<\\infty$"}}{"equation":{"symbols-used":[{"symbol":{"tex":"$\\Gamma\\left(\\NVar{z}\\right)$","meaning":"gamma function","idref":"C5.S2.E1","content-tex":"$\\EulerGamma@{\\NVar{z}}$"}},{"symbol":{"tex":"$P^{\\NVar{\\mu}}_{\\NVar{\\nu}}\\left(\\NVar{z}\\right)$","meaning":"associated Legendre function of the first kind","idref":"C14.S21.SS1.p1","content-tex":"$\\assLegendreP[\\NVar{\\mu}]{\\NVar{\\nu}}@{\\NVar{z}}$"}},{"symbol":{"tex":"$\\pi$","meaning":"the ratio of the circumference of a circle to its diameter","idref":"C3.S12.E1","content-tex":"$\\cpi$"}},{"symbol":{"tex":"$\\mathrm{d}\\NVar{x}$","meaning":"differential of $x$","idref":"C1.S4.SS4","content-tex":"$\\diff{\\NVar{x}}$"}},{"symbol":{"tex":"$\\cosh\\NVar{z}$","meaning":"hyperbolic cosine function","idref":"C4.S28.E2","content-tex":"$\\cosh@@{\\NVar{z}}$"}},{"symbol":{"tex":"$\\int$","meaning":"integral","idref":"C1.S4.SS4"}},{"symbol":{"tex":"$\\Re$","meaning":"real part","idref":"C1.S9.E2","content-tex":"$\\realpart@@$"}},{"symbol":{"tex":"$x$","meaning":"real variable","idref":"C14.S1.p1.t1.r1"}},{"symbol":{"tex":"$\\mu$","meaning":"general order","idref":"C14.S1.p1.t1.r4"}},{"symbol":{"tex":"$\\nu$","meaning":"general degree","idref":"C14.S1.p1.t1.r4"}}],"context-references":{"sentence-num-in-corpus":"8686","subsection-xmlid":"C14.S12.SS2","sentence-xmlid":"C14.S12.SS2.p1.s1","chapter-title":"Legendre and Related Functions","chapter-xmlid":"C14","section-title":"Integral Representations","sentence-num-in-chapter":"161","section-xmlid":"C14.S12","sentence-num-in-section":"4","para-num-of-sentences":"6","para-xmlid":"C14.S12.SS2.p1","subsection-title":"<Math mode=\"inline\" xml:id=\"C14.S12.SS2.m1\">1&lt;x&lt;\\infty<\/Math>"},"xml-id":"C14.S12.E4","tex":"$P^{-\\mu}_{\\nu}\\left(x\\right)=\\frac{2^{1\/2}\\Gamma\\left(\\mu+\\frac{1}{2}\\right) \\left(x^{2}-1\\right)^{\\mu\/2}}{\\pi^{1\/2}\\Gamma\\left(\\nu+\\mu+1\\right)\\Gamma\\left (\\mu-\\nu\\right)}\\*\\int_{0}^{\\infty}\\frac{\\cosh\\left(\\left(\\nu+\\frac{1}{2} \\right)t\\right)}{(x+\\cosh t)^{\\mu+(1\/2)}}\\mathrm{d}t,$","permalink":"http:\/\/dlmf.nist.gov\/14.12.E4","equation-number":"14.12.4","constraints":{"tex":"$\\nu+\\mu\\neq-1,-2,-3,\\dots$, $\\Re(\\mu-\\nu)>0$.","content-tex":"$\\nu+\\mu\\neq-1,-2,-3,\\dots$, $\\realpart@@{(\\mu-\\nu)}>0$."},"content-tex":"$\\assLegendreP[-\\mu]{\\nu}@{x}=\\frac{2^{1\/2}\\EulerGamma@{\\mu+\\frac{1}{2}}\\left(x ^{2}-1\\right)^{\\mu\/2}}{\\pi^{1\/2}\\EulerGamma@{\\nu+\\mu+1}\\EulerGamma@{\\mu-\\nu}} \\*\\int_{0}^{\\infty}\\frac{\\cosh@{\\left(\\nu+\\frac{1}{2}\\right)t}}{(x+\\cosh@@{t}) ^{\\mu+(1\/2)}}\\diff{t},$"}}{"equation":{"symbols-used":[{"symbol":{"tex":"$\\Gamma\\left(\\NVar{z}\\right)$","meaning":"gamma function","idref":"C5.S2.E1","content-tex":"$\\EulerGamma@{\\NVar{z}}$"}},{"symbol":{"tex":"$P^{\\NVar{\\mu}}_{\\NVar{\\nu}}\\left(\\NVar{z}\\right)$","meaning":"associated Legendre function of the first kind","idref":"C14.S21.SS1.p1","content-tex":"$\\assLegendreP[\\NVar{\\mu}]{\\NVar{\\nu}}@{\\NVar{z}}$"}},{"symbol":{"tex":"$P_{\\NVar{n}}\\left(\\NVar{x}\\right)$","meaning":"Legendre polynomial","idref":"C18.S3.T1.t1.r10","content-tex":"$\\LegendrepolyP{\\NVar{n}}@{\\NVar{x}}$"}},{"symbol":{"tex":"$\\mathrm{d}\\NVar{x}$","meaning":"differential of $x$","idref":"C1.S4.SS4","content-tex":"$\\diff{\\NVar{x}}$"}},{"symbol":{"tex":"$\\int$","meaning":"integral","idref":"C1.S4.SS4"}},{"symbol":{"tex":"$\\Re$","meaning":"real part","idref":"C1.S9.E2","content-tex":"$\\realpart@@$"}},{"symbol":{"tex":"$x$","meaning":"real variable","idref":"C14.S1.p1.t1.r1"}},{"symbol":{"tex":"$\\mu$","meaning":"general order","idref":"C14.S1.p1.t1.r4"}},{"symbol":{"tex":"$\\nu$","meaning":"general degree","idref":"C14.S1.p1.t1.r4"}}],"context-references":{"sentence-num-in-corpus":"8687","subsection-xmlid":"C14.S12.SS2","sentence-xmlid":"C14.S12.SS2.p1.s2","chapter-title":"Legendre and Related Functions","chapter-xmlid":"C14","section-title":"Integral Representations","sentence-num-in-chapter":"162","section-xmlid":"C14.S12","sentence-num-in-section":"5","para-num-of-sentences":"6","para-xmlid":"C14.S12.SS2.p1","subsection-title":"<Math mode=\"inline\" xml:id=\"C14.S12.SS2.m1\">1&lt;x&lt;\\infty<\/Math>"},"xml-id":"C14.S12.E5","tex":"$P^{-\\mu}_{\\nu}\\left(x\\right)=\\frac{\\left(x^{2}-1\\right)^{-\\mu\/2}}{\\Gamma\\left( \\mu\\right)}\\int_{1}^{x}P_{\\nu}\\left(t\\right)(x-t)^{\\mu-1}\\mathrm{d}t,$","permalink":"http:\/\/dlmf.nist.gov\/14.12.E5","equation-number":"14.12.5","constraints":{"tex":"$\\Re\\mu>0$.","content-tex":"$\\realpart@@{\\mu}>0$."},"content-tex":"$\\assLegendreP[-\\mu]{\\nu}@{x}=\\frac{\\left(x^{2}-1\\right)^{-\\mu\/2}}{\\EulerGamma@ {\\mu}}\\int_{1}^{x}\\LegendrepolyP{\\nu}@{t}(x-t)^{\\mu-1}\\diff{t},$"}}{"equation":{"symbols-used":[{"symbol":{"tex":"$\\Gamma\\left(\\NVar{z}\\right)$","meaning":"gamma function","idref":"C5.S2.E1","content-tex":"$\\EulerGamma@{\\NVar{z}}$"}},{"symbol":{"tex":"$\\boldsymbol{Q}^{\\NVar{\\mu}}_{\\NVar{\\nu}}\\left(\\NVar{z}\\right)$","meaning":"Olver\u2019s associated Legendre function","idref":"C14.S21.SS1.p1","content-tex":"$\\assLegendreOlverQ[\\NVar{\\mu}]{\\NVar{\\nu}}@{\\NVar{z}}$"}},{"symbol":{"tex":"$\\pi$","meaning":"the ratio of the circumference of a circle to its diameter","idref":"C3.S12.E1","content-tex":"$\\cpi$"}},{"symbol":{"tex":"$\\mathrm{d}\\NVar{x}$","meaning":"differential of $x$","idref":"C1.S4.SS4","content-tex":"$\\diff{\\NVar{x}}$"}},{"symbol":{"tex":"$\\cosh\\NVar{z}$","meaning":"hyperbolic cosine function","idref":"C4.S28.E2","content-tex":"$\\cosh@@{\\NVar{z}}$"}},{"symbol":{"tex":"$\\sinh\\NVar{z}$","meaning":"hyperbolic sine function","idref":"C4.S28.E1","content-tex":"$\\sinh@@{\\NVar{z}}$"}},{"symbol":{"tex":"$\\int$","meaning":"integral","idref":"C1.S4.SS4"}},{"symbol":{"tex":"$\\Re$","meaning":"real part","idref":"C1.S9.E2","content-tex":"$\\realpart@@$"}},{"symbol":{"tex":"$x$","meaning":"real variable","idref":"C14.S1.p1.t1.r1"}},{"symbol":{"tex":"$\\mu$","meaning":"general order","idref":"C14.S1.p1.t1.r4"}},{"symbol":{"tex":"$\\nu$","meaning":"general degree","idref":"C14.S1.p1.t1.r4"}}],"context-references":{"sentence-num-in-corpus":"8688","subsection-xmlid":"C14.S12.SS2","sentence-xmlid":"C14.S12.SS2.p1.s3","chapter-title":"Legendre and Related Functions","chapter-xmlid":"C14","section-title":"Integral Representations","sentence-num-in-chapter":"163","section-xmlid":"C14.S12","sentence-num-in-section":"6","para-num-of-sentences":"6","para-xmlid":"C14.S12.SS2.p1","subsection-title":"<Math mode=\"inline\" xml:id=\"C14.S12.SS2.m1\">1&lt;x&lt;\\infty<\/Math>"},"xml-id":"C14.S12.E6","tex":"$\\boldsymbol{Q}^{\\mu}_{\\nu}\\left(x\\right)=\\frac{\\pi^{1\/2}\\left(x^{2}-1\\right)^{ \\mu\/2}}{2^{\\mu}\\Gamma\\left(\\mu+\\frac{1}{2}\\right)\\Gamma\\left(\\nu-\\mu+1\\right)} \\*\\int_{0}^{\\infty}\\frac{(\\sinh t)^{2\\mu}}{\\left(x+(x^{2}-1)^{1\/2}\\cosh t \\right)^{\\nu+\\mu+1}}\\mathrm{d}t,$","permalink":"http:\/\/dlmf.nist.gov\/14.12.E6","equation-number":"14.12.6","constraints":{"tex":"$\\Re(\\nu+1)>\\Re\\mu>-\\tfrac{1}{2}$.","content-tex":"$\\realpart@@{(\\nu+1)}>\\realpart@@{\\mu}>-\\tfrac{1}{2}$."},"content-tex":"$\\assLegendreOlverQ[\\mu]{\\nu}@{x}=\\frac{\\pi^{1\/2}\\left(x^{2}-1\\right)^{\\mu\/2}}{ 2^{\\mu}\\EulerGamma@{\\mu+\\frac{1}{2}}\\EulerGamma@{\\nu-\\mu+1}}\\*\\int_{0}^{\\infty }\\frac{(\\sinh@@{t})^{2\\mu}}{\\left(x+(x^{2}-1)^{1\/2}\\cosh@@{t}\\right)^{\\nu+\\mu+ 1}}\\diff{t},$"}}{"equation":{"symbols-used":[{"symbol":{"tex":"$P^{\\NVar{\\mu}}_{\\NVar{\\nu}}\\left(\\NVar{z}\\right)$","meaning":"associated Legendre function of the first kind","idref":"C14.S21.SS1.p1","content-tex":"$\\assLegendreP[\\NVar{\\mu}]{\\NVar{\\nu}}@{\\NVar{z}}$"}},{"symbol":{"tex":"${\\left(\\NVar{a}\\right)_{\\NVar{n}}}$","meaning":"Pochhammer\u2019s symbol (or shifted factorial)","idref":"C5.S2.SS3","content-tex":"$\\Pochhammersym{\\NVar{a}}{\\NVar{n}}$"}},{"symbol":{"tex":"$\\pi$","meaning":"the ratio of the circumference of a circle to its diameter","idref":"C3.S12.E1","content-tex":"$\\cpi$"}},{"symbol":{"tex":"$\\cos\\NVar{z}$","meaning":"cosine function","idref":"C4.S14.E2","content-tex":"$\\cos@@{\\NVar{z}}$"}},{"symbol":{"tex":"$\\mathrm{d}\\NVar{x}$","meaning":"differential of $x$","idref":"C1.S4.SS4","content-tex":"$\\diff{\\NVar{x}}$"}},{"symbol":{"tex":"$\\int$","meaning":"integral","idref":"C1.S4.SS4"}},{"symbol":{"tex":"$x$","meaning":"real variable","idref":"C14.S1.p1.t1.r1"}},{"symbol":{"tex":"$m$","meaning":"nonnegative integer","idref":"C14.S1.p1.t1.r3"}},{"symbol":{"tex":"$\\nu$","meaning":"general degree","idref":"C14.S1.p1.t1.r4"}}],"context-references":{"sentence-num-in-corpus":"8689","subsection-xmlid":"C14.S12.SS2","sentence-xmlid":"C14.S12.SS2.p1.s4","chapter-title":"Legendre and Related Functions","chapter-xmlid":"C14","section-title":"Integral Representations","sentence-num-in-chapter":"164","section-xmlid":"C14.S12","sentence-num-in-section":"7","para-num-of-sentences":"6","para-xmlid":"C14.S12.SS2.p1","subsection-title":"<Math mode=\"inline\" xml:id=\"C14.S12.SS2.m1\">1&lt;x&lt;\\infty<\/Math>"},"xml-id":"C14.S12.E7","tex":"$P^{m}_{\\nu}\\left(x\\right)=\\frac{{\\left(\\nu+1\\right)_{m}}}{\\pi}\\*\\int_{0}^{\\pi} \\left(x+\\left(x^{2}-1\\right)^{1\/2}\\cos\\phi\\right)^{\\nu}\\cos\\left(m\\phi\\right) \\mathrm{d}\\phi,$","permalink":"http:\/\/dlmf.nist.gov\/14.12.E7","equation-number":"14.12.7","content-tex":"$\\assLegendreP[m]{\\nu}@{x}=\\frac{\\Pochhammersym{\\nu+1}{m}}{\\pi}\\*\\int_{0}^{\\pi} \\left(x+\\left(x^{2}-1\\right)^{1\/2}\\cos@@{\\phi}\\right)^{\\nu}\\cos@{m\\phi}\\diff{ \\phi},$"}}{"equation":{"symbols-used":[{"symbol":{"tex":"$P^{\\NVar{\\mu}}_{\\NVar{\\nu}}\\left(\\NVar{z}\\right)$","meaning":"associated Legendre function of the first kind","idref":"C14.S21.SS1.p1","content-tex":"$\\assLegendreP[\\NVar{\\mu}]{\\NVar{\\nu}}@{\\NVar{z}}$"}},{"symbol":{"tex":"$\\pi$","meaning":"the ratio of the circumference of a circle to its diameter","idref":"C3.S12.E1","content-tex":"$\\cpi$"}},{"symbol":{"tex":"$\\cos\\NVar{z}$","meaning":"cosine function","idref":"C4.S14.E2","content-tex":"$\\cos@@{\\NVar{z}}$"}},{"symbol":{"tex":"$\\mathrm{d}\\NVar{x}$","meaning":"differential of $x$","idref":"C1.S4.SS4","content-tex":"$\\diff{\\NVar{x}}$"}},{"symbol":{"tex":"$!$","meaning":"factorial (as in $n!$ )","idref":"introduction.Sx4.p1.t1.r15"}},{"symbol":{"tex":"$\\int$","meaning":"integral","idref":"C1.S4.SS4"}},{"symbol":{"tex":"$\\sin\\NVar{z}$","meaning":"sine function","idref":"C4.S14.E1","content-tex":"$\\sin@@{\\NVar{z}}$"}},{"symbol":{"tex":"$x$","meaning":"real variable","idref":"C14.S1.p1.t1.r1"}},{"symbol":{"tex":"$m$","meaning":"nonnegative integer","idref":"C14.S1.p1.t1.r3"}},{"symbol":{"tex":"$n$","meaning":"nonnegative integer","idref":"C14.S1.p1.t1.r3"}}],"context-references":{"sentence-num-in-corpus":"8689","subsection-xmlid":"C14.S12.SS2","sentence-xmlid":"C14.S12.SS2.p1.s4","chapter-title":"Legendre and Related Functions","chapter-xmlid":"C14","section-title":"Integral Representations","sentence-num-in-chapter":"164","section-xmlid":"C14.S12","sentence-num-in-section":"7","para-num-of-sentences":"6","para-xmlid":"C14.S12.SS2.p1","subsection-title":"<Math mode=\"inline\" xml:id=\"C14.S12.SS2.m1\">1&lt;x&lt;\\infty<\/Math>"},"xml-id":"C14.S12.E8","tex":"$P^{m}_{n}\\left(x\\right)=\\frac{2^{m}m!(n+m)!\\left(x^{2}-1\\right)^{m\/2}}{(2m)!(n -m)!\\pi}\\int_{0}^{\\pi}\\left(x+\\left(x^{2}-1\\right)^{1\/2}\\cos\\phi\\right)^{n-m}( \\sin\\phi)^{2m}\\mathrm{d}\\phi,$","permalink":"http:\/\/dlmf.nist.gov\/14.12.E8","equation-number":"14.12.8","constraints":{"tex":"$n\\geq m$."},"content-tex":"$\\assLegendreP[m]{n}@{x}=\\frac{2^{m}m!(n+m)!\\left(x^{2}-1\\right)^{m\/2}}{(2m)!(n -m)!\\pi}\\int_{0}^{\\pi}\\left(x+\\left(x^{2}-1\\right)^{1\/2}\\cos@@{\\phi}\\right)^{n -m}(\\sin@@{\\phi})^{2m}\\diff{\\phi},$"}}{"equation":{"symbols-used":[{"symbol":{"tex":"$\\boldsymbol{Q}^{\\NVar{\\mu}}_{\\NVar{\\nu}}\\left(\\NVar{z}\\right)$","meaning":"Olver\u2019s associated Legendre function","idref":"C14.S21.SS1.p1","content-tex":"$\\assLegendreOlverQ[\\NVar{\\mu}]{\\NVar{\\nu}}@{\\NVar{z}}$"}},{"symbol":{"tex":"$\\mathrm{d}\\NVar{x}$","meaning":"differential of $x$","idref":"C1.S4.SS4","content-tex":"$\\diff{\\NVar{x}}$"}},{"symbol":{"tex":"$!$","meaning":"factorial (as in $n!$ )","idref":"introduction.Sx4.p1.t1.r15"}},{"symbol":{"tex":"$\\cosh\\NVar{z}$","meaning":"hyperbolic cosine function","idref":"C4.S28.E2","content-tex":"$\\cosh@@{\\NVar{z}}$"}},{"symbol":{"tex":"$\\int$","meaning":"integral","idref":"C1.S4.SS4"}},{"symbol":{"tex":"$x$","meaning":"real variable","idref":"C14.S1.p1.t1.r1"}},{"symbol":{"tex":"$m$","meaning":"nonnegative integer","idref":"C14.S1.p1.t1.r3"}},{"symbol":{"tex":"$n$","meaning":"nonnegative integer","idref":"C14.S1.p1.t1.r3"}},null],"context-references":{"sentence-num-in-corpus":"8690","subsection-xmlid":"C14.S12.SS2","sentence-xmlid":"C14.S12.SS2.p1.s5","chapter-title":"Legendre and Related Functions","chapter-xmlid":"C14","section-title":"Integral Representations","sentence-num-in-chapter":"165","section-xmlid":"C14.S12","sentence-num-in-section":"8","para-num-of-sentences":"6","para-xmlid":"C14.S12.SS2.p1","subsection-title":"<Math mode=\"inline\" xml:id=\"C14.S12.SS2.m1\">1&lt;x&lt;\\infty<\/Math>"},"xml-id":"C14.S12.E9","tex":"$\\boldsymbol{Q}^{m}_{n}\\left(x\\right)=\\frac{1}{n!}\\int_{0}^{u}\\left(x-\\left(x^{ 2}-1\\right)^{1\/2}\\cosh t\\right)^{n}\\cosh\\left(mt\\right)\\mathrm{d}t,$","permalink":"http:\/\/dlmf.nist.gov\/14.12.E9","equation-number":"14.12.9","content-tex":"$\\assLegendreOlverQ[m]{n}@{x}=\\frac{1}{n!}\\int_{0}^{u}\\left(x-\\left(x^{2}-1 \\right)^{1\/2}\\cosh@@{t}\\right)^{n}\\cosh@{mt}\\diff{t},$"}}{"expression":{"context-references":{"chapter-title":"Legendre and Related Functions","chapter-xmlid":"C14"},"xml-id":"C14.S12.XMD1.m1","tex":"$u$"}}{"equation":{"symbols-used":[{"symbol":{"tex":"$\\ln\\NVar{z}$","meaning":"principal branch of logarithm function","idref":"C4.S2.E2","content-tex":"$\\ln@@{\\NVar{z}}$"}},{"symbol":{"tex":"$x$","meaning":"real variable","idref":"C14.S1.p1.t1.r1"}},null],"context-references":{"sentence-num-in-corpus":"8690","subsection-xmlid":"C14.S12.SS2","sentence-xmlid":"C14.S12.SS2.p1.s5","chapter-title":"Legendre and Related Functions","chapter-xmlid":"C14","section-title":"Integral Representations","sentence-num-in-chapter":"165","section-xmlid":"C14.S12","sentence-num-in-section":"8","para-num-of-sentences":"6","para-xmlid":"C14.S12.SS2.p1","subsection-title":"<Math mode=\"inline\" xml:id=\"C14.S12.SS2.m1\">1&lt;x&lt;\\infty<\/Math>"},"xml-id":"C14.S12.E10","tex":"$u=\\frac{1}{2}\\ln\\left(\\frac{x+1}{x-1}\\right).$","permalink":"http:\/\/dlmf.nist.gov\/14.12.E10","equation-number":"14.12.10","content-tex":"$u=\\frac{1}{2}\\ln@{\\frac{x+1}{x-1}}.$"}}{"equation":{"symbols-used":[{"symbol":{"tex":"$\\boldsymbol{Q}^{\\NVar{\\mu}}_{\\NVar{\\nu}}\\left(\\NVar{z}\\right)$","meaning":"Olver\u2019s associated Legendre function","idref":"C14.S21.SS1.p1","content-tex":"$\\assLegendreOlverQ[\\NVar{\\mu}]{\\NVar{\\nu}}@{\\NVar{z}}$"}},{"symbol":{"tex":"$\\mathrm{d}\\NVar{x}$","meaning":"differential of $x$","idref":"C1.S4.SS4","content-tex":"$\\diff{\\NVar{x}}$"}},{"symbol":{"tex":"$!$","meaning":"factorial (as in $n!$ )","idref":"introduction.Sx4.p1.t1.r15"}},{"symbol":{"tex":"$\\int$","meaning":"integral","idref":"C1.S4.SS4"}},{"symbol":{"tex":"$x$","meaning":"real variable","idref":"C14.S1.p1.t1.r1"}},{"symbol":{"tex":"$m$","meaning":"nonnegative integer","idref":"C14.S1.p1.t1.r3"}},{"symbol":{"tex":"$n$","meaning":"nonnegative integer","idref":"C14.S1.p1.t1.r3"}}],"context-references":{"sentence-num-in-corpus":"8691","subsection-xmlid":"C14.S12.SS2","sentence-xmlid":"C14.S12.SS2.p1.s6","chapter-title":"Legendre and Related Functions","chapter-xmlid":"C14","section-title":"Integral Representations","sentence-num-in-chapter":"166","section-xmlid":"C14.S12","sentence-num-in-section":"9","para-num-of-sentences":"6","para-xmlid":"C14.S12.SS2.p1","subsection-title":"<Math mode=\"inline\" xml:id=\"C14.S12.SS2.m1\">1&lt;x&lt;\\infty<\/Math>"},"xml-id":"C14.S12.E11","tex":"$\\boldsymbol{Q}^{m}_{n}\\left(x\\right)=\\frac{\\left(x^{2}-1\\right)^{m\/2}}{2^{n+1} n!}\\int_{-1}^{1}\\frac{\\left(1-t^{2}\\right)^{n}}{(x-t)^{n+m+1}}\\mathrm{d}t,$","permalink":"http:\/\/dlmf.nist.gov\/14.12.E11","equation-number":"14.12.11","content-tex":"$\\assLegendreOlverQ[m]{n}@{x}=\\frac{\\left(x^{2}-1\\right)^{m\/2}}{2^{n+1}n!}\\int_ {-1}^{1}\\frac{\\left(1-t^{2}\\right)^{n}}{(x-t)^{n+m+1}}\\diff{t},$"}}{"equation":{"symbols-used":[{"symbol":{"tex":"$P^{\\NVar{\\mu}}_{\\NVar{\\nu}}\\left(\\NVar{z}\\right)$","meaning":"associated Legendre function of the first kind","idref":"C14.S21.SS1.p1","content-tex":"$\\assLegendreP[\\NVar{\\mu}]{\\NVar{\\nu}}@{\\NVar{z}}$"}},{"symbol":{"tex":"$\\boldsymbol{Q}^{\\NVar{\\mu}}_{\\NVar{\\nu}}\\left(\\NVar{z}\\right)$","meaning":"Olver\u2019s associated Legendre function","idref":"C14.S21.SS1.p1","content-tex":"$\\assLegendreOlverQ[\\NVar{\\mu}]{\\NVar{\\nu}}@{\\NVar{z}}$"}},{"symbol":{"tex":"$\\mathrm{d}\\NVar{x}$","meaning":"differential of $x$","idref":"C1.S4.SS4","content-tex":"$\\diff{\\NVar{x}}$"}},{"symbol":{"tex":"$!$","meaning":"factorial (as in $n!$ )","idref":"introduction.Sx4.p1.t1.r15"}},{"symbol":{"tex":"$\\int$","meaning":"integral","idref":"C1.S4.SS4"}},{"symbol":{"tex":"$x$","meaning":"real variable","idref":"C14.S1.p1.t1.r1"}},{"symbol":{"tex":"$m$","meaning":"nonnegative integer","idref":"C14.S1.p1.t1.r3"}},{"symbol":{"tex":"$n$","meaning":"nonnegative integer","idref":"C14.S1.p1.t1.r3"}}],"context-references":{"sentence-num-in-corpus":"8691","subsection-xmlid":"C14.S12.SS2","sentence-xmlid":"C14.S12.SS2.p1.s6","chapter-title":"Legendre and Related Functions","chapter-xmlid":"C14","section-title":"Integral Representations","sentence-num-in-chapter":"166","section-xmlid":"C14.S12","sentence-num-in-section":"9","para-num-of-sentences":"6","para-xmlid":"C14.S12.SS2.p1","subsection-title":"<Math mode=\"inline\" xml:id=\"C14.S12.SS2.m1\">1&lt;x&lt;\\infty<\/Math>"},"xml-id":"C14.S12.E12","tex":"$\\boldsymbol{Q}^{m}_{n}\\left(x\\right)=\\frac{1}{(n-m)!}P^{m}_{n}\\left(x\\right) \\int_{x}^{\\infty}\\frac{\\mathrm{d}t}{\\left(t^{2}-1\\right)\\left(\\displaystyle P^ {m}_{n}\\left(t\\right)\\right)^{2}},$","permalink":"http:\/\/dlmf.nist.gov\/14.12.E12","equation-number":"14.12.12","constraints":{"tex":"$n\\geq m$."},"content-tex":"$\\assLegendreOlverQ[m]{n}@{x}=\\frac{1}{(n-m)!}\\assLegendreP[m]{n}@{x}\\int_{x}^{ \\infty}\\frac{\\diff{t}}{\\left(t^{2}-1\\right)\\left(\\displaystyle\\assLegendreP[m] {n}@{t}\\right)^{2}},$"}}{"equation":{"symbols-used":[{"symbol":{"tex":"$P_{\\NVar{n}}\\left(\\NVar{x}\\right)$","meaning":"Legendre polynomial","idref":"C18.S3.T1.t1.r10","content-tex":"$\\LegendrepolyP{\\NVar{n}}@{\\NVar{x}}$"}},{"symbol":{"tex":"$\\mathrm{d}\\NVar{x}$","meaning":"differential of $x$","idref":"C1.S4.SS4","content-tex":"$\\diff{\\NVar{x}}$"}},{"symbol":{"tex":"$!$","meaning":"factorial (as in $n!$ )","idref":"introduction.Sx4.p1.t1.r15"}},{"symbol":{"tex":"$\\int$","meaning":"integral","idref":"C1.S4.SS4"}},{"symbol":{"tex":"$\\boldsymbol{Q}_{\\NVar{\\nu}}\\left(\\NVar{z}\\right)=\\boldsymbol{Q}^{0}_{\\nu}\\left (z\\right)$","meaning":"Olver\u2019s associated Legendre function","idref":"C14.S2.SS2.p2","content-tex":"$\\assLegendreOlverQ[]{\\NVar{\\nu}}@{\\NVar{z}}=\\assLegendreOlverQ[0]{\\nu}@{z}$"}},{"symbol":{"tex":"$x$","meaning":"real variable","idref":"C14.S1.p1.t1.r1"}},{"symbol":{"tex":"$n$","meaning":"nonnegative integer","idref":"C14.S1.p1.t1.r3"}}],"context-references":{"sentence-num-in-corpus":"8692","sentence-xmlid":"C14.S12.Px2.p1.s1","chapter-title":"Legendre and Related Functions","chapter-xmlid":"C14","paragraph-xmlid":"C14.S12.Px2","sentence-num-in-chapter":"167","section-xmlid":"C14.S12","sentence-num-in-section":"10","para-xmlid":"C14.S12.Px2.p1","subsection-title":"<Math mode=\"inline\" xml:id=\"C14.S12.SS2.m1\">1&lt;x&lt;\\infty<\/Math>","subsection-xmlid":"C14.S12.SS2","paragraph-title":"Neumann\u2019s Integral","section-title":"Integral Representations","para-num-of-sentences":"1"},"xml-id":"C14.S12.E13","tex":"$\\boldsymbol{Q}_{n}\\left(x\\right)=\\frac{1}{2(n!)}\\int_{-1}^{1}\\frac{P_{n}\\left( t\\right)}{x-t}\\mathrm{d}t.$","permalink":"http:\/\/dlmf.nist.gov\/14.12.E13","equation-number":"14.12.13","content-tex":"$\\assLegendreOlverQ[]{n}@{x}=\\frac{1}{2(n!)}\\int_{-1}^{1}\\frac{\\LegendrepolyP{n }@{t}}{x-t}\\diff{t}.$"}}{"equation":{"symbols-used":[{"symbol":{"tex":"$\\mathrm{d}\\NVar{x}$","meaning":"differential of $x$","idref":"C1.S4.SS4","content-tex":"$\\diff{\\NVar{x}}$"}},{"symbol":{"tex":"$!$","meaning":"factorial (as in $n!$ )","idref":"introduction.Sx4.p1.t1.r15"}},{"symbol":{"tex":"$\\cosh\\NVar{z}$","meaning":"hyperbolic cosine function","idref":"C4.S28.E2","content-tex":"$\\cosh@@{\\NVar{z}}$"}},{"symbol":{"tex":"$\\int$","meaning":"integral","idref":"C1.S4.SS4"}},{"symbol":{"tex":"$\\boldsymbol{Q}_{\\NVar{\\nu}}\\left(\\NVar{z}\\right)=\\boldsymbol{Q}^{0}_{\\nu}\\left (z\\right)$","meaning":"Olver\u2019s associated Legendre function","idref":"C14.S2.SS2.p2","content-tex":"$\\assLegendreOlverQ[]{\\NVar{\\nu}}@{\\NVar{z}}=\\assLegendreOlverQ[0]{\\nu}@{z}$"}},{"symbol":{"tex":"$x$","meaning":"real variable","idref":"C14.S1.p1.t1.r1"}},{"symbol":{"tex":"$n$","meaning":"nonnegative integer","idref":"C14.S1.p1.t1.r3"}}],"context-references":{"sentence-num-in-corpus":"8693","sentence-xmlid":"C14.S12.Px3.p1.s1","chapter-title":"Legendre and Related Functions","chapter-xmlid":"C14","paragraph-xmlid":"C14.S12.Px3","sentence-num-in-chapter":"168","section-xmlid":"C14.S12","sentence-num-in-section":"11","para-xmlid":"C14.S12.Px3.p1","subsection-title":"<Math mode=\"inline\" xml:id=\"C14.S12.SS2.m1\">1&lt;x&lt;\\infty<\/Math>","subsection-xmlid":"C14.S12.SS2","paragraph-title":"Heine\u2019s Integral","section-title":"Integral Representations","para-num-of-sentences":"1"},"xml-id":"C14.S12.E14","tex":"$\\boldsymbol{Q}_{n}\\left(x\\right)=\\frac{1}{n!}\\int_{0}^{\\infty}\\frac{\\mathrm{d} t}{\\left(x+(x^{2}-1)^{1\/2}\\cosh t\\right)^{n+1}}.$","permalink":"http:\/\/dlmf.nist.gov\/14.12.E14","equation-number":"14.12.14","content-tex":"$\\assLegendreOlverQ[]{n}@{x}=\\frac{1}{n!}\\int_{0}^{\\infty}\\frac{\\diff{t}}{\\left (x+(x^{2}-1)^{1\/2}\\cosh@@{t}\\right)^{n+1}}.$"}}