{"expression":{"context-references":{"sentence-num-in-corpus":"8806","subsection-xmlid":"C14.S19.SS1","sentence-xmlid":"C14.S19.SS1.p1.s1","chapter-title":"Legendre and Related Functions","chapter-xmlid":"C14","section-title":"Toroidal (or Ring) Functions","sentence-num-in-chapter":"281","section-xmlid":"C14.S19","sentence-num-in-section":"1","para-num-of-sentences":"4","para-xmlid":"C14.S19.SS1.p1","subsection-title":"Introduction"},"xml-id":"C14.S19.SS1.p1.m1","tex":"$\\nu=n-\\frac{1}{2}$"}}{"expression":{"context-references":{"sentence-num-in-corpus":"8806","subsection-xmlid":"C14.S19.SS1","sentence-xmlid":"C14.S19.SS1.p1.s1","chapter-title":"Legendre and Related Functions","chapter-xmlid":"C14","section-title":"Toroidal (or Ring) Functions","sentence-num-in-chapter":"281","section-xmlid":"C14.S19","sentence-num-in-section":"1","para-num-of-sentences":"4","para-xmlid":"C14.S19.SS1.p1","subsection-title":"Introduction"},"xml-id":"C14.S19.SS1.p1.m2","tex":"$n=0,1,2,\\dots$"}}{"expression":{"context-references":{"sentence-num-in-corpus":"8806","subsection-xmlid":"C14.S19.SS1","sentence-xmlid":"C14.S19.SS1.p1.s1","chapter-title":"Legendre and Related Functions","chapter-xmlid":"C14","section-title":"Toroidal (or Ring) Functions","sentence-num-in-chapter":"281","section-xmlid":"C14.S19","sentence-num-in-section":"1","para-num-of-sentences":"4","para-xmlid":"C14.S19.SS1.p1","subsection-title":"Introduction"},"xml-id":"C14.S19.SS1.p1.m3","tex":"$\\mu\\in\\mathbb{R}$","content-tex":"$\\mu\\in\\Reals$"}}{"expression":{"context-references":{"sentence-num-in-corpus":"8806","subsection-xmlid":"C14.S19.SS1","sentence-xmlid":"C14.S19.SS1.p1.s1","chapter-title":"Legendre and Related Functions","chapter-xmlid":"C14","section-title":"Toroidal (or Ring) Functions","sentence-num-in-chapter":"281","section-xmlid":"C14.S19","sentence-num-in-section":"1","para-num-of-sentences":"4","para-xmlid":"C14.S19.SS1.p1","subsection-title":"Introduction"},"xml-id":"C14.S19.SS1.p1.m4","tex":"$x\\in(1,\\infty)$"}}{"expression":{"context-references":{"sentence-num-in-corpus":"8807","subsection-xmlid":"C14.S19.SS1","sentence-xmlid":"C14.S19.SS1.p1.s2","chapter-title":"Legendre and Related Functions","chapter-xmlid":"C14","section-title":"Toroidal (or Ring) Functions","sentence-num-in-chapter":"282","section-xmlid":"C14.S19","sentence-num-in-section":"2","para-num-of-sentences":"4","para-xmlid":"C14.S19.SS1.p1","subsection-title":"Introduction"},"xml-id":"C14.S19.SS1.p1.m5","tex":"$(\\eta,\\theta,\\phi)$"}}{"expression":{"context-references":{"sentence-num-in-corpus":"8807","subsection-xmlid":"C14.S19.SS1","sentence-xmlid":"C14.S19.SS1.p1.s2","chapter-title":"Legendre and Related Functions","chapter-xmlid":"C14","section-title":"Toroidal (or Ring) Functions","sentence-num-in-chapter":"282","section-xmlid":"C14.S19","sentence-num-in-section":"2","para-num-of-sentences":"4","para-xmlid":"C14.S19.SS1.p1","subsection-title":"Introduction"},"xml-id":"C14.S19.SS1.p1.m6","tex":"$(x,y,z)$"}}{"expression":{"context-references":{"chapter-title":"Legendre and Related Functions","chapter-xmlid":"C14"},"xml-id":"C14.S19.XMD1.m1","tex":"$x$"}}{"expression":{"context-references":{"chapter-title":"Legendre and Related Functions","chapter-xmlid":"C14"},"xml-id":"C14.S19.XMD2.m1","tex":"$y$"}}{"expression":{"context-references":{"chapter-title":"Legendre and Related Functions","chapter-xmlid":"C14"},"xml-id":"C14.S19.XMD3.m1","tex":"$z$"}}{"expression":{"context-references":{"chapter-title":"Legendre and Related Functions","chapter-xmlid":"C14"},"xml-id":"C14.S19.XMD4.m1","tex":"$\\eta$"}}{"expression":{"context-references":{"chapter-title":"Legendre and Related Functions","chapter-xmlid":"C14"},"xml-id":"C14.S19.XMD5.m1","tex":"$\\theta$"}}{"expression":{"context-references":{"chapter-title":"Legendre and Related Functions","chapter-xmlid":"C14"},"xml-id":"C14.S19.XMD6.m1","tex":"$\\phi$"}}{"equation":{"symbols-used":[{"symbol":{"tex":"$\\cos\\NVar{z}$","meaning":"cosine function","idref":"C4.S14.E2","content-tex":"$\\cos@@{\\NVar{z}}$"}},{"symbol":{"tex":"$\\cosh\\NVar{z}$","meaning":"hyperbolic cosine function","idref":"C4.S28.E2","content-tex":"$\\cosh@@{\\NVar{z}}$"}},{"symbol":{"tex":"$\\sinh\\NVar{z}$","meaning":"hyperbolic sine function","idref":"C4.S28.E1","content-tex":"$\\sinh@@{\\NVar{z}}$"}},{"symbol":{"tex":"$\\sin\\NVar{z}$","meaning":"sine function","idref":"C4.S14.E1","content-tex":"$\\sin@@{\\NVar{z}}$"}},{"symbol":{"tex":"$x$","meaning":"Cartesian coordinate","idref":"C14.S19.SS1.p1"}},{"symbol":{"tex":"$y$","meaning":"Cartesian coordinate","idref":"C14.S19.SS1.p1"}},{"symbol":{"tex":"$z$","meaning":"Cartesian coordinate","idref":"C14.S19.SS1.p1"}},{"symbol":{"tex":"$\\eta$","meaning":"toroidal coordinate","idref":"C14.S19.SS1.p1"}},{"symbol":{"tex":"$\\theta$","meaning":"toroidal coordinate","idref":"C14.S19.SS1.p1"}},{"symbol":{"tex":"$\\phi$","meaning":"toroidal coordinate","idref":"C14.S19.SS1.p1"}}],"context-references":{"sentence-num-in-corpus":"8807","subsection-xmlid":"C14.S19.SS1","sentence-xmlid":"C14.S19.SS1.p1.s2","chapter-title":"Legendre and Related Functions","chapter-xmlid":"C14","section-title":"Toroidal (or Ring) Functions","sentence-num-in-chapter":"282","section-xmlid":"C14.S19","sentence-num-in-section":"2","para-num-of-sentences":"4","para-xmlid":"C14.S19.SS1.p1","subsection-title":"Introduction"},"xml-id":"C14.S19.E1","permalink":"http:\/\/dlmf.nist.gov\/14.19.E1","equation-number":"14.19.1","subequations":[{"subequation":{"xml-id":"C14.S19.Ex1","tex":"$x=\\frac{c\\sinh\\eta\\cos\\phi}{\\cosh\\eta-\\cos\\theta},$","content-tex":"$x=\\frac{c\\sinh@@{\\eta}\\cos@@{\\phi}}{\\cosh@@{\\eta}-\\cos@@{\\theta}},$"}},{"subequation":{"xml-id":"C14.S19.Ex2","tex":"$y=\\frac{c\\sinh\\eta\\sin\\phi}{\\cosh\\eta-\\cos\\theta},$","content-tex":"$y=\\frac{c\\sinh@@{\\eta}\\sin@@{\\phi}}{\\cosh@@{\\eta}-\\cos@@{\\theta}},$"}},{"subequation":{"xml-id":"C14.S19.Ex3","tex":"$z=\\frac{c\\sin\\theta}{\\cosh\\eta-\\cos\\theta},$","content-tex":"$z=\\frac{c\\sin@@{\\theta}}{\\cosh@@{\\eta}-\\cos@@{\\theta}},$"}}]}}{"expression":{"context-references":{"chapter-title":"Legendre and Related Functions","chapter-xmlid":"C14"},"xml-id":"C4.S14.E2.m2adec","tex":"$\\cos\\NVar{z}$","content-tex":"$\\cos@@{\\NVar{z}}$"}}{"expression":{"context-references":{"chapter-title":"Legendre and Related Functions","chapter-xmlid":"C14"},"xml-id":"C4.S28.E2.m2adec","tex":"$\\cosh\\NVar{z}$","content-tex":"$\\cosh@@{\\NVar{z}}$"}}{"expression":{"context-references":{"chapter-title":"Legendre and Related Functions","chapter-xmlid":"C14"},"xml-id":"C4.S28.E1.m2adec","tex":"$\\sinh\\NVar{z}$","content-tex":"$\\sinh@@{\\NVar{z}}$"}}{"expression":{"context-references":{"chapter-title":"Legendre and Related Functions","chapter-xmlid":"C14"},"xml-id":"C4.S14.E1.m2adec","tex":"$\\sin\\NVar{z}$","content-tex":"$\\sin@@{\\NVar{z}}$"}}{"expression":{"context-references":{"chapter-title":"Legendre and Related Functions","chapter-xmlid":"C14"},"xml-id":"C14.S19.XMD1.m1dec","tex":"$x$"}}{"expression":{"context-references":{"chapter-title":"Legendre and Related Functions","chapter-xmlid":"C14"},"xml-id":"C14.S19.XMD2.m1dec","tex":"$y$"}}{"expression":{"context-references":{"chapter-title":"Legendre and Related Functions","chapter-xmlid":"C14"},"xml-id":"C14.S19.XMD3.m1dec","tex":"$z$"}}{"expression":{"context-references":{"chapter-title":"Legendre and Related Functions","chapter-xmlid":"C14"},"xml-id":"C14.S19.XMD4.m1dec","tex":"$\\eta$"}}{"expression":{"context-references":{"chapter-title":"Legendre and Related Functions","chapter-xmlid":"C14"},"xml-id":"C14.S19.XMD5.m1dec","tex":"$\\theta$"}}{"expression":{"context-references":{"chapter-title":"Legendre and Related Functions","chapter-xmlid":"C14"},"xml-id":"C14.S19.XMD6.m1dec","tex":"$\\phi$"}}{"expression":{"context-references":{"sentence-num-in-corpus":"8807","subsection-xmlid":"C14.S19.SS1","sentence-xmlid":"C14.S19.SS1.p1.s2","chapter-title":"Legendre and Related Functions","chapter-xmlid":"C14","section-title":"Toroidal (or Ring) Functions","sentence-num-in-chapter":"282","section-xmlid":"C14.S19","sentence-num-in-section":"2","para-num-of-sentences":"4","para-xmlid":"C14.S19.SS1.p1","subsection-title":"Introduction"},"xml-id":"C14.S19.SS1.p1.m7","tex":"$c$"}}{"expression":{"context-references":{"sentence-num-in-corpus":"8808","subsection-xmlid":"C14.S19.SS1","sentence-xmlid":"C14.S19.SS1.p1.s3","chapter-title":"Legendre and Related Functions","chapter-xmlid":"C14","section-title":"Toroidal (or Ring) Functions","sentence-num-in-chapter":"283","section-xmlid":"C14.S19","sentence-num-in-section":"3","para-num-of-sentences":"4","para-xmlid":"C14.S19.SS1.p1","subsection-title":"Introduction"},"xml-id":"C14.S19.SS1.p1.m8","tex":"$P^{\\mu}_{\\nu}\\left(x\\right)$","content-tex":"$\\assLegendreP[\\mu]{\\nu}@{x}$"}}{"expression":{"context-references":{"sentence-num-in-corpus":"8808","subsection-xmlid":"C14.S19.SS1","sentence-xmlid":"C14.S19.SS1.p1.s3","chapter-title":"Legendre and Related Functions","chapter-xmlid":"C14","section-title":"Toroidal (or Ring) Functions","sentence-num-in-chapter":"283","section-xmlid":"C14.S19","sentence-num-in-section":"3","para-num-of-sentences":"4","para-xmlid":"C14.S19.SS1.p1","subsection-title":"Introduction"},"xml-id":"C14.S19.SS1.p1.m9","tex":"$\\boldsymbol{Q}^{\\mu}_{\\nu}\\left(x\\right)$","content-tex":"$\\assLegendreOlverQ[\\mu]{\\nu}@{x}$"}}{"expression":{"context-references":{"sentence-num-in-corpus":"8809","subsection-xmlid":"C14.S19.SS1","sentence-xmlid":"C14.S19.SS1.p1.s4","chapter-title":"Legendre and Related Functions","chapter-xmlid":"C14","section-title":"Toroidal (or Ring) Functions","sentence-num-in-chapter":"284","section-xmlid":"C14.S19","sentence-num-in-section":"4","para-num-of-sentences":"4","para-xmlid":"C14.S19.SS1.p1","subsection-title":"Introduction"},"xml-id":"C14.S19.SS1.p1.m10","tex":"$\\mu=0$"}}{"expression":{"context-references":{"sentence-num-in-corpus":"8809","subsection-xmlid":"C14.S19.SS1","sentence-xmlid":"C14.S19.SS1.p1.s4","chapter-title":"Legendre and Related Functions","chapter-xmlid":"C14","section-title":"Toroidal (or Ring) Functions","sentence-num-in-chapter":"284","section-xmlid":"C14.S19","sentence-num-in-section":"4","para-num-of-sentences":"4","para-xmlid":"C14.S19.SS1.p1","subsection-title":"Introduction"},"xml-id":"C14.S19.SS1.p1.m11","tex":"$\\nu=\\pm\\frac{1}{2}$"}}{"expression":{"context-references":{"chapter-title":"Legendre and Related Functions","chapter-xmlid":"C14"},"xml-id":"C14.S19.SS2.info.m1","tex":"$z=\\frac{1}{2}-\\mu$"}}{"expression":{"context-references":{"sentence-num-in-corpus":"8810","subsection-xmlid":"C14.S19.SS2","sentence-xmlid":"C14.S19.SS2.p1.s1","chapter-title":"Legendre and Related Functions","chapter-xmlid":"C14","section-title":"Toroidal (or Ring) Functions","sentence-num-in-chapter":"285","section-xmlid":"C14.S19","sentence-num-in-section":"5","para-num-of-sentences":"2","para-xmlid":"C14.S19.SS2.p1","subsection-title":"Hypergeometric Representations"},"xml-id":"C14.S19.SS2.p1.m1","tex":"$\\mathbf{F}$","content-tex":"$\\hyperOlverF$"}}{"expression":{"context-references":{"sentence-num-in-corpus":"8810","subsection-xmlid":"C14.S19.SS2","sentence-xmlid":"C14.S19.SS2.p1.s1","chapter-title":"Legendre and Related Functions","chapter-xmlid":"C14","section-title":"Toroidal (or Ring) Functions","sentence-num-in-chapter":"285","section-xmlid":"C14.S19","sentence-num-in-section":"5","para-num-of-sentences":"2","para-xmlid":"C14.S19.SS2.p1","subsection-title":"Hypergeometric Representations"},"xml-id":"C14.S19.SS2.p1.m2","tex":"$\\xi>0$"}}{"expression":{"context-references":{"chapter-title":"Legendre and Related Functions","chapter-xmlid":"C14"},"xml-id":"C14.S19.XMD7.m1","tex":"$\\xi>0$"}}{"equation":{"symbols-used":[{"symbol":{"tex":"$\\Gamma\\left(\\NVar{z}\\right)$","meaning":"gamma function","idref":"C5.S2.E1","content-tex":"$\\EulerGamma@{\\NVar{z}}$"}},{"symbol":{"tex":"$P^{\\NVar{\\mu}}_{\\NVar{\\nu}}\\left(\\NVar{z}\\right)$","meaning":"associated Legendre function of the first kind","idref":"C14.S21.SS1.p1","content-tex":"$\\assLegendreP[\\NVar{\\mu}]{\\NVar{\\nu}}@{\\NVar{z}}$"}},{"symbol":{"tex":"$\\pi$","meaning":"the ratio of the circumference of a circle to its diameter","idref":"C3.S12.E1","content-tex":"$\\cpi$"}},{"symbol":{"tex":"$\\mathrm{e}$","meaning":"base of natural logarithm","idref":"C4.S2.E11","content-tex":"$\\expe$"}},{"symbol":{"tex":"$\\cosh\\NVar{z}$","meaning":"hyperbolic cosine function","idref":"C4.S28.E2","content-tex":"$\\cosh@@{\\NVar{z}}$"}},{"symbol":{"tex":"$\\mathbf{F}\\left(\\NVar{a},\\NVar{b};\\NVar{c};\\NVar{z}\\right)$","meaning":" $={{}_{2}{\\mathbf{F}}_{1}}\\left(\\NVar{a},\\NVar{b};\\NVar{c};\\NVar{z}\\right)$ Olver\u2019s hypergeometric function","idref":"C15.S2.E2","content-tex":"$\\hyperOlverF@{\\NVar{a}}{\\NVar{b}}{\\NVar{c}}{\\NVar{z}}$"}},{"symbol":{"tex":"$\\mu$","meaning":"general order","idref":"C14.S1.p1.t1.r4"}},{"symbol":{"tex":"$\\nu$","meaning":"general degree","idref":"C14.S1.p1.t1.r4"}},{"symbol":{"tex":"$\\xi>0$","meaning":"variable","idref":"C14.S19.SS2.p1"}}],"context-references":{"sentence-num-in-corpus":"8810","subsection-xmlid":"C14.S19.SS2","sentence-xmlid":"C14.S19.SS2.p1.s1","chapter-title":"Legendre and Related Functions","chapter-xmlid":"C14","section-title":"Toroidal (or Ring) Functions","sentence-num-in-chapter":"285","section-xmlid":"C14.S19","sentence-num-in-section":"5","para-num-of-sentences":"2","para-xmlid":"C14.S19.SS2.p1","subsection-title":"Hypergeometric Representations"},"xml-id":"C14.S19.E2","tex":"$P^{\\mu}_{\\nu-\\frac{1}{2}}\\left(\\cosh\\xi\\right)=\\frac{\\Gamma\\left(\\frac{1}{2}- \\mu\\right)}{\\pi^{1\/2}\\left(1-e^{-2\\xi}\\right)^{\\mu}e^{(\\nu+(1\/2))\\xi}}\\* \\mathbf{F}\\left(\\tfrac{1}{2}-\\mu,\\tfrac{1}{2}+\\nu-\\mu;1-2\\mu;1-e^{-2\\xi}\\right),$","permalink":"http:\/\/dlmf.nist.gov\/14.19.E2","equation-number":"14.19.2","constraints":{"tex":"$\\mu\\neq\\frac{1}{2},\\frac{3}{2},\\frac{5}{2},\\ldots$."},"content-tex":"$\\assLegendreP[\\mu]{\\nu-\\frac{1}{2}}@{\\cosh@@{\\xi}}=\\frac{\\EulerGamma@{\\frac{1} {2}-\\mu}}{\\pi^{1\/2}\\left(1-e^{-2\\xi}\\right)^{\\mu}e^{(\\nu+(1\/2))\\xi}}\\* \\hyperOlverF@{\\tfrac{1}{2}-\\mu}{\\tfrac{1}{2}+\\nu-\\mu}{1-2\\mu}{1-e^{-2\\xi}},$"}}{"equation":{"symbols-used":[{"symbol":{"tex":"$\\boldsymbol{Q}^{\\NVar{\\mu}}_{\\NVar{\\nu}}\\left(\\NVar{z}\\right)$","meaning":"Olver\u2019s associated Legendre function","idref":"C14.S21.SS1.p1","content-tex":"$\\assLegendreOlverQ[\\NVar{\\mu}]{\\NVar{\\nu}}@{\\NVar{z}}$"}},{"symbol":{"tex":"$\\pi$","meaning":"the ratio of the circumference of a circle to its diameter","idref":"C3.S12.E1","content-tex":"$\\cpi$"}},{"symbol":{"tex":"$\\mathrm{e}$","meaning":"base of natural logarithm","idref":"C4.S2.E11","content-tex":"$\\expe$"}},{"symbol":{"tex":"$\\cosh\\NVar{z}$","meaning":"hyperbolic cosine function","idref":"C4.S28.E2","content-tex":"$\\cosh@@{\\NVar{z}}$"}},{"symbol":{"tex":"$\\mathbf{F}\\left(\\NVar{a},\\NVar{b};\\NVar{c};\\NVar{z}\\right)$","meaning":" $={{}_{2}{\\mathbf{F}}_{1}}\\left(\\NVar{a},\\NVar{b};\\NVar{c};\\NVar{z}\\right)$ Olver\u2019s hypergeometric function","idref":"C15.S2.E2","content-tex":"$\\hyperOlverF@{\\NVar{a}}{\\NVar{b}}{\\NVar{c}}{\\NVar{z}}$"}},{"symbol":{"tex":"$\\mu$","meaning":"general order","idref":"C14.S1.p1.t1.r4"}},{"symbol":{"tex":"$\\nu$","meaning":"general degree","idref":"C14.S1.p1.t1.r4"}},{"symbol":{"tex":"$\\xi>0$","meaning":"variable","idref":"C14.S19.SS2.p1"}}],"context-references":{"sentence-num-in-corpus":"8811","subsection-xmlid":"C14.S19.SS2","sentence-xmlid":"C14.S19.SS2.p1.s2","chapter-title":"Legendre and Related Functions","chapter-xmlid":"C14","section-title":"Toroidal (or Ring) Functions","sentence-num-in-chapter":"286","section-xmlid":"C14.S19","sentence-num-in-section":"6","para-num-of-sentences":"2","para-xmlid":"C14.S19.SS2.p1","subsection-title":"Hypergeometric Representations"},"xml-id":"C14.S19.E3","tex":"$\\boldsymbol{Q}^{\\mu}_{\\nu-\\frac{1}{2}}\\left(\\cosh\\xi\\right)=\\frac{\\pi^{1\/2} \\left(1-e^{-2\\xi}\\right)^{\\mu}}{e^{(\\nu+(1\/2))\\xi}}\\*\\mathbf{F}\\left(\\mu+ \\tfrac{1}{2},\\nu+\\mu+\\tfrac{1}{2};\\nu+1;e^{-2\\xi}\\right).$","permalink":"http:\/\/dlmf.nist.gov\/14.19.E3","equation-number":"14.19.3","content-tex":"$\\assLegendreOlverQ[\\mu]{\\nu-\\frac{1}{2}}@{\\cosh@@{\\xi}}=\\frac{\\pi^{1\/2}\\left(1 -e^{-2\\xi}\\right)^{\\mu}}{e^{(\\nu+(1\/2))\\xi}}\\*\\hyperOlverF@{\\mu+\\tfrac{1}{2}}{ \\nu+\\mu+\\tfrac{1}{2}}{\\nu+1}{e^{-2\\xi}}.$"}}{"expression":{"context-references":{"sentence-num-in-corpus":"8812","subsection-xmlid":"C14.S19.SS3","sentence-xmlid":"C14.S19.SS3.p1.s1","chapter-title":"Legendre and Related Functions","chapter-xmlid":"C14","section-title":"Toroidal (or Ring) Functions","sentence-num-in-chapter":"287","section-xmlid":"C14.S19","sentence-num-in-section":"7","para-num-of-sentences":"1","para-xmlid":"C14.S19.SS3.p1","subsection-title":"Integral Representations"},"xml-id":"C14.S19.SS3.p1.m1","tex":"$\\xi>0$"}}{"expression":{"context-references":{"chapter-title":"Legendre and Related Functions","chapter-xmlid":"C14"},"xml-id":"C14.S19.XMD8.m1","tex":"$\\xi>0$"}}{"equation":{"symbols-used":[{"symbol":{"tex":"$\\Gamma\\left(\\NVar{z}\\right)$","meaning":"gamma function","idref":"C5.S2.E1","content-tex":"$\\EulerGamma@{\\NVar{z}}$"}},{"symbol":{"tex":"$P^{\\NVar{\\mu}}_{\\NVar{\\nu}}\\left(\\NVar{z}\\right)$","meaning":"associated Legendre function of the first kind","idref":"C14.S21.SS1.p1","content-tex":"$\\assLegendreP[\\NVar{\\mu}]{\\NVar{\\nu}}@{\\NVar{z}}$"}},{"symbol":{"tex":"$\\pi$","meaning":"the ratio of the circumference of a circle to its diameter","idref":"C3.S12.E1","content-tex":"$\\cpi$"}},{"symbol":{"tex":"$\\cos\\NVar{z}$","meaning":"cosine function","idref":"C4.S14.E2","content-tex":"$\\cos@@{\\NVar{z}}$"}},{"symbol":{"tex":"$\\mathrm{d}\\NVar{x}$","meaning":"differential of $x$","idref":"C1.S4.SS4","content-tex":"$\\diff{\\NVar{x}}$"}},{"symbol":{"tex":"$\\cosh\\NVar{z}$","meaning":"hyperbolic cosine function","idref":"C4.S28.E2","content-tex":"$\\cosh@@{\\NVar{z}}$"}},{"symbol":{"tex":"$\\sinh\\NVar{z}$","meaning":"hyperbolic sine function","idref":"C4.S28.E1","content-tex":"$\\sinh@@{\\NVar{z}}$"}},{"symbol":{"tex":"$\\int$","meaning":"integral","idref":"C1.S4.SS4"}},{"symbol":{"tex":"$\\sin\\NVar{z}$","meaning":"sine function","idref":"C4.S14.E1","content-tex":"$\\sin@@{\\NVar{z}}$"}},{"symbol":{"tex":"$m$","meaning":"nonnegative integer","idref":"C14.S1.p1.t1.r3"}},{"symbol":{"tex":"$n$","meaning":"nonnegative integer","idref":"C14.S1.p1.t1.r3"}},{"symbol":{"tex":"$\\xi>0$","meaning":"variable","idref":"C14.S19.SS3.p1"}}],"context-references":{"sentence-num-in-corpus":"8812","subsection-xmlid":"C14.S19.SS3","sentence-xmlid":"C14.S19.SS3.p1.s1","chapter-title":"Legendre and Related Functions","chapter-xmlid":"C14","section-title":"Toroidal (or Ring) Functions","sentence-num-in-chapter":"287","section-xmlid":"C14.S19","sentence-num-in-section":"7","para-num-of-sentences":"1","para-xmlid":"C14.S19.SS3.p1","subsection-title":"Integral Representations"},"xml-id":"C14.S19.E4","tex":"$P^{m}_{n-\\frac{1}{2}}\\left(\\cosh\\xi\\right)=\\frac{\\Gamma\\left(n+m+\\frac{1}{2} \\right)(\\sinh\\xi)^{m}}{2^{m}\\pi^{1\/2}\\Gamma\\left(n-m+\\frac{1}{2}\\right)\\Gamma \\left(m+\\frac{1}{2}\\right)}\\*\\int_{0}^{\\pi}\\frac{(\\sin\\phi)^{2m}}{(\\cosh\\xi+ \\cos\\phi\\sinh\\xi)^{n+m+(1\/2)}}\\mathrm{d}\\phi,$","permalink":"http:\/\/dlmf.nist.gov\/14.19.E4","equation-number":"14.19.4","content-tex":"$\\assLegendreP[m]{n-\\frac{1}{2}}@{\\cosh@@{\\xi}}=\\frac{\\EulerGamma@{n+m+\\frac{1} {2}}(\\sinh@@{\\xi})^{m}}{2^{m}\\pi^{1\/2}\\EulerGamma@{n-m+\\frac{1}{2}}\\EulerGamma @{m+\\frac{1}{2}}}\\*\\int_{0}^{\\pi}\\frac{(\\sin@@{\\phi})^{2m}}{(\\cosh@@{\\xi}+\\cos @@{\\phi}\\sinh@@{\\xi})^{n+m+(1\/2)}}\\diff{\\phi},$"}}{"equation":{"symbols-used":[{"symbol":{"tex":"$\\Gamma\\left(\\NVar{z}\\right)$","meaning":"gamma function","idref":"C5.S2.E1","content-tex":"$\\EulerGamma@{\\NVar{z}}$"}},{"symbol":{"tex":"$\\boldsymbol{Q}^{\\NVar{\\mu}}_{\\NVar{\\nu}}\\left(\\NVar{z}\\right)$","meaning":"Olver\u2019s associated Legendre function","idref":"C14.S21.SS1.p1","content-tex":"$\\assLegendreOlverQ[\\NVar{\\mu}]{\\NVar{\\nu}}@{\\NVar{z}}$"}},{"symbol":{"tex":"$\\mathrm{d}\\NVar{x}$","meaning":"differential of $x$","idref":"C1.S4.SS4","content-tex":"$\\diff{\\NVar{x}}$"}},{"symbol":{"tex":"$\\cosh\\NVar{z}$","meaning":"hyperbolic cosine function","idref":"C4.S28.E2","content-tex":"$\\cosh@@{\\NVar{z}}$"}},{"symbol":{"tex":"$\\sinh\\NVar{z}$","meaning":"hyperbolic sine function","idref":"C4.S28.E1","content-tex":"$\\sinh@@{\\NVar{z}}$"}},{"symbol":{"tex":"$\\int$","meaning":"integral","idref":"C1.S4.SS4"}},{"symbol":{"tex":"$m$","meaning":"nonnegative integer","idref":"C14.S1.p1.t1.r3"}},{"symbol":{"tex":"$n$","meaning":"nonnegative integer","idref":"C14.S1.p1.t1.r3"}},{"symbol":{"tex":"$\\xi>0$","meaning":"variable","idref":"C14.S19.SS3.p1"}}],"context-references":{"sentence-num-in-corpus":"8812","subsection-xmlid":"C14.S19.SS3","sentence-xmlid":"C14.S19.SS3.p1.s1","chapter-title":"Legendre and Related Functions","chapter-xmlid":"C14","section-title":"Toroidal (or Ring) Functions","sentence-num-in-chapter":"287","section-xmlid":"C14.S19","sentence-num-in-section":"7","para-num-of-sentences":"1","para-xmlid":"C14.S19.SS3.p1","subsection-title":"Integral Representations"},"xml-id":"C14.S19.E5","tex":"$\\boldsymbol{Q}^{m}_{n-\\frac{1}{2}}\\left(\\cosh\\xi\\right)=\\frac{\\Gamma\\left(n+ \\frac{1}{2}\\right)}{\\Gamma\\left(n+m+\\tfrac{1}{2}\\right)\\Gamma\\left(n-m+\\frac{1 }{2}\\right)}\\*\\int_{0}^{\\infty}\\frac{\\cosh\\left(mt\\right)}{(\\cosh\\xi+\\cosh t \\sinh\\xi)^{n+(1\/2)}}\\mathrm{d}t,$","permalink":"http:\/\/dlmf.nist.gov\/14.19.E5","equation-number":"14.19.5","constraints":{"tex":"$m<n+\\tfrac{1}{2}$."},"content-tex":"$\\assLegendreOlverQ[m]{n-\\frac{1}{2}}@{\\cosh@@{\\xi}}=\\frac{\\EulerGamma@{n+\\frac {1}{2}}}{\\EulerGamma@{n+m+\\tfrac{1}{2}}\\EulerGamma@{n-m+\\frac{1}{2}}}\\*\\int_{0 }^{\\infty}\\frac{\\cosh@{mt}}{(\\cosh@@{\\xi}+\\cosh@@{t}\\sinh@@{\\xi})^{n+(1\/2)}} \\diff{t},$"}}{"expression":{"context-references":{"sentence-num-in-corpus":"8813","subsection-xmlid":"C14.S19.SS4","sentence-xmlid":"C14.S19.SS4.p1.s1","chapter-title":"Legendre and Related Functions","chapter-xmlid":"C14","section-title":"Toroidal (or Ring) Functions","sentence-num-in-chapter":"288","section-xmlid":"C14.S19","sentence-num-in-section":"8","para-num-of-sentences":"1","para-xmlid":"C14.S19.SS4.p1","subsection-title":"Sums"},"xml-id":"C14.S19.SS4.p1.m1","tex":"$\\xi>0$"}}{"expression":{"context-references":{"chapter-title":"Legendre and Related Functions","chapter-xmlid":"C14"},"xml-id":"C14.S19.XMD9.m1","tex":"$\\xi>0$"}}{"equation":{"symbols-used":[{"symbol":{"tex":"$\\Gamma\\left(\\NVar{z}\\right)$","meaning":"gamma function","idref":"C5.S2.E1","content-tex":"$\\EulerGamma@{\\NVar{z}}$"}},{"symbol":{"tex":"$\\boldsymbol{Q}^{\\NVar{\\mu}}_{\\NVar{\\nu}}\\left(\\NVar{z}\\right)$","meaning":"Olver\u2019s associated Legendre function","idref":"C14.S21.SS1.p1","content-tex":"$\\assLegendreOlverQ[\\NVar{\\mu}]{\\NVar{\\nu}}@{\\NVar{z}}$"}},{"symbol":{"tex":"$\\pi$","meaning":"the ratio of the circumference of a circle to its diameter","idref":"C3.S12.E1","content-tex":"$\\cpi$"}},{"symbol":{"tex":"$\\cos\\NVar{z}$","meaning":"cosine function","idref":"C4.S14.E2","content-tex":"$\\cos@@{\\NVar{z}}$"}},{"symbol":{"tex":"$\\cosh\\NVar{z}$","meaning":"hyperbolic cosine function","idref":"C4.S28.E2","content-tex":"$\\cosh@@{\\NVar{z}}$"}},{"symbol":{"tex":"$\\sinh\\NVar{z}$","meaning":"hyperbolic sine function","idref":"C4.S28.E1","content-tex":"$\\sinh@@{\\NVar{z}}$"}},{"symbol":{"tex":"$\\Re$","meaning":"real part","idref":"C1.S9.E2","content-tex":"$\\realpart@@$"}},{"symbol":{"tex":"$n$","meaning":"nonnegative integer","idref":"C14.S1.p1.t1.r3"}},{"symbol":{"tex":"$\\mu$","meaning":"general order","idref":"C14.S1.p1.t1.r4"}},{"symbol":{"tex":"$\\xi>0$","meaning":"variable","idref":"C14.S19.SS4.p1"}}],"context-references":{"sentence-num-in-corpus":"8813","subsection-xmlid":"C14.S19.SS4","sentence-xmlid":"C14.S19.SS4.p1.s1","chapter-title":"Legendre and Related Functions","chapter-xmlid":"C14","section-title":"Toroidal (or Ring) Functions","sentence-num-in-chapter":"288","section-xmlid":"C14.S19","sentence-num-in-section":"8","para-num-of-sentences":"1","para-xmlid":"C14.S19.SS4.p1","subsection-title":"Sums"},"xml-id":"C14.S19.E6","tex":"$\\boldsymbol{Q}^{\\mu}_{-\\frac{1}{2}}\\left(\\cosh\\xi\\right)+2\\sum_{n=1}^{\\infty} \\frac{\\Gamma\\left(\\mu+n+\\tfrac{1}{2}\\right)}{\\Gamma\\left(\\mu+\\tfrac{1}{2} \\right)}\\boldsymbol{Q}^{\\mu}_{n-\\frac{1}{2}}\\left(\\cosh\\xi\\right)\\cos\\left(n \\phi\\right)=\\dfrac{\\left(\\frac{1}{2}\\pi\\right)^{1\/2}\\left(\\sinh\\xi\\right)^{\\mu }}{\\left(\\cosh\\xi-\\cos\\phi\\right)^{\\mu+(1\/2)}},$","permalink":"http:\/\/dlmf.nist.gov\/14.19.E6","equation-number":"14.19.6","constraints":{"tex":"$\\Re\\mu>-\\tfrac{1}{2}$.","content-tex":"$\\realpart@@{\\mu}>-\\tfrac{1}{2}$."},"content-tex":"$\\assLegendreOlverQ[\\mu]{-\\frac{1}{2}}@{\\cosh@@{\\xi}}+2\\sum_{n=1}^{\\infty}\\frac {\\EulerGamma@{\\mu+n+\\tfrac{1}{2}}}{\\EulerGamma@{\\mu+\\tfrac{1}{2}}} \\assLegendreOlverQ[\\mu]{n-\\frac{1}{2}}@{\\cosh@@{\\xi}}\\cos@{n\\phi}=\\dfrac{\\left (\\frac{1}{2}\\pi\\right)^{1\/2}\\left(\\sinh@@{\\xi}\\right)^{\\mu}}{\\left(\\cosh@@{\\xi }-\\cos@@{\\phi}\\right)^{\\mu+(1\/2)}},$"}}{"expression":{"context-references":{"sentence-num-in-corpus":"8814","subsection-xmlid":"C14.S19.SS5","sentence-xmlid":"C14.S19.SS5.p1.s1","chapter-title":"Legendre and Related Functions","chapter-xmlid":"C14","section-title":"Toroidal (or Ring) Functions","sentence-num-in-chapter":"289","section-xmlid":"C14.S19","sentence-num-in-section":"9","para-num-of-sentences":"1","para-xmlid":"C14.S19.SS5.p1","subsection-title":"Whipple\u2019s Formula for Toroidal Functions"},"xml-id":"C14.S19.SS5.p1.m1","tex":"$\\xi>0$"}}{"expression":{"context-references":{"chapter-title":"Legendre and Related Functions","chapter-xmlid":"C14"},"xml-id":"C14.S19.XMD10.m1","tex":"$\\xi>0$"}}{"equation":{"symbols-used":[{"symbol":{"tex":"$\\Gamma\\left(\\NVar{z}\\right)$","meaning":"gamma function","idref":"C5.S2.E1","content-tex":"$\\EulerGamma@{\\NVar{z}}$"}},{"symbol":{"tex":"$P^{\\NVar{\\mu}}_{\\NVar{\\nu}}\\left(\\NVar{z}\\right)$","meaning":"associated Legendre function of the first kind","idref":"C14.S21.SS1.p1","content-tex":"$\\assLegendreP[\\NVar{\\mu}]{\\NVar{\\nu}}@{\\NVar{z}}$"}},{"symbol":{"tex":"$\\boldsymbol{Q}^{\\NVar{\\mu}}_{\\NVar{\\nu}}\\left(\\NVar{z}\\right)$","meaning":"Olver\u2019s associated Legendre function","idref":"C14.S21.SS1.p1","content-tex":"$\\assLegendreOlverQ[\\NVar{\\mu}]{\\NVar{\\nu}}@{\\NVar{z}}$"}},{"symbol":{"tex":"$\\pi$","meaning":"the ratio of the circumference of a circle to its diameter","idref":"C3.S12.E1","content-tex":"$\\cpi$"}},{"symbol":{"tex":"$\\cosh\\NVar{z}$","meaning":"hyperbolic cosine function","idref":"C4.S28.E2","content-tex":"$\\cosh@@{\\NVar{z}}$"}},{"symbol":{"tex":"$\\coth\\NVar{z}$","meaning":"hyperbolic cotangent function","idref":"C4.S28.E7","content-tex":"$\\coth@@{\\NVar{z}}$"}},{"symbol":{"tex":"$\\sinh\\NVar{z}$","meaning":"hyperbolic sine function","idref":"C4.S28.E1","content-tex":"$\\sinh@@{\\NVar{z}}$"}},{"symbol":{"tex":"$m$","meaning":"nonnegative integer","idref":"C14.S1.p1.t1.r3"}},{"symbol":{"tex":"$n$","meaning":"nonnegative integer","idref":"C14.S1.p1.t1.r3"}},{"symbol":{"tex":"$\\xi>0$","meaning":"variable","idref":"C14.S19.SS5.p1"}}],"context-references":{"sentence-num-in-corpus":"8814","subsection-xmlid":"C14.S19.SS5","sentence-xmlid":"C14.S19.SS5.p1.s1","chapter-title":"Legendre and Related Functions","chapter-xmlid":"C14","section-title":"Toroidal (or Ring) Functions","sentence-num-in-chapter":"289","section-xmlid":"C14.S19","sentence-num-in-section":"9","para-num-of-sentences":"1","para-xmlid":"C14.S19.SS5.p1","subsection-title":"Whipple\u2019s Formula for Toroidal Functions"},"xml-id":"C14.S19.E7","tex":"$P^{m}_{n-\\frac{1}{2}}\\left(\\cosh\\xi\\right)=\\frac{\\Gamma\\left(n+m+\\tfrac{1}{2} \\right)}{\\Gamma\\left(n-m+\\tfrac{1}{2}\\right)}\\*\\left(\\frac{2}{\\pi\\sinh\\xi} \\right)^{1\/2}\\boldsymbol{Q}^{n}_{m-\\frac{1}{2}}\\left(\\coth\\xi\\right),$","permalink":"http:\/\/dlmf.nist.gov\/14.19.E7","equation-number":"14.19.7","content-tex":"$\\assLegendreP[m]{n-\\frac{1}{2}}@{\\cosh@@{\\xi}}=\\frac{\\EulerGamma@{n+m+\\tfrac{1 }{2}}}{\\EulerGamma@{n-m+\\tfrac{1}{2}}}\\*\\left(\\frac{2}{\\pi\\sinh@@{\\xi}}\\right) ^{1\/2}\\assLegendreOlverQ[n]{m-\\frac{1}{2}}@{\\coth@@{\\xi}},$"}}{"equation":{"symbols-used":[{"symbol":{"tex":"$\\Gamma\\left(\\NVar{z}\\right)$","meaning":"gamma function","idref":"C5.S2.E1","content-tex":"$\\EulerGamma@{\\NVar{z}}$"}},{"symbol":{"tex":"$P^{\\NVar{\\mu}}_{\\NVar{\\nu}}\\left(\\NVar{z}\\right)$","meaning":"associated Legendre function of the first kind","idref":"C14.S21.SS1.p1","content-tex":"$\\assLegendreP[\\NVar{\\mu}]{\\NVar{\\nu}}@{\\NVar{z}}$"}},{"symbol":{"tex":"$\\boldsymbol{Q}^{\\NVar{\\mu}}_{\\NVar{\\nu}}\\left(\\NVar{z}\\right)$","meaning":"Olver\u2019s associated Legendre function","idref":"C14.S21.SS1.p1","content-tex":"$\\assLegendreOlverQ[\\NVar{\\mu}]{\\NVar{\\nu}}@{\\NVar{z}}$"}},{"symbol":{"tex":"$\\pi$","meaning":"the ratio of the circumference of a circle to its diameter","idref":"C3.S12.E1","content-tex":"$\\cpi$"}},{"symbol":{"tex":"$\\cosh\\NVar{z}$","meaning":"hyperbolic cosine function","idref":"C4.S28.E2","content-tex":"$\\cosh@@{\\NVar{z}}$"}},{"symbol":{"tex":"$\\coth\\NVar{z}$","meaning":"hyperbolic cotangent function","idref":"C4.S28.E7","content-tex":"$\\coth@@{\\NVar{z}}$"}},{"symbol":{"tex":"$\\sinh\\NVar{z}$","meaning":"hyperbolic sine function","idref":"C4.S28.E1","content-tex":"$\\sinh@@{\\NVar{z}}$"}},{"symbol":{"tex":"$m$","meaning":"nonnegative integer","idref":"C14.S1.p1.t1.r3"}},{"symbol":{"tex":"$n$","meaning":"nonnegative integer","idref":"C14.S1.p1.t1.r3"}},{"symbol":{"tex":"$\\xi>0$","meaning":"variable","idref":"C14.S19.SS5.p1"}}],"context-references":{"sentence-num-in-corpus":"8814","subsection-xmlid":"C14.S19.SS5","sentence-xmlid":"C14.S19.SS5.p1.s1","chapter-title":"Legendre and Related Functions","chapter-xmlid":"C14","section-title":"Toroidal (or Ring) Functions","sentence-num-in-chapter":"289","section-xmlid":"C14.S19","sentence-num-in-section":"9","para-num-of-sentences":"1","para-xmlid":"C14.S19.SS5.p1","subsection-title":"Whipple\u2019s Formula for Toroidal Functions"},"xml-id":"C14.S19.E8","tex":"$\\boldsymbol{Q}^{m}_{n-\\frac{1}{2}}\\left(\\cosh\\xi\\right)=\\frac{\\Gamma\\left(m-n+ \\tfrac{1}{2}\\right)}{\\Gamma\\left(m+n+\\tfrac{1}{2}\\right)}\\*\\left(\\frac{\\pi}{2 \\sinh\\xi}\\right)^{1\/2}P^{n}_{m-\\frac{1}{2}}\\left(\\coth\\xi\\right).$","permalink":"http:\/\/dlmf.nist.gov\/14.19.E8","equation-number":"14.19.8","content-tex":"$\\assLegendreOlverQ[m]{n-\\frac{1}{2}}@{\\cosh@@{\\xi}}=\\frac{\\EulerGamma@{m-n+ \\tfrac{1}{2}}}{\\EulerGamma@{m+n+\\tfrac{1}{2}}}\\*\\left(\\frac{\\pi}{2\\sinh@@{\\xi} }\\right)^{1\/2}\\assLegendreP[n]{m-\\frac{1}{2}}@{\\coth@@{\\xi}}.$"}}