{"expression":{"context-references":{"sentence-num-in-corpus":"8893","sentence-xmlid":"C14.S27.p1.s1","chapter-title":"Legendre and Related Functions","chapter-xmlid":"C14","section-title":"Zeros","sentence-num-in-chapter":"368","section-xmlid":"C14.S27","sentence-num-in-section":"1","para-num-of-sentences":"3","para-xmlid":"C14.S27.p1"},"xml-id":"C14.S27.p1.m1","tex":"$P^{\\mu}_{\\nu}\\left(x\\pm i0\\right)$","content-tex":"$\\assLegendreP[\\mu]{\\nu}@{x\\pm i0}$"}}{"expression":{"context-references":{"sentence-num-in-corpus":"8893","sentence-xmlid":"C14.S27.p1.s1","chapter-title":"Legendre and Related Functions","chapter-xmlid":"C14","section-title":"Zeros","sentence-num-in-chapter":"368","section-xmlid":"C14.S27","sentence-num-in-section":"1","para-num-of-sentences":"3","para-xmlid":"C14.S27.p1"},"xml-id":"C14.S27.p1.m2","tex":"$(-\\infty,-1)$"}}{"expression":{"context-references":{"sentence-num-in-corpus":"8893","sentence-xmlid":"C14.S27.p1.s1","chapter-title":"Legendre and Related Functions","chapter-xmlid":"C14","section-title":"Zeros","sentence-num-in-chapter":"368","section-xmlid":"C14.S27","sentence-num-in-section":"1","para-num-of-sentences":"3","para-xmlid":"C14.S27.p1"},"xml-id":"C14.S27.I1.ix9.p1.m1","tex":"$\\mu<0$"}}{"expression":{"context-references":{"sentence-num-in-corpus":"8893","sentence-xmlid":"C14.S27.p1.s1","chapter-title":"Legendre and Related Functions","chapter-xmlid":"C14","section-title":"Zeros","sentence-num-in-chapter":"368","section-xmlid":"C14.S27","sentence-num-in-section":"1","para-num-of-sentences":"3","para-xmlid":"C14.S27.p1"},"xml-id":"C14.S27.I1.ix9.p1.m2","tex":"$\\mu\\notin\\mathbb{Z}$","content-tex":"$\\mu\\notin\\Integers$"}}{"expression":{"context-references":{"sentence-num-in-corpus":"8893","sentence-xmlid":"C14.S27.p1.s1","chapter-title":"Legendre and Related Functions","chapter-xmlid":"C14","section-title":"Zeros","sentence-num-in-chapter":"368","section-xmlid":"C14.S27","sentence-num-in-section":"1","para-num-of-sentences":"3","para-xmlid":"C14.S27.p1"},"xml-id":"C14.S27.I1.ix9.p1.m3","tex":"$\\nu\\in\\mathbb{Z}$","content-tex":"$\\nu\\in\\Integers$"}}{"expression":{"context-references":{"sentence-num-in-corpus":"8893","sentence-xmlid":"C14.S27.p1.s1","chapter-title":"Legendre and Related Functions","chapter-xmlid":"C14","section-title":"Zeros","sentence-num-in-chapter":"368","section-xmlid":"C14.S27","sentence-num-in-section":"1","para-num-of-sentences":"3","para-xmlid":"C14.S27.p1"},"xml-id":"C14.S27.I1.ix9.p1.m4","tex":"$\\sin\\left((\\mu-\\nu)\\pi\\right)$","content-tex":"$\\sin@{(\\mu-\\nu)\\pi}$"}}{"expression":{"context-references":{"sentence-num-in-corpus":"8893","sentence-xmlid":"C14.S27.p1.s1","chapter-title":"Legendre and Related Functions","chapter-xmlid":"C14","section-title":"Zeros","sentence-num-in-chapter":"368","section-xmlid":"C14.S27","sentence-num-in-section":"1","para-num-of-sentences":"3","para-xmlid":"C14.S27.p1"},"xml-id":"C14.S27.I1.ix9.p1.m5","tex":"$\\sin\\left(\\mu\\pi\\right)$","content-tex":"$\\sin@{\\mu\\pi}$"}}{"expression":{"context-references":{"sentence-num-in-corpus":"8894","sentence-xmlid":"C14.S27.p1.s2","chapter-title":"Legendre and Related Functions","chapter-xmlid":"C14","section-title":"Zeros","sentence-num-in-chapter":"369","section-xmlid":"C14.S27","sentence-num-in-section":"2","para-num-of-sentences":"3","para-xmlid":"C14.S27.p1"},"xml-id":"C14.S27.I1.ix10.p1.m1","tex":"$\\mu,\\nu\\in\\mathbb{Z}$","content-tex":"$\\mu,\\nu\\in\\Integers$"}}{"expression":{"context-references":{"sentence-num-in-corpus":"8894","sentence-xmlid":"C14.S27.p1.s2","chapter-title":"Legendre and Related Functions","chapter-xmlid":"C14","section-title":"Zeros","sentence-num-in-chapter":"369","section-xmlid":"C14.S27","sentence-num-in-section":"2","para-num-of-sentences":"3","para-xmlid":"C14.S27.p1"},"xml-id":"C14.S27.I1.ix10.p1.m2","tex":"$\\mu+\\nu<0$"}}{"expression":{"context-references":{"sentence-num-in-corpus":"8894","sentence-xmlid":"C14.S27.p1.s2","chapter-title":"Legendre and Related Functions","chapter-xmlid":"C14","section-title":"Zeros","sentence-num-in-chapter":"369","section-xmlid":"C14.S27","sentence-num-in-section":"2","para-num-of-sentences":"3","para-xmlid":"C14.S27.p1"},"xml-id":"C14.S27.I1.ix10.p1.m3","tex":"$\\nu$"}}{"expression":{"context-references":{"sentence-num-in-corpus":"8895","sentence-xmlid":"C14.S27.p1.s3","chapter-title":"Legendre and Related Functions","chapter-xmlid":"C14","section-title":"Zeros","sentence-num-in-chapter":"370","section-xmlid":"C14.S27","sentence-num-in-section":"3","para-num-of-sentences":"3","para-xmlid":"C14.S27.p1"},"xml-id":"C14.S27.p1.m3","tex":"$P^{\\mu}_{\\nu}\\left(x\\pm i0\\right)$","content-tex":"$\\assLegendreP[\\mu]{\\nu}@{x\\pm i0}$"}}{"expression":{"context-references":{"sentence-num-in-corpus":"8895","sentence-xmlid":"C14.S27.p1.s3","chapter-title":"Legendre and Related Functions","chapter-xmlid":"C14","section-title":"Zeros","sentence-num-in-chapter":"370","section-xmlid":"C14.S27","sentence-num-in-section":"3","para-num-of-sentences":"3","para-xmlid":"C14.S27.p1"},"xml-id":"C14.S27.p1.m4","tex":"$(-\\infty,-1)$"}}{"expression":{"context-references":{"sentence-num-in-corpus":"8896","sentence-xmlid":"C14.S27.p2.s1","chapter-title":"Legendre and Related Functions","chapter-xmlid":"C14","section-title":"Zeros","sentence-num-in-chapter":"371","section-xmlid":"C14.S27","sentence-num-in-section":"4","para-num-of-sentences":"1","para-xmlid":"C14.S27.p2"},"xml-id":"C14.S27.p2.m1","tex":"$P^{\\mu}_{\\nu}\\left(z\\right)$","content-tex":"$\\assLegendreP[\\mu]{\\nu}@{z}$"}}