{"expression":{"context-references":{"sentence-num-in-corpus":"8876","sentence-xmlid":"C14.S23.p1.s1","chapter-title":"Legendre and Related Functions","chapter-xmlid":"C14","section-title":"Values on the Cut","sentence-num-in-chapter":"351","section-xmlid":"C14.S23","sentence-num-in-section":"1","para-num-of-sentences":"3","para-xmlid":"C14.S23.p1"},"xml-id":"C14.S23.p1.m1","tex":"$-1<x<1$"}}{"equation":{"symbols-used":[{"symbol":{"tex":"$\\mathsf{P}^{\\NVar{\\mu}}_{\\NVar{\\nu}}\\left(\\NVar{x}\\right)$","meaning":"Ferrers function of the first kind","idref":"C14.S3.E1","content-tex":"$\\FerrersP[\\NVar{\\mu}]{\\NVar{\\nu}}@{\\NVar{x}}$"}},{"symbol":{"tex":"$P^{\\NVar{\\mu}}_{\\NVar{\\nu}}\\left(\\NVar{z}\\right)$","meaning":"associated Legendre function of the first kind","idref":"C14.S21.SS1.p1","content-tex":"$\\assLegendreP[\\NVar{\\mu}]{\\NVar{\\nu}}@{\\NVar{z}}$"}},{"symbol":{"tex":"$\\pi$","meaning":"the ratio of the circumference of a circle to its diameter","idref":"C3.S12.E1","content-tex":"$\\cpi$"}},{"symbol":{"tex":"$\\mathrm{e}$","meaning":"base of natural logarithm","idref":"C4.S2.E11","content-tex":"$\\expe$"}},{"symbol":{"tex":"$\\mathrm{i}$","meaning":"imaginary unit","idref":"C1.S9.E1","content-tex":"$\\iunit$"}},{"symbol":{"tex":"$x$","meaning":"real variable","idref":"C14.S1.p1.t1.r1"}},{"symbol":{"tex":"$\\mu$","meaning":"general order","idref":"C14.S1.p1.t1.r4"}},{"symbol":{"tex":"$\\nu$","meaning":"general degree","idref":"C14.S1.p1.t1.r4"}}],"context-references":{"sentence-num-in-corpus":"8876","sentence-xmlid":"C14.S23.p1.s1","chapter-title":"Legendre and Related Functions","chapter-xmlid":"C14","section-title":"Values on the Cut","sentence-num-in-chapter":"351","section-xmlid":"C14.S23","sentence-num-in-section":"1","para-num-of-sentences":"3","para-xmlid":"C14.S23.p1"},"xml-id":"C14.S23.E1","tex":"$P^{\\mu}_{\\nu}\\left(x\\pm i0\\right)=e^{\\mp\\mu\\pi i\/2}\\mathsf{P}^{\\mu}_{\\nu}\\left (x\\right),$","permalink":"http:\/\/dlmf.nist.gov\/14.23.E1","equation-number":"14.23.1","content-tex":"$\\assLegendreP[\\mu]{\\nu}@{x\\pm i0}=e^{\\mp\\mu\\pi i\/2}\\FerrersP[\\mu]{\\nu}@{x},$"}}{"equation":{"symbols-used":[{"symbol":{"tex":"$\\Gamma\\left(\\NVar{z}\\right)$","meaning":"gamma function","idref":"C5.S2.E1","content-tex":"$\\EulerGamma@{\\NVar{z}}$"}},{"symbol":{"tex":"$\\mathsf{P}^{\\NVar{\\mu}}_{\\NVar{\\nu}}\\left(\\NVar{x}\\right)$","meaning":"Ferrers function of the first kind","idref":"C14.S3.E1","content-tex":"$\\FerrersP[\\NVar{\\mu}]{\\NVar{\\nu}}@{\\NVar{x}}$"}},{"symbol":{"tex":"$\\mathsf{Q}^{\\NVar{\\mu}}_{\\NVar{\\nu}}\\left(\\NVar{x}\\right)$","meaning":"Ferrers function of the second kind","idref":"C14.S3.E2","content-tex":"$\\FerrersQ[\\NVar{\\mu}]{\\NVar{\\nu}}@{\\NVar{x}}$"}},{"symbol":{"tex":"$\\boldsymbol{Q}^{\\NVar{\\mu}}_{\\NVar{\\nu}}\\left(\\NVar{z}\\right)$","meaning":"Olver\u2019s associated Legendre function","idref":"C14.S21.SS1.p1","content-tex":"$\\assLegendreOlverQ[\\NVar{\\mu}]{\\NVar{\\nu}}@{\\NVar{z}}$"}},{"symbol":{"tex":"$\\pi$","meaning":"the ratio of the circumference of a circle to its diameter","idref":"C3.S12.E1","content-tex":"$\\cpi$"}},{"symbol":{"tex":"$\\mathrm{e}$","meaning":"base of natural logarithm","idref":"C4.S2.E11","content-tex":"$\\expe$"}},{"symbol":{"tex":"$\\mathrm{i}$","meaning":"imaginary unit","idref":"C1.S9.E1","content-tex":"$\\iunit$"}},{"symbol":{"tex":"$x$","meaning":"real variable","idref":"C14.S1.p1.t1.r1"}},{"symbol":{"tex":"$\\mu$","meaning":"general order","idref":"C14.S1.p1.t1.r4"}},{"symbol":{"tex":"$\\nu$","meaning":"general degree","idref":"C14.S1.p1.t1.r4"}}],"context-references":{"sentence-num-in-corpus":"8876","sentence-xmlid":"C14.S23.p1.s1","chapter-title":"Legendre and Related Functions","chapter-xmlid":"C14","section-title":"Values on the Cut","sentence-num-in-chapter":"351","section-xmlid":"C14.S23","sentence-num-in-section":"1","para-num-of-sentences":"3","para-xmlid":"C14.S23.p1"},"xml-id":"C14.S23.E2","tex":"$\\boldsymbol{Q}^{\\mu}_{\\nu}\\left(x\\pm i0\\right)=\\frac{e^{\\pm\\mu\\pi i\/2}}{\\Gamma \\left(\\nu+\\mu+1\\right)}\\left(\\mathsf{Q}^{\\mu}_{\\nu}\\left(x\\right)\\mp\\tfrac{1}{ 2}\\pi i\\mathsf{P}^{\\mu}_{\\nu}\\left(x\\right)\\right).$","permalink":"http:\/\/dlmf.nist.gov\/14.23.E2","equation-number":"14.23.2","content-tex":"$\\assLegendreOlverQ[\\mu]{\\nu}@{x\\pm i0}=\\frac{e^{\\pm\\mu\\pi i\/2}}{\\EulerGamma@{ \\nu+\\mu+1}}\\left(\\FerrersQ[\\mu]{\\nu}@{x}\\mp\\tfrac{1}{2}\\pi i\\FerrersP[\\mu]{\\nu }@{x}\\right).$"}}{"expression":{"context-references":{"sentence-num-in-corpus":"8877","sentence-xmlid":"C14.S23.p1.s2","chapter-title":"Legendre and Related Functions","chapter-xmlid":"C14","section-title":"Values on the Cut","sentence-num-in-chapter":"352","section-xmlid":"C14.S23","sentence-num-in-section":"2","para-num-of-sentences":"3","para-xmlid":"C14.S23.p1"},"xml-id":"C14.S23.p1.m2","tex":"$\\mathbf{F}$","content-tex":"$\\hyperOlverF$"}}{"equation":{"symbols-used":[{"symbol":{"tex":"$\\Gamma\\left(\\NVar{z}\\right)$","meaning":"gamma function","idref":"C5.S2.E1","content-tex":"$\\EulerGamma@{\\NVar{z}}$"}},{"symbol":{"tex":"$\\boldsymbol{Q}^{\\NVar{\\mu}}_{\\NVar{\\nu}}\\left(\\NVar{z}\\right)$","meaning":"Olver\u2019s associated Legendre function","idref":"C14.S21.SS1.p1","content-tex":"$\\assLegendreOlverQ[\\NVar{\\mu}]{\\NVar{\\nu}}@{\\NVar{z}}$"}},{"symbol":{"tex":"$\\pi$","meaning":"the ratio of the circumference of a circle to its diameter","idref":"C3.S12.E1","content-tex":"$\\cpi$"}},{"symbol":{"tex":"$\\mathrm{e}$","meaning":"base of natural logarithm","idref":"C4.S2.E11","content-tex":"$\\expe$"}},{"symbol":{"tex":"$\\mathrm{i}$","meaning":"imaginary unit","idref":"C1.S9.E1","content-tex":"$\\iunit$"}},{"symbol":{"tex":"$\\mathbf{F}\\left(\\NVar{a},\\NVar{b};\\NVar{c};\\NVar{z}\\right)$","meaning":" $={{}_{2}{\\mathbf{F}}_{1}}\\left(\\NVar{a},\\NVar{b};\\NVar{c};\\NVar{z}\\right)$ Olver\u2019s hypergeometric function","idref":"C15.S2.E2","content-tex":"$\\hyperOlverF@{\\NVar{a}}{\\NVar{b}}{\\NVar{c}}{\\NVar{z}}$"}},{"symbol":{"tex":"$x$","meaning":"real variable","idref":"C14.S1.p1.t1.r1"}},{"symbol":{"tex":"$\\mu$","meaning":"general order","idref":"C14.S1.p1.t1.r4"}},{"symbol":{"tex":"$\\nu$","meaning":"general degree","idref":"C14.S1.p1.t1.r4"}}],"context-references":{"sentence-num-in-corpus":"8878","sentence-xmlid":"C14.S23.p1.s3","chapter-title":"Legendre and Related Functions","chapter-xmlid":"C14","section-title":"Values on the Cut","sentence-num-in-chapter":"353","section-xmlid":"C14.S23","sentence-num-in-section":"3","para-num-of-sentences":"3","para-xmlid":"C14.S23.p1"},"xml-id":"C14.S23.E3","tex":"$\\boldsymbol{Q}^{\\mu}_{\\nu}\\left(x\\pm i0\\right)=\\frac{e^{\\mp\\nu\\pi i\/2}\\pi^{3\/2 }\\left(1-x^{2}\\right)^{\\mu\/2}}{2^{\\nu+1}}\\left(\\frac{x\\mathbf{F}\\left(\\frac{1} {2}\\mu-\\frac{1}{2}\\nu+\\frac{1}{2},\\frac{1}{2}\\nu+\\frac{1}{2}\\mu+1;\\frac{3}{2}; x^{2}\\right)}{\\Gamma\\left(\\frac{1}{2}\\nu-\\frac{1}{2}\\mu+\\frac{1}{2}\\right) \\Gamma\\left(\\frac{1}{2}\\nu+\\frac{1}{2}\\mu+\\frac{1}{2}\\right)}\\mp i\\frac{ \\mathbf{F}\\left(\\frac{1}{2}\\mu-\\frac{1}{2}\\nu,\\frac{1}{2}\\nu+\\frac{1}{2}\\mu+ \\frac{1}{2};\\frac{1}{2};x^{2}\\right)}{\\Gamma\\left(\\frac{1}{2}\\nu-\\frac{1}{2} \\mu+1\\right)\\Gamma\\left(\\frac{1}{2}\\nu+\\frac{1}{2}\\mu+1\\right)}\\right).$","permalink":"http:\/\/dlmf.nist.gov\/14.23.E3","equation-number":"14.23.3","content-tex":"$\\assLegendreOlverQ[\\mu]{\\nu}@{x\\pm i0}=\\frac{e^{\\mp\\nu\\pi i\/2}\\pi^{3\/2}\\left(1 -x^{2}\\right)^{\\mu\/2}}{2^{\\nu+1}}\\left(\\frac{x\\hyperOlverF@{\\frac{1}{2}\\mu- \\frac{1}{2}\\nu+\\frac{1}{2}}{\\frac{1}{2}\\nu+\\frac{1}{2}\\mu+1}{\\frac{3}{2}}{x^{2 }}}{\\EulerGamma@{\\frac{1}{2}\\nu-\\frac{1}{2}\\mu+\\frac{1}{2}}\\EulerGamma@{\\frac{ 1}{2}\\nu+\\frac{1}{2}\\mu+\\frac{1}{2}}}\\mp i\\frac{\\hyperOlverF@{\\frac{1}{2}\\mu- \\frac{1}{2}\\nu}{\\frac{1}{2}\\nu+\\frac{1}{2}\\mu+\\frac{1}{2}}{\\frac{1}{2}}{x^{2}} }{\\EulerGamma@{\\frac{1}{2}\\nu-\\frac{1}{2}\\mu+1}\\EulerGamma@{\\frac{1}{2}\\nu+ \\frac{1}{2}\\mu+1}}\\right).$"}}{"equation":{"symbols-used":[{"symbol":{"tex":"$\\mathsf{P}^{\\NVar{\\mu}}_{\\NVar{\\nu}}\\left(\\NVar{x}\\right)$","meaning":"Ferrers function of the first kind","idref":"C14.S3.E1","content-tex":"$\\FerrersP[\\NVar{\\mu}]{\\NVar{\\nu}}@{\\NVar{x}}$"}},{"symbol":{"tex":"$P^{\\NVar{\\mu}}_{\\NVar{\\nu}}\\left(\\NVar{z}\\right)$","meaning":"associated Legendre function of the first kind","idref":"C14.S21.SS1.p1","content-tex":"$\\assLegendreP[\\NVar{\\mu}]{\\NVar{\\nu}}@{\\NVar{z}}$"}},{"symbol":{"tex":"$\\pi$","meaning":"the ratio of the circumference of a circle to its diameter","idref":"C3.S12.E1","content-tex":"$\\cpi$"}},{"symbol":{"tex":"$\\mathrm{e}$","meaning":"base of natural logarithm","idref":"C4.S2.E11","content-tex":"$\\expe$"}},{"symbol":{"tex":"$\\mathrm{i}$","meaning":"imaginary unit","idref":"C1.S9.E1","content-tex":"$\\iunit$"}},{"symbol":{"tex":"$x$","meaning":"real variable","idref":"C14.S1.p1.t1.r1"}},{"symbol":{"tex":"$\\mu$","meaning":"general order","idref":"C14.S1.p1.t1.r4"}},{"symbol":{"tex":"$\\nu$","meaning":"general degree","idref":"C14.S1.p1.t1.r4"}}],"context-references":{"sentence-num-in-corpus":"8879","sentence-xmlid":"C14.S23.p2.s1","chapter-title":"Legendre and Related Functions","chapter-xmlid":"C14","section-title":"Values on the Cut","sentence-num-in-chapter":"354","section-xmlid":"C14.S23","sentence-num-in-section":"4","para-num-of-sentences":"1","para-xmlid":"C14.S23.p2"},"xml-id":"C14.S23.E4","tex":"$\\mathsf{P}^{\\mu}_{\\nu}\\left(x\\right)=e^{\\pm\\mu\\pi i\/2}P^{\\mu}_{\\nu}\\left(x\\pm i 0\\right),$","permalink":"http:\/\/dlmf.nist.gov\/14.23.E4","equation-number":"14.23.4","content-tex":"$\\FerrersP[\\mu]{\\nu}@{x}=e^{\\pm\\mu\\pi i\/2}\\assLegendreP[\\mu]{\\nu}@{x\\pm i0},$"}}{"equation":{"symbols-used":[{"symbol":{"tex":"$\\Gamma\\left(\\NVar{z}\\right)$","meaning":"gamma function","idref":"C5.S2.E1","content-tex":"$\\EulerGamma@{\\NVar{z}}$"}},{"symbol":{"tex":"$\\mathsf{Q}^{\\NVar{\\mu}}_{\\NVar{\\nu}}\\left(\\NVar{x}\\right)$","meaning":"Ferrers function of the second kind","idref":"C14.S3.E2","content-tex":"$\\FerrersQ[\\NVar{\\mu}]{\\NVar{\\nu}}@{\\NVar{x}}$"}},{"symbol":{"tex":"$\\boldsymbol{Q}^{\\NVar{\\mu}}_{\\NVar{\\nu}}\\left(\\NVar{z}\\right)$","meaning":"Olver\u2019s associated Legendre function","idref":"C14.S21.SS1.p1","content-tex":"$\\assLegendreOlverQ[\\NVar{\\mu}]{\\NVar{\\nu}}@{\\NVar{z}}$"}},{"symbol":{"tex":"$\\pi$","meaning":"the ratio of the circumference of a circle to its diameter","idref":"C3.S12.E1","content-tex":"$\\cpi$"}},{"symbol":{"tex":"$\\mathrm{e}$","meaning":"base of natural logarithm","idref":"C4.S2.E11","content-tex":"$\\expe$"}},{"symbol":{"tex":"$\\mathrm{i}$","meaning":"imaginary unit","idref":"C1.S9.E1","content-tex":"$\\iunit$"}},{"symbol":{"tex":"$x$","meaning":"real variable","idref":"C14.S1.p1.t1.r1"}},{"symbol":{"tex":"$\\mu$","meaning":"general order","idref":"C14.S1.p1.t1.r4"}},{"symbol":{"tex":"$\\nu$","meaning":"general degree","idref":"C14.S1.p1.t1.r4"}}],"context-references":{"sentence-num-in-corpus":"8879","sentence-xmlid":"C14.S23.p2.s1","chapter-title":"Legendre and Related Functions","chapter-xmlid":"C14","section-title":"Values on the Cut","sentence-num-in-chapter":"354","section-xmlid":"C14.S23","sentence-num-in-section":"4","para-num-of-sentences":"1","para-xmlid":"C14.S23.p2"},"xml-id":"C14.S23.E5","tex":"$\\mathsf{Q}^{\\mu}_{\\nu}\\left(x\\right)=\\tfrac{1}{2}\\Gamma\\left(\\nu+\\mu+1\\right) \\left(e^{-\\mu\\pi i\/2}\\boldsymbol{Q}^{\\mu}_{\\nu}\\left(x+i0\\right)+e^{\\mu\\pi i\/2 }\\boldsymbol{Q}^{\\mu}_{\\nu}\\left(x-i0\\right)\\right),$","permalink":"http:\/\/dlmf.nist.gov\/14.23.E5","equation-number":"14.23.5","content-tex":"$\\FerrersQ[\\mu]{\\nu}@{x}=\\tfrac{1}{2}\\EulerGamma@{\\nu+\\mu+1}\\left(e^{-\\mu\\pi i\/ 2}\\assLegendreOlverQ[\\mu]{\\nu}@{x+i0}+e^{\\mu\\pi i\/2}\\assLegendreOlverQ[\\mu]{ \\nu}@{x-i0}\\right),$"}}{"equation":{"symbols-used":[{"symbol":{"tex":"$\\Gamma\\left(\\NVar{z}\\right)$","meaning":"gamma function","idref":"C5.S2.E1","content-tex":"$\\EulerGamma@{\\NVar{z}}$"}},{"symbol":{"tex":"$\\mathsf{Q}^{\\NVar{\\mu}}_{\\NVar{\\nu}}\\left(\\NVar{x}\\right)$","meaning":"Ferrers function of the second kind","idref":"C14.S3.E2","content-tex":"$\\FerrersQ[\\NVar{\\mu}]{\\NVar{\\nu}}@{\\NVar{x}}$"}},{"symbol":{"tex":"$P^{\\NVar{\\mu}}_{\\NVar{\\nu}}\\left(\\NVar{z}\\right)$","meaning":"associated Legendre function of the first kind","idref":"C14.S21.SS1.p1","content-tex":"$\\assLegendreP[\\NVar{\\mu}]{\\NVar{\\nu}}@{\\NVar{z}}$"}},{"symbol":{"tex":"$\\boldsymbol{Q}^{\\NVar{\\mu}}_{\\NVar{\\nu}}\\left(\\NVar{z}\\right)$","meaning":"Olver\u2019s associated Legendre function","idref":"C14.S21.SS1.p1","content-tex":"$\\assLegendreOlverQ[\\NVar{\\mu}]{\\NVar{\\nu}}@{\\NVar{z}}$"}},{"symbol":{"tex":"$\\pi$","meaning":"the ratio of the circumference of a circle to its diameter","idref":"C3.S12.E1","content-tex":"$\\cpi$"}},{"symbol":{"tex":"$\\mathrm{e}$","meaning":"base of natural logarithm","idref":"C4.S2.E11","content-tex":"$\\expe$"}},{"symbol":{"tex":"$\\mathrm{i}$","meaning":"imaginary unit","idref":"C1.S9.E1","content-tex":"$\\iunit$"}},{"symbol":{"tex":"$x$","meaning":"real variable","idref":"C14.S1.p1.t1.r1"}},{"symbol":{"tex":"$\\mu$","meaning":"general order","idref":"C14.S1.p1.t1.r4"}},{"symbol":{"tex":"$\\nu$","meaning":"general degree","idref":"C14.S1.p1.t1.r4"}}],"context-references":{"sentence-num-in-corpus":"8879","sentence-xmlid":"C14.S23.p2.s1","chapter-title":"Legendre and Related Functions","chapter-xmlid":"C14","section-title":"Values on the Cut","sentence-num-in-chapter":"354","section-xmlid":"C14.S23","sentence-num-in-section":"4","para-num-of-sentences":"1","para-xmlid":"C14.S23.p2"},"xml-id":"C14.S23.E6","tex":"$\\mathsf{Q}^{\\mu}_{\\nu}\\left(x\\right)=e^{\\mp\\mu\\pi i\/2}\\Gamma\\left(\\nu+\\mu+1 \\right)\\boldsymbol{Q}^{\\mu}_{\\nu}\\left(x\\pm i0\\right)\\pm\\tfrac{1}{2}\\pi ie^{ \\pm\\mu\\pi i\/2}P^{\\mu}_{\\nu}\\left(x\\pm i0\\right).$","permalink":"http:\/\/dlmf.nist.gov\/14.23.E6","equation-number":"14.23.6","content-tex":"$\\FerrersQ[\\mu]{\\nu}@{x}=e^{\\mp\\mu\\pi i\/2}\\EulerGamma@{\\nu+\\mu+1} \\assLegendreOlverQ[\\mu]{\\nu}@{x\\pm i0}\\pm\\tfrac{1}{2}\\pi ie^{\\pm\\mu\\pi i\/2} \\assLegendreP[\\mu]{\\nu}@{x\\pm i0}.$"}}{"expression":{"context-references":{"sentence-num-in-corpus":"8880","sentence-xmlid":"C14.S23.p3.s1","chapter-title":"Legendre and Related Functions","chapter-xmlid":"C14","section-title":"Values on the Cut","sentence-num-in-chapter":"355","section-xmlid":"C14.S23","sentence-num-in-section":"5","para-num-of-sentences":"1","para-xmlid":"C14.S23.p3"},"xml-id":"C14.S23.p3.m1","tex":"$(-\\infty,-1]$"}}{"expression":{"context-references":{"sentence-num-in-corpus":"8880","sentence-xmlid":"C14.S23.p3.s1","chapter-title":"Legendre and Related Functions","chapter-xmlid":"C14","section-title":"Values on the Cut","sentence-num-in-chapter":"355","section-xmlid":"C14.S23","sentence-num-in-section":"5","para-num-of-sentences":"1","para-xmlid":"C14.S23.p3"},"xml-id":"C14.S23.p3.m2","tex":"$[1,\\infty)$"}}{"expression":{"context-references":{"sentence-num-in-corpus":"8880","sentence-xmlid":"C14.S23.p3.s1","chapter-title":"Legendre and Related Functions","chapter-xmlid":"C14","section-title":"Values on the Cut","sentence-num-in-chapter":"355","section-xmlid":"C14.S23","sentence-num-in-section":"5","para-num-of-sentences":"1","para-xmlid":"C14.S23.p3"},"xml-id":"C14.S23.p3.m3","tex":"$\\mathsf{P}^{\\mu}_{\\nu}\\left(x\\right)$","content-tex":"$\\FerrersP[\\mu]{\\nu}@{x}$"}}{"expression":{"context-references":{"sentence-num-in-corpus":"8880","sentence-xmlid":"C14.S23.p3.s1","chapter-title":"Legendre and Related Functions","chapter-xmlid":"C14","section-title":"Values on the Cut","sentence-num-in-chapter":"355","section-xmlid":"C14.S23","sentence-num-in-section":"5","para-num-of-sentences":"1","para-xmlid":"C14.S23.p3"},"xml-id":"C14.S23.p3.m4","tex":"$\\mathsf{Q}^{\\mu}_{\\nu}\\left(x\\right)$","content-tex":"$\\FerrersQ[\\mu]{\\nu}@{x}$"}}{"expression":{"context-references":{"sentence-num-in-corpus":"8880","sentence-xmlid":"C14.S23.p3.s1","chapter-title":"Legendre and Related Functions","chapter-xmlid":"C14","section-title":"Values on the Cut","sentence-num-in-chapter":"355","section-xmlid":"C14.S23","sentence-num-in-section":"5","para-num-of-sentences":"1","para-xmlid":"C14.S23.p3"},"xml-id":"C14.S23.p3.m5","tex":"$x$"}}{"equation":{"symbols-used":[{"symbol":{"tex":"$\\widehat{\\mathsf{Q}}^{-\\NVar{\\mu}}_{\\NVar{-\\frac{1}{2}+i\\tau}}\\left(\\NVar{x}\\right)$","meaning":"conical function","idref":"C14.S20.E2","content-tex":"$\\DunsterQ{-\\NVar{\\mu}}{\\NVar{-\\frac{1}{2}+i\\tau}}@{\\NVar{x}}$"}},{"symbol":{"tex":"$Q^{\\NVar{\\mu}}_{\\NVar{\\nu}}\\left(\\NVar{z}\\right)$","meaning":"associated Legendre function of the second kind","idref":"C14.S21.SS1.p1","content-tex":"$\\assLegendreQ[\\NVar{\\mu}]{\\NVar{\\nu}}@{\\NVar{z}}$"}},{"symbol":{"tex":"$\\pi$","meaning":"the ratio of the circumference of a circle to its diameter","idref":"C3.S12.E1","content-tex":"$\\cpi$"}},{"symbol":{"tex":"$\\mathrm{e}$","meaning":"base of natural logarithm","idref":"C4.S2.E11","content-tex":"$\\expe$"}},{"symbol":{"tex":"$\\mathrm{i}$","meaning":"imaginary unit","idref":"C1.S9.E1","content-tex":"$\\iunit$"}},{"symbol":{"tex":"$x$","meaning":"real variable","idref":"C14.S1.p1.t1.r1"}},{"symbol":{"tex":"$\\tau$","meaning":"real variable","idref":"C14.S1.p1.t1.r1"}},{"symbol":{"tex":"$\\mu$","meaning":"general order","idref":"C14.S1.p1.t1.r4"}}],"context-references":{"sentence-num-in-corpus":"8881","sentence-xmlid":"C14.S23.p4.s1","chapter-title":"Legendre and Related Functions","chapter-xmlid":"C14","section-title":"Values on the Cut","sentence-num-in-chapter":"356","section-xmlid":"C14.S23","sentence-num-in-section":"6","para-num-of-sentences":"1","para-xmlid":"C14.S23.p4"},"xml-id":"C14.S23.E7","tex":"$\\widehat{\\mathsf{Q}}^{-\\mu}_{-\\frac{1}{2}+i\\tau}\\left(x\\right)=\\tfrac{1}{2}e^{ 3\\mu\\pi i\/2}Q^{-\\mu}_{-\\frac{1}{2}+i\\tau}\\left(x-i0\\right)+\\tfrac{1}{2}e^{-3 \\mu\\pi i\/2}Q^{-\\mu}_{-\\frac{1}{2}-i\\tau}\\left(x+i0\\right).$","permalink":"http:\/\/dlmf.nist.gov\/14.23.E7","equation-number":"14.23.7","content-tex":"$\\DunsterQ{-\\mu}{-\\frac{1}{2}+i\\tau}@{x}=\\tfrac{1}{2}e^{3\\mu\\pi i\/2} \\assLegendreQ[-\\mu]{-\\frac{1}{2}+i\\tau}@{x-i0}+\\tfrac{1}{2}e^{-3\\mu\\pi i\/2} \\assLegendreQ[-\\mu]{-\\frac{1}{2}-i\\tau}@{x+i0}.$"}}