{"equation":{"symbols-used":[{"symbol":{"tex":"$\\frac{\\mathrm{d}\\NVar{f}}{\\mathrm{d}\\NVar{x}}$","meaning":"derivative of $f$ with respect to $x$","idref":"C1.S4.E4","content-tex":"$\\deriv{\\NVar{f}}{\\NVar{x}}$"}},{"symbol":{"tex":"$z$","meaning":"complex variable","idref":"C14.S1.p1.t1.r2"}},{"symbol":{"tex":"$\\mu$","meaning":"general order","idref":"C14.S1.p1.t1.r4"}},{"symbol":{"tex":"$\\nu$","meaning":"general degree","idref":"C14.S1.p1.t1.r4"}}],"xml-id":"C14.S29.E1","tex":"$\\left(1-z^{2}\\right)\\frac{{\\mathrm{d}}^{2}w}{{\\mathrm{d}z}^{2}}-2z\\frac{ \\mathrm{d}w}{\\mathrm{d}z}+{\\left(\\nu(\\nu+1)-\\frac{\\mu_{1}^{2}}{2(1-z)}-\\frac{ \\mu_{2}^{2}}{2(1+z)}\\right)w}=0$","context":{"sentence-num-in-corpus":"8903","sentence-xmlid":"C14.S29.p1.s1","chapter-title":"Legendre and Related Functions","chapter-xmlid":"C14","section-title":"Generalizations","sentence-num-in-chapter":"378","section-xmlid":"C14.S29","sentence-num-in-section":"1","para-num-of-sentences":"3","para-xmlid":"C14.S29.p1"},"permalink":"http:\/\/dlmf.nist.gov\/14.29.E1","equation-number":"14.29.1","content-tex":"$\\left(1-z^{2}\\right)\\deriv[2]{w}{z}-2z\\deriv{w}{z}+{\\left(\\nu(\\nu+1)-\\frac{\\mu _{1}^{2}}{2(1-z)}-\\frac{\\mu_{2}^{2}}{2(1+z)}\\right)w}=0$"}}{"expression":{"xml-id":"C14.S29.p1.m1","tex":"$\\mu_{1}=\\mu_{2}=\\mu$","context":{"sentence-num-in-corpus":"8904","sentence-xmlid":"C14.S29.p1.s2","chapter-title":"Legendre and Related Functions","chapter-xmlid":"C14","section-title":"Generalizations","sentence-num-in-chapter":"379","section-xmlid":"C14.S29","sentence-num-in-section":"2","para-num-of-sentences":"3","para-xmlid":"C14.S29.p1"}}}