<?xml version="1.0" encoding="UTF-8"?>
<section xml:id="C15.S17">
<title>Mathematical Applications</title>          
<subsection xml:id="C15.S17.SS1">
<title>Differential Equations</title>         
<para xml:id="C15.S17.SS1.p1">

<sentence sentence-num-in-para="1" sentence-num-in-section="1" xml:id="C15.S17.SS1.p1.s1">
This topic is treated in §§15.10 and 15.11.
</sentence>

</para>
  
<para xml:id="C15.S17.SS1.p2">

<sentence sentence-num-in-para="1" sentence-num-in-section="2" xml:id="C15.S17.SS1.p2.s1">
The logarithmic derivatives of some hypergeometric functions for which quadratic transformations exist (§15.8(iii)) are solutions of Painlevé equations.
</sentence>

<sentence sentence-num-in-para="2" sentence-num-in-section="3" xml:id="C15.S17.SS1.p2.s2">
See §32.10(vi).
</sentence>

</para>
 
</subsection>
 
<subsection xml:id="C15.S17.SS2">
<title>Conformal Mappings</title>        
     
<para xml:id="C15.S17.SS2.p1">

<sentence sentence-num-in-para="1" sentence-num-in-section="4" xml:id="C15.S17.SS2.p1.s1">
The quotient of two solutions of (15.10.1)maps the closed upper half-plane <Math mode="inline" xml:id="C15.S17.SS2.p1.m1">\Im z\geq 0</Math> conformally onto a curvilinear triangle.
</sentence>

<sentence sentence-num-in-para="2" sentence-num-in-section="5" xml:id="C15.S17.SS2.p1.s2">
SeeKlein (1894) and Hochstadt (1971).
</sentence>

<sentence sentence-num-in-para="3" sentence-num-in-section="6" xml:id="C15.S17.SS2.p1.s3">
Hypergeometric functions, especially complete elliptic integrals, also play an important role in quasiconformal mapping.
</sentence>

<sentence sentence-num-in-para="4" sentence-num-in-section="7" xml:id="C15.S17.SS2.p1.s4">
See Anderson et al. (1997).
</sentence>

</para>
 
</subsection>
 
<subsection xml:id="C15.S17.SS3">
<title>Group Representations</title>           
<para xml:id="C15.S17.SS3.p1">

<sentence sentence-num-in-para="1" sentence-num-in-section="8" xml:id="C15.S17.SS3.p1.s1">
For harmonic analysis it is more natural to represent hypergeometric functionsas a Jacobi function (§15.9(ii)).
</sentence>

<sentence sentence-num-in-para="2" sentence-num-in-section="9" xml:id="C15.S17.SS3.p1.s2">
For special values of <Math mode="inline" xml:id="C15.S17.SS3.p1.m1">\alpha</Math> and <Math mode="inline" xml:id="C15.S17.SS3.p1.m2">\beta</Math> there are many group-theoretic interpretations.
</sentence>

<sentence sentence-num-in-para="3" sentence-num-in-section="10" xml:id="C15.S17.SS3.p1.s3">
First, as spherical functions on noncompact Riemannian symmetric spaces of rank one, but also as associated spherical functions, intertwining functions, matrix elements of SL <Math mode="inline" xml:id="C15.S17.SS3.p1.m3">(2,\mathbb{R})</Math> , and spherical functions on certain nonsymmetric Gelfand pairs.Harmonic analysis can be developed for the Jacobi transform either as a generalization of the Fourier-cosine transform (§1.14(ii)) or as a specialization of a group Fourier transform.
</sentence>

<sentence sentence-num-in-para="4" sentence-num-in-section="11" xml:id="C15.S17.SS3.p1.s4">
For further information seeKoornwinder (1984a).
</sentence>

</para>
 
</subsection>
 
<subsection xml:id="C15.S17.SS4">
<title>Combinatorics</title>          
<para xml:id="C15.S17.SS4.p1">

<sentence sentence-num-in-para="1" sentence-num-in-section="12" xml:id="C15.S17.SS4.p1.s1">
In combinatorics, hypergeometric identities classify single sums of products of binomial coefficients.
</sentence>

<sentence sentence-num-in-para="2" sentence-num-in-section="13" xml:id="C15.S17.SS4.p1.s2">
See Egorychev (1984, §2.3).
</sentence>

</para>
 
<para xml:id="C15.S17.SS4.p2">

<sentence sentence-num-in-para="1" sentence-num-in-section="14" xml:id="C15.S17.SS4.p2.s1">
Quadratic transformations give insight into the relation of elliptic integrals to the arithmetic-geometric mean (§19.22(ii)).
</sentence>

<sentence sentence-num-in-para="2" sentence-num-in-section="15" xml:id="C15.S17.SS4.p2.s2">
See Andrews et al. (1999, §3.2).
</sentence>

</para>
 
</subsection>
 
<subsection xml:id="C15.S17.SS5">
<title>Monodromy Groups</title>          
 
<para xml:id="C15.S17.SS5.p1">

<sentence sentence-num-in-para="1" sentence-num-in-section="16" xml:id="C15.S17.SS5.p1.s1">
The three singular points in Riemann’s differential equation (15.11.1) lead to an interesting Riemann sheet structure.
</sentence>

<sentence sentence-num-in-para="2" sentence-num-in-section="17" xml:id="C15.S17.SS5.p1.s2">
By considering, as a group, all analytic transformations of a basis of solutions under analytic continuation around all paths on the Riemann sheet, we obtain the monodromy group.
</sentence>

<sentence sentence-num-in-para="3" sentence-num-in-section="18" xml:id="C15.S17.SS5.p1.s3">
These monodromy groups are finite iff the solutions of Riemann’s differential equation are all algebraic.
</sentence>

<sentence sentence-num-in-para="4" sentence-num-in-section="19" xml:id="C15.S17.SS5.p1.s4">
For a survey of this topic see Gray (2000).
</sentence>

</para>
 
</subsection>
 
</section>
