<?xml version="1.0" encoding="UTF-8"?>
<section xml:id="C15.S13">
<title>Zeros</title>          
<para xml:id="C15.S13.p1">

<sentence sentence-num-in-para="1" sentence-num-in-section="1" xml:id="C15.S13.p1.s1">
Let <Math mode="inline" xml:id="C15.S13.p1.m1">N(a,b,c)</Math> denote the number of zeros of <Math mode="inline" xml:id="C15.S13.p1.m2">F\left(a,b;c;z\right)</Math> in the sector <Math mode="inline" xml:id="C15.S13.p1.m3">|\operatorname{ph}\left(1-z\right)|&lt;\pi</Math>.
</sentence>

<sentence sentence-num-in-para="2" sentence-num-in-section="2" xml:id="C15.S13.p1.s2">
If <Math mode="inline" xml:id="C15.S13.p1.m4">a</Math> , <Math mode="inline" xml:id="C15.S13.p1.m5">b</Math> , <Math mode="inline" xml:id="C15.S13.p1.m6">c</Math> are real, <Math mode="inline" xml:id="C15.S13.p1.m7">a</Math> , <Math mode="inline" xml:id="C15.S13.p1.m8">b</Math> , <Math mode="inline" xml:id="C15.S13.p1.m9">c</Math> , <Math mode="inline" xml:id="C15.S13.p1.m10">c-a</Math> , <Math mode="inline" xml:id="C15.S13.p1.m11">c-b\neq 0,-1,-2,\dots</Math> , and, without loss of generality, <Math mode="inline" xml:id="C15.S13.p1.m12">b\geq a</Math> , <Math mode="inline" xml:id="C15.S13.p1.m13">c\geq a+b</Math> (compare (15.8.1)), then <Math equation-number="15.13.1" mode="display" xml:id="C15.S13.E1">N(a,b,c)=\begin{cases}0,&amp;a&gt;0,\\ \left\lfloor-a\right\rfloor+\tfrac{1}{2}(1+S),&amp;a&lt;0,c-a&gt;0,\\ \left\lfloor-a\right\rfloor+\tfrac{1}{2}(1+S)+\left\lfloor a-c+1\right\rfloor S ,&amp;a&lt;0,c-a&lt;0,\\ \end{cases}</Math>
</sentence>

</para>
  
<para xml:id="C15.S13.p2">

<sentence sentence-num-in-para="1" sentence-num-in-section="3" xml:id="C15.S13.p2.s1">
where <Math mode="inline" xml:id="C15.S13.p2.m1">S=\operatorname{sign}\left(\Gamma\left(a\right)\Gamma\left(b\right)\Gamma\left (c-a\right)\Gamma\left(c-b\right)\right)</Math>.
</sentence>

</para>
 
<para xml:id="C15.S13.p3">

<sentence sentence-num-in-para="1" sentence-num-in-section="4" xml:id="C15.S13.p3.s1">
If <Math mode="inline" xml:id="C15.S13.p3.m1">a</Math> , <Math mode="inline" xml:id="C15.S13.p3.m2">b</Math> , <Math mode="inline" xml:id="C15.S13.p3.m3">c</Math> , <Math mode="inline" xml:id="C15.S13.p3.m4">c-a</Math> , or <Math mode="inline" xml:id="C15.S13.p3.m5">c-b\in\{0,-1,-2,\dots\}</Math> , then <Math mode="inline" xml:id="C15.S13.p3.m6">F\left(a,b;c;z\right)</Math> is not defined, or reduces to a polynomial, or reduces to <Math mode="inline" xml:id="C15.S13.p3.m7">(1-z)^{c-a-b}</Math> times a polynomial.
</sentence>

</para>
 
<para xml:id="C15.S13.p4">

<sentence sentence-num-in-para="1" sentence-num-in-section="5" xml:id="C15.S13.p4.s1">
For further information on the location of real zeros seeZarzo et al. (1995) and Dominici et al. (2013).
</sentence>

<sentence sentence-num-in-para="2" sentence-num-in-section="6" xml:id="C15.S13.p4.s2">
A small table of zeros is given inConde and Kalla (1981) and Segura (2008).
</sentence>

</para>
 
</section>
