<?xml version="1.0" encoding="UTF-8"?>
<section xml:id="C15.S1">
<title>Special Notation</title>         
<para xml:id="C15.S1.p1">

<sentence sentence-num-in-para="1" sentence-num-in-section="1" xml:id="C15.S1.p1.s1">
(For other notation see Notation for the Special Functions.)
</sentence>

<sentence sentence-num-in-para="2" sentence-num-in-section="2" sentence-num-in-table="1" xml:id="C15.S1.p1.t1.s1">
<Math mode="inline" xml:id="C15.S1.p1.t1.r1.m1">x</Math>
</sentence>

<sentence sentence-num-in-para="3" sentence-num-in-section="3" sentence-num-in-table="2" xml:id="C15.S1.p1.t1.s2">
real variable.    
</sentence>

<sentence sentence-num-in-para="4" sentence-num-in-section="4" sentence-num-in-table="3" xml:id="C15.S1.p1.t1.s3">
<Math mode="inline" xml:id="C15.S1.p1.t1.r2.m1">z=x+\mathrm{i}y</Math>
</sentence>

<sentence sentence-num-in-para="5" sentence-num-in-section="5" sentence-num-in-table="4" xml:id="C15.S1.p1.t1.s4">
complex variable.  
</sentence>

<sentence sentence-num-in-para="6" sentence-num-in-section="6" sentence-num-in-table="5" xml:id="C15.S1.p1.t1.s5">
<Math mode="inline" xml:id="C15.S1.p1.t1.r3.m1">a,b,c</Math>
</sentence>

<sentence sentence-num-in-para="7" sentence-num-in-section="7" sentence-num-in-table="6" xml:id="C15.S1.p1.t1.s6">
real or complex parameters.      
</sentence>

<sentence sentence-num-in-para="8" sentence-num-in-section="8" sentence-num-in-table="7" xml:id="C15.S1.p1.t1.s7">
<Math mode="inline" xml:id="C15.S1.p1.t1.r4.m1">k,\ell,m,n</Math>
</sentence>

<sentence sentence-num-in-para="9" sentence-num-in-section="9" sentence-num-in-table="8" xml:id="C15.S1.p1.t1.s8">
integers.        
</sentence>

<sentence sentence-num-in-para="10" sentence-num-in-section="10" sentence-num-in-table="9" xml:id="C15.S1.p1.t1.s9">
<Math mode="inline" xml:id="C15.S1.p1.t1.r5.m1">s</Math>
</sentence>

<sentence sentence-num-in-para="11" sentence-num-in-section="11" sentence-num-in-table="10" xml:id="C15.S1.p1.t1.s10">
nonnegative integer.  
</sentence>

<sentence sentence-num-in-para="12" sentence-num-in-section="12" sentence-num-in-table="11" xml:id="C15.S1.p1.t1.s11">
<Math mode="inline" xml:id="C15.S1.p1.t1.r6.m1">\delta</Math>
</sentence>

<sentence sentence-num-in-para="13" sentence-num-in-section="13" sentence-num-in-table="12" xml:id="C15.S1.p1.t1.s12">
arbitrary small positive constant.  
</sentence>

<sentence sentence-num-in-para="14" sentence-num-in-section="14" sentence-num-in-table="13" xml:id="C15.S1.p1.t1.s13">
<Math mode="inline" xml:id="C15.S1.p1.t1.r7.m1">\Gamma\left(z\right)</Math>
</sentence>

<sentence sentence-num-in-para="15" sentence-num-in-section="15" sentence-num-in-table="14" xml:id="C15.S1.p1.t1.s14">
gamma function (§5.2(i)).
</sentence>

<sentence sentence-num-in-para="16" sentence-num-in-section="16" sentence-num-in-table="15" xml:id="C15.S1.p1.t1.s15">
<Math mode="inline" xml:id="C15.S1.p1.t1.r8.m1">\psi\left(z\right)</Math>
</sentence>

<sentence sentence-num-in-para="17" sentence-num-in-section="17" sentence-num-in-table="16" xml:id="C15.S1.p1.t1.s16">
<Math mode="inline" xml:id="C15.S1.p1.t1.r8.m2">\ifrac{\Gamma'\left(z\right)}{\Gamma\left(z\right)}</Math>.
</sentence>

</para>
 
<para xml:id="C15.S1.p2">

<sentence sentence-num-in-para="1" sentence-num-in-section="18" xml:id="C15.S1.p2.s1">
Unless indicated otherwise primes denote derivatives with respect to the variable.
</sentence>

</para>
 
<para xml:id="C15.S1.p3">

<sentence sentence-num-in-para="1" sentence-num-in-section="19" xml:id="C15.S1.p3.s1">
We use the following notations for the hypergeometric function: <Math equation-number="15.1.1" mode="display" xml:id="C15.S1.E1">{{}_{2}F_{1}}\left(a,b;c;z\right)=F\left(a,b;c;z\right)=F\left({a,b\atop c};z \right),</Math> and also <Math equation-number="15.1.2" mode="display" xml:id="C15.S1.E2">\frac{F\left(a,b;c;z\right)}{\Gamma\left(c\right)}=\mathbf{F}\left(a,b;c;z \right)=\mathbf{F}\left({a,b\atop c};z\right)={{}_{2}{\mathbf{F}}_{1}}\left(a, b;c;z\right),</Math> (Olver (1997b, Chapter 5)).
</sentence>

</para>
 
</section>
