<?xml version="1.0" encoding="UTF-8"?>
<section xml:id="C15.S14">
<title>Integrals</title>            
<para xml:id="C15.S14.p1">

<sentence sentence-num-in-para="1" sentence-num-in-section="1" xml:id="C15.S14.p1.s1">
The Mellin transform of the hypergeometric function of negative argument is given by <Math equation-number="15.14.1" mode="display" xml:id="C15.S14.E1">\int_{0}^{\infty}x^{s-1}\mathbf{F}\left({a,b\atop c};-x\right)\mathrm{d}x= \frac{\Gamma\left(s\right)\Gamma\left(a-s\right)\Gamma\left(b-s\right)}{\Gamma \left(a\right)\Gamma\left(b\right)\Gamma\left(c-s\right)}, if \min(\Re a,\Re b)&gt;\Re s&gt;0</Math>.
</sentence>

</para>
 
<para xml:id="C15.S14.p2">

<sentence sentence-num-in-para="1" sentence-num-in-section="2" xml:id="C15.S14.p2.s1">
Integrals of the form <Math mode="inline" xml:id="C15.S14.p2.m1">\int x^{\alpha}(x+t)^{\beta}F\left(a,b;c;x\right)\mathrm{d}x</Math> and more complicated forms are given in Apelblat (1983, pp. 370–387),Prudnikov et al. (1990, §§1.15 and 2.21), Gradshteyn and Ryzhik (2000, §7.5) andKoornwinder (2015).
</sentence>

</para>
 
<para xml:id="C15.S14.p3">

<sentence sentence-num-in-para="1" sentence-num-in-section="3" xml:id="C15.S14.p3.s1">
Fourier transforms of hypergeometric functions are given inErdélyi et al. (1954a, §§1.14 and 2.14).
</sentence>

<sentence sentence-num-in-para="2" sentence-num-in-section="4" xml:id="C15.S14.p3.s2">
Laplace transforms of hypergeometric functions are given in Erdélyi et al. (1954a, §4.21),Oberhettinger and Badii (1973, §1.19), and Prudnikov et al. (1992a, §3.37).
</sentence>

<sentence sentence-num-in-para="3" sentence-num-in-section="5" xml:id="C15.S14.p3.s3">
Inverse Laplace transforms of hypergeometric functions are given inErdélyi et al. (1954a, §5.19), Oberhettinger and Badii (1973, §2.18), andPrudnikov et al. (1992b, §3.35).
</sentence>

<sentence sentence-num-in-para="4" sentence-num-in-section="6" xml:id="C15.S14.p3.s4">
Mellin transforms of hypergeometric functions are given in Erdélyi et al. (1954a, §6.9),Oberhettinger (1974, §1.15), andMarichev (1983, pp. 288–299).
</sentence>

<sentence sentence-num-in-para="5" sentence-num-in-section="7" xml:id="C15.S14.p3.s5">
Inverse Mellin transforms are given inErdélyi et al. (1954a, §7.5).
</sentence>

<sentence sentence-num-in-para="6" sentence-num-in-section="8" xml:id="C15.S14.p3.s6">
Hankel transforms of hypergeometric functions are given in Oberhettinger (1972, §1.17) andErdélyi et al. (1954b, §8.17).
</sentence>

</para>
 
<para xml:id="C15.S14.p4">

<sentence sentence-num-in-para="1" sentence-num-in-section="9" xml:id="C15.S14.p4.s1">
For other integral transforms see Erdélyi et al. (1954b),Prudnikov et al. (1992b, §4.3.43), and also §15.9(ii).
</sentence>

</para>
 
</section>
