<?xml version="1.0" encoding="UTF-8"?>
<section xml:id="C15.S20">
<title>Software</title>         
<para xml:id="C15.S20.p1">

</para>
 
<subsection xml:id="C15.S20.SS1">
<title>Introduction</title>         
<para xml:id="C15.S20.SS1.p1">

<sentence sentence-num-in-para="1" sentence-num-in-section="1" xml:id="C15.S20.SS1.p1.s1">
In this section we provide links to the research literature describing the implementation of algorithms in software for the evaluation of functions described in this chapter.
</sentence>

<sentence sentence-num-in-para="2" sentence-num-in-section="2" xml:id="C15.S20.SS1.p1.s2">
Citations in bulleted lists refer to papers for which research software has been made available and can be downloaded via the Web.
</sentence>

<sentence sentence-num-in-para="3" sentence-num-in-section="3" xml:id="C15.S20.SS1.p1.s3">
References to research software that is available in other ways is listed separately.
</sentence>

</para>
 
<para xml:id="C15.S20.SS1.p2">

<sentence sentence-num-in-para="1" sentence-num-in-section="4" xml:id="C15.S20.SS1.p2.s1">
A more complete list of available software for computing these functions is found in the Software Index.
</sentence>

</para>
 
</subsection>
 
<subsection xml:id="C15.S20.SS2">
<title>Real Parameters and Argument</title>         
<para xml:id="C15.S20.SS2.p1">

<sentence sentence-num-in-para="1" sentence-num-in-section="5" xml:id="C15.S20.SS2.p1.s1">
Forrey (1997).
</sentence>

<sentence sentence-num-in-para="2" sentence-num-in-section="6" xml:id="C15.S20.SS2.p1.s2">
Fortran.
</sentence>

</para>

 
</subsection>
 
<subsection xml:id="C15.S20.SS3">
<title>Complex Parameters and Argument</title>         
<para xml:id="C15.S20.SS3.p1">

<sentence sentence-num-in-para="1" sentence-num-in-section="7" xml:id="C15.S20.SS3.p1.s1">
Dragoun and Heuser (1971).
</sentence>

<sentence sentence-num-in-para="2" sentence-num-in-section="8" xml:id="C15.S20.SS3.p1.s2">
Fortran.
</sentence>

<sentence sentence-num-in-para="3" sentence-num-in-section="9" xml:id="C15.S20.SS3.p1.s3">
Forrey (1997).
</sentence>

<sentence sentence-num-in-para="4" sentence-num-in-section="10" xml:id="C15.S20.SS3.p1.s4">
Fortran.
</sentence>

</para>
 
<para xml:id="C15.S20.SS3.p2">

<sentence sentence-num-in-para="1" sentence-num-in-section="11" xml:id="C15.S20.SS3.p2.s1">
See also Hsu (1993).
</sentence>

</para>
 
</subsection>
 
</section>
