<?xml version="1.0" encoding="UTF-8"?>
<section xml:id="C15.S3">
<title>Graphics</title>         
<subsection xml:id="C15.S3.SS1">
<title>Graphs</title>        
            
<sentence sentence-num-in-section="1" xml:id="C15.S3.F1.s1">
Figure 15.3.1: <Math mode="inline" xml:id="C15.S3.F1.m2">F\left(\tfrac{4}{3},\tfrac{9}{16};\tfrac{14}{5};x\right),-100\leq x\leq 1</Math> . 
</sentence>           
<sentence sentence-num-in-section="2" xml:id="C15.S3.F2.s1">
Figure 15.3.2: <Math mode="inline" xml:id="C15.S3.F2.m2">F\left(5,-10;1;x\right),-0.023\leq x\leq 1</Math> . 
</sentence>             
<sentence sentence-num-in-section="3" xml:id="C15.S3.F3.s1">
Figure 15.3.3: <Math mode="inline" xml:id="C15.S3.F3.m2">F\left(1,-10;10;x\right),-3\leq x\leq 1</Math> . 
</sentence> 
          
<sentence sentence-num-in-section="4" xml:id="C15.S3.F4.s1">
Figure 15.3.4: <Math mode="inline" xml:id="C15.S3.F4.m2">F\left(5,10;1;x\right),-1\leq x\leq 0.022</Math> . 
</sentence>    
</subsection>
 
<subsection xml:id="C15.S3.SS2">
<title>Surfaces</title>         
<para xml:id="C15.S3.SS2.p1">

<sentence sentence-num-in-para="1" sentence-num-in-section="5" xml:id="C15.S3.SS2.p1.s1">
In Figures 15.3.5 and 15.3.6,height corresponds to the absolute value of the function and color to the phase.
</sentence>

<sentence sentence-num-in-para="2" sentence-num-in-section="6" xml:id="C15.S3.SS2.p1.s2">
See also About Color Map.
</sentence>

</para>
           
<sentence sentence-num-in-section="7" xml:id="C15.S3.F5.s1">
Figure 15.3.5: <Math mode="inline" xml:id="C15.S3.F5.m2">F\left(\tfrac{4}{3},\tfrac{9}{16};\tfrac{14}{5};x+\mathrm{i}y\right),0\leq x \leq 2,-0.5\leq y\leq 0.5</Math> . (There is a cut along the real axis from <Math mode="inline" xml:id="C15.S3.F5.m3">1</Math> to <Math mode="inline" xml:id="C15.S3.F5.m4">\infty</Math> .)
</sentence>           
<sentence sentence-num-in-section="8" xml:id="C15.S3.F6.s1">
Figure 15.3.6: <Math mode="inline" xml:id="C15.S3.F6.m2">F\left(-3,\frac{3}{5};u+\mathrm{i}v;\frac{1}{2}\right),-6\leq u\leq 2,-2\leq v\leq 2</Math> . (With <Math mode="inline" xml:id="C15.S3.F6.m3">c=u+\mathrm{i}v</Math> the only poles occur at <Math mode="inline" xml:id="C15.S3.F6.m4">c=0,-1,-2</Math> ; compare § .)
</sentence>             
<sentence sentence-num-in-section="9" xml:id="C15.S3.F7.s1">
Figure 15.3.7: <Math mode="inline" xml:id="C15.S3.F7.m2">|\mathbf{F}\left(-3,\frac{3}{5};u+\mathrm{i}v;\frac{1}{2}\right)|,-6\leq u\leq 2 ,-2\leq v\leq 2</Math> .
</sentence> 
  
</subsection>
 
</section>
