{"equation":{"symbols-used":[{"symbol":{"tex":"$B_{\\NVar{n}}\\left(\\NVar{x}\\right)$","meaning":"Bernoulli polynomials","idref":"C24.S2.SS1","content-tex":"$\\BernoullipolyB{\\NVar{n}}@{\\NVar{x}}$"}},{"symbol":{"tex":"$\\genfrac{(}{)}{0.0pt}{}{\\NVar{m}}{\\NVar{n}}$","meaning":"binomial coefficient","idref":"C1.S2.SS1","content-tex":"$\\binom{\\NVar{m}}{\\NVar{n}}$"}},{"symbol":{"tex":"$k$","meaning":"integer","idref":"C24.S1.p2.t1.r1"}},{"symbol":{"tex":"$n$","meaning":"integer","idref":"C24.S1.p2.t1.r1"}},{"symbol":{"tex":"$x$","meaning":"real or complex","idref":"C24.S1.p2.t1.r2"}}],"xml-id":"C24.S14.E1","tex":"$\\sum_{k=0}^{n}{n\\choose k}B_{k}\\left(x\\right)B_{n-k}\\left(y\\right)=n(x+y-1)B_{ n-1}\\left(x+y\\right)-(n-1)B_{n}\\left(x+y\\right),$","context":{"sentence-num-in-corpus":"14037","subsection-xmlid":"C24.S14.SS1","sentence-xmlid":"C24.S14.SS1.p1.s1","chapter-title":"Bernoulli and Euler Polynomials","chapter-xmlid":"C24","section-title":"Sums","sentence-num-in-chapter":"761","section-xmlid":"C24.S14","sentence-num-in-section":"1","para-num-of-sentences":"3","para-xmlid":"C24.S14.SS1.p1","subsection-title":"Quadratic Recurrence Relations"},"permalink":"http:\/\/dlmf.nist.gov\/24.14.E1","equation-number":"24.14.1","content-tex":"$\\sum_{k=0}^{n}{n\\choose k}\\BernoullipolyB{k}@{x}\\BernoullipolyB{n-k}@{y}=n(x+y -1)\\BernoullipolyB{n-1}@{x+y}-(n-1)\\BernoullipolyB{n}@{x+y},$"}}{"equation":{"symbols-used":[{"symbol":{"tex":"$B_{\\NVar{n}}$","meaning":"Bernoulli numbers","idref":"C24.S2.SS1","content-tex":"$\\BernoullinumberB{\\NVar{n}}$"}},{"symbol":{"tex":"$\\genfrac{(}{)}{0.0pt}{}{\\NVar{m}}{\\NVar{n}}$","meaning":"binomial coefficient","idref":"C1.S2.SS1","content-tex":"$\\binom{\\NVar{m}}{\\NVar{n}}$"}},{"symbol":{"tex":"$k$","meaning":"integer","idref":"C24.S1.p2.t1.r1"}},{"symbol":{"tex":"$n$","meaning":"integer","idref":"C24.S1.p2.t1.r1"}}],"xml-id":"C24.S14.E2","tex":"$\\sum_{k=0}^{n}{n\\choose k}B_{k}B_{n-k}=(1-n)B_{n}-nB_{n-1}.$","context":{"sentence-num-in-corpus":"14037","subsection-xmlid":"C24.S14.SS1","sentence-xmlid":"C24.S14.SS1.p1.s1","chapter-title":"Bernoulli and Euler Polynomials","chapter-xmlid":"C24","section-title":"Sums","sentence-num-in-chapter":"761","section-xmlid":"C24.S14","sentence-num-in-section":"1","para-num-of-sentences":"3","para-xmlid":"C24.S14.SS1.p1","subsection-title":"Quadratic Recurrence Relations"},"permalink":"http:\/\/dlmf.nist.gov\/24.14.E2","equation-number":"24.14.2","content-tex":"$\\sum_{k=0}^{n}{n\\choose k}\\BernoullinumberB{k}\\BernoullinumberB{n-k}=(1-n) \\BernoullinumberB{n}-n\\BernoullinumberB{n-1}.$"}}{"equation":{"symbols-used":[{"symbol":{"tex":"$E_{\\NVar{n}}\\left(\\NVar{x}\\right)$","meaning":"Euler polynomials","idref":"C24.S2.SS2","content-tex":"$\\EulerpolyE{\\NVar{n}}@{\\NVar{x}}$"}},{"symbol":{"tex":"$\\genfrac{(}{)}{0.0pt}{}{\\NVar{m}}{\\NVar{n}}$","meaning":"binomial coefficient","idref":"C1.S2.SS1","content-tex":"$\\binom{\\NVar{m}}{\\NVar{n}}$"}},{"symbol":{"tex":"$k$","meaning":"integer","idref":"C24.S1.p2.t1.r1"}},{"symbol":{"tex":"$n$","meaning":"integer","idref":"C24.S1.p2.t1.r1"}},{"symbol":{"tex":"$x$","meaning":"real or complex","idref":"C24.S1.p2.t1.r2"}}],"xml-id":"C24.S14.E3","tex":"$\\sum_{k=0}^{n}{n\\choose k}E_{k}\\left(h\\right)E_{n-k}\\left(x\\right)=2(E_{n+1} \\left(x+h\\right)-(x+h-1)E_{n}\\left(x+h\\right)),$","context":{"sentence-num-in-corpus":"14038","subsection-xmlid":"C24.S14.SS1","sentence-xmlid":"C24.S14.SS1.p1.s2","chapter-title":"Bernoulli and Euler Polynomials","chapter-xmlid":"C24","section-title":"Sums","sentence-num-in-chapter":"762","section-xmlid":"C24.S14","sentence-num-in-section":"2","para-num-of-sentences":"3","para-xmlid":"C24.S14.SS1.p1","subsection-title":"Quadratic Recurrence Relations"},"permalink":"http:\/\/dlmf.nist.gov\/24.14.E3","equation-number":"24.14.3","content-tex":"$\\sum_{k=0}^{n}{n\\choose k}\\EulerpolyE{k}@{h}\\EulerpolyE{n-k}@{x}=2(\\EulerpolyE {n+1}@{x+h}-(x+h-1)\\EulerpolyE{n}@{x+h}),$"}}{"equation":{"symbols-used":[{"symbol":{"tex":"$B_{\\NVar{n}}$","meaning":"Bernoulli numbers","idref":"C24.S2.SS1","content-tex":"$\\BernoullinumberB{\\NVar{n}}$"}},{"symbol":{"tex":"$E_{\\NVar{n}}$","meaning":"Euler numbers","idref":"C24.S2.SS2","content-tex":"$\\EulernumberE{\\NVar{n}}$"}},{"symbol":{"tex":"$E_{\\NVar{n}}\\left(\\NVar{x}\\right)$","meaning":"Euler polynomials","idref":"C24.S2.SS2","content-tex":"$\\EulerpolyE{\\NVar{n}}@{\\NVar{x}}$"}},{"symbol":{"tex":"$\\genfrac{(}{)}{0.0pt}{}{\\NVar{m}}{\\NVar{n}}$","meaning":"binomial coefficient","idref":"C1.S2.SS1","content-tex":"$\\binom{\\NVar{m}}{\\NVar{n}}$"}},{"symbol":{"tex":"$k$","meaning":"integer","idref":"C24.S1.p2.t1.r1"}},{"symbol":{"tex":"$n$","meaning":"integer","idref":"C24.S1.p2.t1.r1"}}],"xml-id":"C24.S14.E4","tex":"$\\sum_{k=0}^{n}{n\\choose k}E_{k}E_{n-k}=-2^{n+1}E_{n+1}\\left(0\\right)=-2^{n+2}( 1-2^{n+2})\\frac{B_{n+2}}{n+2}.$","context":{"sentence-num-in-corpus":"14038","subsection-xmlid":"C24.S14.SS1","sentence-xmlid":"C24.S14.SS1.p1.s2","chapter-title":"Bernoulli and Euler Polynomials","chapter-xmlid":"C24","section-title":"Sums","sentence-num-in-chapter":"762","section-xmlid":"C24.S14","sentence-num-in-section":"2","para-num-of-sentences":"3","para-xmlid":"C24.S14.SS1.p1","subsection-title":"Quadratic Recurrence Relations"},"permalink":"http:\/\/dlmf.nist.gov\/24.14.E4","equation-number":"24.14.4","content-tex":"$\\sum_{k=0}^{n}{n\\choose k}\\EulernumberE{k}\\EulernumberE{n-k}=-2^{n+1} \\EulerpolyE{n+1}@{0}=-2^{n+2}(1-2^{n+2})\\frac{\\BernoullinumberB{n+2}}{n+2}.$"}}{"equation":{"symbols-used":[{"symbol":{"tex":"$B_{\\NVar{n}}\\left(\\NVar{x}\\right)$","meaning":"Bernoulli polynomials","idref":"C24.S2.SS1","content-tex":"$\\BernoullipolyB{\\NVar{n}}@{\\NVar{x}}$"}},{"symbol":{"tex":"$E_{\\NVar{n}}\\left(\\NVar{x}\\right)$","meaning":"Euler polynomials","idref":"C24.S2.SS2","content-tex":"$\\EulerpolyE{\\NVar{n}}@{\\NVar{x}}$"}},{"symbol":{"tex":"$\\genfrac{(}{)}{0.0pt}{}{\\NVar{m}}{\\NVar{n}}$","meaning":"binomial coefficient","idref":"C1.S2.SS1","content-tex":"$\\binom{\\NVar{m}}{\\NVar{n}}$"}},{"symbol":{"tex":"$k$","meaning":"integer","idref":"C24.S1.p2.t1.r1"}},{"symbol":{"tex":"$n$","meaning":"integer","idref":"C24.S1.p2.t1.r1"}},{"symbol":{"tex":"$x$","meaning":"real or complex","idref":"C24.S1.p2.t1.r2"}}],"xml-id":"C24.S14.E5","tex":"$\\sum_{k=0}^{n}{n\\choose k}E_{k}\\left(h\\right)B_{n-k}\\left(x\\right)=2^{n}B_{n} \\left(\\tfrac{1}{2}(x+h)\\right),$","context":{"sentence-num-in-corpus":"14039","subsection-xmlid":"C24.S14.SS1","sentence-xmlid":"C24.S14.SS1.p1.s3","chapter-title":"Bernoulli and Euler Polynomials","chapter-xmlid":"C24","section-title":"Sums","sentence-num-in-chapter":"763","section-xmlid":"C24.S14","sentence-num-in-section":"3","para-num-of-sentences":"3","para-xmlid":"C24.S14.SS1.p1","subsection-title":"Quadratic Recurrence Relations"},"permalink":"http:\/\/dlmf.nist.gov\/24.14.E5","equation-number":"24.14.5","content-tex":"$\\sum_{k=0}^{n}{n\\choose k}\\EulerpolyE{k}@{h}\\BernoullipolyB{n-k}@{x}=2^{n} \\BernoullipolyB{n}@{\\tfrac{1}{2}(x+h)},$"}}{"equation":{"symbols-used":[{"symbol":{"tex":"$B_{\\NVar{n}}$","meaning":"Bernoulli numbers","idref":"C24.S2.SS1","content-tex":"$\\BernoullinumberB{\\NVar{n}}$"}},{"symbol":{"tex":"$E_{\\NVar{n}}$","meaning":"Euler numbers","idref":"C24.S2.SS2","content-tex":"$\\EulernumberE{\\NVar{n}}$"}},{"symbol":{"tex":"$\\genfrac{(}{)}{0.0pt}{}{\\NVar{m}}{\\NVar{n}}$","meaning":"binomial coefficient","idref":"C1.S2.SS1","content-tex":"$\\binom{\\NVar{m}}{\\NVar{n}}$"}},{"symbol":{"tex":"$k$","meaning":"integer","idref":"C24.S1.p2.t1.r1"}},{"symbol":{"tex":"$n$","meaning":"integer","idref":"C24.S1.p2.t1.r1"}}],"xml-id":"C24.S14.E6","tex":"$\\sum_{k=0}^{n}{n\\choose k}2^{k}B_{k}E_{n-k}=2(1-2^{n-1})B_{n}-nE_{n-1}.$","context":{"sentence-num-in-corpus":"14039","subsection-xmlid":"C24.S14.SS1","sentence-xmlid":"C24.S14.SS1.p1.s3","chapter-title":"Bernoulli and Euler Polynomials","chapter-xmlid":"C24","section-title":"Sums","sentence-num-in-chapter":"763","section-xmlid":"C24.S14","sentence-num-in-section":"3","para-num-of-sentences":"3","para-xmlid":"C24.S14.SS1.p1","subsection-title":"Quadratic Recurrence Relations"},"permalink":"http:\/\/dlmf.nist.gov\/24.14.E6","equation-number":"24.14.6","content-tex":"$\\sum_{k=0}^{n}{n\\choose k}2^{k}\\BernoullinumberB{k}\\EulernumberE{n-k}=2(1-2^{n -1})\\BernoullinumberB{n}-n\\EulernumberE{n-1}.$"}}{"expression":{"xml-id":"C24.S14.SS1.p2.m1","tex":"$m+n$","context":{"sentence-num-in-corpus":"14040","subsection-xmlid":"C24.S14.SS1","sentence-xmlid":"C24.S14.SS1.p2.s1","chapter-title":"Bernoulli and Euler Polynomials","chapter-xmlid":"C24","section-title":"Sums","sentence-num-in-chapter":"764","section-xmlid":"C24.S14","sentence-num-in-section":"4","para-num-of-sentences":"2","para-xmlid":"C24.S14.SS1.p2","subsection-title":"Quadratic Recurrence Relations"}}}{"expression":{"xml-id":"C24.S14.SS1.p2.m2","tex":"$m$","context":{"sentence-num-in-corpus":"14040","subsection-xmlid":"C24.S14.SS1","sentence-xmlid":"C24.S14.SS1.p2.s1","chapter-title":"Bernoulli and Euler Polynomials","chapter-xmlid":"C24","section-title":"Sums","sentence-num-in-chapter":"764","section-xmlid":"C24.S14","sentence-num-in-section":"4","para-num-of-sentences":"2","para-xmlid":"C24.S14.SS1.p2","subsection-title":"Quadratic Recurrence Relations"}}}{"expression":{"xml-id":"C24.S14.SS1.p2.m3","tex":"$n$","context":{"sentence-num-in-corpus":"14040","subsection-xmlid":"C24.S14.SS1","sentence-xmlid":"C24.S14.SS1.p2.s1","chapter-title":"Bernoulli and Euler Polynomials","chapter-xmlid":"C24","section-title":"Sums","sentence-num-in-chapter":"764","section-xmlid":"C24.S14","sentence-num-in-section":"4","para-num-of-sentences":"2","para-xmlid":"C24.S14.SS1.p2","subsection-title":"Quadratic Recurrence Relations"}}}{"equation":{"symbols-used":[{"symbol":{"tex":"$B_{\\NVar{n}}$","meaning":"Bernoulli numbers","idref":"C24.S2.SS1","content-tex":"$\\BernoullinumberB{\\NVar{n}}$"}},{"symbol":{"tex":"$\\genfrac{(}{)}{0.0pt}{}{\\NVar{m}}{\\NVar{n}}$","meaning":"binomial coefficient","idref":"C1.S2.SS1","content-tex":"$\\binom{\\NVar{m}}{\\NVar{n}}$"}},{"symbol":{"tex":"$!$","meaning":"factorial (as in $n!$ )","idref":"introduction.Sx4.p1.t1.r15"}},{"symbol":{"tex":"$j$","meaning":"integer","idref":"C24.S1.p2.t1.r1"}},{"symbol":{"tex":"$k$","meaning":"integer","idref":"C24.S1.p2.t1.r1"}},{"symbol":{"tex":"$m$","meaning":"integer","idref":"C24.S1.p2.t1.r1"}},{"symbol":{"tex":"$n$","meaning":"integer","idref":"C24.S1.p2.t1.r1"}}],"xml-id":"C24.S14.E7","tex":"$\\sum_{j=0}^{m}\\sum_{k=0}^{n}\\genfrac{(}{)}{0.0pt}{}{m}{j}\\genfrac{(}{)}{0.0pt} {}{n}{k}\\frac{B_{j}B_{k}}{m+n-j-k+1}=(-1)^{m-1}\\frac{m!n!}{(m+n)!}B_{m+n}.$","context":{"sentence-num-in-corpus":"14041","subsection-xmlid":"C24.S14.SS1","sentence-xmlid":"C24.S14.SS1.p2.s2","chapter-title":"Bernoulli and Euler Polynomials","chapter-xmlid":"C24","section-title":"Sums","sentence-num-in-chapter":"765","section-xmlid":"C24.S14","sentence-num-in-section":"5","para-num-of-sentences":"2","para-xmlid":"C24.S14.SS1.p2","subsection-title":"Quadratic Recurrence Relations"},"permalink":"http:\/\/dlmf.nist.gov\/24.14.E7","equation-number":"24.14.7","content-tex":"$\\sum_{j=0}^{m}\\sum_{k=0}^{n}\\binom{m}{j}\\binom{n}{k}\\frac{\\BernoullinumberB{j} \\BernoullinumberB{k}}{m+n-j-k+1}=(-1)^{m-1}\\frac{m!n!}{(m+n)!} \\BernoullinumberB{m+n}.$"}}{"expression":{"xml-id":"C24.S14.SS2.p1.m1","tex":"$n\\geq 2$","context":{"sentence-num-in-corpus":"14042","subsection-xmlid":"C24.S14.SS2","sentence-xmlid":"C24.S14.SS2.p1.s1","chapter-title":"Bernoulli and Euler Polynomials","chapter-xmlid":"C24","section-title":"Sums","sentence-num-in-chapter":"766","section-xmlid":"C24.S14","sentence-num-in-section":"6","para-num-of-sentences":"2","para-xmlid":"C24.S14.SS2.p1","subsection-title":"Higher-Order Recurrence Relations"}}}{"expression":{"xml-id":"C24.S14.SS2.p1.m2","tex":"$j,k,\\ell$","context":{"sentence-num-in-corpus":"14042","subsection-xmlid":"C24.S14.SS2","sentence-xmlid":"C24.S14.SS2.p1.s1","chapter-title":"Bernoulli and Euler Polynomials","chapter-xmlid":"C24","section-title":"Sums","sentence-num-in-chapter":"766","section-xmlid":"C24.S14","sentence-num-in-section":"6","para-num-of-sentences":"2","para-xmlid":"C24.S14.SS2.p1","subsection-title":"Higher-Order Recurrence Relations"}}}{"expression":{"xml-id":"C24.S14.SS2.p1.m3","tex":"$j+k+\\ell=n$","context":{"sentence-num-in-corpus":"14042","subsection-xmlid":"C24.S14.SS2","sentence-xmlid":"C24.S14.SS2.p1.s1","chapter-title":"Bernoulli and Euler Polynomials","chapter-xmlid":"C24","section-title":"Sums","sentence-num-in-chapter":"766","section-xmlid":"C24.S14","sentence-num-in-section":"6","para-num-of-sentences":"2","para-xmlid":"C24.S14.SS2.p1","subsection-title":"Higher-Order Recurrence Relations"}}}{"equation":{"symbols-used":[{"symbol":{"tex":"$B_{\\NVar{n}}$","meaning":"Bernoulli numbers","idref":"C24.S2.SS1","content-tex":"$\\BernoullinumberB{\\NVar{n}}$"}},{"symbol":{"tex":"$!$","meaning":"factorial (as in $n!$ )","idref":"introduction.Sx4.p1.t1.r15"}},{"symbol":{"tex":"$j$","meaning":"integer","idref":"C24.S1.p2.t1.r1"}},{"symbol":{"tex":"$k$","meaning":"integer","idref":"C24.S1.p2.t1.r1"}},{"symbol":{"tex":"$\\ell$","meaning":"integer","idref":"C24.S1.p2.t1.r1"}},{"symbol":{"tex":"$n$","meaning":"integer","idref":"C24.S1.p2.t1.r1"}}],"xml-id":"C24.S14.E8","tex":"$\\sum\\frac{(2n)!}{(2j)!(2k)!(2\\ell)!}B_{2j}B_{2k}B_{2\\ell}=(n-1)(2n-1)B_{2n}+n( n-\\tfrac{1}{2})B_{2n-2},$","context":{"sentence-num-in-corpus":"14043","subsection-xmlid":"C24.S14.SS2","sentence-xmlid":"C24.S14.SS2.p1.s2","chapter-title":"Bernoulli and Euler Polynomials","chapter-xmlid":"C24","section-title":"Sums","sentence-num-in-chapter":"767","section-xmlid":"C24.S14","sentence-num-in-section":"7","para-num-of-sentences":"2","para-xmlid":"C24.S14.SS2.p1","subsection-title":"Higher-Order Recurrence Relations"},"permalink":"http:\/\/dlmf.nist.gov\/24.14.E8","equation-number":"24.14.8","content-tex":"$\\sum\\frac{(2n)!}{(2j)!(2k)!(2\\ell)!}\\BernoullinumberB{2j}\\BernoullinumberB{2k} \\BernoullinumberB{2\\ell}=(n-1)(2n-1)\\BernoullinumberB{2n}+n(n-\\tfrac{1}{2}) \\BernoullinumberB{2n-2},$"}}{"equation":{"symbols-used":[{"symbol":{"tex":"$E_{\\NVar{n}}$","meaning":"Euler numbers","idref":"C24.S2.SS2","content-tex":"$\\EulernumberE{\\NVar{n}}$"}},{"symbol":{"tex":"$!$","meaning":"factorial (as in $n!$ )","idref":"introduction.Sx4.p1.t1.r15"}},{"symbol":{"tex":"$j$","meaning":"integer","idref":"C24.S1.p2.t1.r1"}},{"symbol":{"tex":"$k$","meaning":"integer","idref":"C24.S1.p2.t1.r1"}},{"symbol":{"tex":"$\\ell$","meaning":"integer","idref":"C24.S1.p2.t1.r1"}},{"symbol":{"tex":"$n$","meaning":"integer","idref":"C24.S1.p2.t1.r1"}}],"xml-id":"C24.S14.E9","tex":"$\\sum\\frac{(2n)!}{(2j)!(2k)!(2\\ell)!}E_{2j}E_{2k}E_{2\\ell}=\\tfrac{1}{2}\\left(E_ {2n}-E_{2n+2}\\right).$","context":{"sentence-num-in-corpus":"14043","subsection-xmlid":"C24.S14.SS2","sentence-xmlid":"C24.S14.SS2.p1.s2","chapter-title":"Bernoulli and Euler Polynomials","chapter-xmlid":"C24","section-title":"Sums","sentence-num-in-chapter":"767","section-xmlid":"C24.S14","sentence-num-in-section":"7","para-num-of-sentences":"2","para-xmlid":"C24.S14.SS2.p1","subsection-title":"Higher-Order Recurrence Relations"},"permalink":"http:\/\/dlmf.nist.gov\/24.14.E9","equation-number":"24.14.9","content-tex":"$\\sum\\frac{(2n)!}{(2j)!(2k)!(2\\ell)!}\\EulernumberE{2j}\\EulernumberE{2k} \\EulernumberE{2\\ell}=\\tfrac{1}{2}\\left(\\EulernumberE{2n}-\\EulernumberE{2n+2} \\right).$"}}{"expression":{"xml-id":"C24.S14.SS2.p2.m1","tex":"$n\\geq 4$","context":{"sentence-num-in-corpus":"14044","subsection-xmlid":"C24.S14.SS2","sentence-xmlid":"C24.S14.SS2.p2.s1","chapter-title":"Bernoulli and Euler Polynomials","chapter-xmlid":"C24","section-title":"Sums","sentence-num-in-chapter":"768","section-xmlid":"C24.S14","sentence-num-in-section":"8","para-num-of-sentences":"2","para-xmlid":"C24.S14.SS2.p2","subsection-title":"Higher-Order Recurrence Relations"}}}{"expression":{"xml-id":"C24.S14.SS2.p2.m2","tex":"$j,k,\\ell,m$","context":{"sentence-num-in-corpus":"14044","subsection-xmlid":"C24.S14.SS2","sentence-xmlid":"C24.S14.SS2.p2.s1","chapter-title":"Bernoulli and Euler Polynomials","chapter-xmlid":"C24","section-title":"Sums","sentence-num-in-chapter":"768","section-xmlid":"C24.S14","sentence-num-in-section":"8","para-num-of-sentences":"2","para-xmlid":"C24.S14.SS2.p2","subsection-title":"Higher-Order Recurrence Relations"}}}{"expression":{"xml-id":"C24.S14.SS2.p2.m3","tex":"$j+k+\\ell+m=n$","context":{"sentence-num-in-corpus":"14044","subsection-xmlid":"C24.S14.SS2","sentence-xmlid":"C24.S14.SS2.p2.s1","chapter-title":"Bernoulli and Euler Polynomials","chapter-xmlid":"C24","section-title":"Sums","sentence-num-in-chapter":"768","section-xmlid":"C24.S14","sentence-num-in-section":"8","para-num-of-sentences":"2","para-xmlid":"C24.S14.SS2.p2","subsection-title":"Higher-Order Recurrence Relations"}}}{"equation":{"symbols-used":[{"symbol":{"tex":"$B_{\\NVar{n}}$","meaning":"Bernoulli numbers","idref":"C24.S2.SS1","content-tex":"$\\BernoullinumberB{\\NVar{n}}$"}},{"symbol":{"tex":"$\\genfrac{(}{)}{0.0pt}{}{\\NVar{m}}{\\NVar{n}}$","meaning":"binomial coefficient","idref":"C1.S2.SS1","content-tex":"$\\binom{\\NVar{m}}{\\NVar{n}}$"}},{"symbol":{"tex":"$!$","meaning":"factorial (as in $n!$ )","idref":"introduction.Sx4.p1.t1.r15"}},{"symbol":{"tex":"$j$","meaning":"integer","idref":"C24.S1.p2.t1.r1"}},{"symbol":{"tex":"$k$","meaning":"integer","idref":"C24.S1.p2.t1.r1"}},{"symbol":{"tex":"$\\ell$","meaning":"integer","idref":"C24.S1.p2.t1.r1"}},{"symbol":{"tex":"$m$","meaning":"integer","idref":"C24.S1.p2.t1.r1"}},{"symbol":{"tex":"$n$","meaning":"integer","idref":"C24.S1.p2.t1.r1"}}],"xml-id":"C24.S14.E10","tex":"$\\sum\\frac{(2n)!}{(2j)!(2k)!(2\\ell)!(2m)!}B_{2j}B_{2k}B_{2\\ell}B_{2m}=-{2n+3 \\choose 3}B_{2n}-\\frac{4}{3}n^{2}(2n-1)B_{2n-2}.$","context":{"sentence-num-in-corpus":"14045","subsection-xmlid":"C24.S14.SS2","sentence-xmlid":"C24.S14.SS2.p2.s2","chapter-title":"Bernoulli and Euler Polynomials","chapter-xmlid":"C24","section-title":"Sums","sentence-num-in-chapter":"769","section-xmlid":"C24.S14","sentence-num-in-section":"9","para-num-of-sentences":"2","para-xmlid":"C24.S14.SS2.p2","subsection-title":"Higher-Order Recurrence Relations"},"permalink":"http:\/\/dlmf.nist.gov\/24.14.E10","equation-number":"24.14.10","content-tex":"$\\sum\\frac{(2n)!}{(2j)!(2k)!(2\\ell)!(2m)!}\\BernoullinumberB{2j} \\BernoullinumberB{2k}\\BernoullinumberB{2\\ell}\\BernoullinumberB{2m}=-{2n+3 \\choose 3}\\BernoullinumberB{2n}-\\frac{4}{3}n^{2}(2n-1)\\BernoullinumberB{2n-2}.$"}}{"expression":{"xml-id":"C24.S14.SS2.p3.m1","tex":"$\\det[a_{r+s}]$","context":{"sentence-num-in-corpus":"14048","subsection-xmlid":"C24.S14.SS2","sentence-xmlid":"C24.S14.SS2.p3.s3","chapter-title":"Bernoulli and Euler Polynomials","chapter-xmlid":"C24","section-title":"Sums","sentence-num-in-chapter":"772","section-xmlid":"C24.S14","sentence-num-in-section":"12","para-num-of-sentences":"4","para-xmlid":"C24.S14.SS2.p3","subsection-title":"Higher-Order Recurrence Relations"}}}{"expression":{"xml-id":"C24.S14.SS2.p3.m2","tex":"$(n+1)\\times(n+1)$","context":{"sentence-num-in-corpus":"14048","subsection-xmlid":"C24.S14.SS2","sentence-xmlid":"C24.S14.SS2.p3.s3","chapter-title":"Bernoulli and Euler Polynomials","chapter-xmlid":"C24","section-title":"Sums","sentence-num-in-chapter":"772","section-xmlid":"C24.S14","sentence-num-in-section":"12","para-num-of-sentences":"4","para-xmlid":"C24.S14.SS2.p3","subsection-title":"Higher-Order Recurrence Relations"}}}{"expression":{"xml-id":"C24.S14.SS2.p3.m3","tex":"$a_{r+s}$","context":{"sentence-num-in-corpus":"14048","subsection-xmlid":"C24.S14.SS2","sentence-xmlid":"C24.S14.SS2.p3.s3","chapter-title":"Bernoulli and Euler Polynomials","chapter-xmlid":"C24","section-title":"Sums","sentence-num-in-chapter":"772","section-xmlid":"C24.S14","sentence-num-in-section":"12","para-num-of-sentences":"4","para-xmlid":"C24.S14.SS2.p3","subsection-title":"Higher-Order Recurrence Relations"}}}{"expression":{"xml-id":"C24.S14.SS2.p3.m4","tex":"$r$","context":{"sentence-num-in-corpus":"14048","subsection-xmlid":"C24.S14.SS2","sentence-xmlid":"C24.S14.SS2.p3.s3","chapter-title":"Bernoulli and Euler Polynomials","chapter-xmlid":"C24","section-title":"Sums","sentence-num-in-chapter":"772","section-xmlid":"C24.S14","sentence-num-in-section":"12","para-num-of-sentences":"4","para-xmlid":"C24.S14.SS2.p3","subsection-title":"Higher-Order Recurrence Relations"}}}{"expression":{"xml-id":"C24.S14.SS2.p3.m5","tex":"$s$","context":{"sentence-num-in-corpus":"14048","subsection-xmlid":"C24.S14.SS2","sentence-xmlid":"C24.S14.SS2.p3.s3","chapter-title":"Bernoulli and Euler Polynomials","chapter-xmlid":"C24","section-title":"Sums","sentence-num-in-chapter":"772","section-xmlid":"C24.S14","sentence-num-in-section":"12","para-num-of-sentences":"4","para-xmlid":"C24.S14.SS2.p3","subsection-title":"Higher-Order Recurrence Relations"}}}{"expression":{"xml-id":"C24.S14.XMD1.m1","tex":"$r$","context":{"chapter-title":"Bernoulli and Euler Polynomials","chapter-xmlid":"C24"}}}{"expression":{"xml-id":"C24.S14.XMD2.m1","tex":"$s$","context":{"chapter-title":"Bernoulli and Euler Polynomials","chapter-xmlid":"C24"}}}{"expression":{"xml-id":"C24.S14.SS2.p3.m6","tex":"$r,s=0,1,\\dots,n$","context":{"sentence-num-in-corpus":"14048","subsection-xmlid":"C24.S14.SS2","sentence-xmlid":"C24.S14.SS2.p3.s3","chapter-title":"Bernoulli and Euler Polynomials","chapter-xmlid":"C24","section-title":"Sums","sentence-num-in-chapter":"772","section-xmlid":"C24.S14","sentence-num-in-section":"12","para-num-of-sentences":"4","para-xmlid":"C24.S14.SS2.p3","subsection-title":"Higher-Order Recurrence Relations"}}}{"equation":{"symbols-used":[{"symbol":{"tex":"$B_{\\NVar{n}}$","meaning":"Bernoulli numbers","idref":"C24.S2.SS1","content-tex":"$\\BernoullinumberB{\\NVar{n}}$"}},{"symbol":{"tex":"$\\det$","meaning":"determinant","idref":"C1.S3.SS1"}},{"symbol":{"tex":"$!$","meaning":"factorial (as in $n!$ )","idref":"introduction.Sx4.p1.t1.r15"}},{"symbol":{"tex":"$k$","meaning":"integer","idref":"C24.S1.p2.t1.r1"}},{"symbol":{"tex":"$n$","meaning":"integer","idref":"C24.S1.p2.t1.r1"}},{"symbol":{"tex":"$r$","meaning":"row","idref":"C24.S14.SS2.p3"}},{"symbol":{"tex":"$s$","meaning":"column","idref":"C24.S14.SS2.p3"}}],"xml-id":"C24.S14.E11","tex":"$\\det[B_{r+s}]=(-1)^{n(n+1)\/2}\\left(\\prod_{k=1}^{n}k!\\right)^{6}\\Bigg{\/}\\left( \\prod_{k=1}^{2n+1}k!\\right),$","context":{"sentence-num-in-corpus":"14049","subsection-xmlid":"C24.S14.SS2","sentence-xmlid":"C24.S14.SS2.p3.s4","chapter-title":"Bernoulli and Euler Polynomials","chapter-xmlid":"C24","section-title":"Sums","sentence-num-in-chapter":"773","section-xmlid":"C24.S14","sentence-num-in-section":"13","para-num-of-sentences":"4","para-xmlid":"C24.S14.SS2.p3","subsection-title":"Higher-Order Recurrence Relations"},"permalink":"http:\/\/dlmf.nist.gov\/24.14.E11","equation-number":"24.14.11","content-tex":"$\\det[\\BernoullinumberB{r+s}]=(-1)^{n(n+1)\/2}\\left(\\prod_{k=1}^{n}k!\\right)^{6} \\Bigg{\/}\\left(\\prod_{k=1}^{2n+1}k!\\right),$"}}{"equation":{"symbols-used":[{"symbol":{"tex":"$E_{\\NVar{n}}$","meaning":"Euler numbers","idref":"C24.S2.SS2","content-tex":"$\\EulernumberE{\\NVar{n}}$"}},{"symbol":{"tex":"$\\det$","meaning":"determinant","idref":"C1.S3.SS1"}},{"symbol":{"tex":"$!$","meaning":"factorial (as in $n!$ )","idref":"introduction.Sx4.p1.t1.r15"}},{"symbol":{"tex":"$k$","meaning":"integer","idref":"C24.S1.p2.t1.r1"}},{"symbol":{"tex":"$n$","meaning":"integer","idref":"C24.S1.p2.t1.r1"}},{"symbol":{"tex":"$r$","meaning":"row","idref":"C24.S14.SS2.p3"}},{"symbol":{"tex":"$s$","meaning":"column","idref":"C24.S14.SS2.p3"}}],"xml-id":"C24.S14.E12","tex":"$\\det[E_{r+s}]=(-1)^{n(n+1)\/2}\\left(\\prod_{k=1}^{n}k!\\right)^{2}.$","context":{"sentence-num-in-corpus":"14049","subsection-xmlid":"C24.S14.SS2","sentence-xmlid":"C24.S14.SS2.p3.s4","chapter-title":"Bernoulli and Euler Polynomials","chapter-xmlid":"C24","section-title":"Sums","sentence-num-in-chapter":"773","section-xmlid":"C24.S14","sentence-num-in-section":"13","para-num-of-sentences":"4","para-xmlid":"C24.S14.SS2.p3","subsection-title":"Higher-Order Recurrence Relations"},"permalink":"http:\/\/dlmf.nist.gov\/24.14.E12","equation-number":"24.14.12","content-tex":"$\\det[\\EulernumberE{r+s}]=(-1)^{n(n+1)\/2}\\left(\\prod_{k=1}^{n}k!\\right)^{2}.$"}}