{"expression":{"xml-id":"C24.S8.SS1.p1.m1","tex":"$n=1,2,\\dots$","context":{"sentence-num-in-corpus":"13980","subsection-xmlid":"C24.S8.SS1","sentence-xmlid":"C24.S8.SS1.p1.s1","chapter-title":"Bernoulli and Euler Polynomials","chapter-xmlid":"C24","section-title":"Series Expansions","sentence-num-in-chapter":"704","section-xmlid":"C24.S8","sentence-num-in-section":"1","para-num-of-sentences":"2","para-xmlid":"C24.S8.SS1.p1","subsection-title":"Fourier Series"}}}{"expression":{"xml-id":"C24.S8.SS1.p1.m2","tex":"$0\\leq x\\leq 1$","context":{"sentence-num-in-corpus":"13980","subsection-xmlid":"C24.S8.SS1","sentence-xmlid":"C24.S8.SS1.p1.s1","chapter-title":"Bernoulli and Euler Polynomials","chapter-xmlid":"C24","section-title":"Series Expansions","sentence-num-in-chapter":"704","section-xmlid":"C24.S8","sentence-num-in-section":"1","para-num-of-sentences":"2","para-xmlid":"C24.S8.SS1.p1","subsection-title":"Fourier Series"}}}{"equation":{"symbols-used":[{"symbol":{"tex":"$B_{\\NVar{n}}\\left(\\NVar{x}\\right)$","meaning":"Bernoulli polynomials","idref":"C24.S2.SS1","content-tex":"$\\BernoullipolyB{\\NVar{n}}@{\\NVar{x}}$"}},{"symbol":{"tex":"$\\pi$","meaning":"the ratio of the circumference of a circle to its diameter","idref":"C3.S12.E1","content-tex":"$\\cpi$"}},{"symbol":{"tex":"$\\cos\\NVar{z}$","meaning":"cosine function","idref":"C4.S14.E2","content-tex":"$\\cos@@{\\NVar{z}}$"}},{"symbol":{"tex":"$!$","meaning":"factorial (as in $n!$ )","idref":"introduction.Sx4.p1.t1.r15"}},{"symbol":{"tex":"$k$","meaning":"integer","idref":"C24.S1.p2.t1.r1"}},{"symbol":{"tex":"$n$","meaning":"integer","idref":"C24.S1.p2.t1.r1"}},{"symbol":{"tex":"$x$","meaning":"real or complex","idref":"C24.S1.p2.t1.r2"}}],"xml-id":"C24.S8.E1","tex":"$B_{2n}\\left(x\\right)=(-1)^{n+1}\\frac{2(2n)!}{(2\\pi)^{2n}}\\sum_{k=1}^{\\infty} \\frac{\\cos\\left(2\\pi kx\\right)}{k^{2n}},$","context":{"sentence-num-in-corpus":"13980","subsection-xmlid":"C24.S8.SS1","sentence-xmlid":"C24.S8.SS1.p1.s1","chapter-title":"Bernoulli and Euler Polynomials","chapter-xmlid":"C24","section-title":"Series Expansions","sentence-num-in-chapter":"704","section-xmlid":"C24.S8","sentence-num-in-section":"1","para-num-of-sentences":"2","para-xmlid":"C24.S8.SS1.p1","subsection-title":"Fourier Series"},"permalink":"http:\/\/dlmf.nist.gov\/24.8.E1","equation-number":"24.8.1","content-tex":"$\\BernoullipolyB{2n}@{x}=(-1)^{n+1}\\frac{2(2n)!}{(2\\pi)^{2n}}\\sum_{k=1}^{\\infty }\\frac{\\cos@{2\\pi kx}}{k^{2n}},$"}}{"equation":{"symbols-used":[{"symbol":{"tex":"$B_{\\NVar{n}}\\left(\\NVar{x}\\right)$","meaning":"Bernoulli polynomials","idref":"C24.S2.SS1","content-tex":"$\\BernoullipolyB{\\NVar{n}}@{\\NVar{x}}$"}},{"symbol":{"tex":"$\\pi$","meaning":"the ratio of the circumference of a circle to its diameter","idref":"C3.S12.E1","content-tex":"$\\cpi$"}},{"symbol":{"tex":"$!$","meaning":"factorial (as in $n!$ )","idref":"introduction.Sx4.p1.t1.r15"}},{"symbol":{"tex":"$\\sin\\NVar{z}$","meaning":"sine function","idref":"C4.S14.E1","content-tex":"$\\sin@@{\\NVar{z}}$"}},{"symbol":{"tex":"$k$","meaning":"integer","idref":"C24.S1.p2.t1.r1"}},{"symbol":{"tex":"$n$","meaning":"integer","idref":"C24.S1.p2.t1.r1"}},{"symbol":{"tex":"$x$","meaning":"real or complex","idref":"C24.S1.p2.t1.r2"}}],"xml-id":"C24.S8.E2","tex":"$B_{2n+1}\\left(x\\right)=(-1)^{n+1}\\frac{2(2n+1)!}{(2\\pi)^{2n+1}}\\sum_{k=1}^{ \\infty}\\frac{\\sin\\left(2\\pi kx\\right)}{k^{2n+1}}.$","context":{"sentence-num-in-corpus":"13980","subsection-xmlid":"C24.S8.SS1","sentence-xmlid":"C24.S8.SS1.p1.s1","chapter-title":"Bernoulli and Euler Polynomials","chapter-xmlid":"C24","section-title":"Series Expansions","sentence-num-in-chapter":"704","section-xmlid":"C24.S8","sentence-num-in-section":"1","para-num-of-sentences":"2","para-xmlid":"C24.S8.SS1.p1","subsection-title":"Fourier Series"},"permalink":"http:\/\/dlmf.nist.gov\/24.8.E2","equation-number":"24.8.2","content-tex":"$\\BernoullipolyB{2n+1}@{x}=(-1)^{n+1}\\frac{2(2n+1)!}{(2\\pi)^{2n+1}}\\sum_{k=1}^{ \\infty}\\frac{\\sin@{2\\pi kx}}{k^{2n+1}}.$"}}{"expression":{"xml-id":"C24.S8.SS1.p1.m3","tex":"$n=0$","context":{"sentence-num-in-corpus":"13981","subsection-xmlid":"C24.S8.SS1","sentence-xmlid":"C24.S8.SS1.p1.s2","chapter-title":"Bernoulli and Euler Polynomials","chapter-xmlid":"C24","section-title":"Series Expansions","sentence-num-in-chapter":"705","section-xmlid":"C24.S8","sentence-num-in-section":"2","para-num-of-sentences":"2","para-xmlid":"C24.S8.SS1.p1","subsection-title":"Fourier Series"}}}{"expression":{"xml-id":"C24.S8.SS1.p1.m4","tex":"$0<x<1$","context":{"sentence-num-in-corpus":"13981","subsection-xmlid":"C24.S8.SS1","sentence-xmlid":"C24.S8.SS1.p1.s2","chapter-title":"Bernoulli and Euler Polynomials","chapter-xmlid":"C24","section-title":"Series Expansions","sentence-num-in-chapter":"705","section-xmlid":"C24.S8","sentence-num-in-section":"2","para-num-of-sentences":"2","para-xmlid":"C24.S8.SS1.p1","subsection-title":"Fourier Series"}}}{"expression":{"xml-id":"C24.S8.SS1.p2.m1","tex":"$n=1$","context":{"sentence-num-in-corpus":"13982","subsection-xmlid":"C24.S8.SS1","sentence-xmlid":"C24.S8.SS1.p2.s1","chapter-title":"Bernoulli and Euler Polynomials","chapter-xmlid":"C24","section-title":"Series Expansions","sentence-num-in-chapter":"706","section-xmlid":"C24.S8","sentence-num-in-section":"3","para-num-of-sentences":"1","para-xmlid":"C24.S8.SS1.p2","subsection-title":"Fourier Series"}}}{"expression":{"xml-id":"C24.S8.SS1.p2.m2","tex":"$0<x<1$","context":{"sentence-num-in-corpus":"13982","subsection-xmlid":"C24.S8.SS1","sentence-xmlid":"C24.S8.SS1.p2.s1","chapter-title":"Bernoulli and Euler Polynomials","chapter-xmlid":"C24","section-title":"Series Expansions","sentence-num-in-chapter":"706","section-xmlid":"C24.S8","sentence-num-in-section":"3","para-num-of-sentences":"1","para-xmlid":"C24.S8.SS1.p2","subsection-title":"Fourier Series"}}}{"expression":{"xml-id":"C24.S8.SS1.p2.m3","tex":"$n=2,3,\\dots$","context":{"sentence-num-in-corpus":"13982","subsection-xmlid":"C24.S8.SS1","sentence-xmlid":"C24.S8.SS1.p2.s1","chapter-title":"Bernoulli and Euler Polynomials","chapter-xmlid":"C24","section-title":"Series Expansions","sentence-num-in-chapter":"706","section-xmlid":"C24.S8","sentence-num-in-section":"3","para-num-of-sentences":"1","para-xmlid":"C24.S8.SS1.p2","subsection-title":"Fourier Series"}}}{"expression":{"xml-id":"C24.S8.SS1.p2.m4","tex":"$0\\leq x\\leq 1$","context":{"sentence-num-in-corpus":"13982","subsection-xmlid":"C24.S8.SS1","sentence-xmlid":"C24.S8.SS1.p2.s1","chapter-title":"Bernoulli and Euler Polynomials","chapter-xmlid":"C24","section-title":"Series Expansions","sentence-num-in-chapter":"706","section-xmlid":"C24.S8","sentence-num-in-section":"3","para-num-of-sentences":"1","para-xmlid":"C24.S8.SS1.p2","subsection-title":"Fourier Series"}}}{"equation":{"symbols-used":[{"symbol":{"tex":"$B_{\\NVar{n}}\\left(\\NVar{x}\\right)$","meaning":"Bernoulli polynomials","idref":"C24.S2.SS1","content-tex":"$\\BernoullipolyB{\\NVar{n}}@{\\NVar{x}}$"}},{"symbol":{"tex":"$\\pi$","meaning":"the ratio of the circumference of a circle to its diameter","idref":"C3.S12.E1","content-tex":"$\\cpi$"}},{"symbol":{"tex":"$\\mathrm{e}$","meaning":"base of natural logarithm","idref":"C4.S2.E11","content-tex":"$\\expe$"}},{"symbol":{"tex":"$!$","meaning":"factorial (as in $n!$ )","idref":"introduction.Sx4.p1.t1.r15"}},{"symbol":{"tex":"$\\mathrm{i}$","meaning":"imaginary number","idref":"C1.S9.E1","content-tex":"$\\iunit$"}},{"symbol":{"tex":"$k$","meaning":"integer","idref":"C24.S1.p2.t1.r1"}},{"symbol":{"tex":"$n$","meaning":"integer","idref":"C24.S1.p2.t1.r1"}},{"symbol":{"tex":"$x$","meaning":"real or complex","idref":"C24.S1.p2.t1.r2"}}],"xml-id":"C24.S8.E3","tex":"$B_{n}\\left(x\\right)=-\\frac{n!}{(2\\pi i)^{n}}\\sum_{\\begin{subarray}{c}k=-\\infty \\\\ k\\neq 0\\end{subarray}}^{\\infty}\\frac{e^{2\\pi ikx}}{k^{n}}.$","context":{"sentence-num-in-corpus":"13982","subsection-xmlid":"C24.S8.SS1","sentence-xmlid":"C24.S8.SS1.p2.s1","chapter-title":"Bernoulli and Euler Polynomials","chapter-xmlid":"C24","section-title":"Series Expansions","sentence-num-in-chapter":"706","section-xmlid":"C24.S8","sentence-num-in-section":"3","para-num-of-sentences":"1","para-xmlid":"C24.S8.SS1.p2","subsection-title":"Fourier Series"},"permalink":"http:\/\/dlmf.nist.gov\/24.8.E3","equation-number":"24.8.3","content-tex":"$\\BernoullipolyB{n}@{x}=-\\frac{n!}{(2\\pi i)^{n}}\\sum_{\\begin{subarray}{c}k=- \\infty\\\\ k\\neq 0\\end{subarray}}^{\\infty}\\frac{e^{2\\pi ikx}}{k^{n}}.$"}}{"expression":{"xml-id":"C24.S8.SS1.p3.m1","tex":"$n=1,2,\\dots$","context":{"sentence-num-in-corpus":"13983","subsection-xmlid":"C24.S8.SS1","sentence-xmlid":"C24.S8.SS1.p3.s1","chapter-title":"Bernoulli and Euler Polynomials","chapter-xmlid":"C24","section-title":"Series Expansions","sentence-num-in-chapter":"707","section-xmlid":"C24.S8","sentence-num-in-section":"4","para-num-of-sentences":"1","para-xmlid":"C24.S8.SS1.p3","subsection-title":"Fourier Series"}}}{"expression":{"xml-id":"C24.S8.SS1.p3.m2","tex":"$0\\leq x\\leq 1$","context":{"sentence-num-in-corpus":"13983","subsection-xmlid":"C24.S8.SS1","sentence-xmlid":"C24.S8.SS1.p3.s1","chapter-title":"Bernoulli and Euler Polynomials","chapter-xmlid":"C24","section-title":"Series Expansions","sentence-num-in-chapter":"707","section-xmlid":"C24.S8","sentence-num-in-section":"4","para-num-of-sentences":"1","para-xmlid":"C24.S8.SS1.p3","subsection-title":"Fourier Series"}}}{"equation":{"symbols-used":[{"symbol":{"tex":"$E_{\\NVar{n}}\\left(\\NVar{x}\\right)$","meaning":"Euler polynomials","idref":"C24.S2.SS2","content-tex":"$\\EulerpolyE{\\NVar{n}}@{\\NVar{x}}$"}},{"symbol":{"tex":"$\\pi$","meaning":"the ratio of the circumference of a circle to its diameter","idref":"C3.S12.E1","content-tex":"$\\cpi$"}},{"symbol":{"tex":"$!$","meaning":"factorial (as in $n!$ )","idref":"introduction.Sx4.p1.t1.r15"}},{"symbol":{"tex":"$\\sin\\NVar{z}$","meaning":"sine function","idref":"C4.S14.E1","content-tex":"$\\sin@@{\\NVar{z}}$"}},{"symbol":{"tex":"$k$","meaning":"integer","idref":"C24.S1.p2.t1.r1"}},{"symbol":{"tex":"$n$","meaning":"integer","idref":"C24.S1.p2.t1.r1"}},{"symbol":{"tex":"$x$","meaning":"real or complex","idref":"C24.S1.p2.t1.r2"}}],"xml-id":"C24.S8.E4","tex":"$E_{2n}\\left(x\\right)=(-1)^{n}\\frac{4(2n)!}{\\pi^{2n+1}}\\sum_{k=0}^{\\infty}\\frac {\\sin\\left((2k+1)\\pi x\\right)}{(2k+1)^{2n+1}},$","context":{"sentence-num-in-corpus":"13983","subsection-xmlid":"C24.S8.SS1","sentence-xmlid":"C24.S8.SS1.p3.s1","chapter-title":"Bernoulli and Euler Polynomials","chapter-xmlid":"C24","section-title":"Series Expansions","sentence-num-in-chapter":"707","section-xmlid":"C24.S8","sentence-num-in-section":"4","para-num-of-sentences":"1","para-xmlid":"C24.S8.SS1.p3","subsection-title":"Fourier Series"},"permalink":"http:\/\/dlmf.nist.gov\/24.8.E4","equation-number":"24.8.4","content-tex":"$\\EulerpolyE{2n}@{x}=(-1)^{n}\\frac{4(2n)!}{\\pi^{2n+1}}\\sum_{k=0}^{\\infty}\\frac{ \\sin@{(2k+1)\\pi x}}{(2k+1)^{2n+1}},$"}}{"equation":{"symbols-used":[{"symbol":{"tex":"$E_{\\NVar{n}}\\left(\\NVar{x}\\right)$","meaning":"Euler polynomials","idref":"C24.S2.SS2","content-tex":"$\\EulerpolyE{\\NVar{n}}@{\\NVar{x}}$"}},{"symbol":{"tex":"$\\pi$","meaning":"the ratio of the circumference of a circle to its diameter","idref":"C3.S12.E1","content-tex":"$\\cpi$"}},{"symbol":{"tex":"$\\cos\\NVar{z}$","meaning":"cosine function","idref":"C4.S14.E2","content-tex":"$\\cos@@{\\NVar{z}}$"}},{"symbol":{"tex":"$!$","meaning":"factorial (as in $n!$ )","idref":"introduction.Sx4.p1.t1.r15"}},{"symbol":{"tex":"$k$","meaning":"integer","idref":"C24.S1.p2.t1.r1"}},{"symbol":{"tex":"$n$","meaning":"integer","idref":"C24.S1.p2.t1.r1"}},{"symbol":{"tex":"$x$","meaning":"real or complex","idref":"C24.S1.p2.t1.r2"}}],"xml-id":"C24.S8.E5","tex":"$E_{2n-1}\\left(x\\right)=(-1)^{n}\\frac{4(2n-1)!}{\\pi^{2n}}\\sum_{k=0}^{\\infty} \\frac{\\cos\\left((2k+1)\\pi x\\right)}{(2k+1)^{2n}}.$","context":{"sentence-num-in-corpus":"13983","subsection-xmlid":"C24.S8.SS1","sentence-xmlid":"C24.S8.SS1.p3.s1","chapter-title":"Bernoulli and Euler Polynomials","chapter-xmlid":"C24","section-title":"Series Expansions","sentence-num-in-chapter":"707","section-xmlid":"C24.S8","sentence-num-in-section":"4","para-num-of-sentences":"1","para-xmlid":"C24.S8.SS1.p3","subsection-title":"Fourier Series"},"permalink":"http:\/\/dlmf.nist.gov\/24.8.E5","equation-number":"24.8.5","content-tex":"$\\EulerpolyE{2n-1}@{x}=(-1)^{n}\\frac{4(2n-1)!}{\\pi^{2n}}\\sum_{k=0}^{\\infty} \\frac{\\cos@{(2k+1)\\pi x}}{(2k+1)^{2n}}.$"}}{"expression":{"xml-id":"C24.S8.SS2.info.m1","tex":"$\\alpha=\\beta=\\pi$","context":{"chapter-title":"Bernoulli and Euler Polynomials","chapter-xmlid":"C24"}}}{"expression":{"xml-id":"C24.S8.SS2.info.m2","tex":"$n$","context":{"chapter-title":"Bernoulli and Euler Polynomials","chapter-xmlid":"C24"}}}{"equation":{"symbols-used":[{"symbol":{"tex":"$B_{\\NVar{n}}$","meaning":"Bernoulli numbers","idref":"C24.S2.SS1","content-tex":"$\\BernoullinumberB{\\NVar{n}}$"}},{"symbol":{"tex":"$\\pi$","meaning":"the ratio of the circumference of a circle to its diameter","idref":"C3.S12.E1","content-tex":"$\\cpi$"}},{"symbol":{"tex":"$\\mathrm{e}$","meaning":"base of natural logarithm","idref":"C4.S2.E11","content-tex":"$\\expe$"}},{"symbol":{"tex":"$k$","meaning":"integer","idref":"C24.S1.p2.t1.r1"}},{"symbol":{"tex":"$n$","meaning":"integer","idref":"C24.S1.p2.t1.r1"}}],"xml-id":"C24.S8.E6","tex":"$B_{4n+2}=(8n+4)\\sum_{k=1}^{\\infty}\\frac{k^{4n+1}}{e^{2\\pi k}-1},$","context":{"sentence-num-in-corpus":"13984","subsection-xmlid":"C24.S8.SS2","sentence-xmlid":"C24.S8.SS2.p1.s1","chapter-title":"Bernoulli and Euler Polynomials","chapter-xmlid":"C24","section-title":"Series Expansions","sentence-num-in-chapter":"708","section-xmlid":"C24.S8","sentence-num-in-section":"5","para-num-of-sentences":"4","para-xmlid":"C24.S8.SS2.p1","subsection-title":"Other Series"},"permalink":"http:\/\/dlmf.nist.gov\/24.8.E6","equation-number":"24.8.6","constraints":{"tex":"$n=1,2,\\dots$,"},"content-tex":"$\\BernoullinumberB{4n+2}=(8n+4)\\sum_{k=1}^{\\infty}\\frac{k^{4n+1}}{e^{2\\pi k}-1},$"}}{"equation":{"symbols-used":[{"symbol":{"tex":"$B_{\\NVar{n}}$","meaning":"Bernoulli numbers","idref":"C24.S2.SS1","content-tex":"$\\BernoullinumberB{\\NVar{n}}$"}},{"symbol":{"tex":"$\\pi$","meaning":"the ratio of the circumference of a circle to its diameter","idref":"C3.S12.E1","content-tex":"$\\cpi$"}},{"symbol":{"tex":"$\\mathrm{e}$","meaning":"base of natural logarithm","idref":"C4.S2.E11","content-tex":"$\\expe$"}},{"symbol":{"tex":"$k$","meaning":"integer","idref":"C24.S1.p2.t1.r1"}},{"symbol":{"tex":"$n$","meaning":"integer","idref":"C24.S1.p2.t1.r1"}}],"xml-id":"C24.S8.E7","tex":"$B_{2n}=\\frac{(-1)^{n+1}4n}{2^{2n}-1}\\sum_{k=1}^{\\infty}\\frac{k^{2n-1}}{e^{\\pi k }+(-1)^{k+n}},$","context":{"sentence-num-in-corpus":"13984","subsection-xmlid":"C24.S8.SS2","sentence-xmlid":"C24.S8.SS2.p1.s1","chapter-title":"Bernoulli and Euler Polynomials","chapter-xmlid":"C24","section-title":"Series Expansions","sentence-num-in-chapter":"708","section-xmlid":"C24.S8","sentence-num-in-section":"5","para-num-of-sentences":"4","para-xmlid":"C24.S8.SS2.p1","subsection-title":"Other Series"},"permalink":"http:\/\/dlmf.nist.gov\/24.8.E7","equation-number":"24.8.7","constraints":{"tex":"$n=2,3,\\dots$."},"content-tex":"$\\BernoullinumberB{2n}=\\frac{(-1)^{n+1}4n}{2^{2n}-1}\\sum_{k=1}^{\\infty}\\frac{k^ {2n-1}}{e^{\\pi k}+(-1)^{k+n}},$"}}{"expression":{"xml-id":"C24.S8.SS2.p1.m1","tex":"$\\alpha\\beta=\\pi^{2}$","context":{"sentence-num-in-corpus":"13985","subsection-xmlid":"C24.S8.SS2","sentence-xmlid":"C24.S8.SS2.p1.s2","chapter-title":"Bernoulli and Euler Polynomials","chapter-xmlid":"C24","section-title":"Series Expansions","sentence-num-in-chapter":"709","section-xmlid":"C24.S8","sentence-num-in-section":"6","para-num-of-sentences":"4","para-xmlid":"C24.S8.SS2.p1","subsection-title":"Other Series"}}}{"expression":{"xml-id":"C24.S8.XMD1.m1","tex":"$\\alpha$","context":{"chapter-title":"Bernoulli and Euler Polynomials","chapter-xmlid":"C24"}}}{"expression":{"xml-id":"C24.S8.XMD2.m1","tex":"$\\beta$","context":{"chapter-title":"Bernoulli and Euler Polynomials","chapter-xmlid":"C24"}}}{"equation":{"symbols-used":[{"symbol":{"tex":"$B_{\\NVar{n}}$","meaning":"Bernoulli numbers","idref":"C24.S2.SS1","content-tex":"$\\BernoullinumberB{\\NVar{n}}$"}},{"symbol":{"tex":"$\\mathrm{e}$","meaning":"base of natural logarithm","idref":"C4.S2.E11","content-tex":"$\\expe$"}},{"symbol":{"tex":"$k$","meaning":"integer","idref":"C24.S1.p2.t1.r1"}},{"symbol":{"tex":"$n$","meaning":"integer","idref":"C24.S1.p2.t1.r1"}},{"symbol":{"tex":"$\\alpha$","meaning":"parameter","idref":"C24.S8.SS2.p1"}},{"symbol":{"tex":"$\\beta$","meaning":"parameter","idref":"C24.S8.SS2.p1"}}],"xml-id":"C24.S8.E8","tex":"$\\frac{B_{2n}}{4n}\\left(\\alpha^{n}-(-\\beta)^{n}\\right)=\\alpha^{n}\\sum_{k=1}^{ \\infty}\\frac{k^{2n-1}}{e^{2\\alpha k}-1}-(-\\beta)^{n}\\sum_{k=1}^{\\infty}\\frac{k ^{2n-1}}{e^{2\\beta k}-1},$","context":{"sentence-num-in-corpus":"13986","subsection-xmlid":"C24.S8.SS2","sentence-xmlid":"C24.S8.SS2.p1.s3","chapter-title":"Bernoulli and Euler Polynomials","chapter-xmlid":"C24","section-title":"Series Expansions","sentence-num-in-chapter":"710","section-xmlid":"C24.S8","sentence-num-in-section":"7","para-num-of-sentences":"4","para-xmlid":"C24.S8.SS2.p1","subsection-title":"Other Series"},"permalink":"http:\/\/dlmf.nist.gov\/24.8.E8","equation-number":"24.8.8","constraints":{"tex":"$n=2,3,\\dots$."},"content-tex":"$\\frac{\\BernoullinumberB{2n}}{4n}\\left(\\alpha^{n}-(-\\beta)^{n}\\right)=\\alpha^{n }\\sum_{k=1}^{\\infty}\\frac{k^{2n-1}}{e^{2\\alpha k}-1}-(-\\beta)^{n}\\sum_{k=1}^{ \\infty}\\frac{k^{2n-1}}{e^{2\\beta k}-1},$"}}{"equation":{"symbols-used":[{"symbol":{"tex":"$E_{\\NVar{n}}$","meaning":"Euler numbers","idref":"C24.S2.SS2","content-tex":"$\\EulernumberE{\\NVar{n}}$"}},{"symbol":{"tex":"$\\pi$","meaning":"the ratio of the circumference of a circle to its diameter","idref":"C3.S12.E1","content-tex":"$\\cpi$"}},{"symbol":{"tex":"$\\mathrm{e}$","meaning":"base of natural logarithm","idref":"C4.S2.E11","content-tex":"$\\expe$"}},{"symbol":{"tex":"$\\cosh\\NVar{z}$","meaning":"hyperbolic cosine function","idref":"C4.S28.E2","content-tex":"$\\cosh@@{\\NVar{z}}$"}},{"symbol":{"tex":"$k$","meaning":"integer","idref":"C24.S1.p2.t1.r1"}},{"symbol":{"tex":"$n$","meaning":"integer","idref":"C24.S1.p2.t1.r1"}}],"xml-id":"C24.S8.E9","tex":"${}E_{2n}=(-1)^{n}\\sum_{k=1}^{\\infty}\\frac{k^{2n}}{\\cosh\\left(\\tfrac{1}{2}\\pi k \\right)}-4\\sum_{k=0}^{\\infty}\\frac{(-1)^{k}(2k+1)^{2n}}{e^{2\\pi(2k+1)}-1},$","context":{"sentence-num-in-corpus":"13987","subsection-xmlid":"C24.S8.SS2","sentence-xmlid":"C24.S8.SS2.p1.s4","chapter-title":"Bernoulli and Euler Polynomials","chapter-xmlid":"C24","section-title":"Series Expansions","sentence-num-in-chapter":"711","section-xmlid":"C24.S8","sentence-num-in-section":"8","para-num-of-sentences":"4","para-xmlid":"C24.S8.SS2.p1","subsection-title":"Other Series"},"permalink":"http:\/\/dlmf.nist.gov\/24.8.E9","equation-number":"24.8.9","constraints":{"tex":"$n=1,2,\\dots$."},"content-tex":"${}\\EulernumberE{2n}=(-1)^{n}\\sum_{k=1}^{\\infty}\\frac{k^{2n}}{\\cosh@{\\tfrac{1}{ 2}\\pi k}}-4\\sum_{k=0}^{\\infty}\\frac{(-1)^{k}(2k+1)^{2n}}{e^{2\\pi(2k+1)}-1},$"}}