{"expression":{"xml-id":"C10.S12.info.m1","tex":"$t=e^{i\\theta}$","context":{"chapter-title":"Bessel Functions","chapter-xmlid":"C10"}}}{"expression":{"xml-id":"C10.S12.info.m2","tex":"$ie^{i\\theta}$","context":{"chapter-title":"Bessel Functions","chapter-xmlid":"C10"}}}{"expression":{"xml-id":"C10.S12.info.m3","tex":"$\\theta$","context":{"chapter-title":"Bessel Functions","chapter-xmlid":"C10"}}}{"expression":{"xml-id":"C10.S12.p1.m1","tex":"$z\\in\\mathbb{C}$","context":{"sentence-num-in-corpus":"6566","sentence-xmlid":"C10.S12.p1.s1","chapter-title":"Bessel Functions","chapter-xmlid":"C10","section-title":"Generating Function and Associated Series","sentence-num-in-chapter":"167","section-xmlid":"C10.S12","sentence-num-in-section":"1","para-num-of-sentences":"1","para-xmlid":"C10.S12.p1"},"content-tex":"$z\\in\\Complexes$"}}{"expression":{"xml-id":"C10.S12.p1.m2","tex":"$t\\in\\mathbb{C}\\setminus\\{0\\}$","context":{"sentence-num-in-corpus":"6566","sentence-xmlid":"C10.S12.p1.s1","chapter-title":"Bessel Functions","chapter-xmlid":"C10","section-title":"Generating Function and Associated Series","sentence-num-in-chapter":"167","section-xmlid":"C10.S12","sentence-num-in-section":"1","para-num-of-sentences":"1","para-xmlid":"C10.S12.p1"},"content-tex":"$t\\in\\Complexes\\setminus\\{0\\}$"}}{"equation":{"symbols-used":[{"symbol":{"tex":"$J_{\\NVar{\\nu}}\\left(\\NVar{z}\\right)$","meaning":"Bessel function of the first kind","idref":"C10.S2.E2","content-tex":"$\\BesselJ{\\NVar{\\nu}}@{\\NVar{z}}$"}},{"symbol":{"tex":"$\\mathrm{e}$","meaning":"base of natural logarithm","idref":"C4.S2.E11","content-tex":"$\\expe$"}},{"symbol":{"tex":"$m$","meaning":"integer","idref":"C10.S1.p2.t1.r1"}},{"symbol":{"tex":"$z$","meaning":"complex variable","idref":"C10.S1.p2.t1.r4"}}],"xml-id":"C10.S12.E1","tex":"$e^{\\frac{1}{2}z(t-t^{-1})}=\\sum_{m=-\\infty}^{\\infty}t^{m}J_{m}\\left(z\\right).$","context":{"sentence-num-in-corpus":"6566","sentence-xmlid":"C10.S12.p1.s1","chapter-title":"Bessel Functions","chapter-xmlid":"C10","section-title":"Generating Function and Associated Series","sentence-num-in-chapter":"167","section-xmlid":"C10.S12","sentence-num-in-section":"1","para-num-of-sentences":"1","para-xmlid":"C10.S12.p1"},"permalink":"http:\/\/dlmf.nist.gov\/10.12.E1","equation-number":"10.12.1","content-tex":"$e^{\\frac{1}{2}z(t-t^{-1})}=\\sum_{m=-\\infty}^{\\infty}t^{m}\\BesselJ{m}@{z}.$"}}{"expression":{"xml-id":"C10.S12.p2.m1","tex":"$z,\\theta\\in\\mathbb{C}$","context":{"sentence-num-in-corpus":"6567","sentence-xmlid":"C10.S12.p2.s1","chapter-title":"Bessel Functions","chapter-xmlid":"C10","section-title":"Generating Function and Associated Series","sentence-num-in-chapter":"168","section-xmlid":"C10.S12","sentence-num-in-section":"2","para-num-of-sentences":"2","para-xmlid":"C10.S12.p2"},"content-tex":"$z,\\theta\\in\\Complexes$"}}{"equation":{"symbols-used":[{"symbol":{"tex":"$J_{\\NVar{\\nu}}\\left(\\NVar{z}\\right)$","meaning":"Bessel function of the first kind","idref":"C10.S2.E2","content-tex":"$\\BesselJ{\\NVar{\\nu}}@{\\NVar{z}}$"}},{"symbol":{"tex":"$\\cos\\NVar{z}$","meaning":"cosine function","idref":"C4.S14.E2","content-tex":"$\\cos@@{\\NVar{z}}$"}},{"symbol":{"tex":"$\\sin\\NVar{z}$","meaning":"sine function","idref":"C4.S14.E1","content-tex":"$\\sin@@{\\NVar{z}}$"}},{"symbol":{"tex":"$k$","meaning":"nonnegative integer","idref":"C10.S1.p2.t1.r2"}},{"symbol":{"tex":"$z$","meaning":"complex variable","idref":"C10.S1.p2.t1.r4"}}],"context":{"sentence-num-in-corpus":"6567","sentence-xmlid":"C10.S12.p2.s1","chapter-title":"Bessel Functions","chapter-xmlid":"C10","section-title":"Generating Function and Associated Series","sentence-num-in-chapter":"168","section-xmlid":"C10.S12","sentence-num-in-section":"2","para-num-of-sentences":"2","para-xmlid":"C10.S12.p2"},"permalink":"http:\/\/dlmf.nist.gov\/10.12.E2","equation-number":"10.12.2","subequations":[{"subequation":{"xml-id":"C10.S12.Ex1","tex":"$\\cos\\left(z\\sin\\theta\\right)=J_{0}\\left(z\\right)+2\\sum_{k=1}^{\\infty}J_{2k} \\left(z\\right)\\cos\\left(2k\\theta\\right),$","context":{"chapter-title":"Bessel Functions","chapter-xmlid":"C10"},"content-tex":"$\\cos@{z\\sin@@{\\theta}}=\\BesselJ{0}@{z}+2\\sum_{k=1}^{\\infty}\\BesselJ{2k}@{z} \\cos@{2k\\theta},$"}},{"subequation":{"xml-id":"C10.S12.Ex2","tex":"$\\sin\\left(z\\sin\\theta\\right)=2\\sum_{k=0}^{\\infty}J_{2k+1}\\left(z\\right)\\sin \\left((2k+1)\\theta\\right),$","context":{"chapter-title":"Bessel Functions","chapter-xmlid":"C10"},"content-tex":"$\\sin@{z\\sin@@{\\theta}}=2\\sum_{k=0}^{\\infty}\\BesselJ{2k+1}@{z}\\sin@{(2k+1) \\theta},$"}}]}}{"expression":{"xml-id":"C10.S2.E2.m2aadec","tex":"$J_{\\NVar{\\nu}}\\left(\\NVar{z}\\right)$","context":{"chapter-title":"Bessel Functions","chapter-xmlid":"C10"},"content-tex":"$\\BesselJ{\\NVar{\\nu}}@{\\NVar{z}}$"}}{"expression":{"xml-id":"C4.S14.E2.m2adec","tex":"$\\cos\\NVar{z}$","context":{"chapter-title":"Bessel Functions","chapter-xmlid":"C10"},"content-tex":"$\\cos@@{\\NVar{z}}$"}}{"expression":{"xml-id":"C4.S14.E1.m2adec","tex":"$\\sin\\NVar{z}$","context":{"chapter-title":"Bessel Functions","chapter-xmlid":"C10"},"content-tex":"$\\sin@@{\\NVar{z}}$"}}{"expression":{"xml-id":"C10.S1.XMD3.m1dec","tex":"$k$","context":{"chapter-title":"Bessel Functions","chapter-xmlid":"C10"}}}{"expression":{"xml-id":"C10.S1.XMD6.m1adec","tex":"$z$","context":{"chapter-title":"Bessel Functions","chapter-xmlid":"C10"}}}{"equation":{"symbols-used":[{"symbol":{"tex":"$J_{\\NVar{\\nu}}\\left(\\NVar{z}\\right)$","meaning":"Bessel function of the first kind","idref":"C10.S2.E2","content-tex":"$\\BesselJ{\\NVar{\\nu}}@{\\NVar{z}}$"}},{"symbol":{"tex":"$\\cos\\NVar{z}$","meaning":"cosine function","idref":"C4.S14.E2","content-tex":"$\\cos@@{\\NVar{z}}$"}},{"symbol":{"tex":"$\\sin\\NVar{z}$","meaning":"sine function","idref":"C4.S14.E1","content-tex":"$\\sin@@{\\NVar{z}}$"}},{"symbol":{"tex":"$k$","meaning":"nonnegative integer","idref":"C10.S1.p2.t1.r2"}},{"symbol":{"tex":"$z$","meaning":"complex variable","idref":"C10.S1.p2.t1.r4"}}],"context":{"sentence-num-in-corpus":"6567","sentence-xmlid":"C10.S12.p2.s1","chapter-title":"Bessel Functions","chapter-xmlid":"C10","section-title":"Generating Function and Associated Series","sentence-num-in-chapter":"168","section-xmlid":"C10.S12","sentence-num-in-section":"2","para-num-of-sentences":"2","para-xmlid":"C10.S12.p2"},"permalink":"http:\/\/dlmf.nist.gov\/10.12.E3","equation-number":"10.12.3","subequations":[{"subequation":{"xml-id":"C10.S12.Ex3","tex":"$\\cos\\left(z\\cos\\theta\\right)=J_{0}\\left(z\\right)+2\\sum_{k=1}^{\\infty}(-1)^{k}J _{2k}\\left(z\\right)\\cos\\left(2k\\theta\\right),$","context":{"chapter-title":"Bessel Functions","chapter-xmlid":"C10"},"content-tex":"$\\cos@{z\\cos@@{\\theta}}=\\BesselJ{0}@{z}+2\\sum_{k=1}^{\\infty}(-1)^{k}\\BesselJ{2k }@{z}\\cos@{2k\\theta},$"}},{"subequation":{"xml-id":"C10.S12.Ex4","tex":"$\\sin\\left(z\\cos\\theta\\right)=2\\sum_{k=0}^{\\infty}(-1)^{k}J_{2k+1}\\left(z\\right )\\cos\\left((2k+1)\\theta\\right).$","context":{"chapter-title":"Bessel Functions","chapter-xmlid":"C10"},"content-tex":"$\\sin@{z\\cos@@{\\theta}}=2\\sum_{k=0}^{\\infty}(-1)^{k}\\BesselJ{2k+1}@{z}\\cos@{(2k +1)\\theta}.$"}}]}}{"expression":{"xml-id":"C10.S2.E2.m2abdec","tex":"$J_{\\NVar{\\nu}}\\left(\\NVar{z}\\right)$","context":{"chapter-title":"Bessel Functions","chapter-xmlid":"C10"},"content-tex":"$\\BesselJ{\\NVar{\\nu}}@{\\NVar{z}}$"}}{"expression":{"xml-id":"C4.S14.E2.m2aadec","tex":"$\\cos\\NVar{z}$","context":{"chapter-title":"Bessel Functions","chapter-xmlid":"C10"},"content-tex":"$\\cos@@{\\NVar{z}}$"}}{"expression":{"xml-id":"C4.S14.E1.m2aadec","tex":"$\\sin\\NVar{z}$","context":{"chapter-title":"Bessel Functions","chapter-xmlid":"C10"},"content-tex":"$\\sin@@{\\NVar{z}}$"}}{"expression":{"xml-id":"C10.S1.XMD3.m1adec","tex":"$k$","context":{"chapter-title":"Bessel Functions","chapter-xmlid":"C10"}}}{"expression":{"xml-id":"C10.S1.XMD6.m1bdec","tex":"$z$","context":{"chapter-title":"Bessel Functions","chapter-xmlid":"C10"}}}{"equation":{"symbols-used":[{"symbol":{"tex":"$J_{\\NVar{\\nu}}\\left(\\NVar{z}\\right)$","meaning":"Bessel function of the first kind","idref":"C10.S2.E2","content-tex":"$\\BesselJ{\\NVar{\\nu}}@{\\NVar{z}}$"}},{"symbol":{"tex":"$z$","meaning":"complex variable","idref":"C10.S1.p2.t1.r4"}}],"xml-id":"C10.S12.E4","tex":"$1=J_{0}\\left(z\\right)+2J_{2}\\left(z\\right)+2J_{4}\\left(z\\right)+2J_{6}\\left(z \\right)+\\dotsb,$","context":{"sentence-num-in-corpus":"6568","sentence-xmlid":"C10.S12.p2.s2","chapter-title":"Bessel Functions","chapter-xmlid":"C10","section-title":"Generating Function and Associated Series","sentence-num-in-chapter":"169","section-xmlid":"C10.S12","sentence-num-in-section":"3","para-num-of-sentences":"2","para-xmlid":"C10.S12.p2"},"permalink":"http:\/\/dlmf.nist.gov\/10.12.E4","equation-number":"10.12.4","content-tex":"$1=\\BesselJ{0}@{z}+2\\BesselJ{2}@{z}+2\\BesselJ{4}@{z}+2\\BesselJ{6}@{z}+\\dotsb,$"}}{"equation":{"symbols-used":[{"symbol":{"tex":"$J_{\\NVar{\\nu}}\\left(\\NVar{z}\\right)$","meaning":"Bessel function of the first kind","idref":"C10.S2.E2","content-tex":"$\\BesselJ{\\NVar{\\nu}}@{\\NVar{z}}$"}},{"symbol":{"tex":"$\\cos\\NVar{z}$","meaning":"cosine function","idref":"C4.S14.E2","content-tex":"$\\cos@@{\\NVar{z}}$"}},{"symbol":{"tex":"$\\sin\\NVar{z}$","meaning":"sine function","idref":"C4.S14.E1","content-tex":"$\\sin@@{\\NVar{z}}$"}},{"symbol":{"tex":"$z$","meaning":"complex variable","idref":"C10.S1.p2.t1.r4"}}],"context":{"sentence-num-in-corpus":"6568","sentence-xmlid":"C10.S12.p2.s2","chapter-title":"Bessel Functions","chapter-xmlid":"C10","section-title":"Generating Function and Associated Series","sentence-num-in-chapter":"169","section-xmlid":"C10.S12","sentence-num-in-section":"3","para-num-of-sentences":"2","para-xmlid":"C10.S12.p2"},"permalink":"http:\/\/dlmf.nist.gov\/10.12.E5","equation-number":"10.12.5","subequations":[{"subequation":{"xml-id":"C10.S12.Ex5","tex":"$\\cos z=J_{0}\\left(z\\right)-2J_{2}\\left(z\\right)+2J_{4}\\left(z\\right)-2J_{6} \\left(z\\right)+\\dotsb,$","context":{"chapter-title":"Bessel Functions","chapter-xmlid":"C10"},"content-tex":"$\\cos@@{z}=\\BesselJ{0}@{z}-2\\BesselJ{2}@{z}+2\\BesselJ{4}@{z}-2\\BesselJ{6}@{z}+\\dotsb,$"}},{"subequation":{"xml-id":"C10.S12.Ex6","tex":"$\\sin z=2J_{1}\\left(z\\right)-2J_{3}\\left(z\\right)+2J_{5}\\left(z\\right)-\\dotsb,$","context":{"chapter-title":"Bessel Functions","chapter-xmlid":"C10"},"content-tex":"$\\sin@@{z}=2\\BesselJ{1}@{z}-2\\BesselJ{3}@{z}+2\\BesselJ{5}@{z}-\\dotsb,$"}}]}}{"expression":{"xml-id":"C10.S2.E2.m2addec","tex":"$J_{\\NVar{\\nu}}\\left(\\NVar{z}\\right)$","context":{"chapter-title":"Bessel Functions","chapter-xmlid":"C10"},"content-tex":"$\\BesselJ{\\NVar{\\nu}}@{\\NVar{z}}$"}}{"expression":{"xml-id":"C4.S14.E2.m2abdec","tex":"$\\cos\\NVar{z}$","context":{"chapter-title":"Bessel Functions","chapter-xmlid":"C10"},"content-tex":"$\\cos@@{\\NVar{z}}$"}}{"expression":{"xml-id":"C4.S14.E1.m2abdec","tex":"$\\sin\\NVar{z}$","context":{"chapter-title":"Bessel Functions","chapter-xmlid":"C10"},"content-tex":"$\\sin@@{\\NVar{z}}$"}}{"expression":{"xml-id":"C10.S1.XMD6.m1ddec","tex":"$z$","context":{"chapter-title":"Bessel Functions","chapter-xmlid":"C10"}}}{"equation":{"symbols-used":[{"symbol":{"tex":"$J_{\\NVar{\\nu}}\\left(\\NVar{z}\\right)$","meaning":"Bessel function of the first kind","idref":"C10.S2.E2","content-tex":"$\\BesselJ{\\NVar{\\nu}}@{\\NVar{z}}$"}},{"symbol":{"tex":"$\\cos\\NVar{z}$","meaning":"cosine function","idref":"C4.S14.E2","content-tex":"$\\cos@@{\\NVar{z}}$"}},{"symbol":{"tex":"$\\sin\\NVar{z}$","meaning":"sine function","idref":"C4.S14.E1","content-tex":"$\\sin@@{\\NVar{z}}$"}},{"symbol":{"tex":"$z$","meaning":"complex variable","idref":"C10.S1.p2.t1.r4"}}],"context":{"sentence-num-in-corpus":"6568","sentence-xmlid":"C10.S12.p2.s2","chapter-title":"Bessel Functions","chapter-xmlid":"C10","section-title":"Generating Function and Associated Series","sentence-num-in-chapter":"169","section-xmlid":"C10.S12","sentence-num-in-section":"3","para-num-of-sentences":"2","para-xmlid":"C10.S12.p2"},"permalink":"http:\/\/dlmf.nist.gov\/10.12.E6","equation-number":"10.12.6","subequations":[{"subequation":{"xml-id":"C10.S12.Ex7","tex":"$\\tfrac{1}{2}z\\cos z=J_{1}\\left(z\\right)-9J_{3}\\left(z\\right)+25J_{5}\\left(z \\right)-49J_{7}\\left(z\\right)+\\dotsb,$","context":{"chapter-title":"Bessel Functions","chapter-xmlid":"C10"},"content-tex":"$\\tfrac{1}{2}z\\cos@@{z}=\\BesselJ{1}@{z}-9\\BesselJ{3}@{z}+25\\BesselJ{5}@{z}-49 \\BesselJ{7}@{z}+\\dotsb,$"}},{"subequation":{"xml-id":"C10.S12.Ex8","tex":"$\\tfrac{1}{2}z\\sin z=4J_{2}\\left(z\\right)-16J_{4}\\left(z\\right)+36J_{6}\\left(z \\right)-\\dotsi.$","context":{"chapter-title":"Bessel Functions","chapter-xmlid":"C10"},"content-tex":"$\\tfrac{1}{2}z\\sin@@{z}=4\\BesselJ{2}@{z}-16\\BesselJ{4}@{z}+36\\BesselJ{6}@{z}-\\dotsi.$"}}]}}{"expression":{"xml-id":"C10.S2.E2.m2aedec","tex":"$J_{\\NVar{\\nu}}\\left(\\NVar{z}\\right)$","context":{"chapter-title":"Bessel Functions","chapter-xmlid":"C10"},"content-tex":"$\\BesselJ{\\NVar{\\nu}}@{\\NVar{z}}$"}}{"expression":{"xml-id":"C4.S14.E2.m2acdec","tex":"$\\cos\\NVar{z}$","context":{"chapter-title":"Bessel Functions","chapter-xmlid":"C10"},"content-tex":"$\\cos@@{\\NVar{z}}$"}}{"expression":{"xml-id":"C4.S14.E1.m2acdec","tex":"$\\sin\\NVar{z}$","context":{"chapter-title":"Bessel Functions","chapter-xmlid":"C10"},"content-tex":"$\\sin@@{\\NVar{z}}$"}}{"expression":{"xml-id":"C10.S1.XMD6.m1edec","tex":"$z$","context":{"chapter-title":"Bessel Functions","chapter-xmlid":"C10"}}}