{"expression":{"xml-id":"C10.S35.info.m1","tex":"$z$","context":{"chapter-title":"Bessel Functions","chapter-xmlid":"C10"}}}{"expression":{"xml-id":"C10.S35.info.m2","tex":"$t$","context":{"chapter-title":"Bessel Functions","chapter-xmlid":"C10"}}}{"expression":{"xml-id":"C10.S35.info.m3","tex":"$iz$","context":{"chapter-title":"Bessel Functions","chapter-xmlid":"C10"}}}{"expression":{"xml-id":"C10.S35.info.m4","tex":"$-it$","context":{"chapter-title":"Bessel Functions","chapter-xmlid":"C10"}}}{"expression":{"xml-id":"C10.S35.info.m5","tex":"$t=e^{i\\theta}$","context":{"chapter-title":"Bessel Functions","chapter-xmlid":"C10"}}}{"expression":{"xml-id":"C10.S35.info.m6","tex":"$t=-ie^{i\\theta}$","context":{"chapter-title":"Bessel Functions","chapter-xmlid":"C10"}}}{"expression":{"xml-id":"C10.S35.p1.m1","tex":"$z\\in\\mathbb{C}$","context":{"sentence-num-in-corpus":"7021","sentence-xmlid":"C10.S35.p1.s1","chapter-title":"Bessel Functions","chapter-xmlid":"C10","section-title":"Generating Function and Associated Series","sentence-num-in-chapter":"622","section-xmlid":"C10.S35","sentence-num-in-section":"1","para-num-of-sentences":"1","para-xmlid":"C10.S35.p1"},"content-tex":"$z\\in\\Complexes$"}}{"expression":{"xml-id":"C10.S35.p1.m2","tex":"$t\\in\\mathbb{C}\\setminus\\{0\\}$","context":{"sentence-num-in-corpus":"7021","sentence-xmlid":"C10.S35.p1.s1","chapter-title":"Bessel Functions","chapter-xmlid":"C10","section-title":"Generating Function and Associated Series","sentence-num-in-chapter":"622","section-xmlid":"C10.S35","sentence-num-in-section":"1","para-num-of-sentences":"1","para-xmlid":"C10.S35.p1"},"content-tex":"$t\\in\\Complexes\\setminus\\{0\\}$"}}{"equation":{"symbols-used":[{"symbol":{"tex":"$\\mathrm{e}$","meaning":"base of natural logarithm","idref":"C4.S2.E11","content-tex":"$\\expe$"}},{"symbol":{"tex":"$I_{\\NVar{\\nu}}\\left(\\NVar{z}\\right)$","meaning":"modified Bessel function of the first kind","idref":"C10.S25.E2","content-tex":"$\\modBesselI{\\NVar{\\nu}}@{\\NVar{z}}$"}},{"symbol":{"tex":"$m$","meaning":"integer","idref":"C10.S1.p2.t1.r1"}},{"symbol":{"tex":"$z$","meaning":"complex variable","idref":"C10.S1.p2.t1.r4"}}],"xml-id":"C10.S35.E1","tex":"$e^{\\frac{1}{2}z(t+t^{-1})}=\\sum_{m=-\\infty}^{\\infty}t^{m}I_{m}\\left(z\\right).$","context":{"sentence-num-in-corpus":"7021","sentence-xmlid":"C10.S35.p1.s1","chapter-title":"Bessel Functions","chapter-xmlid":"C10","section-title":"Generating Function and Associated Series","sentence-num-in-chapter":"622","section-xmlid":"C10.S35","sentence-num-in-section":"1","para-num-of-sentences":"1","para-xmlid":"C10.S35.p1"},"permalink":"http:\/\/dlmf.nist.gov\/10.35.E1","equation-number":"10.35.1","content-tex":"$e^{\\frac{1}{2}z(t+t^{-1})}=\\sum_{m=-\\infty}^{\\infty}t^{m}\\modBesselI{m}@{z}.$"}}{"expression":{"xml-id":"C10.S35.p2.m1","tex":"$z,\\theta\\in\\mathbb{C}$","context":{"sentence-num-in-corpus":"7022","sentence-xmlid":"C10.S35.p2.s1","chapter-title":"Bessel Functions","chapter-xmlid":"C10","section-title":"Generating Function and Associated Series","sentence-num-in-chapter":"623","section-xmlid":"C10.S35","sentence-num-in-section":"2","para-num-of-sentences":"2","para-xmlid":"C10.S35.p2"},"content-tex":"$z,\\theta\\in\\Complexes$"}}{"equation":{"symbols-used":[{"symbol":{"tex":"$\\cos\\NVar{z}$","meaning":"cosine function","idref":"C4.S14.E2","content-tex":"$\\cos@@{\\NVar{z}}$"}},{"symbol":{"tex":"$\\mathrm{e}$","meaning":"base of natural logarithm","idref":"C4.S2.E11","content-tex":"$\\expe$"}},{"symbol":{"tex":"$I_{\\NVar{\\nu}}\\left(\\NVar{z}\\right)$","meaning":"modified Bessel function of the first kind","idref":"C10.S25.E2","content-tex":"$\\modBesselI{\\NVar{\\nu}}@{\\NVar{z}}$"}},{"symbol":{"tex":"$k$","meaning":"nonnegative integer","idref":"C10.S1.p2.t1.r2"}},{"symbol":{"tex":"$z$","meaning":"complex variable","idref":"C10.S1.p2.t1.r4"}}],"xml-id":"C10.S35.E2","tex":"$e^{z\\cos\\theta}=I_{0}\\left(z\\right)+2\\sum_{k=1}^{\\infty}I_{k}\\left(z\\right) \\cos\\left(k\\theta\\right),$","context":{"sentence-num-in-corpus":"7022","sentence-xmlid":"C10.S35.p2.s1","chapter-title":"Bessel Functions","chapter-xmlid":"C10","section-title":"Generating Function and Associated Series","sentence-num-in-chapter":"623","section-xmlid":"C10.S35","sentence-num-in-section":"2","para-num-of-sentences":"2","para-xmlid":"C10.S35.p2"},"permalink":"http:\/\/dlmf.nist.gov\/10.35.E2","equation-number":"10.35.2","content-tex":"$e^{z\\cos@@{\\theta}}=\\modBesselI{0}@{z}+2\\sum_{k=1}^{\\infty}\\modBesselI{k}@{z} \\cos@{k\\theta},$"}}{"equation":{"symbols-used":[{"symbol":{"tex":"$\\cos\\NVar{z}$","meaning":"cosine function","idref":"C4.S14.E2","content-tex":"$\\cos@@{\\NVar{z}}$"}},{"symbol":{"tex":"$\\mathrm{e}$","meaning":"base of natural logarithm","idref":"C4.S2.E11","content-tex":"$\\expe$"}},{"symbol":{"tex":"$I_{\\NVar{\\nu}}\\left(\\NVar{z}\\right)$","meaning":"modified Bessel function of the first kind","idref":"C10.S25.E2","content-tex":"$\\modBesselI{\\NVar{\\nu}}@{\\NVar{z}}$"}},{"symbol":{"tex":"$\\sin\\NVar{z}$","meaning":"sine function","idref":"C4.S14.E1","content-tex":"$\\sin@@{\\NVar{z}}$"}},{"symbol":{"tex":"$k$","meaning":"nonnegative integer","idref":"C10.S1.p2.t1.r2"}},{"symbol":{"tex":"$z$","meaning":"complex variable","idref":"C10.S1.p2.t1.r4"}}],"xml-id":"C10.S35.E3","tex":"$e^{z\\sin\\theta}=I_{0}\\left(z\\right)+2\\sum_{k=0}^{\\infty}(-1)^{k}I_{2k+1}\\left( z\\right)\\sin\\left((2k+1)\\theta\\right)+2\\sum_{k=1}^{\\infty}(-1)^{k}I_{2k}\\left( z\\right)\\cos\\left(2k\\theta\\right).$","context":{"sentence-num-in-corpus":"7022","sentence-xmlid":"C10.S35.p2.s1","chapter-title":"Bessel Functions","chapter-xmlid":"C10","section-title":"Generating Function and Associated Series","sentence-num-in-chapter":"623","section-xmlid":"C10.S35","sentence-num-in-section":"2","para-num-of-sentences":"2","para-xmlid":"C10.S35.p2"},"permalink":"http:\/\/dlmf.nist.gov\/10.35.E3","equation-number":"10.35.3","content-tex":"$e^{z\\sin@@{\\theta}}=\\modBesselI{0}@{z}+2\\sum_{k=0}^{\\infty}(-1)^{k}\\modBesselI {2k+1}@{z}\\sin@{(2k+1)\\theta}+2\\sum_{k=1}^{\\infty}(-1)^{k}\\modBesselI{2k}@{z} \\cos@{2k\\theta}.$"}}{"equation":{"symbols-used":[{"symbol":{"tex":"$I_{\\NVar{\\nu}}\\left(\\NVar{z}\\right)$","meaning":"modified Bessel function of the first kind","idref":"C10.S25.E2","content-tex":"$\\modBesselI{\\NVar{\\nu}}@{\\NVar{z}}$"}},{"symbol":{"tex":"$z$","meaning":"complex variable","idref":"C10.S1.p2.t1.r4"}}],"xml-id":"C10.S35.E4","tex":"$1=I_{0}\\left(z\\right)-2I_{2}\\left(z\\right)+2I_{4}\\left(z\\right)-2I_{6}\\left(z \\right)+\\dotsb,$","context":{"sentence-num-in-corpus":"7023","sentence-xmlid":"C10.S35.p2.s2","chapter-title":"Bessel Functions","chapter-xmlid":"C10","section-title":"Generating Function and Associated Series","sentence-num-in-chapter":"624","section-xmlid":"C10.S35","sentence-num-in-section":"3","para-num-of-sentences":"2","para-xmlid":"C10.S35.p2"},"permalink":"http:\/\/dlmf.nist.gov\/10.35.E4","equation-number":"10.35.4","content-tex":"$1=\\modBesselI{0}@{z}-2\\modBesselI{2}@{z}+2\\modBesselI{4}@{z}-2\\modBesselI{6}@{ z}+\\dotsb,$"}}{"equation":{"symbols-used":[{"symbol":{"tex":"$\\mathrm{e}$","meaning":"base of natural logarithm","idref":"C4.S2.E11","content-tex":"$\\expe$"}},{"symbol":{"tex":"$I_{\\NVar{\\nu}}\\left(\\NVar{z}\\right)$","meaning":"modified Bessel function of the first kind","idref":"C10.S25.E2","content-tex":"$\\modBesselI{\\NVar{\\nu}}@{\\NVar{z}}$"}},{"symbol":{"tex":"$z$","meaning":"complex variable","idref":"C10.S1.p2.t1.r4"}}],"xml-id":"C10.S35.E5","tex":"$e^{\\pm z}=I_{0}\\left(z\\right)\\pm 2I_{1}\\left(z\\right)+2I_{2}\\left(z\\right)\\pm 2 I_{3}\\left(z\\right)+\\dotsb,$","context":{"sentence-num-in-corpus":"7023","sentence-xmlid":"C10.S35.p2.s2","chapter-title":"Bessel Functions","chapter-xmlid":"C10","section-title":"Generating Function and Associated Series","sentence-num-in-chapter":"624","section-xmlid":"C10.S35","sentence-num-in-section":"3","para-num-of-sentences":"2","para-xmlid":"C10.S35.p2"},"permalink":"http:\/\/dlmf.nist.gov\/10.35.E5","equation-number":"10.35.5","content-tex":"$e^{\\pm z}=\\modBesselI{0}@{z}\\pm 2\\modBesselI{1}@{z}+2\\modBesselI{2}@{z}\\pm 2 \\modBesselI{3}@{z}+\\dotsb,$"}}{"equation":{"symbols-used":[{"symbol":{"tex":"$\\cosh\\NVar{z}$","meaning":"hyperbolic cosine function","idref":"C4.S28.E2","content-tex":"$\\cosh@@{\\NVar{z}}$"}},{"symbol":{"tex":"$\\sinh\\NVar{z}$","meaning":"hyperbolic sine function","idref":"C4.S28.E1","content-tex":"$\\sinh@@{\\NVar{z}}$"}},{"symbol":{"tex":"$I_{\\NVar{\\nu}}\\left(\\NVar{z}\\right)$","meaning":"modified Bessel function of the first kind","idref":"C10.S25.E2","content-tex":"$\\modBesselI{\\NVar{\\nu}}@{\\NVar{z}}$"}},{"symbol":{"tex":"$z$","meaning":"complex variable","idref":"C10.S1.p2.t1.r4"}}],"context":{"sentence-num-in-corpus":"7023","sentence-xmlid":"C10.S35.p2.s2","chapter-title":"Bessel Functions","chapter-xmlid":"C10","section-title":"Generating Function and Associated Series","sentence-num-in-chapter":"624","section-xmlid":"C10.S35","sentence-num-in-section":"3","para-num-of-sentences":"2","para-xmlid":"C10.S35.p2"},"permalink":"http:\/\/dlmf.nist.gov\/10.35.E6","equation-number":"10.35.6","subequations":[{"subequation":{"xml-id":"C10.S35.Ex1","tex":"$\\cosh z=I_{0}\\left(z\\right)+2I_{2}\\left(z\\right)+2I_{4}\\left(z\\right)+2I_{6} \\left(z\\right)+\\dots,$","context":{"chapter-title":"Bessel Functions","chapter-xmlid":"C10"},"content-tex":"$\\cosh@@{z}=\\modBesselI{0}@{z}+2\\modBesselI{2}@{z}+2\\modBesselI{4}@{z}+2 \\modBesselI{6}@{z}+\\dots,$"}},{"subequation":{"xml-id":"C10.S35.Ex2","tex":"$\\sinh z=2I_{1}\\left(z\\right)+2I_{3}\\left(z\\right)+2I_{5}\\left(z\\right)+\\dots.$","context":{"chapter-title":"Bessel Functions","chapter-xmlid":"C10"},"content-tex":"$\\sinh@@{z}=2\\modBesselI{1}@{z}+2\\modBesselI{3}@{z}+2\\modBesselI{5}@{z}+\\dots.$"}}]}}{"expression":{"xml-id":"C4.S28.E2.m2adec","tex":"$\\cosh\\NVar{z}$","context":{"chapter-title":"Bessel Functions","chapter-xmlid":"C10"},"content-tex":"$\\cosh@@{\\NVar{z}}$"}}{"expression":{"xml-id":"C4.S28.E1.m2adec","tex":"$\\sinh\\NVar{z}$","context":{"chapter-title":"Bessel Functions","chapter-xmlid":"C10"},"content-tex":"$\\sinh@@{\\NVar{z}}$"}}{"expression":{"xml-id":"C10.S25.E2.m2aedec","tex":"$I_{\\NVar{\\nu}}\\left(\\NVar{z}\\right)$","context":{"chapter-title":"Bessel Functions","chapter-xmlid":"C10"},"content-tex":"$\\modBesselI{\\NVar{\\nu}}@{\\NVar{z}}$"}}{"expression":{"xml-id":"C10.S1.XMD6.m1edec","tex":"$z$","context":{"chapter-title":"Bessel Functions","chapter-xmlid":"C10"}}}