{"expression":{"context-references":{"sentence-num-in-corpus":"6465","subsection-xmlid":"C10.S3.SS1","sentence-xmlid":"C10.S3.SS1.p2.s1","chapter-title":"Bessel Functions","chapter-xmlid":"C10","section-title":"Graphics","sentence-num-in-chapter":"66","section-xmlid":"C10.S3","sentence-num-in-section":"1","para-num-of-sentences":"1","para-xmlid":"C10.S3.SS1.p2","subsection-title":"Real Order and Variable"},"xml-id":"C10.S3.SS1.p2.m1","tex":"$M_{\\nu}\\left(x\\right)$","content-tex":"$\\HankelmodM{\\nu}@{x}$"}}{"expression":{"context-references":{"sentence-num-in-corpus":"6465","subsection-xmlid":"C10.S3.SS1","sentence-xmlid":"C10.S3.SS1.p2.s1","chapter-title":"Bessel Functions","chapter-xmlid":"C10","section-title":"Graphics","sentence-num-in-chapter":"66","section-xmlid":"C10.S3","sentence-num-in-section":"1","para-num-of-sentences":"1","para-xmlid":"C10.S3.SS1.p2","subsection-title":"Real Order and Variable"},"xml-id":"C10.S3.SS1.p2.m2","tex":"$\\theta_{\\nu}\\left(x\\right)$","content-tex":"$\\Hankelphasetheta{\\nu}@{x}$"}}{"expression":{"context-references":{"sentence-num-in-corpus":"6465","subsection-xmlid":"C10.S3.SS1","sentence-xmlid":"C10.S3.SS1.p2.s1","chapter-title":"Bessel Functions","chapter-xmlid":"C10","section-title":"Graphics","sentence-num-in-chapter":"66","section-xmlid":"C10.S3","sentence-num-in-section":"1","para-num-of-sentences":"1","para-xmlid":"C10.S3.SS1.p2","subsection-title":"Real Order and Variable"},"xml-id":"C10.S3.SS1.p2.m3","tex":"$N_{\\nu}\\left(x\\right)$","content-tex":"$\\HankelmodderivN{\\nu}@{x}$"}}{"expression":{"context-references":{"sentence-num-in-corpus":"6465","subsection-xmlid":"C10.S3.SS1","sentence-xmlid":"C10.S3.SS1.p2.s1","chapter-title":"Bessel Functions","chapter-xmlid":"C10","section-title":"Graphics","sentence-num-in-chapter":"66","section-xmlid":"C10.S3","sentence-num-in-section":"1","para-num-of-sentences":"1","para-xmlid":"C10.S3.SS1.p2","subsection-title":"Real Order and Variable"},"xml-id":"C10.S3.SS1.p2.m4","tex":"$\\phi_{\\nu}\\left(x\\right)$","content-tex":"$\\Hankelphasederivphi{\\nu}@{x}$"}}{"expression":{"context-references":{"chapter-title":"Bessel Functions","chapter-xmlid":"C10"},"xml-id":"C10.S2.E2.m2adec","tex":"$J_{\\NVar{\\nu}}\\left(\\NVar{z}\\right)$","content-tex":"$\\BesselJ{\\NVar{\\nu}}@{\\NVar{z}}$"}}{"expression":{"context-references":{"chapter-title":"Bessel Functions","chapter-xmlid":"C10"},"xml-id":"C10.S2.E3.m2adec","tex":"$Y_{\\NVar{\\nu}}\\left(\\NVar{z}\\right)$","content-tex":"$\\BesselY{\\NVar{\\nu}}@{\\NVar{z}}$"}}{"expression":{"context-references":{"chapter-title":"Bessel Functions","chapter-xmlid":"C10"},"xml-id":"C10.S1.XMD4.m1dec","tex":"$x$"}}{"expression":{"context-references":{"chapter-title":"Bessel Functions","chapter-xmlid":"C10"},"xml-id":"C10.S3.F1.m1","tex":"$J_{0}\\left(x\\right)$","content-tex":"$\\BesselJ{0}@{x}$"}}{"expression":{"context-references":{"chapter-title":"Bessel Functions","chapter-xmlid":"C10"},"xml-id":"C10.S3.F1.m2","tex":"$Y_{0}\\left(x\\right)$","content-tex":"$\\BesselY{0}@{x}$"}}{"expression":{"context-references":{"chapter-title":"Bessel Functions","chapter-xmlid":"C10"},"xml-id":"C10.S3.F1.m3","tex":"$J_{1}\\left(x\\right)$","content-tex":"$\\BesselJ{1}@{x}$"}}{"expression":{"context-references":{"chapter-title":"Bessel Functions","chapter-xmlid":"C10"},"xml-id":"C10.S3.F1.m4","tex":"$Y_{1}\\left(x\\right)$","content-tex":"$\\BesselY{1}@{x}$"}}{"expression":{"context-references":{"chapter-title":"Bessel Functions","chapter-xmlid":"C10"},"xml-id":"C10.S3.F1.m5","tex":"$0\\leq x\\leq 10$"}}{"expression":{"context-references":{"sentence-num-in-corpus":"6466","subsection-xmlid":"C10.S3.SS1","sentence-xmlid":"C10.S3.F1.s1","chapter-title":"Bessel Functions","chapter-xmlid":"C10","section-title":"Graphics","sentence-num-in-chapter":"67","section-xmlid":"C10.S3","sentence-num-in-section":"2","subsection-title":"Real Order and Variable"},"xml-id":"C10.S3.F1.m6","tex":"$J_{0}\\left(x\\right)$","content-tex":"$\\BesselJ{0}@{x}$"}}{"expression":{"context-references":{"sentence-num-in-corpus":"6466","subsection-xmlid":"C10.S3.SS1","sentence-xmlid":"C10.S3.F1.s1","chapter-title":"Bessel Functions","chapter-xmlid":"C10","section-title":"Graphics","sentence-num-in-chapter":"67","section-xmlid":"C10.S3","sentence-num-in-section":"2","subsection-title":"Real Order and Variable"},"xml-id":"C10.S3.F1.m7","tex":"$Y_{0}\\left(x\\right)$","content-tex":"$\\BesselY{0}@{x}$"}}{"expression":{"context-references":{"sentence-num-in-corpus":"6466","subsection-xmlid":"C10.S3.SS1","sentence-xmlid":"C10.S3.F1.s1","chapter-title":"Bessel Functions","chapter-xmlid":"C10","section-title":"Graphics","sentence-num-in-chapter":"67","section-xmlid":"C10.S3","sentence-num-in-section":"2","subsection-title":"Real Order and Variable"},"xml-id":"C10.S3.F1.m8","tex":"$J_{1}\\left(x\\right)$","content-tex":"$\\BesselJ{1}@{x}$"}}{"expression":{"context-references":{"sentence-num-in-corpus":"6466","subsection-xmlid":"C10.S3.SS1","sentence-xmlid":"C10.S3.F1.s1","chapter-title":"Bessel Functions","chapter-xmlid":"C10","section-title":"Graphics","sentence-num-in-chapter":"67","section-xmlid":"C10.S3","sentence-num-in-section":"2","subsection-title":"Real Order and Variable"},"xml-id":"C10.S3.F1.m9","tex":"$Y_{1}\\left(x\\right)$","content-tex":"$\\BesselY{1}@{x}$"}}{"expression":{"context-references":{"sentence-num-in-corpus":"6466","subsection-xmlid":"C10.S3.SS1","sentence-xmlid":"C10.S3.F1.s1","chapter-title":"Bessel Functions","chapter-xmlid":"C10","section-title":"Graphics","sentence-num-in-chapter":"67","section-xmlid":"C10.S3","sentence-num-in-section":"2","subsection-title":"Real Order and Variable"},"xml-id":"C10.S3.F1.m10","tex":"$0\\leq x\\leq 10$"}}{"expression":{"context-references":{"chapter-title":"Bessel Functions","chapter-xmlid":"C10"},"xml-id":"C10.S2.E2.m2aadec","tex":"$J_{\\NVar{\\nu}}\\left(\\NVar{z}\\right)$","content-tex":"$\\BesselJ{\\NVar{\\nu}}@{\\NVar{z}}$"}}{"expression":{"context-references":{"chapter-title":"Bessel Functions","chapter-xmlid":"C10"},"xml-id":"C10.S2.E3.m2aadec","tex":"$Y_{\\NVar{\\nu}}\\left(\\NVar{z}\\right)$","content-tex":"$\\BesselY{\\NVar{\\nu}}@{\\NVar{z}}$"}}{"expression":{"context-references":{"chapter-title":"Bessel Functions","chapter-xmlid":"C10"},"xml-id":"C10.S18.E1.m2adec","tex":"$M_{\\NVar{\\nu}}\\left(\\NVar{x}\\right)$","content-tex":"$\\HankelmodM{\\NVar{\\nu}}@{\\NVar{x}}$"}}{"expression":{"context-references":{"chapter-title":"Bessel Functions","chapter-xmlid":"C10"},"xml-id":"C10.S1.XMD4.m1adec","tex":"$x$"}}{"expression":{"context-references":{"chapter-title":"Bessel Functions","chapter-xmlid":"C10"},"xml-id":"C10.S3.F2.m1","tex":"$J_{5}\\left(x\\right)$","content-tex":"$\\BesselJ{5}@{x}$"}}{"expression":{"context-references":{"chapter-title":"Bessel Functions","chapter-xmlid":"C10"},"xml-id":"C10.S3.F2.m2","tex":"$Y_{5}\\left(x\\right)$","content-tex":"$\\BesselY{5}@{x}$"}}{"expression":{"context-references":{"chapter-title":"Bessel Functions","chapter-xmlid":"C10"},"xml-id":"C10.S3.F2.m3","tex":"$M_{5}\\left(x\\right)$","content-tex":"$\\HankelmodM{5}@{x}$"}}{"expression":{"context-references":{"chapter-title":"Bessel Functions","chapter-xmlid":"C10"},"xml-id":"C10.S3.F2.m4","tex":"$0\\leq x\\leq 15$"}}{"expression":{"context-references":{"sentence-num-in-corpus":"6467","subsection-xmlid":"C10.S3.SS1","sentence-xmlid":"C10.S3.F2.s1","chapter-title":"Bessel Functions","chapter-xmlid":"C10","section-title":"Graphics","sentence-num-in-chapter":"68","section-xmlid":"C10.S3","sentence-num-in-section":"3","subsection-title":"Real Order and Variable"},"xml-id":"C10.S3.F2.m5","tex":"$J_{5}\\left(x\\right)$","content-tex":"$\\BesselJ{5}@{x}$"}}{"expression":{"context-references":{"sentence-num-in-corpus":"6467","subsection-xmlid":"C10.S3.SS1","sentence-xmlid":"C10.S3.F2.s1","chapter-title":"Bessel Functions","chapter-xmlid":"C10","section-title":"Graphics","sentence-num-in-chapter":"68","section-xmlid":"C10.S3","sentence-num-in-section":"3","subsection-title":"Real Order and Variable"},"xml-id":"C10.S3.F2.m6","tex":"$Y_{5}\\left(x\\right)$","content-tex":"$\\BesselY{5}@{x}$"}}{"expression":{"context-references":{"sentence-num-in-corpus":"6467","subsection-xmlid":"C10.S3.SS1","sentence-xmlid":"C10.S3.F2.s1","chapter-title":"Bessel Functions","chapter-xmlid":"C10","section-title":"Graphics","sentence-num-in-chapter":"68","section-xmlid":"C10.S3","sentence-num-in-section":"3","subsection-title":"Real Order and Variable"},"xml-id":"C10.S3.F2.m7","tex":"$M_{5}\\left(x\\right)$","content-tex":"$\\HankelmodM{5}@{x}$"}}{"expression":{"context-references":{"sentence-num-in-corpus":"6467","subsection-xmlid":"C10.S3.SS1","sentence-xmlid":"C10.S3.F2.s1","chapter-title":"Bessel Functions","chapter-xmlid":"C10","section-title":"Graphics","sentence-num-in-chapter":"68","section-xmlid":"C10.S3","sentence-num-in-section":"3","subsection-title":"Real Order and Variable"},"xml-id":"C10.S3.F2.m8","tex":"$0\\leq x\\leq 15$"}}{"expression":{"context-references":{"chapter-title":"Bessel Functions","chapter-xmlid":"C10"},"xml-id":"C10.S2.E2.m2abdec","tex":"$J_{\\NVar{\\nu}}\\left(\\NVar{z}\\right)$","content-tex":"$\\BesselJ{\\NVar{\\nu}}@{\\NVar{z}}$"}}{"expression":{"context-references":{"chapter-title":"Bessel Functions","chapter-xmlid":"C10"},"xml-id":"C10.S2.E3.m2abdec","tex":"$Y_{\\NVar{\\nu}}\\left(\\NVar{z}\\right)$","content-tex":"$\\BesselY{\\NVar{\\nu}}@{\\NVar{z}}$"}}{"expression":{"context-references":{"chapter-title":"Bessel Functions","chapter-xmlid":"C10"},"xml-id":"C10.S18.E2.m2adec","tex":"$N_{\\NVar{\\nu}}\\left(\\NVar{x}\\right)$","content-tex":"$\\HankelmodderivN{\\NVar{\\nu}}@{\\NVar{x}}$"}}{"expression":{"context-references":{"chapter-title":"Bessel Functions","chapter-xmlid":"C10"},"xml-id":"C10.S1.XMD4.m1bdec","tex":"$x$"}}{"expression":{"context-references":{"chapter-title":"Bessel Functions","chapter-xmlid":"C10"},"xml-id":"C10.S3.F3.m1","tex":"$J_{5}'\\left(x\\right)$","content-tex":"$\\BesselJ{5}'@{x}$"}}{"expression":{"context-references":{"chapter-title":"Bessel Functions","chapter-xmlid":"C10"},"xml-id":"C10.S3.F3.m2","tex":"$Y_{5}'\\left(x\\right)$","content-tex":"$\\BesselY{5}'@{x}$"}}{"expression":{"context-references":{"chapter-title":"Bessel Functions","chapter-xmlid":"C10"},"xml-id":"C10.S3.F3.m3","tex":"$N_{5}\\left(x\\right)$","content-tex":"$\\HankelmodderivN{5}@{x}$"}}{"expression":{"context-references":{"chapter-title":"Bessel Functions","chapter-xmlid":"C10"},"xml-id":"C10.S3.F3.m4","tex":"$0\\leq x\\leq 15$"}}{"expression":{"context-references":{"sentence-num-in-corpus":"6468","subsection-xmlid":"C10.S3.SS1","sentence-xmlid":"C10.S3.F3.s1","chapter-title":"Bessel Functions","chapter-xmlid":"C10","section-title":"Graphics","sentence-num-in-chapter":"69","section-xmlid":"C10.S3","sentence-num-in-section":"4","subsection-title":"Real Order and Variable"},"xml-id":"C10.S3.F3.m5","tex":"$J_{5}'\\left(x\\right)$","content-tex":"$\\BesselJ{5}'@{x}$"}}{"expression":{"context-references":{"sentence-num-in-corpus":"6468","subsection-xmlid":"C10.S3.SS1","sentence-xmlid":"C10.S3.F3.s1","chapter-title":"Bessel Functions","chapter-xmlid":"C10","section-title":"Graphics","sentence-num-in-chapter":"69","section-xmlid":"C10.S3","sentence-num-in-section":"4","subsection-title":"Real Order and Variable"},"xml-id":"C10.S3.F3.m6","tex":"$Y_{5}'\\left(x\\right)$","content-tex":"$\\BesselY{5}'@{x}$"}}{"expression":{"context-references":{"sentence-num-in-corpus":"6468","subsection-xmlid":"C10.S3.SS1","sentence-xmlid":"C10.S3.F3.s1","chapter-title":"Bessel Functions","chapter-xmlid":"C10","section-title":"Graphics","sentence-num-in-chapter":"69","section-xmlid":"C10.S3","sentence-num-in-section":"4","subsection-title":"Real Order and Variable"},"xml-id":"C10.S3.F3.m7","tex":"$N_{5}\\left(x\\right)$","content-tex":"$\\HankelmodderivN{5}@{x}$"}}{"expression":{"context-references":{"sentence-num-in-corpus":"6468","subsection-xmlid":"C10.S3.SS1","sentence-xmlid":"C10.S3.F3.s1","chapter-title":"Bessel Functions","chapter-xmlid":"C10","section-title":"Graphics","sentence-num-in-chapter":"69","section-xmlid":"C10.S3","sentence-num-in-section":"4","subsection-title":"Real Order and Variable"},"xml-id":"C10.S3.F3.m8","tex":"$0\\leq x\\leq 15$"}}{"expression":{"context-references":{"chapter-title":"Bessel Functions","chapter-xmlid":"C10"},"xml-id":"C10.S18.E3.m2adec","tex":"$\\phi_{\\NVar{\\nu}}\\left(\\NVar{x}\\right)$","content-tex":"$\\Hankelphasederivphi{\\NVar{\\nu}}@{\\NVar{x}}$"}}{"expression":{"context-references":{"chapter-title":"Bessel Functions","chapter-xmlid":"C10"},"xml-id":"C10.S18.E3.m1adec","tex":"$\\theta_{\\NVar{\\nu}}\\left(\\NVar{x}\\right)$","content-tex":"$\\Hankelphasetheta{\\NVar{\\nu}}@{\\NVar{x}}$"}}{"expression":{"context-references":{"chapter-title":"Bessel Functions","chapter-xmlid":"C10"},"xml-id":"C10.S1.XMD4.m1cdec","tex":"$x$"}}{"expression":{"context-references":{"chapter-title":"Bessel Functions","chapter-xmlid":"C10"},"xml-id":"C10.S3.F4.m1","tex":"$\\theta_{5}\\left(x\\right)$","content-tex":"$\\Hankelphasetheta{5}@{x}$"}}{"expression":{"context-references":{"chapter-title":"Bessel Functions","chapter-xmlid":"C10"},"xml-id":"C10.S3.F4.m2","tex":"$\\phi_{5}\\left(x\\right)$","content-tex":"$\\Hankelphasederivphi{5}@{x}$"}}{"expression":{"context-references":{"chapter-title":"Bessel Functions","chapter-xmlid":"C10"},"xml-id":"C10.S3.F4.m3","tex":"$0\\leq x\\leq 15$"}}{"expression":{"context-references":{"sentence-num-in-corpus":"6469","subsection-xmlid":"C10.S3.SS1","sentence-xmlid":"C10.S3.F4.s1","chapter-title":"Bessel Functions","chapter-xmlid":"C10","section-title":"Graphics","sentence-num-in-chapter":"70","section-xmlid":"C10.S3","sentence-num-in-section":"5","subsection-title":"Real Order and Variable"},"xml-id":"C10.S3.F4.m4","tex":"$\\theta_{5}\\left(x\\right)$","content-tex":"$\\Hankelphasetheta{5}@{x}$"}}{"expression":{"context-references":{"sentence-num-in-corpus":"6469","subsection-xmlid":"C10.S3.SS1","sentence-xmlid":"C10.S3.F4.s1","chapter-title":"Bessel Functions","chapter-xmlid":"C10","section-title":"Graphics","sentence-num-in-chapter":"70","section-xmlid":"C10.S3","sentence-num-in-section":"5","subsection-title":"Real Order and Variable"},"xml-id":"C10.S3.F4.m5","tex":"$\\phi_{5}\\left(x\\right)$","content-tex":"$\\Hankelphasederivphi{5}@{x}$"}}{"expression":{"context-references":{"sentence-num-in-corpus":"6469","subsection-xmlid":"C10.S3.SS1","sentence-xmlid":"C10.S3.F4.s1","chapter-title":"Bessel Functions","chapter-xmlid":"C10","section-title":"Graphics","sentence-num-in-chapter":"70","section-xmlid":"C10.S3","sentence-num-in-section":"5","subsection-title":"Real Order and Variable"},"xml-id":"C10.S3.F4.m6","tex":"$0\\leq x\\leq 15$"}}{"expression":{"context-references":{"chapter-title":"Bessel Functions","chapter-xmlid":"C10"},"xml-id":"C10.S2.E2.m2acdec","tex":"$J_{\\NVar{\\nu}}\\left(\\NVar{z}\\right)$","content-tex":"$\\BesselJ{\\NVar{\\nu}}@{\\NVar{z}}$"}}{"expression":{"context-references":{"chapter-title":"Bessel Functions","chapter-xmlid":"C10"},"xml-id":"C10.S1.XMD4.m1ddec","tex":"$x$"}}{"expression":{"context-references":{"chapter-title":"Bessel Functions","chapter-xmlid":"C10"},"xml-id":"C10.S1.XMD7.m1dec","tex":"$\\nu$"}}{"expression":{"context-references":{"chapter-title":"Bessel Functions","chapter-xmlid":"C10"},"xml-id":"C10.S3.F5.m1","tex":"$J_{\\nu}\\left(x\\right)$","content-tex":"$\\BesselJ{\\nu}@{x}$"}}{"expression":{"context-references":{"chapter-title":"Bessel Functions","chapter-xmlid":"C10"},"xml-id":"C10.S3.F5.m2","tex":"$0\\leq x\\leq 10$"}}{"expression":{"context-references":{"chapter-title":"Bessel Functions","chapter-xmlid":"C10"},"xml-id":"C10.S3.F5.m3","tex":"$0\\leq\\nu\\leq 5$"}}{"expression":{"context-references":{"sentence-num-in-corpus":"6470","subsection-xmlid":"C10.S3.SS1","sentence-xmlid":"C10.S3.F5.s1","chapter-title":"Bessel Functions","chapter-xmlid":"C10","section-title":"Graphics","sentence-num-in-chapter":"71","section-xmlid":"C10.S3","sentence-num-in-section":"6","subsection-title":"Real Order and Variable"},"xml-id":"C10.S3.F5.m4","tex":"$J_{\\nu}\\left(x\\right)$","content-tex":"$\\BesselJ{\\nu}@{x}$"}}{"expression":{"context-references":{"sentence-num-in-corpus":"6470","subsection-xmlid":"C10.S3.SS1","sentence-xmlid":"C10.S3.F5.s1","chapter-title":"Bessel Functions","chapter-xmlid":"C10","section-title":"Graphics","sentence-num-in-chapter":"71","section-xmlid":"C10.S3","sentence-num-in-section":"6","subsection-title":"Real Order and Variable"},"xml-id":"C10.S3.F5.m5","tex":"$0\\leq x\\leq 10$"}}{"expression":{"context-references":{"sentence-num-in-corpus":"6470","subsection-xmlid":"C10.S3.SS1","sentence-xmlid":"C10.S3.F5.s1","chapter-title":"Bessel Functions","chapter-xmlid":"C10","section-title":"Graphics","sentence-num-in-chapter":"71","section-xmlid":"C10.S3","sentence-num-in-section":"6","subsection-title":"Real Order and Variable"},"xml-id":"C10.S3.F5.m6","tex":"$0\\leq\\nu\\leq 5$"}}{"expression":{"context-references":{"chapter-title":"Bessel Functions","chapter-xmlid":"C10"},"xml-id":"C10.S2.E3.m2acdec","tex":"$Y_{\\NVar{\\nu}}\\left(\\NVar{z}\\right)$","content-tex":"$\\BesselY{\\NVar{\\nu}}@{\\NVar{z}}$"}}{"expression":{"context-references":{"chapter-title":"Bessel Functions","chapter-xmlid":"C10"},"xml-id":"C10.S1.XMD4.m1edec","tex":"$x$"}}{"expression":{"context-references":{"chapter-title":"Bessel Functions","chapter-xmlid":"C10"},"xml-id":"C10.S1.XMD7.m1adec","tex":"$\\nu$"}}{"expression":{"context-references":{"chapter-title":"Bessel Functions","chapter-xmlid":"C10"},"xml-id":"C10.S3.F6.m1","tex":"$Y_{\\nu}\\left(x\\right)$","content-tex":"$\\BesselY{\\nu}@{x}$"}}{"expression":{"context-references":{"chapter-title":"Bessel Functions","chapter-xmlid":"C10"},"xml-id":"C10.S3.F6.m2","tex":"$0<x\\leq 10$"}}{"expression":{"context-references":{"chapter-title":"Bessel Functions","chapter-xmlid":"C10"},"xml-id":"C10.S3.F6.m3","tex":"$0\\leq\\nu\\leq 5$"}}{"expression":{"context-references":{"sentence-num-in-corpus":"6471","subsection-xmlid":"C10.S3.SS1","sentence-xmlid":"C10.S3.F6.s1","chapter-title":"Bessel Functions","chapter-xmlid":"C10","section-title":"Graphics","sentence-num-in-chapter":"72","section-xmlid":"C10.S3","sentence-num-in-section":"7","subsection-title":"Real Order and Variable"},"xml-id":"C10.S3.F6.m4","tex":"$Y_{\\nu}\\left(x\\right)$","content-tex":"$\\BesselY{\\nu}@{x}$"}}{"expression":{"context-references":{"sentence-num-in-corpus":"6471","subsection-xmlid":"C10.S3.SS1","sentence-xmlid":"C10.S3.F6.s1","chapter-title":"Bessel Functions","chapter-xmlid":"C10","section-title":"Graphics","sentence-num-in-chapter":"72","section-xmlid":"C10.S3","sentence-num-in-section":"7","subsection-title":"Real Order and Variable"},"xml-id":"C10.S3.F6.m5","tex":"$0<x\\leq 10$"}}{"expression":{"context-references":{"sentence-num-in-corpus":"6471","subsection-xmlid":"C10.S3.SS1","sentence-xmlid":"C10.S3.F6.s1","chapter-title":"Bessel Functions","chapter-xmlid":"C10","section-title":"Graphics","sentence-num-in-chapter":"72","section-xmlid":"C10.S3","sentence-num-in-section":"7","subsection-title":"Real Order and Variable"},"xml-id":"C10.S3.F6.m6","tex":"$0\\leq\\nu\\leq 5$"}}{"expression":{"context-references":{"chapter-title":"Bessel Functions","chapter-xmlid":"C10"},"xml-id":"C10.S2.E2.m2addec","tex":"$J_{\\NVar{\\nu}}\\left(\\NVar{z}\\right)$","content-tex":"$\\BesselJ{\\NVar{\\nu}}@{\\NVar{z}}$"}}{"expression":{"context-references":{"chapter-title":"Bessel Functions","chapter-xmlid":"C10"},"xml-id":"C10.S1.XMD4.m1fdec","tex":"$x$"}}{"expression":{"context-references":{"chapter-title":"Bessel Functions","chapter-xmlid":"C10"},"xml-id":"C10.S1.XMD7.m1bdec","tex":"$\\nu$"}}{"expression":{"context-references":{"chapter-title":"Bessel Functions","chapter-xmlid":"C10"},"xml-id":"C10.S3.F7.m1","tex":"$J_{\\nu}'\\left(x\\right)$","content-tex":"$\\BesselJ{\\nu}'@{x}$"}}{"expression":{"context-references":{"chapter-title":"Bessel Functions","chapter-xmlid":"C10"},"xml-id":"C10.S3.F7.m2","tex":"$0\\leq x\\leq 10$"}}{"expression":{"context-references":{"chapter-title":"Bessel Functions","chapter-xmlid":"C10"},"xml-id":"C10.S3.F7.m3","tex":"$0\\leq\\nu\\leq 5$"}}{"expression":{"context-references":{"sentence-num-in-corpus":"6472","subsection-xmlid":"C10.S3.SS1","sentence-xmlid":"C10.S3.F7.s1","chapter-title":"Bessel Functions","chapter-xmlid":"C10","section-title":"Graphics","sentence-num-in-chapter":"73","section-xmlid":"C10.S3","sentence-num-in-section":"8","subsection-title":"Real Order and Variable"},"xml-id":"C10.S3.F7.m4","tex":"$J_{\\nu}'\\left(x\\right)$","content-tex":"$\\BesselJ{\\nu}'@{x}$"}}{"expression":{"context-references":{"sentence-num-in-corpus":"6472","subsection-xmlid":"C10.S3.SS1","sentence-xmlid":"C10.S3.F7.s1","chapter-title":"Bessel Functions","chapter-xmlid":"C10","section-title":"Graphics","sentence-num-in-chapter":"73","section-xmlid":"C10.S3","sentence-num-in-section":"8","subsection-title":"Real Order and Variable"},"xml-id":"C10.S3.F7.m5","tex":"$0\\leq x\\leq 10$"}}{"expression":{"context-references":{"sentence-num-in-corpus":"6472","subsection-xmlid":"C10.S3.SS1","sentence-xmlid":"C10.S3.F7.s1","chapter-title":"Bessel Functions","chapter-xmlid":"C10","section-title":"Graphics","sentence-num-in-chapter":"73","section-xmlid":"C10.S3","sentence-num-in-section":"8","subsection-title":"Real Order and Variable"},"xml-id":"C10.S3.F7.m6","tex":"$0\\leq\\nu\\leq 5$"}}{"expression":{"context-references":{"chapter-title":"Bessel Functions","chapter-xmlid":"C10"},"xml-id":"C10.S2.E3.m2addec","tex":"$Y_{\\NVar{\\nu}}\\left(\\NVar{z}\\right)$","content-tex":"$\\BesselY{\\NVar{\\nu}}@{\\NVar{z}}$"}}{"expression":{"context-references":{"chapter-title":"Bessel Functions","chapter-xmlid":"C10"},"xml-id":"C10.S1.XMD4.m1gdec","tex":"$x$"}}{"expression":{"context-references":{"chapter-title":"Bessel Functions","chapter-xmlid":"C10"},"xml-id":"C10.S1.XMD7.m1cdec","tex":"$\\nu$"}}{"expression":{"context-references":{"chapter-title":"Bessel Functions","chapter-xmlid":"C10"},"xml-id":"C10.S3.F8.m1","tex":"$Y_{\\nu}'\\left(x\\right)$","content-tex":"$\\BesselY{\\nu}'@{x}$"}}{"expression":{"context-references":{"chapter-title":"Bessel Functions","chapter-xmlid":"C10"},"xml-id":"C10.S3.F8.m2","tex":"$0.2\\leq x\\leq 10$"}}{"expression":{"context-references":{"chapter-title":"Bessel Functions","chapter-xmlid":"C10"},"xml-id":"C10.S3.F8.m3","tex":"$0\\leq\\nu\\leq 5$"}}{"expression":{"context-references":{"sentence-num-in-corpus":"6473","subsection-xmlid":"C10.S3.SS1","sentence-xmlid":"C10.S3.F8.s1","chapter-title":"Bessel Functions","chapter-xmlid":"C10","section-title":"Graphics","sentence-num-in-chapter":"74","section-xmlid":"C10.S3","sentence-num-in-section":"9","subsection-title":"Real Order and Variable"},"xml-id":"C10.S3.F8.m4","tex":"$Y_{\\nu}'\\left(x\\right)$","content-tex":"$\\BesselY{\\nu}'@{x}$"}}{"expression":{"context-references":{"sentence-num-in-corpus":"6473","subsection-xmlid":"C10.S3.SS1","sentence-xmlid":"C10.S3.F8.s1","chapter-title":"Bessel Functions","chapter-xmlid":"C10","section-title":"Graphics","sentence-num-in-chapter":"74","section-xmlid":"C10.S3","sentence-num-in-section":"9","subsection-title":"Real Order and Variable"},"xml-id":"C10.S3.F8.m5","tex":"$0.2\\leq x\\leq 10$"}}{"expression":{"context-references":{"sentence-num-in-corpus":"6473","subsection-xmlid":"C10.S3.SS1","sentence-xmlid":"C10.S3.F8.s1","chapter-title":"Bessel Functions","chapter-xmlid":"C10","section-title":"Graphics","sentence-num-in-chapter":"74","section-xmlid":"C10.S3","sentence-num-in-section":"9","subsection-title":"Real Order and Variable"},"xml-id":"C10.S3.F8.m6","tex":"$0\\leq\\nu\\leq 5$"}}{"expression":{"context-references":{"chapter-title":"Bessel Functions","chapter-xmlid":"C10"},"xml-id":"C10.S2.E2.m2aedec","tex":"$J_{\\NVar{\\nu}}\\left(\\NVar{z}\\right)$","content-tex":"$\\BesselJ{\\NVar{\\nu}}@{\\NVar{z}}$"}}{"expression":{"context-references":{"chapter-title":"Bessel Functions","chapter-xmlid":"C10"},"xml-id":"C1.S9.E1.m2adec","tex":"$\\mathrm{i}$","content-tex":"$\\iunit$"}}{"expression":{"context-references":{"chapter-title":"Bessel Functions","chapter-xmlid":"C10"},"xml-id":"C10.S1.XMD4.m1hdec","tex":"$x$"}}{"expression":{"context-references":{"chapter-title":"Bessel Functions","chapter-xmlid":"C10"},"xml-id":"C10.S1.XMD5.m1dec","tex":"$y$"}}{"expression":{"context-references":{"chapter-title":"Bessel Functions","chapter-xmlid":"C10"},"xml-id":"C10.S3.F9.m1","tex":"$J_{0}\\left(x+iy\\right)$","content-tex":"$\\BesselJ{0}@{x+iy}$"}}{"expression":{"context-references":{"chapter-title":"Bessel Functions","chapter-xmlid":"C10"},"xml-id":"C10.S3.F9.m2","tex":"$-10\\leq x\\leq 10$"}}{"expression":{"context-references":{"chapter-title":"Bessel Functions","chapter-xmlid":"C10"},"xml-id":"C10.S3.F9.m3","tex":"$-4\\leq y\\leq 4$"}}{"expression":{"context-references":{"sentence-num-in-corpus":"6477","subsection-xmlid":"C10.S3.SS2","sentence-xmlid":"C10.S3.F9.s1","chapter-title":"Bessel Functions","chapter-xmlid":"C10","section-title":"Graphics","sentence-num-in-chapter":"78","section-xmlid":"C10.S3","sentence-num-in-section":"13","subsection-title":"Real Order, Complex Variable"},"xml-id":"C10.S3.F9.m4","tex":"$J_{0}\\left(x+iy\\right)$","content-tex":"$\\BesselJ{0}@{x+iy}$"}}{"expression":{"context-references":{"sentence-num-in-corpus":"6477","subsection-xmlid":"C10.S3.SS2","sentence-xmlid":"C10.S3.F9.s1","chapter-title":"Bessel Functions","chapter-xmlid":"C10","section-title":"Graphics","sentence-num-in-chapter":"78","section-xmlid":"C10.S3","sentence-num-in-section":"13","subsection-title":"Real Order, Complex Variable"},"xml-id":"C10.S3.F9.m5","tex":"$-10\\leq x\\leq 10$"}}{"expression":{"context-references":{"sentence-num-in-corpus":"6477","subsection-xmlid":"C10.S3.SS2","sentence-xmlid":"C10.S3.F9.s1","chapter-title":"Bessel Functions","chapter-xmlid":"C10","section-title":"Graphics","sentence-num-in-chapter":"78","section-xmlid":"C10.S3","sentence-num-in-section":"13","subsection-title":"Real Order, Complex Variable"},"xml-id":"C10.S3.F9.m6","tex":"$-4\\leq y\\leq 4$"}}{"expression":{"context-references":{"chapter-title":"Bessel Functions","chapter-xmlid":"C10"},"xml-id":"C10.S2.E5.m2adec","tex":"${H^{(1)}_{\\NVar{\\nu}}}\\left(\\NVar{z}\\right)$","content-tex":"$\\HankelH{1}{\\NVar{\\nu}}@{\\NVar{z}}$"}}{"expression":{"context-references":{"chapter-title":"Bessel Functions","chapter-xmlid":"C10"},"xml-id":"C1.S9.E1.m2aadec","tex":"$\\mathrm{i}$","content-tex":"$\\iunit$"}}{"expression":{"context-references":{"chapter-title":"Bessel Functions","chapter-xmlid":"C10"},"xml-id":"C10.S1.XMD4.m1idec","tex":"$x$"}}{"expression":{"context-references":{"chapter-title":"Bessel Functions","chapter-xmlid":"C10"},"xml-id":"C10.S1.XMD5.m1adec","tex":"$y$"}}{"expression":{"context-references":{"chapter-title":"Bessel Functions","chapter-xmlid":"C10"},"xml-id":"C10.S3.F10.m1","tex":"${H^{(1)}_{0}}\\left(x+iy\\right)$","content-tex":"$\\HankelH{1}{0}@{x+iy}$"}}{"expression":{"context-references":{"chapter-title":"Bessel Functions","chapter-xmlid":"C10"},"xml-id":"C10.S3.F10.m2","tex":"$-10\\leq x\\leq 5$"}}{"expression":{"context-references":{"chapter-title":"Bessel Functions","chapter-xmlid":"C10"},"xml-id":"C10.S3.F10.m3","tex":"$-2.8\\leq y\\leq 4$"}}{"expression":{"context-references":{"sentence-num-in-corpus":"6478","subsection-xmlid":"C10.S3.SS2","sentence-xmlid":"C10.S3.F10.s1","chapter-title":"Bessel Functions","chapter-xmlid":"C10","section-title":"Graphics","sentence-num-in-chapter":"79","section-xmlid":"C10.S3","sentence-num-in-section":"14","subsection-title":"Real Order, Complex Variable"},"xml-id":"C10.S3.F10.m4","tex":"${H^{(1)}_{0}}\\left(x+iy\\right)$","content-tex":"$\\HankelH{1}{0}@{x+iy}$"}}{"expression":{"context-references":{"sentence-num-in-corpus":"6478","subsection-xmlid":"C10.S3.SS2","sentence-xmlid":"C10.S3.F10.s1","chapter-title":"Bessel Functions","chapter-xmlid":"C10","section-title":"Graphics","sentence-num-in-chapter":"79","section-xmlid":"C10.S3","sentence-num-in-section":"14","subsection-title":"Real Order, Complex Variable"},"xml-id":"C10.S3.F10.m5","tex":"$-10\\leq x\\leq 5$"}}{"expression":{"context-references":{"sentence-num-in-corpus":"6478","subsection-xmlid":"C10.S3.SS2","sentence-xmlid":"C10.S3.F10.s1","chapter-title":"Bessel Functions","chapter-xmlid":"C10","section-title":"Graphics","sentence-num-in-chapter":"79","section-xmlid":"C10.S3","sentence-num-in-section":"14","subsection-title":"Real Order, Complex Variable"},"xml-id":"C10.S3.F10.m6","tex":"$-2.8\\leq y\\leq 4$"}}{"expression":{"context-references":{"chapter-title":"Bessel Functions","chapter-xmlid":"C10"},"xml-id":"C10.S2.E2.m2afdec","tex":"$J_{\\NVar{\\nu}}\\left(\\NVar{z}\\right)$","content-tex":"$\\BesselJ{\\NVar{\\nu}}@{\\NVar{z}}$"}}{"expression":{"context-references":{"chapter-title":"Bessel Functions","chapter-xmlid":"C10"},"xml-id":"C1.S9.E1.m2abdec","tex":"$\\mathrm{i}$","content-tex":"$\\iunit$"}}{"expression":{"context-references":{"chapter-title":"Bessel Functions","chapter-xmlid":"C10"},"xml-id":"C10.S1.XMD4.m1jdec","tex":"$x$"}}{"expression":{"context-references":{"chapter-title":"Bessel Functions","chapter-xmlid":"C10"},"xml-id":"C10.S1.XMD5.m1bdec","tex":"$y$"}}{"expression":{"context-references":{"chapter-title":"Bessel Functions","chapter-xmlid":"C10"},"xml-id":"C10.S3.F11.m1","tex":"$J_{1}\\left(x+iy\\right)$","content-tex":"$\\BesselJ{1}@{x+iy}$"}}{"expression":{"context-references":{"chapter-title":"Bessel Functions","chapter-xmlid":"C10"},"xml-id":"C10.S3.F11.m2","tex":"$-10\\leq x\\leq 10$"}}{"expression":{"context-references":{"chapter-title":"Bessel Functions","chapter-xmlid":"C10"},"xml-id":"C10.S3.F11.m3","tex":"$-4\\leq y\\leq 4$"}}{"expression":{"context-references":{"sentence-num-in-corpus":"6479","subsection-xmlid":"C10.S3.SS2","sentence-xmlid":"C10.S3.F11.s1","chapter-title":"Bessel Functions","chapter-xmlid":"C10","section-title":"Graphics","sentence-num-in-chapter":"80","section-xmlid":"C10.S3","sentence-num-in-section":"15","subsection-title":"Real Order, Complex Variable"},"xml-id":"C10.S3.F11.m4","tex":"$J_{1}\\left(x+iy\\right)$","content-tex":"$\\BesselJ{1}@{x+iy}$"}}{"expression":{"context-references":{"sentence-num-in-corpus":"6479","subsection-xmlid":"C10.S3.SS2","sentence-xmlid":"C10.S3.F11.s1","chapter-title":"Bessel Functions","chapter-xmlid":"C10","section-title":"Graphics","sentence-num-in-chapter":"80","section-xmlid":"C10.S3","sentence-num-in-section":"15","subsection-title":"Real Order, Complex Variable"},"xml-id":"C10.S3.F11.m5","tex":"$-10\\leq x\\leq 10$"}}{"expression":{"context-references":{"sentence-num-in-corpus":"6479","subsection-xmlid":"C10.S3.SS2","sentence-xmlid":"C10.S3.F11.s1","chapter-title":"Bessel Functions","chapter-xmlid":"C10","section-title":"Graphics","sentence-num-in-chapter":"80","section-xmlid":"C10.S3","sentence-num-in-section":"15","subsection-title":"Real Order, Complex Variable"},"xml-id":"C10.S3.F11.m6","tex":"$-4\\leq y\\leq 4$"}}{"expression":{"context-references":{"chapter-title":"Bessel Functions","chapter-xmlid":"C10"},"xml-id":"C10.S2.E5.m2aadec","tex":"${H^{(1)}_{\\NVar{\\nu}}}\\left(\\NVar{z}\\right)$","content-tex":"$\\HankelH{1}{\\NVar{\\nu}}@{\\NVar{z}}$"}}{"expression":{"context-references":{"chapter-title":"Bessel Functions","chapter-xmlid":"C10"},"xml-id":"C1.S9.E1.m2acdec","tex":"$\\mathrm{i}$","content-tex":"$\\iunit$"}}{"expression":{"context-references":{"chapter-title":"Bessel Functions","chapter-xmlid":"C10"},"xml-id":"C10.S1.XMD4.m1kdec","tex":"$x$"}}{"expression":{"context-references":{"chapter-title":"Bessel Functions","chapter-xmlid":"C10"},"xml-id":"C10.S1.XMD5.m1cdec","tex":"$y$"}}{"expression":{"context-references":{"chapter-title":"Bessel Functions","chapter-xmlid":"C10"},"xml-id":"C10.S3.F12.m1","tex":"${H^{(1)}_{1}}\\left(x+iy\\right)$","content-tex":"$\\HankelH{1}{1}@{x+iy}$"}}{"expression":{"context-references":{"chapter-title":"Bessel Functions","chapter-xmlid":"C10"},"xml-id":"C10.S3.F12.m2","tex":"$-10\\leq x\\leq 5$"}}{"expression":{"context-references":{"chapter-title":"Bessel Functions","chapter-xmlid":"C10"},"xml-id":"C10.S3.F12.m3","tex":"$-2.8\\leq y\\leq 4$"}}{"expression":{"context-references":{"sentence-num-in-corpus":"6480","subsection-xmlid":"C10.S3.SS2","sentence-xmlid":"C10.S3.F12.s1","chapter-title":"Bessel Functions","chapter-xmlid":"C10","section-title":"Graphics","sentence-num-in-chapter":"81","section-xmlid":"C10.S3","sentence-num-in-section":"16","subsection-title":"Real Order, Complex Variable"},"xml-id":"C10.S3.F12.m4","tex":"${H^{(1)}_{1}}\\left(x+iy\\right)$","content-tex":"$\\HankelH{1}{1}@{x+iy}$"}}{"expression":{"context-references":{"sentence-num-in-corpus":"6480","subsection-xmlid":"C10.S3.SS2","sentence-xmlid":"C10.S3.F12.s1","chapter-title":"Bessel Functions","chapter-xmlid":"C10","section-title":"Graphics","sentence-num-in-chapter":"81","section-xmlid":"C10.S3","sentence-num-in-section":"16","subsection-title":"Real Order, Complex Variable"},"xml-id":"C10.S3.F12.m5","tex":"$-10\\leq x\\leq 5$"}}{"expression":{"context-references":{"sentence-num-in-corpus":"6480","subsection-xmlid":"C10.S3.SS2","sentence-xmlid":"C10.S3.F12.s1","chapter-title":"Bessel Functions","chapter-xmlid":"C10","section-title":"Graphics","sentence-num-in-chapter":"81","section-xmlid":"C10.S3","sentence-num-in-section":"16","subsection-title":"Real Order, Complex Variable"},"xml-id":"C10.S3.F12.m6","tex":"$-2.8\\leq y\\leq 4$"}}{"expression":{"context-references":{"chapter-title":"Bessel Functions","chapter-xmlid":"C10"},"xml-id":"C10.S2.E2.m2agdec","tex":"$J_{\\NVar{\\nu}}\\left(\\NVar{z}\\right)$","content-tex":"$\\BesselJ{\\NVar{\\nu}}@{\\NVar{z}}$"}}{"expression":{"context-references":{"chapter-title":"Bessel Functions","chapter-xmlid":"C10"},"xml-id":"C1.S9.E1.m2addec","tex":"$\\mathrm{i}$","content-tex":"$\\iunit$"}}{"expression":{"context-references":{"chapter-title":"Bessel Functions","chapter-xmlid":"C10"},"xml-id":"C10.S1.XMD4.m1ldec","tex":"$x$"}}{"expression":{"context-references":{"chapter-title":"Bessel Functions","chapter-xmlid":"C10"},"xml-id":"C10.S1.XMD5.m1ddec","tex":"$y$"}}{"expression":{"context-references":{"chapter-title":"Bessel Functions","chapter-xmlid":"C10"},"xml-id":"C10.S3.F13.m1","tex":"$J_{5}\\left(x+iy\\right)$","content-tex":"$\\BesselJ{5}@{x+iy}$"}}{"expression":{"context-references":{"chapter-title":"Bessel Functions","chapter-xmlid":"C10"},"xml-id":"C10.S3.F13.m2","tex":"$-10\\leq x\\leq 10$"}}{"expression":{"context-references":{"chapter-title":"Bessel Functions","chapter-xmlid":"C10"},"xml-id":"C10.S3.F13.m3","tex":"$-4\\leq y\\leq 4$"}}{"expression":{"context-references":{"sentence-num-in-corpus":"6481","subsection-xmlid":"C10.S3.SS2","sentence-xmlid":"C10.S3.F13.s1","chapter-title":"Bessel Functions","chapter-xmlid":"C10","section-title":"Graphics","sentence-num-in-chapter":"82","section-xmlid":"C10.S3","sentence-num-in-section":"17","subsection-title":"Real Order, Complex Variable"},"xml-id":"C10.S3.F13.m4","tex":"$J_{5}\\left(x+iy\\right)$","content-tex":"$\\BesselJ{5}@{x+iy}$"}}{"expression":{"context-references":{"sentence-num-in-corpus":"6481","subsection-xmlid":"C10.S3.SS2","sentence-xmlid":"C10.S3.F13.s1","chapter-title":"Bessel Functions","chapter-xmlid":"C10","section-title":"Graphics","sentence-num-in-chapter":"82","section-xmlid":"C10.S3","sentence-num-in-section":"17","subsection-title":"Real Order, Complex Variable"},"xml-id":"C10.S3.F13.m5","tex":"$-10\\leq x\\leq 10$"}}{"expression":{"context-references":{"sentence-num-in-corpus":"6481","subsection-xmlid":"C10.S3.SS2","sentence-xmlid":"C10.S3.F13.s1","chapter-title":"Bessel Functions","chapter-xmlid":"C10","section-title":"Graphics","sentence-num-in-chapter":"82","section-xmlid":"C10.S3","sentence-num-in-section":"17","subsection-title":"Real Order, Complex Variable"},"xml-id":"C10.S3.F13.m6","tex":"$-4\\leq y\\leq 4$"}}{"expression":{"context-references":{"chapter-title":"Bessel Functions","chapter-xmlid":"C10"},"xml-id":"C10.S2.E5.m2abdec","tex":"${H^{(1)}_{\\NVar{\\nu}}}\\left(\\NVar{z}\\right)$","content-tex":"$\\HankelH{1}{\\NVar{\\nu}}@{\\NVar{z}}$"}}{"expression":{"context-references":{"chapter-title":"Bessel Functions","chapter-xmlid":"C10"},"xml-id":"C1.S9.E1.m2aedec","tex":"$\\mathrm{i}$","content-tex":"$\\iunit$"}}{"expression":{"context-references":{"chapter-title":"Bessel Functions","chapter-xmlid":"C10"},"xml-id":"C10.S1.XMD4.m1mdec","tex":"$x$"}}{"expression":{"context-references":{"chapter-title":"Bessel Functions","chapter-xmlid":"C10"},"xml-id":"C10.S1.XMD5.m1edec","tex":"$y$"}}{"expression":{"context-references":{"chapter-title":"Bessel Functions","chapter-xmlid":"C10"},"xml-id":"C10.S3.F14.m1","tex":"${H^{(1)}_{5}}\\left(x+iy\\right)$","content-tex":"$\\HankelH{1}{5}@{x+iy}$"}}{"expression":{"context-references":{"chapter-title":"Bessel Functions","chapter-xmlid":"C10"},"xml-id":"C10.S3.F14.m2","tex":"$-20\\leq x\\leq 10$"}}{"expression":{"context-references":{"chapter-title":"Bessel Functions","chapter-xmlid":"C10"},"xml-id":"C10.S3.F14.m3","tex":"$-4\\leq y\\leq 4$"}}{"expression":{"context-references":{"sentence-num-in-corpus":"6482","subsection-xmlid":"C10.S3.SS2","sentence-xmlid":"C10.S3.F14.s1","chapter-title":"Bessel Functions","chapter-xmlid":"C10","section-title":"Graphics","sentence-num-in-chapter":"83","section-xmlid":"C10.S3","sentence-num-in-section":"18","subsection-title":"Real Order, Complex Variable"},"xml-id":"C10.S3.F14.m4","tex":"${H^{(1)}_{5}}\\left(x+iy\\right)$","content-tex":"$\\HankelH{1}{5}@{x+iy}$"}}{"expression":{"context-references":{"sentence-num-in-corpus":"6482","subsection-xmlid":"C10.S3.SS2","sentence-xmlid":"C10.S3.F14.s1","chapter-title":"Bessel Functions","chapter-xmlid":"C10","section-title":"Graphics","sentence-num-in-chapter":"83","section-xmlid":"C10.S3","sentence-num-in-section":"18","subsection-title":"Real Order, Complex Variable"},"xml-id":"C10.S3.F14.m5","tex":"$-20\\leq x\\leq 10$"}}{"expression":{"context-references":{"sentence-num-in-corpus":"6482","subsection-xmlid":"C10.S3.SS2","sentence-xmlid":"C10.S3.F14.s1","chapter-title":"Bessel Functions","chapter-xmlid":"C10","section-title":"Graphics","sentence-num-in-chapter":"83","section-xmlid":"C10.S3","sentence-num-in-section":"18","subsection-title":"Real Order, Complex Variable"},"xml-id":"C10.S3.F14.m6","tex":"$-4\\leq y\\leq 4$"}}{"expression":{"context-references":{"chapter-title":"Bessel Functions","chapter-xmlid":"C10"},"xml-id":"C10.S2.E2.m2ahdec","tex":"$J_{\\NVar{\\nu}}\\left(\\NVar{z}\\right)$","content-tex":"$\\BesselJ{\\NVar{\\nu}}@{\\NVar{z}}$"}}{"expression":{"context-references":{"chapter-title":"Bessel Functions","chapter-xmlid":"C10"},"xml-id":"C1.S9.E1.m2afdec","tex":"$\\mathrm{i}$","content-tex":"$\\iunit$"}}{"expression":{"context-references":{"chapter-title":"Bessel Functions","chapter-xmlid":"C10"},"xml-id":"C10.S1.XMD4.m1ndec","tex":"$x$"}}{"expression":{"context-references":{"chapter-title":"Bessel Functions","chapter-xmlid":"C10"},"xml-id":"C10.S1.XMD5.m1fdec","tex":"$y$"}}{"expression":{"context-references":{"chapter-title":"Bessel Functions","chapter-xmlid":"C10"},"xml-id":"C10.S3.F15.m1","tex":"$J_{5.5}\\left(x+iy\\right)$","content-tex":"$\\BesselJ{5.5}@{x+iy}$"}}{"expression":{"context-references":{"chapter-title":"Bessel Functions","chapter-xmlid":"C10"},"xml-id":"C10.S3.F15.m2","tex":"$-10\\leq x\\leq 10$"}}{"expression":{"context-references":{"chapter-title":"Bessel Functions","chapter-xmlid":"C10"},"xml-id":"C10.S3.F15.m3","tex":"$-4\\leq y\\leq 4$"}}{"expression":{"context-references":{"sentence-num-in-corpus":"6483","subsection-xmlid":"C10.S3.SS2","sentence-xmlid":"C10.S3.F15.s1","chapter-title":"Bessel Functions","chapter-xmlid":"C10","section-title":"Graphics","sentence-num-in-chapter":"84","section-xmlid":"C10.S3","sentence-num-in-section":"19","subsection-title":"Real Order, Complex Variable"},"xml-id":"C10.S3.F15.m4","tex":"$J_{5.5}\\left(x+iy\\right)$","content-tex":"$\\BesselJ{5.5}@{x+iy}$"}}{"expression":{"context-references":{"sentence-num-in-corpus":"6483","subsection-xmlid":"C10.S3.SS2","sentence-xmlid":"C10.S3.F15.s1","chapter-title":"Bessel Functions","chapter-xmlid":"C10","section-title":"Graphics","sentence-num-in-chapter":"84","section-xmlid":"C10.S3","sentence-num-in-section":"19","subsection-title":"Real Order, Complex Variable"},"xml-id":"C10.S3.F15.m5","tex":"$-10\\leq x\\leq 10$"}}{"expression":{"context-references":{"sentence-num-in-corpus":"6483","subsection-xmlid":"C10.S3.SS2","sentence-xmlid":"C10.S3.F15.s1","chapter-title":"Bessel Functions","chapter-xmlid":"C10","section-title":"Graphics","sentence-num-in-chapter":"84","section-xmlid":"C10.S3","sentence-num-in-section":"19","subsection-title":"Real Order, Complex Variable"},"xml-id":"C10.S3.F15.m6","tex":"$-4\\leq y\\leq 4$"}}{"expression":{"context-references":{"chapter-title":"Bessel Functions","chapter-xmlid":"C10"},"xml-id":"C10.S2.E5.m2acdec","tex":"${H^{(1)}_{\\NVar{\\nu}}}\\left(\\NVar{z}\\right)$","content-tex":"$\\HankelH{1}{\\NVar{\\nu}}@{\\NVar{z}}$"}}{"expression":{"context-references":{"chapter-title":"Bessel Functions","chapter-xmlid":"C10"},"xml-id":"C1.S9.E1.m2agdec","tex":"$\\mathrm{i}$","content-tex":"$\\iunit$"}}{"expression":{"context-references":{"chapter-title":"Bessel Functions","chapter-xmlid":"C10"},"xml-id":"C10.S1.XMD4.m1odec","tex":"$x$"}}{"expression":{"context-references":{"chapter-title":"Bessel Functions","chapter-xmlid":"C10"},"xml-id":"C10.S1.XMD5.m1gdec","tex":"$y$"}}{"expression":{"context-references":{"chapter-title":"Bessel Functions","chapter-xmlid":"C10"},"xml-id":"C10.S3.F16.m1","tex":"${H^{(1)}_{5.5}}\\left(x+iy\\right)$","content-tex":"$\\HankelH{1}{5.5}@{x+iy}$"}}{"expression":{"context-references":{"chapter-title":"Bessel Functions","chapter-xmlid":"C10"},"xml-id":"C10.S3.F16.m2","tex":"$-20\\leq x\\leq 10$"}}{"expression":{"context-references":{"chapter-title":"Bessel Functions","chapter-xmlid":"C10"},"xml-id":"C10.S3.F16.m3","tex":"$-4\\leq y\\leq 4$"}}{"expression":{"context-references":{"sentence-num-in-corpus":"6484","subsection-xmlid":"C10.S3.SS2","sentence-xmlid":"C10.S3.F16.s1","chapter-title":"Bessel Functions","chapter-xmlid":"C10","section-title":"Graphics","sentence-num-in-chapter":"85","section-xmlid":"C10.S3","sentence-num-in-section":"20","subsection-title":"Real Order, Complex Variable"},"xml-id":"C10.S3.F16.m4","tex":"${H^{(1)}_{5.5}}\\left(x+iy\\right)$","content-tex":"$\\HankelH{1}{5.5}@{x+iy}$"}}{"expression":{"context-references":{"sentence-num-in-corpus":"6484","subsection-xmlid":"C10.S3.SS2","sentence-xmlid":"C10.S3.F16.s1","chapter-title":"Bessel Functions","chapter-xmlid":"C10","section-title":"Graphics","sentence-num-in-chapter":"85","section-xmlid":"C10.S3","sentence-num-in-section":"20","subsection-title":"Real Order, Complex Variable"},"xml-id":"C10.S3.F16.m5","tex":"$-20\\leq x\\leq 10$"}}{"expression":{"context-references":{"sentence-num-in-corpus":"6484","subsection-xmlid":"C10.S3.SS2","sentence-xmlid":"C10.S3.F16.s1","chapter-title":"Bessel Functions","chapter-xmlid":"C10","section-title":"Graphics","sentence-num-in-chapter":"85","section-xmlid":"C10.S3","sentence-num-in-section":"20","subsection-title":"Real Order, Complex Variable"},"xml-id":"C10.S3.F16.m6","tex":"$-4\\leq y\\leq 4$"}}{"expression":{"context-references":{"chapter-title":"Bessel Functions","chapter-xmlid":"C10"},"xml-id":"C10.S24.Ex1.m2adec","tex":"$\\widetilde{J}_{\\NVar{\\nu}}\\left(\\NVar{x}\\right)$","content-tex":"$\\BesselJimag{\\NVar{\\nu}}@{\\NVar{x}}$"}}{"expression":{"context-references":{"chapter-title":"Bessel Functions","chapter-xmlid":"C10"},"xml-id":"C10.S24.Ex2.m2adec","tex":"$\\widetilde{Y}_{\\NVar{\\nu}}\\left(\\NVar{x}\\right)$","content-tex":"$\\BesselYimag{\\NVar{\\nu}}@{\\NVar{x}}$"}}{"expression":{"context-references":{"chapter-title":"Bessel Functions","chapter-xmlid":"C10"},"xml-id":"C10.S1.XMD4.m1pdec","tex":"$x$"}}{"expression":{"context-references":{"chapter-title":"Bessel Functions","chapter-xmlid":"C10"},"xml-id":"C10.S3.F17.m1","tex":"$\\widetilde{J}_{1\/2}\\left(x\\right)$","content-tex":"$\\BesselJimag{1\/2}@{x}$"}}{"expression":{"context-references":{"chapter-title":"Bessel Functions","chapter-xmlid":"C10"},"xml-id":"C10.S3.F17.m2","tex":"$\\widetilde{Y}_{1\/2}\\left(x\\right)$","content-tex":"$\\BesselYimag{1\/2}@{x}$"}}{"expression":{"context-references":{"chapter-title":"Bessel Functions","chapter-xmlid":"C10"},"xml-id":"C10.S3.F17.m3","tex":"$0.01\\leq x\\leq 10$"}}{"expression":{"context-references":{"sentence-num-in-corpus":"6486","subsection-xmlid":"C10.S3.SS3","sentence-xmlid":"C10.S3.F17.s1","chapter-title":"Bessel Functions","chapter-xmlid":"C10","section-title":"Graphics","sentence-num-in-chapter":"87","section-xmlid":"C10.S3","sentence-num-in-section":"22","subsection-title":"Imaginary Order, Real Variable"},"xml-id":"C10.S3.F17.m4","tex":"$\\widetilde{J}_{1\/2}\\left(x\\right)$","content-tex":"$\\BesselJimag{1\/2}@{x}$"}}{"expression":{"context-references":{"sentence-num-in-corpus":"6486","subsection-xmlid":"C10.S3.SS3","sentence-xmlid":"C10.S3.F17.s1","chapter-title":"Bessel Functions","chapter-xmlid":"C10","section-title":"Graphics","sentence-num-in-chapter":"87","section-xmlid":"C10.S3","sentence-num-in-section":"22","subsection-title":"Imaginary Order, Real Variable"},"xml-id":"C10.S3.F17.m5","tex":"$\\widetilde{Y}_{1\/2}\\left(x\\right)$","content-tex":"$\\BesselYimag{1\/2}@{x}$"}}{"expression":{"context-references":{"sentence-num-in-corpus":"6486","subsection-xmlid":"C10.S3.SS3","sentence-xmlid":"C10.S3.F17.s1","chapter-title":"Bessel Functions","chapter-xmlid":"C10","section-title":"Graphics","sentence-num-in-chapter":"87","section-xmlid":"C10.S3","sentence-num-in-section":"22","subsection-title":"Imaginary Order, Real Variable"},"xml-id":"C10.S3.F17.m6","tex":"$0.01\\leq x\\leq 10$"}}{"expression":{"context-references":{"chapter-title":"Bessel Functions","chapter-xmlid":"C10"},"xml-id":"C10.S24.Ex1.m2aadec","tex":"$\\widetilde{J}_{\\NVar{\\nu}}\\left(\\NVar{x}\\right)$","content-tex":"$\\BesselJimag{\\NVar{\\nu}}@{\\NVar{x}}$"}}{"expression":{"context-references":{"chapter-title":"Bessel Functions","chapter-xmlid":"C10"},"xml-id":"C10.S24.Ex2.m2aadec","tex":"$\\widetilde{Y}_{\\NVar{\\nu}}\\left(\\NVar{x}\\right)$","content-tex":"$\\BesselYimag{\\NVar{\\nu}}@{\\NVar{x}}$"}}{"expression":{"context-references":{"chapter-title":"Bessel Functions","chapter-xmlid":"C10"},"xml-id":"C10.S1.XMD4.m1qdec","tex":"$x$"}}{"expression":{"context-references":{"chapter-title":"Bessel Functions","chapter-xmlid":"C10"},"xml-id":"C10.S3.F18.m1","tex":"$\\widetilde{J}_{1}\\left(x\\right)$","content-tex":"$\\BesselJimag{1}@{x}$"}}{"expression":{"context-references":{"chapter-title":"Bessel Functions","chapter-xmlid":"C10"},"xml-id":"C10.S3.F18.m2","tex":"$\\widetilde{Y}_{1}\\left(x\\right)$","content-tex":"$\\BesselYimag{1}@{x}$"}}{"expression":{"context-references":{"chapter-title":"Bessel Functions","chapter-xmlid":"C10"},"xml-id":"C10.S3.F18.m3","tex":"$0.01\\leq x\\leq 10$"}}{"expression":{"context-references":{"sentence-num-in-corpus":"6487","subsection-xmlid":"C10.S3.SS3","sentence-xmlid":"C10.S3.F18.s1","chapter-title":"Bessel Functions","chapter-xmlid":"C10","section-title":"Graphics","sentence-num-in-chapter":"88","section-xmlid":"C10.S3","sentence-num-in-section":"23","subsection-title":"Imaginary Order, Real Variable"},"xml-id":"C10.S3.F18.m4","tex":"$\\widetilde{J}_{1}\\left(x\\right)$","content-tex":"$\\BesselJimag{1}@{x}$"}}{"expression":{"context-references":{"sentence-num-in-corpus":"6487","subsection-xmlid":"C10.S3.SS3","sentence-xmlid":"C10.S3.F18.s1","chapter-title":"Bessel Functions","chapter-xmlid":"C10","section-title":"Graphics","sentence-num-in-chapter":"88","section-xmlid":"C10.S3","sentence-num-in-section":"23","subsection-title":"Imaginary Order, Real Variable"},"xml-id":"C10.S3.F18.m5","tex":"$\\widetilde{Y}_{1}\\left(x\\right)$","content-tex":"$\\BesselYimag{1}@{x}$"}}{"expression":{"context-references":{"sentence-num-in-corpus":"6487","subsection-xmlid":"C10.S3.SS3","sentence-xmlid":"C10.S3.F18.s1","chapter-title":"Bessel Functions","chapter-xmlid":"C10","section-title":"Graphics","sentence-num-in-chapter":"88","section-xmlid":"C10.S3","sentence-num-in-section":"23","subsection-title":"Imaginary Order, Real Variable"},"xml-id":"C10.S3.F18.m6","tex":"$0.01\\leq x\\leq 10$"}}{"expression":{"context-references":{"chapter-title":"Bessel Functions","chapter-xmlid":"C10"},"xml-id":"C10.S24.Ex1.m2abdec","tex":"$\\widetilde{J}_{\\NVar{\\nu}}\\left(\\NVar{x}\\right)$","content-tex":"$\\BesselJimag{\\NVar{\\nu}}@{\\NVar{x}}$"}}{"expression":{"context-references":{"chapter-title":"Bessel Functions","chapter-xmlid":"C10"},"xml-id":"C10.S24.Ex2.m2abdec","tex":"$\\widetilde{Y}_{\\NVar{\\nu}}\\left(\\NVar{x}\\right)$","content-tex":"$\\BesselYimag{\\NVar{\\nu}}@{\\NVar{x}}$"}}{"expression":{"context-references":{"chapter-title":"Bessel Functions","chapter-xmlid":"C10"},"xml-id":"C10.S1.XMD4.m1rdec","tex":"$x$"}}{"expression":{"context-references":{"chapter-title":"Bessel Functions","chapter-xmlid":"C10"},"xml-id":"C10.S3.F19.m1","tex":"$\\widetilde{J}_{5}\\left(x\\right)$","content-tex":"$\\BesselJimag{5}@{x}$"}}{"expression":{"context-references":{"chapter-title":"Bessel Functions","chapter-xmlid":"C10"},"xml-id":"C10.S3.F19.m2","tex":"$\\widetilde{Y}_{5}\\left(x\\right)$","content-tex":"$\\BesselYimag{5}@{x}$"}}{"expression":{"context-references":{"chapter-title":"Bessel Functions","chapter-xmlid":"C10"},"xml-id":"C10.S3.F19.m3","tex":"$0.01\\leq x\\leq 10$"}}{"expression":{"context-references":{"sentence-num-in-corpus":"6488","subsection-xmlid":"C10.S3.SS3","sentence-xmlid":"C10.S3.F19.s1","chapter-title":"Bessel Functions","chapter-xmlid":"C10","section-title":"Graphics","sentence-num-in-chapter":"89","section-xmlid":"C10.S3","sentence-num-in-section":"24","subsection-title":"Imaginary Order, Real Variable"},"xml-id":"C10.S3.F19.m4","tex":"$\\widetilde{J}_{5}\\left(x\\right)$","content-tex":"$\\BesselJimag{5}@{x}$"}}{"expression":{"context-references":{"sentence-num-in-corpus":"6488","subsection-xmlid":"C10.S3.SS3","sentence-xmlid":"C10.S3.F19.s1","chapter-title":"Bessel Functions","chapter-xmlid":"C10","section-title":"Graphics","sentence-num-in-chapter":"89","section-xmlid":"C10.S3","sentence-num-in-section":"24","subsection-title":"Imaginary Order, Real Variable"},"xml-id":"C10.S3.F19.m5","tex":"$\\widetilde{Y}_{5}\\left(x\\right)$","content-tex":"$\\BesselYimag{5}@{x}$"}}{"expression":{"context-references":{"sentence-num-in-corpus":"6488","subsection-xmlid":"C10.S3.SS3","sentence-xmlid":"C10.S3.F19.s1","chapter-title":"Bessel Functions","chapter-xmlid":"C10","section-title":"Graphics","sentence-num-in-chapter":"89","section-xmlid":"C10.S3","sentence-num-in-section":"24","subsection-title":"Imaginary Order, Real Variable"},"xml-id":"C10.S3.F19.m6","tex":"$0.01\\leq x\\leq 10$"}}{"expression":{"context-references":{"chapter-title":"Bessel Functions","chapter-xmlid":"C10"},"xml-id":"C10.S3.F1.m1.maga","tex":"$J_{0}\\left(x\\right)$","content-tex":"$\\BesselJ{0}@{x}$"}}{"expression":{"context-references":{"chapter-title":"Bessel Functions","chapter-xmlid":"C10"},"xml-id":"C10.S3.F1.m2.maga","tex":"$Y_{0}\\left(x\\right)$","content-tex":"$\\BesselY{0}@{x}$"}}{"expression":{"context-references":{"chapter-title":"Bessel Functions","chapter-xmlid":"C10"},"xml-id":"C10.S3.F1.m3.maga","tex":"$J_{1}\\left(x\\right)$","content-tex":"$\\BesselJ{1}@{x}$"}}{"expression":{"context-references":{"chapter-title":"Bessel Functions","chapter-xmlid":"C10"},"xml-id":"C10.S3.F1.m4.maga","tex":"$Y_{1}\\left(x\\right)$","content-tex":"$\\BesselY{1}@{x}$"}}{"expression":{"context-references":{"chapter-title":"Bessel Functions","chapter-xmlid":"C10"},"xml-id":"C10.S3.F1.m5.maga","tex":"$0\\leq x\\leq 10$"}}{"expression":{"context-references":{"chapter-title":"Bessel Functions","chapter-xmlid":"C10"},"xml-id":"C10.S3.F2.m1.maga","tex":"$J_{5}\\left(x\\right)$","content-tex":"$\\BesselJ{5}@{x}$"}}{"expression":{"context-references":{"chapter-title":"Bessel Functions","chapter-xmlid":"C10"},"xml-id":"C10.S3.F2.m2.maga","tex":"$Y_{5}\\left(x\\right)$","content-tex":"$\\BesselY{5}@{x}$"}}{"expression":{"context-references":{"chapter-title":"Bessel Functions","chapter-xmlid":"C10"},"xml-id":"C10.S3.F2.m3.maga","tex":"$M_{5}\\left(x\\right)$","content-tex":"$\\HankelmodM{5}@{x}$"}}{"expression":{"context-references":{"chapter-title":"Bessel Functions","chapter-xmlid":"C10"},"xml-id":"C10.S3.F2.m4.maga","tex":"$0\\leq x\\leq 15$"}}{"expression":{"context-references":{"chapter-title":"Bessel Functions","chapter-xmlid":"C10"},"xml-id":"C10.S3.F3.m1.maga","tex":"$J_{5}'\\left(x\\right)$","content-tex":"$\\BesselJ{5}'@{x}$"}}{"expression":{"context-references":{"chapter-title":"Bessel Functions","chapter-xmlid":"C10"},"xml-id":"C10.S3.F3.m2.maga","tex":"$Y_{5}'\\left(x\\right)$","content-tex":"$\\BesselY{5}'@{x}$"}}{"expression":{"context-references":{"chapter-title":"Bessel Functions","chapter-xmlid":"C10"},"xml-id":"C10.S3.F3.m3.maga","tex":"$N_{5}\\left(x\\right)$","content-tex":"$\\HankelmodderivN{5}@{x}$"}}{"expression":{"context-references":{"chapter-title":"Bessel Functions","chapter-xmlid":"C10"},"xml-id":"C10.S3.F3.m4.maga","tex":"$0\\leq x\\leq 15$"}}{"expression":{"context-references":{"chapter-title":"Bessel Functions","chapter-xmlid":"C10"},"xml-id":"C10.S3.F4.m1.maga","tex":"$\\theta_{5}\\left(x\\right)$","content-tex":"$\\Hankelphasetheta{5}@{x}$"}}{"expression":{"context-references":{"chapter-title":"Bessel Functions","chapter-xmlid":"C10"},"xml-id":"C10.S3.F4.m2.maga","tex":"$\\phi_{5}\\left(x\\right)$","content-tex":"$\\Hankelphasederivphi{5}@{x}$"}}{"expression":{"context-references":{"chapter-title":"Bessel Functions","chapter-xmlid":"C10"},"xml-id":"C10.S3.F4.m3.maga","tex":"$0\\leq x\\leq 15$"}}{"expression":{"context-references":{"chapter-title":"Bessel Functions","chapter-xmlid":"C10"},"xml-id":"C10.S3.F5.m1.maga","tex":"$J_{\\nu}\\left(x\\right)$","content-tex":"$\\BesselJ{\\nu}@{x}$"}}{"expression":{"context-references":{"chapter-title":"Bessel Functions","chapter-xmlid":"C10"},"xml-id":"C10.S3.F5.m2.maga","tex":"$0\\leq x\\leq 10$"}}{"expression":{"context-references":{"chapter-title":"Bessel Functions","chapter-xmlid":"C10"},"xml-id":"C10.S3.F5.m3.maga","tex":"$0\\leq\\nu\\leq 5$"}}{"expression":{"context-references":{"chapter-title":"Bessel Functions","chapter-xmlid":"C10"},"xml-id":"C10.S3.F6.m1.maga","tex":"$Y_{\\nu}\\left(x\\right)$","content-tex":"$\\BesselY{\\nu}@{x}$"}}{"expression":{"context-references":{"chapter-title":"Bessel Functions","chapter-xmlid":"C10"},"xml-id":"C10.S3.F6.m2.maga","tex":"$0<x\\leq 10$"}}{"expression":{"context-references":{"chapter-title":"Bessel Functions","chapter-xmlid":"C10"},"xml-id":"C10.S3.F6.m3.maga","tex":"$0\\leq\\nu\\leq 5$"}}{"expression":{"context-references":{"chapter-title":"Bessel Functions","chapter-xmlid":"C10"},"xml-id":"C10.S3.F7.m1.maga","tex":"$J_{\\nu}'\\left(x\\right)$","content-tex":"$\\BesselJ{\\nu}'@{x}$"}}{"expression":{"context-references":{"chapter-title":"Bessel Functions","chapter-xmlid":"C10"},"xml-id":"C10.S3.F7.m2.maga","tex":"$0\\leq x\\leq 10$"}}{"expression":{"context-references":{"chapter-title":"Bessel Functions","chapter-xmlid":"C10"},"xml-id":"C10.S3.F7.m3.maga","tex":"$0\\leq\\nu\\leq 5$"}}{"expression":{"context-references":{"chapter-title":"Bessel Functions","chapter-xmlid":"C10"},"xml-id":"C10.S3.F8.m1.maga","tex":"$Y_{\\nu}'\\left(x\\right)$","content-tex":"$\\BesselY{\\nu}'@{x}$"}}{"expression":{"context-references":{"chapter-title":"Bessel Functions","chapter-xmlid":"C10"},"xml-id":"C10.S3.F8.m2.maga","tex":"$0.2\\leq x\\leq 10$"}}{"expression":{"context-references":{"chapter-title":"Bessel Functions","chapter-xmlid":"C10"},"xml-id":"C10.S3.F8.m3.maga","tex":"$0\\leq\\nu\\leq 5$"}}{"expression":{"context-references":{"chapter-title":"Bessel Functions","chapter-xmlid":"C10"},"xml-id":"C10.S3.F9.m1.maga","tex":"$J_{0}\\left(x+iy\\right)$","content-tex":"$\\BesselJ{0}@{x+iy}$"}}{"expression":{"context-references":{"chapter-title":"Bessel Functions","chapter-xmlid":"C10"},"xml-id":"C10.S3.F9.m2.maga","tex":"$-10\\leq x\\leq 10$"}}{"expression":{"context-references":{"chapter-title":"Bessel Functions","chapter-xmlid":"C10"},"xml-id":"C10.S3.F9.m3.maga","tex":"$-4\\leq y\\leq 4$"}}{"expression":{"context-references":{"chapter-title":"Bessel Functions","chapter-xmlid":"C10"},"xml-id":"C10.S3.F10.m1.maga","tex":"${H^{(1)}_{0}}\\left(x+iy\\right)$","content-tex":"$\\HankelH{1}{0}@{x+iy}$"}}{"expression":{"context-references":{"chapter-title":"Bessel Functions","chapter-xmlid":"C10"},"xml-id":"C10.S3.F10.m2.maga","tex":"$-10\\leq x\\leq 5$"}}{"expression":{"context-references":{"chapter-title":"Bessel Functions","chapter-xmlid":"C10"},"xml-id":"C10.S3.F10.m3.maga","tex":"$-2.8\\leq y\\leq 4$"}}{"expression":{"context-references":{"chapter-title":"Bessel Functions","chapter-xmlid":"C10"},"xml-id":"C10.S3.F11.m1.maga","tex":"$J_{1}\\left(x+iy\\right)$","content-tex":"$\\BesselJ{1}@{x+iy}$"}}{"expression":{"context-references":{"chapter-title":"Bessel Functions","chapter-xmlid":"C10"},"xml-id":"C10.S3.F11.m2.maga","tex":"$-10\\leq x\\leq 10$"}}{"expression":{"context-references":{"chapter-title":"Bessel Functions","chapter-xmlid":"C10"},"xml-id":"C10.S3.F11.m3.maga","tex":"$-4\\leq y\\leq 4$"}}{"expression":{"context-references":{"chapter-title":"Bessel Functions","chapter-xmlid":"C10"},"xml-id":"C10.S3.F12.m1.maga","tex":"${H^{(1)}_{1}}\\left(x+iy\\right)$","content-tex":"$\\HankelH{1}{1}@{x+iy}$"}}{"expression":{"context-references":{"chapter-title":"Bessel Functions","chapter-xmlid":"C10"},"xml-id":"C10.S3.F12.m2.maga","tex":"$-10\\leq x\\leq 5$"}}{"expression":{"context-references":{"chapter-title":"Bessel Functions","chapter-xmlid":"C10"},"xml-id":"C10.S3.F12.m3.maga","tex":"$-2.8\\leq y\\leq 4$"}}{"expression":{"context-references":{"chapter-title":"Bessel Functions","chapter-xmlid":"C10"},"xml-id":"C10.S3.F13.m1.maga","tex":"$J_{5}\\left(x+iy\\right)$","content-tex":"$\\BesselJ{5}@{x+iy}$"}}{"expression":{"context-references":{"chapter-title":"Bessel Functions","chapter-xmlid":"C10"},"xml-id":"C10.S3.F13.m2.maga","tex":"$-10\\leq x\\leq 10$"}}{"expression":{"context-references":{"chapter-title":"Bessel Functions","chapter-xmlid":"C10"},"xml-id":"C10.S3.F13.m3.maga","tex":"$-4\\leq y\\leq 4$"}}{"expression":{"context-references":{"chapter-title":"Bessel Functions","chapter-xmlid":"C10"},"xml-id":"C10.S3.F14.m1.maga","tex":"${H^{(1)}_{5}}\\left(x+iy\\right)$","content-tex":"$\\HankelH{1}{5}@{x+iy}$"}}{"expression":{"context-references":{"chapter-title":"Bessel Functions","chapter-xmlid":"C10"},"xml-id":"C10.S3.F14.m2.maga","tex":"$-20\\leq x\\leq 10$"}}{"expression":{"context-references":{"chapter-title":"Bessel Functions","chapter-xmlid":"C10"},"xml-id":"C10.S3.F14.m3.maga","tex":"$-4\\leq y\\leq 4$"}}{"expression":{"context-references":{"chapter-title":"Bessel Functions","chapter-xmlid":"C10"},"xml-id":"C10.S3.F15.m1.maga","tex":"$J_{5.5}\\left(x+iy\\right)$","content-tex":"$\\BesselJ{5.5}@{x+iy}$"}}{"expression":{"context-references":{"chapter-title":"Bessel Functions","chapter-xmlid":"C10"},"xml-id":"C10.S3.F15.m2.maga","tex":"$-10\\leq x\\leq 10$"}}{"expression":{"context-references":{"chapter-title":"Bessel Functions","chapter-xmlid":"C10"},"xml-id":"C10.S3.F15.m3.maga","tex":"$-4\\leq y\\leq 4$"}}{"expression":{"context-references":{"chapter-title":"Bessel Functions","chapter-xmlid":"C10"},"xml-id":"C10.S3.F16.m1.maga","tex":"${H^{(1)}_{5.5}}\\left(x+iy\\right)$","content-tex":"$\\HankelH{1}{5.5}@{x+iy}$"}}{"expression":{"context-references":{"chapter-title":"Bessel Functions","chapter-xmlid":"C10"},"xml-id":"C10.S3.F16.m2.maga","tex":"$-20\\leq x\\leq 10$"}}{"expression":{"context-references":{"chapter-title":"Bessel Functions","chapter-xmlid":"C10"},"xml-id":"C10.S3.F16.m3.maga","tex":"$-4\\leq y\\leq 4$"}}{"expression":{"context-references":{"chapter-title":"Bessel Functions","chapter-xmlid":"C10"},"xml-id":"C10.S3.F17.m1.maga","tex":"$\\widetilde{J}_{1\/2}\\left(x\\right)$","content-tex":"$\\BesselJimag{1\/2}@{x}$"}}{"expression":{"context-references":{"chapter-title":"Bessel Functions","chapter-xmlid":"C10"},"xml-id":"C10.S3.F17.m2.maga","tex":"$\\widetilde{Y}_{1\/2}\\left(x\\right)$","content-tex":"$\\BesselYimag{1\/2}@{x}$"}}{"expression":{"context-references":{"chapter-title":"Bessel Functions","chapter-xmlid":"C10"},"xml-id":"C10.S3.F17.m3.maga","tex":"$0.01\\leq x\\leq 10$"}}{"expression":{"context-references":{"chapter-title":"Bessel Functions","chapter-xmlid":"C10"},"xml-id":"C10.S3.F18.m1.maga","tex":"$\\widetilde{J}_{1}\\left(x\\right)$","content-tex":"$\\BesselJimag{1}@{x}$"}}{"expression":{"context-references":{"chapter-title":"Bessel Functions","chapter-xmlid":"C10"},"xml-id":"C10.S3.F18.m2.maga","tex":"$\\widetilde{Y}_{1}\\left(x\\right)$","content-tex":"$\\BesselYimag{1}@{x}$"}}{"expression":{"context-references":{"chapter-title":"Bessel Functions","chapter-xmlid":"C10"},"xml-id":"C10.S3.F18.m3.maga","tex":"$0.01\\leq x\\leq 10$"}}{"expression":{"context-references":{"chapter-title":"Bessel Functions","chapter-xmlid":"C10"},"xml-id":"C10.S3.F19.m1.maga","tex":"$\\widetilde{J}_{5}\\left(x\\right)$","content-tex":"$\\BesselJimag{5}@{x}$"}}{"expression":{"context-references":{"chapter-title":"Bessel Functions","chapter-xmlid":"C10"},"xml-id":"C10.S3.F19.m2.maga","tex":"$\\widetilde{Y}_{5}\\left(x\\right)$","content-tex":"$\\BesselYimag{5}@{x}$"}}{"expression":{"context-references":{"chapter-title":"Bessel Functions","chapter-xmlid":"C10"},"xml-id":"C10.S3.F19.m3.maga","tex":"$0.01\\leq x\\leq 10$"}}