{"expression":{"xml-id":"C10.S30.SS1.m1","tex":"$z\\to 0$","context":{"subsection-xmlid":"C10.S30.SS1","chapter-title":"Bessel Functions","chapter-xmlid":"C10","section-title":"Limiting Forms","section-xmlid":"C10.S30","subsection-title":"<Math mode=\"inline\" xml:id=\"C10.S30.SS1.m1\">z\\to 0<\/Math>"}}}{"expression":{"xml-id":"C10.S30.SS1.m2","tex":"$z\\to 0$","context":{"chapter-title":"Bessel Functions","chapter-xmlid":"C10"}}}{"expression":{"xml-id":"C10.S30.SS1.info.m1","tex":"$\\nu$","context":{"chapter-title":"Bessel Functions","chapter-xmlid":"C10"}}}{"expression":{"xml-id":"C10.S30.SS1.p1.m1","tex":"$\\nu$","context":{"sentence-num-in-corpus":"6980","subsection-xmlid":"C10.S30.SS1","sentence-xmlid":"C10.S30.SS1.p1.s1","chapter-title":"Bessel Functions","chapter-xmlid":"C10","section-title":"Limiting Forms","sentence-num-in-chapter":"581","section-xmlid":"C10.S30","sentence-num-in-section":"1","para-num-of-sentences":"2","para-xmlid":"C10.S30.SS1.p1","subsection-title":"<Math mode=\"inline\" xml:id=\"C10.S30.SS1.m1\">z\\to 0<\/Math>"}}}{"expression":{"xml-id":"C10.S30.SS1.p1.m2","tex":"$z\\to 0$","context":{"sentence-num-in-corpus":"6980","subsection-xmlid":"C10.S30.SS1","sentence-xmlid":"C10.S30.SS1.p1.s1","chapter-title":"Bessel Functions","chapter-xmlid":"C10","section-title":"Limiting Forms","sentence-num-in-chapter":"581","section-xmlid":"C10.S30","sentence-num-in-section":"1","para-num-of-sentences":"2","para-xmlid":"C10.S30.SS1.p1","subsection-title":"<Math mode=\"inline\" xml:id=\"C10.S30.SS1.m1\">z\\to 0<\/Math>"}}}{"equation":{"symbols-used":[{"symbol":{"tex":"$\\Gamma\\left(\\NVar{z}\\right)$","meaning":"gamma function","idref":"C5.S2.E1","content-tex":"$\\EulerGamma@{\\NVar{z}}$"}},{"symbol":{"tex":"$\\sim$","meaning":"asymptotic equality","idref":"C2.S1.E1","content-tex":"$\\asympeq$"}},{"symbol":{"tex":"$I_{\\NVar{\\nu}}\\left(\\NVar{z}\\right)$","meaning":"modified Bessel function of the first kind","idref":"C10.S25.E2","content-tex":"$\\modBesselI{\\NVar{\\nu}}@{\\NVar{z}}$"}},{"symbol":{"tex":"$z$","meaning":"complex variable","idref":"C10.S1.p2.t1.r4"}},{"symbol":{"tex":"$\\nu$","meaning":"complex parameter","idref":"C10.S1.p2.t1.r5"}}],"xml-id":"C10.S30.E1","tex":"$I_{\\nu}\\left(z\\right)\\sim(\\tfrac{1}{2}z)^{\\nu}\/\\Gamma\\left(\\nu+1\\right),$","context":{"sentence-num-in-corpus":"6980","subsection-xmlid":"C10.S30.SS1","sentence-xmlid":"C10.S30.SS1.p1.s1","chapter-title":"Bessel Functions","chapter-xmlid":"C10","section-title":"Limiting Forms","sentence-num-in-chapter":"581","section-xmlid":"C10.S30","sentence-num-in-section":"1","para-num-of-sentences":"2","para-xmlid":"C10.S30.SS1.p1","subsection-title":"<Math mode=\"inline\" xml:id=\"C10.S30.SS1.m1\">z\\to 0<\/Math>"},"permalink":"http:\/\/dlmf.nist.gov\/10.30.E1","equation-number":"10.30.1","constraints":{"tex":"$\\nu\\neq-1,-2,-3,\\dots$,"},"content-tex":"$\\modBesselI{\\nu}@{z}\\asympeq(\\tfrac{1}{2}z)^{\\nu}\/\\EulerGamma@{\\nu+1},$"}}{"equation":{"symbols-used":[{"symbol":{"tex":"$\\Gamma\\left(\\NVar{z}\\right)$","meaning":"gamma function","idref":"C5.S2.E1","content-tex":"$\\EulerGamma@{\\NVar{z}}$"}},{"symbol":{"tex":"$\\sim$","meaning":"asymptotic equality","idref":"C2.S1.E1","content-tex":"$\\asympeq$"}},{"symbol":{"tex":"$K_{\\NVar{\\nu}}\\left(\\NVar{z}\\right)$","meaning":"modified Bessel function of the second kind","idref":"C10.S25.E3","content-tex":"$\\modBesselK{\\NVar{\\nu}}@{\\NVar{z}}$"}},{"symbol":{"tex":"$\\Re$","meaning":"real part","idref":"C1.S9.E2","content-tex":"$\\realpart@@$"}},{"symbol":{"tex":"$z$","meaning":"complex variable","idref":"C10.S1.p2.t1.r4"}},{"symbol":{"tex":"$\\nu$","meaning":"complex parameter","idref":"C10.S1.p2.t1.r5"}}],"xml-id":"C10.S30.E2","tex":"$K_{\\nu}\\left(z\\right)\\sim\\tfrac{1}{2}\\Gamma\\left(\\nu\\right)(\\tfrac{1}{2}z)^{- \\nu},$","context":{"sentence-num-in-corpus":"6980","subsection-xmlid":"C10.S30.SS1","sentence-xmlid":"C10.S30.SS1.p1.s1","chapter-title":"Bessel Functions","chapter-xmlid":"C10","section-title":"Limiting Forms","sentence-num-in-chapter":"581","section-xmlid":"C10.S30","sentence-num-in-section":"1","para-num-of-sentences":"2","para-xmlid":"C10.S30.SS1.p1","subsection-title":"<Math mode=\"inline\" xml:id=\"C10.S30.SS1.m1\">z\\to 0<\/Math>"},"permalink":"http:\/\/dlmf.nist.gov\/10.30.E2","equation-number":"10.30.2","constraints":{"tex":"$\\Re\\nu>0$,","content-tex":"$\\realpart@@{\\nu}>0$,"},"content-tex":"$\\modBesselK{\\nu}@{z}\\asympeq\\tfrac{1}{2}\\EulerGamma@{\\nu}(\\tfrac{1}{2}z)^{-\\nu},$"}}{"equation":{"symbols-used":[{"symbol":{"tex":"$\\sim$","meaning":"asymptotic equality","idref":"C2.S1.E1","content-tex":"$\\asympeq$"}},{"symbol":{"tex":"$K_{\\NVar{\\nu}}\\left(\\NVar{z}\\right)$","meaning":"modified Bessel function of the second kind","idref":"C10.S25.E3","content-tex":"$\\modBesselK{\\NVar{\\nu}}@{\\NVar{z}}$"}},{"symbol":{"tex":"$\\ln\\NVar{z}$","meaning":"principal branch of logarithm function","idref":"C4.S2.E2","content-tex":"$\\ln@@{\\NVar{z}}$"}},{"symbol":{"tex":"$z$","meaning":"complex variable","idref":"C10.S1.p2.t1.r4"}}],"xml-id":"C10.S30.E3","tex":"$K_{0}\\left(z\\right)\\sim-\\ln z.$","context":{"sentence-num-in-corpus":"6980","subsection-xmlid":"C10.S30.SS1","sentence-xmlid":"C10.S30.SS1.p1.s1","chapter-title":"Bessel Functions","chapter-xmlid":"C10","section-title":"Limiting Forms","sentence-num-in-chapter":"581","section-xmlid":"C10.S30","sentence-num-in-section":"1","para-num-of-sentences":"2","para-xmlid":"C10.S30.SS1.p1","subsection-title":"<Math mode=\"inline\" xml:id=\"C10.S30.SS1.m1\">z\\to 0<\/Math>"},"permalink":"http:\/\/dlmf.nist.gov\/10.30.E3","equation-number":"10.30.3","content-tex":"$\\modBesselK{0}@{z}\\asympeq-\\ln@@{z}.$"}}{"expression":{"xml-id":"C10.S30.SS1.p1.m3","tex":"$K_{\\nu}\\left(x\\right)$","context":{"sentence-num-in-corpus":"6981","subsection-xmlid":"C10.S30.SS1","sentence-xmlid":"C10.S30.SS1.p1.s2","chapter-title":"Bessel Functions","chapter-xmlid":"C10","section-title":"Limiting Forms","sentence-num-in-chapter":"582","section-xmlid":"C10.S30","sentence-num-in-section":"2","para-num-of-sentences":"2","para-xmlid":"C10.S30.SS1.p1","subsection-title":"<Math mode=\"inline\" xml:id=\"C10.S30.SS1.m1\">z\\to 0<\/Math>"},"content-tex":"$\\modBesselK{\\nu}@{x}$"}}{"expression":{"xml-id":"C10.S30.SS1.p1.m4","tex":"$\\nu$","context":{"sentence-num-in-corpus":"6981","subsection-xmlid":"C10.S30.SS1","sentence-xmlid":"C10.S30.SS1.p1.s2","chapter-title":"Bessel Functions","chapter-xmlid":"C10","section-title":"Limiting Forms","sentence-num-in-chapter":"582","section-xmlid":"C10.S30","sentence-num-in-section":"2","para-num-of-sentences":"2","para-xmlid":"C10.S30.SS1.p1","subsection-title":"<Math mode=\"inline\" xml:id=\"C10.S30.SS1.m1\">z\\to 0<\/Math>"}}}{"expression":{"xml-id":"C10.S30.SS1.p1.m5","tex":"$x\\to 0+$","context":{"sentence-num-in-corpus":"6981","subsection-xmlid":"C10.S30.SS1","sentence-xmlid":"C10.S30.SS1.p1.s2","chapter-title":"Bessel Functions","chapter-xmlid":"C10","section-title":"Limiting Forms","sentence-num-in-chapter":"582","section-xmlid":"C10.S30","sentence-num-in-section":"2","para-num-of-sentences":"2","para-xmlid":"C10.S30.SS1.p1","subsection-title":"<Math mode=\"inline\" xml:id=\"C10.S30.SS1.m1\">z\\to 0<\/Math>"}}}{"expression":{"xml-id":"C10.S30.SS2.m1","tex":"$z\\to\\infty$","context":{"subsection-xmlid":"C10.S30.SS2","chapter-title":"Bessel Functions","chapter-xmlid":"C10","section-title":"Limiting Forms","section-xmlid":"C10.S30","subsection-title":"<Math mode=\"inline\" xml:id=\"C10.S30.SS2.m1\">z\\to\\infty<\/Math>"}}}{"expression":{"xml-id":"C10.S30.SS2.m2","tex":"$z\\to\\infty$","context":{"chapter-title":"Bessel Functions","chapter-xmlid":"C10"}}}{"expression":{"xml-id":"C10.S30.SS2.info.m1","tex":"$m=\\pm 1$","context":{"chapter-title":"Bessel Functions","chapter-xmlid":"C10"}}}{"expression":{"xml-id":"C10.S30.SS2.p1.m1","tex":"$\\nu$","context":{"sentence-num-in-corpus":"6982","subsection-xmlid":"C10.S30.SS2","sentence-xmlid":"C10.S30.SS2.p1.s1","chapter-title":"Bessel Functions","chapter-xmlid":"C10","section-title":"Limiting Forms","sentence-num-in-chapter":"583","section-xmlid":"C10.S30","sentence-num-in-section":"3","para-num-of-sentences":"1","para-xmlid":"C10.S30.SS2.p1","subsection-title":"<Math mode=\"inline\" xml:id=\"C10.S30.SS2.m1\">z\\to\\infty<\/Math>"}}}{"expression":{"xml-id":"C10.S30.SS2.p1.m2","tex":"$z\\to\\infty$","context":{"sentence-num-in-corpus":"6982","subsection-xmlid":"C10.S30.SS2","sentence-xmlid":"C10.S30.SS2.p1.s1","chapter-title":"Bessel Functions","chapter-xmlid":"C10","section-title":"Limiting Forms","sentence-num-in-chapter":"583","section-xmlid":"C10.S30","sentence-num-in-section":"3","para-num-of-sentences":"1","para-xmlid":"C10.S30.SS2.p1","subsection-title":"<Math mode=\"inline\" xml:id=\"C10.S30.SS2.m1\">z\\to\\infty<\/Math>"}}}{"equation":{"symbols-used":[{"symbol":{"tex":"$\\sim$","meaning":"asymptotic equality","idref":"C2.S1.E1","content-tex":"$\\asympeq$"}},{"symbol":{"tex":"$\\pi$","meaning":"the ratio of the circumference of a circle to its diameter","idref":"C3.S12.E1","content-tex":"$\\cpi$"}},{"symbol":{"tex":"$\\mathrm{e}$","meaning":"base of natural logarithm","idref":"C4.S2.E11","content-tex":"$\\expe$"}},{"symbol":{"tex":"$I_{\\NVar{\\nu}}\\left(\\NVar{z}\\right)$","meaning":"modified Bessel function of the first kind","idref":"C10.S25.E2","content-tex":"$\\modBesselI{\\NVar{\\nu}}@{\\NVar{z}}$"}},{"symbol":{"tex":"$\\operatorname{ph}$","meaning":"phase","idref":"C1.S9.E7","content-tex":"$\\phase$"}},{"symbol":{"tex":"$z$","meaning":"complex variable","idref":"C10.S1.p2.t1.r4"}},{"symbol":{"tex":"$\\nu$","meaning":"complex parameter","idref":"C10.S1.p2.t1.r5"}},{"symbol":{"tex":"$\\delta$","meaning":"small positive constant","idref":"C10.S1.p2.t1.r6"}}],"xml-id":"C10.S30.E4","tex":"$I_{\\nu}\\left(z\\right)\\sim e^{z}\/\\sqrt{2\\pi z},$","context":{"sentence-num-in-corpus":"6982","subsection-xmlid":"C10.S30.SS2","sentence-xmlid":"C10.S30.SS2.p1.s1","chapter-title":"Bessel Functions","chapter-xmlid":"C10","section-title":"Limiting Forms","sentence-num-in-chapter":"583","section-xmlid":"C10.S30","sentence-num-in-section":"3","para-num-of-sentences":"1","para-xmlid":"C10.S30.SS2.p1","subsection-title":"<Math mode=\"inline\" xml:id=\"C10.S30.SS2.m1\">z\\to\\infty<\/Math>"},"permalink":"http:\/\/dlmf.nist.gov\/10.30.E4","equation-number":"10.30.4","constraints":{"tex":"$|\\operatorname{ph}z|\\leq\\tfrac{1}{2}\\pi-\\delta$,","content-tex":"$|\\phase@@{z}|\\leq\\tfrac{1}{2}\\pi-\\delta$,"},"content-tex":"$\\modBesselI{\\nu}@{z}\\asympeq e^{z}\/\\sqrt{2\\pi z},$"}}{"equation":{"symbols-used":[{"symbol":{"tex":"$\\sim$","meaning":"asymptotic equality","idref":"C2.S1.E1","content-tex":"$\\asympeq$"}},{"symbol":{"tex":"$\\pi$","meaning":"the ratio of the circumference of a circle to its diameter","idref":"C3.S12.E1","content-tex":"$\\cpi$"}},{"symbol":{"tex":"$\\mathrm{e}$","meaning":"base of natural logarithm","idref":"C4.S2.E11","content-tex":"$\\expe$"}},{"symbol":{"tex":"$\\mathrm{i}$","meaning":"imaginary unit","idref":"C1.S9.E1","content-tex":"$\\iunit$"}},{"symbol":{"tex":"$I_{\\NVar{\\nu}}\\left(\\NVar{z}\\right)$","meaning":"modified Bessel function of the first kind","idref":"C10.S25.E2","content-tex":"$\\modBesselI{\\NVar{\\nu}}@{\\NVar{z}}$"}},{"symbol":{"tex":"$\\operatorname{ph}$","meaning":"phase","idref":"C1.S9.E7","content-tex":"$\\phase$"}},{"symbol":{"tex":"$z$","meaning":"complex variable","idref":"C10.S1.p2.t1.r4"}},{"symbol":{"tex":"$\\nu$","meaning":"complex parameter","idref":"C10.S1.p2.t1.r5"}},{"symbol":{"tex":"$\\delta$","meaning":"small positive constant","idref":"C10.S1.p2.t1.r6"}}],"xml-id":"C10.S30.E5","tex":"$I_{\\nu}\\left(z\\right)\\sim e^{\\pm(\\nu+\\frac{1}{2})\\pi i}e^{-z}\/\\sqrt{2\\pi z},$","context":{"sentence-num-in-corpus":"6982","subsection-xmlid":"C10.S30.SS2","sentence-xmlid":"C10.S30.SS2.p1.s1","chapter-title":"Bessel Functions","chapter-xmlid":"C10","section-title":"Limiting Forms","sentence-num-in-chapter":"583","section-xmlid":"C10.S30","sentence-num-in-section":"3","para-num-of-sentences":"1","para-xmlid":"C10.S30.SS2.p1","subsection-title":"<Math mode=\"inline\" xml:id=\"C10.S30.SS2.m1\">z\\to\\infty<\/Math>"},"permalink":"http:\/\/dlmf.nist.gov\/10.30.E5","equation-number":"10.30.5","constraints":{"tex":"$\\tfrac{1}{2}\\pi+\\delta\\leq\\pm\\operatorname{ph}z\\leq\\tfrac{3}{2}\\pi-\\delta$.","content-tex":"$\\tfrac{1}{2}\\pi+\\delta\\leq\\pm\\phase@@{z}\\leq\\tfrac{3}{2}\\pi-\\delta$."},"content-tex":"$\\modBesselI{\\nu}@{z}\\asympeq e^{\\pm(\\nu+\\frac{1}{2})\\pi i}e^{-z}\/\\sqrt{2\\pi z},$"}}{"expression":{"xml-id":"C10.S30.SS2.p2.m1","tex":"$K_{\\nu}\\left(z\\right)$","context":{"sentence-num-in-corpus":"6983","subsection-xmlid":"C10.S30.SS2","sentence-xmlid":"C10.S30.SS2.p2.s1","chapter-title":"Bessel Functions","chapter-xmlid":"C10","section-title":"Limiting Forms","sentence-num-in-chapter":"584","section-xmlid":"C10.S30","sentence-num-in-section":"4","para-num-of-sentences":"1","para-xmlid":"C10.S30.SS2.p2","subsection-title":"<Math mode=\"inline\" xml:id=\"C10.S30.SS2.m1\">z\\to\\infty<\/Math>"},"content-tex":"$\\modBesselK{\\nu}@{z}$"}}