{"expression":{"context-references":{"chapter-title":"Bessel Functions","chapter-xmlid":"C10"},"xml-id":"C10.S34.info.m1","tex":"$m=\\pm 1$"}}{"expression":{"context-references":{"sentence-num-in-corpus":"7015","sentence-xmlid":"C10.S34.p1.s1","chapter-title":"Bessel Functions","chapter-xmlid":"C10","section-title":"Analytic Continuation","sentence-num-in-chapter":"616","section-xmlid":"C10.S34","sentence-num-in-section":"1","para-num-of-sentences":"2","para-xmlid":"C10.S34.p1"},"xml-id":"C10.S34.p1.m1","tex":"$m\\in\\mathbb{Z}$","content-tex":"$m\\in\\Integers$"}}{"equation":{"symbols-used":[{"symbol":{"tex":"$\\pi$","meaning":"the ratio of the circumference of a circle to its diameter","idref":"C3.S12.E1","content-tex":"$\\cpi$"}},{"symbol":{"tex":"$\\mathrm{e}$","meaning":"base of natural logarithm","idref":"C4.S2.E11","content-tex":"$\\expe$"}},{"symbol":{"tex":"$\\mathrm{i}$","meaning":"imaginary unit","idref":"C1.S9.E1","content-tex":"$\\iunit$"}},{"symbol":{"tex":"$I_{\\NVar{\\nu}}\\left(\\NVar{z}\\right)$","meaning":"modified Bessel function of the first kind","idref":"C10.S25.E2","content-tex":"$\\modBesselI{\\NVar{\\nu}}@{\\NVar{z}}$"}},{"symbol":{"tex":"$m$","meaning":"integer","idref":"C10.S1.p2.t1.r1"}},{"symbol":{"tex":"$z$","meaning":"complex variable","idref":"C10.S1.p2.t1.r4"}},{"symbol":{"tex":"$\\nu$","meaning":"complex parameter","idref":"C10.S1.p2.t1.r5"}}],"context-references":{"sentence-num-in-corpus":"7015","sentence-xmlid":"C10.S34.p1.s1","chapter-title":"Bessel Functions","chapter-xmlid":"C10","section-title":"Analytic Continuation","sentence-num-in-chapter":"616","section-xmlid":"C10.S34","sentence-num-in-section":"1","para-num-of-sentences":"2","para-xmlid":"C10.S34.p1"},"xml-id":"C10.S34.E1","tex":"$I_{\\nu}\\left(ze^{m\\pi i}\\right)=e^{m\\nu\\pi i}I_{\\nu}\\left(z\\right),$","permalink":"http:\/\/dlmf.nist.gov\/10.34.E1","equation-number":"10.34.1","content-tex":"$\\modBesselI{\\nu}@{ze^{m\\pi i}}=e^{m\\nu\\pi i}\\modBesselI{\\nu}@{z},$"}}{"equation":{"symbols-used":[{"symbol":{"tex":"$\\pi$","meaning":"the ratio of the circumference of a circle to its diameter","idref":"C3.S12.E1","content-tex":"$\\cpi$"}},{"symbol":{"tex":"$\\csc\\NVar{z}$","meaning":"cosecant function","idref":"C4.S14.E5","content-tex":"$\\csc@@{\\NVar{z}}$"}},{"symbol":{"tex":"$\\mathrm{e}$","meaning":"base of natural logarithm","idref":"C4.S2.E11","content-tex":"$\\expe$"}},{"symbol":{"tex":"$\\mathrm{i}$","meaning":"imaginary unit","idref":"C1.S9.E1","content-tex":"$\\iunit$"}},{"symbol":{"tex":"$I_{\\NVar{\\nu}}\\left(\\NVar{z}\\right)$","meaning":"modified Bessel function of the first kind","idref":"C10.S25.E2","content-tex":"$\\modBesselI{\\NVar{\\nu}}@{\\NVar{z}}$"}},{"symbol":{"tex":"$K_{\\NVar{\\nu}}\\left(\\NVar{z}\\right)$","meaning":"modified Bessel function of the second kind","idref":"C10.S25.E3","content-tex":"$\\modBesselK{\\NVar{\\nu}}@{\\NVar{z}}$"}},{"symbol":{"tex":"$\\sin\\NVar{z}$","meaning":"sine function","idref":"C4.S14.E1","content-tex":"$\\sin@@{\\NVar{z}}$"}},{"symbol":{"tex":"$m$","meaning":"integer","idref":"C10.S1.p2.t1.r1"}},{"symbol":{"tex":"$z$","meaning":"complex variable","idref":"C10.S1.p2.t1.r4"}},{"symbol":{"tex":"$\\nu$","meaning":"complex parameter","idref":"C10.S1.p2.t1.r5"}}],"context-references":{"sentence-num-in-corpus":"7015","sentence-xmlid":"C10.S34.p1.s1","chapter-title":"Bessel Functions","chapter-xmlid":"C10","section-title":"Analytic Continuation","sentence-num-in-chapter":"616","section-xmlid":"C10.S34","sentence-num-in-section":"1","para-num-of-sentences":"2","para-xmlid":"C10.S34.p1"},"xml-id":"C10.S34.E2","tex":"$K_{\\nu}\\left(ze^{m\\pi i}\\right)=e^{-m\\nu\\pi i}K_{\\nu}\\left(z\\right)-\\pi i\\sin \\left(m\\nu\\pi\\right)\\csc\\left(\\nu\\pi\\right)I_{\\nu}\\left(z\\right).$","permalink":"http:\/\/dlmf.nist.gov\/10.34.E2","equation-number":"10.34.2","content-tex":"$\\modBesselK{\\nu}@{ze^{m\\pi i}}=e^{-m\\nu\\pi i}\\modBesselK{\\nu}@{z}-\\pi i\\sin@{m \\nu\\pi}\\csc@{\\nu\\pi}\\modBesselI{\\nu}@{z}.$"}}{"equation":{"symbols-used":[{"symbol":{"tex":"$\\pi$","meaning":"the ratio of the circumference of a circle to its diameter","idref":"C3.S12.E1","content-tex":"$\\cpi$"}},{"symbol":{"tex":"$\\mathrm{e}$","meaning":"base of natural logarithm","idref":"C4.S2.E11","content-tex":"$\\expe$"}},{"symbol":{"tex":"$\\mathrm{i}$","meaning":"imaginary unit","idref":"C1.S9.E1","content-tex":"$\\iunit$"}},{"symbol":{"tex":"$I_{\\NVar{\\nu}}\\left(\\NVar{z}\\right)$","meaning":"modified Bessel function of the first kind","idref":"C10.S25.E2","content-tex":"$\\modBesselI{\\NVar{\\nu}}@{\\NVar{z}}$"}},{"symbol":{"tex":"$K_{\\NVar{\\nu}}\\left(\\NVar{z}\\right)$","meaning":"modified Bessel function of the second kind","idref":"C10.S25.E3","content-tex":"$\\modBesselK{\\NVar{\\nu}}@{\\NVar{z}}$"}},{"symbol":{"tex":"$m$","meaning":"integer","idref":"C10.S1.p2.t1.r1"}},{"symbol":{"tex":"$z$","meaning":"complex variable","idref":"C10.S1.p2.t1.r4"}},{"symbol":{"tex":"$\\nu$","meaning":"complex parameter","idref":"C10.S1.p2.t1.r5"}}],"context-references":{"sentence-num-in-corpus":"7016","sentence-xmlid":"C10.S34.p1.s2","chapter-title":"Bessel Functions","chapter-xmlid":"C10","section-title":"Analytic Continuation","sentence-num-in-chapter":"617","section-xmlid":"C10.S34","sentence-num-in-section":"2","para-num-of-sentences":"2","para-xmlid":"C10.S34.p1"},"xml-id":"C10.S34.E3","tex":"$I_{\\nu}\\left(ze^{m\\pi i}\\right)=(i\/\\pi)\\left(\\pm e^{m\\nu\\pi i}K_{\\nu}\\left(ze^ {\\pm\\pi i}\\right)\\mp e^{(m\\mp 1)\\nu\\pi i}K_{\\nu}\\left(z\\right)\\right),$","permalink":"http:\/\/dlmf.nist.gov\/10.34.E3","equation-number":"10.34.3","content-tex":"$\\modBesselI{\\nu}@{ze^{m\\pi i}}=(i\/\\pi)\\left(\\pm e^{m\\nu\\pi i}\\modBesselK{\\nu}@ {ze^{\\pm\\pi i}}\\mp e^{(m\\mp 1)\\nu\\pi i}\\modBesselK{\\nu}@{z}\\right),$"}}{"equation":{"symbols-used":[{"symbol":{"tex":"$\\pi$","meaning":"the ratio of the circumference of a circle to its diameter","idref":"C3.S12.E1","content-tex":"$\\cpi$"}},{"symbol":{"tex":"$\\csc\\NVar{z}$","meaning":"cosecant function","idref":"C4.S14.E5","content-tex":"$\\csc@@{\\NVar{z}}$"}},{"symbol":{"tex":"$\\mathrm{e}$","meaning":"base of natural logarithm","idref":"C4.S2.E11","content-tex":"$\\expe$"}},{"symbol":{"tex":"$\\mathrm{i}$","meaning":"imaginary unit","idref":"C1.S9.E1","content-tex":"$\\iunit$"}},{"symbol":{"tex":"$K_{\\NVar{\\nu}}\\left(\\NVar{z}\\right)$","meaning":"modified Bessel function of the second kind","idref":"C10.S25.E3","content-tex":"$\\modBesselK{\\NVar{\\nu}}@{\\NVar{z}}$"}},{"symbol":{"tex":"$\\sin\\NVar{z}$","meaning":"sine function","idref":"C4.S14.E1","content-tex":"$\\sin@@{\\NVar{z}}$"}},{"symbol":{"tex":"$m$","meaning":"integer","idref":"C10.S1.p2.t1.r1"}},{"symbol":{"tex":"$z$","meaning":"complex variable","idref":"C10.S1.p2.t1.r4"}},{"symbol":{"tex":"$\\nu$","meaning":"complex parameter","idref":"C10.S1.p2.t1.r5"}}],"context-references":{"sentence-num-in-corpus":"7016","sentence-xmlid":"C10.S34.p1.s2","chapter-title":"Bessel Functions","chapter-xmlid":"C10","section-title":"Analytic Continuation","sentence-num-in-chapter":"617","section-xmlid":"C10.S34","sentence-num-in-section":"2","para-num-of-sentences":"2","para-xmlid":"C10.S34.p1"},"xml-id":"C10.S34.E4","tex":"$K_{\\nu}\\left(ze^{m\\pi i}\\right)=\\csc\\left(\\nu\\pi\\right)\\left(\\pm\\sin\\left(m\\nu \\pi\\right)K_{\\nu}\\left(ze^{\\pm\\pi i}\\right)\\mp\\sin\\left((m\\mp 1)\\nu\\pi\\right)K _{\\nu}\\left(z\\right)\\right).$","permalink":"http:\/\/dlmf.nist.gov\/10.34.E4","equation-number":"10.34.4","content-tex":"$\\modBesselK{\\nu}@{ze^{m\\pi i}}=\\csc@{\\nu\\pi}\\left(\\pm\\sin@{m\\nu\\pi}\\modBesselK {\\nu}@{ze^{\\pm\\pi i}}\\mp\\sin@{(m\\mp 1)\\nu\\pi}\\modBesselK{\\nu}@{z}\\right).$"}}{"expression":{"context-references":{"sentence-num-in-corpus":"7017","sentence-xmlid":"C10.S34.p2.s1","chapter-title":"Bessel Functions","chapter-xmlid":"C10","section-title":"Analytic Continuation","sentence-num-in-chapter":"618","section-xmlid":"C10.S34","sentence-num-in-section":"3","para-num-of-sentences":"2","para-xmlid":"C10.S34.p2"},"xml-id":"C10.S34.p2.m1","tex":"$\\nu=n(\\in\\mathbb{Z})$","content-tex":"$\\nu=n(\\in\\Integers)$"}}{"equation":{"symbols-used":[{"symbol":{"tex":"$\\pi$","meaning":"the ratio of the circumference of a circle to its diameter","idref":"C3.S12.E1","content-tex":"$\\cpi$"}},{"symbol":{"tex":"$\\mathrm{e}$","meaning":"base of natural logarithm","idref":"C4.S2.E11","content-tex":"$\\expe$"}},{"symbol":{"tex":"$\\mathrm{i}$","meaning":"imaginary unit","idref":"C1.S9.E1","content-tex":"$\\iunit$"}},{"symbol":{"tex":"$I_{\\NVar{\\nu}}\\left(\\NVar{z}\\right)$","meaning":"modified Bessel function of the first kind","idref":"C10.S25.E2","content-tex":"$\\modBesselI{\\NVar{\\nu}}@{\\NVar{z}}$"}},{"symbol":{"tex":"$K_{\\NVar{\\nu}}\\left(\\NVar{z}\\right)$","meaning":"modified Bessel function of the second kind","idref":"C10.S25.E3","content-tex":"$\\modBesselK{\\NVar{\\nu}}@{\\NVar{z}}$"}},{"symbol":{"tex":"$m$","meaning":"integer","idref":"C10.S1.p2.t1.r1"}},{"symbol":{"tex":"$n$","meaning":"integer","idref":"C10.S1.p2.t1.r1"}},{"symbol":{"tex":"$z$","meaning":"complex variable","idref":"C10.S1.p2.t1.r4"}}],"context-references":{"sentence-num-in-corpus":"7018","sentence-xmlid":"C10.S34.p2.s2","chapter-title":"Bessel Functions","chapter-xmlid":"C10","section-title":"Analytic Continuation","sentence-num-in-chapter":"619","section-xmlid":"C10.S34","sentence-num-in-section":"4","para-num-of-sentences":"2","para-xmlid":"C10.S34.p2"},"xml-id":"C10.S34.E5","tex":"$K_{n}\\left(ze^{m\\pi i}\\right)=(-1)^{mn}K_{n}\\left(z\\right)+(-1)^{n(m-1)-1}m\\pi iI _{n}\\left(z\\right),$","permalink":"http:\/\/dlmf.nist.gov\/10.34.E5","equation-number":"10.34.5","content-tex":"$\\modBesselK{n}@{ze^{m\\pi i}}=(-1)^{mn}\\modBesselK{n}@{z}+(-1)^{n(m-1)-1}m\\pi i \\modBesselI{n}@{z},$"}}{"equation":{"symbols-used":[{"symbol":{"tex":"$\\pi$","meaning":"the ratio of the circumference of a circle to its diameter","idref":"C3.S12.E1","content-tex":"$\\cpi$"}},{"symbol":{"tex":"$\\mathrm{e}$","meaning":"base of natural logarithm","idref":"C4.S2.E11","content-tex":"$\\expe$"}},{"symbol":{"tex":"$\\mathrm{i}$","meaning":"imaginary unit","idref":"C1.S9.E1","content-tex":"$\\iunit$"}},{"symbol":{"tex":"$K_{\\NVar{\\nu}}\\left(\\NVar{z}\\right)$","meaning":"modified Bessel function of the second kind","idref":"C10.S25.E3","content-tex":"$\\modBesselK{\\NVar{\\nu}}@{\\NVar{z}}$"}},{"symbol":{"tex":"$m$","meaning":"integer","idref":"C10.S1.p2.t1.r1"}},{"symbol":{"tex":"$n$","meaning":"integer","idref":"C10.S1.p2.t1.r1"}},{"symbol":{"tex":"$z$","meaning":"complex variable","idref":"C10.S1.p2.t1.r4"}}],"context-references":{"sentence-num-in-corpus":"7018","sentence-xmlid":"C10.S34.p2.s2","chapter-title":"Bessel Functions","chapter-xmlid":"C10","section-title":"Analytic Continuation","sentence-num-in-chapter":"619","section-xmlid":"C10.S34","sentence-num-in-section":"4","para-num-of-sentences":"2","para-xmlid":"C10.S34.p2"},"xml-id":"C10.S34.E6","tex":"$K_{n}\\left(ze^{m\\pi i}\\right)=\\pm(-1)^{n(m-1)}mK_{n}\\left(ze^{\\pm\\pi i}\\right) \\mp(-1)^{nm}(m\\mp 1)K_{n}\\left(z\\right).$","permalink":"http:\/\/dlmf.nist.gov\/10.34.E6","equation-number":"10.34.6","content-tex":"$\\modBesselK{n}@{ze^{m\\pi i}}=\\pm(-1)^{n(m-1)}m\\modBesselK{n}@{ze^{\\pm\\pi i}} \\mp(-1)^{nm}(m\\mp 1)\\modBesselK{n}@{z}.$"}}{"expression":{"context-references":{"sentence-num-in-corpus":"7019","sentence-xmlid":"C10.S34.p3.s1","chapter-title":"Bessel Functions","chapter-xmlid":"C10","section-title":"Analytic Continuation","sentence-num-in-chapter":"620","section-xmlid":"C10.S34","sentence-num-in-section":"5","para-num-of-sentences":"2","para-xmlid":"C10.S34.p3"},"xml-id":"C10.S34.p3.m1","tex":"$\\nu$"}}{"equation":{"symbols-used":[{"symbol":{"tex":"$\\overline{\\NVar{z}}$","meaning":"complex conjugate","idref":"C1.S9.E11","content-tex":"$\\conj{\\NVar{z}}$"}},{"symbol":{"tex":"$I_{\\NVar{\\nu}}\\left(\\NVar{z}\\right)$","meaning":"modified Bessel function of the first kind","idref":"C10.S25.E2","content-tex":"$\\modBesselI{\\NVar{\\nu}}@{\\NVar{z}}$"}},{"symbol":{"tex":"$K_{\\NVar{\\nu}}\\left(\\NVar{z}\\right)$","meaning":"modified Bessel function of the second kind","idref":"C10.S25.E3","content-tex":"$\\modBesselK{\\NVar{\\nu}}@{\\NVar{z}}$"}},{"symbol":{"tex":"$z$","meaning":"complex variable","idref":"C10.S1.p2.t1.r4"}},{"symbol":{"tex":"$\\nu$","meaning":"complex parameter","idref":"C10.S1.p2.t1.r5"}}],"context-references":{"sentence-num-in-corpus":"7019","sentence-xmlid":"C10.S34.p3.s1","chapter-title":"Bessel Functions","chapter-xmlid":"C10","section-title":"Analytic Continuation","sentence-num-in-chapter":"620","section-xmlid":"C10.S34","sentence-num-in-section":"5","para-num-of-sentences":"2","para-xmlid":"C10.S34.p3"},"xml-id":"C10.S34.E7","permalink":"http:\/\/dlmf.nist.gov\/10.34.E7","equation-number":"10.34.7","subequations":[{"subequation":{"xml-id":"C10.S34.Ex1","tex":"$I_{\\nu}\\left(\\overline{z}\\right)=\\overline{I_{\\nu}\\left(z\\right)},$","content-tex":"$\\modBesselI{\\nu}@{\\conj{z}}=\\conj{\\modBesselI{\\nu}@{z}},$"}},{"subequation":{"xml-id":"C10.S34.Ex2","tex":"$K_{\\nu}\\left(\\overline{z}\\right)=\\overline{K_{\\nu}\\left(z\\right)}.$","content-tex":"$\\modBesselK{\\nu}@{\\conj{z}}=\\conj{\\modBesselK{\\nu}@{z}}.$"}}]}}{"expression":{"context-references":{"chapter-title":"Bessel Functions","chapter-xmlid":"C10"},"xml-id":"C1.S9.E11.m2adec","tex":"$\\overline{\\NVar{z}}$","content-tex":"$\\conj{\\NVar{z}}$"}}{"expression":{"context-references":{"chapter-title":"Bessel Functions","chapter-xmlid":"C10"},"xml-id":"C10.S25.E2.m2addec","tex":"$I_{\\NVar{\\nu}}\\left(\\NVar{z}\\right)$","content-tex":"$\\modBesselI{\\NVar{\\nu}}@{\\NVar{z}}$"}}{"expression":{"context-references":{"chapter-title":"Bessel Functions","chapter-xmlid":"C10"},"xml-id":"C10.S25.E3.m2aedec","tex":"$K_{\\NVar{\\nu}}\\left(\\NVar{z}\\right)$","content-tex":"$\\modBesselK{\\NVar{\\nu}}@{\\NVar{z}}$"}}{"expression":{"context-references":{"chapter-title":"Bessel Functions","chapter-xmlid":"C10"},"xml-id":"C10.S1.XMD6.m1fdec","tex":"$z$"}}{"expression":{"context-references":{"chapter-title":"Bessel Functions","chapter-xmlid":"C10"},"xml-id":"C10.S1.XMD7.m1ddec","tex":"$\\nu$"}}{"expression":{"context-references":{"sentence-num-in-corpus":"7020","sentence-xmlid":"C10.S34.p3.s2","chapter-title":"Bessel Functions","chapter-xmlid":"C10","section-title":"Analytic Continuation","sentence-num-in-chapter":"621","section-xmlid":"C10.S34","sentence-num-in-section":"6","para-num-of-sentences":"2","para-xmlid":"C10.S34.p3"},"xml-id":"C10.S34.p3.m2","tex":"$\\nu$"}}{"expression":{"context-references":{"sentence-num-in-corpus":"7020","sentence-xmlid":"C10.S34.p3.s2","chapter-title":"Bessel Functions","chapter-xmlid":"C10","section-title":"Analytic Continuation","sentence-num-in-chapter":"621","section-xmlid":"C10.S34","sentence-num-in-section":"6","para-num-of-sentences":"2","para-xmlid":"C10.S34.p3"},"xml-id":"C10.S34.p3.m3","tex":"$\\nu$"}}{"expression":{"context-references":{"sentence-num-in-corpus":"7020","sentence-xmlid":"C10.S34.p3.s2","chapter-title":"Bessel Functions","chapter-xmlid":"C10","section-title":"Analytic Continuation","sentence-num-in-chapter":"621","section-xmlid":"C10.S34","sentence-num-in-section":"6","para-num-of-sentences":"2","para-xmlid":"C10.S34.p3"},"xml-id":"C10.S34.p3.m4","tex":"$\\overline{\\nu}$","content-tex":"$\\conj{\\nu}$"}}