{"expression":{"context-references":{"sentence-num-in-corpus":"6489","sentence-xmlid":"C10.S4.p1.s1","chapter-title":"Bessel Functions","chapter-xmlid":"C10","section-title":"Connection Formulas","sentence-num-in-chapter":"90","section-xmlid":"C10.S4","sentence-num-in-section":"1","para-num-of-sentences":"7","para-xmlid":"C10.S4.p1"},"xml-id":"C10.S4.p1.m1","tex":"$J_{-\\nu}\\left(z\\right)$","content-tex":"$\\BesselJ{-\\nu}@{z}$"}}{"expression":{"context-references":{"sentence-num-in-corpus":"6489","sentence-xmlid":"C10.S4.p1.s1","chapter-title":"Bessel Functions","chapter-xmlid":"C10","section-title":"Connection Formulas","sentence-num-in-chapter":"90","section-xmlid":"C10.S4","sentence-num-in-section":"1","para-num-of-sentences":"7","para-xmlid":"C10.S4.p1"},"xml-id":"C10.S4.p1.m2","tex":"$Y_{-\\nu}\\left(z\\right)$","content-tex":"$\\BesselY{-\\nu}@{z}$"}}{"expression":{"context-references":{"sentence-num-in-corpus":"6489","sentence-xmlid":"C10.S4.p1.s1","chapter-title":"Bessel Functions","chapter-xmlid":"C10","section-title":"Connection Formulas","sentence-num-in-chapter":"90","section-xmlid":"C10.S4","sentence-num-in-section":"1","para-num-of-sentences":"7","para-xmlid":"C10.S4.p1"},"xml-id":"C10.S4.p1.m3","tex":"${H^{(1)}_{-\\nu}}\\left(z\\right)$","content-tex":"$\\HankelH{1}{-\\nu}@{z}$"}}{"expression":{"context-references":{"sentence-num-in-corpus":"6489","sentence-xmlid":"C10.S4.p1.s1","chapter-title":"Bessel Functions","chapter-xmlid":"C10","section-title":"Connection Formulas","sentence-num-in-chapter":"90","section-xmlid":"C10.S4","sentence-num-in-section":"1","para-num-of-sentences":"7","para-xmlid":"C10.S4.p1"},"xml-id":"C10.S4.p1.m4","tex":"${H^{(2)}_{-\\nu}}\\left(z\\right)$","content-tex":"$\\HankelH{2}{-\\nu}@{z}$"}}{"equation":{"symbols-used":[{"symbol":{"tex":"$J_{\\NVar{\\nu}}\\left(\\NVar{z}\\right)$","meaning":"Bessel function of the first kind","idref":"C10.S2.E2","content-tex":"$\\BesselJ{\\NVar{\\nu}}@{\\NVar{z}}$"}},{"symbol":{"tex":"$Y_{\\NVar{\\nu}}\\left(\\NVar{z}\\right)$","meaning":"Bessel function of the second kind","idref":"C10.S2.E3","content-tex":"$\\BesselY{\\NVar{\\nu}}@{\\NVar{z}}$"}},{"symbol":{"tex":"$n$","meaning":"integer","idref":"C10.S1.p2.t1.r1"}},{"symbol":{"tex":"$z$","meaning":"complex variable","idref":"C10.S1.p2.t1.r4"}}],"context-references":{"sentence-num-in-corpus":"6490","sentence-xmlid":"C10.S4.p1.s2","chapter-title":"Bessel Functions","chapter-xmlid":"C10","section-title":"Connection Formulas","sentence-num-in-chapter":"91","section-xmlid":"C10.S4","sentence-num-in-section":"2","para-num-of-sentences":"7","para-xmlid":"C10.S4.p1"},"xml-id":"C10.S4.E1","permalink":"http:\/\/dlmf.nist.gov\/10.4.E1","equation-number":"10.4.1","subequations":[{"subequation":{"xml-id":"C10.S4.Ex1","tex":"$J_{-n}\\left(z\\right)=(-1)^{n}J_{n}\\left(z\\right),$","content-tex":"$\\BesselJ{-n}@{z}=(-1)^{n}\\BesselJ{n}@{z},$"}},{"subequation":{"xml-id":"C10.S4.Ex2","tex":"$Y_{-n}\\left(z\\right)=(-1)^{n}Y_{n}\\left(z\\right),$","content-tex":"$\\BesselY{-n}@{z}=(-1)^{n}\\BesselY{n}@{z},$"}}]}}{"expression":{"context-references":{"chapter-title":"Bessel Functions","chapter-xmlid":"C10"},"xml-id":"C10.S2.E2.m2adec","tex":"$J_{\\NVar{\\nu}}\\left(\\NVar{z}\\right)$","content-tex":"$\\BesselJ{\\NVar{\\nu}}@{\\NVar{z}}$"}}{"expression":{"context-references":{"chapter-title":"Bessel Functions","chapter-xmlid":"C10"},"xml-id":"C10.S2.E3.m2adec","tex":"$Y_{\\NVar{\\nu}}\\left(\\NVar{z}\\right)$","content-tex":"$\\BesselY{\\NVar{\\nu}}@{\\NVar{z}}$"}}{"expression":{"context-references":{"chapter-title":"Bessel Functions","chapter-xmlid":"C10"},"xml-id":"C10.S1.XMD2.m1dec","tex":"$n$"}}{"expression":{"context-references":{"chapter-title":"Bessel Functions","chapter-xmlid":"C10"},"xml-id":"C10.S1.XMD6.m1dec","tex":"$z$"}}{"equation":{"symbols-used":[{"symbol":{"tex":"${H^{(1)}_{\\NVar{\\nu}}}\\left(\\NVar{z}\\right)$","meaning":"Bessel function of the third kind (or Hankel function)","idref":"C10.S2.E5","content-tex":"$\\HankelH{1}{\\NVar{\\nu}}@{\\NVar{z}}$"}},{"symbol":{"tex":"${H^{(2)}_{\\NVar{\\nu}}}\\left(\\NVar{z}\\right)$","meaning":"Bessel function of the third kind (or Hankel function)","idref":"C10.S2.E6","content-tex":"$\\HankelH{2}{\\NVar{\\nu}}@{\\NVar{z}}$"}},{"symbol":{"tex":"$n$","meaning":"integer","idref":"C10.S1.p2.t1.r1"}},{"symbol":{"tex":"$z$","meaning":"complex variable","idref":"C10.S1.p2.t1.r4"}}],"context-references":{"sentence-num-in-corpus":"6490","sentence-xmlid":"C10.S4.p1.s2","chapter-title":"Bessel Functions","chapter-xmlid":"C10","section-title":"Connection Formulas","sentence-num-in-chapter":"91","section-xmlid":"C10.S4","sentence-num-in-section":"2","para-num-of-sentences":"7","para-xmlid":"C10.S4.p1"},"xml-id":"C10.S4.E2","permalink":"http:\/\/dlmf.nist.gov\/10.4.E2","equation-number":"10.4.2","subequations":[{"subequation":{"xml-id":"C10.S4.Ex3","tex":"${H^{(1)}_{-n}}\\left(z\\right)=(-1)^{n}{H^{(1)}_{n}}\\left(z\\right),$","content-tex":"$\\HankelH{1}{-n}@{z}=(-1)^{n}\\HankelH{1}{n}@{z},$"}},{"subequation":{"xml-id":"C10.S4.Ex4","tex":"${H^{(2)}_{-n}}\\left(z\\right)=(-1)^{n}{H^{(2)}_{n}}\\left(z\\right).$","content-tex":"$\\HankelH{2}{-n}@{z}=(-1)^{n}\\HankelH{2}{n}@{z}.$"}}]}}{"expression":{"context-references":{"chapter-title":"Bessel Functions","chapter-xmlid":"C10"},"xml-id":"C10.S2.E5.m2adec","tex":"${H^{(1)}_{\\NVar{\\nu}}}\\left(\\NVar{z}\\right)$","content-tex":"$\\HankelH{1}{\\NVar{\\nu}}@{\\NVar{z}}$"}}{"expression":{"context-references":{"chapter-title":"Bessel Functions","chapter-xmlid":"C10"},"xml-id":"C10.S2.E6.m2adec","tex":"${H^{(2)}_{\\NVar{\\nu}}}\\left(\\NVar{z}\\right)$","content-tex":"$\\HankelH{2}{\\NVar{\\nu}}@{\\NVar{z}}$"}}{"expression":{"context-references":{"chapter-title":"Bessel Functions","chapter-xmlid":"C10"},"xml-id":"C10.S1.XMD2.m1adec","tex":"$n$"}}{"expression":{"context-references":{"chapter-title":"Bessel Functions","chapter-xmlid":"C10"},"xml-id":"C10.S1.XMD6.m1adec","tex":"$z$"}}{"equation":{"symbols-used":[{"symbol":{"tex":"$J_{\\NVar{\\nu}}\\left(\\NVar{z}\\right)$","meaning":"Bessel function of the first kind","idref":"C10.S2.E2","content-tex":"$\\BesselJ{\\NVar{\\nu}}@{\\NVar{z}}$"}},{"symbol":{"tex":"$Y_{\\NVar{\\nu}}\\left(\\NVar{z}\\right)$","meaning":"Bessel function of the second kind","idref":"C10.S2.E3","content-tex":"$\\BesselY{\\NVar{\\nu}}@{\\NVar{z}}$"}},{"symbol":{"tex":"${H^{(1)}_{\\NVar{\\nu}}}\\left(\\NVar{z}\\right)$","meaning":"Bessel function of the third kind (or Hankel function)","idref":"C10.S2.E5","content-tex":"$\\HankelH{1}{\\NVar{\\nu}}@{\\NVar{z}}$"}},{"symbol":{"tex":"${H^{(2)}_{\\NVar{\\nu}}}\\left(\\NVar{z}\\right)$","meaning":"Bessel function of the third kind (or Hankel function)","idref":"C10.S2.E6","content-tex":"$\\HankelH{2}{\\NVar{\\nu}}@{\\NVar{z}}$"}},{"symbol":{"tex":"$\\mathrm{i}$","meaning":"imaginary unit","idref":"C1.S9.E1","content-tex":"$\\iunit$"}},{"symbol":{"tex":"$z$","meaning":"complex variable","idref":"C10.S1.p2.t1.r4"}},{"symbol":{"tex":"$\\nu$","meaning":"complex parameter","idref":"C10.S1.p2.t1.r5"}}],"context-references":{"sentence-num-in-corpus":"6491","sentence-xmlid":"C10.S4.p1.s3","chapter-title":"Bessel Functions","chapter-xmlid":"C10","section-title":"Connection Formulas","sentence-num-in-chapter":"92","section-xmlid":"C10.S4","sentence-num-in-section":"3","para-num-of-sentences":"7","para-xmlid":"C10.S4.p1"},"xml-id":"C10.S4.E3","permalink":"http:\/\/dlmf.nist.gov\/10.4.E3","equation-number":"10.4.3","subequations":[{"subequation":{"xml-id":"C10.S4.Ex5","tex":"${H^{(1)}_{\\nu}}\\left(z\\right)=J_{\\nu}\\left(z\\right)+iY_{\\nu}\\left(z\\right),$","content-tex":"$\\HankelH{1}{\\nu}@{z}=\\BesselJ{\\nu}@{z}+i\\BesselY{\\nu}@{z},$"}},{"subequation":{"xml-id":"C10.S4.Ex6","tex":"${H^{(2)}_{\\nu}}\\left(z\\right)=J_{\\nu}\\left(z\\right)-iY_{\\nu}\\left(z\\right),$","content-tex":"$\\HankelH{2}{\\nu}@{z}=\\BesselJ{\\nu}@{z}-i\\BesselY{\\nu}@{z},$"}}]}}{"expression":{"context-references":{"chapter-title":"Bessel Functions","chapter-xmlid":"C10"},"xml-id":"C10.S2.E2.m2aadec","tex":"$J_{\\NVar{\\nu}}\\left(\\NVar{z}\\right)$","content-tex":"$\\BesselJ{\\NVar{\\nu}}@{\\NVar{z}}$"}}{"expression":{"context-references":{"chapter-title":"Bessel Functions","chapter-xmlid":"C10"},"xml-id":"C10.S2.E3.m2aadec","tex":"$Y_{\\NVar{\\nu}}\\left(\\NVar{z}\\right)$","content-tex":"$\\BesselY{\\NVar{\\nu}}@{\\NVar{z}}$"}}{"expression":{"context-references":{"chapter-title":"Bessel Functions","chapter-xmlid":"C10"},"xml-id":"C10.S2.E5.m2aadec","tex":"${H^{(1)}_{\\NVar{\\nu}}}\\left(\\NVar{z}\\right)$","content-tex":"$\\HankelH{1}{\\NVar{\\nu}}@{\\NVar{z}}$"}}{"expression":{"context-references":{"chapter-title":"Bessel Functions","chapter-xmlid":"C10"},"xml-id":"C10.S2.E6.m2aadec","tex":"${H^{(2)}_{\\NVar{\\nu}}}\\left(\\NVar{z}\\right)$","content-tex":"$\\HankelH{2}{\\NVar{\\nu}}@{\\NVar{z}}$"}}{"expression":{"context-references":{"chapter-title":"Bessel Functions","chapter-xmlid":"C10"},"xml-id":"C1.S9.E1.m2adec","tex":"$\\mathrm{i}$","content-tex":"$\\iunit$"}}{"expression":{"context-references":{"chapter-title":"Bessel Functions","chapter-xmlid":"C10"},"xml-id":"C10.S1.XMD6.m1bdec","tex":"$z$"}}{"expression":{"context-references":{"chapter-title":"Bessel Functions","chapter-xmlid":"C10"},"xml-id":"C10.S1.XMD7.m1dec","tex":"$\\nu$"}}{"equation":{"symbols-used":[{"symbol":{"tex":"$J_{\\NVar{\\nu}}\\left(\\NVar{z}\\right)$","meaning":"Bessel function of the first kind","idref":"C10.S2.E2","content-tex":"$\\BesselJ{\\NVar{\\nu}}@{\\NVar{z}}$"}},{"symbol":{"tex":"$Y_{\\NVar{\\nu}}\\left(\\NVar{z}\\right)$","meaning":"Bessel function of the second kind","idref":"C10.S2.E3","content-tex":"$\\BesselY{\\NVar{\\nu}}@{\\NVar{z}}$"}},{"symbol":{"tex":"${H^{(1)}_{\\NVar{\\nu}}}\\left(\\NVar{z}\\right)$","meaning":"Bessel function of the third kind (or Hankel function)","idref":"C10.S2.E5","content-tex":"$\\HankelH{1}{\\NVar{\\nu}}@{\\NVar{z}}$"}},{"symbol":{"tex":"${H^{(2)}_{\\NVar{\\nu}}}\\left(\\NVar{z}\\right)$","meaning":"Bessel function of the third kind (or Hankel function)","idref":"C10.S2.E6","content-tex":"$\\HankelH{2}{\\NVar{\\nu}}@{\\NVar{z}}$"}},{"symbol":{"tex":"$\\mathrm{i}$","meaning":"imaginary unit","idref":"C1.S9.E1","content-tex":"$\\iunit$"}},{"symbol":{"tex":"$z$","meaning":"complex variable","idref":"C10.S1.p2.t1.r4"}},{"symbol":{"tex":"$\\nu$","meaning":"complex parameter","idref":"C10.S1.p2.t1.r5"}}],"context-references":{"sentence-num-in-corpus":"6491","sentence-xmlid":"C10.S4.p1.s3","chapter-title":"Bessel Functions","chapter-xmlid":"C10","section-title":"Connection Formulas","sentence-num-in-chapter":"92","section-xmlid":"C10.S4","sentence-num-in-section":"3","para-num-of-sentences":"7","para-xmlid":"C10.S4.p1"},"xml-id":"C10.S4.E4","permalink":"http:\/\/dlmf.nist.gov\/10.4.E4","equation-number":"10.4.4","subequations":[{"subequation":{"xml-id":"C10.S4.Ex7","tex":"$J_{\\nu}\\left(z\\right)=\\frac{1}{2}\\left({H^{(1)}_{\\nu}}\\left(z\\right)+{H^{(2)}_ {\\nu}}\\left(z\\right)\\right),$","content-tex":"$\\BesselJ{\\nu}@{z}=\\frac{1}{2}\\left(\\HankelH{1}{\\nu}@{z}+\\HankelH{2}{\\nu}@{z} \\right),$"}},{"subequation":{"xml-id":"C10.S4.Ex8","tex":"$Y_{\\nu}\\left(z\\right)=\\frac{1}{2i}\\left({H^{(1)}_{\\nu}}\\left(z\\right)-{H^{(2)} _{\\nu}}\\left(z\\right)\\right).$","content-tex":"$\\BesselY{\\nu}@{z}=\\frac{1}{2i}\\left(\\HankelH{1}{\\nu}@{z}-\\HankelH{2}{\\nu}@{z} \\right).$"}}]}}{"expression":{"context-references":{"chapter-title":"Bessel Functions","chapter-xmlid":"C10"},"xml-id":"C10.S2.E2.m2abdec","tex":"$J_{\\NVar{\\nu}}\\left(\\NVar{z}\\right)$","content-tex":"$\\BesselJ{\\NVar{\\nu}}@{\\NVar{z}}$"}}{"expression":{"context-references":{"chapter-title":"Bessel Functions","chapter-xmlid":"C10"},"xml-id":"C10.S2.E3.m2abdec","tex":"$Y_{\\NVar{\\nu}}\\left(\\NVar{z}\\right)$","content-tex":"$\\BesselY{\\NVar{\\nu}}@{\\NVar{z}}$"}}{"expression":{"context-references":{"chapter-title":"Bessel Functions","chapter-xmlid":"C10"},"xml-id":"C10.S2.E5.m2abdec","tex":"${H^{(1)}_{\\NVar{\\nu}}}\\left(\\NVar{z}\\right)$","content-tex":"$\\HankelH{1}{\\NVar{\\nu}}@{\\NVar{z}}$"}}{"expression":{"context-references":{"chapter-title":"Bessel Functions","chapter-xmlid":"C10"},"xml-id":"C10.S2.E6.m2abdec","tex":"${H^{(2)}_{\\NVar{\\nu}}}\\left(\\NVar{z}\\right)$","content-tex":"$\\HankelH{2}{\\NVar{\\nu}}@{\\NVar{z}}$"}}{"expression":{"context-references":{"chapter-title":"Bessel Functions","chapter-xmlid":"C10"},"xml-id":"C1.S9.E1.m2aadec","tex":"$\\mathrm{i}$","content-tex":"$\\iunit$"}}{"expression":{"context-references":{"chapter-title":"Bessel Functions","chapter-xmlid":"C10"},"xml-id":"C10.S1.XMD6.m1cdec","tex":"$z$"}}{"expression":{"context-references":{"chapter-title":"Bessel Functions","chapter-xmlid":"C10"},"xml-id":"C10.S1.XMD7.m1adec","tex":"$\\nu$"}}{"equation":{"symbols-used":[{"symbol":{"tex":"$J_{\\NVar{\\nu}}\\left(\\NVar{z}\\right)$","meaning":"Bessel function of the first kind","idref":"C10.S2.E2","content-tex":"$\\BesselJ{\\NVar{\\nu}}@{\\NVar{z}}$"}},{"symbol":{"tex":"$Y_{\\NVar{\\nu}}\\left(\\NVar{z}\\right)$","meaning":"Bessel function of the second kind","idref":"C10.S2.E3","content-tex":"$\\BesselY{\\NVar{\\nu}}@{\\NVar{z}}$"}},{"symbol":{"tex":"$\\pi$","meaning":"the ratio of the circumference of a circle to its diameter","idref":"C3.S12.E1","content-tex":"$\\cpi$"}},{"symbol":{"tex":"$\\csc\\NVar{z}$","meaning":"cosecant function","idref":"C4.S14.E5","content-tex":"$\\csc@@{\\NVar{z}}$"}},{"symbol":{"tex":"$\\cos\\NVar{z}$","meaning":"cosine function","idref":"C4.S14.E2","content-tex":"$\\cos@@{\\NVar{z}}$"}},{"symbol":{"tex":"$z$","meaning":"complex variable","idref":"C10.S1.p2.t1.r4"}},{"symbol":{"tex":"$\\nu$","meaning":"complex parameter","idref":"C10.S1.p2.t1.r5"}}],"context-references":{"sentence-num-in-corpus":"6492","sentence-xmlid":"C10.S4.p1.s4","chapter-title":"Bessel Functions","chapter-xmlid":"C10","section-title":"Connection Formulas","sentence-num-in-chapter":"93","section-xmlid":"C10.S4","sentence-num-in-section":"4","para-num-of-sentences":"7","para-xmlid":"C10.S4.p1"},"xml-id":"C10.S4.E5","tex":"$J_{\\nu}\\left(z\\right)=\\csc\\left(\\nu\\pi\\right)\\left(Y_{-\\nu}\\left(z\\right)-Y_{ \\nu}\\left(z\\right)\\cos\\left(\\nu\\pi\\right)\\right).$","permalink":"http:\/\/dlmf.nist.gov\/10.4.E5","equation-number":"10.4.5","content-tex":"$\\BesselJ{\\nu}@{z}=\\csc@{\\nu\\pi}\\left(\\BesselY{-\\nu}@{z}-\\BesselY{\\nu}@{z}\\cos@ {\\nu\\pi}\\right).$"}}{"equation":{"symbols-used":[{"symbol":{"tex":"${H^{(1)}_{\\NVar{\\nu}}}\\left(\\NVar{z}\\right)$","meaning":"Bessel function of the third kind (or Hankel function)","idref":"C10.S2.E5","content-tex":"$\\HankelH{1}{\\NVar{\\nu}}@{\\NVar{z}}$"}},{"symbol":{"tex":"${H^{(2)}_{\\NVar{\\nu}}}\\left(\\NVar{z}\\right)$","meaning":"Bessel function of the third kind (or Hankel function)","idref":"C10.S2.E6","content-tex":"$\\HankelH{2}{\\NVar{\\nu}}@{\\NVar{z}}$"}},{"symbol":{"tex":"$\\pi$","meaning":"the ratio of the circumference of a circle to its diameter","idref":"C3.S12.E1","content-tex":"$\\cpi$"}},{"symbol":{"tex":"$\\mathrm{e}$","meaning":"base of natural logarithm","idref":"C4.S2.E11","content-tex":"$\\expe$"}},{"symbol":{"tex":"$\\mathrm{i}$","meaning":"imaginary unit","idref":"C1.S9.E1","content-tex":"$\\iunit$"}},{"symbol":{"tex":"$z$","meaning":"complex variable","idref":"C10.S1.p2.t1.r4"}},{"symbol":{"tex":"$\\nu$","meaning":"complex parameter","idref":"C10.S1.p2.t1.r5"}}],"context-references":{"sentence-num-in-corpus":"6493","sentence-xmlid":"C10.S4.p1.s5","chapter-title":"Bessel Functions","chapter-xmlid":"C10","section-title":"Connection Formulas","sentence-num-in-chapter":"94","section-xmlid":"C10.S4","sentence-num-in-section":"5","para-num-of-sentences":"7","para-xmlid":"C10.S4.p1"},"xml-id":"C10.S4.E6","permalink":"http:\/\/dlmf.nist.gov\/10.4.E6","equation-number":"10.4.6","subequations":[{"subequation":{"xml-id":"C10.S4.Ex9","tex":"${H^{(1)}_{-\\nu}}\\left(z\\right)=e^{\\nu\\pi i}{H^{(1)}_{\\nu}}\\left(z\\right),$","content-tex":"$\\HankelH{1}{-\\nu}@{z}=e^{\\nu\\pi i}\\HankelH{1}{\\nu}@{z},$"}},{"subequation":{"xml-id":"C10.S4.Ex10","tex":"${H^{(2)}_{-\\nu}}\\left(z\\right)=e^{-\\nu\\pi i}{H^{(2)}_{\\nu}}\\left(z\\right).$","content-tex":"$\\HankelH{2}{-\\nu}@{z}=e^{-\\nu\\pi i}\\HankelH{2}{\\nu}@{z}.$"}}]}}{"expression":{"context-references":{"chapter-title":"Bessel Functions","chapter-xmlid":"C10"},"xml-id":"C10.S2.E5.m2acdec","tex":"${H^{(1)}_{\\NVar{\\nu}}}\\left(\\NVar{z}\\right)$","content-tex":"$\\HankelH{1}{\\NVar{\\nu}}@{\\NVar{z}}$"}}{"expression":{"context-references":{"chapter-title":"Bessel Functions","chapter-xmlid":"C10"},"xml-id":"C10.S2.E6.m2acdec","tex":"${H^{(2)}_{\\NVar{\\nu}}}\\left(\\NVar{z}\\right)$","content-tex":"$\\HankelH{2}{\\NVar{\\nu}}@{\\NVar{z}}$"}}{"expression":{"context-references":{"chapter-title":"Bessel Functions","chapter-xmlid":"C10"},"xml-id":"C3.S12.E1.m2aadec","tex":"$\\pi$","content-tex":"$\\cpi$"}}{"expression":{"context-references":{"chapter-title":"Bessel Functions","chapter-xmlid":"C10"},"xml-id":"C4.S2.E11.m2adec","tex":"$\\mathrm{e}$","content-tex":"$\\expe$"}}{"expression":{"context-references":{"chapter-title":"Bessel Functions","chapter-xmlid":"C10"},"xml-id":"C1.S9.E1.m2abdec","tex":"$\\mathrm{i}$","content-tex":"$\\iunit$"}}{"expression":{"context-references":{"chapter-title":"Bessel Functions","chapter-xmlid":"C10"},"xml-id":"C10.S1.XMD6.m1edec","tex":"$z$"}}{"expression":{"context-references":{"chapter-title":"Bessel Functions","chapter-xmlid":"C10"},"xml-id":"C10.S1.XMD7.m1cdec","tex":"$\\nu$"}}{"equation":{"symbols-used":[{"symbol":{"tex":"$J_{\\NVar{\\nu}}\\left(\\NVar{z}\\right)$","meaning":"Bessel function of the first kind","idref":"C10.S2.E2","content-tex":"$\\BesselJ{\\NVar{\\nu}}@{\\NVar{z}}$"}},{"symbol":{"tex":"$Y_{\\NVar{\\nu}}\\left(\\NVar{z}\\right)$","meaning":"Bessel function of the second kind","idref":"C10.S2.E3","content-tex":"$\\BesselY{\\NVar{\\nu}}@{\\NVar{z}}$"}},{"symbol":{"tex":"${H^{(1)}_{\\NVar{\\nu}}}\\left(\\NVar{z}\\right)$","meaning":"Bessel function of the third kind (or Hankel function)","idref":"C10.S2.E5","content-tex":"$\\HankelH{1}{\\NVar{\\nu}}@{\\NVar{z}}$"}},{"symbol":{"tex":"$\\pi$","meaning":"the ratio of the circumference of a circle to its diameter","idref":"C3.S12.E1","content-tex":"$\\cpi$"}},{"symbol":{"tex":"$\\csc\\NVar{z}$","meaning":"cosecant function","idref":"C4.S14.E5","content-tex":"$\\csc@@{\\NVar{z}}$"}},{"symbol":{"tex":"$\\mathrm{e}$","meaning":"base of natural logarithm","idref":"C4.S2.E11","content-tex":"$\\expe$"}},{"symbol":{"tex":"$\\mathrm{i}$","meaning":"imaginary unit","idref":"C1.S9.E1","content-tex":"$\\iunit$"}},{"symbol":{"tex":"$z$","meaning":"complex variable","idref":"C10.S1.p2.t1.r4"}},{"symbol":{"tex":"$\\nu$","meaning":"complex parameter","idref":"C10.S1.p2.t1.r5"}}],"context-references":{"sentence-num-in-corpus":"6494","sentence-xmlid":"C10.S4.p1.s6","chapter-title":"Bessel Functions","chapter-xmlid":"C10","section-title":"Connection Formulas","sentence-num-in-chapter":"95","section-xmlid":"C10.S4","sentence-num-in-section":"6","para-num-of-sentences":"7","para-xmlid":"C10.S4.p1"},"xml-id":"C10.S4.E7","tex":"${H^{(1)}_{\\nu}}\\left(z\\right)=i\\csc\\left(\\nu\\pi\\right)\\left(e^{-\\nu\\pi i}J_{ \\nu}\\left(z\\right)-J_{-\\nu}\\left(z\\right)\\right)=\\csc\\left(\\nu\\pi\\right)\\left( Y_{-\\nu}\\left(z\\right)-e^{-\\nu\\pi i}Y_{\\nu}\\left(z\\right)\\right),$","permalink":"http:\/\/dlmf.nist.gov\/10.4.E7","equation-number":"10.4.7","content-tex":"$\\HankelH{1}{\\nu}@{z}=i\\csc@{\\nu\\pi}\\left(e^{-\\nu\\pi i}\\BesselJ{\\nu}@{z}- \\BesselJ{-\\nu}@{z}\\right)=\\csc@{\\nu\\pi}\\left(\\BesselY{-\\nu}@{z}-e^{-\\nu\\pi i} \\BesselY{\\nu}@{z}\\right),$"}}{"equation":{"symbols-used":[{"symbol":{"tex":"$J_{\\NVar{\\nu}}\\left(\\NVar{z}\\right)$","meaning":"Bessel function of the first kind","idref":"C10.S2.E2","content-tex":"$\\BesselJ{\\NVar{\\nu}}@{\\NVar{z}}$"}},{"symbol":{"tex":"$Y_{\\NVar{\\nu}}\\left(\\NVar{z}\\right)$","meaning":"Bessel function of the second kind","idref":"C10.S2.E3","content-tex":"$\\BesselY{\\NVar{\\nu}}@{\\NVar{z}}$"}},{"symbol":{"tex":"${H^{(2)}_{\\NVar{\\nu}}}\\left(\\NVar{z}\\right)$","meaning":"Bessel function of the third kind (or Hankel function)","idref":"C10.S2.E6","content-tex":"$\\HankelH{2}{\\NVar{\\nu}}@{\\NVar{z}}$"}},{"symbol":{"tex":"$\\pi$","meaning":"the ratio of the circumference of a circle to its diameter","idref":"C3.S12.E1","content-tex":"$\\cpi$"}},{"symbol":{"tex":"$\\csc\\NVar{z}$","meaning":"cosecant function","idref":"C4.S14.E5","content-tex":"$\\csc@@{\\NVar{z}}$"}},{"symbol":{"tex":"$\\mathrm{e}$","meaning":"base of natural logarithm","idref":"C4.S2.E11","content-tex":"$\\expe$"}},{"symbol":{"tex":"$\\mathrm{i}$","meaning":"imaginary unit","idref":"C1.S9.E1","content-tex":"$\\iunit$"}},{"symbol":{"tex":"$z$","meaning":"complex variable","idref":"C10.S1.p2.t1.r4"}},{"symbol":{"tex":"$\\nu$","meaning":"complex parameter","idref":"C10.S1.p2.t1.r5"}}],"context-references":{"sentence-num-in-corpus":"6494","sentence-xmlid":"C10.S4.p1.s6","chapter-title":"Bessel Functions","chapter-xmlid":"C10","section-title":"Connection Formulas","sentence-num-in-chapter":"95","section-xmlid":"C10.S4","sentence-num-in-section":"6","para-num-of-sentences":"7","para-xmlid":"C10.S4.p1"},"xml-id":"C10.S4.E8","tex":"${H^{(2)}_{\\nu}}\\left(z\\right)=i\\csc\\left(\\nu\\pi\\right)\\left(J_{-\\nu}\\left(z \\right)-e^{\\nu\\pi i}J_{\\nu}\\left(z\\right)\\right)=\\csc\\left(\\nu\\pi\\right)\\left( Y_{-\\nu}\\left(z\\right)-e^{\\nu\\pi i}Y_{\\nu}\\left(z\\right)\\right).$","permalink":"http:\/\/dlmf.nist.gov\/10.4.E8","equation-number":"10.4.8","content-tex":"$\\HankelH{2}{\\nu}@{z}=i\\csc@{\\nu\\pi}\\left(\\BesselJ{-\\nu}@{z}-e^{\\nu\\pi i} \\BesselJ{\\nu}@{z}\\right)=\\csc@{\\nu\\pi}\\left(\\BesselY{-\\nu}@{z}-e^{\\nu\\pi i} \\BesselY{\\nu}@{z}\\right).$"}}{"expression":{"context-references":{"sentence-num-in-corpus":"6495","sentence-xmlid":"C10.S4.p1.s7","chapter-title":"Bessel Functions","chapter-xmlid":"C10","section-title":"Connection Formulas","sentence-num-in-chapter":"96","section-xmlid":"C10.S4","sentence-num-in-section":"7","para-num-of-sentences":"7","para-xmlid":"C10.S4.p1"},"xml-id":"C10.S4.p1.m5","tex":"$\\nu=n$"}}