{"expression":{"context-references":{"chapter-title":"Bessel Functions","chapter-xmlid":"C10"},"xml-id":"C10.S59.info.m1","tex":"$b\\neq 0$"}}{"expression":{"context-references":{"chapter-title":"Bessel Functions","chapter-xmlid":"C10"},"xml-id":"C10.S59.info.m2","tex":"$2i\\int_{0}^{\\infty}\\sin\\left(bt\\right)\\mathsf{j}_{n}\\left(t\\right)\\mathrm{d}t$","content-tex":"$2i\\int_{0}^{\\infty}\\sin@{bt}\\sphBesselJ{n}@{t}\\diff{t}$"}}{"expression":{"context-references":{"chapter-title":"Bessel Functions","chapter-xmlid":"C10"},"xml-id":"C10.S59.info.m3","tex":"$2\\int_{0}^{\\infty}\\cos\\left(bt\\right)\\mathsf{j}_{n}\\left(t\\right)\\mathrm{d}t$","content-tex":"$2\\int_{0}^{\\infty}\\cos@{bt}\\sphBesselJ{n}@{t}\\diff{t}$"}}{"expression":{"context-references":{"chapter-title":"Bessel Functions","chapter-xmlid":"C10"},"xml-id":"C10.S59.info.m4","tex":"$n$"}}{"expression":{"context-references":{"chapter-title":"Bessel Functions","chapter-xmlid":"C10"},"xml-id":"C10.S59.info.m5","tex":"$a=1$"}}{"expression":{"context-references":{"chapter-title":"Bessel Functions","chapter-xmlid":"C10"},"xml-id":"C10.S59.info.m6","tex":"$\\mu=\\tfrac{1}{2}$"}}{"expression":{"context-references":{"chapter-title":"Bessel Functions","chapter-xmlid":"C10"},"xml-id":"C10.S59.info.m7","tex":"$-\\tfrac{1}{2}$"}}{"expression":{"context-references":{"chapter-title":"Bessel Functions","chapter-xmlid":"C10"},"xml-id":"C10.S59.info.m8","tex":"$2n+1$"}}{"expression":{"context-references":{"chapter-title":"Bessel Functions","chapter-xmlid":"C10"},"xml-id":"C10.S59.info.m9","tex":"$2n$"}}{"expression":{"context-references":{"chapter-title":"Bessel Functions","chapter-xmlid":"C10"},"xml-id":"C10.S59.info.m10","tex":"$n$"}}{"expression":{"context-references":{"chapter-title":"Bessel Functions","chapter-xmlid":"C10"},"xml-id":"C10.S59.info.m11","tex":"$J_{\\pm(\\ifrac{1}{2})}\\left(bt\\right)$","content-tex":"$\\BesselJ{\\pm(\\ifrac{1}{2})}@{bt}$"}}{"expression":{"context-references":{"chapter-title":"Bessel Functions","chapter-xmlid":"C10"},"xml-id":"C10.S59.info.m12","tex":"$J_{n+(\\ifrac{1}{2})}\\left(t\\right)$","content-tex":"$\\BesselJ{n+(\\ifrac{1}{2})}@{t}$"}}{"expression":{"context-references":{"chapter-title":"Bessel Functions","chapter-xmlid":"C10"},"xml-id":"C10.S59.info.m13","tex":"${{}_{2}F_{1}}$","content-tex":"$\\genhyperF{2}{1}$"}}{"expression":{"context-references":{"chapter-title":"Bessel Functions","chapter-xmlid":"C10"},"xml-id":"C10.S59.info.m14","tex":"$n$"}}{"expression":{"context-references":{"chapter-title":"Bessel Functions","chapter-xmlid":"C10"},"xml-id":"C10.S59.info.m15","tex":"$b=0$"}}{"expression":{"context-references":{"chapter-title":"Bessel Functions","chapter-xmlid":"C10"},"xml-id":"C10.S59.info.m16","tex":"$P_{n}\\left(0\\right)=(-1)^{\\frac{1}{2}n}\\ifrac{{\\left(\\frac{1}{2}\\right)_{\\frac {1}{2}n}}}{(\\frac{1}{2}n)!}$","content-tex":"$\\assLegendreP[]{n}@{0}=(-1)^{\\frac{1}{2}n}\\ifrac{\\Pochhammersym{\\frac{1}{2}}{ \\frac{1}{2}n}}{(\\frac{1}{2}n)!}$"}}{"expression":{"context-references":{"chapter-title":"Bessel Functions","chapter-xmlid":"C10"},"xml-id":"C10.S59.info.m17","tex":"$0$"}}{"expression":{"context-references":{"chapter-title":"Bessel Functions","chapter-xmlid":"C10"},"xml-id":"C10.S59.info.m18","tex":"$n$"}}{"equation":{"symbols-used":[{"symbol":{"tex":"$\\pi$","meaning":"the ratio of the circumference of a circle to its diameter","idref":"C3.S12.E1","content-tex":"$\\cpi$"}},{"symbol":{"tex":"$\\mathrm{d}\\NVar{x}$","meaning":"differential of $x$","idref":"C1.S4.SS4","content-tex":"$\\diff{\\NVar{x}}$"}},{"symbol":{"tex":"$\\mathrm{e}$","meaning":"base of natural logarithm","idref":"C4.S2.E11","content-tex":"$\\expe$"}},{"symbol":{"tex":"$\\mathrm{i}$","meaning":"imaginary unit","idref":"C1.S9.E1","content-tex":"$\\iunit$"}},{"symbol":{"tex":"$\\int$","meaning":"integral","idref":"C1.S4.SS4"}},{"symbol":{"tex":"$P_{\\NVar{\\nu}}\\left(\\NVar{z}\\right)=P^{0}_{\\nu}\\left(z\\right)$","meaning":"Legendre function of the first kind","idref":"C14.S2.SS2.p2","content-tex":"$\\assLegendreP[]{\\NVar{\\nu}}@{\\NVar{z}}=\\assLegendreP[0]{\\nu}@{z}$"}},{"symbol":{"tex":"$\\mathsf{j}_{\\NVar{n}}\\left(\\NVar{z}\\right)$","meaning":"spherical Bessel function of the first kind","idref":"C10.S47.E3","content-tex":"$\\sphBesselJ{\\NVar{n}}@{\\NVar{z}}$"}},{"symbol":{"tex":"$n$","meaning":"integer","idref":"C10.S1.p2.t1.r1"}}],"context-references":{"sentence-num-in-corpus":"7269","sentence-xmlid":"C10.S59.p1.s1","chapter-title":"Bessel Functions","chapter-xmlid":"C10","section-title":"Integrals","sentence-num-in-chapter":"870","section-xmlid":"C10.S59","sentence-num-in-section":"1","para-num-of-sentences":"1","para-xmlid":"C10.S59.p1"},"xml-id":"C10.S59.E1","tex":"$\\int_{-\\infty}^{\\infty}e^{ibt}\\mathsf{j}_{n}\\left(t\\right)\\mathrm{d}t=\\begin{ cases}\\pi i^{n}P_{n}\\left(b\\right),&-1<b<1,\\\\ \\frac{1}{2}\\pi(\\pm\\mathrm{i})^{n},&b=\\pm 1,\\\\ 0,&\\pm b>1,\\end{cases}$","permalink":"http:\/\/dlmf.nist.gov\/10.59.E1","equation-number":"10.59.1","content-tex":"$\\int_{-\\infty}^{\\infty}e^{ibt}\\sphBesselJ{n}@{t}\\diff{t}=\\begin{cases}\\pi i^{n }\\assLegendreP[]{n}@{b},&-1<b<1,\\\\ \\frac{1}{2}\\pi(\\pm\\iunit)^{n},&b=\\pm 1,\\\\ 0,&\\pm b>1,\\end{cases}$"}}{"expression":{"context-references":{"sentence-num-in-corpus":"7269","sentence-xmlid":"C10.S59.p1.s1","chapter-title":"Bessel Functions","chapter-xmlid":"C10","section-title":"Integrals","sentence-num-in-chapter":"870","section-xmlid":"C10.S59","sentence-num-in-section":"1","para-num-of-sentences":"1","para-xmlid":"C10.S59.p1"},"xml-id":"C10.S59.p1.m1","tex":"$P_{n}$","content-tex":"$\\assLegendreP[]{n}$"}}