{"expression":{"context-references":{"sentence-num-in-corpus":"7236","subsection-xmlid":"C10.S51.SS1","sentence-xmlid":"C10.S51.SS1.p1.s1","chapter-title":"Bessel Functions","chapter-xmlid":"C10","section-title":"Recurrence Relations and Derivatives","sentence-num-in-chapter":"837","section-xmlid":"C10.S51","sentence-num-in-section":"1","para-num-of-sentences":"3","para-xmlid":"C10.S51.SS1.p1","subsection-title":"Unmodified Functions"},"xml-id":"C10.S51.SS1.p1.m1","tex":"$f_{n}(z)$"}}{"expression":{"context-references":{"sentence-num-in-corpus":"7236","subsection-xmlid":"C10.S51.SS1","sentence-xmlid":"C10.S51.SS1.p1.s1","chapter-title":"Bessel Functions","chapter-xmlid":"C10","section-title":"Recurrence Relations and Derivatives","sentence-num-in-chapter":"837","section-xmlid":"C10.S51","sentence-num-in-section":"1","para-num-of-sentences":"3","para-xmlid":"C10.S51.SS1.p1","subsection-title":"Unmodified Functions"},"xml-id":"C10.S51.SS1.p1.m2","tex":"$\\mathsf{j}_{n}\\left(z\\right)$","content-tex":"$\\sphBesselJ{n}@{z}$"}}{"expression":{"context-references":{"sentence-num-in-corpus":"7236","subsection-xmlid":"C10.S51.SS1","sentence-xmlid":"C10.S51.SS1.p1.s1","chapter-title":"Bessel Functions","chapter-xmlid":"C10","section-title":"Recurrence Relations and Derivatives","sentence-num-in-chapter":"837","section-xmlid":"C10.S51","sentence-num-in-section":"1","para-num-of-sentences":"3","para-xmlid":"C10.S51.SS1.p1","subsection-title":"Unmodified Functions"},"xml-id":"C10.S51.SS1.p1.m3","tex":"$\\mathsf{y}_{n}\\left(z\\right)$","content-tex":"$\\sphBesselY{n}@{z}$"}}{"expression":{"context-references":{"chapter-title":"Bessel Functions","chapter-xmlid":"C10"},"xml-id":"C10.S51.XMD1.m1","tex":"$f_{n}(z)$"}}{"expression":{"context-references":{"sentence-num-in-corpus":"7236","subsection-xmlid":"C10.S51.SS1","sentence-xmlid":"C10.S51.SS1.p1.s1","chapter-title":"Bessel Functions","chapter-xmlid":"C10","section-title":"Recurrence Relations and Derivatives","sentence-num-in-chapter":"837","section-xmlid":"C10.S51","sentence-num-in-section":"1","para-num-of-sentences":"3","para-xmlid":"C10.S51.SS1.p1","subsection-title":"Unmodified Functions"},"xml-id":"C10.S51.SS1.p1.m4","tex":"${\\mathsf{h}^{(1)}_{n}}\\left(z\\right)$","content-tex":"$\\sphHankelh{1}{n}@{z}$"}}{"expression":{"context-references":{"sentence-num-in-corpus":"7236","subsection-xmlid":"C10.S51.SS1","sentence-xmlid":"C10.S51.SS1.p1.s1","chapter-title":"Bessel Functions","chapter-xmlid":"C10","section-title":"Recurrence Relations and Derivatives","sentence-num-in-chapter":"837","section-xmlid":"C10.S51","sentence-num-in-section":"1","para-num-of-sentences":"3","para-xmlid":"C10.S51.SS1.p1","subsection-title":"Unmodified Functions"},"xml-id":"C10.S51.SS1.p1.m5","tex":"${\\mathsf{h}^{(2)}_{n}}\\left(z\\right)$","content-tex":"$\\sphHankelh{2}{n}@{z}$"}}{"equation":{"symbols-used":[{"symbol":{"tex":"$n$","meaning":"integer","idref":"C10.S1.p2.t1.r1"}},{"symbol":{"tex":"$z$","meaning":"complex variable","idref":"C10.S1.p2.t1.r4"}},{"symbol":{"tex":"$f_{n}(z)$","meaning":"a spherical Bessel function","idref":"C10.S51.SS1.p1"}}],"context-references":{"sentence-num-in-corpus":"7237","subsection-xmlid":"C10.S51.SS1","sentence-xmlid":"C10.S51.SS1.p1.s2","chapter-title":"Bessel Functions","chapter-xmlid":"C10","section-title":"Recurrence Relations and Derivatives","sentence-num-in-chapter":"838","section-xmlid":"C10.S51","sentence-num-in-section":"2","para-num-of-sentences":"3","para-xmlid":"C10.S51.SS1.p1","subsection-title":"Unmodified Functions"},"xml-id":"C10.S51.E1","permalink":"http:\/\/dlmf.nist.gov\/10.51.E1","equation-number":"10.51.1","subequations":[{"subequation":{"xml-id":"C10.S51.Ex1","tex":"$f_{n-1}(z)+f_{n+1}(z)=((2n+1)\/z)f_{n}(z),$","constraints":{"tex":"$n=1,2,\\dots$"}}},{"subequation":{"xml-id":"C10.S51.Ex2","tex":"$nf_{n-1}(z)-(n+1)f_{n+1}(z)=(2n+1)f_{n}^{\\prime}(z),$","constraints":{"tex":"$n=1,2,\\dots$,"}}}]}}{"expression":{"context-references":{"chapter-title":"Bessel Functions","chapter-xmlid":"C10"},"xml-id":"C10.S1.XMD2.m1dec","tex":"$n$"}}{"expression":{"context-references":{"chapter-title":"Bessel Functions","chapter-xmlid":"C10"},"xml-id":"C10.S1.XMD6.m1dec","tex":"$z$"}}{"expression":{"context-references":{"chapter-title":"Bessel Functions","chapter-xmlid":"C10"},"xml-id":"C10.S51.XMD1.m1dec","tex":"$f_{n}(z)$"}}{"equation":{"symbols-used":[{"symbol":{"tex":"$n$","meaning":"integer","idref":"C10.S1.p2.t1.r1"}},{"symbol":{"tex":"$z$","meaning":"complex variable","idref":"C10.S1.p2.t1.r4"}},{"symbol":{"tex":"$f_{n}(z)$","meaning":"a spherical Bessel function","idref":"C10.S51.SS1.p1"}}],"context-references":{"sentence-num-in-corpus":"7237","subsection-xmlid":"C10.S51.SS1","sentence-xmlid":"C10.S51.SS1.p1.s2","chapter-title":"Bessel Functions","chapter-xmlid":"C10","section-title":"Recurrence Relations and Derivatives","sentence-num-in-chapter":"838","section-xmlid":"C10.S51","sentence-num-in-section":"2","para-num-of-sentences":"3","para-xmlid":"C10.S51.SS1.p1","subsection-title":"Unmodified Functions"},"xml-id":"C10.S51.E2","permalink":"http:\/\/dlmf.nist.gov\/10.51.E2","equation-number":"10.51.2","subequations":[{"subequation":{"xml-id":"C10.S51.Ex3","tex":"$f_{n}^{\\prime}(z)=f_{n-1}(z)-((n+1)\/z)f_{n}(z),$","constraints":{"tex":"$n=1,2,\\dots$,"}}},{"subequation":{"xml-id":"C10.S51.Ex4","tex":"$f_{n}^{\\prime}(z)=-f_{n+1}(z)+(n\/z)f_{n}(z),$","constraints":{"tex":"$n=0,1,\\dots.$"}}}]}}{"expression":{"context-references":{"chapter-title":"Bessel Functions","chapter-xmlid":"C10"},"xml-id":"C10.S1.XMD2.m1adec","tex":"$n$"}}{"expression":{"context-references":{"chapter-title":"Bessel Functions","chapter-xmlid":"C10"},"xml-id":"C10.S1.XMD6.m1adec","tex":"$z$"}}{"expression":{"context-references":{"chapter-title":"Bessel Functions","chapter-xmlid":"C10"},"xml-id":"C10.S51.XMD1.m1adec","tex":"$f_{n}(z)$"}}{"equation":{"symbols-used":[{"symbol":{"tex":"$\\frac{\\mathrm{d}\\NVar{f}}{\\mathrm{d}\\NVar{x}}$","meaning":"derivative of $f$ with respect to $x$","idref":"C1.S4.E4","content-tex":"$\\deriv{\\NVar{f}}{\\NVar{x}}$"}},{"symbol":{"tex":"$m$","meaning":"integer","idref":"C10.S1.p2.t1.r1"}},{"symbol":{"tex":"$n$","meaning":"integer","idref":"C10.S1.p2.t1.r1"}},{"symbol":{"tex":"$z$","meaning":"complex variable","idref":"C10.S1.p2.t1.r4"}},{"symbol":{"tex":"$f_{n}(z)$","meaning":"a spherical Bessel function","idref":"C10.S51.SS1.p1"}}],"context-references":{"sentence-num-in-corpus":"7238","subsection-xmlid":"C10.S51.SS1","sentence-xmlid":"C10.S51.SS1.p1.s3","chapter-title":"Bessel Functions","chapter-xmlid":"C10","section-title":"Recurrence Relations and Derivatives","sentence-num-in-chapter":"839","section-xmlid":"C10.S51","sentence-num-in-section":"3","para-num-of-sentences":"3","para-xmlid":"C10.S51.SS1.p1","subsection-title":"Unmodified Functions"},"xml-id":"C10.S51.E3","permalink":"http:\/\/dlmf.nist.gov\/10.51.E3","equation-number":"10.51.3","subequations":[{"subequation":{"xml-id":"C10.S51.Ex5","tex":"$\\left(\\frac{1}{z}\\frac{\\mathrm{d}}{\\mathrm{d}z}\\right)^{m}(z^{n+1}f_{n}(z))=z^ {n-m+1}f_{n-m}(z),$","constraints":{"tex":"$m=0,1,\\dots,n$,"},"content-tex":"$\\left(\\frac{1}{z}\\deriv{}{z}\\right)^{m}(z^{n+1}f_{n}(z))=z^{n-m+1}f_{n-m}(z),$"}},{"subequation":{"xml-id":"C10.S51.Ex6","tex":"$\\left(\\frac{1}{z}\\frac{\\mathrm{d}}{\\mathrm{d}z}\\right)^{m}(z^{-n}f_{n}(z))=(-1 )^{m}z^{-n-m}f_{n+m}(z),$","constraints":{"tex":"$m=0,1,\\dots.$"},"content-tex":"$\\left(\\frac{1}{z}\\deriv{}{z}\\right)^{m}(z^{-n}f_{n}(z))=(-1)^{m}z^{-n-m}f_{n+m }(z),$"}}]}}{"expression":{"context-references":{"chapter-title":"Bessel Functions","chapter-xmlid":"C10"},"xml-id":"C1.S4.E4.m2adec","tex":"$\\frac{\\mathrm{d}\\NVar{f}}{\\mathrm{d}\\NVar{x}}$","content-tex":"$\\deriv{\\NVar{f}}{\\NVar{x}}$"}}{"expression":{"context-references":{"chapter-title":"Bessel Functions","chapter-xmlid":"C10"},"xml-id":"C1.S4.E4.m3adec","tex":"$f$"}}{"expression":{"context-references":{"chapter-title":"Bessel Functions","chapter-xmlid":"C10"},"xml-id":"C1.S4.E4.m4adec","tex":"$x$"}}{"expression":{"context-references":{"chapter-title":"Bessel Functions","chapter-xmlid":"C10"},"xml-id":"C10.S1.XMD1.m1dec","tex":"$m$"}}{"expression":{"context-references":{"chapter-title":"Bessel Functions","chapter-xmlid":"C10"},"xml-id":"C10.S1.XMD2.m1bdec","tex":"$n$"}}{"expression":{"context-references":{"chapter-title":"Bessel Functions","chapter-xmlid":"C10"},"xml-id":"C10.S1.XMD6.m1bdec","tex":"$z$"}}{"expression":{"context-references":{"chapter-title":"Bessel Functions","chapter-xmlid":"C10"},"xml-id":"C10.S51.XMD1.m1bdec","tex":"$f_{n}(z)$"}}{"expression":{"context-references":{"sentence-num-in-corpus":"7239","subsection-xmlid":"C10.S51.SS2","sentence-xmlid":"C10.S51.SS2.p1.s1","chapter-title":"Bessel Functions","chapter-xmlid":"C10","section-title":"Recurrence Relations and Derivatives","sentence-num-in-chapter":"840","section-xmlid":"C10.S51","sentence-num-in-section":"4","para-num-of-sentences":"3","para-xmlid":"C10.S51.SS2.p1","subsection-title":"Modified Functions"},"xml-id":"C10.S51.SS2.p1.m1","tex":"$g_{n}(z)$"}}{"expression":{"context-references":{"sentence-num-in-corpus":"7239","subsection-xmlid":"C10.S51.SS2","sentence-xmlid":"C10.S51.SS2.p1.s1","chapter-title":"Bessel Functions","chapter-xmlid":"C10","section-title":"Recurrence Relations and Derivatives","sentence-num-in-chapter":"840","section-xmlid":"C10.S51","sentence-num-in-section":"4","para-num-of-sentences":"3","para-xmlid":"C10.S51.SS2.p1","subsection-title":"Modified Functions"},"xml-id":"C10.S51.SS2.p1.m2","tex":"${\\mathsf{i}^{(1)}_{n}}\\left(z\\right)$","content-tex":"$\\modsphBesseli{1}{n}@{z}$"}}{"expression":{"context-references":{"sentence-num-in-corpus":"7239","subsection-xmlid":"C10.S51.SS2","sentence-xmlid":"C10.S51.SS2.p1.s1","chapter-title":"Bessel Functions","chapter-xmlid":"C10","section-title":"Recurrence Relations and Derivatives","sentence-num-in-chapter":"840","section-xmlid":"C10.S51","sentence-num-in-section":"4","para-num-of-sentences":"3","para-xmlid":"C10.S51.SS2.p1","subsection-title":"Modified Functions"},"xml-id":"C10.S51.SS2.p1.m3","tex":"${\\mathsf{i}^{(2)}_{n}}\\left(z\\right)$","content-tex":"$\\modsphBesseli{2}{n}@{z}$"}}{"expression":{"context-references":{"sentence-num-in-corpus":"7239","subsection-xmlid":"C10.S51.SS2","sentence-xmlid":"C10.S51.SS2.p1.s1","chapter-title":"Bessel Functions","chapter-xmlid":"C10","section-title":"Recurrence Relations and Derivatives","sentence-num-in-chapter":"840","section-xmlid":"C10.S51","sentence-num-in-section":"4","para-num-of-sentences":"3","para-xmlid":"C10.S51.SS2.p1","subsection-title":"Modified Functions"},"xml-id":"C10.S51.SS2.p1.m4","tex":"$(-1)^{n}$"}}{"expression":{"context-references":{"sentence-num-in-corpus":"7239","subsection-xmlid":"C10.S51.SS2","sentence-xmlid":"C10.S51.SS2.p1.s1","chapter-title":"Bessel Functions","chapter-xmlid":"C10","section-title":"Recurrence Relations and Derivatives","sentence-num-in-chapter":"840","section-xmlid":"C10.S51","sentence-num-in-section":"4","para-num-of-sentences":"3","para-xmlid":"C10.S51.SS2.p1","subsection-title":"Modified Functions"},"xml-id":"C10.S51.SS2.p1.m5","tex":"$\\mathsf{k}_{n}\\left(z\\right)$","content-tex":"$\\modsphBesselK{n}@{z}$"}}{"expression":{"context-references":{"chapter-title":"Bessel Functions","chapter-xmlid":"C10"},"xml-id":"C10.S51.XMD2.m1","tex":"$g_{n}(z)$"}}{"equation":{"symbols-used":[{"symbol":{"tex":"$n$","meaning":"integer","idref":"C10.S1.p2.t1.r1"}},{"symbol":{"tex":"$z$","meaning":"complex variable","idref":"C10.S1.p2.t1.r4"}},{"symbol":{"tex":"$g_{n}(z)$","meaning":"a spherical Bessel function","idref":"C10.S51.SS2.p1"}}],"context-references":{"sentence-num-in-corpus":"7240","subsection-xmlid":"C10.S51.SS2","sentence-xmlid":"C10.S51.SS2.p1.s2","chapter-title":"Bessel Functions","chapter-xmlid":"C10","section-title":"Recurrence Relations and Derivatives","sentence-num-in-chapter":"841","section-xmlid":"C10.S51","sentence-num-in-section":"5","para-num-of-sentences":"3","para-xmlid":"C10.S51.SS2.p1","subsection-title":"Modified Functions"},"xml-id":"C10.S51.E4","permalink":"http:\/\/dlmf.nist.gov\/10.51.E4","equation-number":"10.51.4","subequations":[{"subequation":{"xml-id":"C10.S51.Ex7","tex":"$g_{n-1}(z)-g_{n+1}(z)=((2n+1)\/z)g_{n}(z)$","constraints":{"tex":"$n=1,2,\\dotsc$,"}}},{"subequation":{"xml-id":"C10.S51.Ex8","tex":"$ng_{n-1}(z)+(n+1)g_{n+1}(z)=(2n+1)g_{n}^{\\prime}(z),$","constraints":{"tex":"$n=1,2,\\dotsc$,"}}}]}}{"expression":{"context-references":{"chapter-title":"Bessel Functions","chapter-xmlid":"C10"},"xml-id":"C10.S1.XMD2.m1cdec","tex":"$n$"}}{"expression":{"context-references":{"chapter-title":"Bessel Functions","chapter-xmlid":"C10"},"xml-id":"C10.S1.XMD6.m1cdec","tex":"$z$"}}{"expression":{"context-references":{"chapter-title":"Bessel Functions","chapter-xmlid":"C10"},"xml-id":"C10.S51.XMD2.m1dec","tex":"$g_{n}(z)$"}}{"equation":{"symbols-used":[{"symbol":{"tex":"$n$","meaning":"integer","idref":"C10.S1.p2.t1.r1"}},{"symbol":{"tex":"$z$","meaning":"complex variable","idref":"C10.S1.p2.t1.r4"}},{"symbol":{"tex":"$g_{n}(z)$","meaning":"a spherical Bessel function","idref":"C10.S51.SS2.p1"}}],"context-references":{"sentence-num-in-corpus":"7240","subsection-xmlid":"C10.S51.SS2","sentence-xmlid":"C10.S51.SS2.p1.s2","chapter-title":"Bessel Functions","chapter-xmlid":"C10","section-title":"Recurrence Relations and Derivatives","sentence-num-in-chapter":"841","section-xmlid":"C10.S51","sentence-num-in-section":"5","para-num-of-sentences":"3","para-xmlid":"C10.S51.SS2.p1","subsection-title":"Modified Functions"},"xml-id":"C10.S51.E5","permalink":"http:\/\/dlmf.nist.gov\/10.51.E5","equation-number":"10.51.5","subequations":[{"subequation":{"xml-id":"C10.S51.Ex9","tex":"$g_{n}^{\\prime}(z)=g_{n-1}(z)-((n+1)\/z)g_{n}(z),$","constraints":{"tex":"$n=1,2,\\dotsc$,"}}},{"subequation":{"xml-id":"C10.S51.Ex10","tex":"$g_{n}^{\\prime}(z)=g_{n+1}(z)+(n\/z)g_{n}(z),$","constraints":{"tex":"$n=0,1,\\dotsc.$"}}}]}}{"expression":{"context-references":{"chapter-title":"Bessel Functions","chapter-xmlid":"C10"},"xml-id":"C10.S1.XMD2.m1ddec","tex":"$n$"}}{"expression":{"context-references":{"chapter-title":"Bessel Functions","chapter-xmlid":"C10"},"xml-id":"C10.S1.XMD6.m1ddec","tex":"$z$"}}{"expression":{"context-references":{"chapter-title":"Bessel Functions","chapter-xmlid":"C10"},"xml-id":"C10.S51.XMD2.m1adec","tex":"$g_{n}(z)$"}}{"equation":{"symbols-used":[{"symbol":{"tex":"$\\frac{\\mathrm{d}\\NVar{f}}{\\mathrm{d}\\NVar{x}}$","meaning":"derivative of $f$ with respect to $x$","idref":"C1.S4.E4","content-tex":"$\\deriv{\\NVar{f}}{\\NVar{x}}$"}},{"symbol":{"tex":"$m$","meaning":"integer","idref":"C10.S1.p2.t1.r1"}},{"symbol":{"tex":"$n$","meaning":"integer","idref":"C10.S1.p2.t1.r1"}},{"symbol":{"tex":"$z$","meaning":"complex variable","idref":"C10.S1.p2.t1.r4"}},{"symbol":{"tex":"$g_{n}(z)$","meaning":"a spherical Bessel function","idref":"C10.S51.SS2.p1"}}],"context-references":{"sentence-num-in-corpus":"7241","subsection-xmlid":"C10.S51.SS2","sentence-xmlid":"C10.S51.SS2.p1.s3","chapter-title":"Bessel Functions","chapter-xmlid":"C10","section-title":"Recurrence Relations and Derivatives","sentence-num-in-chapter":"842","section-xmlid":"C10.S51","sentence-num-in-section":"6","para-num-of-sentences":"3","para-xmlid":"C10.S51.SS2.p1","subsection-title":"Modified Functions"},"xml-id":"C10.S51.E6","permalink":"http:\/\/dlmf.nist.gov\/10.51.E6","equation-number":"10.51.6","subequations":[{"subequation":{"xml-id":"C10.S51.Ex11","tex":"$\\left(\\frac{1}{z}\\frac{\\mathrm{d}}{\\mathrm{d}z}\\right)^{m}(z^{n+1}g_{n}(z))=z^ {n-m+1}g_{n-m}(z),$","constraints":{"tex":"$m=0,1,\\dotsc,n$,"},"content-tex":"$\\left(\\frac{1}{z}\\deriv{}{z}\\right)^{m}(z^{n+1}g_{n}(z))=z^{n-m+1}g_{n-m}(z),$"}},{"subequation":{"xml-id":"C10.S51.Ex12","tex":"$\\left(\\frac{1}{z}\\frac{\\mathrm{d}}{\\mathrm{d}z}\\right)^{m}(z^{-n}g_{n}(z))=z^{ -n-m}g_{n+m}(z),$","constraints":{"tex":"$m=0,1,\\dotsc.$"},"content-tex":"$\\left(\\frac{1}{z}\\deriv{}{z}\\right)^{m}(z^{-n}g_{n}(z))=z^{-n-m}g_{n+m}(z),$"}}]}}{"expression":{"context-references":{"chapter-title":"Bessel Functions","chapter-xmlid":"C10"},"xml-id":"C1.S4.E4.m2aadec","tex":"$\\frac{\\mathrm{d}\\NVar{f}}{\\mathrm{d}\\NVar{x}}$","content-tex":"$\\deriv{\\NVar{f}}{\\NVar{x}}$"}}{"expression":{"context-references":{"chapter-title":"Bessel Functions","chapter-xmlid":"C10"},"xml-id":"C1.S4.E4.m3aadec","tex":"$f$"}}{"expression":{"context-references":{"chapter-title":"Bessel Functions","chapter-xmlid":"C10"},"xml-id":"C1.S4.E4.m4aadec","tex":"$x$"}}{"expression":{"context-references":{"chapter-title":"Bessel Functions","chapter-xmlid":"C10"},"xml-id":"C10.S1.XMD1.m1adec","tex":"$m$"}}{"expression":{"context-references":{"chapter-title":"Bessel Functions","chapter-xmlid":"C10"},"xml-id":"C10.S1.XMD2.m1edec","tex":"$n$"}}{"expression":{"context-references":{"chapter-title":"Bessel Functions","chapter-xmlid":"C10"},"xml-id":"C10.S1.XMD6.m1edec","tex":"$z$"}}{"expression":{"context-references":{"chapter-title":"Bessel Functions","chapter-xmlid":"C10"},"xml-id":"C10.S51.XMD2.m1bdec","tex":"$g_{n}(z)$"}}