{"expression":{"context-references":{"subsection-xmlid":"C10.S67.SS1","chapter-title":"Bessel Functions","chapter-xmlid":"C10","section-title":"Asymptotic Expansions for Large Argument","section-xmlid":"C10.S67","subsection-title":"<Math mode=\"inline\" xml:id=\"C10.S67.SS1.m1\">\\operatorname{ber}_{\\nu}x,\\operatorname{bei}_{\\nu}x,\\operatorname{ker}_{\\nu}x, \\operatorname{kei}_{\\nu}x<\/Math>, and Derivatives"},"xml-id":"C10.S67.SS1.m1","tex":"$\\operatorname{ber}_{\\nu}x,\\operatorname{bei}_{\\nu}x,\\operatorname{ker}_{\\nu}x, \\operatorname{kei}_{\\nu}x$","content-tex":"$\\Kelvinber{\\nu}@@{x},\\Kelvinbei{\\nu}@@{x},\\Kelvinker{\\nu}@@{x},\\Kelvinkei{\\nu} @@{x}$"}}{"expression":{"context-references":{"chapter-title":"Bessel Functions","chapter-xmlid":"C10"},"xml-id":"C10.S67.SS1.m2","tex":"$\\operatorname{ber}_{\\nu}x,\\operatorname{bei}_{\\nu}x,\\operatorname{ker}_{\\nu}x, \\operatorname{kei}_{\\nu}x$","content-tex":"$\\Kelvinber{\\nu}@@{x},\\Kelvinbei{\\nu}@@{x},\\Kelvinker{\\nu}@@{x},\\Kelvinkei{\\nu} @@{x}$"}}{"expression":{"context-references":{"chapter-title":"Bessel Functions","chapter-xmlid":"C10"},"xml-id":"C10.S67.SS1.info.m1","tex":"$\\pi iI_{\\nu}\\left(xe^{\\pi i\/4}\\right)=K_{\\nu}\\left(xe^{-3\\pi i\/4}\\right)-e^{ \\nu\\pi i}K_{\\nu}\\left(xe^{\\pi i\/4}\\right)$","content-tex":"$\\pi i\\modBesselI{\\nu}@{xe^{\\pi i\/4}}=\\modBesselK{\\nu}@{xe^{-3\\pi i\/4}}-e^{\\nu \\pi i}\\modBesselK{\\nu}@{xe^{\\pi i\/4}}$"}}{"expression":{"context-references":{"sentence-num-in-corpus":"7323","subsection-xmlid":"C10.S67.SS1","sentence-xmlid":"C10.S67.SS1.p1.s1","chapter-title":"Bessel Functions","chapter-xmlid":"C10","section-title":"Asymptotic Expansions for Large Argument","sentence-num-in-chapter":"924","section-xmlid":"C10.S67","sentence-num-in-section":"1","para-num-of-sentences":"5","para-xmlid":"C10.S67.SS1.p1","subsection-title":"<Math mode=\"inline\" xml:id=\"C10.S67.SS1.m1\">\\operatorname{ber}_{\\nu}x,\\operatorname{bei}_{\\nu}x,\\operatorname{ker}_{\\nu}x, \\operatorname{kei}_{\\nu}x<\/Math>, and Derivatives"},"xml-id":"C10.S67.SS1.p1.m1","tex":"$a_{k}(\\nu)$"}}{"expression":{"context-references":{"sentence-num-in-corpus":"7323","subsection-xmlid":"C10.S67.SS1","sentence-xmlid":"C10.S67.SS1.p1.s1","chapter-title":"Bessel Functions","chapter-xmlid":"C10","section-title":"Asymptotic Expansions for Large Argument","sentence-num-in-chapter":"924","section-xmlid":"C10.S67","sentence-num-in-section":"1","para-num-of-sentences":"5","para-xmlid":"C10.S67.SS1.p1","subsection-title":"<Math mode=\"inline\" xml:id=\"C10.S67.SS1.m1\">\\operatorname{ber}_{\\nu}x,\\operatorname{bei}_{\\nu}x,\\operatorname{ker}_{\\nu}x, \\operatorname{kei}_{\\nu}x<\/Math>, and Derivatives"},"xml-id":"C10.S67.SS1.p1.m2","tex":"$b_{k}(\\nu)$"}}{"expression":{"context-references":{"sentence-num-in-corpus":"7324","subsection-xmlid":"C10.S67.SS1","sentence-xmlid":"C10.S67.SS1.p1.s2","chapter-title":"Bessel Functions","chapter-xmlid":"C10","section-title":"Asymptotic Expansions for Large Argument","sentence-num-in-chapter":"925","section-xmlid":"C10.S67","sentence-num-in-section":"2","para-num-of-sentences":"5","para-xmlid":"C10.S67.SS1.p1","subsection-title":"<Math mode=\"inline\" xml:id=\"C10.S67.SS1.m1\">\\operatorname{ber}_{\\nu}x,\\operatorname{bei}_{\\nu}x,\\operatorname{ker}_{\\nu}x, \\operatorname{kei}_{\\nu}x<\/Math>, and Derivatives"},"xml-id":"C10.S67.SS1.p1.m3","tex":"$x\\to\\infty$"}}{"expression":{"context-references":{"sentence-num-in-corpus":"7324","subsection-xmlid":"C10.S67.SS1","sentence-xmlid":"C10.S67.SS1.p1.s2","chapter-title":"Bessel Functions","chapter-xmlid":"C10","section-title":"Asymptotic Expansions for Large Argument","sentence-num-in-chapter":"925","section-xmlid":"C10.S67","sentence-num-in-section":"2","para-num-of-sentences":"5","para-xmlid":"C10.S67.SS1.p1","subsection-title":"<Math mode=\"inline\" xml:id=\"C10.S67.SS1.m1\">\\operatorname{ber}_{\\nu}x,\\operatorname{bei}_{\\nu}x,\\operatorname{ker}_{\\nu}x, \\operatorname{kei}_{\\nu}x<\/Math>, and Derivatives"},"xml-id":"C10.S67.SS1.p1.m4","tex":"$\\nu$"}}{"equation":{"symbols-used":[{"symbol":{"tex":"$\\operatorname{ker}_{\\NVar{\\nu}}\\left(\\NVar{x}\\right)$","meaning":"Kelvin function","idref":"C10.S61.E2","content-tex":"$\\Kelvinker{\\NVar{\\nu}}@{\\NVar{x}}$"}},{"symbol":{"tex":"$\\sim$","meaning":"Poincaré asymptotic expansion","idref":"C2.S1.SS3.p1","content-tex":"$\\asympexp$"}},{"symbol":{"tex":"$\\pi$","meaning":"the ratio of the circumference of a circle to its diameter","idref":"C3.S12.E1","content-tex":"$\\cpi$"}},{"symbol":{"tex":"$\\cos\\NVar{z}$","meaning":"cosine function","idref":"C4.S14.E2","content-tex":"$\\cos@@{\\NVar{z}}$"}},{"symbol":{"tex":"$\\mathrm{e}$","meaning":"base of natural logarithm","idref":"C4.S2.E11","content-tex":"$\\expe$"}},{"symbol":{"tex":"$k$","meaning":"nonnegative integer","idref":"C10.S1.p2.t1.r2"}},{"symbol":{"tex":"$x$","meaning":"real variable","idref":"C10.S1.p2.t1.r3"}},{"symbol":{"tex":"$\\nu$","meaning":"complex parameter","idref":"C10.S1.p2.t1.r5"}},{"symbol":{"tex":"$a_{k}(\\nu)$","meaning":"expansion","idref":"C10.S17.E1"}}],"context-references":{"sentence-num-in-corpus":"7324","subsection-xmlid":"C10.S67.SS1","sentence-xmlid":"C10.S67.SS1.p1.s2","chapter-title":"Bessel Functions","chapter-xmlid":"C10","section-title":"Asymptotic Expansions for Large Argument","sentence-num-in-chapter":"925","section-xmlid":"C10.S67","sentence-num-in-section":"2","para-num-of-sentences":"5","para-xmlid":"C10.S67.SS1.p1","subsection-title":"<Math mode=\"inline\" xml:id=\"C10.S67.SS1.m1\">\\operatorname{ber}_{\\nu}x,\\operatorname{bei}_{\\nu}x,\\operatorname{ker}_{\\nu}x, \\operatorname{kei}_{\\nu}x<\/Math>, and Derivatives"},"xml-id":"C10.S67.E1","tex":"$\\operatorname{ker}_{\\nu}x\\sim e^{-x\/\\sqrt{2}}\\left(\\frac{\\pi}{2x}\\right)^{ \\frac{1}{2}}\\*\\sum_{k=0}^{\\infty}\\frac{a_{k}(\\nu)}{x^{k}}\\cos\\left(\\frac{x}{ \\sqrt{2}}+\\left(\\frac{\\nu}{2}+\\frac{k}{4}+\\frac{1}{8}\\right)\\pi\\right),$","permalink":"http:\/\/dlmf.nist.gov\/10.67.E1","equation-number":"10.67.1","content-tex":"$\\Kelvinker{\\nu}@@{x}\\asympexp e^{-x\/\\sqrt{2}}\\left(\\frac{\\pi}{2x}\\right)^{ \\frac{1}{2}}\\*\\sum_{k=0}^{\\infty}\\frac{a_{k}(\\nu)}{x^{k}}\\cos@{\\frac{x}{\\sqrt{ 2}}+\\left(\\frac{\\nu}{2}+\\frac{k}{4}+\\frac{1}{8}\\right)\\pi},$"}}{"equation":{"symbols-used":[{"symbol":{"tex":"$\\operatorname{kei}_{\\NVar{\\nu}}\\left(\\NVar{x}\\right)$","meaning":"Kelvin function","idref":"C10.S61.E2","content-tex":"$\\Kelvinkei{\\NVar{\\nu}}@{\\NVar{x}}$"}},{"symbol":{"tex":"$\\sim$","meaning":"Poincaré asymptotic expansion","idref":"C2.S1.SS3.p1","content-tex":"$\\asympexp$"}},{"symbol":{"tex":"$\\pi$","meaning":"the ratio of the circumference of a circle to its diameter","idref":"C3.S12.E1","content-tex":"$\\cpi$"}},{"symbol":{"tex":"$\\mathrm{e}$","meaning":"base of natural logarithm","idref":"C4.S2.E11","content-tex":"$\\expe$"}},{"symbol":{"tex":"$\\sin\\NVar{z}$","meaning":"sine function","idref":"C4.S14.E1","content-tex":"$\\sin@@{\\NVar{z}}$"}},{"symbol":{"tex":"$k$","meaning":"nonnegative integer","idref":"C10.S1.p2.t1.r2"}},{"symbol":{"tex":"$x$","meaning":"real variable","idref":"C10.S1.p2.t1.r3"}},{"symbol":{"tex":"$\\nu$","meaning":"complex parameter","idref":"C10.S1.p2.t1.r5"}},{"symbol":{"tex":"$a_{k}(\\nu)$","meaning":"expansion","idref":"C10.S17.E1"}}],"context-references":{"sentence-num-in-corpus":"7324","subsection-xmlid":"C10.S67.SS1","sentence-xmlid":"C10.S67.SS1.p1.s2","chapter-title":"Bessel Functions","chapter-xmlid":"C10","section-title":"Asymptotic Expansions for Large Argument","sentence-num-in-chapter":"925","section-xmlid":"C10.S67","sentence-num-in-section":"2","para-num-of-sentences":"5","para-xmlid":"C10.S67.SS1.p1","subsection-title":"<Math mode=\"inline\" xml:id=\"C10.S67.SS1.m1\">\\operatorname{ber}_{\\nu}x,\\operatorname{bei}_{\\nu}x,\\operatorname{ker}_{\\nu}x, \\operatorname{kei}_{\\nu}x<\/Math>, and Derivatives"},"xml-id":"C10.S67.E2","tex":"$\\operatorname{kei}_{\\nu}x\\sim-e^{-x\/\\sqrt{2}}\\left(\\frac{\\pi}{2x}\\right)^{ \\frac{1}{2}}\\*\\sum_{k=0}^{\\infty}\\frac{a_{k}(\\nu)}{x^{k}}\\*\\sin\\left(\\frac{x}{ \\sqrt{2}}+\\left(\\frac{\\nu}{2}+\\frac{k}{4}+\\frac{1}{8}\\right)\\pi\\right).$","permalink":"http:\/\/dlmf.nist.gov\/10.67.E2","equation-number":"10.67.2","content-tex":"$\\Kelvinkei{\\nu}@@{x}\\asympexp-e^{-x\/\\sqrt{2}}\\left(\\frac{\\pi}{2x}\\right)^{ \\frac{1}{2}}\\*\\sum_{k=0}^{\\infty}\\frac{a_{k}(\\nu)}{x^{k}}\\*\\sin@{\\frac{x}{ \\sqrt{2}}+\\left(\\frac{\\nu}{2}+\\frac{k}{4}+\\frac{1}{8}\\right)\\pi}.$"}}{"equation":{"symbols-used":[{"symbol":{"tex":"$\\operatorname{ber}_{\\NVar{\\nu}}\\left(\\NVar{x}\\right)$","meaning":"Kelvin function","idref":"C10.S61.E1","content-tex":"$\\Kelvinber{\\NVar{\\nu}}@{\\NVar{x}}$"}},{"symbol":{"tex":"$\\operatorname{kei}_{\\NVar{\\nu}}\\left(\\NVar{x}\\right)$","meaning":"Kelvin function","idref":"C10.S61.E2","content-tex":"$\\Kelvinkei{\\NVar{\\nu}}@{\\NVar{x}}$"}},{"symbol":{"tex":"$\\operatorname{ker}_{\\NVar{\\nu}}\\left(\\NVar{x}\\right)$","meaning":"Kelvin function","idref":"C10.S61.E2","content-tex":"$\\Kelvinker{\\NVar{\\nu}}@{\\NVar{x}}$"}},{"symbol":{"tex":"$\\sim$","meaning":"Poincaré asymptotic expansion","idref":"C2.S1.SS3.p1","content-tex":"$\\asympexp$"}},{"symbol":{"tex":"$\\pi$","meaning":"the ratio of the circumference of a circle to its diameter","idref":"C3.S12.E1","content-tex":"$\\cpi$"}},{"symbol":{"tex":"$\\cos\\NVar{z}$","meaning":"cosine function","idref":"C4.S14.E2","content-tex":"$\\cos@@{\\NVar{z}}$"}},{"symbol":{"tex":"$\\mathrm{e}$","meaning":"base of natural logarithm","idref":"C4.S2.E11","content-tex":"$\\expe$"}},{"symbol":{"tex":"$\\sin\\NVar{z}$","meaning":"sine function","idref":"C4.S14.E1","content-tex":"$\\sin@@{\\NVar{z}}$"}},{"symbol":{"tex":"$k$","meaning":"nonnegative integer","idref":"C10.S1.p2.t1.r2"}},{"symbol":{"tex":"$x$","meaning":"real variable","idref":"C10.S1.p2.t1.r3"}},{"symbol":{"tex":"$\\nu$","meaning":"complex parameter","idref":"C10.S1.p2.t1.r5"}},{"symbol":{"tex":"$a_{k}(\\nu)$","meaning":"expansion","idref":"C10.S17.E1"}}],"context-references":{"sentence-num-in-corpus":"7325","subsection-xmlid":"C10.S67.SS1","sentence-xmlid":"C10.S67.SS1.p1.s3","chapter-title":"Bessel Functions","chapter-xmlid":"C10","section-title":"Asymptotic Expansions for Large Argument","sentence-num-in-chapter":"926","section-xmlid":"C10.S67","sentence-num-in-section":"3","para-num-of-sentences":"5","para-xmlid":"C10.S67.SS1.p1","subsection-title":"<Math mode=\"inline\" xml:id=\"C10.S67.SS1.m1\">\\operatorname{ber}_{\\nu}x,\\operatorname{bei}_{\\nu}x,\\operatorname{ker}_{\\nu}x, \\operatorname{kei}_{\\nu}x<\/Math>, and Derivatives"},"xml-id":"C10.S67.E3","tex":"$\\operatorname{ber}_{\\nu}x\\sim\\frac{e^{x\/\\sqrt{2}}}{(2\\pi x)^{\\frac{1}{2}}}\\* \\sum_{k=0}^{\\infty}\\frac{a_{k}(\\nu)}{x^{k}}\\cos\\left(\\frac{x}{\\sqrt{2}}+\\left( \\frac{\\nu}{2}+\\frac{3k}{4}-\\frac{1}{8}\\right)\\pi\\right)-\\frac{1}{\\pi}(\\sin \\left(2\\nu\\pi\\right)\\operatorname{ker}_{\\nu}x+\\cos\\left(2\\nu\\pi\\right) \\operatorname{kei}_{\\nu}x),$","permalink":"http:\/\/dlmf.nist.gov\/10.67.E3","equation-number":"10.67.3","content-tex":"$\\Kelvinber{\\nu}@@{x}\\asympexp\\frac{e^{x\/\\sqrt{2}}}{(2\\pi x)^{\\frac{1}{2}}}\\* \\sum_{k=0}^{\\infty}\\frac{a_{k}(\\nu)}{x^{k}}\\cos@{\\frac{x}{\\sqrt{2}}+\\left( \\frac{\\nu}{2}+\\frac{3k}{4}-\\frac{1}{8}\\right)\\pi}-\\frac{1}{\\pi}(\\sin@{2\\nu\\pi} \\Kelvinker{\\nu}@@{x}+\\cos@{2\\nu\\pi}\\Kelvinkei{\\nu}@@{x}),$"}}{"equation":{"symbols-used":[{"symbol":{"tex":"$\\operatorname{bei}_{\\NVar{\\nu}}\\left(\\NVar{x}\\right)$","meaning":"Kelvin function","idref":"C10.S61.E1","content-tex":"$\\Kelvinbei{\\NVar{\\nu}}@{\\NVar{x}}$"}},{"symbol":{"tex":"$\\operatorname{kei}_{\\NVar{\\nu}}\\left(\\NVar{x}\\right)$","meaning":"Kelvin function","idref":"C10.S61.E2","content-tex":"$\\Kelvinkei{\\NVar{\\nu}}@{\\NVar{x}}$"}},{"symbol":{"tex":"$\\operatorname{ker}_{\\NVar{\\nu}}\\left(\\NVar{x}\\right)$","meaning":"Kelvin function","idref":"C10.S61.E2","content-tex":"$\\Kelvinker{\\NVar{\\nu}}@{\\NVar{x}}$"}},{"symbol":{"tex":"$\\sim$","meaning":"Poincaré asymptotic expansion","idref":"C2.S1.SS3.p1","content-tex":"$\\asympexp$"}},{"symbol":{"tex":"$\\pi$","meaning":"the ratio of the circumference of a circle to its diameter","idref":"C3.S12.E1","content-tex":"$\\cpi$"}},{"symbol":{"tex":"$\\cos\\NVar{z}$","meaning":"cosine function","idref":"C4.S14.E2","content-tex":"$\\cos@@{\\NVar{z}}$"}},{"symbol":{"tex":"$\\mathrm{e}$","meaning":"base of natural logarithm","idref":"C4.S2.E11","content-tex":"$\\expe$"}},{"symbol":{"tex":"$\\sin\\NVar{z}$","meaning":"sine function","idref":"C4.S14.E1","content-tex":"$\\sin@@{\\NVar{z}}$"}},{"symbol":{"tex":"$k$","meaning":"nonnegative integer","idref":"C10.S1.p2.t1.r2"}},{"symbol":{"tex":"$x$","meaning":"real variable","idref":"C10.S1.p2.t1.r3"}},{"symbol":{"tex":"$\\nu$","meaning":"complex parameter","idref":"C10.S1.p2.t1.r5"}},{"symbol":{"tex":"$a_{k}(\\nu)$","meaning":"expansion","idref":"C10.S17.E1"}}],"context-references":{"sentence-num-in-corpus":"7325","subsection-xmlid":"C10.S67.SS1","sentence-xmlid":"C10.S67.SS1.p1.s3","chapter-title":"Bessel Functions","chapter-xmlid":"C10","section-title":"Asymptotic Expansions for Large Argument","sentence-num-in-chapter":"926","section-xmlid":"C10.S67","sentence-num-in-section":"3","para-num-of-sentences":"5","para-xmlid":"C10.S67.SS1.p1","subsection-title":"<Math mode=\"inline\" xml:id=\"C10.S67.SS1.m1\">\\operatorname{ber}_{\\nu}x,\\operatorname{bei}_{\\nu}x,\\operatorname{ker}_{\\nu}x, \\operatorname{kei}_{\\nu}x<\/Math>, and Derivatives"},"xml-id":"C10.S67.E4","tex":"$\\operatorname{bei}_{\\nu}x\\sim\\frac{e^{x\/\\sqrt{2}}}{(2\\pi x)^{\\frac{1}{2}}}\\* \\sum_{k=0}^{\\infty}\\frac{a_{k}(\\nu)}{x^{k}}\\sin\\left(\\frac{x}{\\sqrt{2}}+\\left( \\frac{\\nu}{2}+\\frac{3k}{4}-\\frac{1}{8}\\right)\\pi\\right)+\\frac{1}{\\pi}(\\cos \\left(2\\nu\\pi\\right)\\operatorname{ker}_{\\nu}x-\\sin\\left(2\\nu\\pi\\right) \\operatorname{kei}_{\\nu}x).$","permalink":"http:\/\/dlmf.nist.gov\/10.67.E4","equation-number":"10.67.4","content-tex":"$\\Kelvinbei{\\nu}@@{x}\\asympexp\\frac{e^{x\/\\sqrt{2}}}{(2\\pi x)^{\\frac{1}{2}}}\\* \\sum_{k=0}^{\\infty}\\frac{a_{k}(\\nu)}{x^{k}}\\sin@{\\frac{x}{\\sqrt{2}}+\\left( \\frac{\\nu}{2}+\\frac{3k}{4}-\\frac{1}{8}\\right)\\pi}+\\frac{1}{\\pi}(\\cos@{2\\nu\\pi} \\Kelvinker{\\nu}@@{x}-\\sin@{2\\nu\\pi}\\Kelvinkei{\\nu}@@{x}).$"}}{"equation":{"symbols-used":[{"symbol":{"tex":"$\\operatorname{ker}_{\\NVar{\\nu}}\\left(\\NVar{x}\\right)$","meaning":"Kelvin function","idref":"C10.S61.E2","content-tex":"$\\Kelvinker{\\NVar{\\nu}}@{\\NVar{x}}$"}},{"symbol":{"tex":"$\\sim$","meaning":"Poincaré asymptotic expansion","idref":"C2.S1.SS3.p1","content-tex":"$\\asympexp$"}},{"symbol":{"tex":"$\\pi$","meaning":"the ratio of the circumference of a circle to its diameter","idref":"C3.S12.E1","content-tex":"$\\cpi$"}},{"symbol":{"tex":"$\\cos\\NVar{z}$","meaning":"cosine function","idref":"C4.S14.E2","content-tex":"$\\cos@@{\\NVar{z}}$"}},{"symbol":{"tex":"$\\mathrm{e}$","meaning":"base of natural logarithm","idref":"C4.S2.E11","content-tex":"$\\expe$"}},{"symbol":{"tex":"$k$","meaning":"nonnegative integer","idref":"C10.S1.p2.t1.r2"}},{"symbol":{"tex":"$x$","meaning":"real variable","idref":"C10.S1.p2.t1.r3"}},{"symbol":{"tex":"$\\nu$","meaning":"complex parameter","idref":"C10.S1.p2.t1.r5"}},{"symbol":{"tex":"$b_{k}(\\nu)$","meaning":"expansion","idref":"C10.S17.E8"}}],"context-references":{"sentence-num-in-corpus":"7326","subsection-xmlid":"C10.S67.SS1","sentence-xmlid":"C10.S67.SS1.p1.s4","chapter-title":"Bessel Functions","chapter-xmlid":"C10","section-title":"Asymptotic Expansions for Large Argument","sentence-num-in-chapter":"927","section-xmlid":"C10.S67","sentence-num-in-section":"4","para-num-of-sentences":"5","para-xmlid":"C10.S67.SS1.p1","subsection-title":"<Math mode=\"inline\" xml:id=\"C10.S67.SS1.m1\">\\operatorname{ber}_{\\nu}x,\\operatorname{bei}_{\\nu}x,\\operatorname{ker}_{\\nu}x, \\operatorname{kei}_{\\nu}x<\/Math>, and Derivatives"},"xml-id":"C10.S67.E5","tex":"$\\operatorname{ker}_{\\nu}'x\\sim-e^{-x\/\\sqrt{2}}\\left(\\frac{\\pi}{2x}\\right)^{ \\frac{1}{2}}\\sum_{k=0}^{\\infty}\\frac{b_{k}(\\nu)}{x^{k}}\\*\\cos\\left(\\frac{x}{ \\sqrt{2}}+\\left(\\frac{\\nu}{2}+\\frac{k}{4}-\\frac{1}{8}\\right)\\pi\\right),$","permalink":"http:\/\/dlmf.nist.gov\/10.67.E5","equation-number":"10.67.5","content-tex":"$\\Kelvinker{\\nu}'@@{x}\\asympexp-e^{-x\/\\sqrt{2}}\\left(\\frac{\\pi}{2x}\\right)^{ \\frac{1}{2}}\\sum_{k=0}^{\\infty}\\frac{b_{k}(\\nu)}{x^{k}}\\*\\cos@{\\frac{x}{\\sqrt{ 2}}+\\left(\\frac{\\nu}{2}+\\frac{k}{4}-\\frac{1}{8}\\right)\\pi},$"}}{"equation":{"symbols-used":[{"symbol":{"tex":"$\\operatorname{kei}_{\\NVar{\\nu}}\\left(\\NVar{x}\\right)$","meaning":"Kelvin function","idref":"C10.S61.E2","content-tex":"$\\Kelvinkei{\\NVar{\\nu}}@{\\NVar{x}}$"}},{"symbol":{"tex":"$\\sim$","meaning":"Poincaré asymptotic expansion","idref":"C2.S1.SS3.p1","content-tex":"$\\asympexp$"}},{"symbol":{"tex":"$\\pi$","meaning":"the ratio of the circumference of a circle to its diameter","idref":"C3.S12.E1","content-tex":"$\\cpi$"}},{"symbol":{"tex":"$\\mathrm{e}$","meaning":"base of natural logarithm","idref":"C4.S2.E11","content-tex":"$\\expe$"}},{"symbol":{"tex":"$\\sin\\NVar{z}$","meaning":"sine function","idref":"C4.S14.E1","content-tex":"$\\sin@@{\\NVar{z}}$"}},{"symbol":{"tex":"$k$","meaning":"nonnegative integer","idref":"C10.S1.p2.t1.r2"}},{"symbol":{"tex":"$x$","meaning":"real variable","idref":"C10.S1.p2.t1.r3"}},{"symbol":{"tex":"$\\nu$","meaning":"complex parameter","idref":"C10.S1.p2.t1.r5"}},{"symbol":{"tex":"$b_{k}(\\nu)$","meaning":"expansion","idref":"C10.S17.E8"}}],"context-references":{"sentence-num-in-corpus":"7326","subsection-xmlid":"C10.S67.SS1","sentence-xmlid":"C10.S67.SS1.p1.s4","chapter-title":"Bessel Functions","chapter-xmlid":"C10","section-title":"Asymptotic Expansions for Large Argument","sentence-num-in-chapter":"927","section-xmlid":"C10.S67","sentence-num-in-section":"4","para-num-of-sentences":"5","para-xmlid":"C10.S67.SS1.p1","subsection-title":"<Math mode=\"inline\" xml:id=\"C10.S67.SS1.m1\">\\operatorname{ber}_{\\nu}x,\\operatorname{bei}_{\\nu}x,\\operatorname{ker}_{\\nu}x, \\operatorname{kei}_{\\nu}x<\/Math>, and Derivatives"},"xml-id":"C10.S67.E6","tex":"$\\operatorname{kei}_{\\nu}'x\\sim e^{-x\/\\sqrt{2}}\\left(\\frac{\\pi}{2x}\\right)^{ \\frac{1}{2}}\\sum_{k=0}^{\\infty}\\frac{b_{k}(\\nu)}{x^{k}}\\*\\sin\\left(\\frac{x}{ \\sqrt{2}}+\\left(\\frac{\\nu}{2}+\\frac{k}{4}-\\frac{1}{8}\\right)\\pi\\right).$","permalink":"http:\/\/dlmf.nist.gov\/10.67.E6","equation-number":"10.67.6","content-tex":"$\\Kelvinkei{\\nu}'@@{x}\\asympexp e^{-x\/\\sqrt{2}}\\left(\\frac{\\pi}{2x}\\right)^{ \\frac{1}{2}}\\sum_{k=0}^{\\infty}\\frac{b_{k}(\\nu)}{x^{k}}\\*\\sin@{\\frac{x}{\\sqrt{ 2}}+\\left(\\frac{\\nu}{2}+\\frac{k}{4}-\\frac{1}{8}\\right)\\pi}.$"}}{"equation":{"symbols-used":[{"symbol":{"tex":"$\\operatorname{ber}_{\\NVar{\\nu}}\\left(\\NVar{x}\\right)$","meaning":"Kelvin function","idref":"C10.S61.E1","content-tex":"$\\Kelvinber{\\NVar{\\nu}}@{\\NVar{x}}$"}},{"symbol":{"tex":"$\\operatorname{kei}_{\\NVar{\\nu}}\\left(\\NVar{x}\\right)$","meaning":"Kelvin function","idref":"C10.S61.E2","content-tex":"$\\Kelvinkei{\\NVar{\\nu}}@{\\NVar{x}}$"}},{"symbol":{"tex":"$\\operatorname{ker}_{\\NVar{\\nu}}\\left(\\NVar{x}\\right)$","meaning":"Kelvin function","idref":"C10.S61.E2","content-tex":"$\\Kelvinker{\\NVar{\\nu}}@{\\NVar{x}}$"}},{"symbol":{"tex":"$\\sim$","meaning":"Poincaré asymptotic expansion","idref":"C2.S1.SS3.p1","content-tex":"$\\asympexp$"}},{"symbol":{"tex":"$\\pi$","meaning":"the ratio of the circumference of a circle to its diameter","idref":"C3.S12.E1","content-tex":"$\\cpi$"}},{"symbol":{"tex":"$\\cos\\NVar{z}$","meaning":"cosine function","idref":"C4.S14.E2","content-tex":"$\\cos@@{\\NVar{z}}$"}},{"symbol":{"tex":"$\\mathrm{e}$","meaning":"base of natural logarithm","idref":"C4.S2.E11","content-tex":"$\\expe$"}},{"symbol":{"tex":"$\\sin\\NVar{z}$","meaning":"sine function","idref":"C4.S14.E1","content-tex":"$\\sin@@{\\NVar{z}}$"}},{"symbol":{"tex":"$k$","meaning":"nonnegative integer","idref":"C10.S1.p2.t1.r2"}},{"symbol":{"tex":"$x$","meaning":"real variable","idref":"C10.S1.p2.t1.r3"}},{"symbol":{"tex":"$\\nu$","meaning":"complex parameter","idref":"C10.S1.p2.t1.r5"}},{"symbol":{"tex":"$b_{k}(\\nu)$","meaning":"expansion","idref":"C10.S17.E8"}}],"context-references":{"sentence-num-in-corpus":"7327","subsection-xmlid":"C10.S67.SS1","sentence-xmlid":"C10.S67.SS1.p1.s5","chapter-title":"Bessel Functions","chapter-xmlid":"C10","section-title":"Asymptotic Expansions for Large Argument","sentence-num-in-chapter":"928","section-xmlid":"C10.S67","sentence-num-in-section":"5","para-num-of-sentences":"5","para-xmlid":"C10.S67.SS1.p1","subsection-title":"<Math mode=\"inline\" xml:id=\"C10.S67.SS1.m1\">\\operatorname{ber}_{\\nu}x,\\operatorname{bei}_{\\nu}x,\\operatorname{ker}_{\\nu}x, \\operatorname{kei}_{\\nu}x<\/Math>, and Derivatives"},"xml-id":"C10.S67.E7","tex":"$\\operatorname{ber}_{\\nu}'x\\sim\\frac{e^{x\/\\sqrt{2}}}{(2\\pi x)^{\\frac{1}{2}}}\\* \\sum_{k=0}^{\\infty}\\frac{b_{k}(\\nu)}{x^{k}}\\cos\\left(\\frac{x}{\\sqrt{2}}+\\left( \\frac{\\nu}{2}+\\frac{3k}{4}+\\frac{1}{8}\\right)\\pi\\right)-\\frac{1}{\\pi}(\\sin \\left(2\\nu\\pi\\right)\\operatorname{ker}_{\\nu}'x+\\cos\\left(2\\nu\\pi\\right) \\operatorname{kei}_{\\nu}'x),$","permalink":"http:\/\/dlmf.nist.gov\/10.67.E7","equation-number":"10.67.7","content-tex":"$\\Kelvinber{\\nu}'@@{x}\\asympexp\\frac{e^{x\/\\sqrt{2}}}{(2\\pi x)^{\\frac{1}{2}}}\\* \\sum_{k=0}^{\\infty}\\frac{b_{k}(\\nu)}{x^{k}}\\cos@{\\frac{x}{\\sqrt{2}}+\\left( \\frac{\\nu}{2}+\\frac{3k}{4}+\\frac{1}{8}\\right)\\pi}-\\frac{1}{\\pi}(\\sin@{2\\nu\\pi} \\Kelvinker{\\nu}'@@{x}+\\cos@{2\\nu\\pi}\\Kelvinkei{\\nu}'@@{x}),$"}}{"equation":{"symbols-used":[{"symbol":{"tex":"$\\operatorname{bei}_{\\NVar{\\nu}}\\left(\\NVar{x}\\right)$","meaning":"Kelvin function","idref":"C10.S61.E1","content-tex":"$\\Kelvinbei{\\NVar{\\nu}}@{\\NVar{x}}$"}},{"symbol":{"tex":"$\\operatorname{kei}_{\\NVar{\\nu}}\\left(\\NVar{x}\\right)$","meaning":"Kelvin function","idref":"C10.S61.E2","content-tex":"$\\Kelvinkei{\\NVar{\\nu}}@{\\NVar{x}}$"}},{"symbol":{"tex":"$\\operatorname{ker}_{\\NVar{\\nu}}\\left(\\NVar{x}\\right)$","meaning":"Kelvin function","idref":"C10.S61.E2","content-tex":"$\\Kelvinker{\\NVar{\\nu}}@{\\NVar{x}}$"}},{"symbol":{"tex":"$\\sim$","meaning":"Poincaré asymptotic expansion","idref":"C2.S1.SS3.p1","content-tex":"$\\asympexp$"}},{"symbol":{"tex":"$\\pi$","meaning":"the ratio of the circumference of a circle to its diameter","idref":"C3.S12.E1","content-tex":"$\\cpi$"}},{"symbol":{"tex":"$\\cos\\NVar{z}$","meaning":"cosine function","idref":"C4.S14.E2","content-tex":"$\\cos@@{\\NVar{z}}$"}},{"symbol":{"tex":"$\\mathrm{e}$","meaning":"base of natural logarithm","idref":"C4.S2.E11","content-tex":"$\\expe$"}},{"symbol":{"tex":"$\\sin\\NVar{z}$","meaning":"sine function","idref":"C4.S14.E1","content-tex":"$\\sin@@{\\NVar{z}}$"}},{"symbol":{"tex":"$k$","meaning":"nonnegative integer","idref":"C10.S1.p2.t1.r2"}},{"symbol":{"tex":"$x$","meaning":"real variable","idref":"C10.S1.p2.t1.r3"}},{"symbol":{"tex":"$\\nu$","meaning":"complex parameter","idref":"C10.S1.p2.t1.r5"}},{"symbol":{"tex":"$b_{k}(\\nu)$","meaning":"expansion","idref":"C10.S17.E8"}}],"context-references":{"sentence-num-in-corpus":"7327","subsection-xmlid":"C10.S67.SS1","sentence-xmlid":"C10.S67.SS1.p1.s5","chapter-title":"Bessel Functions","chapter-xmlid":"C10","section-title":"Asymptotic Expansions for Large Argument","sentence-num-in-chapter":"928","section-xmlid":"C10.S67","sentence-num-in-section":"5","para-num-of-sentences":"5","para-xmlid":"C10.S67.SS1.p1","subsection-title":"<Math mode=\"inline\" xml:id=\"C10.S67.SS1.m1\">\\operatorname{ber}_{\\nu}x,\\operatorname{bei}_{\\nu}x,\\operatorname{ker}_{\\nu}x, \\operatorname{kei}_{\\nu}x<\/Math>, and Derivatives"},"xml-id":"C10.S67.E8","tex":"$\\operatorname{bei}_{\\nu}'x\\sim\\frac{e^{x\/\\sqrt{2}}}{(2\\pi x)^{\\frac{1}{2}}}\\* \\sum_{k=0}^{\\infty}\\frac{b_{k}(\\nu)}{x^{k}}\\sin\\left(\\frac{x}{\\sqrt{2}}+\\left( \\frac{\\nu}{2}+\\frac{3k}{4}+\\frac{1}{8}\\right)\\pi\\right)+\\frac{1}{\\pi}(\\cos \\left(2\\nu\\pi\\right)\\operatorname{ker}_{\\nu}'x-\\sin\\left(2\\nu\\pi\\right) \\operatorname{kei}_{\\nu}'x).$","permalink":"http:\/\/dlmf.nist.gov\/10.67.E8","equation-number":"10.67.8","content-tex":"$\\Kelvinbei{\\nu}'@@{x}\\asympexp\\frac{e^{x\/\\sqrt{2}}}{(2\\pi x)^{\\frac{1}{2}}}\\* \\sum_{k=0}^{\\infty}\\frac{b_{k}(\\nu)}{x^{k}}\\sin@{\\frac{x}{\\sqrt{2}}+\\left( \\frac{\\nu}{2}+\\frac{3k}{4}+\\frac{1}{8}\\right)\\pi}+\\frac{1}{\\pi}(\\cos@{2\\nu\\pi} \\Kelvinker{\\nu}'@@{x}-\\sin@{2\\nu\\pi}\\Kelvinkei{\\nu}'@@{x}).$"}}{"expression":{"context-references":{"sentence-num-in-corpus":"7328","subsection-xmlid":"C10.S67.SS1","sentence-xmlid":"C10.S67.SS1.p2.s1","chapter-title":"Bessel Functions","chapter-xmlid":"C10","section-title":"Asymptotic Expansions for Large Argument","sentence-num-in-chapter":"929","section-xmlid":"C10.S67","sentence-num-in-section":"6","para-num-of-sentences":"2","para-xmlid":"C10.S67.SS1.p2","subsection-title":"<Math mode=\"inline\" xml:id=\"C10.S67.SS1.m1\">\\operatorname{ber}_{\\nu}x,\\operatorname{bei}_{\\nu}x,\\operatorname{ker}_{\\nu}x, \\operatorname{kei}_{\\nu}x<\/Math>, and Derivatives"},"xml-id":"C10.S67.SS1.p2.m1","tex":"$\\operatorname{ker}_{\\nu}x$","content-tex":"$\\Kelvinker{\\nu}@@{x}$"}}{"expression":{"context-references":{"sentence-num-in-corpus":"7328","subsection-xmlid":"C10.S67.SS1","sentence-xmlid":"C10.S67.SS1.p2.s1","chapter-title":"Bessel Functions","chapter-xmlid":"C10","section-title":"Asymptotic Expansions for Large Argument","sentence-num-in-chapter":"929","section-xmlid":"C10.S67","sentence-num-in-section":"6","para-num-of-sentences":"2","para-xmlid":"C10.S67.SS1.p2","subsection-title":"<Math mode=\"inline\" xml:id=\"C10.S67.SS1.m1\">\\operatorname{ber}_{\\nu}x,\\operatorname{bei}_{\\nu}x,\\operatorname{ker}_{\\nu}x, \\operatorname{kei}_{\\nu}x<\/Math>, and Derivatives"},"xml-id":"C10.S67.SS1.p2.m2","tex":"$\\operatorname{kei}_{\\nu}x$","content-tex":"$\\Kelvinkei{\\nu}@@{x}$"}}{"expression":{"context-references":{"sentence-num-in-corpus":"7328","subsection-xmlid":"C10.S67.SS1","sentence-xmlid":"C10.S67.SS1.p2.s1","chapter-title":"Bessel Functions","chapter-xmlid":"C10","section-title":"Asymptotic Expansions for Large Argument","sentence-num-in-chapter":"929","section-xmlid":"C10.S67","sentence-num-in-section":"6","para-num-of-sentences":"2","para-xmlid":"C10.S67.SS1.p2","subsection-title":"<Math mode=\"inline\" xml:id=\"C10.S67.SS1.m1\">\\operatorname{ber}_{\\nu}x,\\operatorname{bei}_{\\nu}x,\\operatorname{ker}_{\\nu}x, \\operatorname{kei}_{\\nu}x<\/Math>, and Derivatives"},"xml-id":"C10.S67.SS1.p2.m3","tex":"$\\operatorname{ker}_{\\nu}'x$","content-tex":"$\\Kelvinker{\\nu}'@@{x}$"}}{"expression":{"context-references":{"sentence-num-in-corpus":"7328","subsection-xmlid":"C10.S67.SS1","sentence-xmlid":"C10.S67.SS1.p2.s1","chapter-title":"Bessel Functions","chapter-xmlid":"C10","section-title":"Asymptotic Expansions for Large Argument","sentence-num-in-chapter":"929","section-xmlid":"C10.S67","sentence-num-in-section":"6","para-num-of-sentences":"2","para-xmlid":"C10.S67.SS1.p2","subsection-title":"<Math mode=\"inline\" xml:id=\"C10.S67.SS1.m1\">\\operatorname{ber}_{\\nu}x,\\operatorname{bei}_{\\nu}x,\\operatorname{ker}_{\\nu}x, \\operatorname{kei}_{\\nu}x<\/Math>, and Derivatives"},"xml-id":"C10.S67.SS1.p2.m4","tex":"$\\operatorname{kei}_{\\nu}'x$","content-tex":"$\\Kelvinkei{\\nu}'@@{x}$"}}{"expression":{"context-references":{"subsection-xmlid":"C10.S67.SS2","chapter-title":"Bessel Functions","chapter-xmlid":"C10","section-title":"Asymptotic Expansions for Large Argument","section-xmlid":"C10.S67","subsection-title":"Cross-Products and Sums of Squares in the Case <Math mode=\"inline\" xml:id=\"C10.S67.SS2.m1\">\\nu=0<\/Math>"},"xml-id":"C10.S67.SS2.m1","tex":"$\\nu=0$"}}{"expression":{"context-references":{"chapter-title":"Bessel Functions","chapter-xmlid":"C10"},"xml-id":"C10.S67.SS2.m2","tex":"$\\nu=0$"}}{"expression":{"context-references":{"chapter-title":"Bessel Functions","chapter-xmlid":"C10"},"xml-id":"C10.S67.SS2.info.m1","tex":"$\\cos$"}}{"expression":{"context-references":{"chapter-title":"Bessel Functions","chapter-xmlid":"C10"},"xml-id":"C10.S67.SS2.info.m2","tex":"$\\sin$"}}{"expression":{"context-references":{"chapter-title":"Bessel Functions","chapter-xmlid":"C10"},"xml-id":"C10.S67.SS2.info.m3","tex":"$\\operatorname{ber}_{\\nu}x\\pm i\\operatorname{bei}_{\\nu}x$","content-tex":"$\\Kelvinber{\\nu}@@{x}\\pm i\\Kelvinbei{\\nu}@@{x}$"}}{"expression":{"context-references":{"chapter-title":"Bessel Functions","chapter-xmlid":"C10"},"xml-id":"C10.S67.SS2.info.m4","tex":"$\\operatorname{ker}_{\\nu}x\\pm i\\operatorname{kei}_{\\nu}x$","content-tex":"$\\Kelvinker{\\nu}@@{x}\\pm i\\Kelvinkei{\\nu}@@{x}$"}}{"expression":{"context-references":{"chapter-title":"Bessel Functions","chapter-xmlid":"C10"},"xml-id":"C10.S67.SS2.info.m5","tex":"$\\nu=0$"}}{"expression":{"context-references":{"sentence-num-in-corpus":"7330","subsection-xmlid":"C10.S67.SS2","sentence-xmlid":"C10.S67.SS2.p1.s1","chapter-title":"Bessel Functions","chapter-xmlid":"C10","section-title":"Asymptotic Expansions for Large Argument","sentence-num-in-chapter":"931","section-xmlid":"C10.S67","sentence-num-in-section":"8","para-num-of-sentences":"2","para-xmlid":"C10.S67.SS2.p1","subsection-title":"Cross-Products and Sums of Squares in the Case <Math mode=\"inline\" xml:id=\"C10.S67.SS2.m1\">\\nu=0<\/Math>"},"xml-id":"C10.S67.SS2.p1.m1","tex":"$x\\to\\infty$"}}{"equation":{"symbols-used":[{"symbol":{"tex":"$\\operatorname{bei}_{\\NVar{\\nu}}\\left(\\NVar{x}\\right)$","meaning":"Kelvin function","idref":"C10.S61.E1","content-tex":"$\\Kelvinbei{\\NVar{\\nu}}@{\\NVar{x}}$"}},{"symbol":{"tex":"$\\operatorname{ber}_{\\NVar{\\nu}}\\left(\\NVar{x}\\right)$","meaning":"Kelvin function","idref":"C10.S61.E1","content-tex":"$\\Kelvinber{\\NVar{\\nu}}@{\\NVar{x}}$"}},{"symbol":{"tex":"$\\sim$","meaning":"Poincaré asymptotic expansion","idref":"C2.S1.SS3.p1","content-tex":"$\\asympexp$"}},{"symbol":{"tex":"$\\pi$","meaning":"the ratio of the circumference of a circle to its diameter","idref":"C3.S12.E1","content-tex":"$\\cpi$"}},{"symbol":{"tex":"$\\mathrm{e}$","meaning":"base of natural logarithm","idref":"C4.S2.E11","content-tex":"$\\expe$"}},{"symbol":{"tex":"$x$","meaning":"real variable","idref":"C10.S1.p2.t1.r3"}}],"context-references":{"sentence-num-in-corpus":"7330","subsection-xmlid":"C10.S67.SS2","sentence-xmlid":"C10.S67.SS2.p1.s1","chapter-title":"Bessel Functions","chapter-xmlid":"C10","section-title":"Asymptotic Expansions for Large Argument","sentence-num-in-chapter":"931","section-xmlid":"C10.S67","sentence-num-in-section":"8","para-num-of-sentences":"2","para-xmlid":"C10.S67.SS2.p1","subsection-title":"Cross-Products and Sums of Squares in the Case <Math mode=\"inline\" xml:id=\"C10.S67.SS2.m1\">\\nu=0<\/Math>"},"xml-id":"C10.S67.E9","tex":"${\\operatorname{ber}^{2}}x+{\\operatorname{bei}^{2}}x\\sim\\frac{e^{x\\sqrt{2}}}{2 \\pi x}\\left(1+\\frac{1}{4\\sqrt{2}}\\frac{1}{x}+\\frac{1}{64}\\frac{1}{x^{2}}-\\frac {33}{256\\sqrt{2}}\\frac{1}{x^{3}}-\\frac{1797}{8192}\\frac{1}{x^{4}}+\\dotsb\\right),$","permalink":"http:\/\/dlmf.nist.gov\/10.67.E9","equation-number":"10.67.9","content-tex":"$\\Kelvinber{}^{2}@@{x}+\\Kelvinbei{}^{2}@@{x}\\asympexp\\frac{e^{x\\sqrt{2}}}{2\\pi x }\\left(1+\\frac{1}{4\\sqrt{2}}\\frac{1}{x}+\\frac{1}{64}\\frac{1}{x^{2}}-\\frac{33}{ 256\\sqrt{2}}\\frac{1}{x^{3}}-\\frac{1797}{8192}\\frac{1}{x^{4}}+\\dotsb\\right),$"}}{"equation":{"symbols-used":[{"symbol":{"tex":"$\\operatorname{bei}_{\\NVar{\\nu}}\\left(\\NVar{x}\\right)$","meaning":"Kelvin function","idref":"C10.S61.E1","content-tex":"$\\Kelvinbei{\\NVar{\\nu}}@{\\NVar{x}}$"}},{"symbol":{"tex":"$\\operatorname{ber}_{\\NVar{\\nu}}\\left(\\NVar{x}\\right)$","meaning":"Kelvin function","idref":"C10.S61.E1","content-tex":"$\\Kelvinber{\\NVar{\\nu}}@{\\NVar{x}}$"}},{"symbol":{"tex":"$\\sim$","meaning":"Poincaré asymptotic expansion","idref":"C2.S1.SS3.p1","content-tex":"$\\asympexp$"}},{"symbol":{"tex":"$\\pi$","meaning":"the ratio of the circumference of a circle to its diameter","idref":"C3.S12.E1","content-tex":"$\\cpi$"}},{"symbol":{"tex":"$\\mathrm{e}$","meaning":"base of natural logarithm","idref":"C4.S2.E11","content-tex":"$\\expe$"}},{"symbol":{"tex":"$x$","meaning":"real variable","idref":"C10.S1.p2.t1.r3"}}],"context-references":{"sentence-num-in-corpus":"7330","subsection-xmlid":"C10.S67.SS2","sentence-xmlid":"C10.S67.SS2.p1.s1","chapter-title":"Bessel Functions","chapter-xmlid":"C10","section-title":"Asymptotic Expansions for Large Argument","sentence-num-in-chapter":"931","section-xmlid":"C10.S67","sentence-num-in-section":"8","para-num-of-sentences":"2","para-xmlid":"C10.S67.SS2.p1","subsection-title":"Cross-Products and Sums of Squares in the Case <Math mode=\"inline\" xml:id=\"C10.S67.SS2.m1\">\\nu=0<\/Math>"},"xml-id":"C10.S67.E10","tex":"$\\operatorname{ber}x\\operatorname{bei}'x-\\operatorname{ber}'x\\operatorname{bei} x\\sim\\frac{e^{x\\sqrt{2}}}{2\\pi x}\\left(\\frac{1}{\\sqrt{2}}+\\frac{1}{8}\\frac{1}{ x}+\\frac{9}{64\\sqrt{2}}\\frac{1}{x^{2}}+\\frac{39}{512}\\frac{1}{x^{3}}+\\frac{75} {8192\\sqrt{2}}\\frac{1}{x^{4}}+\\dotsb\\right),$","permalink":"http:\/\/dlmf.nist.gov\/10.67.E10","equation-number":"10.67.10","content-tex":"$\\Kelvinber{}@@{x}\\Kelvinbei{}'@@{x}-\\Kelvinber{}'@@{x}\\Kelvinbei{}@@{x} \\asympexp\\frac{e^{x\\sqrt{2}}}{2\\pi x}\\left(\\frac{1}{\\sqrt{2}}+\\frac{1}{8}\\frac {1}{x}+\\frac{9}{64\\sqrt{2}}\\frac{1}{x^{2}}+\\frac{39}{512}\\frac{1}{x^{3}}+\\frac {75}{8192\\sqrt{2}}\\frac{1}{x^{4}}+\\dotsb\\right),$"}}{"equation":{"symbols-used":[{"symbol":{"tex":"$\\operatorname{bei}_{\\NVar{\\nu}}\\left(\\NVar{x}\\right)$","meaning":"Kelvin function","idref":"C10.S61.E1","content-tex":"$\\Kelvinbei{\\NVar{\\nu}}@{\\NVar{x}}$"}},{"symbol":{"tex":"$\\operatorname{ber}_{\\NVar{\\nu}}\\left(\\NVar{x}\\right)$","meaning":"Kelvin function","idref":"C10.S61.E1","content-tex":"$\\Kelvinber{\\NVar{\\nu}}@{\\NVar{x}}$"}},{"symbol":{"tex":"$\\sim$","meaning":"Poincaré asymptotic expansion","idref":"C2.S1.SS3.p1","content-tex":"$\\asympexp$"}},{"symbol":{"tex":"$\\pi$","meaning":"the ratio of the circumference of a circle to its diameter","idref":"C3.S12.E1","content-tex":"$\\cpi$"}},{"symbol":{"tex":"$\\mathrm{e}$","meaning":"base of natural logarithm","idref":"C4.S2.E11","content-tex":"$\\expe$"}},{"symbol":{"tex":"$x$","meaning":"real variable","idref":"C10.S1.p2.t1.r3"}}],"context-references":{"sentence-num-in-corpus":"7330","subsection-xmlid":"C10.S67.SS2","sentence-xmlid":"C10.S67.SS2.p1.s1","chapter-title":"Bessel Functions","chapter-xmlid":"C10","section-title":"Asymptotic Expansions for Large Argument","sentence-num-in-chapter":"931","section-xmlid":"C10.S67","sentence-num-in-section":"8","para-num-of-sentences":"2","para-xmlid":"C10.S67.SS2.p1","subsection-title":"Cross-Products and Sums of Squares in the Case <Math mode=\"inline\" xml:id=\"C10.S67.SS2.m1\">\\nu=0<\/Math>"},"xml-id":"C10.S67.E11","tex":"$\\operatorname{ber}x\\operatorname{ber}'x+\\operatorname{bei}x\\operatorname{bei}' x\\sim\\frac{e^{x\\sqrt{2}}}{2\\pi x}\\left(\\frac{1}{\\sqrt{2}}-\\frac{3}{8}\\frac{1}{ x}-\\frac{15}{64\\sqrt{2}}\\frac{1}{x^{2}}-\\frac{45}{512}\\frac{1}{x^{3}}+\\frac{31 5}{8192\\sqrt{2}}\\frac{1}{x^{4}}+\\dotsb\\right),$","permalink":"http:\/\/dlmf.nist.gov\/10.67.E11","equation-number":"10.67.11","content-tex":"$\\Kelvinber{}@@{x}\\Kelvinber{}'@@{x}+\\Kelvinbei{}@@{x}\\Kelvinbei{}'@@{x} \\asympexp\\frac{e^{x\\sqrt{2}}}{2\\pi x}\\left(\\frac{1}{\\sqrt{2}}-\\frac{3}{8}\\frac {1}{x}-\\frac{15}{64\\sqrt{2}}\\frac{1}{x^{2}}-\\frac{45}{512}\\frac{1}{x^{3}}+ \\frac{315}{8192\\sqrt{2}}\\frac{1}{x^{4}}+\\dotsb\\right),$"}}{"equation":{"symbols-used":[{"symbol":{"tex":"$\\operatorname{bei}_{\\NVar{\\nu}}\\left(\\NVar{x}\\right)$","meaning":"Kelvin function","idref":"C10.S61.E1","content-tex":"$\\Kelvinbei{\\NVar{\\nu}}@{\\NVar{x}}$"}},{"symbol":{"tex":"$\\operatorname{ber}_{\\NVar{\\nu}}\\left(\\NVar{x}\\right)$","meaning":"Kelvin function","idref":"C10.S61.E1","content-tex":"$\\Kelvinber{\\NVar{\\nu}}@{\\NVar{x}}$"}},{"symbol":{"tex":"$\\sim$","meaning":"Poincaré asymptotic expansion","idref":"C2.S1.SS3.p1","content-tex":"$\\asympexp$"}},{"symbol":{"tex":"$\\pi$","meaning":"the ratio of the circumference of a circle to its diameter","idref":"C3.S12.E1","content-tex":"$\\cpi$"}},{"symbol":{"tex":"$\\mathrm{e}$","meaning":"base of natural logarithm","idref":"C4.S2.E11","content-tex":"$\\expe$"}},{"symbol":{"tex":"$x$","meaning":"real variable","idref":"C10.S1.p2.t1.r3"}}],"context-references":{"sentence-num-in-corpus":"7330","subsection-xmlid":"C10.S67.SS2","sentence-xmlid":"C10.S67.SS2.p1.s1","chapter-title":"Bessel Functions","chapter-xmlid":"C10","section-title":"Asymptotic Expansions for Large Argument","sentence-num-in-chapter":"931","section-xmlid":"C10.S67","sentence-num-in-section":"8","para-num-of-sentences":"2","para-xmlid":"C10.S67.SS2.p1","subsection-title":"Cross-Products and Sums of Squares in the Case <Math mode=\"inline\" xml:id=\"C10.S67.SS2.m1\">\\nu=0<\/Math>"},"xml-id":"C10.S67.E12","tex":"$\\left(\\operatorname{ber}'x\\right)^{2}+\\left(\\operatorname{bei}'x\\right)^{2} \\sim\\frac{e^{x\\sqrt{2}}}{2\\pi x}\\left(1-\\frac{3}{4\\sqrt{2}}\\frac{1}{x}+\\frac{9 }{64}\\frac{1}{x^{2}}+\\frac{75}{256\\sqrt{2}}\\frac{1}{x^{3}}+\\frac{2475}{8192} \\frac{1}{x^{4}}+\\dotsi\\right).$","permalink":"http:\/\/dlmf.nist.gov\/10.67.E12","equation-number":"10.67.12","content-tex":"$\\left(\\Kelvinber{}'@@{x}\\right)^{2}+\\left(\\Kelvinbei{}'@@{x}\\right)^{2} \\asympexp\\frac{e^{x\\sqrt{2}}}{2\\pi x}\\left(1-\\frac{3}{4\\sqrt{2}}\\frac{1}{x}+ \\frac{9}{64}\\frac{1}{x^{2}}+\\frac{75}{256\\sqrt{2}}\\frac{1}{x^{3}}+\\frac{2475}{ 8192}\\frac{1}{x^{4}}+\\dotsi\\right).$"}}{"equation":{"symbols-used":[{"symbol":{"tex":"$\\operatorname{kei}_{\\NVar{\\nu}}\\left(\\NVar{x}\\right)$","meaning":"Kelvin function","idref":"C10.S61.E2","content-tex":"$\\Kelvinkei{\\NVar{\\nu}}@{\\NVar{x}}$"}},{"symbol":{"tex":"$\\operatorname{ker}_{\\NVar{\\nu}}\\left(\\NVar{x}\\right)$","meaning":"Kelvin function","idref":"C10.S61.E2","content-tex":"$\\Kelvinker{\\NVar{\\nu}}@{\\NVar{x}}$"}},{"symbol":{"tex":"$\\sim$","meaning":"Poincaré asymptotic expansion","idref":"C2.S1.SS3.p1","content-tex":"$\\asympexp$"}},{"symbol":{"tex":"$\\pi$","meaning":"the ratio of the circumference of a circle to its diameter","idref":"C3.S12.E1","content-tex":"$\\cpi$"}},{"symbol":{"tex":"$\\mathrm{e}$","meaning":"base of natural logarithm","idref":"C4.S2.E11","content-tex":"$\\expe$"}},{"symbol":{"tex":"$x$","meaning":"real variable","idref":"C10.S1.p2.t1.r3"}}],"context-references":{"sentence-num-in-corpus":"7331","subsection-xmlid":"C10.S67.SS2","sentence-xmlid":"C10.S67.SS2.p1.s2","chapter-title":"Bessel Functions","chapter-xmlid":"C10","section-title":"Asymptotic Expansions for Large Argument","sentence-num-in-chapter":"932","section-xmlid":"C10.S67","sentence-num-in-section":"9","para-num-of-sentences":"2","para-xmlid":"C10.S67.SS2.p1","subsection-title":"Cross-Products and Sums of Squares in the Case <Math mode=\"inline\" xml:id=\"C10.S67.SS2.m1\">\\nu=0<\/Math>"},"xml-id":"C10.S67.E13","tex":"${\\operatorname{ker}^{2}}x+{\\operatorname{kei}^{2}}x\\sim\\frac{\\pi}{2x}e^{-x \\sqrt{2}}\\left(1-\\frac{1}{4\\sqrt{2}}\\frac{1}{x}+\\frac{1}{64}\\frac{1}{x^{2}}+ \\frac{33}{256\\sqrt{2}}\\frac{1}{x^{3}}-\\frac{1797}{8192}\\frac{1}{x^{4}}+\\dotsb \\right),$","permalink":"http:\/\/dlmf.nist.gov\/10.67.E13","equation-number":"10.67.13","content-tex":"$\\Kelvinker{}^{2}@@{x}+\\Kelvinkei{}^{2}@@{x}\\asympexp\\frac{\\pi}{2x}e^{-x\\sqrt{2 }}\\left(1-\\frac{1}{4\\sqrt{2}}\\frac{1}{x}+\\frac{1}{64}\\frac{1}{x^{2}}+\\frac{33} {256\\sqrt{2}}\\frac{1}{x^{3}}-\\frac{1797}{8192}\\frac{1}{x^{4}}+\\dotsb\\right),$"}}{"equation":{"symbols-used":[{"symbol":{"tex":"$\\operatorname{kei}_{\\NVar{\\nu}}\\left(\\NVar{x}\\right)$","meaning":"Kelvin function","idref":"C10.S61.E2","content-tex":"$\\Kelvinkei{\\NVar{\\nu}}@{\\NVar{x}}$"}},{"symbol":{"tex":"$\\operatorname{ker}_{\\NVar{\\nu}}\\left(\\NVar{x}\\right)$","meaning":"Kelvin function","idref":"C10.S61.E2","content-tex":"$\\Kelvinker{\\NVar{\\nu}}@{\\NVar{x}}$"}},{"symbol":{"tex":"$\\sim$","meaning":"Poincaré asymptotic expansion","idref":"C2.S1.SS3.p1","content-tex":"$\\asympexp$"}},{"symbol":{"tex":"$\\pi$","meaning":"the ratio of the circumference of a circle to its diameter","idref":"C3.S12.E1","content-tex":"$\\cpi$"}},{"symbol":{"tex":"$\\mathrm{e}$","meaning":"base of natural logarithm","idref":"C4.S2.E11","content-tex":"$\\expe$"}},{"symbol":{"tex":"$x$","meaning":"real variable","idref":"C10.S1.p2.t1.r3"}}],"context-references":{"sentence-num-in-corpus":"7331","subsection-xmlid":"C10.S67.SS2","sentence-xmlid":"C10.S67.SS2.p1.s2","chapter-title":"Bessel Functions","chapter-xmlid":"C10","section-title":"Asymptotic Expansions for Large Argument","sentence-num-in-chapter":"932","section-xmlid":"C10.S67","sentence-num-in-section":"9","para-num-of-sentences":"2","para-xmlid":"C10.S67.SS2.p1","subsection-title":"Cross-Products and Sums of Squares in the Case <Math mode=\"inline\" xml:id=\"C10.S67.SS2.m1\">\\nu=0<\/Math>"},"xml-id":"C10.S67.E14","tex":"$\\operatorname{ker}x\\operatorname{kei}'x-\\operatorname{ker}'x\\operatorname{kei} x\\sim-\\frac{\\pi}{2x}e^{-x\\sqrt{2}}\\left(\\frac{1}{\\sqrt{2}}-\\frac{1}{8}\\frac{1} {x}+\\frac{9}{64\\sqrt{2}}\\frac{1}{x^{2}}-\\frac{39}{512}\\frac{1}{x^{3}}+\\frac{75 }{8192\\sqrt{2}}\\frac{1}{x^{4}}+\\dotsb\\right),$","permalink":"http:\/\/dlmf.nist.gov\/10.67.E14","equation-number":"10.67.14","content-tex":"$\\Kelvinker{}@@{x}\\Kelvinkei{}'@@{x}-\\Kelvinker{}'@@{x}\\Kelvinkei{}@@{x} \\asympexp-\\frac{\\pi}{2x}e^{-x\\sqrt{2}}\\left(\\frac{1}{\\sqrt{2}}-\\frac{1}{8} \\frac{1}{x}+\\frac{9}{64\\sqrt{2}}\\frac{1}{x^{2}}-\\frac{39}{512}\\frac{1}{x^{3}}+ \\frac{75}{8192\\sqrt{2}}\\frac{1}{x^{4}}+\\dotsb\\right),$"}}{"equation":{"symbols-used":[{"symbol":{"tex":"$\\operatorname{kei}_{\\NVar{\\nu}}\\left(\\NVar{x}\\right)$","meaning":"Kelvin function","idref":"C10.S61.E2","content-tex":"$\\Kelvinkei{\\NVar{\\nu}}@{\\NVar{x}}$"}},{"symbol":{"tex":"$\\operatorname{ker}_{\\NVar{\\nu}}\\left(\\NVar{x}\\right)$","meaning":"Kelvin function","idref":"C10.S61.E2","content-tex":"$\\Kelvinker{\\NVar{\\nu}}@{\\NVar{x}}$"}},{"symbol":{"tex":"$\\sim$","meaning":"Poincaré asymptotic expansion","idref":"C2.S1.SS3.p1","content-tex":"$\\asympexp$"}},{"symbol":{"tex":"$\\pi$","meaning":"the ratio of the circumference of a circle to its diameter","idref":"C3.S12.E1","content-tex":"$\\cpi$"}},{"symbol":{"tex":"$\\mathrm{e}$","meaning":"base of natural logarithm","idref":"C4.S2.E11","content-tex":"$\\expe$"}},{"symbol":{"tex":"$x$","meaning":"real variable","idref":"C10.S1.p2.t1.r3"}}],"context-references":{"sentence-num-in-corpus":"7331","subsection-xmlid":"C10.S67.SS2","sentence-xmlid":"C10.S67.SS2.p1.s2","chapter-title":"Bessel Functions","chapter-xmlid":"C10","section-title":"Asymptotic Expansions for Large Argument","sentence-num-in-chapter":"932","section-xmlid":"C10.S67","sentence-num-in-section":"9","para-num-of-sentences":"2","para-xmlid":"C10.S67.SS2.p1","subsection-title":"Cross-Products and Sums of Squares in the Case <Math mode=\"inline\" xml:id=\"C10.S67.SS2.m1\">\\nu=0<\/Math>"},"xml-id":"C10.S67.E15","tex":"$\\operatorname{ker}x\\operatorname{ker}'x+\\operatorname{kei}x\\operatorname{kei}' x\\sim-\\frac{\\pi}{2x}e^{-x\\sqrt{2}}\\left(\\frac{1}{\\sqrt{2}}+\\frac{3}{8}\\frac{1} {x}-\\frac{15}{64\\sqrt{2}}\\frac{1}{x^{2}}+\\frac{45}{512}\\frac{1}{x^{3}}+\\frac{3 15}{8192\\sqrt{2}}\\frac{1}{x^{4}}+\\dotsb\\right),$","permalink":"http:\/\/dlmf.nist.gov\/10.67.E15","equation-number":"10.67.15","content-tex":"$\\Kelvinker{}@@{x}\\Kelvinker{}'@@{x}+\\Kelvinkei{}@@{x}\\Kelvinkei{}'@@{x} \\asympexp-\\frac{\\pi}{2x}e^{-x\\sqrt{2}}\\left(\\frac{1}{\\sqrt{2}}+\\frac{3}{8} \\frac{1}{x}-\\frac{15}{64\\sqrt{2}}\\frac{1}{x^{2}}+\\frac{45}{512}\\frac{1}{x^{3}} +\\frac{315}{8192\\sqrt{2}}\\frac{1}{x^{4}}+\\dotsb\\right),$"}}{"equation":{"symbols-used":[{"symbol":{"tex":"$\\operatorname{kei}_{\\NVar{\\nu}}\\left(\\NVar{x}\\right)$","meaning":"Kelvin function","idref":"C10.S61.E2","content-tex":"$\\Kelvinkei{\\NVar{\\nu}}@{\\NVar{x}}$"}},{"symbol":{"tex":"$\\operatorname{ker}_{\\NVar{\\nu}}\\left(\\NVar{x}\\right)$","meaning":"Kelvin function","idref":"C10.S61.E2","content-tex":"$\\Kelvinker{\\NVar{\\nu}}@{\\NVar{x}}$"}},{"symbol":{"tex":"$\\sim$","meaning":"Poincaré asymptotic expansion","idref":"C2.S1.SS3.p1","content-tex":"$\\asympexp$"}},{"symbol":{"tex":"$\\pi$","meaning":"the ratio of the circumference of a circle to its diameter","idref":"C3.S12.E1","content-tex":"$\\cpi$"}},{"symbol":{"tex":"$\\mathrm{e}$","meaning":"base of natural logarithm","idref":"C4.S2.E11","content-tex":"$\\expe$"}},{"symbol":{"tex":"$x$","meaning":"real variable","idref":"C10.S1.p2.t1.r3"}}],"context-references":{"sentence-num-in-corpus":"7331","subsection-xmlid":"C10.S67.SS2","sentence-xmlid":"C10.S67.SS2.p1.s2","chapter-title":"Bessel Functions","chapter-xmlid":"C10","section-title":"Asymptotic Expansions for Large Argument","sentence-num-in-chapter":"932","section-xmlid":"C10.S67","sentence-num-in-section":"9","para-num-of-sentences":"2","para-xmlid":"C10.S67.SS2.p1","subsection-title":"Cross-Products and Sums of Squares in the Case <Math mode=\"inline\" xml:id=\"C10.S67.SS2.m1\">\\nu=0<\/Math>"},"xml-id":"C10.S67.E16","tex":"$\\left(\\operatorname{ker}'x\\right)^{2}+\\left(\\operatorname{kei}'x\\right)^{2} \\sim\\frac{\\pi}{2x}e^{-x\\sqrt{2}}\\left(1+\\frac{3}{4\\sqrt{2}}\\frac{1}{x}+\\frac{9 }{64}\\frac{1}{x^{2}}-\\frac{75}{256\\sqrt{2}}\\frac{1}{x^{3}}+\\frac{2475}{8192} \\frac{1}{x^{4}}+\\dotsi\\right).$","permalink":"http:\/\/dlmf.nist.gov\/10.67.E16","equation-number":"10.67.16","content-tex":"$\\left(\\Kelvinker{}'@@{x}\\right)^{2}+\\left(\\Kelvinkei{}'@@{x}\\right)^{2} \\asympexp\\frac{\\pi}{2x}e^{-x\\sqrt{2}}\\left(1+\\frac{3}{4\\sqrt{2}}\\frac{1}{x}+ \\frac{9}{64}\\frac{1}{x^{2}}-\\frac{75}{256\\sqrt{2}}\\frac{1}{x^{3}}+\\frac{2475}{ 8192}\\frac{1}{x^{4}}+\\dotsi\\right).$"}}