{"expression":{"xml-id":"C10.S69.p1.m1","tex":"$U_{k}(p)$","context":{"sentence-num-in-corpus":"7354","sentence-xmlid":"C10.S69.p1.s1","chapter-title":"Bessel Functions","chapter-xmlid":"C10","section-title":"Uniform Asymptotic Expansions for Large Order","sentence-num-in-chapter":"955","section-xmlid":"C10.S69","sentence-num-in-section":"1","para-num-of-sentences":"3","para-xmlid":"C10.S69.p1"}}}{"expression":{"xml-id":"C10.S69.p1.m2","tex":"$V_{k}(p)$","context":{"sentence-num-in-corpus":"7354","sentence-xmlid":"C10.S69.p1.s1","chapter-title":"Bessel Functions","chapter-xmlid":"C10","section-title":"Uniform Asymptotic Expansions for Large Order","sentence-num-in-chapter":"955","section-xmlid":"C10.S69","sentence-num-in-section":"1","para-num-of-sentences":"3","para-xmlid":"C10.S69.p1"}}}{"equation":{"symbols-used":[{"symbol":{"tex":"$\\mathrm{i}$","meaning":"imaginary unit","idref":"C1.S9.E1","content-tex":"$\\iunit$"}},{"symbol":{"tex":"$x$","meaning":"real variable","idref":"C10.S1.p2.t1.r3"}}],"xml-id":"C10.S69.E1","tex":"$\\xi=(1+ix^{2})^{\\ifrac{1}{2}}.$","symbols-defined":[null],"context":{"sentence-num-in-corpus":"7354","sentence-xmlid":"C10.S69.p1.s1","chapter-title":"Bessel Functions","chapter-xmlid":"C10","section-title":"Uniform Asymptotic Expansions for Large Order","sentence-num-in-chapter":"955","section-xmlid":"C10.S69","sentence-num-in-section":"1","para-num-of-sentences":"3","para-xmlid":"C10.S69.p1"},"permalink":"http:\/\/dlmf.nist.gov\/10.69.E1","equation-number":"10.69.1"}}{"expression":{"xml-id":"C10.S69.p1.m3","tex":"$\\nu\\to+\\infty$","context":{"sentence-num-in-corpus":"7355","sentence-xmlid":"C10.S69.p1.s2","chapter-title":"Bessel Functions","chapter-xmlid":"C10","section-title":"Uniform Asymptotic Expansions for Large Order","sentence-num-in-chapter":"956","section-xmlid":"C10.S69","sentence-num-in-section":"2","para-num-of-sentences":"3","para-xmlid":"C10.S69.p1"}}}{"equation":{"symbols-used":[{"symbol":{"tex":"$\\operatorname{bei}_{\\NVar{\\nu}}\\left(\\NVar{x}\\right)$","meaning":"Kelvin function","idref":"C10.S61.E1","content-tex":"$\\Kelvinbei{\\NVar{\\nu}}@{\\NVar{x}}$"}},{"symbol":{"tex":"$\\operatorname{ber}_{\\NVar{\\nu}}\\left(\\NVar{x}\\right)$","meaning":"Kelvin function","idref":"C10.S61.E1","content-tex":"$\\Kelvinber{\\NVar{\\nu}}@{\\NVar{x}}$"}},{"symbol":{"tex":"$\\sim$","meaning":"Poincaré asymptotic expansion","idref":"C2.S1.SS3.p1","content-tex":"$\\asympexp$"}},{"symbol":{"tex":"$\\pi$","meaning":"the ratio of the circumference of a circle to its diameter","idref":"C3.S12.E1","content-tex":"$\\cpi$"}},{"symbol":{"tex":"$\\mathrm{e}$","meaning":"base of natural logarithm","idref":"C4.S2.E11","content-tex":"$\\expe$"}},{"symbol":{"tex":"$\\mathrm{i}$","meaning":"imaginary unit","idref":"C1.S9.E1","content-tex":"$\\iunit$"}},{"symbol":{"tex":"$k$","meaning":"nonnegative integer","idref":"C10.S1.p2.t1.r2"}},{"symbol":{"tex":"$x$","meaning":"real variable","idref":"C10.S1.p2.t1.r3"}},{"symbol":{"tex":"$\\nu$","meaning":"complex parameter","idref":"C10.S1.p2.t1.r5"}},{"symbol":{"tex":"$U_{k}(p)$","meaning":"polynomials","idref":"C10.S41.E9"}},null],"xml-id":"C10.S69.E2","tex":"$\\operatorname{ber}_{\\nu}\\left(\\nu x\\right)+i\\operatorname{bei}_{\\nu}\\left(\\nu x \\right)\\sim\\frac{e^{\\nu\\xi}}{(2\\pi\\nu\\xi)^{\\ifrac{1}{2}}}\\left(\\frac{xe^{3\\pi i \/4}}{1+\\xi}\\right)^{\\nu}\\sum_{k=0}^{\\infty}\\frac{U_{k}(\\xi^{-1})}{\\nu^{k}},$","context":{"sentence-num-in-corpus":"7355","sentence-xmlid":"C10.S69.p1.s2","chapter-title":"Bessel Functions","chapter-xmlid":"C10","section-title":"Uniform Asymptotic Expansions for Large Order","sentence-num-in-chapter":"956","section-xmlid":"C10.S69","sentence-num-in-section":"2","para-num-of-sentences":"3","para-xmlid":"C10.S69.p1"},"permalink":"http:\/\/dlmf.nist.gov\/10.69.E2","equation-number":"10.69.2","content-tex":"$\\Kelvinber{\\nu}@{\\nu x}+i\\Kelvinbei{\\nu}@{\\nu x}\\asympexp\\frac{e^{\\nu\\xi}}{(2 \\pi\\nu\\xi)^{\\ifrac{1}{2}}}\\left(\\frac{xe^{3\\pi i\/4}}{1+\\xi}\\right)^{\\nu}\\sum_{ k=0}^{\\infty}\\frac{U_{k}(\\xi^{-1})}{\\nu^{k}},$"}}{"equation":{"symbols-used":[{"symbol":{"tex":"$\\operatorname{kei}_{\\NVar{\\nu}}\\left(\\NVar{x}\\right)$","meaning":"Kelvin function","idref":"C10.S61.E2","content-tex":"$\\Kelvinkei{\\NVar{\\nu}}@{\\NVar{x}}$"}},{"symbol":{"tex":"$\\operatorname{ker}_{\\NVar{\\nu}}\\left(\\NVar{x}\\right)$","meaning":"Kelvin function","idref":"C10.S61.E2","content-tex":"$\\Kelvinker{\\NVar{\\nu}}@{\\NVar{x}}$"}},{"symbol":{"tex":"$\\sim$","meaning":"Poincaré asymptotic expansion","idref":"C2.S1.SS3.p1","content-tex":"$\\asympexp$"}},{"symbol":{"tex":"$\\pi$","meaning":"the ratio of the circumference of a circle to its diameter","idref":"C3.S12.E1","content-tex":"$\\cpi$"}},{"symbol":{"tex":"$\\mathrm{e}$","meaning":"base of natural logarithm","idref":"C4.S2.E11","content-tex":"$\\expe$"}},{"symbol":{"tex":"$\\mathrm{i}$","meaning":"imaginary unit","idref":"C1.S9.E1","content-tex":"$\\iunit$"}},{"symbol":{"tex":"$k$","meaning":"nonnegative integer","idref":"C10.S1.p2.t1.r2"}},{"symbol":{"tex":"$x$","meaning":"real variable","idref":"C10.S1.p2.t1.r3"}},{"symbol":{"tex":"$\\nu$","meaning":"complex parameter","idref":"C10.S1.p2.t1.r5"}},{"symbol":{"tex":"$U_{k}(p)$","meaning":"polynomials","idref":"C10.S41.E9"}},null],"xml-id":"C10.S69.E3","tex":"$\\operatorname{ker}_{\\nu}\\left(\\nu x\\right)+i\\operatorname{kei}_{\\nu}\\left(\\nu x \\right)\\sim e^{-\\nu\\xi}\\left(\\frac{\\pi}{2\\nu\\xi}\\right)^{\\ifrac{1}{2}}\\left( \\frac{xe^{3\\pi i\/4}}{1+\\xi}\\right)^{-\\nu}\\sum_{k=0}^{\\infty}(-1)^{k}\\frac{U_{k }(\\xi^{-1})}{\\nu^{k}},$","context":{"sentence-num-in-corpus":"7355","sentence-xmlid":"C10.S69.p1.s2","chapter-title":"Bessel Functions","chapter-xmlid":"C10","section-title":"Uniform Asymptotic Expansions for Large Order","sentence-num-in-chapter":"956","section-xmlid":"C10.S69","sentence-num-in-section":"2","para-num-of-sentences":"3","para-xmlid":"C10.S69.p1"},"permalink":"http:\/\/dlmf.nist.gov\/10.69.E3","equation-number":"10.69.3","content-tex":"$\\Kelvinker{\\nu}@{\\nu x}+i\\Kelvinkei{\\nu}@{\\nu x}\\asympexp e^{-\\nu\\xi}\\left( \\frac{\\pi}{2\\nu\\xi}\\right)^{\\ifrac{1}{2}}\\left(\\frac{xe^{3\\pi i\/4}}{1+\\xi} \\right)^{-\\nu}\\sum_{k=0}^{\\infty}(-1)^{k}\\frac{U_{k}(\\xi^{-1})}{\\nu^{k}},$"}}{"equation":{"symbols-used":[{"symbol":{"tex":"$\\operatorname{bei}_{\\NVar{\\nu}}\\left(\\NVar{x}\\right)$","meaning":"Kelvin function","idref":"C10.S61.E1","content-tex":"$\\Kelvinbei{\\NVar{\\nu}}@{\\NVar{x}}$"}},{"symbol":{"tex":"$\\operatorname{ber}_{\\NVar{\\nu}}\\left(\\NVar{x}\\right)$","meaning":"Kelvin function","idref":"C10.S61.E1","content-tex":"$\\Kelvinber{\\NVar{\\nu}}@{\\NVar{x}}$"}},{"symbol":{"tex":"$\\sim$","meaning":"Poincaré asymptotic expansion","idref":"C2.S1.SS3.p1","content-tex":"$\\asympexp$"}},{"symbol":{"tex":"$\\pi$","meaning":"the ratio of the circumference of a circle to its diameter","idref":"C3.S12.E1","content-tex":"$\\cpi$"}},{"symbol":{"tex":"$\\mathrm{e}$","meaning":"base of natural logarithm","idref":"C4.S2.E11","content-tex":"$\\expe$"}},{"symbol":{"tex":"$\\mathrm{i}$","meaning":"imaginary unit","idref":"C1.S9.E1","content-tex":"$\\iunit$"}},{"symbol":{"tex":"$k$","meaning":"nonnegative integer","idref":"C10.S1.p2.t1.r2"}},{"symbol":{"tex":"$x$","meaning":"real variable","idref":"C10.S1.p2.t1.r3"}},{"symbol":{"tex":"$\\nu$","meaning":"complex parameter","idref":"C10.S1.p2.t1.r5"}},{"symbol":{"tex":"$V_{k}(p)$","meaning":"polynomials","idref":"C10.S41.E9"}},null],"xml-id":"C10.S69.E4","tex":"$\\operatorname{ber}_{\\nu}'\\left(\\nu x\\right)+i\\operatorname{bei}_{\\nu}'\\left( \\nu x\\right)\\sim\\frac{e^{\\nu\\xi}}{x}\\left(\\frac{\\xi}{2\\pi\\nu}\\right)^{\\ifrac{1 }{2}}\\left(\\frac{xe^{3\\pi i\/4}}{1+\\xi}\\right)^{\\nu}\\sum_{k=0}^{\\infty}\\frac{V_ {k}(\\xi^{-1})}{\\nu^{k}},$","context":{"sentence-num-in-corpus":"7355","sentence-xmlid":"C10.S69.p1.s2","chapter-title":"Bessel Functions","chapter-xmlid":"C10","section-title":"Uniform Asymptotic Expansions for Large Order","sentence-num-in-chapter":"956","section-xmlid":"C10.S69","sentence-num-in-section":"2","para-num-of-sentences":"3","para-xmlid":"C10.S69.p1"},"permalink":"http:\/\/dlmf.nist.gov\/10.69.E4","equation-number":"10.69.4","content-tex":"$\\Kelvinber{\\nu}'@{\\nu x}+i\\Kelvinbei{\\nu}'@{\\nu x}\\asympexp\\frac{e^{\\nu\\xi}}{x }\\left(\\frac{\\xi}{2\\pi\\nu}\\right)^{\\ifrac{1}{2}}\\left(\\frac{xe^{3\\pi i\/4}}{1+ \\xi}\\right)^{\\nu}\\sum_{k=0}^{\\infty}\\frac{V_{k}(\\xi^{-1})}{\\nu^{k}},$"}}{"equation":{"symbols-used":[{"symbol":{"tex":"$\\operatorname{kei}_{\\NVar{\\nu}}\\left(\\NVar{x}\\right)$","meaning":"Kelvin function","idref":"C10.S61.E2","content-tex":"$\\Kelvinkei{\\NVar{\\nu}}@{\\NVar{x}}$"}},{"symbol":{"tex":"$\\operatorname{ker}_{\\NVar{\\nu}}\\left(\\NVar{x}\\right)$","meaning":"Kelvin function","idref":"C10.S61.E2","content-tex":"$\\Kelvinker{\\NVar{\\nu}}@{\\NVar{x}}$"}},{"symbol":{"tex":"$\\sim$","meaning":"Poincaré asymptotic expansion","idref":"C2.S1.SS3.p1","content-tex":"$\\asympexp$"}},{"symbol":{"tex":"$\\pi$","meaning":"the ratio of the circumference of a circle to its diameter","idref":"C3.S12.E1","content-tex":"$\\cpi$"}},{"symbol":{"tex":"$\\mathrm{e}$","meaning":"base of natural logarithm","idref":"C4.S2.E11","content-tex":"$\\expe$"}},{"symbol":{"tex":"$\\mathrm{i}$","meaning":"imaginary unit","idref":"C1.S9.E1","content-tex":"$\\iunit$"}},{"symbol":{"tex":"$k$","meaning":"nonnegative integer","idref":"C10.S1.p2.t1.r2"}},{"symbol":{"tex":"$x$","meaning":"real variable","idref":"C10.S1.p2.t1.r3"}},{"symbol":{"tex":"$\\nu$","meaning":"complex parameter","idref":"C10.S1.p2.t1.r5"}},{"symbol":{"tex":"$V_{k}(p)$","meaning":"polynomials","idref":"C10.S41.E9"}},null],"xml-id":"C10.S69.E5","tex":"$\\operatorname{ker}_{\\nu}'\\left(\\nu x\\right)+i\\operatorname{kei}_{\\nu}'\\left( \\nu x\\right)\\sim-\\frac{e^{-\\nu\\xi}}{x}\\left(\\frac{\\pi\\xi}{2\\nu}\\right)^{\\ifrac {1}{2}}\\left(\\frac{xe^{3\\pi i\/4}}{1+\\xi}\\right)^{-\\nu}\\*\\sum_{k=0}^{\\infty}(-1 )^{k}\\frac{V_{k}(\\xi^{-1})}{\\nu^{k}},$","context":{"sentence-num-in-corpus":"7355","sentence-xmlid":"C10.S69.p1.s2","chapter-title":"Bessel Functions","chapter-xmlid":"C10","section-title":"Uniform Asymptotic Expansions for Large Order","sentence-num-in-chapter":"956","section-xmlid":"C10.S69","sentence-num-in-section":"2","para-num-of-sentences":"3","para-xmlid":"C10.S69.p1"},"permalink":"http:\/\/dlmf.nist.gov\/10.69.E5","equation-number":"10.69.5","content-tex":"$\\Kelvinker{\\nu}'@{\\nu x}+i\\Kelvinkei{\\nu}'@{\\nu x}\\asympexp-\\frac{e^{-\\nu\\xi}} {x}\\left(\\frac{\\pi\\xi}{2\\nu}\\right)^{\\ifrac{1}{2}}\\left(\\frac{xe^{3\\pi i\/4}}{1 +\\xi}\\right)^{-\\nu}\\*\\sum_{k=0}^{\\infty}(-1)^{k}\\frac{V_{k}(\\xi^{-1})}{\\nu^{k}},$"}}{"expression":{"xml-id":"C10.S69.p1.m4","tex":"$x$","context":{"sentence-num-in-corpus":"7355","sentence-xmlid":"C10.S69.p1.s2","chapter-title":"Bessel Functions","chapter-xmlid":"C10","section-title":"Uniform Asymptotic Expansions for Large Order","sentence-num-in-chapter":"956","section-xmlid":"C10.S69","sentence-num-in-section":"2","para-num-of-sentences":"3","para-xmlid":"C10.S69.p1"}}}{"expression":{"xml-id":"C10.S69.p1.m5","tex":"$\\in(0,\\infty)$","context":{"sentence-num-in-corpus":"7355","sentence-xmlid":"C10.S69.p1.s2","chapter-title":"Bessel Functions","chapter-xmlid":"C10","section-title":"Uniform Asymptotic Expansions for Large Order","sentence-num-in-chapter":"956","section-xmlid":"C10.S69","sentence-num-in-section":"2","para-num-of-sentences":"3","para-xmlid":"C10.S69.p1"}}}{"expression":{"xml-id":"C10.S69.p3.m1","tex":"$x$","context":{"sentence-num-in-corpus":"7358","sentence-xmlid":"C10.S69.p3.s1","chapter-title":"Bessel Functions","chapter-xmlid":"C10","section-title":"Uniform Asymptotic Expansions for Large Order","sentence-num-in-chapter":"959","section-xmlid":"C10.S69","sentence-num-in-section":"5","para-num-of-sentences":"1","para-xmlid":"C10.S69.p3"}}}{"expression":{"xml-id":"C10.S69.p3.m2","tex":"$\\nu x$","context":{"sentence-num-in-corpus":"7358","sentence-xmlid":"C10.S69.p3.s1","chapter-title":"Bessel Functions","chapter-xmlid":"C10","section-title":"Uniform Asymptotic Expansions for Large Order","sentence-num-in-chapter":"959","section-xmlid":"C10.S69","sentence-num-in-section":"5","para-num-of-sentences":"1","para-xmlid":"C10.S69.p3"}}}