{"equation":{"symbols-used":[{"symbol":{"tex":"$\\operatorname{bei}_{\\NVar{\\nu}}\\left(\\NVar{x}\\right)$","meaning":"Kelvin function","idref":"C10.S61.E1","content-tex":"$\\Kelvinbei{\\NVar{\\nu}}@{\\NVar{x}}$"}},{"symbol":{"tex":"$\\operatorname{ber}_{\\NVar{\\nu}}\\left(\\NVar{x}\\right)$","meaning":"Kelvin function","idref":"C10.S61.E1","content-tex":"$\\Kelvinber{\\NVar{\\nu}}@{\\NVar{x}}$"}},{"symbol":{"tex":"$\\mathrm{e}$","meaning":"base of natural logarithm","idref":"C4.S2.E11","content-tex":"$\\expe$"}},{"symbol":{"tex":"$\\mathrm{i}$","meaning":"imaginary unit","idref":"C1.S9.E1","content-tex":"$\\iunit$"}},{"symbol":{"tex":"$M_{\\NVar{\\nu}}\\left(\\NVar{x}\\right)$","meaning":"modulus of Bessel functions","idref":"C10.S18.E1","content-tex":"$\\HankelmodM{\\NVar{\\nu}}@{\\NVar{x}}$"}},{"symbol":{"tex":"$\\theta_{\\NVar{\\nu}}\\left(\\NVar{x}\\right)$","meaning":"phase of Bessel functions","idref":"C10.S18.E3","content-tex":"$\\Hankelphasetheta{\\NVar{\\nu}}@{\\NVar{x}}$"}},{"symbol":{"tex":"$x$","meaning":"real variable","idref":"C10.S1.p2.t1.r3"}},{"symbol":{"tex":"$\\nu$","meaning":"complex parameter","idref":"C10.S1.p2.t1.r5"}}],"xml-id":"C10.S68.E1","tex":"$M_{\\nu}\\left(x\\right)e^{i\\theta_{\\nu}\\left(x\\right)}=\\operatorname{ber}_{\\nu}x +i\\operatorname{bei}_{\\nu}x,$","context":{"sentence-num-in-corpus":"7332","subsection-xmlid":"C10.S68.SS1","sentence-xmlid":"C10.S68.SS1.p1.s1","chapter-title":"Bessel Functions","chapter-xmlid":"C10","section-title":"Modulus and Phase Functions","sentence-num-in-chapter":"933","section-xmlid":"C10.S68","sentence-num-in-section":"1","para-num-of-sentences":"2","para-xmlid":"C10.S68.SS1.p1","subsection-title":"Definitions"},"permalink":"http:\/\/dlmf.nist.gov\/10.68.E1","equation-number":"10.68.1","content-tex":"$\\HankelmodM{\\nu}@{x}e^{i\\Hankelphasetheta{\\nu}@{x}}=\\Kelvinber{\\nu}@@{x}+i \\Kelvinbei{\\nu}@@{x},$"}}{"equation":{"symbols-used":[{"symbol":{"tex":"$\\operatorname{kei}_{\\NVar{\\nu}}\\left(\\NVar{x}\\right)$","meaning":"Kelvin function","idref":"C10.S61.E2","content-tex":"$\\Kelvinkei{\\NVar{\\nu}}@{\\NVar{x}}$"}},{"symbol":{"tex":"$\\operatorname{ker}_{\\NVar{\\nu}}\\left(\\NVar{x}\\right)$","meaning":"Kelvin function","idref":"C10.S61.E2","content-tex":"$\\Kelvinker{\\NVar{\\nu}}@{\\NVar{x}}$"}},{"symbol":{"tex":"$\\mathrm{e}$","meaning":"base of natural logarithm","idref":"C4.S2.E11","content-tex":"$\\expe$"}},{"symbol":{"tex":"$\\mathrm{i}$","meaning":"imaginary unit","idref":"C1.S9.E1","content-tex":"$\\iunit$"}},{"symbol":{"tex":"$N_{\\NVar{\\nu}}\\left(\\NVar{x}\\right)$","meaning":"modulus of derivatives of Bessel functions","idref":"C10.S18.E2","content-tex":"$\\HankelmodderivN{\\NVar{\\nu}}@{\\NVar{x}}$"}},{"symbol":{"tex":"$\\phi_{\\NVar{\\nu}}\\left(\\NVar{x}\\right)$","meaning":"phase of derivatives of Bessel functions","idref":"C10.S18.E3","content-tex":"$\\Hankelphasederivphi{\\NVar{\\nu}}@{\\NVar{x}}$"}},{"symbol":{"tex":"$x$","meaning":"real variable","idref":"C10.S1.p2.t1.r3"}},{"symbol":{"tex":"$\\nu$","meaning":"complex parameter","idref":"C10.S1.p2.t1.r5"}}],"xml-id":"C10.S68.E2","tex":"$N_{\\nu}\\left(x\\right)e^{i\\phi_{\\nu}\\left(x\\right)}=\\operatorname{ker}_{\\nu}x+i \\operatorname{kei}_{\\nu}x,$","context":{"sentence-num-in-corpus":"7332","subsection-xmlid":"C10.S68.SS1","sentence-xmlid":"C10.S68.SS1.p1.s1","chapter-title":"Bessel Functions","chapter-xmlid":"C10","section-title":"Modulus and Phase Functions","sentence-num-in-chapter":"933","section-xmlid":"C10.S68","sentence-num-in-section":"1","para-num-of-sentences":"2","para-xmlid":"C10.S68.SS1.p1","subsection-title":"Definitions"},"permalink":"http:\/\/dlmf.nist.gov\/10.68.E2","equation-number":"10.68.2","content-tex":"$\\HankelmodderivN{\\nu}@{x}e^{i\\Hankelphasederivphi{\\nu}@{x}}=\\Kelvinker{\\nu}@@{ x}+i\\Kelvinkei{\\nu}@@{x},$"}}{"expression":{"xml-id":"C10.S68.SS1.p1.m1","tex":"$M_{\\nu}\\left(x\\right)\\,(>0)$","context":{"sentence-num-in-corpus":"7332","subsection-xmlid":"C10.S68.SS1","sentence-xmlid":"C10.S68.SS1.p1.s1","chapter-title":"Bessel Functions","chapter-xmlid":"C10","section-title":"Modulus and Phase Functions","sentence-num-in-chapter":"933","section-xmlid":"C10.S68","sentence-num-in-section":"1","para-num-of-sentences":"2","para-xmlid":"C10.S68.SS1.p1","subsection-title":"Definitions"},"content-tex":"$\\HankelmodM{\\nu}@{x}\\,(>0)$"}}{"expression":{"xml-id":"C10.S68.SS1.p1.m2","tex":"$N_{\\nu}\\left(x\\right)\\,(>0)$","context":{"sentence-num-in-corpus":"7332","subsection-xmlid":"C10.S68.SS1","sentence-xmlid":"C10.S68.SS1.p1.s1","chapter-title":"Bessel Functions","chapter-xmlid":"C10","section-title":"Modulus and Phase Functions","sentence-num-in-chapter":"933","section-xmlid":"C10.S68","sentence-num-in-section":"1","para-num-of-sentences":"2","para-xmlid":"C10.S68.SS1.p1","subsection-title":"Definitions"},"content-tex":"$\\HankelmodderivN{\\nu}@{x}\\,(>0)$"}}{"expression":{"xml-id":"C10.S68.SS1.p1.m3","tex":"$\\theta_{\\nu}\\left(x\\right)$","context":{"sentence-num-in-corpus":"7332","subsection-xmlid":"C10.S68.SS1","sentence-xmlid":"C10.S68.SS1.p1.s1","chapter-title":"Bessel Functions","chapter-xmlid":"C10","section-title":"Modulus and Phase Functions","sentence-num-in-chapter":"933","section-xmlid":"C10.S68","sentence-num-in-section":"1","para-num-of-sentences":"2","para-xmlid":"C10.S68.SS1.p1","subsection-title":"Definitions"},"content-tex":"$\\Hankelphasetheta{\\nu}@{x}$"}}{"expression":{"xml-id":"C10.S68.SS1.p1.m4","tex":"$\\phi_{\\nu}\\left(x\\right)$","context":{"sentence-num-in-corpus":"7332","subsection-xmlid":"C10.S68.SS1","sentence-xmlid":"C10.S68.SS1.p1.s1","chapter-title":"Bessel Functions","chapter-xmlid":"C10","section-title":"Modulus and Phase Functions","sentence-num-in-chapter":"933","section-xmlid":"C10.S68","sentence-num-in-section":"1","para-num-of-sentences":"2","para-xmlid":"C10.S68.SS1.p1","subsection-title":"Definitions"},"content-tex":"$\\Hankelphasederivphi{\\nu}@{x}$"}}{"expression":{"xml-id":"C10.S68.SS1.p1.m5","tex":"$x$","context":{"sentence-num-in-corpus":"7332","subsection-xmlid":"C10.S68.SS1","sentence-xmlid":"C10.S68.SS1.p1.s1","chapter-title":"Bessel Functions","chapter-xmlid":"C10","section-title":"Modulus and Phase Functions","sentence-num-in-chapter":"933","section-xmlid":"C10.S68","sentence-num-in-section":"1","para-num-of-sentences":"2","para-xmlid":"C10.S68.SS1.p1","subsection-title":"Definitions"}}}{"expression":{"xml-id":"C10.S68.SS1.p1.m6","tex":"$\\nu$","context":{"sentence-num-in-corpus":"7332","subsection-xmlid":"C10.S68.SS1","sentence-xmlid":"C10.S68.SS1.p1.s1","chapter-title":"Bessel Functions","chapter-xmlid":"C10","section-title":"Modulus and Phase Functions","sentence-num-in-chapter":"933","section-xmlid":"C10.S68","sentence-num-in-section":"1","para-num-of-sentences":"2","para-xmlid":"C10.S68.SS1.p1","subsection-title":"Definitions"}}}{"expression":{"xml-id":"C10.S68.SS1.p1.m7","tex":"$\\theta_{\\nu}\\left(x\\right)$","context":{"sentence-num-in-corpus":"7332","subsection-xmlid":"C10.S68.SS1","sentence-xmlid":"C10.S68.SS1.p1.s1","chapter-title":"Bessel Functions","chapter-xmlid":"C10","section-title":"Modulus and Phase Functions","sentence-num-in-chapter":"933","section-xmlid":"C10.S68","sentence-num-in-section":"1","para-num-of-sentences":"2","para-xmlid":"C10.S68.SS1.p1","subsection-title":"Definitions"},"content-tex":"$\\Hankelphasetheta{\\nu}@{x}$"}}{"expression":{"xml-id":"C10.S68.SS1.p1.m8","tex":"$\\phi_{\\nu}\\left(x\\right)$","context":{"sentence-num-in-corpus":"7332","subsection-xmlid":"C10.S68.SS1","sentence-xmlid":"C10.S68.SS1.p1.s1","chapter-title":"Bessel Functions","chapter-xmlid":"C10","section-title":"Modulus and Phase Functions","sentence-num-in-chapter":"933","section-xmlid":"C10.S68","sentence-num-in-section":"1","para-num-of-sentences":"2","para-xmlid":"C10.S68.SS1.p1","subsection-title":"Definitions"},"content-tex":"$\\Hankelphasederivphi{\\nu}@{x}$"}}{"expression":{"xml-id":"C10.S68.SS1.p1.m9","tex":"$x\\to\\infty$","context":{"sentence-num-in-corpus":"7332","subsection-xmlid":"C10.S68.SS1","sentence-xmlid":"C10.S68.SS1.p1.s1","chapter-title":"Bessel Functions","chapter-xmlid":"C10","section-title":"Modulus and Phase Functions","sentence-num-in-chapter":"933","section-xmlid":"C10.S68","sentence-num-in-section":"1","para-num-of-sentences":"2","para-xmlid":"C10.S68.SS1.p1","subsection-title":"Definitions"}}}{"equation":{"symbols-used":[{"symbol":{"tex":"$\\operatorname{bei}_{\\NVar{\\nu}}\\left(\\NVar{x}\\right)$","meaning":"Kelvin function","idref":"C10.S61.E1","content-tex":"$\\Kelvinbei{\\NVar{\\nu}}@{\\NVar{x}}$"}},{"symbol":{"tex":"$\\operatorname{ber}_{\\NVar{\\nu}}\\left(\\NVar{x}\\right)$","meaning":"Kelvin function","idref":"C10.S61.E1","content-tex":"$\\Kelvinber{\\NVar{\\nu}}@{\\NVar{x}}$"}},{"symbol":{"tex":"$\\cos\\NVar{z}$","meaning":"cosine function","idref":"C4.S14.E2","content-tex":"$\\cos@@{\\NVar{z}}$"}},{"symbol":{"tex":"$M_{\\NVar{\\nu}}\\left(\\NVar{x}\\right)$","meaning":"modulus of Bessel functions","idref":"C10.S18.E1","content-tex":"$\\HankelmodM{\\NVar{\\nu}}@{\\NVar{x}}$"}},{"symbol":{"tex":"$\\theta_{\\NVar{\\nu}}\\left(\\NVar{x}\\right)$","meaning":"phase of Bessel functions","idref":"C10.S18.E3","content-tex":"$\\Hankelphasetheta{\\NVar{\\nu}}@{\\NVar{x}}$"}},{"symbol":{"tex":"$\\sin\\NVar{z}$","meaning":"sine function","idref":"C4.S14.E1","content-tex":"$\\sin@@{\\NVar{z}}$"}},{"symbol":{"tex":"$x$","meaning":"real variable","idref":"C10.S1.p2.t1.r3"}},{"symbol":{"tex":"$\\nu$","meaning":"complex parameter","idref":"C10.S1.p2.t1.r5"}}],"context":{"sentence-num-in-corpus":"7334","subsection-xmlid":"C10.S68.SS2","sentence-xmlid":"C10.S68.SS2.p1.s1","chapter-title":"Bessel Functions","chapter-xmlid":"C10","section-title":"Modulus and Phase Functions","sentence-num-in-chapter":"935","section-xmlid":"C10.S68","sentence-num-in-section":"3","para-num-of-sentences":"3","para-xmlid":"C10.S68.SS2.p1","subsection-title":"Basic Properties"},"permalink":"http:\/\/dlmf.nist.gov\/10.68.E3","equation-number":"10.68.3","subequations":[{"subequation":{"xml-id":"C10.S68.Ex1","tex":"$\\operatorname{ber}_{\\nu}x=M_{\\nu}\\left(x\\right)\\cos\\theta_{\\nu}\\left(x\\right),$","context":{"chapter-title":"Bessel Functions","chapter-xmlid":"C10"},"content-tex":"$\\Kelvinber{\\nu}@@{x}=\\HankelmodM{\\nu}@{x}\\cos@@{\\Hankelphasetheta{\\nu}@{x}},$"}},{"subequation":{"xml-id":"C10.S68.Ex2","tex":"$\\operatorname{bei}_{\\nu}x=M_{\\nu}\\left(x\\right)\\sin\\theta_{\\nu}\\left(x\\right),$","context":{"chapter-title":"Bessel Functions","chapter-xmlid":"C10"},"content-tex":"$\\Kelvinbei{\\nu}@@{x}=\\HankelmodM{\\nu}@{x}\\sin@@{\\Hankelphasetheta{\\nu}@{x}},$"}}]}}{"expression":{"xml-id":"C10.S61.E1.m3aadec","tex":"$\\operatorname{bei}_{\\NVar{\\nu}}\\left(\\NVar{x}\\right)$","context":{"chapter-title":"Bessel Functions","chapter-xmlid":"C10"},"content-tex":"$\\Kelvinbei{\\NVar{\\nu}}@{\\NVar{x}}$"}}{"expression":{"xml-id":"C10.S61.E1.m2aadec","tex":"$\\operatorname{ber}_{\\NVar{\\nu}}\\left(\\NVar{x}\\right)$","context":{"chapter-title":"Bessel Functions","chapter-xmlid":"C10"},"content-tex":"$\\Kelvinber{\\NVar{\\nu}}@{\\NVar{x}}$"}}{"expression":{"xml-id":"C4.S14.E2.m2adec","tex":"$\\cos\\NVar{z}$","context":{"chapter-title":"Bessel Functions","chapter-xmlid":"C10"},"content-tex":"$\\cos@@{\\NVar{z}}$"}}{"expression":{"xml-id":"C10.S18.E1.m2aadec","tex":"$M_{\\NVar{\\nu}}\\left(\\NVar{x}\\right)$","context":{"chapter-title":"Bessel Functions","chapter-xmlid":"C10"},"content-tex":"$\\HankelmodM{\\NVar{\\nu}}@{\\NVar{x}}$"}}{"expression":{"xml-id":"C10.S18.E3.m1aadec","tex":"$\\theta_{\\NVar{\\nu}}\\left(\\NVar{x}\\right)$","context":{"chapter-title":"Bessel Functions","chapter-xmlid":"C10"},"content-tex":"$\\Hankelphasetheta{\\NVar{\\nu}}@{\\NVar{x}}$"}}{"expression":{"xml-id":"C4.S14.E1.m2adec","tex":"$\\sin\\NVar{z}$","context":{"chapter-title":"Bessel Functions","chapter-xmlid":"C10"},"content-tex":"$\\sin@@{\\NVar{z}}$"}}{"expression":{"xml-id":"C10.S1.XMD4.m1bdec","tex":"$x$","context":{"chapter-title":"Bessel Functions","chapter-xmlid":"C10"}}}{"expression":{"xml-id":"C10.S1.XMD7.m1bdec","tex":"$\\nu$","context":{"chapter-title":"Bessel Functions","chapter-xmlid":"C10"}}}{"equation":{"symbols-used":[{"symbol":{"tex":"$\\operatorname{kei}_{\\NVar{\\nu}}\\left(\\NVar{x}\\right)$","meaning":"Kelvin function","idref":"C10.S61.E2","content-tex":"$\\Kelvinkei{\\NVar{\\nu}}@{\\NVar{x}}$"}},{"symbol":{"tex":"$\\operatorname{ker}_{\\NVar{\\nu}}\\left(\\NVar{x}\\right)$","meaning":"Kelvin function","idref":"C10.S61.E2","content-tex":"$\\Kelvinker{\\NVar{\\nu}}@{\\NVar{x}}$"}},{"symbol":{"tex":"$\\cos\\NVar{z}$","meaning":"cosine function","idref":"C4.S14.E2","content-tex":"$\\cos@@{\\NVar{z}}$"}},{"symbol":{"tex":"$N_{\\NVar{\\nu}}\\left(\\NVar{x}\\right)$","meaning":"modulus of derivatives of Bessel functions","idref":"C10.S18.E2","content-tex":"$\\HankelmodderivN{\\NVar{\\nu}}@{\\NVar{x}}$"}},{"symbol":{"tex":"$\\phi_{\\NVar{\\nu}}\\left(\\NVar{x}\\right)$","meaning":"phase of derivatives of Bessel functions","idref":"C10.S18.E3","content-tex":"$\\Hankelphasederivphi{\\NVar{\\nu}}@{\\NVar{x}}$"}},{"symbol":{"tex":"$\\sin\\NVar{z}$","meaning":"sine function","idref":"C4.S14.E1","content-tex":"$\\sin@@{\\NVar{z}}$"}},{"symbol":{"tex":"$x$","meaning":"real variable","idref":"C10.S1.p2.t1.r3"}},{"symbol":{"tex":"$\\nu$","meaning":"complex parameter","idref":"C10.S1.p2.t1.r5"}}],"context":{"sentence-num-in-corpus":"7334","subsection-xmlid":"C10.S68.SS2","sentence-xmlid":"C10.S68.SS2.p1.s1","chapter-title":"Bessel Functions","chapter-xmlid":"C10","section-title":"Modulus and Phase Functions","sentence-num-in-chapter":"935","section-xmlid":"C10.S68","sentence-num-in-section":"3","para-num-of-sentences":"3","para-xmlid":"C10.S68.SS2.p1","subsection-title":"Basic Properties"},"permalink":"http:\/\/dlmf.nist.gov\/10.68.E4","equation-number":"10.68.4","subequations":[{"subequation":{"xml-id":"C10.S68.Ex3","tex":"$\\operatorname{ker}_{\\nu}x=N_{\\nu}\\left(x\\right)\\cos\\phi_{\\nu}\\left(x\\right),$","context":{"chapter-title":"Bessel Functions","chapter-xmlid":"C10"},"content-tex":"$\\Kelvinker{\\nu}@@{x}=\\HankelmodderivN{\\nu}@{x}\\cos@@{\\Hankelphasederivphi{\\nu} @{x}},$"}},{"subequation":{"xml-id":"C10.S68.Ex4","tex":"$\\operatorname{kei}_{\\nu}x=N_{\\nu}\\left(x\\right)\\sin\\phi_{\\nu}\\left(x\\right).$","context":{"chapter-title":"Bessel Functions","chapter-xmlid":"C10"},"content-tex":"$\\Kelvinkei{\\nu}@@{x}=\\HankelmodderivN{\\nu}@{x}\\sin@@{\\Hankelphasederivphi{\\nu} @{x}}.$"}}]}}{"expression":{"xml-id":"C10.S61.E2.m3aadec","tex":"$\\operatorname{kei}_{\\NVar{\\nu}}\\left(\\NVar{x}\\right)$","context":{"chapter-title":"Bessel Functions","chapter-xmlid":"C10"},"content-tex":"$\\Kelvinkei{\\NVar{\\nu}}@{\\NVar{x}}$"}}{"expression":{"xml-id":"C10.S61.E2.m2aadec","tex":"$\\operatorname{ker}_{\\NVar{\\nu}}\\left(\\NVar{x}\\right)$","context":{"chapter-title":"Bessel Functions","chapter-xmlid":"C10"},"content-tex":"$\\Kelvinker{\\NVar{\\nu}}@{\\NVar{x}}$"}}{"expression":{"xml-id":"C4.S14.E2.m2aadec","tex":"$\\cos\\NVar{z}$","context":{"chapter-title":"Bessel Functions","chapter-xmlid":"C10"},"content-tex":"$\\cos@@{\\NVar{z}}$"}}{"expression":{"xml-id":"C10.S18.E2.m2aadec","tex":"$N_{\\NVar{\\nu}}\\left(\\NVar{x}\\right)$","context":{"chapter-title":"Bessel Functions","chapter-xmlid":"C10"},"content-tex":"$\\HankelmodderivN{\\NVar{\\nu}}@{\\NVar{x}}$"}}{"expression":{"xml-id":"C10.S18.E3.m2aadec","tex":"$\\phi_{\\NVar{\\nu}}\\left(\\NVar{x}\\right)$","context":{"chapter-title":"Bessel Functions","chapter-xmlid":"C10"},"content-tex":"$\\Hankelphasederivphi{\\NVar{\\nu}}@{\\NVar{x}}$"}}{"expression":{"xml-id":"C4.S14.E1.m2aadec","tex":"$\\sin\\NVar{z}$","context":{"chapter-title":"Bessel Functions","chapter-xmlid":"C10"},"content-tex":"$\\sin@@{\\NVar{z}}$"}}{"expression":{"xml-id":"C10.S1.XMD4.m1cdec","tex":"$x$","context":{"chapter-title":"Bessel Functions","chapter-xmlid":"C10"}}}{"expression":{"xml-id":"C10.S1.XMD7.m1cdec","tex":"$\\nu$","context":{"chapter-title":"Bessel Functions","chapter-xmlid":"C10"}}}{"equation":{"symbols-used":[{"symbol":{"tex":"$\\operatorname{bei}_{\\NVar{\\nu}}\\left(\\NVar{x}\\right)$","meaning":"Kelvin function","idref":"C10.S61.E1","content-tex":"$\\Kelvinbei{\\NVar{\\nu}}@{\\NVar{x}}$"}},{"symbol":{"tex":"$\\operatorname{ber}_{\\NVar{\\nu}}\\left(\\NVar{x}\\right)$","meaning":"Kelvin function","idref":"C10.S61.E1","content-tex":"$\\Kelvinber{\\NVar{\\nu}}@{\\NVar{x}}$"}},{"symbol":{"tex":"$\\operatorname{kei}_{\\NVar{\\nu}}\\left(\\NVar{x}\\right)$","meaning":"Kelvin function","idref":"C10.S61.E2","content-tex":"$\\Kelvinkei{\\NVar{\\nu}}@{\\NVar{x}}$"}},{"symbol":{"tex":"$\\operatorname{ker}_{\\NVar{\\nu}}\\left(\\NVar{x}\\right)$","meaning":"Kelvin function","idref":"C10.S61.E2","content-tex":"$\\Kelvinker{\\NVar{\\nu}}@{\\NVar{x}}$"}},{"symbol":{"tex":"$M_{\\NVar{\\nu}}\\left(\\NVar{x}\\right)$","meaning":"modulus of Bessel functions","idref":"C10.S18.E1","content-tex":"$\\HankelmodM{\\NVar{\\nu}}@{\\NVar{x}}$"}},{"symbol":{"tex":"$N_{\\NVar{\\nu}}\\left(\\NVar{x}\\right)$","meaning":"modulus of derivatives of Bessel functions","idref":"C10.S18.E2","content-tex":"$\\HankelmodderivN{\\NVar{\\nu}}@{\\NVar{x}}$"}},{"symbol":{"tex":"$x$","meaning":"real variable","idref":"C10.S1.p2.t1.r3"}},{"symbol":{"tex":"$\\nu$","meaning":"complex parameter","idref":"C10.S1.p2.t1.r5"}}],"context":{"sentence-num-in-corpus":"7335","subsection-xmlid":"C10.S68.SS2","sentence-xmlid":"C10.S68.SS2.p1.s2","chapter-title":"Bessel Functions","chapter-xmlid":"C10","section-title":"Modulus and Phase Functions","sentence-num-in-chapter":"936","section-xmlid":"C10.S68","sentence-num-in-section":"4","para-num-of-sentences":"3","para-xmlid":"C10.S68.SS2.p1","subsection-title":"Basic Properties"},"permalink":"http:\/\/dlmf.nist.gov\/10.68.E5","equation-number":"10.68.5","subequations":[{"subequation":{"xml-id":"C10.S68.Ex5","tex":"$M_{\\nu}\\left(x\\right)=({\\operatorname{ber}_{\\nu}^{2}}x+{\\operatorname{bei}_{ \\nu}^{2}}x)^{\\ifrac{1}{2}},$","context":{"chapter-title":"Bessel Functions","chapter-xmlid":"C10"},"content-tex":"$\\HankelmodM{\\nu}@{x}=(\\Kelvinber{\\nu}^{2}@@{x}+\\Kelvinbei{\\nu}^{2}@@{x})^{ \\ifrac{1}{2}},$"}},{"subequation":{"xml-id":"C10.S68.Ex6","tex":"$N_{\\nu}\\left(x\\right)=({\\operatorname{ker}_{\\nu}^{2}}x+{\\operatorname{kei}_{ \\nu}^{2}}x)^{\\ifrac{1}{2}},$","context":{"chapter-title":"Bessel Functions","chapter-xmlid":"C10"},"content-tex":"$\\HankelmodderivN{\\nu}@{x}=(\\Kelvinker{\\nu}^{2}@@{x}+\\Kelvinkei{\\nu}^{2}@@{x})^ {\\ifrac{1}{2}},$"}}]}}{"expression":{"xml-id":"C10.S61.E1.m3abdec","tex":"$\\operatorname{bei}_{\\NVar{\\nu}}\\left(\\NVar{x}\\right)$","context":{"chapter-title":"Bessel Functions","chapter-xmlid":"C10"},"content-tex":"$\\Kelvinbei{\\NVar{\\nu}}@{\\NVar{x}}$"}}{"expression":{"xml-id":"C10.S61.E1.m2abdec","tex":"$\\operatorname{ber}_{\\NVar{\\nu}}\\left(\\NVar{x}\\right)$","context":{"chapter-title":"Bessel Functions","chapter-xmlid":"C10"},"content-tex":"$\\Kelvinber{\\NVar{\\nu}}@{\\NVar{x}}$"}}{"expression":{"xml-id":"C10.S61.E2.m3abdec","tex":"$\\operatorname{kei}_{\\NVar{\\nu}}\\left(\\NVar{x}\\right)$","context":{"chapter-title":"Bessel Functions","chapter-xmlid":"C10"},"content-tex":"$\\Kelvinkei{\\NVar{\\nu}}@{\\NVar{x}}$"}}{"expression":{"xml-id":"C10.S61.E2.m2abdec","tex":"$\\operatorname{ker}_{\\NVar{\\nu}}\\left(\\NVar{x}\\right)$","context":{"chapter-title":"Bessel Functions","chapter-xmlid":"C10"},"content-tex":"$\\Kelvinker{\\NVar{\\nu}}@{\\NVar{x}}$"}}{"expression":{"xml-id":"C10.S18.E1.m2abdec","tex":"$M_{\\NVar{\\nu}}\\left(\\NVar{x}\\right)$","context":{"chapter-title":"Bessel Functions","chapter-xmlid":"C10"},"content-tex":"$\\HankelmodM{\\NVar{\\nu}}@{\\NVar{x}}$"}}{"expression":{"xml-id":"C10.S18.E2.m2abdec","tex":"$N_{\\NVar{\\nu}}\\left(\\NVar{x}\\right)$","context":{"chapter-title":"Bessel Functions","chapter-xmlid":"C10"},"content-tex":"$\\HankelmodderivN{\\NVar{\\nu}}@{\\NVar{x}}$"}}{"expression":{"xml-id":"C10.S1.XMD4.m1ddec","tex":"$x$","context":{"chapter-title":"Bessel Functions","chapter-xmlid":"C10"}}}{"expression":{"xml-id":"C10.S1.XMD7.m1ddec","tex":"$\\nu$","context":{"chapter-title":"Bessel Functions","chapter-xmlid":"C10"}}}{"equation":{"symbols-used":[{"symbol":{"tex":"$\\operatorname{bei}_{\\NVar{\\nu}}\\left(\\NVar{x}\\right)$","meaning":"Kelvin function","idref":"C10.S61.E1","content-tex":"$\\Kelvinbei{\\NVar{\\nu}}@{\\NVar{x}}$"}},{"symbol":{"tex":"$\\operatorname{ber}_{\\NVar{\\nu}}\\left(\\NVar{x}\\right)$","meaning":"Kelvin function","idref":"C10.S61.E1","content-tex":"$\\Kelvinber{\\NVar{\\nu}}@{\\NVar{x}}$"}},{"symbol":{"tex":"$\\operatorname{kei}_{\\NVar{\\nu}}\\left(\\NVar{x}\\right)$","meaning":"Kelvin function","idref":"C10.S61.E2","content-tex":"$\\Kelvinkei{\\NVar{\\nu}}@{\\NVar{x}}$"}},{"symbol":{"tex":"$\\operatorname{ker}_{\\NVar{\\nu}}\\left(\\NVar{x}\\right)$","meaning":"Kelvin function","idref":"C10.S61.E2","content-tex":"$\\Kelvinker{\\NVar{\\nu}}@{\\NVar{x}}$"}},{"symbol":{"tex":"$\\operatorname{Arctan}\\NVar{z}$","meaning":"general arctangent function","idref":"C4.S23.E3","content-tex":"$\\Atan@@{\\NVar{z}}$"}},{"symbol":{"tex":"$\\phi_{\\NVar{\\nu}}\\left(\\NVar{x}\\right)$","meaning":"phase of derivatives of Bessel functions","idref":"C10.S18.E3","content-tex":"$\\Hankelphasederivphi{\\NVar{\\nu}}@{\\NVar{x}}$"}},{"symbol":{"tex":"$\\theta_{\\NVar{\\nu}}\\left(\\NVar{x}\\right)$","meaning":"phase of Bessel functions","idref":"C10.S18.E3","content-tex":"$\\Hankelphasetheta{\\NVar{\\nu}}@{\\NVar{x}}$"}},{"symbol":{"tex":"$x$","meaning":"real variable","idref":"C10.S1.p2.t1.r3"}},{"symbol":{"tex":"$\\nu$","meaning":"complex parameter","idref":"C10.S1.p2.t1.r5"}}],"context":{"sentence-num-in-corpus":"7335","subsection-xmlid":"C10.S68.SS2","sentence-xmlid":"C10.S68.SS2.p1.s2","chapter-title":"Bessel Functions","chapter-xmlid":"C10","section-title":"Modulus and Phase Functions","sentence-num-in-chapter":"936","section-xmlid":"C10.S68","sentence-num-in-section":"4","para-num-of-sentences":"3","para-xmlid":"C10.S68.SS2.p1","subsection-title":"Basic Properties"},"permalink":"http:\/\/dlmf.nist.gov\/10.68.E6","equation-number":"10.68.6","subequations":[{"subequation":{"xml-id":"C10.S68.Ex7","tex":"$\\theta_{\\nu}\\left(x\\right)=\\operatorname{Arctan}\\left(\\operatorname{bei}_{\\nu} x\/\\operatorname{ber}_{\\nu}x\\right),$","context":{"chapter-title":"Bessel Functions","chapter-xmlid":"C10"},"content-tex":"$\\Hankelphasetheta{\\nu}@{x}=\\Atan@{\\Kelvinbei{\\nu}@@{x}\/\\Kelvinber{\\nu}@@{x}},$"}},{"subequation":{"xml-id":"C10.S68.Ex8","tex":"$\\phi_{\\nu}\\left(x\\right)=\\operatorname{Arctan}\\left(\\operatorname{kei}_{\\nu}x\/ \\operatorname{ker}_{\\nu}x\\right).$","context":{"chapter-title":"Bessel Functions","chapter-xmlid":"C10"},"content-tex":"$\\Hankelphasederivphi{\\nu}@{x}=\\Atan@{\\Kelvinkei{\\nu}@@{x}\/\\Kelvinker{\\nu}@@{x}}.$"}}]}}{"expression":{"xml-id":"C10.S61.E1.m3acdec","tex":"$\\operatorname{bei}_{\\NVar{\\nu}}\\left(\\NVar{x}\\right)$","context":{"chapter-title":"Bessel Functions","chapter-xmlid":"C10"},"content-tex":"$\\Kelvinbei{\\NVar{\\nu}}@{\\NVar{x}}$"}}{"expression":{"xml-id":"C10.S61.E1.m2acdec","tex":"$\\operatorname{ber}_{\\NVar{\\nu}}\\left(\\NVar{x}\\right)$","context":{"chapter-title":"Bessel Functions","chapter-xmlid":"C10"},"content-tex":"$\\Kelvinber{\\NVar{\\nu}}@{\\NVar{x}}$"}}{"expression":{"xml-id":"C10.S61.E2.m3acdec","tex":"$\\operatorname{kei}_{\\NVar{\\nu}}\\left(\\NVar{x}\\right)$","context":{"chapter-title":"Bessel Functions","chapter-xmlid":"C10"},"content-tex":"$\\Kelvinkei{\\NVar{\\nu}}@{\\NVar{x}}$"}}{"expression":{"xml-id":"C10.S61.E2.m2acdec","tex":"$\\operatorname{ker}_{\\NVar{\\nu}}\\left(\\NVar{x}\\right)$","context":{"chapter-title":"Bessel Functions","chapter-xmlid":"C10"},"content-tex":"$\\Kelvinker{\\NVar{\\nu}}@{\\NVar{x}}$"}}{"expression":{"xml-id":"C4.S23.E3.m2adec","tex":"$\\operatorname{Arctan}\\NVar{z}$","context":{"chapter-title":"Bessel Functions","chapter-xmlid":"C10"},"content-tex":"$\\Atan@@{\\NVar{z}}$"}}{"expression":{"xml-id":"C10.S18.E3.m2abdec","tex":"$\\phi_{\\NVar{\\nu}}\\left(\\NVar{x}\\right)$","context":{"chapter-title":"Bessel Functions","chapter-xmlid":"C10"},"content-tex":"$\\Hankelphasederivphi{\\NVar{\\nu}}@{\\NVar{x}}$"}}{"expression":{"xml-id":"C10.S18.E3.m1abdec","tex":"$\\theta_{\\NVar{\\nu}}\\left(\\NVar{x}\\right)$","context":{"chapter-title":"Bessel Functions","chapter-xmlid":"C10"},"content-tex":"$\\Hankelphasetheta{\\NVar{\\nu}}@{\\NVar{x}}$"}}{"expression":{"xml-id":"C10.S1.XMD4.m1edec","tex":"$x$","context":{"chapter-title":"Bessel Functions","chapter-xmlid":"C10"}}}{"expression":{"xml-id":"C10.S1.XMD7.m1edec","tex":"$\\nu$","context":{"chapter-title":"Bessel Functions","chapter-xmlid":"C10"}}}{"equation":{"symbols-used":[{"symbol":{"tex":"$\\pi$","meaning":"the ratio of the circumference of a circle to its diameter","idref":"C3.S12.E1","content-tex":"$\\cpi$"}},{"symbol":{"tex":"$M_{\\NVar{\\nu}}\\left(\\NVar{x}\\right)$","meaning":"modulus of Bessel functions","idref":"C10.S18.E1","content-tex":"$\\HankelmodM{\\NVar{\\nu}}@{\\NVar{x}}$"}},{"symbol":{"tex":"$\\theta_{\\NVar{\\nu}}\\left(\\NVar{x}\\right)$","meaning":"phase of Bessel functions","idref":"C10.S18.E3","content-tex":"$\\Hankelphasetheta{\\NVar{\\nu}}@{\\NVar{x}}$"}},{"symbol":{"tex":"$n$","meaning":"integer","idref":"C10.S1.p2.t1.r1"}},{"symbol":{"tex":"$x$","meaning":"real variable","idref":"C10.S1.p2.t1.r3"}}],"context":{"sentence-num-in-corpus":"7336","subsection-xmlid":"C10.S68.SS2","sentence-xmlid":"C10.S68.SS2.p1.s3","chapter-title":"Bessel Functions","chapter-xmlid":"C10","section-title":"Modulus and Phase Functions","sentence-num-in-chapter":"937","section-xmlid":"C10.S68","sentence-num-in-section":"5","para-num-of-sentences":"3","para-xmlid":"C10.S68.SS2.p1","subsection-title":"Basic Properties"},"permalink":"http:\/\/dlmf.nist.gov\/10.68.E7","equation-number":"10.68.7","subequations":[{"subequation":{"xml-id":"C10.S68.Ex9","tex":"$M_{-n}\\left(x\\right)=M_{n}\\left(x\\right),$","context":{"chapter-title":"Bessel Functions","chapter-xmlid":"C10"},"content-tex":"$\\HankelmodM{-n}@{x}=\\HankelmodM{n}@{x},$"}},{"subequation":{"xml-id":"C10.S68.Ex10","tex":"$\\theta_{-n}\\left(x\\right)=\\theta_{n}\\left(x\\right)-n\\pi.$","context":{"chapter-title":"Bessel Functions","chapter-xmlid":"C10"},"content-tex":"$\\Hankelphasetheta{-n}@{x}=\\Hankelphasetheta{n}@{x}-n\\pi.$"}}]}}{"expression":{"xml-id":"C3.S12.E1.m2adec","tex":"$\\pi$","context":{"chapter-title":"Bessel Functions","chapter-xmlid":"C10"},"content-tex":"$\\cpi$"}}{"expression":{"xml-id":"C10.S18.E1.m2acdec","tex":"$M_{\\NVar{\\nu}}\\left(\\NVar{x}\\right)$","context":{"chapter-title":"Bessel Functions","chapter-xmlid":"C10"},"content-tex":"$\\HankelmodM{\\NVar{\\nu}}@{\\NVar{x}}$"}}{"expression":{"xml-id":"C10.S18.E3.m1acdec","tex":"$\\theta_{\\NVar{\\nu}}\\left(\\NVar{x}\\right)$","context":{"chapter-title":"Bessel Functions","chapter-xmlid":"C10"},"content-tex":"$\\Hankelphasetheta{\\NVar{\\nu}}@{\\NVar{x}}$"}}{"expression":{"xml-id":"C10.S1.XMD2.m1dec","tex":"$n$","context":{"chapter-title":"Bessel Functions","chapter-xmlid":"C10"}}}{"expression":{"xml-id":"C10.S1.XMD4.m1fdec","tex":"$x$","context":{"chapter-title":"Bessel Functions","chapter-xmlid":"C10"}}}{"expression":{"xml-id":"C10.S68.SS2.p2.m1","tex":"$(x)$","context":{"sentence-num-in-corpus":"7337","subsection-xmlid":"C10.S68.SS2","sentence-xmlid":"C10.S68.SS2.p2.s1","chapter-title":"Bessel Functions","chapter-xmlid":"C10","section-title":"Modulus and Phase Functions","sentence-num-in-chapter":"938","section-xmlid":"C10.S68","sentence-num-in-section":"6","para-num-of-sentences":"5","para-xmlid":"C10.S68.SS2.p2","subsection-title":"Basic Properties"}}}{"equation":{"symbols-used":[{"symbol":{"tex":"$\\operatorname{ber}_{\\NVar{\\nu}}\\left(\\NVar{x}\\right)$","meaning":"Kelvin function","idref":"C10.S61.E1","content-tex":"$\\Kelvinber{\\NVar{\\nu}}@{\\NVar{x}}$"}},{"symbol":{"tex":"$\\pi$","meaning":"the ratio of the circumference of a circle to its diameter","idref":"C3.S12.E1","content-tex":"$\\cpi$"}},{"symbol":{"tex":"$\\cos\\NVar{z}$","meaning":"cosine function","idref":"C4.S14.E2","content-tex":"$\\cos@@{\\NVar{z}}$"}},{"symbol":{"tex":"$M_{\\NVar{\\nu}}\\left(\\NVar{x}\\right)$","meaning":"modulus of Bessel functions","idref":"C10.S18.E1","content-tex":"$\\HankelmodM{\\NVar{\\nu}}@{\\NVar{x}}$"}},{"symbol":{"tex":"$\\theta_{\\NVar{\\nu}}\\left(\\NVar{x}\\right)$","meaning":"phase of Bessel functions","idref":"C10.S18.E3","content-tex":"$\\Hankelphasetheta{\\NVar{\\nu}}@{\\NVar{x}}$"}},{"symbol":{"tex":"$x$","meaning":"real variable","idref":"C10.S1.p2.t1.r3"}},{"symbol":{"tex":"$\\nu$","meaning":"complex parameter","idref":"C10.S1.p2.t1.r5"}}],"xml-id":"C10.S68.E8","tex":"$\\operatorname{ber}_{\\nu}'x=\\tfrac{1}{2}M_{\\nu+1}\\cos\\left(\\theta_{\\nu+1}- \\tfrac{1}{4}\\pi\\right)-\\tfrac{1}{2}M_{\\nu-1}\\cos\\left(\\theta_{\\nu-1}-\\tfrac{1} {4}\\pi\\right)=(\\nu\/x)M_{\\nu}\\cos\\theta_{\\nu}+M_{\\nu+1}\\cos\\left(\\theta_{\\nu+1} -\\tfrac{1}{4}\\pi\\right)=-(\\nu\/x)M_{\\nu}\\cos\\theta_{\\nu}-M_{\\nu-1}\\cos\\left( \\theta_{\\nu-1}-\\tfrac{1}{4}\\pi\\right),$","context":{"sentence-num-in-corpus":"7337","subsection-xmlid":"C10.S68.SS2","sentence-xmlid":"C10.S68.SS2.p2.s1","chapter-title":"Bessel Functions","chapter-xmlid":"C10","section-title":"Modulus and Phase Functions","sentence-num-in-chapter":"938","section-xmlid":"C10.S68","sentence-num-in-section":"6","para-num-of-sentences":"5","para-xmlid":"C10.S68.SS2.p2","subsection-title":"Basic Properties"},"permalink":"http:\/\/dlmf.nist.gov\/10.68.E8","equation-number":"10.68.8","content-tex":"$\\Kelvinber{\\nu}'@@{x}=\\tfrac{1}{2}\\HankelmodM{\\nu+1}\\cos@{\\Hankelphasetheta{ \\nu+1}-\\tfrac{1}{4}\\pi}-\\tfrac{1}{2}\\HankelmodM{\\nu-1}\\cos@{\\Hankelphasetheta{ \\nu-1}-\\tfrac{1}{4}\\pi}=(\\nu\/x)\\HankelmodM{\\nu}\\cos@@{\\Hankelphasetheta{\\nu}}+ \\HankelmodM{\\nu+1}\\cos@{\\Hankelphasetheta{\\nu+1}-\\tfrac{1}{4}\\pi}=-(\\nu\/x) \\HankelmodM{\\nu}\\cos@@{\\Hankelphasetheta{\\nu}}-\\HankelmodM{\\nu-1}\\cos@{ \\Hankelphasetheta{\\nu-1}-\\tfrac{1}{4}\\pi},$"}}{"equation":{"symbols-used":[{"symbol":{"tex":"$\\operatorname{bei}_{\\NVar{\\nu}}\\left(\\NVar{x}\\right)$","meaning":"Kelvin function","idref":"C10.S61.E1","content-tex":"$\\Kelvinbei{\\NVar{\\nu}}@{\\NVar{x}}$"}},{"symbol":{"tex":"$\\pi$","meaning":"the ratio of the circumference of a circle to its diameter","idref":"C3.S12.E1","content-tex":"$\\cpi$"}},{"symbol":{"tex":"$M_{\\NVar{\\nu}}\\left(\\NVar{x}\\right)$","meaning":"modulus of Bessel functions","idref":"C10.S18.E1","content-tex":"$\\HankelmodM{\\NVar{\\nu}}@{\\NVar{x}}$"}},{"symbol":{"tex":"$\\theta_{\\NVar{\\nu}}\\left(\\NVar{x}\\right)$","meaning":"phase of Bessel functions","idref":"C10.S18.E3","content-tex":"$\\Hankelphasetheta{\\NVar{\\nu}}@{\\NVar{x}}$"}},{"symbol":{"tex":"$\\sin\\NVar{z}$","meaning":"sine function","idref":"C4.S14.E1","content-tex":"$\\sin@@{\\NVar{z}}$"}},{"symbol":{"tex":"$x$","meaning":"real variable","idref":"C10.S1.p2.t1.r3"}},{"symbol":{"tex":"$\\nu$","meaning":"complex parameter","idref":"C10.S1.p2.t1.r5"}}],"xml-id":"C10.S68.E9","tex":"$\\operatorname{bei}_{\\nu}'x=\\tfrac{1}{2}M_{\\nu+1}\\sin\\left(\\theta_{\\nu+1}- \\tfrac{1}{4}\\pi\\right)-\\tfrac{1}{2}M_{\\nu-1}\\sin\\left(\\theta_{\\nu-1}-\\tfrac{1} {4}\\pi\\right)=(\\nu\/x)M_{\\nu}\\sin\\theta_{\\nu}+M_{\\nu+1}\\sin\\left(\\theta_{\\nu+1} -\\tfrac{1}{4}\\pi\\right)=-(\\nu\/x)M_{\\nu}\\sin\\theta_{\\nu}-M_{\\nu-1}\\sin\\left( \\theta_{\\nu-1}-\\tfrac{1}{4}\\pi\\right).$","context":{"sentence-num-in-corpus":"7337","subsection-xmlid":"C10.S68.SS2","sentence-xmlid":"C10.S68.SS2.p2.s1","chapter-title":"Bessel Functions","chapter-xmlid":"C10","section-title":"Modulus and Phase Functions","sentence-num-in-chapter":"938","section-xmlid":"C10.S68","sentence-num-in-section":"6","para-num-of-sentences":"5","para-xmlid":"C10.S68.SS2.p2","subsection-title":"Basic Properties"},"permalink":"http:\/\/dlmf.nist.gov\/10.68.E9","equation-number":"10.68.9","content-tex":"$\\Kelvinbei{\\nu}'@@{x}=\\tfrac{1}{2}\\HankelmodM{\\nu+1}\\sin@{\\Hankelphasetheta{ \\nu+1}-\\tfrac{1}{4}\\pi}-\\tfrac{1}{2}\\HankelmodM{\\nu-1}\\sin@{\\Hankelphasetheta{ \\nu-1}-\\tfrac{1}{4}\\pi}=(\\nu\/x)\\HankelmodM{\\nu}\\sin@@{\\Hankelphasetheta{\\nu}}+ \\HankelmodM{\\nu+1}\\sin@{\\Hankelphasetheta{\\nu+1}-\\tfrac{1}{4}\\pi}=-(\\nu\/x) \\HankelmodM{\\nu}\\sin@@{\\Hankelphasetheta{\\nu}}-\\HankelmodM{\\nu-1}\\sin@{ \\Hankelphasetheta{\\nu-1}-\\tfrac{1}{4}\\pi}.$"}}{"equation":{"symbols-used":[{"symbol":{"tex":"$\\operatorname{bei}_{\\NVar{\\nu}}\\left(\\NVar{x}\\right)$","meaning":"Kelvin function","idref":"C10.S61.E1","content-tex":"$\\Kelvinbei{\\NVar{\\nu}}@{\\NVar{x}}$"}},{"symbol":{"tex":"$\\operatorname{ber}_{\\NVar{\\nu}}\\left(\\NVar{x}\\right)$","meaning":"Kelvin function","idref":"C10.S61.E1","content-tex":"$\\Kelvinber{\\NVar{\\nu}}@{\\NVar{x}}$"}},{"symbol":{"tex":"$\\pi$","meaning":"the ratio of the circumference of a circle to its diameter","idref":"C3.S12.E1","content-tex":"$\\cpi$"}},{"symbol":{"tex":"$\\cos\\NVar{z}$","meaning":"cosine function","idref":"C4.S14.E2","content-tex":"$\\cos@@{\\NVar{z}}$"}},{"symbol":{"tex":"$M_{\\NVar{\\nu}}\\left(\\NVar{x}\\right)$","meaning":"modulus of Bessel functions","idref":"C10.S18.E1","content-tex":"$\\HankelmodM{\\NVar{\\nu}}@{\\NVar{x}}$"}},{"symbol":{"tex":"$\\theta_{\\NVar{\\nu}}\\left(\\NVar{x}\\right)$","meaning":"phase of Bessel functions","idref":"C10.S18.E3","content-tex":"$\\Hankelphasetheta{\\NVar{\\nu}}@{\\NVar{x}}$"}},{"symbol":{"tex":"$\\sin\\NVar{z}$","meaning":"sine function","idref":"C4.S14.E1","content-tex":"$\\sin@@{\\NVar{z}}$"}},{"symbol":{"tex":"$x$","meaning":"real variable","idref":"C10.S1.p2.t1.r3"}}],"context":{"sentence-num-in-corpus":"7338","subsection-xmlid":"C10.S68.SS2","sentence-xmlid":"C10.S68.SS2.p2.s2","chapter-title":"Bessel Functions","chapter-xmlid":"C10","section-title":"Modulus and Phase Functions","sentence-num-in-chapter":"939","section-xmlid":"C10.S68","sentence-num-in-section":"7","para-num-of-sentences":"5","para-xmlid":"C10.S68.SS2.p2","subsection-title":"Basic Properties"},"permalink":"http:\/\/dlmf.nist.gov\/10.68.E10","equation-number":"10.68.10","subequations":[{"subequation":{"xml-id":"C10.S68.Ex11","tex":"$\\operatorname{ber}'x=M_{1}\\cos\\left(\\theta_{1}-\\tfrac{1}{4}\\pi\\right),$","context":{"chapter-title":"Bessel Functions","chapter-xmlid":"C10"},"content-tex":"$\\Kelvinber{}'@@{x}=\\HankelmodM{1}\\cos@{\\Hankelphasetheta{1}-\\tfrac{1}{4}\\pi},$"}},{"subequation":{"xml-id":"C10.S68.Ex12","tex":"$\\operatorname{bei}'x=M_{1}\\sin\\left(\\theta_{1}-\\tfrac{1}{4}\\pi\\right).$","context":{"chapter-title":"Bessel Functions","chapter-xmlid":"C10"},"content-tex":"$\\Kelvinbei{}'@@{x}=\\HankelmodM{1}\\sin@{\\Hankelphasetheta{1}-\\tfrac{1}{4}\\pi}.$"}}]}}{"expression":{"xml-id":"C10.S61.E1.m3aedec","tex":"$\\operatorname{bei}_{\\NVar{\\nu}}\\left(\\NVar{x}\\right)$","context":{"chapter-title":"Bessel Functions","chapter-xmlid":"C10"},"content-tex":"$\\Kelvinbei{\\NVar{\\nu}}@{\\NVar{x}}$"}}{"expression":{"xml-id":"C10.S61.E1.m2aedec","tex":"$\\operatorname{ber}_{\\NVar{\\nu}}\\left(\\NVar{x}\\right)$","context":{"chapter-title":"Bessel Functions","chapter-xmlid":"C10"},"content-tex":"$\\Kelvinber{\\NVar{\\nu}}@{\\NVar{x}}$"}}{"expression":{"xml-id":"C3.S12.E1.m2acdec","tex":"$\\pi$","context":{"chapter-title":"Bessel Functions","chapter-xmlid":"C10"},"content-tex":"$\\cpi$"}}{"expression":{"xml-id":"C4.S14.E2.m2acdec","tex":"$\\cos\\NVar{z}$","context":{"chapter-title":"Bessel Functions","chapter-xmlid":"C10"},"content-tex":"$\\cos@@{\\NVar{z}}$"}}{"expression":{"xml-id":"C10.S18.E1.m2afdec","tex":"$M_{\\NVar{\\nu}}\\left(\\NVar{x}\\right)$","context":{"chapter-title":"Bessel Functions","chapter-xmlid":"C10"},"content-tex":"$\\HankelmodM{\\NVar{\\nu}}@{\\NVar{x}}$"}}{"expression":{"xml-id":"C10.S18.E3.m1afdec","tex":"$\\theta_{\\NVar{\\nu}}\\left(\\NVar{x}\\right)$","context":{"chapter-title":"Bessel Functions","chapter-xmlid":"C10"},"content-tex":"$\\Hankelphasetheta{\\NVar{\\nu}}@{\\NVar{x}}$"}}{"expression":{"xml-id":"C4.S14.E1.m2acdec","tex":"$\\sin\\NVar{z}$","context":{"chapter-title":"Bessel Functions","chapter-xmlid":"C10"},"content-tex":"$\\sin@@{\\NVar{z}}$"}}{"expression":{"xml-id":"C10.S1.XMD4.m1idec","tex":"$x$","context":{"chapter-title":"Bessel Functions","chapter-xmlid":"C10"}}}{"equation":{"symbols-used":[{"symbol":{"tex":"$\\pi$","meaning":"the ratio of the circumference of a circle to its diameter","idref":"C3.S12.E1","content-tex":"$\\cpi$"}},{"symbol":{"tex":"$\\cos\\NVar{z}$","meaning":"cosine function","idref":"C4.S14.E2","content-tex":"$\\cos@@{\\NVar{z}}$"}},{"symbol":{"tex":"$M_{\\NVar{\\nu}}\\left(\\NVar{x}\\right)$","meaning":"modulus of Bessel functions","idref":"C10.S18.E1","content-tex":"$\\HankelmodM{\\NVar{\\nu}}@{\\NVar{x}}$"}},{"symbol":{"tex":"$\\theta_{\\NVar{\\nu}}\\left(\\NVar{x}\\right)$","meaning":"phase of Bessel functions","idref":"C10.S18.E3","content-tex":"$\\Hankelphasetheta{\\NVar{\\nu}}@{\\NVar{x}}$"}},{"symbol":{"tex":"$x$","meaning":"real variable","idref":"C10.S1.p2.t1.r3"}},{"symbol":{"tex":"$\\nu$","meaning":"complex parameter","idref":"C10.S1.p2.t1.r5"}}],"xml-id":"C10.S68.E11","tex":"$M_{\\nu}'=(\\nu\/x)M_{\\nu}+M_{\\nu+1}\\cos\\left(\\theta_{\\nu+1}-\\theta_{\\nu}-\\tfrac{ 1}{4}\\pi\\right)=-(\\nu\/x)M_{\\nu}-M_{\\nu-1}\\cos\\left(\\theta_{\\nu-1}-\\theta_{\\nu} -\\tfrac{1}{4}\\pi\\right),$","context":{"sentence-num-in-corpus":"7339","subsection-xmlid":"C10.S68.SS2","sentence-xmlid":"C10.S68.SS2.p2.s3","chapter-title":"Bessel Functions","chapter-xmlid":"C10","section-title":"Modulus and Phase Functions","sentence-num-in-chapter":"940","section-xmlid":"C10.S68","sentence-num-in-section":"8","para-num-of-sentences":"5","para-xmlid":"C10.S68.SS2.p2","subsection-title":"Basic Properties"},"permalink":"http:\/\/dlmf.nist.gov\/10.68.E11","equation-number":"10.68.11","content-tex":"$\\HankelmodM{\\nu}'=(\\nu\/x)\\HankelmodM{\\nu}+\\HankelmodM{\\nu+1}\\cos@{ \\Hankelphasetheta{\\nu+1}-\\Hankelphasetheta{\\nu}-\\tfrac{1}{4}\\pi}=-(\\nu\/x) \\HankelmodM{\\nu}-\\HankelmodM{\\nu-1}\\cos@{\\Hankelphasetheta{\\nu-1}- \\Hankelphasetheta{\\nu}-\\tfrac{1}{4}\\pi},$"}}{"equation":{"symbols-used":[{"symbol":{"tex":"$\\pi$","meaning":"the ratio of the circumference of a circle to its diameter","idref":"C3.S12.E1","content-tex":"$\\cpi$"}},{"symbol":{"tex":"$M_{\\NVar{\\nu}}\\left(\\NVar{x}\\right)$","meaning":"modulus of Bessel functions","idref":"C10.S18.E1","content-tex":"$\\HankelmodM{\\NVar{\\nu}}@{\\NVar{x}}$"}},{"symbol":{"tex":"$\\theta_{\\NVar{\\nu}}\\left(\\NVar{x}\\right)$","meaning":"phase of Bessel functions","idref":"C10.S18.E3","content-tex":"$\\Hankelphasetheta{\\NVar{\\nu}}@{\\NVar{x}}$"}},{"symbol":{"tex":"$\\sin\\NVar{z}$","meaning":"sine function","idref":"C4.S14.E1","content-tex":"$\\sin@@{\\NVar{z}}$"}},{"symbol":{"tex":"$\\nu$","meaning":"complex parameter","idref":"C10.S1.p2.t1.r5"}}],"xml-id":"C10.S68.E12","tex":"$\\theta_{\\nu}'=(M_{\\nu+1}\/M_{\\nu})\\sin\\left(\\theta_{\\nu+1}-\\theta_{\\nu}-\\tfrac{ 1}{4}\\pi\\right)=-(M_{\\nu-1}\/M_{\\nu})\\sin\\left(\\theta_{\\nu-1}-\\theta_{\\nu}- \\tfrac{1}{4}\\pi\\right).$","context":{"sentence-num-in-corpus":"7339","subsection-xmlid":"C10.S68.SS2","sentence-xmlid":"C10.S68.SS2.p2.s3","chapter-title":"Bessel Functions","chapter-xmlid":"C10","section-title":"Modulus and Phase Functions","sentence-num-in-chapter":"940","section-xmlid":"C10.S68","sentence-num-in-section":"8","para-num-of-sentences":"5","para-xmlid":"C10.S68.SS2.p2","subsection-title":"Basic Properties"},"permalink":"http:\/\/dlmf.nist.gov\/10.68.E12","equation-number":"10.68.12","content-tex":"$\\Hankelphasetheta{\\nu}'=(\\HankelmodM{\\nu+1}\/\\HankelmodM{\\nu})\\sin@{ \\Hankelphasetheta{\\nu+1}-\\Hankelphasetheta{\\nu}-\\tfrac{1}{4}\\pi}=-(\\HankelmodM {\\nu-1}\/\\HankelmodM{\\nu})\\sin@{\\Hankelphasetheta{\\nu-1}-\\Hankelphasetheta{\\nu} -\\tfrac{1}{4}\\pi}.$"}}{"equation":{"symbols-used":[{"symbol":{"tex":"$\\pi$","meaning":"the ratio of the circumference of a circle to its diameter","idref":"C3.S12.E1","content-tex":"$\\cpi$"}},{"symbol":{"tex":"$\\cos\\NVar{z}$","meaning":"cosine function","idref":"C4.S14.E2","content-tex":"$\\cos@@{\\NVar{z}}$"}},{"symbol":{"tex":"$M_{\\NVar{\\nu}}\\left(\\NVar{x}\\right)$","meaning":"modulus of Bessel functions","idref":"C10.S18.E1","content-tex":"$\\HankelmodM{\\NVar{\\nu}}@{\\NVar{x}}$"}},{"symbol":{"tex":"$\\theta_{\\NVar{\\nu}}\\left(\\NVar{x}\\right)$","meaning":"phase of Bessel functions","idref":"C10.S18.E3","content-tex":"$\\Hankelphasetheta{\\NVar{\\nu}}@{\\NVar{x}}$"}},{"symbol":{"tex":"$\\sin\\NVar{z}$","meaning":"sine function","idref":"C4.S14.E1","content-tex":"$\\sin@@{\\NVar{z}}$"}}],"context":{"sentence-num-in-corpus":"7340","subsection-xmlid":"C10.S68.SS2","sentence-xmlid":"C10.S68.SS2.p2.s4","chapter-title":"Bessel Functions","chapter-xmlid":"C10","section-title":"Modulus and Phase Functions","sentence-num-in-chapter":"941","section-xmlid":"C10.S68","sentence-num-in-section":"9","para-num-of-sentences":"5","para-xmlid":"C10.S68.SS2.p2","subsection-title":"Basic Properties"},"permalink":"http:\/\/dlmf.nist.gov\/10.68.E13","equation-number":"10.68.13","subequations":[{"subequation":{"xml-id":"C10.S68.Ex13","tex":"$M_{0}'=M_{1}\\cos\\left(\\theta_{1}-\\theta_{0}-\\tfrac{1}{4}\\pi\\right),$","context":{"chapter-title":"Bessel Functions","chapter-xmlid":"C10"},"content-tex":"$\\HankelmodM{0}'=\\HankelmodM{1}\\cos@{\\Hankelphasetheta{1}-\\Hankelphasetheta{0}- \\tfrac{1}{4}\\pi},$"}},{"subequation":{"xml-id":"C10.S68.Ex14","tex":"$\\theta_{0}'=(M_{1}\/M_{0})\\sin\\left(\\theta_{1}-\\theta_{0}-\\tfrac{1}{4}\\pi\\right).$","context":{"chapter-title":"Bessel Functions","chapter-xmlid":"C10"},"content-tex":"$\\Hankelphasetheta{0}'=(\\HankelmodM{1}\/\\HankelmodM{0})\\sin@{\\Hankelphasetheta{1 }-\\Hankelphasetheta{0}-\\tfrac{1}{4}\\pi}.$"}}]}}{"expression":{"xml-id":"C3.S12.E1.m2afdec","tex":"$\\pi$","context":{"chapter-title":"Bessel Functions","chapter-xmlid":"C10"},"content-tex":"$\\cpi$"}}{"expression":{"xml-id":"C4.S14.E2.m2aedec","tex":"$\\cos\\NVar{z}$","context":{"chapter-title":"Bessel Functions","chapter-xmlid":"C10"},"content-tex":"$\\cos@@{\\NVar{z}}$"}}{"expression":{"xml-id":"C10.S18.E1.m2aidec","tex":"$M_{\\NVar{\\nu}}\\left(\\NVar{x}\\right)$","context":{"chapter-title":"Bessel Functions","chapter-xmlid":"C10"},"content-tex":"$\\HankelmodM{\\NVar{\\nu}}@{\\NVar{x}}$"}}{"expression":{"xml-id":"C10.S18.E3.m1aidec","tex":"$\\theta_{\\NVar{\\nu}}\\left(\\NVar{x}\\right)$","context":{"chapter-title":"Bessel Functions","chapter-xmlid":"C10"},"content-tex":"$\\Hankelphasetheta{\\NVar{\\nu}}@{\\NVar{x}}$"}}{"expression":{"xml-id":"C4.S14.E1.m2aedec","tex":"$\\sin\\NVar{z}$","context":{"chapter-title":"Bessel Functions","chapter-xmlid":"C10"},"content-tex":"$\\sin@@{\\NVar{z}}$"}}{"equation":{"symbols-used":[{"symbol":{"tex":"$\\frac{\\mathrm{d}\\NVar{f}}{\\mathrm{d}\\NVar{x}}$","meaning":"derivative of $f$ with respect to $x$","idref":"C1.S4.E4","content-tex":"$\\deriv{\\NVar{f}}{\\NVar{x}}$"}},{"symbol":{"tex":"$M_{\\NVar{\\nu}}\\left(\\NVar{x}\\right)$","meaning":"modulus of Bessel functions","idref":"C10.S18.E1","content-tex":"$\\HankelmodM{\\NVar{\\nu}}@{\\NVar{x}}$"}},{"symbol":{"tex":"$\\theta_{\\NVar{\\nu}}\\left(\\NVar{x}\\right)$","meaning":"phase of Bessel functions","idref":"C10.S18.E3","content-tex":"$\\Hankelphasetheta{\\NVar{\\nu}}@{\\NVar{x}}$"}},{"symbol":{"tex":"$x$","meaning":"real variable","idref":"C10.S1.p2.t1.r3"}},{"symbol":{"tex":"$\\nu$","meaning":"complex parameter","idref":"C10.S1.p2.t1.r5"}}],"context":{"sentence-num-in-corpus":"7341","subsection-xmlid":"C10.S68.SS2","sentence-xmlid":"C10.S68.SS2.p2.s5","chapter-title":"Bessel Functions","chapter-xmlid":"C10","section-title":"Modulus and Phase Functions","sentence-num-in-chapter":"942","section-xmlid":"C10.S68","sentence-num-in-section":"10","para-num-of-sentences":"5","para-xmlid":"C10.S68.SS2.p2","subsection-title":"Basic Properties"},"permalink":"http:\/\/dlmf.nist.gov\/10.68.E14","equation-number":"10.68.14","subequations":[{"subequation":{"xml-id":"C10.S68.Ex15","tex":"$\\ifrac{\\mathrm{d}(x{M_{\\nu}^{2}}\\theta_{\\nu}')}{\\mathrm{d}x}=x{M_{\\nu}^{2}},$","context":{"chapter-title":"Bessel Functions","chapter-xmlid":"C10"},"content-tex":"$\\ideriv[]{(x\\HankelmodM{\\nu}^{2}\\Hankelphasetheta{\\nu}')}{x}=x\\HankelmodM{\\nu} ^{2},$"}},{"subequation":{"xml-id":"C10.S68.Ex16","tex":"$x^{2}M_{\\nu}''+xM_{\\nu}'-\\nu^{2}M_{\\nu}=x^{2}M_{\\nu}{\\theta_{\\nu}'^{2}}.$","context":{"chapter-title":"Bessel Functions","chapter-xmlid":"C10"},"content-tex":"$x^{2}\\HankelmodM{\\nu}''+x\\HankelmodM{\\nu}'-\\nu^{2}\\HankelmodM{\\nu}=x^{2} \\HankelmodM{\\nu}\\Hankelphasetheta{\\nu}'^{2}.$"}}]}}{"expression":{"xml-id":"C1.S4.E4.m2adec","tex":"$\\frac{\\mathrm{d}\\NVar{f}}{\\mathrm{d}\\NVar{x}}$","context":{"chapter-title":"Bessel Functions","chapter-xmlid":"C10"},"content-tex":"$\\deriv{\\NVar{f}}{\\NVar{x}}$"}}{"expression":{"xml-id":"C1.S4.E4.m3adec","tex":"$f$","context":{"chapter-title":"Bessel Functions","chapter-xmlid":"C10"}}}{"expression":{"xml-id":"C1.S4.E4.m4adec","tex":"$x$","context":{"chapter-title":"Bessel Functions","chapter-xmlid":"C10"}}}{"expression":{"xml-id":"C10.S18.E1.m2ajdec","tex":"$M_{\\NVar{\\nu}}\\left(\\NVar{x}\\right)$","context":{"chapter-title":"Bessel Functions","chapter-xmlid":"C10"},"content-tex":"$\\HankelmodM{\\NVar{\\nu}}@{\\NVar{x}}$"}}{"expression":{"xml-id":"C10.S18.E3.m1ajdec","tex":"$\\theta_{\\NVar{\\nu}}\\left(\\NVar{x}\\right)$","context":{"chapter-title":"Bessel Functions","chapter-xmlid":"C10"},"content-tex":"$\\Hankelphasetheta{\\NVar{\\nu}}@{\\NVar{x}}$"}}{"expression":{"xml-id":"C10.S1.XMD4.m1kdec","tex":"$x$","context":{"chapter-title":"Bessel Functions","chapter-xmlid":"C10"}}}{"expression":{"xml-id":"C10.S1.XMD7.m1jdec","tex":"$\\nu$","context":{"chapter-title":"Bessel Functions","chapter-xmlid":"C10"}}}{"expression":{"xml-id":"C10.S68.SS2.p3.m1","tex":"$\\operatorname{ber}$","context":{"sentence-num-in-corpus":"7342","subsection-xmlid":"C10.S68.SS2","sentence-xmlid":"C10.S68.SS2.p3.s1","chapter-title":"Bessel Functions","chapter-xmlid":"C10","section-title":"Modulus and Phase Functions","sentence-num-in-chapter":"943","section-xmlid":"C10.S68","sentence-num-in-section":"11","para-num-of-sentences":"3","para-xmlid":"C10.S68.SS2.p3","subsection-title":"Basic Properties"},"content-tex":"$\\Kelvinber{}$"}}{"expression":{"xml-id":"C10.S68.SS2.p3.m2","tex":"$\\operatorname{bei}$","context":{"sentence-num-in-corpus":"7342","subsection-xmlid":"C10.S68.SS2","sentence-xmlid":"C10.S68.SS2.p3.s1","chapter-title":"Bessel Functions","chapter-xmlid":"C10","section-title":"Modulus and Phase Functions","sentence-num-in-chapter":"943","section-xmlid":"C10.S68","sentence-num-in-section":"11","para-num-of-sentences":"3","para-xmlid":"C10.S68.SS2.p3","subsection-title":"Basic Properties"},"content-tex":"$\\Kelvinbei{}$"}}{"expression":{"xml-id":"C10.S68.SS2.p3.m3","tex":"$M$","context":{"sentence-num-in-corpus":"7342","subsection-xmlid":"C10.S68.SS2","sentence-xmlid":"C10.S68.SS2.p3.s1","chapter-title":"Bessel Functions","chapter-xmlid":"C10","section-title":"Modulus and Phase Functions","sentence-num-in-chapter":"943","section-xmlid":"C10.S68","sentence-num-in-section":"11","para-num-of-sentences":"3","para-xmlid":"C10.S68.SS2.p3","subsection-title":"Basic Properties"},"content-tex":"$\\HankelmodM{}$"}}{"expression":{"xml-id":"C10.S68.SS2.p3.m4","tex":"$\\theta$","context":{"sentence-num-in-corpus":"7342","subsection-xmlid":"C10.S68.SS2","sentence-xmlid":"C10.S68.SS2.p3.s1","chapter-title":"Bessel Functions","chapter-xmlid":"C10","section-title":"Modulus and Phase Functions","sentence-num-in-chapter":"943","section-xmlid":"C10.S68","sentence-num-in-section":"11","para-num-of-sentences":"3","para-xmlid":"C10.S68.SS2.p3","subsection-title":"Basic Properties"},"content-tex":"$\\Hankelphasetheta{}$"}}{"expression":{"xml-id":"C10.S68.SS2.p3.m5","tex":"$\\operatorname{ker}$","context":{"sentence-num-in-corpus":"7342","subsection-xmlid":"C10.S68.SS2","sentence-xmlid":"C10.S68.SS2.p3.s1","chapter-title":"Bessel Functions","chapter-xmlid":"C10","section-title":"Modulus and Phase Functions","sentence-num-in-chapter":"943","section-xmlid":"C10.S68","sentence-num-in-section":"11","para-num-of-sentences":"3","para-xmlid":"C10.S68.SS2.p3","subsection-title":"Basic Properties"},"content-tex":"$\\Kelvinker{}$"}}{"expression":{"xml-id":"C10.S68.SS2.p3.m6","tex":"$\\operatorname{kei}$","context":{"sentence-num-in-corpus":"7342","subsection-xmlid":"C10.S68.SS2","sentence-xmlid":"C10.S68.SS2.p3.s1","chapter-title":"Bessel Functions","chapter-xmlid":"C10","section-title":"Modulus and Phase Functions","sentence-num-in-chapter":"943","section-xmlid":"C10.S68","sentence-num-in-section":"11","para-num-of-sentences":"3","para-xmlid":"C10.S68.SS2.p3","subsection-title":"Basic Properties"},"content-tex":"$\\Kelvinkei{}$"}}{"expression":{"xml-id":"C10.S68.SS2.p3.m7","tex":"$N$","context":{"sentence-num-in-corpus":"7342","subsection-xmlid":"C10.S68.SS2","sentence-xmlid":"C10.S68.SS2.p3.s1","chapter-title":"Bessel Functions","chapter-xmlid":"C10","section-title":"Modulus and Phase Functions","sentence-num-in-chapter":"943","section-xmlid":"C10.S68","sentence-num-in-section":"11","para-num-of-sentences":"3","para-xmlid":"C10.S68.SS2.p3","subsection-title":"Basic Properties"},"content-tex":"$\\HankelmodderivN{}$"}}{"expression":{"xml-id":"C10.S68.SS2.p3.m8","tex":"$\\phi$","context":{"sentence-num-in-corpus":"7342","subsection-xmlid":"C10.S68.SS2","sentence-xmlid":"C10.S68.SS2.p3.s1","chapter-title":"Bessel Functions","chapter-xmlid":"C10","section-title":"Modulus and Phase Functions","sentence-num-in-chapter":"943","section-xmlid":"C10.S68","sentence-num-in-section":"11","para-num-of-sentences":"3","para-xmlid":"C10.S68.SS2.p3","subsection-title":"Basic Properties"},"content-tex":"$\\Hankelphasederivphi{}$"}}{"equation":{"symbols-used":[{"symbol":{"tex":"$\\pi$","meaning":"the ratio of the circumference of a circle to its diameter","idref":"C3.S12.E1","content-tex":"$\\cpi$"}},{"symbol":{"tex":"$N_{\\NVar{\\nu}}\\left(\\NVar{x}\\right)$","meaning":"modulus of derivatives of Bessel functions","idref":"C10.S18.E2","content-tex":"$\\HankelmodderivN{\\NVar{\\nu}}@{\\NVar{x}}$"}},{"symbol":{"tex":"$\\phi_{\\NVar{\\nu}}\\left(\\NVar{x}\\right)$","meaning":"phase of derivatives of Bessel functions","idref":"C10.S18.E3","content-tex":"$\\Hankelphasederivphi{\\NVar{\\nu}}@{\\NVar{x}}$"}},{"symbol":{"tex":"$x$","meaning":"real variable","idref":"C10.S1.p2.t1.r3"}},{"symbol":{"tex":"$\\nu$","meaning":"complex parameter","idref":"C10.S1.p2.t1.r5"}}],"context":{"sentence-num-in-corpus":"7344","subsection-xmlid":"C10.S68.SS2","sentence-xmlid":"C10.S68.SS2.p3.s3","chapter-title":"Bessel Functions","chapter-xmlid":"C10","section-title":"Modulus and Phase Functions","sentence-num-in-chapter":"945","section-xmlid":"C10.S68","sentence-num-in-section":"13","para-num-of-sentences":"3","para-xmlid":"C10.S68.SS2.p3","subsection-title":"Basic Properties"},"permalink":"http:\/\/dlmf.nist.gov\/10.68.E15","equation-number":"10.68.15","subequations":[{"subequation":{"xml-id":"C10.S68.Ex17","tex":"$N_{-\\nu}\\left(x\\right)=N_{\\nu}\\left(x\\right),$","context":{"chapter-title":"Bessel Functions","chapter-xmlid":"C10"},"content-tex":"$\\HankelmodderivN{-\\nu}@{x}=\\HankelmodderivN{\\nu}@{x},$"}},{"subequation":{"xml-id":"C10.S68.Ex18","tex":"$\\phi_{-\\nu}\\left(x\\right)=\\phi_{\\nu}\\left(x\\right)+\\nu\\pi.$","context":{"chapter-title":"Bessel Functions","chapter-xmlid":"C10"},"content-tex":"$\\Hankelphasederivphi{-\\nu}@{x}=\\Hankelphasederivphi{\\nu}@{x}+\\nu\\pi.$"}}]}}{"expression":{"xml-id":"C3.S12.E1.m2agdec","tex":"$\\pi$","context":{"chapter-title":"Bessel Functions","chapter-xmlid":"C10"},"content-tex":"$\\cpi$"}}{"expression":{"xml-id":"C10.S18.E2.m2acdec","tex":"$N_{\\NVar{\\nu}}\\left(\\NVar{x}\\right)$","context":{"chapter-title":"Bessel Functions","chapter-xmlid":"C10"},"content-tex":"$\\HankelmodderivN{\\NVar{\\nu}}@{\\NVar{x}}$"}}{"expression":{"xml-id":"C10.S18.E3.m2acdec","tex":"$\\phi_{\\NVar{\\nu}}\\left(\\NVar{x}\\right)$","context":{"chapter-title":"Bessel Functions","chapter-xmlid":"C10"},"content-tex":"$\\Hankelphasederivphi{\\NVar{\\nu}}@{\\NVar{x}}$"}}{"expression":{"xml-id":"C10.S1.XMD4.m1ldec","tex":"$x$","context":{"chapter-title":"Bessel Functions","chapter-xmlid":"C10"}}}{"expression":{"xml-id":"C10.S1.XMD7.m1kdec","tex":"$\\nu$","context":{"chapter-title":"Bessel Functions","chapter-xmlid":"C10"}}}{"expression":{"xml-id":"C10.S68.SS3.p1.m1","tex":"$\\nu$","context":{"sentence-num-in-corpus":"7345","subsection-xmlid":"C10.S68.SS3","sentence-xmlid":"C10.S68.SS3.p1.s1","chapter-title":"Bessel Functions","chapter-xmlid":"C10","section-title":"Modulus and Phase Functions","sentence-num-in-chapter":"946","section-xmlid":"C10.S68","sentence-num-in-section":"14","para-num-of-sentences":"1","para-xmlid":"C10.S68.SS3.p1","subsection-title":"Asymptotic Expansions for Large Argument"}}}{"expression":{"xml-id":"C10.S68.SS3.p1.m2","tex":"$\\mu=4\\nu^{2}$","context":{"sentence-num-in-corpus":"7345","subsection-xmlid":"C10.S68.SS3","sentence-xmlid":"C10.S68.SS3.p1.s1","chapter-title":"Bessel Functions","chapter-xmlid":"C10","section-title":"Modulus and Phase Functions","sentence-num-in-chapter":"946","section-xmlid":"C10.S68","sentence-num-in-section":"14","para-num-of-sentences":"1","para-xmlid":"C10.S68.SS3.p1","subsection-title":"Asymptotic Expansions for Large Argument"}}}{"expression":{"xml-id":"C10.S68.SS3.p1.m3","tex":"$x\\to\\infty$","context":{"sentence-num-in-corpus":"7345","subsection-xmlid":"C10.S68.SS3","sentence-xmlid":"C10.S68.SS3.p1.s1","chapter-title":"Bessel Functions","chapter-xmlid":"C10","section-title":"Modulus and Phase Functions","sentence-num-in-chapter":"946","section-xmlid":"C10.S68","sentence-num-in-section":"14","para-num-of-sentences":"1","para-xmlid":"C10.S68.SS3.p1","subsection-title":"Asymptotic Expansions for Large Argument"}}}{"equation":{"symbols-used":[{"symbol":{"tex":"$O\\left(\\NVar{x}\\right)$","meaning":"order not exceeding","idref":"C2.S1.E3","content-tex":"$\\bigO@{\\NVar{x}}$"}},{"symbol":{"tex":"$\\pi$","meaning":"the ratio of the circumference of a circle to its diameter","idref":"C3.S12.E1","content-tex":"$\\cpi$"}},{"symbol":{"tex":"$\\mathrm{e}$","meaning":"base of natural logarithm","idref":"C4.S2.E11","content-tex":"$\\expe$"}},{"symbol":{"tex":"$M_{\\NVar{\\nu}}\\left(\\NVar{x}\\right)$","meaning":"modulus of Bessel functions","idref":"C10.S18.E1","content-tex":"$\\HankelmodM{\\NVar{\\nu}}@{\\NVar{x}}$"}},{"symbol":{"tex":"$x$","meaning":"real variable","idref":"C10.S1.p2.t1.r3"}},{"symbol":{"tex":"$\\nu$","meaning":"complex parameter","idref":"C10.S1.p2.t1.r5"}}],"xml-id":"C10.S68.E16","tex":"$M_{\\nu}\\left(x\\right)=\\frac{e^{x\/\\sqrt{2}}}{(2\\pi x)^{\\frac{1}{2}}}\\left(1- \\frac{\\mu-1}{8\\sqrt{2}}\\frac{1}{x}+\\frac{(\\mu-1)^{2}}{256}\\frac{1}{x^{2}}- \\frac{(\\mu-1)(\\mu^{2}+14\\mu-399)}{6144\\sqrt{2}}\\frac{1}{x^{3}}+O\\left(\\frac{1} {x^{4}}\\right)\\right),$","context":{"sentence-num-in-corpus":"7346","subsection-xmlid":"C10.S68.SS3","sentence-xmlid":"C10.S68.SS3.p2.s1","chapter-title":"Bessel Functions","chapter-xmlid":"C10","section-title":"Modulus and Phase Functions","sentence-num-in-chapter":"947","section-xmlid":"C10.S68","sentence-num-in-section":"15","para-num-of-sentences":"2","para-xmlid":"C10.S68.SS3.p2","subsection-title":"Asymptotic Expansions for Large Argument"},"permalink":"http:\/\/dlmf.nist.gov\/10.68.E16","equation-number":"10.68.16","content-tex":"$\\HankelmodM{\\nu}@{x}=\\frac{e^{x\/\\sqrt{2}}}{(2\\pi x)^{\\frac{1}{2}}}\\left(1- \\frac{\\mu-1}{8\\sqrt{2}}\\frac{1}{x}+\\frac{(\\mu-1)^{2}}{256}\\frac{1}{x^{2}}- \\frac{(\\mu-1)(\\mu^{2}+14\\mu-399)}{6144\\sqrt{2}}\\frac{1}{x^{3}}+\\bigO@{\\frac{1} {x^{4}}}\\right),$"}}{"equation":{"symbols-used":[{"symbol":{"tex":"$O\\left(\\NVar{x}\\right)$","meaning":"order not exceeding","idref":"C2.S1.E3","content-tex":"$\\bigO@{\\NVar{x}}$"}},{"symbol":{"tex":"$\\pi$","meaning":"the ratio of the circumference of a circle to its diameter","idref":"C3.S12.E1","content-tex":"$\\cpi$"}},{"symbol":{"tex":"$M_{\\NVar{\\nu}}\\left(\\NVar{x}\\right)$","meaning":"modulus of Bessel functions","idref":"C10.S18.E1","content-tex":"$\\HankelmodM{\\NVar{\\nu}}@{\\NVar{x}}$"}},{"symbol":{"tex":"$\\ln\\NVar{z}$","meaning":"principal branch of logarithm function","idref":"C4.S2.E2","content-tex":"$\\ln@@{\\NVar{z}}$"}},{"symbol":{"tex":"$x$","meaning":"real variable","idref":"C10.S1.p2.t1.r3"}},{"symbol":{"tex":"$\\nu$","meaning":"complex parameter","idref":"C10.S1.p2.t1.r5"}}],"xml-id":"C10.S68.E17","tex":"$\\ln M_{\\nu}\\left(x\\right)=\\frac{x}{\\sqrt{2}}-\\frac{1}{2}\\ln\\left(2\\pi x\\right) -\\frac{\\mu-1}{8\\sqrt{2}}\\frac{1}{x}-\\frac{(\\mu-1)(\\mu-25)}{384\\sqrt{2}}\\frac{1 }{x^{3}}-\\frac{(\\mu-1)(\\mu-13)}{128}\\frac{1}{x^{4}}+O\\left(\\frac{1}{x^{5}} \\right),$","context":{"sentence-num-in-corpus":"7346","subsection-xmlid":"C10.S68.SS3","sentence-xmlid":"C10.S68.SS3.p2.s1","chapter-title":"Bessel Functions","chapter-xmlid":"C10","section-title":"Modulus and Phase Functions","sentence-num-in-chapter":"947","section-xmlid":"C10.S68","sentence-num-in-section":"15","para-num-of-sentences":"2","para-xmlid":"C10.S68.SS3.p2","subsection-title":"Asymptotic Expansions for Large Argument"},"permalink":"http:\/\/dlmf.nist.gov\/10.68.E17","equation-number":"10.68.17","content-tex":"$\\ln@@{\\HankelmodM{\\nu}@{x}}=\\frac{x}{\\sqrt{2}}-\\frac{1}{2}\\ln@{2\\pi x}-\\frac{ \\mu-1}{8\\sqrt{2}}\\frac{1}{x}-\\frac{(\\mu-1)(\\mu-25)}{384\\sqrt{2}}\\frac{1}{x^{3} }-\\frac{(\\mu-1)(\\mu-13)}{128}\\frac{1}{x^{4}}+\\bigO@{\\frac{1}{x^{5}}},$"}}{"equation":{"symbols-used":[{"symbol":{"tex":"$O\\left(\\NVar{x}\\right)$","meaning":"order not exceeding","idref":"C2.S1.E3","content-tex":"$\\bigO@{\\NVar{x}}$"}},{"symbol":{"tex":"$\\pi$","meaning":"the ratio of the circumference of a circle to its diameter","idref":"C3.S12.E1","content-tex":"$\\cpi$"}},{"symbol":{"tex":"$\\theta_{\\NVar{\\nu}}\\left(\\NVar{x}\\right)$","meaning":"phase of Bessel functions","idref":"C10.S18.E3","content-tex":"$\\Hankelphasetheta{\\NVar{\\nu}}@{\\NVar{x}}$"}},{"symbol":{"tex":"$x$","meaning":"real variable","idref":"C10.S1.p2.t1.r3"}},{"symbol":{"tex":"$\\nu$","meaning":"complex parameter","idref":"C10.S1.p2.t1.r5"}}],"xml-id":"C10.S68.E18","tex":"$\\theta_{\\nu}\\left(x\\right)=\\frac{x}{\\sqrt{2}}+\\left(\\frac{1}{2}\\nu-\\frac{1}{8} \\right)\\pi+\\frac{\\mu-1}{8\\sqrt{2}}\\frac{1}{x}+\\frac{\\mu-1}{16}\\frac{1}{x^{2}}- \\frac{(\\mu-1)(\\mu-25)}{384\\sqrt{2}}\\frac{1}{x^{3}}+O\\left(\\frac{1}{x^{5}} \\right).$","context":{"sentence-num-in-corpus":"7346","subsection-xmlid":"C10.S68.SS3","sentence-xmlid":"C10.S68.SS3.p2.s1","chapter-title":"Bessel Functions","chapter-xmlid":"C10","section-title":"Modulus and Phase Functions","sentence-num-in-chapter":"947","section-xmlid":"C10.S68","sentence-num-in-section":"15","para-num-of-sentences":"2","para-xmlid":"C10.S68.SS3.p2","subsection-title":"Asymptotic Expansions for Large Argument"},"permalink":"http:\/\/dlmf.nist.gov\/10.68.E18","equation-number":"10.68.18","content-tex":"$\\Hankelphasetheta{\\nu}@{x}=\\frac{x}{\\sqrt{2}}+\\left(\\frac{1}{2}\\nu-\\frac{1}{8} \\right)\\pi+\\frac{\\mu-1}{8\\sqrt{2}}\\frac{1}{x}+\\frac{\\mu-1}{16}\\frac{1}{x^{2}}- \\frac{(\\mu-1)(\\mu-25)}{384\\sqrt{2}}\\frac{1}{x^{3}}+\\bigO@{\\frac{1}{x^{5}}}.$"}}{"equation":{"symbols-used":[{"symbol":{"tex":"$O\\left(\\NVar{x}\\right)$","meaning":"order not exceeding","idref":"C2.S1.E3","content-tex":"$\\bigO@{\\NVar{x}}$"}},{"symbol":{"tex":"$\\pi$","meaning":"the ratio of the circumference of a circle to its diameter","idref":"C3.S12.E1","content-tex":"$\\cpi$"}},{"symbol":{"tex":"$\\mathrm{e}$","meaning":"base of natural logarithm","idref":"C4.S2.E11","content-tex":"$\\expe$"}},{"symbol":{"tex":"$N_{\\NVar{\\nu}}\\left(\\NVar{x}\\right)$","meaning":"modulus of derivatives of Bessel functions","idref":"C10.S18.E2","content-tex":"$\\HankelmodderivN{\\NVar{\\nu}}@{\\NVar{x}}$"}},{"symbol":{"tex":"$x$","meaning":"real variable","idref":"C10.S1.p2.t1.r3"}},{"symbol":{"tex":"$\\nu$","meaning":"complex parameter","idref":"C10.S1.p2.t1.r5"}}],"xml-id":"C10.S68.E19","tex":"$N_{\\nu}\\left(x\\right)=e^{-x\/\\sqrt{2}}\\left(\\frac{\\pi}{2x}\\right)^{\\frac{1}{2}} \\left(1+\\frac{\\mu-1}{8\\sqrt{2}}\\frac{1}{x}+\\frac{(\\mu-1)^{2}}{256}\\frac{1}{x^{ 2}}+\\frac{(\\mu-1)(\\mu^{2}+14\\mu-399)}{6144\\sqrt{2}}\\frac{1}{x^{3}}+O\\left( \\frac{1}{x^{4}}\\right)\\right),$","context":{"sentence-num-in-corpus":"7347","subsection-xmlid":"C10.S68.SS3","sentence-xmlid":"C10.S68.SS3.p2.s2","chapter-title":"Bessel Functions","chapter-xmlid":"C10","section-title":"Modulus and Phase Functions","sentence-num-in-chapter":"948","section-xmlid":"C10.S68","sentence-num-in-section":"16","para-num-of-sentences":"2","para-xmlid":"C10.S68.SS3.p2","subsection-title":"Asymptotic Expansions for Large Argument"},"permalink":"http:\/\/dlmf.nist.gov\/10.68.E19","equation-number":"10.68.19","content-tex":"$\\HankelmodderivN{\\nu}@{x}=e^{-x\/\\sqrt{2}}\\left(\\frac{\\pi}{2x}\\right)^{\\frac{1} {2}}\\left(1+\\frac{\\mu-1}{8\\sqrt{2}}\\frac{1}{x}+\\frac{(\\mu-1)^{2}}{256}\\frac{1} {x^{2}}+\\frac{(\\mu-1)(\\mu^{2}+14\\mu-399)}{6144\\sqrt{2}}\\frac{1}{x^{3}}+\\bigO@{ \\frac{1}{x^{4}}}\\right),$"}}{"equation":{"symbols-used":[{"symbol":{"tex":"$O\\left(\\NVar{x}\\right)$","meaning":"order not exceeding","idref":"C2.S1.E3","content-tex":"$\\bigO@{\\NVar{x}}$"}},{"symbol":{"tex":"$\\pi$","meaning":"the ratio of the circumference of a circle to its diameter","idref":"C3.S12.E1","content-tex":"$\\cpi$"}},{"symbol":{"tex":"$N_{\\NVar{\\nu}}\\left(\\NVar{x}\\right)$","meaning":"modulus of derivatives of Bessel functions","idref":"C10.S18.E2","content-tex":"$\\HankelmodderivN{\\NVar{\\nu}}@{\\NVar{x}}$"}},{"symbol":{"tex":"$\\ln\\NVar{z}$","meaning":"principal branch of logarithm function","idref":"C4.S2.E2","content-tex":"$\\ln@@{\\NVar{z}}$"}},{"symbol":{"tex":"$x$","meaning":"real variable","idref":"C10.S1.p2.t1.r3"}},{"symbol":{"tex":"$\\nu$","meaning":"complex parameter","idref":"C10.S1.p2.t1.r5"}}],"xml-id":"C10.S68.E20","tex":"$\\ln N_{\\nu}\\left(x\\right)=-\\frac{x}{\\sqrt{2}}+\\frac{1}{2}\\ln\\left(\\frac{\\pi}{2 x}\\right)+\\frac{\\mu-1}{8\\sqrt{2}}\\frac{1}{x}+\\frac{(\\mu-1)(\\mu-25)}{384\\sqrt{2 }}\\frac{1}{x^{3}}-\\frac{(\\mu-1)(\\mu-13)}{128}\\frac{1}{x^{4}}+O\\left(\\frac{1}{x ^{5}}\\right),$","context":{"sentence-num-in-corpus":"7347","subsection-xmlid":"C10.S68.SS3","sentence-xmlid":"C10.S68.SS3.p2.s2","chapter-title":"Bessel Functions","chapter-xmlid":"C10","section-title":"Modulus and Phase Functions","sentence-num-in-chapter":"948","section-xmlid":"C10.S68","sentence-num-in-section":"16","para-num-of-sentences":"2","para-xmlid":"C10.S68.SS3.p2","subsection-title":"Asymptotic Expansions for Large Argument"},"permalink":"http:\/\/dlmf.nist.gov\/10.68.E20","equation-number":"10.68.20","content-tex":"$\\ln@@{\\HankelmodderivN{\\nu}@{x}}=-\\frac{x}{\\sqrt{2}}+\\frac{1}{2}\\ln@{\\frac{\\pi }{2x}}+\\frac{\\mu-1}{8\\sqrt{2}}\\frac{1}{x}+\\frac{(\\mu-1)(\\mu-25)}{384\\sqrt{2}} \\frac{1}{x^{3}}-\\frac{(\\mu-1)(\\mu-13)}{128}\\frac{1}{x^{4}}+\\bigO@{\\frac{1}{x^{ 5}}},$"}}{"equation":{"symbols-used":[{"symbol":{"tex":"$O\\left(\\NVar{x}\\right)$","meaning":"order not exceeding","idref":"C2.S1.E3","content-tex":"$\\bigO@{\\NVar{x}}$"}},{"symbol":{"tex":"$\\pi$","meaning":"the ratio of the circumference of a circle to its diameter","idref":"C3.S12.E1","content-tex":"$\\cpi$"}},{"symbol":{"tex":"$\\phi_{\\NVar{\\nu}}\\left(\\NVar{x}\\right)$","meaning":"phase of derivatives of Bessel functions","idref":"C10.S18.E3","content-tex":"$\\Hankelphasederivphi{\\NVar{\\nu}}@{\\NVar{x}}$"}},{"symbol":{"tex":"$x$","meaning":"real variable","idref":"C10.S1.p2.t1.r3"}},{"symbol":{"tex":"$\\nu$","meaning":"complex parameter","idref":"C10.S1.p2.t1.r5"}}],"xml-id":"C10.S68.E21","tex":"$\\phi_{\\nu}\\left(x\\right)=-\\frac{x}{\\sqrt{2}}-\\left(\\frac{1}{2}\\nu+\\frac{1}{8} \\right)\\pi-\\frac{\\mu-1}{8\\sqrt{2}}\\frac{1}{x}+\\frac{\\mu-1}{16}\\frac{1}{x^{2}}+ \\frac{(\\mu-1)(\\mu-25)}{384\\sqrt{2}}\\frac{1}{x^{3}}+O\\left(\\frac{1}{x^{5}} \\right).$","context":{"sentence-num-in-corpus":"7347","subsection-xmlid":"C10.S68.SS3","sentence-xmlid":"C10.S68.SS3.p2.s2","chapter-title":"Bessel Functions","chapter-xmlid":"C10","section-title":"Modulus and Phase Functions","sentence-num-in-chapter":"948","section-xmlid":"C10.S68","sentence-num-in-section":"16","para-num-of-sentences":"2","para-xmlid":"C10.S68.SS3.p2","subsection-title":"Asymptotic Expansions for Large Argument"},"permalink":"http:\/\/dlmf.nist.gov\/10.68.E21","equation-number":"10.68.21","content-tex":"$\\Hankelphasederivphi{\\nu}@{x}=-\\frac{x}{\\sqrt{2}}-\\left(\\frac{1}{2}\\nu+\\frac{1 }{8}\\right)\\pi-\\frac{\\mu-1}{8\\sqrt{2}}\\frac{1}{x}+\\frac{\\mu-1}{16}\\frac{1}{x^{ 2}}+\\frac{(\\mu-1)(\\mu-25)}{384\\sqrt{2}}\\frac{1}{x^{3}}+\\bigO@{\\frac{1}{x^{5}}}.$"}}{"expression":{"xml-id":"C10.S68.SS4.p1.m1","tex":"$\\phi_{1}\\left(0\\right)=\\tfrac{5}{4}\\pi$","context":{"sentence-num-in-corpus":"7350","subsection-xmlid":"C10.S68.SS4","sentence-xmlid":"C10.S68.SS4.p1.s3","chapter-title":"Bessel Functions","chapter-xmlid":"C10","section-title":"Modulus and Phase Functions","sentence-num-in-chapter":"951","section-xmlid":"C10.S68","sentence-num-in-section":"19","para-num-of-sentences":"6","para-xmlid":"C10.S68.SS4.p1","subsection-title":"Further Properties"},"content-tex":"$\\Hankelphasederivphi{1}@{0}=\\tfrac{5}{4}\\pi$"}}{"expression":{"xml-id":"C10.S68.SS4.p1.m2","tex":"$\\lim_{x\\to\\infty}(\\phi_{1}\\left(x\\right)+(x\/\\sqrt{2}))=-\\tfrac{5}{8}\\pi$","context":{"sentence-num-in-corpus":"7350","subsection-xmlid":"C10.S68.SS4","sentence-xmlid":"C10.S68.SS4.p1.s3","chapter-title":"Bessel Functions","chapter-xmlid":"C10","section-title":"Modulus and Phase Functions","sentence-num-in-chapter":"951","section-xmlid":"C10.S68","sentence-num-in-section":"19","para-num-of-sentences":"6","para-xmlid":"C10.S68.SS4.p1","subsection-title":"Further Properties"},"content-tex":"$\\lim_{x\\to\\infty}(\\Hankelphasederivphi{1}@{x}+(x\/\\sqrt{2}))=-\\tfrac{5}{8}\\pi$"}}{"expression":{"xml-id":"C10.S68.SS4.p1.m3","tex":"$\\phi_{1}\\left(x\\right)$","context":{"sentence-num-in-corpus":"7353","subsection-xmlid":"C10.S68.SS4","sentence-xmlid":"C10.S68.SS4.p1.s6","chapter-title":"Bessel Functions","chapter-xmlid":"C10","section-title":"Modulus and Phase Functions","sentence-num-in-chapter":"954","section-xmlid":"C10.S68","sentence-num-in-section":"22","para-num-of-sentences":"6","para-xmlid":"C10.S68.SS4.p1","subsection-title":"Further Properties"},"content-tex":"$\\Hankelphasederivphi{1}@{x}$"}}{"expression":{"xml-id":"C10.S68.SS4.p1.m4","tex":"$\\phi_{1}\\left(0\\right)=-\\tfrac{3}{4}\\pi$","context":{"sentence-num-in-corpus":"7353","subsection-xmlid":"C10.S68.SS4","sentence-xmlid":"C10.S68.SS4.p1.s6","chapter-title":"Bessel Functions","chapter-xmlid":"C10","section-title":"Modulus and Phase Functions","sentence-num-in-chapter":"954","section-xmlid":"C10.S68","sentence-num-in-section":"22","para-num-of-sentences":"6","para-xmlid":"C10.S68.SS4.p1","subsection-title":"Further Properties"},"content-tex":"$\\Hankelphasederivphi{1}@{0}=-\\tfrac{3}{4}\\pi$"}}