{"expression":{"context-references":{"sentence-num-in-corpus":"6515","sentence-xmlid":"C10.S8.p1.s1","chapter-title":"Bessel Functions","chapter-xmlid":"C10","section-title":"Power Series","sentence-num-in-chapter":"116","section-xmlid":"C10.S8","sentence-num-in-section":"1","para-num-of-sentences":"2","para-xmlid":"C10.S8.p1"},"xml-id":"C10.S8.p1.m1","tex":"$J_{\\nu}\\left(z\\right)$","content-tex":"$\\BesselJ{\\nu}@{z}$"}}{"expression":{"context-references":{"sentence-num-in-corpus":"6516","sentence-xmlid":"C10.S8.p1.s2","chapter-title":"Bessel Functions","chapter-xmlid":"C10","section-title":"Power Series","sentence-num-in-chapter":"117","section-xmlid":"C10.S8","sentence-num-in-section":"2","para-num-of-sentences":"2","para-xmlid":"C10.S8.p1"},"xml-id":"C10.S8.p1.m2","tex":"$\\nu$"}}{"expression":{"context-references":{"sentence-num-in-corpus":"6516","sentence-xmlid":"C10.S8.p1.s2","chapter-title":"Bessel Functions","chapter-xmlid":"C10","section-title":"Power Series","sentence-num-in-chapter":"117","section-xmlid":"C10.S8","sentence-num-in-section":"2","para-num-of-sentences":"2","para-xmlid":"C10.S8.p1"},"xml-id":"C10.S8.p1.m3","tex":"$Y_{\\nu}\\left(z\\right)$","content-tex":"$\\BesselY{\\nu}@{z}$"}}{"expression":{"context-references":{"sentence-num-in-corpus":"6516","sentence-xmlid":"C10.S8.p1.s2","chapter-title":"Bessel Functions","chapter-xmlid":"C10","section-title":"Power Series","sentence-num-in-chapter":"117","section-xmlid":"C10.S8","sentence-num-in-section":"2","para-num-of-sentences":"2","para-xmlid":"C10.S8.p1"},"xml-id":"C10.S8.p1.m4","tex":"${H^{(1)}_{\\nu}}\\left(z\\right)$","content-tex":"$\\HankelH{1}{\\nu}@{z}$"}}{"expression":{"context-references":{"sentence-num-in-corpus":"6516","sentence-xmlid":"C10.S8.p1.s2","chapter-title":"Bessel Functions","chapter-xmlid":"C10","section-title":"Power Series","sentence-num-in-chapter":"117","section-xmlid":"C10.S8","sentence-num-in-section":"2","para-num-of-sentences":"2","para-xmlid":"C10.S8.p1"},"xml-id":"C10.S8.p1.m5","tex":"${H^{(2)}_{\\nu}}\\left(z\\right)$","content-tex":"$\\HankelH{2}{\\nu}@{z}$"}}{"expression":{"context-references":{"sentence-num-in-corpus":"6517","sentence-xmlid":"C10.S8.p2.s1","chapter-title":"Bessel Functions","chapter-xmlid":"C10","section-title":"Power Series","sentence-num-in-chapter":"118","section-xmlid":"C10.S8","sentence-num-in-section":"3","para-num-of-sentences":"2","para-xmlid":"C10.S8.p2"},"xml-id":"C10.S8.p2.m1","tex":"$n=0,1,2,\\dotsc$"}}{"equation":{"symbols-used":[{"symbol":{"tex":"$J_{\\NVar{\\nu}}\\left(\\NVar{z}\\right)$","meaning":"Bessel function of the first kind","idref":"C10.S2.E2","content-tex":"$\\BesselJ{\\NVar{\\nu}}@{\\NVar{z}}$"}},{"symbol":{"tex":"$Y_{\\NVar{\\nu}}\\left(\\NVar{z}\\right)$","meaning":"Bessel function of the second kind","idref":"C10.S2.E3","content-tex":"$\\BesselY{\\NVar{\\nu}}@{\\NVar{z}}$"}},{"symbol":{"tex":"$\\pi$","meaning":"the ratio of the circumference of a circle to its diameter","idref":"C3.S12.E1","content-tex":"$\\cpi$"}},{"symbol":{"tex":"$\\psi\\left(\\NVar{z}\\right)$","meaning":"psi (or digamma) function","idref":"C5.S2.E2","content-tex":"$\\digamma@{\\NVar{z}}$"}},{"symbol":{"tex":"$!$","meaning":"factorial (as in $n!$ )","idref":"introduction.Sx4.p1.t1.r15"}},{"symbol":{"tex":"$\\ln\\NVar{z}$","meaning":"principal branch of logarithm function","idref":"C4.S2.E2","content-tex":"$\\ln@@{\\NVar{z}}$"}},{"symbol":{"tex":"$n$","meaning":"integer","idref":"C10.S1.p2.t1.r1"}},{"symbol":{"tex":"$k$","meaning":"nonnegative integer","idref":"C10.S1.p2.t1.r2"}},{"symbol":{"tex":"$z$","meaning":"complex variable","idref":"C10.S1.p2.t1.r4"}}],"context-references":{"sentence-num-in-corpus":"6517","sentence-xmlid":"C10.S8.p2.s1","chapter-title":"Bessel Functions","chapter-xmlid":"C10","section-title":"Power Series","sentence-num-in-chapter":"118","section-xmlid":"C10.S8","sentence-num-in-section":"3","para-num-of-sentences":"2","para-xmlid":"C10.S8.p2"},"xml-id":"C10.S8.E1","tex":"$Y_{n}\\left(z\\right)=-\\frac{(\\tfrac{1}{2}z)^{-n}}{\\pi}\\sum_{k=0}^{n-1}\\frac{(n- k-1)!}{k!}\\left(\\tfrac{1}{4}z^{2}\\right)^{k}+\\frac{2}{\\pi}\\ln\\left(\\tfrac{1}{2 }z\\right)J_{n}\\left(z\\right)-\\frac{(\\tfrac{1}{2}z)^{n}}{\\pi}\\sum_{k=0}^{\\infty }(\\psi\\left(k+1\\right)+\\psi\\left(n+k+1\\right))\\frac{(-\\tfrac{1}{4}z^{2})^{k}}{ k!(n+k)!},$","permalink":"http:\/\/dlmf.nist.gov\/10.8.E1","equation-number":"10.8.1","content-tex":"$\\BesselY{n}@{z}=-\\frac{(\\tfrac{1}{2}z)^{-n}}{\\pi}\\sum_{k=0}^{n-1}\\frac{(n-k-1) !}{k!}\\left(\\tfrac{1}{4}z^{2}\\right)^{k}+\\frac{2}{\\pi}\\ln@{\\tfrac{1}{2}z} \\BesselJ{n}@{z}-\\frac{(\\tfrac{1}{2}z)^{n}}{\\pi}\\sum_{k=0}^{\\infty}(\\digamma@{k +1}+\\digamma@{n+k+1})\\frac{(-\\tfrac{1}{4}z^{2})^{k}}{k!(n+k)!},$"}}{"expression":{"context-references":{"sentence-num-in-corpus":"6517","sentence-xmlid":"C10.S8.p2.s1","chapter-title":"Bessel Functions","chapter-xmlid":"C10","section-title":"Power Series","sentence-num-in-chapter":"118","section-xmlid":"C10.S8","sentence-num-in-section":"3","para-num-of-sentences":"2","para-xmlid":"C10.S8.p2"},"xml-id":"C10.S8.p2.m2","tex":"$\\psi\\left(x\\right)=\\Gamma'\\left(x\\right)\/\\Gamma\\left(x\\right)$","content-tex":"$\\digamma@{x}=\\EulerGamma'@{x}\/\\EulerGamma@{x}$"}}{"equation":{"symbols-used":[{"symbol":{"tex":"$J_{\\NVar{\\nu}}\\left(\\NVar{z}\\right)$","meaning":"Bessel function of the first kind","idref":"C10.S2.E2","content-tex":"$\\BesselJ{\\NVar{\\nu}}@{\\NVar{z}}$"}},{"symbol":{"tex":"$Y_{\\NVar{\\nu}}\\left(\\NVar{z}\\right)$","meaning":"Bessel function of the second kind","idref":"C10.S2.E3","content-tex":"$\\BesselY{\\NVar{\\nu}}@{\\NVar{z}}$"}},{"symbol":{"tex":"$\\gamma$","meaning":"Euler\u2019s constant","idref":"C5.S2.E3","content-tex":"$\\EulerConstant$"}},{"symbol":{"tex":"$\\pi$","meaning":"the ratio of the circumference of a circle to its diameter","idref":"C3.S12.E1","content-tex":"$\\cpi$"}},{"symbol":{"tex":"$!$","meaning":"factorial (as in $n!$ )","idref":"introduction.Sx4.p1.t1.r15"}},{"symbol":{"tex":"$\\ln\\NVar{z}$","meaning":"principal branch of logarithm function","idref":"C4.S2.E2","content-tex":"$\\ln@@{\\NVar{z}}$"}},{"symbol":{"tex":"$z$","meaning":"complex variable","idref":"C10.S1.p2.t1.r4"}}],"context-references":{"sentence-num-in-corpus":"6518","sentence-xmlid":"C10.S8.p2.s2","chapter-title":"Bessel Functions","chapter-xmlid":"C10","section-title":"Power Series","sentence-num-in-chapter":"119","section-xmlid":"C10.S8","sentence-num-in-section":"4","para-num-of-sentences":"2","para-xmlid":"C10.S8.p2"},"xml-id":"C10.S8.E2","tex":"$Y_{0}\\left(z\\right)=\\frac{2}{\\pi}\\left(\\ln\\left(\\tfrac{1}{2}z\\right)+\\gamma \\right)J_{0}\\left(z\\right)+\\frac{2}{\\pi}\\left(\\frac{\\tfrac{1}{4}z^{2}}{(1!)^{2 }}-(1+\\tfrac{1}{2})\\frac{(\\tfrac{1}{4}z^{2})^{2}}{(2!)^{2}}+(1+\\tfrac{1}{2}+ \\tfrac{1}{3})\\frac{(\\tfrac{1}{4}z^{2})^{3}}{(3!)^{2}}-\\dotsi\\right),$","permalink":"http:\/\/dlmf.nist.gov\/10.8.E2","equation-number":"10.8.2","content-tex":"$\\BesselY{0}@{z}=\\frac{2}{\\pi}\\left(\\ln@{\\tfrac{1}{2}z}+\\EulerConstant\\right) \\BesselJ{0}@{z}+\\frac{2}{\\pi}\\left(\\frac{\\tfrac{1}{4}z^{2}}{(1!)^{2}}-(1+ \\tfrac{1}{2})\\frac{(\\tfrac{1}{4}z^{2})^{2}}{(2!)^{2}}+(1+\\tfrac{1}{2}+\\tfrac{1 }{3})\\frac{(\\tfrac{1}{4}z^{2})^{3}}{(3!)^{2}}-\\dotsi\\right),$"}}{"expression":{"context-references":{"sentence-num-in-corpus":"6518","sentence-xmlid":"C10.S8.p2.s2","chapter-title":"Bessel Functions","chapter-xmlid":"C10","section-title":"Power Series","sentence-num-in-chapter":"119","section-xmlid":"C10.S8","sentence-num-in-section":"4","para-num-of-sentences":"2","para-xmlid":"C10.S8.p2"},"xml-id":"C10.S8.p2.m3","tex":"$\\gamma$","content-tex":"$\\EulerConstant$"}}{"expression":{"context-references":{"sentence-num-in-corpus":"6519","sentence-xmlid":"C10.S8.p3.s1","chapter-title":"Bessel Functions","chapter-xmlid":"C10","section-title":"Power Series","sentence-num-in-chapter":"120","section-xmlid":"C10.S8","sentence-num-in-section":"5","para-num-of-sentences":"1","para-xmlid":"C10.S8.p3"},"xml-id":"C10.S8.p3.m1","tex":"$n$"}}{"expression":{"context-references":{"sentence-num-in-corpus":"6520","sentence-xmlid":"C10.S8.p4.s1","chapter-title":"Bessel Functions","chapter-xmlid":"C10","section-title":"Power Series","sentence-num-in-chapter":"121","section-xmlid":"C10.S8","sentence-num-in-section":"6","para-num-of-sentences":"3","para-xmlid":"C10.S8.p4"},"xml-id":"C10.S8.p4.m1","tex":"${H^{(1)}_{n}}\\left(z\\right)$","content-tex":"$\\HankelH{1}{n}@{z}$"}}{"expression":{"context-references":{"sentence-num-in-corpus":"6520","sentence-xmlid":"C10.S8.p4.s1","chapter-title":"Bessel Functions","chapter-xmlid":"C10","section-title":"Power Series","sentence-num-in-chapter":"121","section-xmlid":"C10.S8","sentence-num-in-section":"6","para-num-of-sentences":"3","para-xmlid":"C10.S8.p4"},"xml-id":"C10.S8.p4.m2","tex":"${H^{(2)}_{n}}\\left(z\\right)$","content-tex":"$\\HankelH{2}{n}@{z}$"}}{"expression":{"context-references":{"sentence-num-in-corpus":"6520","sentence-xmlid":"C10.S8.p4.s1","chapter-title":"Bessel Functions","chapter-xmlid":"C10","section-title":"Power Series","sentence-num-in-chapter":"121","section-xmlid":"C10.S8","sentence-num-in-section":"6","para-num-of-sentences":"3","para-xmlid":"C10.S8.p4"},"xml-id":"C10.S8.p4.m3","tex":"$\\nu=n$"}}{"equation":{"symbols-used":[{"symbol":{"tex":"$J_{\\NVar{\\nu}}\\left(\\NVar{z}\\right)$","meaning":"Bessel function of the first kind","idref":"C10.S2.E2","content-tex":"$\\BesselJ{\\NVar{\\nu}}@{\\NVar{z}}$"}},{"symbol":{"tex":"$\\Gamma\\left(\\NVar{z}\\right)$","meaning":"gamma function","idref":"C5.S2.E1","content-tex":"$\\EulerGamma@{\\NVar{z}}$"}},{"symbol":{"tex":"$!$","meaning":"factorial (as in $n!$ )","idref":"introduction.Sx4.p1.t1.r15"}},{"symbol":{"tex":"$k$","meaning":"nonnegative integer","idref":"C10.S1.p2.t1.r2"}},{"symbol":{"tex":"$z$","meaning":"complex variable","idref":"C10.S1.p2.t1.r4"}},{"symbol":{"tex":"$\\nu$","meaning":"complex parameter","idref":"C10.S1.p2.t1.r5"}}],"context-references":{"sentence-num-in-corpus":"6521","sentence-xmlid":"C10.S8.p4.s2","chapter-title":"Bessel Functions","chapter-xmlid":"C10","section-title":"Power Series","sentence-num-in-chapter":"122","section-xmlid":"C10.S8","sentence-num-in-section":"7","para-num-of-sentences":"3","para-xmlid":"C10.S8.p4"},"xml-id":"C10.S8.E3","tex":"$J_{\\nu}\\left(z\\right)J_{\\mu}\\left(z\\right)=(\\tfrac{1}{2}z)^{\\nu+\\mu}\\sum_{k=0} ^{\\infty}\\frac{(\\nu+\\mu+k+1)_{k}(-\\tfrac{1}{4}z^{2})^{k}}{k!\\Gamma\\left(\\nu+k+ 1\\right)\\Gamma\\left(\\mu+k+1\\right)}.$","permalink":"http:\/\/dlmf.nist.gov\/10.8.E3","equation-number":"10.8.3","content-tex":"$\\BesselJ{\\nu}@{z}\\BesselJ{\\mu}@{z}=(\\tfrac{1}{2}z)^{\\nu+\\mu}\\sum_{k=0}^{\\infty }\\frac{(\\nu+\\mu+k+1)_{k}(-\\tfrac{1}{4}z^{2})^{k}}{k!\\EulerGamma@{\\nu+k+1} \\EulerGamma@{\\mu+k+1}}.$"}}