<?xml version="1.0" encoding="UTF-8"?>
<section xml:id="C24.S13">
<title>Integrals</title>        
 
<subsection xml:id="C24.S13.SS1">
<title>Bernoulli Polynomials</title>        
  
<para xml:id="C24.S13.SS1.p1">

<sentence sentence-num-in-para="1" sentence-num-in-section="1" xml:id="C24.S13.SS1.p1.s1">
 <Math equation-number="24.13.1" mode="display" xml:id="C24.S13.E1">\int B_{n}\left(t\right)\mathrm{d}t=\frac{B_{n+1}\left(t\right)}{n+1}+\text{ const.}</Math> ,, <Math equation-number="24.13.2" mode="display" xml:id="C24.S13.E2">\int_{x}^{x+1}B_{n}\left(t\right)\mathrm{d}t=x^{n}, if n=1,2,\dots,</Math> , <Math equation-number="24.13.3" mode="display" xml:id="C24.S13.E3">\int_{x}^{x+(1/2)}B_{n}\left(t\right)\mathrm{d}t=\frac{E_{n}\left(2x\right)}{2 ^{n+1}},</Math> , <Math equation-number="24.13.4" mode="display" xml:id="C24.S13.E4">\int_{0}^{1/2}B_{n}\left(t\right)\mathrm{d}t=\frac{1-2^{n+1}}{2^{n}}\frac{B_{n +1}}{n+1},</Math> , <Math equation-number="24.13.5" mode="display" xml:id="C24.S13.E5">\int_{1/4}^{3/4}B_{n}\left(t\right)\mathrm{d}t=\frac{E_{n}}{2^{2n+1}}</Math>.
</sentence>

</para>
 
<para xml:id="C24.S13.SS1.p2">

<sentence sentence-num-in-para="1" sentence-num-in-section="2" xml:id="C24.S13.SS1.p2.s1">
For <Math mode="inline" xml:id="C24.S13.SS1.p2.m1">m,n=1,2,\ldots</Math> , <Math equation-number="24.13.6" mode="display" xml:id="C24.S13.E6">\int_{0}^{1}B_{n}\left(t\right)B_{m}\left(t\right)\mathrm{d}t=\frac{(-1)^{n-1} m!n!}{(m+n)!}B_{m+n}</Math>.
</sentence>

</para>
 
<para xml:id="C24.S13.SS1.p3">

<sentence sentence-num-in-para="1" sentence-num-in-section="3" xml:id="C24.S13.SS1.p3.s1">
For integrals of the form <Math mode="inline" xml:id="C24.S13.SS1.p3.m1">\int_{0}^{x}B_{n}\left(t\right)B_{m}\left(t\right)\mathrm{d}t</Math> and <Math mode="inline" xml:id="C24.S13.SS1.p3.m2">\int_{0}^{x}B_{n}\left(t\right)B_{m}\left(t\right)B_{k}\left(t\right)\mathrm{d}t</Math> see Agoh and Dilcher (2011).
</sentence>

</para>
 
</subsection>
 
<subsection xml:id="C24.S13.SS2">
<title>Euler Polynomials</title>        
  
<para xml:id="C24.S13.SS2.p1">

<sentence sentence-num-in-para="1" sentence-num-in-section="4" xml:id="C24.S13.SS2.p1.s1">
 <Math equation-number="24.13.7" mode="display" xml:id="C24.S13.E7">\int E_{n}\left(t\right)\mathrm{d}t=\frac{E_{n+1}\left(t\right)}{n+1}+\text{ const.}</Math> , <Math equation-number="24.13.8" mode="display" xml:id="C24.S13.E8">\int_{0}^{1}E_{n}\left(t\right)\mathrm{d}t=-2\frac{E_{n+1}\left(0\right)}{n+1} =\frac{4(2^{n+2}-1)}{(n+1)(n+2)}B_{n+2},</Math> <Math equation-number="24.13.9" mode="display" xml:id="C24.S13.E9">\int_{0}^{1/2}E_{2n}\left(t\right)\mathrm{d}t=-\frac{E_{2n+1}\left(0\right)}{2 n+1}=\frac{2(2^{2n+2}-1)B_{2n+2}}{(2n+1)(2n+2)},</Math> <Math equation-number="24.13.10" mode="display" xml:id="C24.S13.E10">\int_{0}^{1/2}E_{2n-1}\left(t\right)\mathrm{d}t=\frac{E_{2n}}{n2^{2n+1}}, if n=1,2,\dots</Math>.
</sentence>

</para>
 
<para xml:id="C24.S13.SS2.p2">

<sentence sentence-num-in-para="1" sentence-num-in-section="5" xml:id="C24.S13.SS2.p2.s1">
For <Math mode="inline" xml:id="C24.S13.SS2.p2.m1">m,n=1,2,\ldots</Math> , <Math equation-number="24.13.11" mode="display" xml:id="C24.S13.E11">\int_{0}^{1}E_{n}\left(t\right)E_{m}\left(t\right)\mathrm{d}t=(-1)^{n}4\frac{( 2^{m+n+2}-1)m!n!}{(m+n+2)!}B_{m+n+2}</Math>.
</sentence>

</para>
 
</subsection>
 
<subsection xml:id="C24.S13.SS3">
<title>Compendia</title>        
     
<para xml:id="C24.S13.SS3.p1">

<sentence sentence-num-in-para="1" sentence-num-in-section="6" xml:id="C24.S13.SS3.p1.s1">
For Laplace and inverse Laplace transforms seePrudnikov et al. (1992a, §§3.28.1–3.28.2) andPrudnikov et al. (1992b, §§3.26.1–3.26.2).
</sentence>

<sentence sentence-num-in-para="2" sentence-num-in-section="7" xml:id="C24.S13.SS3.p1.s2">
For other integrals see Prudnikov et al. (1990, pp. 55–57).
</sentence>

</para>
 
</subsection>
 
</section>
