<?xml version="1.0" encoding="UTF-8"?>
<section xml:id="C24.S15">
<title>Related Sequences of Numbers</title>        
 
<subsection xml:id="C24.S15.SS1">
<title>Genocchi Numbers</title>        
    
<para xml:id="C24.S15.SS1.p1">

<sentence sentence-num-in-para="1" sentence-num-in-section="1" xml:id="C24.S15.SS1.p1.s1">
 <Math equation-number="24.15.1" mode="display" xml:id="C24.S15.E1">\frac{2t}{e^{t}+1}=\sum_{n=1}^{\infty}G_{n}\frac{t^{n}}{n!}</Math> ,, <Math equation-number="24.15.2" mode="display" xml:id="C24.S15.E2">G_{n}=2(1-2^{n})B_{n}</Math>.
</sentence>

</para>
 
<para xml:id="C24.S15.SS1.p2">

<sentence sentence-num-in-para="1" sentence-num-in-section="2" xml:id="C24.S15.SS1.p2.s1">
See Table 24.15.1.
</sentence>

</para>

 
</subsection>
 
<subsection xml:id="C24.S15.SS2">
<title>Tangent Numbers</title>        
   
 
<para xml:id="C24.S15.SS2.p1">

<sentence sentence-num-in-para="1" sentence-num-in-section="3" xml:id="C24.S15.SS2.p1.s1">
 <Math equation-number="24.15.3" mode="display" xml:id="C24.S15.E3">\tan t=\sum_{n=0}^{\infty}T_{n}\frac{t^{n}}{n!}</Math> , <Math equation-number="24.15.4" mode="display" xml:id="C24.S15.E4">T_{2n-1}=(-1)^{n-1}\frac{2^{2n}(2^{2n}-1)}{2n}B_{2n}, if n=1,2,\dots,</Math> <Math equation-number="24.15.5" mode="display" xml:id="C24.S15.E5">T_{2n}=0, if n=0,1,\dots</Math>.
</sentence>

</para>
       
  
<sentence sentence-num-in-section="4" xml:id="C24.S15.T1.s1">
Table 24.15.1: Genocchi and Tangent numbers.
</sentence>   

<sentence sentence-num-in-section="5" sentence-num-in-table="1" xml:id="C24.S15.T1.t1.s1">
<Math mode="inline" xml:id="C24.S15.T1.t1.r1.m1">n</Math>
</sentence>

<sentence sentence-num-in-section="6" sentence-num-in-table="2" xml:id="C24.S15.T1.t1.s2">
<Math mode="inline" xml:id="C24.S15.T1.t1.r1.m2">0</Math>
</sentence>

<sentence sentence-num-in-section="7" sentence-num-in-table="3" xml:id="C24.S15.T1.t1.s3">
<Math mode="inline" xml:id="C24.S15.T1.t1.r1.m3">1</Math>
</sentence>

<sentence sentence-num-in-section="8" sentence-num-in-table="4" xml:id="C24.S15.T1.t1.s4">
<Math mode="inline" xml:id="C24.S15.T1.t1.r1.m4">2</Math>
</sentence>

<sentence sentence-num-in-section="9" sentence-num-in-table="5" xml:id="C24.S15.T1.t1.s5">
<Math mode="inline" xml:id="C24.S15.T1.t1.r1.m5">3</Math>
</sentence>

<sentence sentence-num-in-section="10" sentence-num-in-table="6" xml:id="C24.S15.T1.t1.s6">
<Math mode="inline" xml:id="C24.S15.T1.t1.r1.m6">4</Math>
</sentence>

<sentence sentence-num-in-section="11" sentence-num-in-table="7" xml:id="C24.S15.T1.t1.s7">
<Math mode="inline" xml:id="C24.S15.T1.t1.r1.m7">5</Math>
</sentence>

<sentence sentence-num-in-section="12" sentence-num-in-table="8" xml:id="C24.S15.T1.t1.s8">
<Math mode="inline" xml:id="C24.S15.T1.t1.r1.m8">6</Math>
</sentence>

<sentence sentence-num-in-section="13" sentence-num-in-table="9" xml:id="C24.S15.T1.t1.s9">
<Math mode="inline" xml:id="C24.S15.T1.t1.r1.m9">7</Math>
</sentence>

<sentence sentence-num-in-section="14" sentence-num-in-table="10" xml:id="C24.S15.T1.t1.s10">
<Math mode="inline" xml:id="C24.S15.T1.t1.r1.m10">8</Math>
</sentence>

<sentence sentence-num-in-section="15" sentence-num-in-table="11" xml:id="C24.S15.T1.t1.s11">
<Math mode="inline" xml:id="C24.S15.T1.t1.r2.m1">G_{n}</Math>
</sentence>

<sentence sentence-num-in-section="16" sentence-num-in-table="12" xml:id="C24.S15.T1.t1.s12">
<Math mode="inline" xml:id="C24.S15.T1.t1.r2.m2">0</Math>
</sentence>

<sentence sentence-num-in-section="17" sentence-num-in-table="13" xml:id="C24.S15.T1.t1.s13">
<Math mode="inline" xml:id="C24.S15.T1.t1.r2.m3">1</Math>
</sentence>

<sentence sentence-num-in-section="18" sentence-num-in-table="14" xml:id="C24.S15.T1.t1.s14">
<Math mode="inline" xml:id="C24.S15.T1.t1.r2.m4">-1</Math>
</sentence>

<sentence sentence-num-in-section="19" sentence-num-in-table="15" xml:id="C24.S15.T1.t1.s15">
<Math mode="inline" xml:id="C24.S15.T1.t1.r2.m5">0</Math>
</sentence>

<sentence sentence-num-in-section="20" sentence-num-in-table="16" xml:id="C24.S15.T1.t1.s16">
<Math mode="inline" xml:id="C24.S15.T1.t1.r2.m6">1</Math>
</sentence>

<sentence sentence-num-in-section="21" sentence-num-in-table="17" xml:id="C24.S15.T1.t1.s17">
<Math mode="inline" xml:id="C24.S15.T1.t1.r2.m7">0</Math>
</sentence>

<sentence sentence-num-in-section="22" sentence-num-in-table="18" xml:id="C24.S15.T1.t1.s18">
<Math mode="inline" xml:id="C24.S15.T1.t1.r2.m8">-3</Math>
</sentence>

<sentence sentence-num-in-section="23" sentence-num-in-table="19" xml:id="C24.S15.T1.t1.s19">
<Math mode="inline" xml:id="C24.S15.T1.t1.r2.m9">0</Math>
</sentence>

<sentence sentence-num-in-section="24" sentence-num-in-table="20" xml:id="C24.S15.T1.t1.s20">
<Math mode="inline" xml:id="C24.S15.T1.t1.r2.m10">17</Math>
</sentence>

<sentence sentence-num-in-section="25" sentence-num-in-table="21" xml:id="C24.S15.T1.t1.s21">
<Math mode="inline" xml:id="C24.S15.T1.t1.r3.m1">T_{n}</Math>
</sentence>

<sentence sentence-num-in-section="26" sentence-num-in-table="22" xml:id="C24.S15.T1.t1.s22">
<Math mode="inline" xml:id="C24.S15.T1.t1.r3.m2">0</Math>
</sentence>

<sentence sentence-num-in-section="27" sentence-num-in-table="23" xml:id="C24.S15.T1.t1.s23">
<Math mode="inline" xml:id="C24.S15.T1.t1.r3.m3">1</Math>
</sentence>

<sentence sentence-num-in-section="28" sentence-num-in-table="24" xml:id="C24.S15.T1.t1.s24">
<Math mode="inline" xml:id="C24.S15.T1.t1.r3.m4">0</Math>
</sentence>

<sentence sentence-num-in-section="29" sentence-num-in-table="25" xml:id="C24.S15.T1.t1.s25">
<Math mode="inline" xml:id="C24.S15.T1.t1.r3.m5">2</Math>
</sentence>

<sentence sentence-num-in-section="30" sentence-num-in-table="26" xml:id="C24.S15.T1.t1.s26">
<Math mode="inline" xml:id="C24.S15.T1.t1.r3.m6">0</Math>
</sentence>

<sentence sentence-num-in-section="31" sentence-num-in-table="27" xml:id="C24.S15.T1.t1.s27">
<Math mode="inline" xml:id="C24.S15.T1.t1.r3.m7">16</Math>
</sentence>

<sentence sentence-num-in-section="32" sentence-num-in-table="28" xml:id="C24.S15.T1.t1.s28">
<Math mode="inline" xml:id="C24.S15.T1.t1.r3.m8">0</Math>
</sentence>

<sentence sentence-num-in-section="33" sentence-num-in-table="29" xml:id="C24.S15.T1.t1.s29">
<Math mode="inline" xml:id="C24.S15.T1.t1.r3.m9">272</Math>
</sentence>

<sentence sentence-num-in-section="34" sentence-num-in-table="30" xml:id="C24.S15.T1.t1.s30">
<Math mode="inline" xml:id="C24.S15.T1.t1.r3.m10">0</Math>
</sentence>
  
</subsection>
 
<subsection xml:id="C24.S15.SS3">
<title>Stirling Numbers</title>        
 
  
<para xml:id="C24.S15.SS3.p1">

<sentence sentence-num-in-para="1" sentence-num-in-section="35" xml:id="C24.S15.SS3.p1.s1">
The Stirling numbers of the first kind <Math mode="inline" xml:id="C24.S15.SS3.p1.m1">s\left(n,m\right)</Math> , and the second kind <Math mode="inline" xml:id="C24.S15.SS3.p1.m2">S\left(n,m\right)</Math> , are as defined in §26.8(i).
</sentence>

<sentence sentence-num-in-para="2" sentence-num-in-section="36" xml:id="C24.S15.SS3.p1.s2">
<Math equation-number="24.15.6" mode="display" xml:id="C24.S15.E6">B_{n}=\sum_{k=0}^{n}(-1)^{k}\frac{k!S\left(n,k\right)}{k+1},</Math> <Math equation-number="24.15.7" mode="display" xml:id="C24.S15.E7">B_{n}=\sum_{k=0}^{n}(-1)^{k}\genfrac{(}{)}{0.0pt}{}{n+1}{k+1}S\left(n+k,k \right)\bigg{/}\genfrac{(}{)}{0.0pt}{}{n+k}{k}</Math> ,, <Math equation-number="24.15.8" mode="display" xml:id="C24.S15.E8">\sum_{k=0}^{n}(-1)^{n+k}s\left(n+1,k+1\right)B_{k}=\frac{n!}{n+1}</Math>.
</sentence>

</para>
 
<para xml:id="C24.S15.SS3.p2">

<sentence sentence-num-in-para="1" sentence-num-in-section="37" xml:id="C24.S15.SS3.p2.s1">
In (24.15.9) and (24.15.10)
</sentence>

<sentence sentence-num-in-para="2" sentence-num-in-section="38" xml:id="C24.S15.SS3.p2.s2">
<Math mode="inline" xml:id="C24.S15.SS3.p2.m1">p</Math> denotes a prime.
</sentence>

<sentence sentence-num-in-para="3" sentence-num-in-section="39" xml:id="C24.S15.SS3.p2.s3">
SeeHorata (1991).
</sentence>

<sentence sentence-num-in-para="4" sentence-num-in-section="40" xml:id="C24.S15.SS3.p2.s4">
<Math equation-number="24.15.9" mode="display" xml:id="C24.S15.E9">p\frac{B_{n}}{n}\equiv S\left(p-1+n,p-1\right)\pmod{p^{2}}, if 1\leq n\leq p-2,</Math> <Math equation-number="24.15.10" mode="display" xml:id="C24.S15.E10">\frac{2n-1}{4n}p^{2}B_{2n}\equiv{S\left(p+2n,p-1\right)\pmod{p^{3}}}, if 2\leq 2n\leq p-3</Math>.
</sentence>

</para>
 
</subsection>
 
<subsection xml:id="C24.S15.SS4">
<title>Fibonacci and Lucas Numbers</title>        
  
 
<para xml:id="C24.S15.SS4.p1">

<sentence sentence-num-in-para="1" sentence-num-in-section="41" xml:id="C24.S15.SS4.p1.s1">
The Fibonacci numbers are defined by <Math mode="inline" xml:id="C24.S15.SS4.p1.m1">u_{0}=0</Math> , <Math mode="inline" xml:id="C24.S15.SS4.p1.m2">u_{1}=1</Math> , and <Math mode="inline" xml:id="C24.S15.SS4.p1.m3">u_{n+1}=u_{n}+u_{n-1}</Math> , <Math mode="inline" xml:id="C24.S15.SS4.p1.m4">n\geq 1</Math>.
</sentence>

<sentence sentence-num-in-para="2" sentence-num-in-section="42" xml:id="C24.S15.SS4.p1.s2">
The Lucas numbers are defined by <Math mode="inline" xml:id="C24.S15.SS4.p1.m5">v_{0}=2</Math> , <Math mode="inline" xml:id="C24.S15.SS4.p1.m6">v_{1}=1</Math> , and <Math mode="inline" xml:id="C24.S15.SS4.p1.m7">v_{n+1}=v_{n}+v_{n-1}</Math> , <Math mode="inline" xml:id="C24.S15.SS4.p1.m8">n\geq 1</Math>.
</sentence>

<sentence sentence-num-in-para="3" sentence-num-in-section="43" xml:id="C24.S15.SS4.p1.s3">
<Math equation-number="24.15.11" mode="display" xml:id="C24.S15.E11">\sum_{k=0}^{\left\lfloor\ifrac{n}{2}\right\rfloor}{n\choose 2k}\left(\frac{5}{ 9}\right)^{k}B_{2k}u_{n-2k}=\frac{n}{6}v_{n-1}+\frac{n}{3^{n}}v_{2n-2},</Math> , <Math equation-number="24.15.12" mode="display" xml:id="C24.S15.E12">\sum_{k=0}^{\left\lfloor\ifrac{n}{2}\right\rfloor}{n\choose 2k}\left(\frac{5}{ 4}\right)^{k}E_{2k}v_{n-2k}=\frac{1}{2^{n-1}}</Math>.
</sentence>

</para>
 
<para xml:id="C24.S15.SS4.p2">

<sentence sentence-num-in-para="1" sentence-num-in-section="44" xml:id="C24.S15.SS4.p2.s1">
For further information on the Fibonacci numbers see §26.11.
</sentence>

</para>
 
</subsection>
 
</section>
