<?xml version="1.0" encoding="UTF-8"?>
<section xml:id="C24.S18">
<title>Physical Applications</title>             
<para xml:id="C24.S18.p1">

<sentence sentence-num-in-para="1" sentence-num-in-section="1" xml:id="C24.S18.p1.s1">
Bernoulli polynomials appear in statistical physics (Ordóñez and Driebe (1996)), in discussions of Casimir forces (Li et al. (1991)), and in a study of quark-gluon plasma (Meisinger et al. (2002)).
</sentence>

</para>
   
<para xml:id="C24.S18.p2">

<sentence sentence-num-in-para="1" sentence-num-in-section="2" xml:id="C24.S18.p2.s1">
Euler polynomials also appear in statistical physics as well as in semi-classical approximations to quantum probability distributions (Ballentine and McRae (1998)).
</sentence>

</para>
 
</section>
