<?xml version="1.0" encoding="UTF-8"?>
<section xml:id="C24.S11">
<title>Asymptotic Approximations</title>        
   
<para xml:id="C24.S11.p1">

<sentence sentence-num-in-para="1" sentence-num-in-section="1" xml:id="C24.S11.p1.s1">
As <Math mode="inline" xml:id="C24.S11.p1.m1">n\to\infty</Math> <Math equation-number="24.11.1" mode="display" xml:id="C24.S11.E1">(-1)^{n+1}B_{2n}\sim\frac{2(2n)!}{(2\pi)^{2n}}</Math> ,, <Math equation-number="24.11.2" mode="display" xml:id="C24.S11.E2">(-1)^{n+1}B_{2n}\sim 4\sqrt{\pi n}\left(\frac{n}{\pi e}\right)^{2n},</Math> <Math equation-number="24.11.3" mode="display" xml:id="C24.S11.E3">(-1)^{n}E_{2n}\sim\frac{2^{2n+2}(2n)!}{\pi^{2n+1}}</Math> ,, <Math equation-number="24.11.4" mode="display" xml:id="C24.S11.E4">(-1)^{n}E_{2n}\sim 8\sqrt{\frac{n}{\pi}}\left(\frac{4n}{\pi e}\right)^{2n}</Math>.
</sentence>

</para>
 
  
<para xml:id="C24.S11.p2">

<sentence sentence-num-in-para="1" sentence-num-in-section="2" xml:id="C24.S11.p2.s1">
Also, <Math equation-number="24.11.5" mode="display" xml:id="C24.S11.E5">(-1)^{\left\lfloor n/2\right\rfloor-1}\frac{(2\pi)^{n}}{2(n!)}B_{n}\left(x \right)\to\begin{cases}\cos\left(2\pi x\right),&amp;n\text{ even},\\ \sin\left(2\pi x\right),&amp;n\text{ odd},\end{cases}</Math> , <Math equation-number="24.11.6" mode="display" xml:id="C24.S11.E6">(-1)^{\left\lfloor(n+1)/2\right\rfloor}\frac{\pi^{n+1}}{4(n!)}E_{n}\left(x \right)\to\begin{cases}\sin\left(\pi x\right),&amp;n\text{ even},\\ \cos\left(\pi x\right),&amp;n\text{ odd},\end{cases}</Math> uniformly for <Math mode="inline" xml:id="C24.S11.p2.m1">x</Math> on compact subsets of <Math mode="inline" xml:id="C24.S11.p2.m2">\mathbb{C}</Math>.
</sentence>

</para>
 
<para xml:id="C24.S11.p3">

<sentence sentence-num-in-para="1" sentence-num-in-section="3" xml:id="C24.S11.p3.s1">
For further results see Temme (1995b) and López and Temme (1999c).
</sentence>

</para>
 
</section>
