<?xml version="1.0" encoding="UTF-8"?>
<section xml:id="C24.S1">
<title>Special Notation</title>         
<para xml:id="C24.S1.p1">

<sentence sentence-num-in-para="1" sentence-num-in-section="1" xml:id="C24.S1.p1.s1">
(For other notation see Notation for the Special Functions.)
</sentence>

</para>

 
<para xml:id="C24.S1.p2">

<sentence sentence-num-in-para="1" sentence-num-in-section="2" sentence-num-in-table="1" xml:id="C24.S1.p2.t1.s1">
<Math mode="inline" xml:id="C24.S1.p2.t1.r1.m1">j,k,\ell,m,n</Math>
</sentence>

<sentence sentence-num-in-para="2" sentence-num-in-section="3" sentence-num-in-table="2" xml:id="C24.S1.p2.t1.s2">
integers, nonnegative unless stated otherwise.          
</sentence>

<sentence sentence-num-in-para="3" sentence-num-in-section="4" sentence-num-in-table="3" xml:id="C24.S1.p2.t1.s3">
<Math mode="inline" xml:id="C24.S1.p2.t1.r2.m1">t,x</Math>
</sentence>

<sentence sentence-num-in-para="4" sentence-num-in-section="5" sentence-num-in-table="4" xml:id="C24.S1.p2.t1.s4">
real or complex variables.    
</sentence>

<sentence sentence-num-in-para="5" sentence-num-in-section="6" sentence-num-in-table="5" xml:id="C24.S1.p2.t1.s5">
<Math mode="inline" xml:id="C24.S1.p2.t1.r3.m1">p</Math>
</sentence>

<sentence sentence-num-in-para="6" sentence-num-in-section="7" sentence-num-in-table="6" xml:id="C24.S1.p2.t1.s6">
prime.  
</sentence>

<sentence sentence-num-in-para="7" sentence-num-in-section="8" sentence-num-in-table="7" xml:id="C24.S1.p2.t1.s7">
<Math mode="inline" xml:id="C24.S1.p2.t1.r4.m1">p\mathbin{|}m</Math>
</sentence>

<sentence sentence-num-in-para="8" sentence-num-in-section="9" sentence-num-in-table="8" xml:id="C24.S1.p2.t1.s8">
<Math mode="inline" xml:id="C24.S1.p2.t1.r4.m2">p</Math> divides <Math mode="inline" xml:id="C24.S1.p2.t1.r4.m3">m</Math>.
</sentence>

<sentence sentence-num-in-para="9" sentence-num-in-section="10" sentence-num-in-table="9" xml:id="C24.S1.p2.t1.s9">
<Math mode="inline" xml:id="C24.S1.p2.t1.r5.m1">(k,m)</Math>
</sentence>

<sentence sentence-num-in-para="10" sentence-num-in-section="11" sentence-num-in-table="10" xml:id="C24.S1.p2.t1.s10">
greatest common divisor of <Math mode="inline" xml:id="C24.S1.p2.t1.r5.m2">m,n</Math>.
</sentence>

<sentence sentence-num-in-para="11" sentence-num-in-section="12" sentence-num-in-table="11" xml:id="C24.S1.p2.t1.s11">
<Math mode="inline" xml:id="C24.S1.p2.t1.r6.m1">(k,m)=1</Math>
</sentence>

<sentence sentence-num-in-para="12" sentence-num-in-section="13" sentence-num-in-table="12" xml:id="C24.S1.p2.t1.s12">
<Math mode="inline" xml:id="C24.S1.p2.t1.r6.m2">k</Math> and <Math mode="inline" xml:id="C24.S1.p2.t1.r6.m3">m</Math> relatively prime.
</sentence>

</para>

 
<para xml:id="C24.S1.p3">

<sentence sentence-num-in-para="1" sentence-num-in-section="14" xml:id="C24.S1.p3.s1">
Unless otherwise noted, the formulas in this chapter hold for all values of the variables <Math mode="inline" xml:id="C24.S1.p3.m1">x</Math> and <Math mode="inline" xml:id="C24.S1.p3.m2">t</Math> , and for all nonnegative integers <Math mode="inline" xml:id="C24.S1.p3.m3">n</Math>.
</sentence>

</para>
 
<paragraph xml:id="C24.S1.Px1">
<title>Bernoulli Numbers and Polynomials</title>       
<para xml:id="C24.S1.Px1.p1">

<sentence sentence-num-in-para="1" sentence-num-in-section="15" xml:id="C24.S1.Px1.p1.s1">
The origin of the notation <Math mode="inline" xml:id="C24.S1.Px1.p1.m1">B_{n}</Math> , <Math mode="inline" xml:id="C24.S1.Px1.p1.m2">B_{n}\left(x\right)</Math> , is not clear.
</sentence>

<sentence sentence-num-in-para="2" sentence-num-in-section="16" xml:id="C24.S1.Px1.p1.s2">
The present notation, as defined in §24.2(i), was used inLucas (1891) and Nörlund (1924), and has become the prevailing notation; see Table 24.2.1.
</sentence>

<sentence sentence-num-in-para="3" sentence-num-in-section="17" xml:id="C24.S1.Px1.p1.s3">
Among various older notations, the most common one is <Math mode="display" xml:id="C24.S1.EGx1">B_{1}=\tfrac{1}{6}, ,B_{2}=\tfrac{1}{30}, ,B_{3}=\tfrac{1}{42}, ,B_{4}=\tfrac{1}{30},\ldots, </Math>.
</sentence>

<sentence sentence-num-in-para="4" sentence-num-in-section="18" xml:id="C24.S1.Px1.p1.s4">
It was used in Saalschütz (1893), Nielsen (1923),Schwatt (1962), and Whittaker and Watson (1927).
</sentence>

</para>
 
</paragraph>
 
<paragraph xml:id="C24.S1.Px2">
<title>Euler Numbers and Polynomials</title>       
<para xml:id="C24.S1.Px2.p1">

<sentence sentence-num-in-para="1" sentence-num-in-section="19" xml:id="C24.S1.Px2.p1.s1">
The secant series ((4.19.5)) first occurs in the work of Gregory in 1671.
</sentence>

<sentence sentence-num-in-para="2" sentence-num-in-section="20" xml:id="C24.S1.Px2.p1.s2">
Its coefficients were first studied in Euler (1755); they were called Euler numbers by Raabe in 1851.
</sentence>

<sentence sentence-num-in-para="3" sentence-num-in-section="21" xml:id="C24.S1.Px2.p1.s3">
The notations <Math mode="inline" xml:id="C24.S1.Px2.p1.m1">E_{n}</Math> , <Math mode="inline" xml:id="C24.S1.Px2.p1.m2">E_{n}\left(x\right)</Math> , as defined in §24.2(ii), were used in Lucas (1891) andNörlund (1924).
</sentence>

</para>
 
<para xml:id="C24.S1.Px2.p2">

<sentence sentence-num-in-para="1" sentence-num-in-section="22" xml:id="C24.S1.Px2.p2.s1">
Other historical remarks on notations can be found inCajori (1929, pp. 42–44).
</sentence>

<sentence sentence-num-in-para="2" sentence-num-in-section="23" xml:id="C24.S1.Px2.p2.s2">
Various systems of notation are summarized in Adrian (1959) and D’Ocagne (1904).
</sentence>

</para>

 
</paragraph>
 
</section>
