<?xml version="1.0" encoding="UTF-8"?>
<section xml:id="C24.S20">
<title>Tables</title>        
   
 
<para xml:id="C24.S20.p1">

<sentence sentence-num-in-para="1" sentence-num-in-section="1" xml:id="C24.S20.p1.s1">
Abramowitz and Stegun (1964, Chapter 23) includes exact values of <Math mode="inline" xml:id="C24.S20.p1.m1">\sum_{k=1}^{m}k^{n}</Math> , <Math mode="inline" xml:id="C24.S20.p1.m2">m=1(1)100</Math> , <Math mode="inline" xml:id="C24.S20.p1.m3">n=1(1)10</Math> ; <Math mode="inline" xml:id="C24.S20.p1.m4">\sum_{k=1}^{\infty}k^{-n}</Math> , <Math mode="inline" xml:id="C24.S20.p1.m5">\sum_{k=1}^{\infty}(-1)^{k-1}k^{-n}</Math> , <Math mode="inline" xml:id="C24.S20.p1.m6">\sum_{k=0}^{\infty}(2k+1)^{-n}</Math> , <Math mode="inline" xml:id="C24.S20.p1.m7">n=1,2,\ldots</Math> , 20D; <Math mode="inline" xml:id="C24.S20.p1.m8">\sum_{k=0}^{\infty}(-1)^{k}(2k+1)^{-n}</Math> , <Math mode="inline" xml:id="C24.S20.p1.m9">n=1,2,\ldots</Math> , 18D.
</sentence>

</para>
 
<para xml:id="C24.S20.p2">

<sentence sentence-num-in-para="1" sentence-num-in-section="2" xml:id="C24.S20.p2.s1">
Wagstaff (1978) gives complete prime factorizations of <Math mode="inline" xml:id="C24.S20.p2.m1">N_{n}</Math> and <Math mode="inline" xml:id="C24.S20.p2.m2">E_{n}</Math> for <Math mode="inline" xml:id="C24.S20.p2.m3">n=20(2)60</Math> and <Math mode="inline" xml:id="C24.S20.p2.m4">n=8(2)42</Math> , respectively.
</sentence>

<sentence sentence-num-in-para="2" sentence-num-in-section="3" xml:id="C24.S20.p2.s2">
InWagstaff (2002) these results are extended to <Math mode="inline" xml:id="C24.S20.p2.m5">n=60(2)152</Math> and <Math mode="inline" xml:id="C24.S20.p2.m6">n=40(2)88</Math> , respectively, with further complete and partial factorizations listed up to <Math mode="inline" xml:id="C24.S20.p2.m7">n=300</Math> and <Math mode="inline" xml:id="C24.S20.p2.m8">n=200</Math> , respectively.
</sentence>

</para>
 
<para xml:id="C24.S20.p3">

<sentence sentence-num-in-para="1" sentence-num-in-section="4" xml:id="C24.S20.p3.s1">
For information on tables published before 1961 seeFletcher et al. (1962, v. 1, §4) andLebedev and Fedorova (1960, Chapters 11 and 14).
</sentence>

</para>
 
</section>
