<?xml version="1.0" encoding="UTF-8"?>
<section xml:id="C24.S21">
<title>Software</title>        
 
<para xml:id="C24.S21.p1">

</para>

 
<subsection xml:id="C24.S21.SS1">
<title>Introduction</title>        
 
<para xml:id="C24.S21.SS1.p1">

<sentence sentence-num-in-para="1" sentence-num-in-section="1" xml:id="C24.S21.SS1.p1.s1">
In this section we provide links to the research literature describing the implementation of algorithms in software for the evaluation of functions described in this chapter.
</sentence>

<sentence sentence-num-in-para="2" sentence-num-in-section="2" xml:id="C24.S21.SS1.p1.s2">
Citations in the bulleted list refer to papers for which research software has been made available and can be downloaded via the Web.
</sentence>

</para>
 
<para xml:id="C24.S21.SS1.p2">

<sentence sentence-num-in-para="1" sentence-num-in-section="3" xml:id="C24.S21.SS1.p2.s1">
A more complete list of available software for computing these functions is found in the Software Index.
</sentence>

</para>
 
</subsection>
 
<subsection xml:id="C24.S21.SS2">
<title><Math mode="inline" xml:id="C24.S21.SS2.m1">B_{n}</Math>,<Math mode="inline" xml:id="C24.S21.SS2.m2">B_{n}\left(x\right)</Math>, <Math mode="inline" xml:id="C24.S21.SS2.m3">E_{n}</Math>, and <Math mode="inline" xml:id="C24.S21.SS2.m4">E_{n}\left(x\right)</Math></title>        
 
<para xml:id="C24.S21.SS2.p1">

<sentence sentence-num-in-para="1" sentence-num-in-section="4" xml:id="C24.S21.SS2.p1.s1">
Brent (1978b).
</sentence>

<sentence sentence-num-in-para="2" sentence-num-in-section="5" xml:id="C24.S21.SS2.p1.s2">
Fortran.
</sentence>

<sentence sentence-num-in-para="3" sentence-num-in-section="6" xml:id="C24.S21.SS2.p1.s3">
Smith (2001).
</sentence>

<sentence sentence-num-in-para="4" sentence-num-in-section="7" xml:id="C24.S21.SS2.p1.s4">
Fortran.
</sentence>

</para>

 
</subsection>
 
</section>
