<?xml version="1.0" encoding="UTF-8"?>
<section xml:id="C24.S3">
<title>Graphs</title>        
           
<sentence sentence-num-in-section="1" xml:id="C24.S3.F1.s1">
Figure 24.3.1: Bernoulli polynomials <Math mode="inline" xml:id="C24.S3.F1.m3">B_{n}\left(x\right)</Math> , <Math mode="inline" xml:id="C24.S3.F1.m4">n=2,3,\dots,6</Math> .
</sentence>  
          
<sentence sentence-num-in-section="2" xml:id="C24.S3.F2.s1">
Figure 24.3.2: Euler polynomials <Math mode="inline" xml:id="C24.S3.F2.m3">E_{n}\left(x\right)</Math> , <Math mode="inline" xml:id="C24.S3.F2.m4">n=2,3,\dots,6</Math> .
</sentence>     
</section>
