<?xml version="1.0" encoding="UTF-8"?>
<section xml:id="C24.S6">
<title>Explicit Formulas</title>         
  
<para xml:id="C24.S6.p1">

<sentence sentence-num-in-para="1" sentence-num-in-section="1" xml:id="C24.S6.p1.s1">
The identities in this section hold for <Math mode="inline" xml:id="C24.S6.p1.m1">n=1,2,\ldots</Math>.
</sentence>

<sentence sentence-num-in-para="2" sentence-num-in-section="2" xml:id="C24.S6.p1.s2">
(24.6.7),(24.6.8),(24.6.10), and (24.6.12) are valid also for <Math mode="inline" xml:id="C24.S6.p1.m2">n=0</Math>.
</sentence>

<sentence sentence-num-in-para="3" sentence-num-in-section="3" xml:id="C24.S6.p1.s3">
<Math equation-number="24.6.1" mode="display" xml:id="C24.S6.E1">B_{2n}=\sum_{k=2}^{2n+1}\frac{(-1)^{k-1}}{k}{2n+1\choose k}\sum_{j=1}^{k-1}j^{ 2n},</Math> <Math equation-number="24.6.2" mode="display" xml:id="C24.S6.E2">B_{n}=\frac{1}{n+1}\sum_{k=1}^{n}\sum_{j=1}^{k}(-1)^{j}j^{n}{\genfrac{(}{)}{0. 0pt}{}{n+1}{k-j}}\Bigg{/}{\genfrac{(}{)}{0.0pt}{}{n}{k}}</Math> , <Math equation-number="24.6.3" mode="display" xml:id="C24.S6.E3">B_{2n}=\sum_{k=1}^{n}\frac{(k-1)!k!}{(2k+1)!}\*\sum_{j=1}^{k}(-1)^{j-1}{2k \choose k+j}j^{2n}</Math>.
</sentence>

<sentence sentence-num-in-para="4" sentence-num-in-section="4" xml:id="C24.S6.p1.s4">
<Math equation-number="24.6.4" mode="display" xml:id="C24.S6.E4">E_{2n}=\sum_{k=1}^{n}\frac{1}{2^{k-1}}\sum_{j=1}^{k}(-1)^{j}{2k\choose k-j}j^{ 2n},</Math> <Math equation-number="24.6.5" mode="display" xml:id="C24.S6.E5">E_{2n}=\frac{1}{2^{n-1}}\sum_{k=0}^{n-1}(-1)^{n-k}(n-k)^{2n}\*\sum_{j=0}^{k}{2 n-2j\choose k-j}2^{j},</Math> <Math equation-number="24.6.6" mode="display" xml:id="C24.S6.E6">E_{2n}=\sum_{k=1}^{2n}\frac{(-1)^{k}}{2^{k-1}}{2n+1\choose k+1}\*\sum_{j=0}^{ \left\lfloor\tfrac{1}{2}k-\tfrac{1}{2}\right\rfloor}{k\choose j}(k-2j)^{2n}</Math>.
</sentence>

<sentence sentence-num-in-para="5" sentence-num-in-section="5" xml:id="C24.S6.p1.s5">
<Math equation-number="24.6.7" mode="display" xml:id="C24.S6.E7">B_{n}\left(x\right)=\sum_{k=0}^{n}\frac{1}{k+1}\sum_{j=0}^{k}(-1)^{j}{k\choose j }(x+j)^{n},</Math> <Math equation-number="24.6.8" mode="display" xml:id="C24.S6.E8">E_{n}\left(x\right)=\frac{1}{2^{n}}\sum_{k=1}^{n+1}\sum_{j=0}^{k-1}(-1)^{j}{n+ 1\choose k}(x+j)^{n}</Math>.
</sentence>

<sentence sentence-num-in-para="6" sentence-num-in-section="6" xml:id="C24.S6.p1.s6">
<Math equation-number="24.6.9" mode="display" xml:id="C24.S6.E9">B_{n}=\sum_{k=0}^{n}\frac{1}{k+1}\sum_{j=0}^{k}(-1)^{j}{k\choose j}j^{n},</Math> , <Math equation-number="24.6.10" mode="display" xml:id="C24.S6.E10">E_{n}=\frac{1}{2^{n}}\sum_{k=1}^{n+1}{n+1\choose k}\sum_{j=0}^{k-1}(-1)^{j}(2j +1)^{n}</Math>.
</sentence>

<sentence sentence-num-in-para="7" sentence-num-in-section="7" xml:id="C24.S6.p1.s7">
<Math equation-number="24.6.11" mode="display" xml:id="C24.S6.E11">B_{n}=\frac{n}{2^{n}(2^{n}-1)}\sum_{k=1}^{n}\sum_{j=0}^{k-1}(-1)^{j+1}{n \choose k}j^{n-1},</Math> <Math equation-number="24.6.12" mode="display" xml:id="C24.S6.E12">E_{2n}=\sum_{k=0}^{2n}\frac{1}{2^{k}}\sum_{j=0}^{k}(-1)^{j}{k\choose j}(1+2j)^ {2n}</Math>.
</sentence>

</para>
  
 
</section>
