<?xml version="1.0" encoding="UTF-8"?>
<section xml:id="C24.S9">
<title>Inequalities</title>        
     
<para xml:id="C24.S9.p1">

<sentence sentence-num-in-para="1" sentence-num-in-section="1" xml:id="C24.S9.p1.s1">
Except where otherwise noted, the inequalities in this section hold for <Math mode="inline" xml:id="C24.S9.p1.m1">n=1,2,\ldots</Math>.
</sentence>

<sentence sentence-num-in-para="2" sentence-num-in-section="2" xml:id="C24.S9.p1.s2">
<Math equation-number="24.9.1" mode="display" xml:id="C24.S9.E1">|B_{2n}|&gt;|B_{2n}\left(x\right)|, if 1&gt;x&gt;0,</Math> , <Math equation-number="24.9.2" mode="display" xml:id="C24.S9.E2">(2-2^{1-2n})|B_{2n}|\geq|B_{2n}\left(x\right)-B_{2n}|, if 1\geq x\geq 0.</Math>
</sentence>

</para>
 
<para xml:id="C24.S9.p2">

<sentence sentence-num-in-para="1" sentence-num-in-section="3" xml:id="C24.S9.p2.s1">
(24.9.3)–(24.9.5) hold for <Math mode="inline" xml:id="C24.S9.p2.m1">\tfrac{1}{2}&gt;x&gt;0</Math>.
</sentence>

<sentence sentence-num-in-para="2" sentence-num-in-section="4" xml:id="C24.S9.p2.s2">
<Math equation-number="24.9.3" mode="display" xml:id="C24.S9.E3">4^{-n}|E_{2n}|&gt;(-1)^{n}E_{2n}\left(x\right)&gt;0,</Math> , <Math equation-number="24.9.4" mode="display" xml:id="C24.S9.E4">\frac{2(2n+1)!}{(2\pi)^{2n+1}}&gt;(-1)^{n+1}B_{2n+1}\left(x\right)&gt;0, if n=2,3,\dots,</Math> , <Math equation-number="24.9.5" mode="display" xml:id="C24.S9.E5">\frac{4(2n-1)!}{\pi^{2n}}\frac{2^{2n}-1}{2^{2n}-2}&gt;(-1)^{n}E_{2n-1}\left(x \right)&gt;0</Math>.
</sentence>

</para>
 
<para xml:id="C24.S9.p3">

<sentence sentence-num-in-para="1" sentence-num-in-section="5" xml:id="C24.S9.p3.s1">
(24.9.6)–(24.9.7) hold for <Math mode="inline" xml:id="C24.S9.p3.m1">n=2,3,\ldots</Math>.
</sentence>

<sentence sentence-num-in-para="2" sentence-num-in-section="6" xml:id="C24.S9.p3.s2">
<Math equation-number="24.9.6" mode="display" xml:id="C24.S9.E6">5\sqrt{\pi n}\left(\frac{n}{\pi e}\right)^{2n}&gt;(-1)^{n+1}B_{2n}&gt;4\sqrt{\pi n} \left(\frac{n}{\pi e}\right)^{2n},</Math> <Math equation-number="24.9.7" mode="display" xml:id="C24.S9.E7">8\sqrt{\frac{n}{\pi}}\left(\frac{4n}{\pi e}\right)^{2n}\left(1+\frac{1}{12n} \right)&gt;(-1)^{n}E_{2n}&gt;8\sqrt{\frac{n}{\pi}}\left(\frac{4n}{\pi e}\right)^{2n}</Math>.
</sentence>

</para>
 
<para xml:id="C24.S9.p4">

<sentence sentence-num-in-para="1" sentence-num-in-section="7" xml:id="C24.S9.p4.s1">
Lastly, <Math equation-number="24.9.8" mode="display" xml:id="C24.S9.E8">\frac{2(2n)!}{(2\pi)^{2n}}\frac{1}{1-2^{\beta-2n}}\geq(-1)^{n+1}B_{2n}\geq \frac{2(2n)!}{(2\pi)^{2n}}\frac{1}{1-2^{-2n}</Math> } with <Math equation-number="24.9.9" mode="display" xml:id="C24.S9.E9">\beta=2+\frac{\ln\left(1-6\pi^{-2}\right)}{\ln 2}=0.6491\dots</Math>.
</sentence>

<sentence sentence-num-in-para="2" sentence-num-in-section="8" xml:id="C24.S9.p4.s2">
<Math equation-number="24.9.10" mode="display" xml:id="C24.S9.E10">\frac{4^{n+1}(2n)!}{\pi^{2n+1}}&gt;(-1)^{n}E_{2n}&gt;\frac{4^{n+1}(2n)!}{\pi^{2n+1}} \frac{1}{1+3^{-1-2n}}</Math>.
</sentence>

</para>
 
</section>
