<?xml version="1.0" encoding="UTF-8"?>
<section xml:id="C1.S1">
<title>Special Notation</title>         
<para xml:id="C1.S1.p1">

<sentence sentence-num-in-para="1" sentence-num-in-section="1" xml:id="C1.S1.p1.s1">
(For other notation see Notation for the Special Functions.)
</sentence>

</para>

 
<para xml:id="C1.S1.p2">

<sentence sentence-num-in-para="1" sentence-num-in-section="2" sentence-num-in-table="1" xml:id="C1.S1.p2.t1.s1">
<Math mode="inline" xml:id="C1.S1.p2.t1.r1.m1">x,y</Math>
</sentence>

<sentence sentence-num-in-para="2" sentence-num-in-section="3" sentence-num-in-table="2" xml:id="C1.S1.p2.t1.s2">
real variables.
</sentence>

<sentence sentence-num-in-para="3" sentence-num-in-section="4" sentence-num-in-table="3" xml:id="C1.S1.p2.t1.s3">
<Math mode="inline" xml:id="C1.S1.p2.t1.r2.m1">z</Math>
</sentence>

<sentence sentence-num-in-para="4" sentence-num-in-section="5" sentence-num-in-table="4" xml:id="C1.S1.p2.t1.s4">
complex variable in §§1.2(i), 1.9–1.11, real variable in §§1.5–1.6.  
</sentence>

<sentence sentence-num-in-para="5" sentence-num-in-section="6" sentence-num-in-table="5" xml:id="C1.S1.p2.t1.s5">
<Math mode="inline" xml:id="C1.S1.p2.t1.r3.m1">w</Math>
</sentence>

<sentence sentence-num-in-para="6" sentence-num-in-section="7" sentence-num-in-table="6" xml:id="C1.S1.p2.t1.s6">
complex variable in §§1.9–1.11.  
</sentence>

<sentence sentence-num-in-para="7" sentence-num-in-section="8" sentence-num-in-table="7" xml:id="C1.S1.p2.t1.s7">
<Math mode="inline" xml:id="C1.S1.p2.t1.r4.m1">j,k,\ell</Math>
</sentence>

<sentence sentence-num-in-para="8" sentence-num-in-section="9" sentence-num-in-table="8" xml:id="C1.S1.p2.t1.s8">
integers.      
</sentence>

<sentence sentence-num-in-para="9" sentence-num-in-section="10" sentence-num-in-table="9" xml:id="C1.S1.p2.t1.s9">
<Math mode="inline" xml:id="C1.S1.p2.t1.r5.m1">m,n</Math>
</sentence>

<sentence sentence-num-in-para="10" sentence-num-in-section="11" sentence-num-in-table="10" xml:id="C1.S1.p2.t1.s10">
nonnegative integers, unless specified otherwise.    
</sentence>

<sentence sentence-num-in-para="11" sentence-num-in-section="12" sentence-num-in-table="11" xml:id="C1.S1.p2.t1.s11">
<Math mode="inline" xml:id="C1.S1.p2.t1.r6.m1">\left\langle f,g\right\rangle</Math>
</sentence>

<sentence sentence-num-in-para="12" sentence-num-in-section="13" sentence-num-in-table="12" xml:id="C1.S1.p2.t1.s12">
distribution.
</sentence>

<sentence sentence-num-in-para="13" sentence-num-in-section="14" sentence-num-in-table="13" xml:id="C1.S1.p2.t1.s13">
<Math mode="inline" xml:id="C1.S1.p2.t1.r7.m1">\deg</Math>
</sentence>

<sentence sentence-num-in-para="14" sentence-num-in-section="15" sentence-num-in-table="14" xml:id="C1.S1.p2.t1.s14">
degree.
</sentence>

<sentence sentence-num-in-para="15" sentence-num-in-section="16" sentence-num-in-table="15" xml:id="C1.S1.p2.t1.s15">
primes
</sentence>

<sentence sentence-num-in-para="16" sentence-num-in-section="17" sentence-num-in-table="16" xml:id="C1.S1.p2.t1.s16">
derivatives with respect to the variable, except where indicated otherwise.
</sentence>

</para>

 
</section>
