<?xml version="1.0" encoding="UTF-8"?>
<section xml:id="C1.S14">
<title>Integral Transforms</title>           
<subsection xml:id="C1.S14.SS1">
<title>Fourier Transform</title>         
 
<para xml:id="C1.S14.SS1.p1">

<sentence sentence-num-in-para="1" sentence-num-in-section="1" xml:id="C1.S14.SS1.p1.s1">
The Fourier transform of a real- or complex-valued function <Math mode="inline" xml:id="C1.S14.SS1.p1.m1">f(t)</Math> is defined by <Math equation-number="1.14.1" mode="display" xml:id="C1.S14.E1">\mathscr{F}\left(f\right)\left(x\right)=\mathscr{F}\mskip-3.0mu f\mskip 3.0mu \left(x\right)=\frac{1}{\sqrt{2\pi}}\int^{\infty}_{-\infty}f(t)e^{ixt}\mathrm{ d}t</Math>.
</sentence>

<sentence sentence-num-in-para="2" sentence-num-in-section="2" xml:id="C1.S14.SS1.p1.s2">
(Some references replace <Math mode="inline" xml:id="C1.S14.SS1.p1.m2">ixt</Math> by <Math mode="inline" xml:id="C1.S14.SS1.p1.m3">-ixt</Math> ).
</sentence>

<sentence sentence-num-in-para="3" sentence-num-in-section="3" xml:id="C1.S14.SS1.p1.s3">
The same notation <Math mode="inline" xml:id="C1.S14.SS1.p1.m4">\mathscr{F}</Math> is used for Fourier transforms of functionsof several variables and for Fourier transforms of distributions; see §1.16(vii).
</sentence>

</para>
 
<para xml:id="C1.S14.SS1.p2">

<sentence sentence-num-in-para="1" sentence-num-in-section="4" xml:id="C1.S14.SS1.p2.s1">
In this subsection we let <Math mode="inline" xml:id="C1.S14.SS1.p2.m1">F(x)=\mathscr{F}\left(f\right)\left(x\right)</Math>.
</sentence>

</para>
 
<para xml:id="C1.S14.SS1.p3">

<sentence sentence-num-in-para="1" sentence-num-in-section="5" xml:id="C1.S14.SS1.p3.s1">
If <Math mode="inline" xml:id="C1.S14.SS1.p3.m1">f(t)</Math> is absolutely integrable on <Math mode="inline" xml:id="C1.S14.SS1.p3.m2">(-\infty,\infty)</Math> , then <Math mode="inline" xml:id="C1.S14.SS1.p3.m3">F(x)</Math> is continuous, <Math mode="inline" xml:id="C1.S14.SS1.p3.m4">F(x)\to 0</Math> as <Math mode="inline" xml:id="C1.S14.SS1.p3.m5">x\to\pm\infty</Math> , and <Math equation-number="1.14.2" mode="display" xml:id="C1.S14.E2">|F(x)|\leq\frac{1}{\sqrt{2\pi}}\int^{\infty}_{-\infty}|f(t)|\mathrm{d}t</Math>.
</sentence>

</para>
 
<paragraph xml:id="C1.S14.Px1">
<title>Inversion</title>    
<para xml:id="C1.S14.Px1.p1">

<sentence sentence-num-in-para="1" sentence-num-in-section="6" xml:id="C1.S14.Px1.p1.s1">
Suppose that <Math mode="inline" xml:id="C1.S14.Px1.p1.m1">f(t)</Math> is absolutely integrable on <Math mode="inline" xml:id="C1.S14.Px1.p1.m2">(-\infty,\infty)</Math> and of bounded variation in a neighborhood of <Math mode="inline" xml:id="C1.S14.Px1.p1.m3">t=u</Math> (§1.4(v)).
</sentence>

<sentence sentence-num-in-para="2" sentence-num-in-section="7" xml:id="C1.S14.Px1.p1.s2">
Then <Math equation-number="1.14.3" mode="display" xml:id="C1.S14.E3">\tfrac{1}{2}(f(u+)+f(u-))=\frac{1}{\sqrt{2\pi}}\pvint^{\infty}_{-\infty}F(x)e^ {-ixu}\mathrm{d}x,</Math> where the last integral denotes the Cauchy principal value (1.4.25).
</sentence>

</para>
 
<para xml:id="C1.S14.Px1.p2">

<sentence sentence-num-in-para="1" sentence-num-in-section="8" xml:id="C1.S14.Px1.p2.s1">
In many applications <Math mode="inline" xml:id="C1.S14.Px1.p2.m1">f(t)</Math> is absolutely integrable and <Math mode="inline" xml:id="C1.S14.Px1.p2.m2">f^{\prime}(t)</Math> is continuous on <Math mode="inline" xml:id="C1.S14.Px1.p2.m3">(-\infty,\infty)</Math>.
</sentence>

<sentence sentence-num-in-para="2" sentence-num-in-section="9" xml:id="C1.S14.Px1.p2.s2">
Then <Math equation-number="1.14.4" mode="display" xml:id="C1.S14.E4">f(t)=\frac{1}{\sqrt{2\pi}}\int^{\infty}_{-\infty}F(x)e^{-ixt}\mathrm{d}x</Math>.
</sentence>

</para>
 
</paragraph>
 
<paragraph xml:id="C1.S14.Px2">
<title>Convolution</title>    
<para xml:id="C1.S14.Px2.p1">

<sentence sentence-num-in-para="1" sentence-num-in-section="10" xml:id="C1.S14.Px2.p1.s1">
For Fourier transforms, the convolution <Math mode="inline" xml:id="C1.S14.Px2.p1.m1">(f*g)(t)</Math> of two functions <Math mode="inline" xml:id="C1.S14.Px2.p1.m2">f(t)</Math> and <Math mode="inline" xml:id="C1.S14.Px2.p1.m3">g(t)</Math> defined on <Math mode="inline" xml:id="C1.S14.Px2.p1.m4">(-\infty,\infty)</Math> is given by <Math equation-number="1.14.5" mode="display" xml:id="C1.S14.E5">(f*g)(t)=\frac{1}{\sqrt{2\pi}}\int^{\infty}_{-\infty}f(t-s)g(s)\mathrm{d}s</Math>.
</sentence>

<sentence sentence-num-in-para="2" sentence-num-in-section="11" xml:id="C1.S14.Px2.p1.s2">
If <Math mode="inline" xml:id="C1.S14.Px2.p1.m5">f(t)</Math> and <Math mode="inline" xml:id="C1.S14.Px2.p1.m6">g(t)</Math> are absolutely integrable on <Math mode="inline" xml:id="C1.S14.Px2.p1.m7">(-\infty,\infty)</Math> , then so is <Math mode="inline" xml:id="C1.S14.Px2.p1.m8">(f*g)(t)</Math> , and its Fourier transform is <Math mode="inline" xml:id="C1.S14.Px2.p1.m9">F(x)G(x)</Math> , where <Math mode="inline" xml:id="C1.S14.Px2.p1.m10">G(x)</Math> is the Fourier transform of <Math mode="inline" xml:id="C1.S14.Px2.p1.m11">g(t)</Math>.
</sentence>

</para>
 
</paragraph>
 
<paragraph xml:id="C1.S14.Px3">
<title>Parseval’s Formula</title>     
<para xml:id="C1.S14.Px3.p1">

<sentence sentence-num-in-para="1" sentence-num-in-section="12" xml:id="C1.S14.Px3.p1.s1">
Suppose <Math mode="inline" xml:id="C1.S14.Px3.p1.m1">f(t)</Math> and <Math mode="inline" xml:id="C1.S14.Px3.p1.m2">g(t)</Math> are absolutely integrable on <Math mode="inline" xml:id="C1.S14.Px3.p1.m3">(-\infty,\infty)</Math> , then <Math equation-number="1.14.6" mode="display" xml:id="C1.S14.E6">(f*g)(t)=\frac{1}{\sqrt{2\pi}}\int^{\infty}_{-\infty}F(x)G(x)e^{-itx}\mathrm{d }x,</Math> <Math equation-number="1.14.7" mode="display" xml:id="C1.S14.E7">\int^{\infty}_{-\infty}F(x)G(x)\mathrm{d}x=\int^{\infty}_{-\infty}f(t)g(-t) \mathrm{d}t,</Math> <Math equation-number="1.14.8" mode="display" xml:id="C1.S14.E8">\int^{\infty}_{-\infty}|F(x)|^{2}\mathrm{d}x=\int^{\infty}_{-\infty}|f(t)|^{2} \mathrm{d}t</Math>.
</sentence>

<sentence sentence-num-in-para="2" sentence-num-in-section="13" xml:id="C1.S14.Px3.p1.s2">
(1.14.8) is Parseval’s formula.
</sentence>

</para>
 
</paragraph>
 
<paragraph xml:id="C1.S14.Px4">
<title>Uniqueness</title>    
<para xml:id="C1.S14.Px4.p1">

<sentence sentence-num-in-para="1" sentence-num-in-section="14" xml:id="C1.S14.Px4.p1.s1">
If <Math mode="inline" xml:id="C1.S14.Px4.p1.m1">f(t)</Math> and <Math mode="inline" xml:id="C1.S14.Px4.p1.m2">g(t)</Math> are continuous and absolutely integrable on <Math mode="inline" xml:id="C1.S14.Px4.p1.m3">(-\infty,\infty)</Math> , and <Math mode="inline" xml:id="C1.S14.Px4.p1.m4">F(x)=G(x)</Math> for all <Math mode="inline" xml:id="C1.S14.Px4.p1.m5">x</Math> , then <Math mode="inline" xml:id="C1.S14.Px4.p1.m6">f(t)=g(t)</Math> for all <Math mode="inline" xml:id="C1.S14.Px4.p1.m7">t</Math>.
</sentence>

</para>
 
</paragraph>
 
</subsection>
 
<subsection xml:id="C1.S14.SS2">
<title>Fourier Cosine and Sine Transforms</title>         
<para xml:id="C1.S14.SS2.p1">

<sentence sentence-num-in-para="1" sentence-num-in-section="15" xml:id="C1.S14.SS2.p1.s1">
The Fourier cosine transform and Fourier sine transform are defined respectively by <Math equation-number="1.14.9" mode="display" xml:id="C1.S14.E9">\mathscr{F}_{\mskip-3.0mu c}\left(f\right)\left(x\right)=\mathscr{F}_{\mskip-3 .0mu c}\mskip-1.0mu f\mskip 3.0mu \left(x\right)=\sqrt{\frac{2}{\pi}}\int^{ \infty}_{0}f(t)\cos\left(xt\right)\mathrm{d}t,</Math> , <Math equation-number="1.14.10" mode="display" xml:id="C1.S14.E10">\mathscr{F}_{\mskip-2.0mu s}\left(f\right)\left(x\right)=\mathscr{F}_{\mskip-2 .0mu s}\mskip-1.0mu f\mskip 3.0mu \left(x\right)=\sqrt{\frac{2}{\pi}}\int^{ \infty}_{0}f(t)\sin\left(xt\right)\mathrm{d}t</Math>.
</sentence>

<sentence sentence-num-in-para="2" sentence-num-in-section="16" xml:id="C1.S14.SS2.p1.s2">
In this subsection we let <Math mode="inline" xml:id="C1.S14.SS2.p1.m1">F_{c}(x)=\mathscr{F}_{\mskip-3.0mu c}\mskip-1.0mu f\mskip 3.0mu \left(x\right)</Math> , <Math mode="inline" xml:id="C1.S14.SS2.p1.m2">F_{s}(x)=\mathscr{F}_{\mskip-2.0mu s}\mskip-1.0mu f\mskip 3.0mu \left(x\right)</Math> , <Math mode="inline" xml:id="C1.S14.SS2.p1.m3">G_{c}(x)=\mathscr{F}_{\mskip-3.0mu c}\mskip-1.0mu g\mskip 3.0mu \left(x\right)</Math> , and <Math mode="inline" xml:id="C1.S14.SS2.p1.m4">G_{s}(x)=\mathscr{F}_{\mskip-2.0mu s}\mskip-1.0mu g\mskip 3.0mu \left(x\right)</Math>.
</sentence>

</para>
 
<paragraph xml:id="C1.S14.Px5">
<title>Inversion</title>    
<para xml:id="C1.S14.Px5.p1">

<sentence sentence-num-in-para="1" sentence-num-in-section="17" xml:id="C1.S14.Px5.p1.s1">
If <Math mode="inline" xml:id="C1.S14.Px5.p1.m1">f(t)</Math> is absolutely integrable on <Math mode="inline" xml:id="C1.S14.Px5.p1.m2">[0,\infty)</Math> and of bounded variation (§1.4(v)) in a neighborhood of <Math mode="inline" xml:id="C1.S14.Px5.p1.m3">t=u</Math> , then <Math equation-number="1.14.11" mode="display" xml:id="C1.S14.E11">\tfrac{1}{2}(f(u+)+f(u-))=\sqrt{\frac{2}{\pi}}\int^{\infty}_{0}F_{c}(x)\cos \left(ux\right)\mathrm{d}x,</Math> , <Math equation-number="1.14.12" mode="display" xml:id="C1.S14.E12">\tfrac{1}{2}(f(u+)+f(u-))=\sqrt{\frac{2}{\pi}}\int^{\infty}_{0}F_{s}(x)\sin \left(ux\right)\mathrm{d}x</Math>.
</sentence>

</para>
 
</paragraph>
 
<paragraph xml:id="C1.S14.Px6">
<title>Parseval’s Formula</title>    
 
<para xml:id="C1.S14.Px6.p1">

<sentence sentence-num-in-para="1" sentence-num-in-section="18" xml:id="C1.S14.Px6.p1.s1">
If <Math mode="inline" xml:id="C1.S14.Px6.p1.m1">\int^{\infty}_{0}|f(t)|\mathrm{d}t&lt;\infty</Math> , <Math mode="inline" xml:id="C1.S14.Px6.p1.m2">g(t)</Math> is of bounded variation on <Math mode="inline" xml:id="C1.S14.Px6.p1.m3">(0,\infty)</Math> and <Math mode="inline" xml:id="C1.S14.Px6.p1.m4">g(t)\to 0</Math> as <Math mode="inline" xml:id="C1.S14.Px6.p1.m5">t\to\infty</Math> , then <Math equation-number="1.14.13" mode="display" xml:id="C1.S14.E13">\int^{\infty}_{0}F_{c}(x)G_{c}(x)\mathrm{d}x=\int^{\infty}_{0}f(t)g(t)\mathrm{ d}t,</Math> , <Math equation-number="1.14.14" mode="display" xml:id="C1.S14.E14">\int^{\infty}_{0}F_{s}(x)G_{s}(x)\mathrm{d}x=\int^{\infty}_{0}f(t)g(t)\mathrm{ d}t,</Math> <Math equation-number="1.14.15" mode="display" xml:id="C1.S14.E15">\int^{\infty}_{0}(F_{c}(x))^{2}\mathrm{d}x=\int^{\infty}_{0}(f(t))^{2}\mathrm{ d}t,</Math> , <Math equation-number="1.14.16" mode="display" xml:id="C1.S14.E16">\int^{\infty}_{0}(F_{s}(x))^{2}\mathrm{d}x=\int^{\infty}_{0}(f(t))^{2}\mathrm{ d}t</Math>.
</sentence>

</para>
 
</paragraph>
 
</subsection>
 
<subsection xml:id="C1.S14.SS3">
<title>Laplace Transform</title>           
<para xml:id="C1.S14.SS3.p1">

<sentence sentence-num-in-para="1" sentence-num-in-section="19" xml:id="C1.S14.SS3.p1.s1">
Suppose <Math mode="inline" xml:id="C1.S14.SS3.p1.m1">f(t)</Math> is a real- or complex-valued function and <Math mode="inline" xml:id="C1.S14.SS3.p1.m2">s</Math> is a real or complex parameter.
</sentence>

<sentence sentence-num-in-para="2" sentence-num-in-section="20" xml:id="C1.S14.SS3.p1.s2">
The Laplace transform of <Math mode="inline" xml:id="C1.S14.SS3.p1.m3">f</Math> is defined by <Math equation-number="1.14.17" mode="display" xml:id="C1.S14.E17">\mathscr{L}\left(f\right)\left(s\right)=\mathscr{L}\mskip-3.0mu f\mskip 3.0mu \left(s\right)=\int^{\infty}_{0}e^{-st}f(t)\mathrm{d}t</Math>.
</sentence>

</para>
 
<paragraph xml:id="C1.S14.Px7">
<title>Convergence and Analyticity</title>    
 
<para xml:id="C1.S14.Px7.p1">

<sentence sentence-num-in-para="1" sentence-num-in-section="21" xml:id="C1.S14.Px7.p1.s1">
Assume that <Math mode="inline" xml:id="C1.S14.Px7.p1.m1">f(t)</Math> is piecewise continuous on <Math mode="inline" xml:id="C1.S14.Px7.p1.m2">[0,\infty)</Math> and ofexponential growth, that is, constants <Math mode="inline" xml:id="C1.S14.Px7.p1.m3">M</Math> and <Math mode="inline" xml:id="C1.S14.Px7.p1.m4">\alpha</Math> exist such that <Math equation-number="1.14.18" mode="display" xml:id="C1.S14.E18">|f(t)|\leq Me^{\alpha t}, if 0\leq t&lt;\infty</Math>.
</sentence>

<sentence sentence-num-in-para="2" sentence-num-in-section="22" xml:id="C1.S14.Px7.p1.s2">
Then <Math mode="inline" xml:id="C1.S14.Px7.p1.m5">\mathscr{L}\mskip-3.0mu f\mskip 3.0mu \left(s\right)</Math> is an analytic function of <Math mode="inline" xml:id="C1.S14.Px7.p1.m6">s</Math> for <Math mode="inline" xml:id="C1.S14.Px7.p1.m7">\Re s&gt;\alpha</Math>.
</sentence>

<sentence sentence-num-in-para="3" sentence-num-in-section="23" xml:id="C1.S14.Px7.p1.s3">
Moreover, <Math equation-number="1.14.19" mode="display" xml:id="C1.S14.E19">\mathscr{L}\mskip-3.0mu f\mskip 3.0mu \left(s\right)\to 0, if \Re s\to\infty</Math>.
</sentence>

</para>
 
<para xml:id="C1.S14.Px7.p2">

<sentence sentence-num-in-para="1" sentence-num-in-section="24" xml:id="C1.S14.Px7.p2.s1">
Throughout the remainder of this subsection we assume (1.14.18) is satisfied and <Math mode="inline" xml:id="C1.S14.Px7.p2.m1">\Re s&gt;\alpha</Math>.
</sentence>

</para>
 
</paragraph>
 
<paragraph xml:id="C1.S14.Px8">
<title>Inversion</title>    
<para xml:id="C1.S14.Px8.p1">

<sentence sentence-num-in-para="1" sentence-num-in-section="25" xml:id="C1.S14.Px8.p1.s1">
If <Math mode="inline" xml:id="C1.S14.Px8.p1.m1">f(t)</Math> is continuous and <Math mode="inline" xml:id="C1.S14.Px8.p1.m2">f^{\prime}(t)</Math> is piecewise continuous on <Math mode="inline" xml:id="C1.S14.Px8.p1.m3">[0,\infty)</Math> , then <Math equation-number="1.14.20" mode="display" xml:id="C1.S14.E20">f(t)=\frac{1}{2\pi i}\lim_{T\to\infty}\int^{\sigma+iT}_{\sigma-iT}e^{ts} \mathscr{L}\mskip-3.0mu f\mskip 3.0mu \left(s\right)\mathrm{d}s, if \sigma&gt;\alpha</Math>.
</sentence>

<sentence sentence-num-in-para="2" sentence-num-in-section="26" xml:id="C1.S14.Px8.p1.s2">
Moreover, if <Math mode="inline" xml:id="C1.S14.Px8.p1.m4">\mathscr{L}\mskip-3.0mu f\mskip 3.0mu \left(s\right)=O\left(s^{-K}\right)</Math> in some half-plane <Math mode="inline" xml:id="C1.S14.Px8.p1.m5">\Re s\geq\gamma</Math> and <Math mode="inline" xml:id="C1.S14.Px8.p1.m6">K&gt;1</Math> , then (1.14.20) holds for <Math mode="inline" xml:id="C1.S14.Px8.p1.m7">\sigma&gt;\gamma</Math>.
</sentence>

</para>
 
</paragraph>
 
<paragraph xml:id="C1.S14.Px9">
<title>Translation</title>    
<para xml:id="C1.S14.Px9.p1">

<sentence sentence-num-in-para="1" sentence-num-in-section="27" xml:id="C1.S14.Px9.p1.s1">
If <Math mode="inline" xml:id="C1.S14.Px9.p1.m1">\Re s&gt;\max(\Re(a+\alpha),\alpha)</Math> , then <Math equation-number="1.14.21" mode="display" xml:id="C1.S14.E21">\mathscr{L}\mskip-3.0mu f\mskip 3.0mu \left(s-a\right)=\mathscr{L}\mskip-3.0mu f_{a}\mskip 3.0mu \left(s\right),</Math> where <Math mode="inline" xml:id="C1.S14.Px9.p1.m2">f_{a}(t)=e^{at}f(t)</Math>.
</sentence>

<sentence sentence-num-in-para="2" sentence-num-in-section="28" xml:id="C1.S14.Px9.p1.s2">
Also, if <Math mode="inline" xml:id="C1.S14.Px9.p1.m3">a\geq 0</Math> then <Math equation-number="1.14.22" mode="display" xml:id="C1.S14.E22">\mathscr{L}\mskip-3.0mu f_{a}^{+}\mskip 3.0mu \left(s\right)=e^{-as}\mathscr{L }\mskip-3.0mu f\mskip 3.0mu \left(s\right),</Math> where <Math mode="inline" xml:id="C1.S14.Px9.p1.m4">f^{+}_{a}(t)=H\left(t-a\right)f(t-a)</Math> and <Math mode="inline" xml:id="C1.S14.Px9.p1.m5">H</Math> is the Heaviside function; see (1.16.13).
</sentence>

</para>
 
</paragraph>
 
<paragraph xml:id="C1.S14.Px10">
<title>Differentiation and Integration</title>  
   
<para xml:id="C1.S14.Px10.p1">

<sentence sentence-num-in-para="1" sentence-num-in-section="29" xml:id="C1.S14.Px10.p1.s1">
If <Math mode="inline" xml:id="C1.S14.Px10.p1.m1">f(t)</Math> is piecewise continuous, then <Math equation-number="1.14.23" mode="display" xml:id="C1.S14.E23">{(-1)}^{n}\frac{{\mathrm{d}}^{n}}{{\mathrm{d}s}^{n}}\mathscr{L}\mskip-3.0mu f \mskip 3.0mu \left(s\right)=\mathscr{L}\mskip-3.0mu f_{n}\mskip 3.0mu \left(s \right), if n=1,2,3,\dots,</Math> where <Math mode="inline" xml:id="C1.S14.Px10.p1.m2">f_{n}(t)=t^{n}f(t)</Math>.
</sentence>

<sentence sentence-num-in-para="2" sentence-num-in-section="30" xml:id="C1.S14.Px10.p1.s2">
If also <Math mode="inline" xml:id="C1.S14.Px10.p1.m3">\lim_{t\to 0+}f(t)/t</Math> exists, then <Math equation-number="1.14.24" mode="display" xml:id="C1.S14.E24">\int^{\infty}_{s}\mathscr{L}\mskip-3.0mu f\mskip 3.0mu \left(u\right)\mathrm{d }u=\mathscr{L}\mskip-3.0mu f_{-1}\mskip 3.0mu \left(s\right),</Math> where <Math mode="inline" xml:id="C1.S14.Px10.p1.m4">f_{-1}(t)=\frac{f(t)}{t}</Math>.
</sentence>

</para>
 
</paragraph>
 
<paragraph xml:id="C1.S14.Px11">
<title>Periodic Functions</title>    
<para xml:id="C1.S14.Px11.p1">

<sentence sentence-num-in-para="1" sentence-num-in-section="31" xml:id="C1.S14.Px11.p1.s1">
If <Math mode="inline" xml:id="C1.S14.Px11.p1.m1">a&gt;0</Math> and <Math mode="inline" xml:id="C1.S14.Px11.p1.m2">f(t+a)=f(t)</Math> for <Math mode="inline" xml:id="C1.S14.Px11.p1.m3">t&gt;0</Math> , then <Math equation-number="1.14.25" mode="display" xml:id="C1.S14.E25">\mathscr{L}\mskip-3.0mu f\mskip 3.0mu \left(s\right)=\frac{1}{1-e^{-as}}\int^{ a}_{0}e^{-st}f(t)\mathrm{d}t</Math>.
</sentence>

<sentence sentence-num-in-para="2" sentence-num-in-section="32" xml:id="C1.S14.Px11.p1.s2">
Alternatively if <Math mode="inline" xml:id="C1.S14.Px11.p1.m4">f(t+a)=-f(t)</Math> for <Math mode="inline" xml:id="C1.S14.Px11.p1.m5">t&gt;0</Math> , then <Math equation-number="1.14.26" mode="display" xml:id="C1.S14.E26">\mathscr{L}\mskip-3.0mu f\mskip 3.0mu \left(s\right)=\frac{1}{1+e^{-as}}\int^{ a}_{0}e^{-st}f(t)\mathrm{d}t</Math>.
</sentence>

</para>
 
</paragraph>
 
<paragraph xml:id="C1.S14.Px12">
<title>Derivatives</title>    
<para xml:id="C1.S14.Px12.p1">

<sentence sentence-num-in-para="1" sentence-num-in-section="33" xml:id="C1.S14.Px12.p1.s1">
If <Math mode="inline" xml:id="C1.S14.Px12.p1.m1">f(t)</Math> is continuous on <Math mode="inline" xml:id="C1.S14.Px12.p1.m2">[0,\infty)</Math> and <Math mode="inline" xml:id="C1.S14.Px12.p1.m3">f^{\prime}(t)</Math> is piecewise continuous on <Math mode="inline" xml:id="C1.S14.Px12.p1.m4">(0,\infty)</Math> , then <Math equation-number="1.14.27" mode="display" xml:id="C1.S14.E27">\mathscr{L}\left(f^{\prime}\right)\left(s\right)=s\mathscr{L}\left(f\right) \left(s\right)-f(0+)</Math>.
</sentence>

</para>
 
<para xml:id="C1.S14.Px12.p2">

<sentence sentence-num-in-para="1" sentence-num-in-section="34" xml:id="C1.S14.Px12.p2.s1">
If <Math mode="inline" xml:id="C1.S14.Px12.p2.m1">f(t)</Math> and <Math mode="inline" xml:id="C1.S14.Px12.p2.m2">f^{\prime}(t)</Math> are piecewise continuous on <Math mode="inline" xml:id="C1.S14.Px12.p2.m3">[0,\infty)</Math> with discontinuities at ( <Math mode="inline" xml:id="C1.S14.Px12.p2.m4">0=</Math> ) <Math mode="inline" xml:id="C1.S14.Px12.p2.m5">t_{0}&lt;t_{1}&lt;\cdots&lt;t_{n}</Math> , then <Math equation-number="1.14.28" mode="display" xml:id="C1.S14.E28">\mathscr{L}\left(f^{\prime}\right)\left(s\right)=s\mathscr{L}\left(f\right) \left(s\right)-f(0+)-\sum^{n}_{k=1}e^{-st_{k}}(f(t_{k}+)-f(t_{k}-))</Math>.
</sentence>

</para>
 
<para xml:id="C1.S14.Px12.p3">

<sentence sentence-num-in-para="1" sentence-num-in-section="35" xml:id="C1.S14.Px12.p3.s1">
Next, assume <Math mode="inline" xml:id="C1.S14.Px12.p3.m1">f(t)</Math> , <Math mode="inline" xml:id="C1.S14.Px12.p3.m2">f^{\prime}(t)</Math> , <Math mode="inline" xml:id="C1.S14.Px12.p3.m3">\dots</Math> , <Math mode="inline" xml:id="C1.S14.Px12.p3.m4">f^{(n-1)}(t)</Math> are continuous and each satisfies (1.14.18).
</sentence>

<sentence sentence-num-in-para="2" sentence-num-in-section="36" xml:id="C1.S14.Px12.p3.s2">
Also assume that <Math mode="inline" xml:id="C1.S14.Px12.p3.m5">f^{(n)}(t)</Math> is piecewise continuous on <Math mode="inline" xml:id="C1.S14.Px12.p3.m6">[0,\infty)</Math>.
</sentence>

<sentence sentence-num-in-para="3" sentence-num-in-section="37" xml:id="C1.S14.Px12.p3.s3">
Then <Math equation-number="1.14.29" mode="display" xml:id="C1.S14.E29">\mathscr{L}\left(f^{(n)}\right)\left(s\right)=s^{n}\mathscr{L}\left(f\right) \left(s\right)-s^{n-1}f(0+)-s^{n-2}f^{\prime}(0+)-\dots-f^{(n-1)}(0+)</Math>.
</sentence>

</para>
 
</paragraph>
 
<paragraph xml:id="C1.S14.Px13">
<title>Convolution</title>    
<para xml:id="C1.S14.Px13.p1">

<sentence sentence-num-in-para="1" sentence-num-in-section="38" xml:id="C1.S14.Px13.p1.s1">
For Laplace transforms, the convolution of two functions <Math mode="inline" xml:id="C1.S14.Px13.p1.m1">f(t)</Math> and <Math mode="inline" xml:id="C1.S14.Px13.p1.m2">g(t)</Math> , defined on <Math mode="inline" xml:id="C1.S14.Px13.p1.m3">[0,\infty)</Math> , is <Math equation-number="1.14.30" mode="display" xml:id="C1.S14.E30">(f*g)(t)=\int^{t}_{0}f(u)g(t-u)\mathrm{d}u</Math>.
</sentence>

<sentence sentence-num-in-para="2" sentence-num-in-section="39" xml:id="C1.S14.Px13.p1.s2">
If <Math mode="inline" xml:id="C1.S14.Px13.p1.m4">f(t)</Math> and <Math mode="inline" xml:id="C1.S14.Px13.p1.m5">g(t)</Math> are piecewise continuous, then <Math equation-number="1.14.31" mode="display" xml:id="C1.S14.E31">\mathscr{L}\left(f*g\right)=\mathscr{L}\left(f\right)\mathscr{L}\left(g\right)</Math>.
</sentence>

</para>
 
</paragraph>
 
<paragraph xml:id="C1.S14.Px14">
<title>Uniqueness</title>    
<para xml:id="C1.S14.Px14.p1">

<sentence sentence-num-in-para="1" sentence-num-in-section="40" xml:id="C1.S14.Px14.p1.s1">
If <Math mode="inline" xml:id="C1.S14.Px14.p1.m1">f(t)</Math> and <Math mode="inline" xml:id="C1.S14.Px14.p1.m2">g(t)</Math> are continuous and <Math mode="inline" xml:id="C1.S14.Px14.p1.m3">\mathscr{L}\mskip-3.0mu f\mskip 3.0mu \left(s\right)=\mathscr{L}\mskip-3.0mu g \mskip 3.0mu \left(s\right)</Math> , then <Math mode="inline" xml:id="C1.S14.Px14.p1.m4">f(t)=g(t)</Math>.
</sentence>

</para>
 
</paragraph>
 
</subsection>
 
<subsection xml:id="C1.S14.SS4">
<title>Mellin Transform</title>          
<para xml:id="C1.S14.SS4.p1">

<sentence sentence-num-in-para="1" sentence-num-in-section="41" xml:id="C1.S14.SS4.p1.s1">
The Mellin transform of a real- or complex-valued function <Math mode="inline" xml:id="C1.S14.SS4.p1.m1">f(x)</Math> is defined by <Math equation-number="1.14.32" mode="display" xml:id="C1.S14.E32">\mathscr{M}\left(f\right)\left(s\right)=\mathscr{M}\mskip-3.0mu f\mskip 3.0mu \left(s\right)=\int^{\infty}_{0}x^{s-1}f(x)\mathrm{d}x</Math>.
</sentence>

</para>
  
<para xml:id="C1.S14.SS4.p2">

<sentence sentence-num-in-para="1" sentence-num-in-section="42" xml:id="C1.S14.SS4.p2.s1">
If <Math mode="inline" xml:id="C1.S14.SS4.p2.m1">x^{\sigma-1}f(x)</Math> is integrable on <Math mode="inline" xml:id="C1.S14.SS4.p2.m2">(0,\infty)</Math> for all <Math mode="inline" xml:id="C1.S14.SS4.p2.m3">\sigma</Math> in <Math mode="inline" xml:id="C1.S14.SS4.p2.m4">a&lt;\sigma&lt;b</Math> , then the integral (1.14.32) converges and <Math mode="inline" xml:id="C1.S14.SS4.p2.m5">\mathscr{M}\mskip-3.0mu f\mskip 3.0mu \left(s\right)</Math> is an analytic function of <Math mode="inline" xml:id="C1.S14.SS4.p2.m6">s</Math> in the vertical strip <Math mode="inline" xml:id="C1.S14.SS4.p2.m7">a&lt;\Re s&lt;b</Math>.
</sentence>

<sentence sentence-num-in-para="2" sentence-num-in-section="43" xml:id="C1.S14.SS4.p2.s2">
Moreover, for <Math mode="inline" xml:id="C1.S14.SS4.p2.m8">a&lt;\sigma&lt;b</Math> , <Math equation-number="1.14.33" mode="display" xml:id="C1.S14.E33">\lim_{t\to\pm\infty}\mathscr{M}\mskip-3.0mu f\mskip 3.0mu \left(\sigma+it \right)=0</Math>.
</sentence>

</para>
 
<para xml:id="C1.S14.SS4.p3">

<sentence sentence-num-in-para="1" sentence-num-in-section="44" xml:id="C1.S14.SS4.p3.s1">
Note: If <Math mode="inline" xml:id="C1.S14.SS4.p3.m1">f(x)</Math> is continuous and <Math mode="inline" xml:id="C1.S14.SS4.p3.m2">\alpha</Math> and <Math mode="inline" xml:id="C1.S14.SS4.p3.m3">\beta</Math> are real numbers such that <Math mode="inline" xml:id="C1.S14.SS4.p3.m4">f(x)=O\left(x^{\alpha}\right)</Math> as <Math mode="inline" xml:id="C1.S14.SS4.p3.m5">x\to 0+</Math> and <Math mode="inline" xml:id="C1.S14.SS4.p3.m6">f(x)=O\left(x^{\beta}\right)</Math> as <Math mode="inline" xml:id="C1.S14.SS4.p3.m7">x\to\infty</Math> , then <Math mode="inline" xml:id="C1.S14.SS4.p3.m8">x^{\sigma-1}f(x)</Math> is integrable on <Math mode="inline" xml:id="C1.S14.SS4.p3.m9">(0,\infty)</Math> for all <Math mode="inline" xml:id="C1.S14.SS4.p3.m10">\sigma\in(-\alpha,-\beta)</Math>.
</sentence>

</para>
 
<paragraph xml:id="C1.S14.Px15">
<title>Inversion</title>    
<para xml:id="C1.S14.Px15.p1">

<sentence sentence-num-in-para="1" sentence-num-in-section="45" xml:id="C1.S14.Px15.p1.s1">
Suppose the integral (1.14.32) is absolutely convergent on the line <Math mode="inline" xml:id="C1.S14.Px15.p1.m1">\Re s=\sigma</Math> and <Math mode="inline" xml:id="C1.S14.Px15.p1.m2">f(x)</Math> is of bounded variation in a neighborhood of <Math mode="inline" xml:id="C1.S14.Px15.p1.m3">x=u</Math>.
</sentence>

<sentence sentence-num-in-para="2" sentence-num-in-section="46" xml:id="C1.S14.Px15.p1.s2">
Then <Math equation-number="1.14.34" mode="display" xml:id="C1.S14.E34">\tfrac{1}{2}(f(u+)+f(u-))=\frac{1}{2\pi i}\lim_{T\to\infty}\int^{\sigma+iT}_{ \sigma-iT}u^{-s}\mathscr{M}\mskip-3.0mu f\mskip 3.0mu \left(s\right)\mathrm{d}s</Math>.
</sentence>

</para>
 
<para xml:id="C1.S14.Px15.p2">

<sentence sentence-num-in-para="1" sentence-num-in-section="47" xml:id="C1.S14.Px15.p2.s1">
If <Math mode="inline" xml:id="C1.S14.Px15.p2.m1">f(x)</Math> is continuous on <Math mode="inline" xml:id="C1.S14.Px15.p2.m2">(0,\infty)</Math> and <Math mode="inline" xml:id="C1.S14.Px15.p2.m3">\mathscr{M}\mskip-3.0mu f\mskip 3.0mu \left(\sigma+it\right)</Math> is integrable on <Math mode="inline" xml:id="C1.S14.Px15.p2.m4">(-\infty,\infty)</Math> , then <Math equation-number="1.14.35" mode="display" xml:id="C1.S14.E35">f(x)=\frac{1}{2\pi i}\int^{\sigma+i\infty}_{\sigma-i\infty}x^{-s}\mathscr{M} \mskip-3.0mu f\mskip 3.0mu \left(s\right)\mathrm{d}s</Math>.
</sentence>

</para>
 
</paragraph>
 
<paragraph xml:id="C1.S14.Px16">
<title>Parseval-type Formulas</title>     
<para xml:id="C1.S14.Px16.p1">

<sentence sentence-num-in-para="1" sentence-num-in-section="48" xml:id="C1.S14.Px16.p1.s1">
Suppose <Math mode="inline" xml:id="C1.S14.Px16.p1.m1">x^{-\sigma}f(x)</Math> and <Math mode="inline" xml:id="C1.S14.Px16.p1.m2">x^{\sigma-1}g(x)</Math> are absolutely integrable on <Math mode="inline" xml:id="C1.S14.Px16.p1.m3">(0,\infty)</Math> and either <Math mode="inline" xml:id="C1.S14.Px16.p1.m4">\mathscr{M}\mskip-3.0mu g\mskip 3.0mu \left(\sigma+it\right)</Math> or <Math mode="inline" xml:id="C1.S14.Px16.p1.m5">\mathscr{M}\mskip-3.0mu f\mskip 3.0mu \left(1-\sigma-it\right)</Math> is absolutely integrable on <Math mode="inline" xml:id="C1.S14.Px16.p1.m6">(-\infty,\infty)</Math>.
</sentence>

<sentence sentence-num-in-para="2" sentence-num-in-section="49" xml:id="C1.S14.Px16.p1.s2">
Then for <Math mode="inline" xml:id="C1.S14.Px16.p1.m7">y&gt;0</Math> , <Math equation-number="1.14.36" mode="display" xml:id="C1.S14.E36">\int^{\infty}_{0}f(x)g(yx)\mathrm{d}x=\frac{1}{2\pi i}\*\int^{\sigma+i\infty}_ {\sigma-i\infty}y^{-s}\mathscr{M}\mskip-3.0mu f\mskip 3.0mu \left(1-s\right) \mathscr{M}\mskip-3.0mu g\mskip 3.0mu \left(s\right)\mathrm{d}s,</Math> <Math equation-number="1.14.37" mode="display" xml:id="C1.S14.E37">\int^{\infty}_{0}f(x)g(x)\mathrm{d}x=\frac{1}{2\pi i}\*\int^{\sigma+i\infty}_{ \sigma-i\infty}\mathscr{M}\mskip-3.0mu f\mskip 3.0mu \left(1-s\right)\mathscr{ M}\mskip-3.0mu g\mskip 3.0mu \left(s\right)\mathrm{d}s</Math>.
</sentence>

</para>
 
<para xml:id="C1.S14.Px16.p2">

<sentence sentence-num-in-para="1" sentence-num-in-section="50" xml:id="C1.S14.Px16.p2.s1">
When <Math mode="inline" xml:id="C1.S14.Px16.p2.m1">f</Math> is real and <Math mode="inline" xml:id="C1.S14.Px16.p2.m2">\sigma=\tfrac{1}{2}</Math> , <Math equation-number="1.14.38" mode="display" xml:id="C1.S14.E38">\int^{\infty}_{0}(f(x))^{2}\mathrm{d}x=\frac{1}{2\pi}\int^{\infty}_{-\infty}{ \left|\mathscr{M}\mskip-3.0mu f\mskip 3.0mu \left(\tfrac{1}{2}+it\right)\right |^{2}}\mathrm{d}t</Math>.
</sentence>

</para>
 
</paragraph>
 
<paragraph xml:id="C1.S14.Px17">
<title>Convolution</title>    
<para xml:id="C1.S14.Px17.p1">

<sentence sentence-num-in-para="1" sentence-num-in-section="51" xml:id="C1.S14.Px17.p1.s1">
Let <Math equation-number="1.14.39" mode="display" xml:id="C1.S14.E39">(f*g)(x)=\int^{\infty}_{0}f(y)g\left(\frac{x}{y}\right)\frac{\mathrm{d}y}{y}</Math>.
</sentence>

<sentence sentence-num-in-para="2" sentence-num-in-section="52" xml:id="C1.S14.Px17.p1.s2">
If <Math mode="inline" xml:id="C1.S14.Px17.p1.m1">x^{\sigma-1}f(x)</Math> and <Math mode="inline" xml:id="C1.S14.Px17.p1.m2">x^{\sigma-1}g(x)</Math> are absolutely integrable on <Math mode="inline" xml:id="C1.S14.Px17.p1.m3">(0,\infty)</Math> , then for <Math mode="inline" xml:id="C1.S14.Px17.p1.m4">s=\sigma+it</Math> , <Math equation-number="1.14.40" mode="display" xml:id="C1.S14.E40">\int^{\infty}_{0}x^{s-1}(f*g)(x)\mathrm{d}x=\mathscr{M}\mskip-3.0mu f\mskip 3. 0mu \left(s\right)\mathscr{M}\mskip-3.0mu g\mskip 3.0mu \left(s\right)</Math>.
</sentence>

</para>
 
</paragraph>
 
</subsection>
 
<subsection xml:id="C1.S14.SS5">
<title>Hilbert Transform</title>          
<para xml:id="C1.S14.SS5.p1">

<sentence sentence-num-in-para="1" sentence-num-in-section="53" xml:id="C1.S14.SS5.p1.s1">
The Hilbert transform of a real-valued function <Math mode="inline" xml:id="C1.S14.SS5.p1.m1">f(t)</Math> is defined in the following equivalent ways: <Math equation-number="1.14.41" mode="display" xml:id="C1.S14.E41">\mathcal{H}\left(f\right)\left(x\right)=\mathcal{H}\mskip-3.0mu f\mskip 3.0mu \left(x\right)=\frac{1}{\pi}\pvint^{\infty}_{-\infty}\frac{f(t)}{t-x}\mathrm{d }t,</Math> , <Math equation-number="1.14.42" mode="display" xml:id="C1.S14.E42">\mathcal{H}\mskip-3.0mu f\mskip 3.0mu \left(x\right)=\lim_{y\to 0+}\frac{1}{ \pi}\int^{\infty}_{-\infty}\frac{t-x}{(t-x)^{2}+y^{2}}f(t)\mathrm{d}t,</Math> , <Math equation-number="1.14.43" mode="display" xml:id="C1.S14.E43">\mathcal{H}\mskip-3.0mu f\mskip 3.0mu \left(x\right)=\lim_{\epsilon\to 0+} \frac{1}{\pi}\int^{\infty}_{\epsilon}\frac{f(x+t)-f(x-t)}{t}\mathrm{d}t</Math>.
</sentence>

</para>
 
<paragraph xml:id="C1.S14.Px18">
<title>Inversion</title>    
<para xml:id="C1.S14.Px18.p1">

<sentence sentence-num-in-para="1" sentence-num-in-section="54" xml:id="C1.S14.Px18.p1.s1">
Suppose <Math mode="inline" xml:id="C1.S14.Px18.p1.m1">f(t)</Math> is continuously differentiable on <Math mode="inline" xml:id="C1.S14.Px18.p1.m2">(-\infty,\infty)</Math> and vanishes outside a bounded interval.
</sentence>

<sentence sentence-num-in-para="2" sentence-num-in-section="55" xml:id="C1.S14.Px18.p1.s2">
Then <Math equation-number="1.14.44" mode="display" xml:id="C1.S14.E44">f(x)=-\frac{1}{\pi}\pvint^{\infty}_{-\infty}\frac{\mathcal{H}\mskip-3.0mu f \mskip 3.0mu \left(u\right)}{u-x}\mathrm{d}u</Math>.
</sentence>

</para>
 
</paragraph>
 
<paragraph xml:id="C1.S14.Px19">
<title>Inequalities</title>  
  
<para xml:id="C1.S14.Px19.p1">

<sentence sentence-num-in-para="1" sentence-num-in-section="56" xml:id="C1.S14.Px19.p1.s1">
If <Math mode="inline" xml:id="C1.S14.Px19.p1.m1">|f(t)|^{p}</Math> , <Math mode="inline" xml:id="C1.S14.Px19.p1.m2">p&gt;1</Math> , is integrable on <Math mode="inline" xml:id="C1.S14.Px19.p1.m3">(-\infty,\infty)</Math> , then so is <Math mode="inline" xml:id="C1.S14.Px19.p1.m4">|\mathcal{H}\mskip-3.0mu f\mskip 3.0mu \left(x\right)|^{p}</Math> and <Math equation-number="1.14.45" mode="display" xml:id="C1.S14.E45">\int^{\infty}_{-\infty}|\mathcal{H}\mskip-3.0mu f\mskip 3.0mu \left(x\right)|^ {p}\mathrm{d}x\leq A_{p}\int^{\infty}_{-\infty}|f(t)|^{p}\mathrm{d}t,</Math> where <Math mode="inline" xml:id="C1.S14.Px19.p1.m5">A_{p}=\tan\left(\tfrac{1}{2}\pi/p\right)</Math> when <Math mode="inline" xml:id="C1.S14.Px19.p1.m6">1&lt;p\leq 2</Math> , or <Math mode="inline" xml:id="C1.S14.Px19.p1.m7">\cot\left(\tfrac{1}{2}\pi/p\right)</Math> when <Math mode="inline" xml:id="C1.S14.Px19.p1.m8">p\geq 2</Math>.
</sentence>

<sentence sentence-num-in-para="2" sentence-num-in-section="57" xml:id="C1.S14.Px19.p1.s2">
These bounds are sharp, and equality holds when <Math mode="inline" xml:id="C1.S14.Px19.p1.m9">p=2</Math>.
</sentence>

</para>
 
</paragraph>
 
<paragraph xml:id="C1.S14.Px20">
<title>Fourier Transform</title>    
<para xml:id="C1.S14.Px20.p1">

<sentence sentence-num-in-para="1" sentence-num-in-section="58" xml:id="C1.S14.Px20.p1.s1">
When <Math mode="inline" xml:id="C1.S14.Px20.p1.m1">f(t)</Math> satisfies the same conditions as those for (1.14.44),
</sentence>

<sentence sentence-num-in-para="2" sentence-num-in-section="59" xml:id="C1.S14.Px20.p1.s2">
<Math equation-number="1.14.46" mode="display" xml:id="C1.S14.E46">\frac{1}{\sqrt{2\pi}}\int_{-\infty}^{\infty}\mathcal{H}\mskip-3.0mu f\mskip 3. 0mu \left(u\right)e^{iux}\mathrm{d}u=-\mathrm{i}(\operatorname{sign}x)\mathscr {F}\mskip-3.0mu f\mskip 3.0mu \left(x\right),</Math> where <Math mode="inline" xml:id="C1.S14.Px20.p1.m2">\mathscr{F}\mskip-3.0mu f\mskip 3.0mu \left(x\right)</Math> is given by (1.14.1).
</sentence>

</para>
 
</paragraph>
 
</subsection>
 
<subsection xml:id="C1.S14.SS6">
<title>Stieltjes Transform</title>          
<para xml:id="C1.S14.SS6.p1">

<sentence sentence-num-in-para="1" sentence-num-in-section="60" xml:id="C1.S14.SS6.p1.s1">
The Stieltjes transform of a real-valued function <Math mode="inline" xml:id="C1.S14.SS6.p1.m1">f(t)</Math> is defined by <Math equation-number="1.14.47" mode="display" xml:id="C1.S14.E47">\mathcal{S}\left(f\right)\left(s\right)=\mathcal{S}\mskip-3.0mu f\mskip 3.0mu \left(s\right)=\int^{\infty}_{0}\frac{f(t)}{s+t}\mathrm{d}t</Math>.
</sentence>

<sentence sentence-num-in-para="2" sentence-num-in-section="61" xml:id="C1.S14.SS6.p1.s2">
Sufficient conditions for the integral to converge are that <Math mode="inline" xml:id="C1.S14.SS6.p1.m2">s</Math> is a positive real number, and <Math mode="inline" xml:id="C1.S14.SS6.p1.m3">f(t)=O\left(t^{-\delta}\right)</Math> as <Math mode="inline" xml:id="C1.S14.SS6.p1.m4">t\to\infty</Math> , where <Math mode="inline" xml:id="C1.S14.SS6.p1.m5">\delta&gt;0</Math>.
</sentence>

</para>
 
<para xml:id="C1.S14.SS6.p2">

<sentence sentence-num-in-para="1" sentence-num-in-section="62" xml:id="C1.S14.SS6.p2.s1">
If the integral converges, then it converges uniformly in any compact domain in the complex <Math mode="inline" xml:id="C1.S14.SS6.p2.m1">s</Math> -plane not containing any point of the interval <Math mode="inline" xml:id="C1.S14.SS6.p2.m2">(-\infty,0]</Math>.
</sentence>

<sentence sentence-num-in-para="2" sentence-num-in-section="63" xml:id="C1.S14.SS6.p2.s2">
In this case, <Math mode="inline" xml:id="C1.S14.SS6.p2.m3">\mathcal{S}\mskip-3.0mu f\mskip 3.0mu \left(s\right)</Math> represents an analytic function in the <Math mode="inline" xml:id="C1.S14.SS6.p2.m4">s</Math> -plane cut along the negative real axis, and <Math equation-number="1.14.48" mode="display" xml:id="C1.S14.E48">\frac{{\mathrm{d}}^{m}}{{\mathrm{d}s}^{m}}\mathcal{S}\mskip-3.0mu f\mskip 3.0 mu \left(s\right)=(-1)^{m}m!\int^{\infty}_{0}\frac{f(t)\mathrm{d}t}{(s+t)^{m+1 }}, if m=0,1,2,\dots</Math>.
</sentence>

</para>
 
<paragraph xml:id="C1.S14.Px21">
<title>Inversion</title>  
  
<para xml:id="C1.S14.Px21.p1">

<sentence sentence-num-in-para="1" sentence-num-in-section="64" xml:id="C1.S14.Px21.p1.s1">
If <Math mode="inline" xml:id="C1.S14.Px21.p1.m1">f(t)</Math> is absolutely integrable on <Math mode="inline" xml:id="C1.S14.Px21.p1.m2">[0,R]</Math> for every finite <Math mode="inline" xml:id="C1.S14.Px21.p1.m3">R</Math> , and the integral (1.14.47) converges, then <Math equation-number="1.14.49" mode="display" xml:id="C1.S14.E49">\lim_{t\to 0+}\frac{\mathcal{S}\mskip-3.0mu f\mskip 3.0mu \left(-\sigma-it \right)-\mathcal{S}\mskip-3.0mu f\mskip 3.0mu \left(-\sigma+it\right)}{2\pi i} =\tfrac{1}{2}(f(\sigma+)+f(\sigma-)),</Math> for all values of the positive constant <Math mode="inline" xml:id="C1.S14.Px21.p1.m4">\sigma</Math> for which the right-hand side exists.
</sentence>

</para>
 
</paragraph>
 
<paragraph xml:id="C1.S14.Px22">
<title>Laplace Transform</title>    
<para xml:id="C1.S14.Px22.p1">

<sentence sentence-num-in-para="1" sentence-num-in-section="65" xml:id="C1.S14.Px22.p1.s1">
If <Math mode="inline" xml:id="C1.S14.Px22.p1.m1">f(t)</Math> is piecewise continuous on <Math mode="inline" xml:id="C1.S14.Px22.p1.m2">[0,\infty)</Math> and the integral (1.14.47) converges, then <Math equation-number="1.14.50" mode="display" xml:id="C1.S14.E50">\mathcal{S}\left(f\right)=\mathscr{L}\left(\mathscr{L}\left(f\right)\right)</Math>.
</sentence>

</para>
 
</paragraph>
 
</subsection>
 
<subsection xml:id="C1.S14.SS7">
<title>Tables</title>                 
<sentence sentence-num-in-section="66" xml:id="C1.S14.T1.s1">
Table 1.14.1: Fourier transforms.
</sentence> 
 

<sentence sentence-num-in-section="67" sentence-num-in-table="1" xml:id="C1.S14.T1.t1.s1">
<Math mode="inline" xml:id="C1.S14.T1.t1.r1.m1">f(t)</Math>
</sentence>

<sentence sentence-num-in-section="68" sentence-num-in-table="2" xml:id="C1.S14.T1.t1.s2">
<Math mode="inline" xml:id="C1.S14.T1.t1.r1.m2">\dfrac{1}{\sqrt{2\pi}}\displaystyle\int^{\infty}_{-\infty}f(t)e^{ixt}\mathrm{d}t</Math>
</sentence>

<sentence sentence-num-in-section="69" sentence-num-in-table="3" xml:id="C1.S14.T1.t1.s3">
<Math mode="inline" xml:id="C1.S14.T1.t1.r2.m1">\begin{cases}1,&amp;amp;|t|&amp;lt;a,\\ 0,&amp;amp;\mbox{otherwise}\end{cases}</Math>
</sentence>

<sentence sentence-num-in-section="70" sentence-num-in-table="4" xml:id="C1.S14.T1.t1.s4">
<Math mode="inline" xml:id="C1.S14.T1.t1.r2.m2">\displaystyle{\sqrt{\frac{2}{\pi}}\frac{\sin\left(ax\right)}{x}}</Math>
</sentence>

<sentence sentence-num-in-section="71" sentence-num-in-table="5" xml:id="C1.S14.T1.t1.s5">
<Math mode="inline" xml:id="C1.S14.T1.t1.r3.m1">e^{-a|t|}</Math>
</sentence>

<sentence sentence-num-in-section="72" sentence-num-in-table="6" xml:id="C1.S14.T1.t1.s6">
<Math mode="inline" xml:id="C1.S14.T1.t1.r3.m2">\displaystyle{\sqrt{\frac{2}{\pi}}\frac{a}{a^{2}+x^{2}}}</Math>,
</sentence>

<sentence sentence-num-in-section="73" sentence-num-in-table="7" xml:id="C1.S14.T1.t1.s7">
<Math mode="inline" xml:id="C1.S14.T1.t1.r3.m3">a&amp;gt;0</Math>
</sentence>

<sentence sentence-num-in-section="74" sentence-num-in-table="8" xml:id="C1.S14.T1.t1.s8">
<Math mode="inline" xml:id="C1.S14.T1.t1.r4.m1">te^{-a|t|}</Math>
</sentence>

<sentence sentence-num-in-section="75" sentence-num-in-table="9" xml:id="C1.S14.T1.t1.s9">
<Math mode="inline" xml:id="C1.S14.T1.t1.r4.m2">\displaystyle{\sqrt{\frac{2}{\pi}}\frac{2iax}{(a^{2}+x^{2})^{2}}}</Math>,
</sentence>

<sentence sentence-num-in-section="76" sentence-num-in-table="10" xml:id="C1.S14.T1.t1.s10">
<Math mode="inline" xml:id="C1.S14.T1.t1.r4.m3">a&amp;gt;0</Math>
</sentence>

<sentence sentence-num-in-section="77" sentence-num-in-table="11" xml:id="C1.S14.T1.t1.s11">
<Math mode="inline" xml:id="C1.S14.T1.t1.r5.m1">|t|e^{-a|t|}</Math>
</sentence>

<sentence sentence-num-in-section="78" sentence-num-in-table="12" xml:id="C1.S14.T1.t1.s12">
<Math mode="inline" xml:id="C1.S14.T1.t1.r5.m2">\displaystyle{\sqrt{\frac{2}{\pi}}\frac{a^{2}-x^{2}}{(a^{2}+x^{2})^{2}}}</Math>,
</sentence>

<sentence sentence-num-in-section="79" sentence-num-in-table="13" xml:id="C1.S14.T1.t1.s13">
<Math mode="inline" xml:id="C1.S14.T1.t1.r5.m3">a&amp;gt;0</Math>
</sentence>

<sentence sentence-num-in-section="80" sentence-num-in-table="14" xml:id="C1.S14.T1.t1.s14">
<Math mode="inline" xml:id="C1.S14.T1.t1.r6.m1">\dfrac{e^{-a|t|}}{|t|^{1/2}}</Math>
</sentence>

<sentence sentence-num-in-section="81" sentence-num-in-table="15" xml:id="C1.S14.T1.t1.s15">
<Math mode="inline" xml:id="C1.S14.T1.t1.r6.m2">\dfrac{(a+(a^{2}+x^{2})^{1/2})^{1/2}}{(a^{2}+x^{2})^{1/2}}</Math>,
</sentence>

<sentence sentence-num-in-section="82" sentence-num-in-table="16" xml:id="C1.S14.T1.t1.s16">
<Math mode="inline" xml:id="C1.S14.T1.t1.r6.m3">a&amp;gt;0</Math>
</sentence>

<sentence sentence-num-in-section="83" sentence-num-in-table="17" xml:id="C1.S14.T1.t1.s17">
<Math mode="inline" xml:id="C1.S14.T1.t1.r7.m1">\dfrac{\sinh\left(at\right)}{\sinh\left(\pi t\right)}</Math>
</sentence>

<sentence sentence-num-in-section="84" sentence-num-in-table="18" xml:id="C1.S14.T1.t1.s18">
<Math mode="inline" xml:id="C1.S14.T1.t1.r7.m2">\dfrac{1}{\sqrt{2\pi}}\dfrac{\sin a}{\cosh x+\cos a}</Math>,
</sentence>

<sentence sentence-num-in-section="85" sentence-num-in-table="19" xml:id="C1.S14.T1.t1.s19">
<Math mode="inline" xml:id="C1.S14.T1.t1.r7.m3">-\pi&amp;lt;a&amp;lt;\pi</Math>
</sentence>

<sentence sentence-num-in-section="86" sentence-num-in-table="20" xml:id="C1.S14.T1.t1.s20">
<Math mode="inline" xml:id="C1.S14.T1.t1.r8.m1">\dfrac{\cosh\left(at\right)}{\cosh\left(\pi t\right)}</Math>
</sentence>

<sentence sentence-num-in-section="87" sentence-num-in-table="21" xml:id="C1.S14.T1.t1.s21">
<Math mode="inline" xml:id="C1.S14.T1.t1.r8.m2">\sqrt{\dfrac{2}{\pi}}\dfrac{\cos\left(\frac{1}{2}a\right)\cosh\left(\frac{1}{2 }x\right)}{\cosh x+\cos a}</Math>,
</sentence>

<sentence sentence-num-in-section="88" sentence-num-in-table="22" xml:id="C1.S14.T1.t1.s22">
<Math mode="inline" xml:id="C1.S14.T1.t1.r8.m3">-\pi&amp;lt;a&amp;lt;\pi</Math>
</sentence>

<sentence sentence-num-in-section="89" sentence-num-in-table="23" xml:id="C1.S14.T1.t1.s23">
<Math mode="inline" xml:id="C1.S14.T1.t1.r9.m1">e^{-at^{2}}</Math>
</sentence>

<sentence sentence-num-in-section="90" sentence-num-in-table="24" xml:id="C1.S14.T1.t1.s24">
<Math mode="inline" xml:id="C1.S14.T1.t1.r9.m2">\dfrac{1}{\sqrt{2a}}e^{-x^{2}/(4a)}</Math>,
</sentence>

<sentence sentence-num-in-section="91" sentence-num-in-table="25" xml:id="C1.S14.T1.t1.s25">
<Math mode="inline" xml:id="C1.S14.T1.t1.r9.m3">a&amp;gt;0</Math>
</sentence>

<sentence sentence-num-in-section="92" sentence-num-in-table="26" xml:id="C1.S14.T1.t1.s26">
<Math mode="inline" xml:id="C1.S14.T1.t1.r10.m1">\sin\left(at^{2}\right)</Math>
</sentence>

<sentence sentence-num-in-section="93" sentence-num-in-table="27" xml:id="C1.S14.T1.t1.s27">
<Math mode="inline" xml:id="C1.S14.T1.t1.r10.m2">-\dfrac{1}{\sqrt{2a}}\sin\left(\dfrac{x^{2}}{4a}-\dfrac{\pi}{4}\right)</Math>,
</sentence>

<sentence sentence-num-in-section="94" sentence-num-in-table="28" xml:id="C1.S14.T1.t1.s28">
<Math mode="inline" xml:id="C1.S14.T1.t1.r10.m3">a&amp;gt;0</Math>
</sentence>

<sentence sentence-num-in-section="95" sentence-num-in-table="29" xml:id="C1.S14.T1.t1.s29">
<Math mode="inline" xml:id="C1.S14.T1.t1.r11.m1">\cos\left(at^{2}\right)</Math>
</sentence>

<sentence sentence-num-in-section="96" sentence-num-in-table="30" xml:id="C1.S14.T1.t1.s30">
<Math mode="inline" xml:id="C1.S14.T1.t1.r11.m2">\dfrac{1}{\sqrt{2a}}\cos\left(\dfrac{x^{2}}{4a}-\dfrac{\pi}{4}\right)</Math>,
</sentence>

<sentence sentence-num-in-section="97" sentence-num-in-table="31" xml:id="C1.S14.T1.t1.s31">
<Math mode="inline" xml:id="C1.S14.T1.t1.r11.m3">a&amp;gt;0</Math>
</sentence>
 
         
<sentence sentence-num-in-section="98" xml:id="C1.S14.T2.s1">
Table 1.14.2: Fourier cosine transforms.
</sentence> 
 

<sentence sentence-num-in-section="99" sentence-num-in-table="1" xml:id="C1.S14.T2.t1.s1">
<Math mode="inline" xml:id="C1.S14.T2.t1.r1.m1">f(t)</Math>
</sentence>

<sentence sentence-num-in-section="100" sentence-num-in-table="2" xml:id="C1.S14.T2.t1.s2">
<Math mode="inline" xml:id="C1.S14.T2.t1.r1.m2">\sqrt{\dfrac{2}{\pi}}\displaystyle\int^{\infty}_{0}\!\!\!f(t)\cos\left(xt \right)\mathrm{d}t</Math>,
</sentence>

<sentence sentence-num-in-section="101" sentence-num-in-table="3" xml:id="C1.S14.T2.t1.s3">
<Math mode="inline" xml:id="C1.S14.T2.t1.r1.m3">x&amp;gt;0</Math>
</sentence>

<sentence sentence-num-in-section="102" sentence-num-in-table="4" xml:id="C1.S14.T2.t1.s4">
<Math mode="inline" xml:id="C1.S14.T2.t1.r2.m1">\begin{cases}1,&amp;amp;0&amp;lt;t\leq a,\\ 0,&amp;amp;\mbox{otherwise}\end{cases}</Math>
</sentence>

<sentence sentence-num-in-section="103" sentence-num-in-table="5" xml:id="C1.S14.T2.t1.s5">
<Math mode="inline" xml:id="C1.S14.T2.t1.r2.m2">\displaystyle{\sqrt{\frac{2}{\pi}}\frac{\sin\left(ax\right)}{x}}</Math>
</sentence>

<sentence sentence-num-in-section="104" sentence-num-in-table="6" xml:id="C1.S14.T2.t1.s6">
<Math mode="inline" xml:id="C1.S14.T2.t1.r3.m1">\dfrac{1}{a^{2}+t^{2}}</Math>
</sentence>

<sentence sentence-num-in-section="105" sentence-num-in-table="7" xml:id="C1.S14.T2.t1.s7">
<Math mode="inline" xml:id="C1.S14.T2.t1.r3.m2">\displaystyle{\sqrt{\frac{\pi}{2}}\frac{e^{-ax}}{a}}</Math>,
</sentence>

<sentence sentence-num-in-section="106" sentence-num-in-table="8" xml:id="C1.S14.T2.t1.s8">
<Math mode="inline" xml:id="C1.S14.T2.t1.r3.m3">\Re a&amp;gt;0</Math>
</sentence>

<sentence sentence-num-in-section="107" sentence-num-in-table="9" xml:id="C1.S14.T2.t1.s9">
<Math mode="inline" xml:id="C1.S14.T2.t1.r4.m1">\dfrac{1}{(a^{2}+t^{2})^{2}}</Math>
</sentence>

<sentence sentence-num-in-section="108" sentence-num-in-table="10" xml:id="C1.S14.T2.t1.s10">
<Math mode="inline" xml:id="C1.S14.T2.t1.r4.m2">\displaystyle{\sqrt{\frac{\pi}{2}}\frac{(1+ax)e^{-ax}}{2a^{3}}}</Math>,
</sentence>

<sentence sentence-num-in-section="109" sentence-num-in-table="11" xml:id="C1.S14.T2.t1.s11">
<Math mode="inline" xml:id="C1.S14.T2.t1.r4.m3">\Re a&amp;gt;0</Math>
</sentence>

<sentence sentence-num-in-section="110" sentence-num-in-table="12" xml:id="C1.S14.T2.t1.s12">
<Math mode="inline" xml:id="C1.S14.T2.t1.r5.m1">\dfrac{4a^{3}}{4a^{4}+t^{4}}</Math>
</sentence>

<sentence sentence-num-in-section="111" sentence-num-in-table="13" xml:id="C1.S14.T2.t1.s13">
<Math mode="inline" xml:id="C1.S14.T2.t1.r5.m2">\sqrt{\pi}e^{-ax}\sin\left(ax+\frac{1}{4}\pi\right)</Math>,
</sentence>

<sentence sentence-num-in-section="112" sentence-num-in-table="14" xml:id="C1.S14.T2.t1.s14">
<Math mode="inline" xml:id="C1.S14.T2.t1.r5.m3">\Re a&amp;gt;0</Math>
</sentence>

<sentence sentence-num-in-section="113" sentence-num-in-table="15" xml:id="C1.S14.T2.t1.s15">
<Math mode="inline" xml:id="C1.S14.T2.t1.r6.m1">e^{-at}</Math>
</sentence>

<sentence sentence-num-in-section="114" sentence-num-in-table="16" xml:id="C1.S14.T2.t1.s16">
<Math mode="inline" xml:id="C1.S14.T2.t1.r6.m2">\displaystyle{\sqrt{\frac{2}{\pi}}\frac{a}{a^{2}+x^{2}}}</Math>,
</sentence>

<sentence sentence-num-in-section="115" sentence-num-in-table="17" xml:id="C1.S14.T2.t1.s17">
<Math mode="inline" xml:id="C1.S14.T2.t1.r6.m3">\Re a&amp;gt;0</Math>
</sentence>

<sentence sentence-num-in-section="116" sentence-num-in-table="18" xml:id="C1.S14.T2.t1.s18">
<Math mode="inline" xml:id="C1.S14.T2.t1.r7.m1">e^{-at^{2}}</Math>
</sentence>

<sentence sentence-num-in-section="117" sentence-num-in-table="19" xml:id="C1.S14.T2.t1.s19">
<Math mode="inline" xml:id="C1.S14.T2.t1.r7.m2">\dfrac{1}{\sqrt{2a}}e^{-x^{2}/(4a)}</Math>,
</sentence>

<sentence sentence-num-in-section="118" sentence-num-in-table="20" xml:id="C1.S14.T2.t1.s20">
<Math mode="inline" xml:id="C1.S14.T2.t1.r7.m3">\Re a&amp;gt;0</Math>
</sentence>

<sentence sentence-num-in-section="119" sentence-num-in-table="21" xml:id="C1.S14.T2.t1.s21">
<Math mode="inline" xml:id="C1.S14.T2.t1.r8.m1">\sin\left(at^{2}\right)</Math>
</sentence>

<sentence sentence-num-in-section="120" sentence-num-in-table="22" xml:id="C1.S14.T2.t1.s22">
<Math mode="inline" xml:id="C1.S14.T2.t1.r8.m2">-\dfrac{1}{\sqrt{2a}}\sin\left(\dfrac{x^{2}}{4a}-\dfrac{\pi}{4}\right)</Math>,
</sentence>

<sentence sentence-num-in-section="121" sentence-num-in-table="23" xml:id="C1.S14.T2.t1.s23">
<Math mode="inline" xml:id="C1.S14.T2.t1.r8.m3">a&amp;gt;0</Math>
</sentence>

<sentence sentence-num-in-section="122" sentence-num-in-table="24" xml:id="C1.S14.T2.t1.s24">
<Math mode="inline" xml:id="C1.S14.T2.t1.r9.m1">\cos\left(at^{2}\right)</Math>
</sentence>

<sentence sentence-num-in-section="123" sentence-num-in-table="25" xml:id="C1.S14.T2.t1.s25">
<Math mode="inline" xml:id="C1.S14.T2.t1.r9.m2">\dfrac{1}{\sqrt{2a}}\cos\left(\dfrac{x^{2}}{4a}-\dfrac{\pi}{4}\right)</Math>,
</sentence>

<sentence sentence-num-in-section="124" sentence-num-in-table="26" xml:id="C1.S14.T2.t1.s26">
<Math mode="inline" xml:id="C1.S14.T2.t1.r9.m3">a&amp;gt;0</Math>
</sentence>

<sentence sentence-num-in-section="125" sentence-num-in-table="27" xml:id="C1.S14.T2.t1.s27">
<Math mode="inline" xml:id="C1.S14.T2.t1.r10.m1">\ln\left(1+\dfrac{a^{2}}{t^{2}}\right)</Math>
</sentence>

<sentence sentence-num-in-section="126" sentence-num-in-table="28" xml:id="C1.S14.T2.t1.s28">
<Math mode="inline" xml:id="C1.S14.T2.t1.r10.m2">\displaystyle{\sqrt{2\pi}\frac{1-e^{-ax}}{x}}</Math>,
</sentence>

<sentence sentence-num-in-section="127" sentence-num-in-table="29" xml:id="C1.S14.T2.t1.s29">
<Math mode="inline" xml:id="C1.S14.T2.t1.r10.m3">\Re a&amp;gt;0</Math>
</sentence>

<sentence sentence-num-in-section="128" sentence-num-in-table="30" xml:id="C1.S14.T2.t1.s30">
<Math mode="inline" xml:id="C1.S14.T2.t1.r11.m1">\ln\left(\dfrac{a^{2}+t^{2}}{b^{2}+t^{2}}\right)</Math>
</sentence>

<sentence sentence-num-in-section="129" sentence-num-in-table="31" xml:id="C1.S14.T2.t1.s31">
<Math mode="inline" xml:id="C1.S14.T2.t1.r11.m2">\displaystyle{\sqrt{2\pi}\frac{e^{-bx}-e^{-ax}}{x}}</Math>,
</sentence>

<sentence sentence-num-in-section="130" sentence-num-in-table="32" xml:id="C1.S14.T2.t1.s32">
<Math mode="inline" xml:id="C1.S14.T2.t1.r11.m3">\Re a&amp;gt;0</Math>,<Math mode="inline" xml:id="C1.S14.T2.t1.r11.m4">\Re b&amp;gt;0</Math>
</sentence>
 
         
<sentence sentence-num-in-section="131" xml:id="C1.S14.T3.s1">
Table 1.14.3: Fourier sine transforms.
</sentence> 
 

<sentence sentence-num-in-section="132" sentence-num-in-table="1" xml:id="C1.S14.T3.t1.s1">
<Math mode="inline" xml:id="C1.S14.T3.t1.r1.m1">f(t)</Math>
</sentence>

<sentence sentence-num-in-section="133" sentence-num-in-table="2" xml:id="C1.S14.T3.t1.s2">
<Math mode="inline" xml:id="C1.S14.T3.t1.r1.m2">\sqrt{\dfrac{2}{\pi}}\displaystyle\int^{\infty}_{0}\!\!\!f(t)\sin\left(xt \right)\mathrm{d}t</Math>,
</sentence>

<sentence sentence-num-in-section="134" sentence-num-in-table="3" xml:id="C1.S14.T3.t1.s3">
<Math mode="inline" xml:id="C1.S14.T3.t1.r1.m3">x&amp;gt;0</Math>
</sentence>

<sentence sentence-num-in-section="135" sentence-num-in-table="4" xml:id="C1.S14.T3.t1.s4">
<Math mode="inline" xml:id="C1.S14.T3.t1.r2.m1">t^{-1}</Math>
</sentence>

<sentence sentence-num-in-section="136" sentence-num-in-table="5" xml:id="C1.S14.T3.t1.s5">
<Math mode="inline" xml:id="C1.S14.T3.t1.r2.m2">\displaystyle{\sqrt{\frac{\pi}{2}}}</Math>
</sentence>

<sentence sentence-num-in-section="137" sentence-num-in-table="6" xml:id="C1.S14.T3.t1.s6">
<Math mode="inline" xml:id="C1.S14.T3.t1.r3.m1">t^{-1/2}</Math>
</sentence>

<sentence sentence-num-in-section="138" sentence-num-in-table="7" xml:id="C1.S14.T3.t1.s7">
<Math mode="inline" xml:id="C1.S14.T3.t1.r3.m2">x^{-1/2}</Math>
</sentence>

<sentence sentence-num-in-section="139" sentence-num-in-table="8" xml:id="C1.S14.T3.t1.s8">
<Math mode="inline" xml:id="C1.S14.T3.t1.r4.m1">t^{-3/2}</Math>
</sentence>

<sentence sentence-num-in-section="140" sentence-num-in-table="9" xml:id="C1.S14.T3.t1.s9">
<Math mode="inline" xml:id="C1.S14.T3.t1.r4.m2">2x^{1/2}</Math>
</sentence>

<sentence sentence-num-in-section="141" sentence-num-in-table="10" xml:id="C1.S14.T3.t1.s10">
<Math mode="inline" xml:id="C1.S14.T3.t1.r5.m1">\dfrac{t}{a^{2}+t^{2}}</Math>
</sentence>

<sentence sentence-num-in-section="142" sentence-num-in-table="11" xml:id="C1.S14.T3.t1.s11">
<Math mode="inline" xml:id="C1.S14.T3.t1.r5.m2">\displaystyle{\sqrt{\frac{\pi}{2}}e^{-ax}}</Math>,
</sentence>

<sentence sentence-num-in-section="143" sentence-num-in-table="12" xml:id="C1.S14.T3.t1.s12">
<Math mode="inline" xml:id="C1.S14.T3.t1.r5.m3">\Re a&amp;gt;0</Math>
</sentence>

<sentence sentence-num-in-section="144" sentence-num-in-table="13" xml:id="C1.S14.T3.t1.s13">
<Math mode="inline" xml:id="C1.S14.T3.t1.r6.m1">\dfrac{t}{(a^{2}+t^{2})^{2}}</Math>
</sentence>

<sentence sentence-num-in-section="145" sentence-num-in-table="14" xml:id="C1.S14.T3.t1.s14">
<Math mode="inline" xml:id="C1.S14.T3.t1.r6.m2">\displaystyle{\sqrt{\frac{\pi}{8}}\frac{x}{a}e^{-ax}}</Math>,
</sentence>

<sentence sentence-num-in-section="146" sentence-num-in-table="15" xml:id="C1.S14.T3.t1.s15">
<Math mode="inline" xml:id="C1.S14.T3.t1.r6.m3">\Re a&amp;gt;0</Math>
</sentence>

<sentence sentence-num-in-section="147" sentence-num-in-table="16" xml:id="C1.S14.T3.t1.s16">
<Math mode="inline" xml:id="C1.S14.T3.t1.r7.m1">\dfrac{1}{t(a^{2}+t^{2})}</Math>
</sentence>

<sentence sentence-num-in-section="148" sentence-num-in-table="17" xml:id="C1.S14.T3.t1.s17">
<Math mode="inline" xml:id="C1.S14.T3.t1.r7.m2">\displaystyle{\sqrt{\frac{\pi}{2}}\frac{1-e^{-ax}}{a^{2}}}</Math>,
</sentence>

<sentence sentence-num-in-section="149" sentence-num-in-table="18" xml:id="C1.S14.T3.t1.s18">
<Math mode="inline" xml:id="C1.S14.T3.t1.r7.m3">\Re a&amp;gt;0</Math>
</sentence>

<sentence sentence-num-in-section="150" sentence-num-in-table="19" xml:id="C1.S14.T3.t1.s19">
<Math mode="inline" xml:id="C1.S14.T3.t1.r8.m1">\dfrac{e^{-at}}{t}</Math>
</sentence>

<sentence sentence-num-in-section="151" sentence-num-in-table="20" xml:id="C1.S14.T3.t1.s20">
<Math mode="inline" xml:id="C1.S14.T3.t1.r8.m2">\displaystyle{\sqrt{\frac{2}{\pi}}\operatorname{arctan}\left(\frac{x}{a}\right)}</Math>,
</sentence>

<sentence sentence-num-in-section="152" sentence-num-in-table="21" xml:id="C1.S14.T3.t1.s21">
<Math mode="inline" xml:id="C1.S14.T3.t1.r8.m3">\Re a&amp;gt;0</Math>
</sentence>

<sentence sentence-num-in-section="153" sentence-num-in-table="22" xml:id="C1.S14.T3.t1.s22">
<Math mode="inline" xml:id="C1.S14.T3.t1.r9.m1">e^{-at}</Math>
</sentence>

<sentence sentence-num-in-section="154" sentence-num-in-table="23" xml:id="C1.S14.T3.t1.s23">
<Math mode="inline" xml:id="C1.S14.T3.t1.r9.m2">\displaystyle{\sqrt{\frac{2}{\pi}}\frac{x}{a^{2}+x^{2}}}</Math>,
</sentence>

<sentence sentence-num-in-section="155" sentence-num-in-table="24" xml:id="C1.S14.T3.t1.s24">
<Math mode="inline" xml:id="C1.S14.T3.t1.r9.m3">\Re a&amp;gt;0</Math>
</sentence>

<sentence sentence-num-in-section="156" sentence-num-in-table="25" xml:id="C1.S14.T3.t1.s25">
<Math mode="inline" xml:id="C1.S14.T3.t1.r10.m1">te^{-at}</Math>
</sentence>

<sentence sentence-num-in-section="157" sentence-num-in-table="26" xml:id="C1.S14.T3.t1.s26">
<Math mode="inline" xml:id="C1.S14.T3.t1.r10.m2">\displaystyle{\sqrt{\frac{2}{\pi}}\frac{2ax}{(a^{2}+x^{2})^{2}}}</Math>,
</sentence>

<sentence sentence-num-in-section="158" sentence-num-in-table="27" xml:id="C1.S14.T3.t1.s27">
<Math mode="inline" xml:id="C1.S14.T3.t1.r10.m3">\Re a&amp;gt;0</Math>
</sentence>

<sentence sentence-num-in-section="159" sentence-num-in-table="28" xml:id="C1.S14.T3.t1.s28">
<Math mode="inline" xml:id="C1.S14.T3.t1.r11.m1">te^{-at^{2}}</Math>
</sentence>

<sentence sentence-num-in-section="160" sentence-num-in-table="29" xml:id="C1.S14.T3.t1.s29">
<Math mode="inline" xml:id="C1.S14.T3.t1.r11.m2">(2a)^{-3/2}xe^{-x^{2}/(4a)}</Math>,
</sentence>

<sentence sentence-num-in-section="161" sentence-num-in-table="30" xml:id="C1.S14.T3.t1.s30">
<Math mode="inline" xml:id="C1.S14.T3.t1.r11.m3">|\operatorname{ph}a|&amp;lt;\tfrac{1}{2}\pi</Math>
</sentence>

<sentence sentence-num-in-section="162" sentence-num-in-table="31" xml:id="C1.S14.T3.t1.s31">
<Math mode="inline" xml:id="C1.S14.T3.t1.r12.m1">\dfrac{\sin\left(at\right)}{t}</Math>
</sentence>

<sentence sentence-num-in-section="163" sentence-num-in-table="32" xml:id="C1.S14.T3.t1.s32">
<Math mode="inline" xml:id="C1.S14.T3.t1.r12.m2">\dfrac{1}{\sqrt{2\pi}}\ln\left|\dfrac{x+a}{x-a}\right|</Math>,
</sentence>

<sentence sentence-num-in-section="164" sentence-num-in-table="33" xml:id="C1.S14.T3.t1.s33">
<Math mode="inline" xml:id="C1.S14.T3.t1.r12.m3">a&amp;gt;0</Math>
</sentence>

<sentence sentence-num-in-section="165" sentence-num-in-table="34" xml:id="C1.S14.T3.t1.s34">
<Math mode="inline" xml:id="C1.S14.T3.t1.r13.m1">\operatorname{arctan}\left(\dfrac{t}{a}\right)</Math>
</sentence>

<sentence sentence-num-in-section="166" sentence-num-in-table="35" xml:id="C1.S14.T3.t1.s35">
<Math mode="inline" xml:id="C1.S14.T3.t1.r13.m2">\displaystyle{\sqrt{\frac{\pi}{2}}\frac{e^{-ax}}{x}}</Math>,
</sentence>

<sentence sentence-num-in-section="167" sentence-num-in-table="36" xml:id="C1.S14.T3.t1.s36">
<Math mode="inline" xml:id="C1.S14.T3.t1.r13.m3">a&amp;gt;0</Math>
</sentence>

<sentence sentence-num-in-section="168" sentence-num-in-table="37" xml:id="C1.S14.T3.t1.s37">
<Math mode="inline" xml:id="C1.S14.T3.t1.r14.m1">\ln\left|\dfrac{t+a}{t-a}\right|</Math>
</sentence>

<sentence sentence-num-in-section="169" sentence-num-in-table="38" xml:id="C1.S14.T3.t1.s38">
<Math mode="inline" xml:id="C1.S14.T3.t1.r14.m2">\displaystyle{\sqrt{2\pi}\frac{\sin\left(ax\right)}{x}}</Math>,
</sentence>

<sentence sentence-num-in-section="170" sentence-num-in-table="39" xml:id="C1.S14.T3.t1.s39">
<Math mode="inline" xml:id="C1.S14.T3.t1.r14.m3">a&amp;gt;0</Math>
</sentence>
 
         
<sentence sentence-num-in-section="171" xml:id="C1.S14.T4.s1">
Table 1.14.4: Laplace transforms.
</sentence> 
 

<sentence sentence-num-in-section="172" sentence-num-in-table="1" xml:id="C1.S14.T4.t1.s1">
<Math mode="inline" xml:id="C1.S14.T4.t1.r1.m1">f(t)</Math>
</sentence>

<sentence sentence-num-in-section="173" sentence-num-in-table="2" xml:id="C1.S14.T4.t1.s2">
<Math mode="inline" xml:id="C1.S14.T4.t1.r1.m2">\displaystyle\int^{\infty}_{0}e^{-st}f(t)\mathrm{d}t</Math>
</sentence>

<sentence sentence-num-in-section="174" sentence-num-in-table="3" xml:id="C1.S14.T4.t1.s3">
<Math mode="inline" xml:id="C1.S14.T4.t1.r2.m1">1</Math>
</sentence>

<sentence sentence-num-in-section="175" sentence-num-in-table="4" xml:id="C1.S14.T4.t1.s4">
<Math mode="inline" xml:id="C1.S14.T4.t1.r2.m2">\dfrac{1}{s}</Math>,
</sentence>

<sentence sentence-num-in-section="176" sentence-num-in-table="5" xml:id="C1.S14.T4.t1.s5">
<Math mode="inline" xml:id="C1.S14.T4.t1.r2.m3">\Re s&amp;gt;0</Math>
</sentence>

<sentence sentence-num-in-section="177" sentence-num-in-table="6" xml:id="C1.S14.T4.t1.s6">
<Math mode="inline" xml:id="C1.S14.T4.t1.r3.m1">\dfrac{t^{n}}{n!</Math>}
</sentence>

<sentence sentence-num-in-section="178" sentence-num-in-table="7" xml:id="C1.S14.T4.t1.s7">
<Math mode="inline" xml:id="C1.S14.T4.t1.r3.m2">\dfrac{1}{s^{n+1}}</Math>,
</sentence>

<sentence sentence-num-in-section="179" sentence-num-in-table="8" xml:id="C1.S14.T4.t1.s8">
<Math mode="inline" xml:id="C1.S14.T4.t1.r3.m3">\Re s&amp;gt;0</Math>
</sentence>

<sentence sentence-num-in-section="180" sentence-num-in-table="9" xml:id="C1.S14.T4.t1.s9">
<Math mode="inline" xml:id="C1.S14.T4.t1.r4.m1">\dfrac{1}{\sqrt{\pi t}}</Math>
</sentence>

<sentence sentence-num-in-section="181" sentence-num-in-table="10" xml:id="C1.S14.T4.t1.s10">
<Math mode="inline" xml:id="C1.S14.T4.t1.r4.m2">\dfrac{1}{\sqrt{s}}</Math>,
</sentence>

<sentence sentence-num-in-section="182" sentence-num-in-table="11" xml:id="C1.S14.T4.t1.s11">
<Math mode="inline" xml:id="C1.S14.T4.t1.r4.m3">\Re s&amp;gt;0</Math>
</sentence>

<sentence sentence-num-in-section="183" sentence-num-in-table="12" xml:id="C1.S14.T4.t1.s12">
<Math mode="inline" xml:id="C1.S14.T4.t1.r5.m1">e^{-at}</Math>
</sentence>

<sentence sentence-num-in-section="184" sentence-num-in-table="13" xml:id="C1.S14.T4.t1.s13">
<Math mode="inline" xml:id="C1.S14.T4.t1.r5.m2">\dfrac{1}{s+a}</Math>,
</sentence>

<sentence sentence-num-in-section="185" sentence-num-in-table="14" xml:id="C1.S14.T4.t1.s14">
<Math mode="inline" xml:id="C1.S14.T4.t1.r5.m3">\Re(s+a)&amp;gt;0</Math>
</sentence>

<sentence sentence-num-in-section="186" sentence-num-in-table="15" xml:id="C1.S14.T4.t1.s15">
<Math mode="inline" xml:id="C1.S14.T4.t1.r6.m1">\dfrac{t^{n}e^{-at}}{n!}</Math>
</sentence>

<sentence sentence-num-in-section="187" sentence-num-in-table="16" xml:id="C1.S14.T4.t1.s16">
<Math mode="inline" xml:id="C1.S14.T4.t1.r6.m2">\dfrac{1}{(s+a)^{n+1}}</Math>,
</sentence>

<sentence sentence-num-in-section="188" sentence-num-in-table="17" xml:id="C1.S14.T4.t1.s17">
<Math mode="inline" xml:id="C1.S14.T4.t1.r6.m3">\Re(s+a)&amp;gt;0</Math>
</sentence>

<sentence sentence-num-in-section="189" sentence-num-in-table="18" xml:id="C1.S14.T4.t1.s18">
<Math mode="inline" xml:id="C1.S14.T4.t1.r7.m1">\dfrac{e^{-at}-e^{-bt}}{b-a}</Math>
</sentence>

<sentence sentence-num-in-section="190" sentence-num-in-table="19" xml:id="C1.S14.T4.t1.s19">
<Math mode="inline" xml:id="C1.S14.T4.t1.r7.m2">\dfrac{1}{(s+a)(s+b)}</Math>,
</sentence>

<sentence sentence-num-in-section="191" sentence-num-in-table="20" xml:id="C1.S14.T4.t1.s20">
<Math mode="inline" xml:id="C1.S14.T4.t1.r7.m3">a\not=b</Math>,<Math mode="inline" xml:id="C1.S14.T4.t1.r7.m4">\Re s&amp;gt;-\Re a</Math>,<Math mode="inline" xml:id="C1.S14.T4.t1.r7.m5">\Re s&amp;gt;-\Re b</Math>
</sentence>

<sentence sentence-num-in-section="192" sentence-num-in-table="21" xml:id="C1.S14.T4.t1.s21">
<Math mode="inline" xml:id="C1.S14.T4.t1.r8.m1">\sin\left(at\right)</Math>
</sentence>

<sentence sentence-num-in-section="193" sentence-num-in-table="22" xml:id="C1.S14.T4.t1.s22">
<Math mode="inline" xml:id="C1.S14.T4.t1.r8.m2">\dfrac{a}{s^{2}+a^{2}}</Math>,
</sentence>

<sentence sentence-num-in-section="194" sentence-num-in-table="23" xml:id="C1.S14.T4.t1.s23">
<Math mode="inline" xml:id="C1.S14.T4.t1.r8.m3">\Re s&amp;gt;|\Im a|</Math>
</sentence>

<sentence sentence-num-in-section="195" sentence-num-in-table="24" xml:id="C1.S14.T4.t1.s24">
<Math mode="inline" xml:id="C1.S14.T4.t1.r9.m1">\cos\left(at\right)</Math>
</sentence>

<sentence sentence-num-in-section="196" sentence-num-in-table="25" xml:id="C1.S14.T4.t1.s25">
<Math mode="inline" xml:id="C1.S14.T4.t1.r9.m2">\dfrac{s}{s^{2}+a^{2}}</Math>,
</sentence>

<sentence sentence-num-in-section="197" sentence-num-in-table="26" xml:id="C1.S14.T4.t1.s26">
<Math mode="inline" xml:id="C1.S14.T4.t1.r9.m3">\Re s&amp;gt;|\Im a|</Math>
</sentence>

<sentence sentence-num-in-section="198" sentence-num-in-table="27" xml:id="C1.S14.T4.t1.s27">
<Math mode="inline" xml:id="C1.S14.T4.t1.r10.m1">\sinh\left(at\right)</Math>
</sentence>

<sentence sentence-num-in-section="199" sentence-num-in-table="28" xml:id="C1.S14.T4.t1.s28">
<Math mode="inline" xml:id="C1.S14.T4.t1.r10.m2">\dfrac{a}{s^{2}-a^{2}}</Math>,
</sentence>

<sentence sentence-num-in-section="200" sentence-num-in-table="29" xml:id="C1.S14.T4.t1.s29">
<Math mode="inline" xml:id="C1.S14.T4.t1.r10.m3">\Re s&amp;gt;|\Re a|</Math>
</sentence>

<sentence sentence-num-in-section="201" sentence-num-in-table="30" xml:id="C1.S14.T4.t1.s30">
<Math mode="inline" xml:id="C1.S14.T4.t1.r11.m1">\cosh\left(at\right)</Math>
</sentence>

<sentence sentence-num-in-section="202" sentence-num-in-table="31" xml:id="C1.S14.T4.t1.s31">
<Math mode="inline" xml:id="C1.S14.T4.t1.r11.m2">\dfrac{s}{s^{2}-a^{2}}</Math>,
</sentence>

<sentence sentence-num-in-section="203" sentence-num-in-table="32" xml:id="C1.S14.T4.t1.s32">
<Math mode="inline" xml:id="C1.S14.T4.t1.r11.m3">\Re s&amp;gt;|\Re a|</Math>
</sentence>

<sentence sentence-num-in-section="204" sentence-num-in-table="33" xml:id="C1.S14.T4.t1.s33">
<Math mode="inline" xml:id="C1.S14.T4.t1.r12.m1">t\sin\left(at\right)</Math>
</sentence>

<sentence sentence-num-in-section="205" sentence-num-in-table="34" xml:id="C1.S14.T4.t1.s34">
<Math mode="inline" xml:id="C1.S14.T4.t1.r12.m2">\dfrac{2as}{(s^{2}+a^{2})^{2}}</Math>,
</sentence>

<sentence sentence-num-in-section="206" sentence-num-in-table="35" xml:id="C1.S14.T4.t1.s35">
<Math mode="inline" xml:id="C1.S14.T4.t1.r12.m3">\Re s&amp;gt;|\Im a|</Math>
</sentence>

<sentence sentence-num-in-section="207" sentence-num-in-table="36" xml:id="C1.S14.T4.t1.s36">
<Math mode="inline" xml:id="C1.S14.T4.t1.r13.m1">t\cos\left(at\right)</Math>
</sentence>

<sentence sentence-num-in-section="208" sentence-num-in-table="37" xml:id="C1.S14.T4.t1.s37">
<Math mode="inline" xml:id="C1.S14.T4.t1.r13.m2">\dfrac{s^{2}-a^{2}}{(s^{2}+a^{2})^{2}}</Math>,
</sentence>

<sentence sentence-num-in-section="209" sentence-num-in-table="38" xml:id="C1.S14.T4.t1.s38">
<Math mode="inline" xml:id="C1.S14.T4.t1.r13.m3">\Re s&amp;gt;|\Im a|</Math>
</sentence>

<sentence sentence-num-in-section="210" sentence-num-in-table="39" xml:id="C1.S14.T4.t1.s39">
<Math mode="inline" xml:id="C1.S14.T4.t1.r14.m1">\dfrac{e^{-bt}-e^{-at}}{t}</Math>
</sentence>

<sentence sentence-num-in-section="211" sentence-num-in-table="40" xml:id="C1.S14.T4.t1.s40">
<Math mode="inline" xml:id="C1.S14.T4.t1.r14.m2">\displaystyle{\ln\left(\frac{s+a}{s+b}\right)}</Math>,
</sentence>

<sentence sentence-num-in-section="212" sentence-num-in-table="41" xml:id="C1.S14.T4.t1.s41">
<Math mode="inline" xml:id="C1.S14.T4.t1.r14.m3">\Re s&amp;gt;-\Re a</Math>,<Math mode="inline" xml:id="C1.S14.T4.t1.r14.m4">\Re s&amp;gt;-\Re b</Math>
</sentence>

<sentence sentence-num-in-section="213" sentence-num-in-table="42" xml:id="C1.S14.T4.t1.s42">
<Math mode="inline" xml:id="C1.S14.T4.t1.r15.m1">\dfrac{2(1-\cosh\left(at\right))}{t}</Math>
</sentence>

<sentence sentence-num-in-section="214" sentence-num-in-table="43" xml:id="C1.S14.T4.t1.s43">
<Math mode="inline" xml:id="C1.S14.T4.t1.r15.m2">\displaystyle{\ln\left(1-\frac{a^{2}}{s^{2}}\right)}</Math>,
</sentence>

<sentence sentence-num-in-section="215" sentence-num-in-table="44" xml:id="C1.S14.T4.t1.s44">
<Math mode="inline" xml:id="C1.S14.T4.t1.r15.m3">\Re(s+a)&amp;gt;0</Math>
</sentence>

<sentence sentence-num-in-section="216" sentence-num-in-table="45" xml:id="C1.S14.T4.t1.s45">
<Math mode="inline" xml:id="C1.S14.T4.t1.r16.m1">\dfrac{2(1-\cos\left(at\right))}{t}</Math>
</sentence>

<sentence sentence-num-in-section="217" sentence-num-in-table="46" xml:id="C1.S14.T4.t1.s46">
<Math mode="inline" xml:id="C1.S14.T4.t1.r16.m2">\displaystyle{\ln\left(1+\frac{a^{2}}{s^{2}}\right)}</Math>,
</sentence>

<sentence sentence-num-in-section="218" sentence-num-in-table="47" xml:id="C1.S14.T4.t1.s47">
<Math mode="inline" xml:id="C1.S14.T4.t1.r16.m3">\Re s&amp;gt;0</Math>
</sentence>

<sentence sentence-num-in-section="219" sentence-num-in-table="48" xml:id="C1.S14.T4.t1.s48">
<Math mode="inline" xml:id="C1.S14.T4.t1.r17.m1">\dfrac{\sin\left(at\right)}{t}</Math>
</sentence>

<sentence sentence-num-in-section="220" sentence-num-in-table="49" xml:id="C1.S14.T4.t1.s49">
<Math mode="inline" xml:id="C1.S14.T4.t1.r17.m2">\operatorname{arctan}\left(\dfrac{a}{s}\right)</Math>,
</sentence>

<sentence sentence-num-in-section="221" sentence-num-in-table="50" xml:id="C1.S14.T4.t1.s50">
<Math mode="inline" xml:id="C1.S14.T4.t1.r17.m3">\Re s&amp;gt;0</Math>
</sentence>
 
         
<sentence sentence-num-in-section="222" xml:id="C1.S14.T5.s1">
Table 1.14.5: Mellin transforms.
</sentence> 
 

<sentence sentence-num-in-section="223" sentence-num-in-table="1" xml:id="C1.S14.T5.t1.s1">
<Math mode="inline" xml:id="C1.S14.T5.t1.r1.m1">f(x)</Math>
</sentence>

<sentence sentence-num-in-section="224" sentence-num-in-table="2" xml:id="C1.S14.T5.t1.s2">
<Math mode="inline" xml:id="C1.S14.T5.t1.r1.m2">\displaystyle\int^{\infty}_{0}x^{s-1}f(x)\mathrm{d}x</Math>
</sentence>

<sentence sentence-num-in-section="225" sentence-num-in-table="3" xml:id="C1.S14.T5.t1.s3">
<Math mode="inline" xml:id="C1.S14.T5.t1.r2.m1">\begin{cases}1,&amp;amp;x&amp;lt;a,\\ 0,&amp;amp;x\geq a\end{cases}</Math>
</sentence>

<sentence sentence-num-in-section="226" sentence-num-in-table="4" xml:id="C1.S14.T5.t1.s4">
<Math mode="inline" xml:id="C1.S14.T5.t1.r2.m2">\dfrac{a^{s}}{s}</Math>,
</sentence>

<sentence sentence-num-in-section="227" sentence-num-in-table="5" xml:id="C1.S14.T5.t1.s5">
<Math mode="inline" xml:id="C1.S14.T5.t1.r2.m3">a\geq 0</Math>,<Math mode="inline" xml:id="C1.S14.T5.t1.r2.m4">\Re s&amp;gt;0</Math>
</sentence>

<sentence sentence-num-in-section="228" sentence-num-in-table="6" xml:id="C1.S14.T5.t1.s6">
<Math mode="inline" xml:id="C1.S14.T5.t1.r3.m1">\begin{cases}\ln\left(a/x\right),&amp;amp;x&amp;lt;a,\\ 0,&amp;amp;x\geq a\end{cases}</Math>
</sentence>

<sentence sentence-num-in-section="229" sentence-num-in-table="7" xml:id="C1.S14.T5.t1.s7">
<Math mode="inline" xml:id="C1.S14.T5.t1.r3.m2">\dfrac{a^{s}}{s^{2}}</Math>,
</sentence>

<sentence sentence-num-in-section="230" sentence-num-in-table="8" xml:id="C1.S14.T5.t1.s8">
<Math mode="inline" xml:id="C1.S14.T5.t1.r3.m3">a\geq 0</Math>,<Math mode="inline" xml:id="C1.S14.T5.t1.r3.m4">\Re s&amp;gt;1</Math>
</sentence>

<sentence sentence-num-in-section="231" sentence-num-in-table="9" xml:id="C1.S14.T5.t1.s9">
<Math mode="inline" xml:id="C1.S14.T5.t1.r4.m1">\dfrac{1}{1-x}</Math>
</sentence>

<sentence sentence-num-in-section="232" sentence-num-in-table="10" xml:id="C1.S14.T5.t1.s10">
<Math mode="inline" xml:id="C1.S14.T5.t1.r4.m2">\pi\cot\left(s\pi\right)</Math>,
</sentence>

<sentence sentence-num-in-section="233" sentence-num-in-table="11" xml:id="C1.S14.T5.t1.s11">
<Math mode="inline" xml:id="C1.S14.T5.t1.r4.m3">0&amp;lt;\Re s&amp;lt;1</Math>, (Cauchy p. v.)
</sentence>

<sentence sentence-num-in-section="234" sentence-num-in-table="12" xml:id="C1.S14.T5.t1.s12">
<Math mode="inline" xml:id="C1.S14.T5.t1.r5.m1">\dfrac{1}{1+x}</Math>
</sentence>

<sentence sentence-num-in-section="235" sentence-num-in-table="13" xml:id="C1.S14.T5.t1.s13">
<Math mode="inline" xml:id="C1.S14.T5.t1.r5.m2">\pi\csc\left(s\pi\right)</Math>,
</sentence>

<sentence sentence-num-in-section="236" sentence-num-in-table="14" xml:id="C1.S14.T5.t1.s14">
<Math mode="inline" xml:id="C1.S14.T5.t1.r5.m3">0&amp;lt;\Re s&amp;lt;1</Math>
</sentence>

<sentence sentence-num-in-section="237" sentence-num-in-table="15" xml:id="C1.S14.T5.t1.s15">
<Math mode="inline" xml:id="C1.S14.T5.t1.r6.m1">\ln\left(1+ax\right)</Math>
</sentence>

<sentence sentence-num-in-section="238" sentence-num-in-table="16" xml:id="C1.S14.T5.t1.s16">
<Math mode="inline" xml:id="C1.S14.T5.t1.r6.m2">\dfrac{\pi\csc\left(s\pi\right)}{sa^{s}}</Math>,
</sentence>

<sentence sentence-num-in-section="239" sentence-num-in-table="17" xml:id="C1.S14.T5.t1.s17">
<Math mode="inline" xml:id="C1.S14.T5.t1.r6.m3">|\operatorname{ph}a|&amp;lt;\pi</Math>,<Math mode="inline" xml:id="C1.S14.T5.t1.r6.m4">-1&amp;lt;\Re s&amp;lt;0</Math>
</sentence>

<sentence sentence-num-in-section="240" sentence-num-in-table="18" xml:id="C1.S14.T5.t1.s18">
<Math mode="inline" xml:id="C1.S14.T5.t1.r7.m1">\displaystyle{\ln\left|\frac{1+x}{1-x}\right|}</Math>
</sentence>

<sentence sentence-num-in-section="241" sentence-num-in-table="19" xml:id="C1.S14.T5.t1.s19">
<Math mode="inline" xml:id="C1.S14.T5.t1.r7.m2">\dfrac{\pi\tan\left(\frac{1}{2}s\pi\right)}{s}</Math>,
</sentence>

<sentence sentence-num-in-section="242" sentence-num-in-table="20" xml:id="C1.S14.T5.t1.s20">
<Math mode="inline" xml:id="C1.S14.T5.t1.r7.m3">-1&amp;lt;\Re s&amp;lt;1</Math>
</sentence>

<sentence sentence-num-in-section="243" sentence-num-in-table="21" xml:id="C1.S14.T5.t1.s21">
<Math mode="inline" xml:id="C1.S14.T5.t1.r8.m1">\dfrac{\ln\left(1+x\right)}{x}</Math>
</sentence>

<sentence sentence-num-in-section="244" sentence-num-in-table="22" xml:id="C1.S14.T5.t1.s22">
<Math mode="inline" xml:id="C1.S14.T5.t1.r8.m2">\dfrac{\pi\csc\left(s\pi\right)}{1-s}</Math>,
</sentence>

<sentence sentence-num-in-section="245" sentence-num-in-table="23" xml:id="C1.S14.T5.t1.s23">
<Math mode="inline" xml:id="C1.S14.T5.t1.r8.m3">0&amp;lt;\Re s&amp;lt;1</Math>
</sentence>

<sentence sentence-num-in-section="246" sentence-num-in-table="24" xml:id="C1.S14.T5.t1.s24">
<Math mode="inline" xml:id="C1.S14.T5.t1.r9.m1">\operatorname{arctan}x</Math>
</sentence>

<sentence sentence-num-in-section="247" sentence-num-in-table="25" xml:id="C1.S14.T5.t1.s25">
<Math mode="inline" xml:id="C1.S14.T5.t1.r9.m2">-\dfrac{\pi\sec\left(\frac{1}{2}s\pi\right)}{2s}</Math>,
</sentence>

<sentence sentence-num-in-section="248" sentence-num-in-table="26" xml:id="C1.S14.T5.t1.s26">
<Math mode="inline" xml:id="C1.S14.T5.t1.r9.m3">-1&amp;lt;\Re s&amp;lt;0</Math>
</sentence>

<sentence sentence-num-in-section="249" sentence-num-in-table="27" xml:id="C1.S14.T5.t1.s27">
<Math mode="inline" xml:id="C1.S14.T5.t1.r10.m1">\operatorname{arccot}x</Math>
</sentence>

<sentence sentence-num-in-section="250" sentence-num-in-table="28" xml:id="C1.S14.T5.t1.s28">
<Math mode="inline" xml:id="C1.S14.T5.t1.r10.m2">\dfrac{\pi\sec\left(\frac{1}{2}s\pi\right)}{2s}</Math>,
</sentence>

<sentence sentence-num-in-section="251" sentence-num-in-table="29" xml:id="C1.S14.T5.t1.s29">
<Math mode="inline" xml:id="C1.S14.T5.t1.r10.m3">0&amp;lt;\Re s&amp;lt;1</Math>
</sentence>

<sentence sentence-num-in-section="252" sentence-num-in-table="30" xml:id="C1.S14.T5.t1.s30">
<Math mode="inline" xml:id="C1.S14.T5.t1.r11.m1">\dfrac{1+x\cos\theta}{1+2x\cos\theta+x^{2}}</Math>
</sentence>

<sentence sentence-num-in-section="253" sentence-num-in-table="31" xml:id="C1.S14.T5.t1.s31">
<Math mode="inline" xml:id="C1.S14.T5.t1.r11.m2">\dfrac{\pi\cos\left(s\theta\right)}{\sin\left(s\pi\right)}</Math>,
</sentence>

<sentence sentence-num-in-section="254" sentence-num-in-table="32" xml:id="C1.S14.T5.t1.s32">
<Math mode="inline" xml:id="C1.S14.T5.t1.r11.m3">-\pi&amp;lt;\theta&amp;lt;\pi</Math>,<Math mode="inline" xml:id="C1.S14.T5.t1.r11.m4">0&amp;lt;\Re s&amp;lt;1</Math>
</sentence>

<sentence sentence-num-in-section="255" sentence-num-in-table="33" xml:id="C1.S14.T5.t1.s33">
<Math mode="inline" xml:id="C1.S14.T5.t1.r12.m1">\dfrac{x\sin\theta}{1+2x\cos\theta+x^{2}}</Math>
</sentence>

<sentence sentence-num-in-section="256" sentence-num-in-table="34" xml:id="C1.S14.T5.t1.s34">
<Math mode="inline" xml:id="C1.S14.T5.t1.r12.m2">\dfrac{\pi\sin\left(s\theta\right)}{\sin\left(s\pi\right)}</Math>,
</sentence>

<sentence sentence-num-in-section="257" sentence-num-in-table="35" xml:id="C1.S14.T5.t1.s35">
<Math mode="inline" xml:id="C1.S14.T5.t1.r12.m3">-\pi&amp;lt;\theta&amp;lt;\pi</Math>,<Math mode="inline" xml:id="C1.S14.T5.t1.r12.m4">0&amp;lt;\Re s&amp;lt;1</Math>
</sentence>
  
</subsection>
 
<subsection xml:id="C1.S14.SS8">
<title>Compendia</title>              
<para xml:id="C1.S14.SS8.p1">

<sentence sentence-num-in-para="1" sentence-num-in-section="258" xml:id="C1.S14.SS8.p1.s1">
For more extensive tables of the integral transforms of this section and tablesof other integral transforms, seeErdélyi et al. (1954a, b), Gradshteyn and Ryzhik (2000),Marichev (1983),Oberhettinger (1972, 1974, 1990),Oberhettinger and Badii (1973), Oberhettinger and Higgins (1961),Prudnikov et al. (1986a, b, 1990, 1992a, 1992b).
</sentence>

</para>
 
</subsection>
 
</section>
