<?xml version="1.0" encoding="UTF-8"?>
<section xml:id="C1.S15">
<title>Summability Methods</title>          
<subsection xml:id="C1.S15.SS1">
<title>Definitions for Series</title>         
<para xml:id="C1.S15.SS1.p1">

<sentence sentence-num-in-para="1" sentence-num-in-section="1" xml:id="C1.S15.SS1.p1.s1">
 <Math equation-number="1.15.1" mode="display" xml:id="C1.S15.E1">s_{n}=\sum_{k=0}^{n}a_{k}.</Math>
</sentence>

</para>
 
<paragraph xml:id="C1.S15.Px1">
<title>Abel Summability</title>     
<para xml:id="C1.S15.Px1.p1">

<sentence sentence-num-in-para="1" sentence-num-in-section="2" xml:id="C1.S15.Px1.p1.s1">
 <Math equation-number="1.15.2" mode="display" xml:id="C1.S15.E2">\sum^{\infty}_{n=0}a_{n}=s\;\;\;\textit{(A)},</Math> if <Math equation-number="1.15.3" mode="display" xml:id="C1.S15.E3">\lim_{x\to 1-}\sum^{\infty}_{n=0}a_{n}x^{n}=s</Math>.
</sentence>

</para>
 
</paragraph>
 
<paragraph xml:id="C1.S15.Px2">
<title>Cesàro Summability</title>     
<para xml:id="C1.S15.Px2.p1">

<sentence sentence-num-in-para="1" sentence-num-in-section="3" xml:id="C1.S15.Px2.p1.s1">
 <Math equation-number="1.15.4" mode="display" xml:id="C1.S15.E4">\sum^{\infty}_{n=0}a_{n}=s\;\;\;\textit{(C,1)},</Math> if <Math equation-number="1.15.5" mode="display" xml:id="C1.S15.E5">\lim_{n\to\infty}\frac{s_{0}+s_{1}+\dots+s_{n}}{n+1}=s</Math>.
</sentence>

</para>
 
</paragraph>
 
<paragraph xml:id="C1.S15.Px3">
<title>General Cesàro Summability</title>    
<para xml:id="C1.S15.Px3.p1">

<sentence sentence-num-in-para="1" sentence-num-in-section="4" xml:id="C1.S15.Px3.p1.s1">
For <Math mode="inline" xml:id="C1.S15.Px3.p1.m1">\alpha&gt;-1</Math> , <Math equation-number="1.15.6" mode="display" xml:id="C1.S15.E6">\sum^{\infty}_{n=0}a_{n}=s\;\;\;\textit{(C,$\alpha$)},</Math> if <Math equation-number="1.15.7" mode="display" xml:id="C1.S15.E7">\lim_{n\to\infty}\frac{n!}{(\alpha+1)_{n}}\sum^{n}_{k=0}\frac{(\alpha+1)_{k}}{ k!}a_{n-k}=s</Math>.
</sentence>

</para>
 
</paragraph>
 
<paragraph xml:id="C1.S15.Px4">
<title>Borel Summability</title>     
<para xml:id="C1.S15.Px4.p1">

<sentence sentence-num-in-para="1" sentence-num-in-section="5" xml:id="C1.S15.Px4.p1.s1">
 <Math equation-number="1.15.8" mode="display" xml:id="C1.S15.E8">\sum^{\infty}_{n=0}a_{n}=s\;\;\;\textit{(B)},</Math> if <Math equation-number="1.15.9" mode="display" xml:id="C1.S15.E9">\lim_{t\to\infty}e^{-t}\sum^{\infty}_{n=0}\frac{s_{n}}{n!}t^{n}=s</Math>.
</sentence>

</para>
 
</paragraph>
 
</subsection>
 
<subsection xml:id="C1.S15.SS2">
<title>Regularity</title>           
<para xml:id="C1.S15.SS2.p1">

<sentence sentence-num-in-para="1" sentence-num-in-section="6" xml:id="C1.S15.SS2.p1.s1">
Methods of summation are regular if they are consistent with conventional summation.
</sentence>

<sentence sentence-num-in-para="2" sentence-num-in-section="7" xml:id="C1.S15.SS2.p1.s2">
All of the methods described in §1.15(i) are regular.
</sentence>

<sentence sentence-num-in-para="3" sentence-num-in-section="8" xml:id="C1.S15.SS2.p1.s3">
For example if <Math equation-number="1.15.10" mode="display" xml:id="C1.S15.E10">\sum^{\infty}_{n=0}a_{n}=s,</Math> then <Math equation-number="1.15.11" mode="display" xml:id="C1.S15.E11">\sum^{\infty}_{n=0}a_{n}=s\;\;\;\textit{(A)}</Math>.
</sentence>

</para>

 
</subsection>
 
<subsection xml:id="C1.S15.SS3">
<title>Summability of Fourier Series</title>         
 
<paragraph xml:id="C1.S15.Px5">
<title>Poisson Kernel</title>      
<para xml:id="C1.S15.Px5.p1">

<sentence sentence-num-in-para="1" sentence-num-in-section="9" xml:id="C1.S15.Px5.p1.s1">
 <Math equation-number="1.15.12" mode="display" xml:id="C1.S15.E12">P(r,\theta)=\frac{1-r^{2}}{1-2r\cos\theta+r^{2}}=\sum^{\infty}_{n=-\infty}r^{| n|}e^{in\theta}, if 0\leq r&lt;1,</Math> <Math equation-number="1.15.13" mode="display" xml:id="C1.S15.E13">\frac{1}{2\pi}\int^{2\pi}_{0}P(r,\theta)\mathrm{d}\theta=1</Math>.
</sentence>

<sentence sentence-num-in-para="2" sentence-num-in-section="10" xml:id="C1.S15.Px5.p1.s2">
As <Math mode="inline" xml:id="C1.S15.Px5.p1.m1">r\to 1-</Math> <Math equation-number="1.15.14" mode="display" xml:id="C1.S15.E14">P(r,\theta)\to 0,</Math> uniformly for <Math mode="inline" xml:id="C1.S15.Px5.p1.m2">\theta\in[\delta,2\pi-\delta]</Math>.
</sentence>

<sentence sentence-num-in-para="3" sentence-num-in-section="11" xml:id="C1.S15.Px5.p1.s3">
(Here and elsewhere in this subsection <Math mode="inline" xml:id="C1.S15.Px5.p1.m3">\delta</Math> is a constant such that <Math mode="inline" xml:id="C1.S15.Px5.p1.m4">0&lt;\delta&lt;\pi</Math>.
</sentence>

<sentence sentence-num-in-para="4" sentence-num-in-section="12" xml:id="C1.S15.Px5.p1.s4">
)
</sentence>

</para>
 
</paragraph>
 
<paragraph xml:id="C1.S15.Px6">
<title>Fejér Kernel</title>      
<para xml:id="C1.S15.Px6.p1">

<sentence sentence-num-in-para="1" sentence-num-in-section="13" xml:id="C1.S15.Px6.p1.s1">
For <Math mode="inline" xml:id="C1.S15.Px6.p1.m1">n=0,1,2,\dots</Math> , <Math equation-number="1.15.15" mode="display" xml:id="C1.S15.E15">K_{n}(\theta)=\frac{1}{n+1}\left(\frac{\sin\left(\tfrac{1}{2}(n+1)\theta\right )}{\sin\left(\tfrac{1}{2}\theta\right)}\right)^{2},</Math> <Math equation-number="1.15.16" mode="display" xml:id="C1.S15.E16">\frac{1}{2\pi}\int^{2\pi}_{0}K_{n}(\theta)\mathrm{d}\theta=1</Math>.
</sentence>

<sentence sentence-num-in-para="2" sentence-num-in-section="14" xml:id="C1.S15.Px6.p1.s2">
As <Math mode="inline" xml:id="C1.S15.Px6.p1.m2">n\to\infty</Math> <Math equation-number="1.15.17" mode="display" xml:id="C1.S15.E17">K_{n}(\theta)\to 0,</Math> uniformly for <Math mode="inline" xml:id="C1.S15.Px6.p1.m3">\theta\in[\delta,2\pi-\delta]</Math>.
</sentence>

</para>
 
</paragraph>
 
<paragraph xml:id="C1.S15.Px7">
<title>Abel Means</title>     
<para xml:id="C1.S15.Px7.p1">

<sentence sentence-num-in-para="1" sentence-num-in-section="15" xml:id="C1.S15.Px7.p1.s1">
 <Math equation-number="1.15.18" mode="display" xml:id="C1.S15.E18">A(r,\theta)=\sum^{\infty}_{n=-\infty}r^{|n|}F(n)e^{in\theta},</Math> where <Math equation-number="1.15.19" mode="display" xml:id="C1.S15.E19">F(n)=\frac{1}{2\pi}\int^{2\pi}_{0}f(t)e^{-int}\mathrm{d}t</Math>.
</sentence>

<sentence sentence-num-in-para="2" sentence-num-in-section="16" xml:id="C1.S15.Px7.p1.s2">
<Math mode="inline" xml:id="C1.S15.Px7.p1.m1">A(r,\theta)</Math> is a harmonic function in polar coordinates ((1.9.27)), and <Math equation-number="1.15.20" mode="display" xml:id="C1.S15.E20">A(r,\theta)=\frac{1}{2\pi}\int^{2\pi}_{0}P(r,\theta-t)f(t)\mathrm{d}t</Math>.
</sentence>

</para>
 
</paragraph>
 
<paragraph xml:id="C1.S15.Px8">
<title>Cesàro (or (C,1)) Means</title>     
<para xml:id="C1.S15.Px8.p1">

<sentence sentence-num-in-para="1" sentence-num-in-section="17" xml:id="C1.S15.Px8.p1.s1">
Let <Math equation-number="1.15.21" mode="display" xml:id="C1.S15.E21">\sigma_{n}(\theta)=\frac{s_{0}(\theta)+s_{1}(\theta)+\dots+s_{n}(\theta)}{n+1},</Math> <Math mode="inline" xml:id="C1.S15.Px8.p1.m1">n=0,1,2,\dots</Math> , where <Math equation-number="1.15.22" mode="display" xml:id="C1.S15.E22">s_{n}(\theta)=\sum^{n}_{k=-n}F(k)e^{ik\theta}</Math>.
</sentence>

<sentence sentence-num-in-para="2" sentence-num-in-section="18" xml:id="C1.S15.Px8.p1.s2">
Then <Math equation-number="1.15.23" mode="display" xml:id="C1.S15.E23">\sigma_{n}(\theta)=\frac{1}{2\pi}\int^{2\pi}_{0}K_{n}(\theta-t)f(t)\mathrm{d}t</Math>.
</sentence>

</para>
 
</paragraph>
 
<paragraph xml:id="C1.S15.Px9">
<title>Convergence</title>   
<para xml:id="C1.S15.Px9.p1">

<sentence sentence-num-in-para="1" sentence-num-in-section="19" xml:id="C1.S15.Px9.p1.s1">
If <Math mode="inline" xml:id="C1.S15.Px9.p1.m1">f(\theta)</Math> is periodic and integrable on <Math mode="inline" xml:id="C1.S15.Px9.p1.m2">[0,2\pi]</Math> , then as <Math mode="inline" xml:id="C1.S15.Px9.p1.m3">n\to\infty</Math> the Abel means <Math mode="inline" xml:id="C1.S15.Px9.p1.m4">A(r,\theta)</Math> and the (C,1) means <Math mode="inline" xml:id="C1.S15.Px9.p1.m5">\sigma_{n}(\theta)</Math> converge to <Math equation-number="1.15.24" mode="display" xml:id="C1.S15.E24">\tfrac{1}{2}(f(\theta+)+f(\theta-))</Math> at every point <Math mode="inline" xml:id="C1.S15.Px9.p1.m6">\theta</Math> where both limits exist.
</sentence>

<sentence sentence-num-in-para="2" sentence-num-in-section="20" xml:id="C1.S15.Px9.p1.s2">
If <Math mode="inline" xml:id="C1.S15.Px9.p1.m7">f(\theta)</Math> is also continuous, then the convergence is uniform for all <Math mode="inline" xml:id="C1.S15.Px9.p1.m8">\theta</Math>.
</sentence>

</para>
 
<para xml:id="C1.S15.Px9.p2">

<sentence sentence-num-in-para="1" sentence-num-in-section="21" xml:id="C1.S15.Px9.p2.s1">
For real-valued <Math mode="inline" xml:id="C1.S15.Px9.p2.m1">f(\theta)</Math> , if <Math equation-number="1.15.25" mode="display" xml:id="C1.S15.E25">\sum^{\infty}_{n=-\infty}F(n)e^{in\theta}</Math> is the Fourier series of <Math mode="inline" xml:id="C1.S15.Px9.p2.m2">f(\theta)</Math> , then the series <Math equation-number="1.15.26" mode="display" xml:id="C1.S15.E26">F(0)+2\sum^{\infty}_{n=1}F(n)e^{in\theta}</Math> can be extended to the interior of the unit circle as an analytic function <Math equation-number="1.15.27" mode="display" xml:id="C1.S15.E27">G(z)=G(x+iy)=u(x,y)+iv(x,y)=F(0)+2\sum^{\infty}_{n=1}F(n)z^{n}</Math>.
</sentence>

<sentence sentence-num-in-para="2" sentence-num-in-section="22" xml:id="C1.S15.Px9.p2.s2">
Here <Math mode="inline" xml:id="C1.S15.Px9.p2.m3">u(x,y)=A(r,\theta)</Math> is the Abel (or Poisson) sum of <Math mode="inline" xml:id="C1.S15.Px9.p2.m4">f(\theta)</Math> , and <Math mode="inline" xml:id="C1.S15.Px9.p2.m5">v(x,y)</Math> has the series representation <Math equation-number="1.15.28" mode="display" xml:id="C1.S15.E28">-\sum^{\infty}_{n=-\infty}i(\operatorname{sign}n)F(n)r^{|n|}e^{in\theta};</Math> compare §1.15(v).
</sentence>

</para>
 
</paragraph>
 
</subsection>
 
<subsection xml:id="C1.S15.SS4">
<title>Definitions for Integrals</title>         
 
<paragraph xml:id="C1.S15.Px10">
<title>Abel Summability</title>     
<para xml:id="C1.S15.Px10.p1">

<sentence sentence-num-in-para="1" sentence-num-in-section="23" xml:id="C1.S15.Px10.p1.s1">
 <Math mode="inline" xml:id="C1.S15.Px10.p1.m1">\int^{\infty}_{-\infty}f(t)\mathrm{d}t</Math> is Abel summable to <Math mode="inline" xml:id="C1.S15.Px10.p1.m2">L</Math> , or <Math equation-number="1.15.29" mode="display" xml:id="C1.S15.E29">\int^{\infty}_{-\infty}f(t)\mathrm{d}t=L\;\;\;\textit{(A)},</Math> when <Math equation-number="1.15.30" mode="display" xml:id="C1.S15.E30">\lim_{\epsilon\to 0+}\int^{\infty}_{-\infty}e^{-\epsilon|t|}f(t)\mathrm{d}t=L</Math>.
</sentence>

</para>
 
</paragraph>
 
<paragraph xml:id="C1.S15.Px11">
<title>Cesàro Summability</title>    
 
<para xml:id="C1.S15.Px11.p1">

<sentence sentence-num-in-para="1" sentence-num-in-section="24" xml:id="C1.S15.Px11.p1.s1">
 <Math mode="inline" xml:id="C1.S15.Px11.p1.m1">\int^{\infty}_{-\infty}f(t)\mathrm{d}t</Math> is (C,1) summable to <Math mode="inline" xml:id="C1.S15.Px11.p1.m2">L</Math> , or <Math equation-number="1.15.31" mode="display" xml:id="C1.S15.E31">\int^{\infty}_{-\infty}f(t)\mathrm{d}t=L\;\;\;\textit{(C,1)},</Math> when <Math equation-number="1.15.32" mode="display" xml:id="C1.S15.E32">\lim_{R\to\infty}\int^{R}_{-R}\left(1-\frac{|t|}{R}\right)f(t)\mathrm{d}t=L</Math>.
</sentence>

</para>
 
<para xml:id="C1.S15.Px11.p2">

<sentence sentence-num-in-para="1" sentence-num-in-section="25" xml:id="C1.S15.Px11.p2.s1">
If <Math mode="inline" xml:id="C1.S15.Px11.p2.m1">\int^{\infty}_{-\infty}f(t)\mathrm{d}t</Math> converges and equals <Math mode="inline" xml:id="C1.S15.Px11.p2.m2">L</Math> , then the integral is Abel and Cesàro summable to <Math mode="inline" xml:id="C1.S15.Px11.p2.m3">L</Math>.
</sentence>

</para>
 
</paragraph>
 
</subsection>
 
<subsection xml:id="C1.S15.SS5">
<title>Summability of Fourier Integrals</title>         
 
<paragraph xml:id="C1.S15.Px12">
<title>Poisson Kernel</title>       
<para xml:id="C1.S15.Px12.p1">

<sentence sentence-num-in-para="1" sentence-num-in-section="26" xml:id="C1.S15.Px12.p1.s1">
 <Math equation-number="1.15.33" mode="display" xml:id="C1.S15.E33">P(x,y)=\frac{2y}{x^{2}+y^{2}}, if y&gt;0, -\infty&lt;x&lt;\infty</Math>.
</sentence>

<sentence sentence-num-in-para="2" sentence-num-in-section="27" xml:id="C1.S15.Px12.p1.s2">
<Math equation-number="1.15.34" mode="display" xml:id="C1.S15.E34">\frac{1}{2\pi}\int^{\infty}_{-\infty}P(x,y)\mathrm{d}x=1</Math>.
</sentence>

<sentence sentence-num-in-para="3" sentence-num-in-section="28" xml:id="C1.S15.Px12.p1.s3">
For each <Math mode="inline" xml:id="C1.S15.Px12.p1.m1">\delta&gt;0</Math> , <Math equation-number="1.15.35" mode="display" xml:id="C1.S15.E35">\int_{|x|\geq\delta}P(x,y)\mathrm{d}x\to 0, if as y\to 0.</Math>
</sentence>

<sentence sentence-num-in-para="4" sentence-num-in-section="29" xml:id="C1.S15.Px12.p1.s4">
Let <Math equation-number="1.15.36" mode="display" xml:id="C1.S15.E36">h(x,y)=\frac{1}{\sqrt{2\pi}}\int^{\infty}_{-\infty}e^{-y|t|}e^{-ixt}F(t) \mathrm{d}t,</Math> where <Math mode="inline" xml:id="C1.S15.Px12.p1.m2">F(t)</Math> is the Fourier transform of <Math mode="inline" xml:id="C1.S15.Px12.p1.m3">f(x)</Math> (§1.14(i)).
</sentence>

<sentence sentence-num-in-para="5" sentence-num-in-section="30" xml:id="C1.S15.Px12.p1.s5">
Then <Math equation-number="1.15.37" mode="display" xml:id="C1.S15.E37">h(x,y)=\frac{1}{2\pi}\int^{\infty}_{-\infty}f(t)P(x-t,y)\mathrm{d}t</Math> is the Poisson integral of <Math mode="inline" xml:id="C1.S15.Px12.p1.m4">f(t)</Math>.
</sentence>

</para>
 
<para xml:id="C1.S15.Px12.p2">

<sentence sentence-num-in-para="1" sentence-num-in-section="31" xml:id="C1.S15.Px12.p2.s1">
If <Math mode="inline" xml:id="C1.S15.Px12.p2.m1">f(x)</Math> is integrable on <Math mode="inline" xml:id="C1.S15.Px12.p2.m2">(-\infty,\infty)</Math> , then <Math equation-number="1.15.38" mode="display" xml:id="C1.S15.E38">\lim_{y\to 0+}\int^{\infty}_{-\infty}|h(x,y)-f(x)|\mathrm{d}x=0</Math>.
</sentence>

</para>
 
<para xml:id="C1.S15.Px12.p3">

<sentence sentence-num-in-para="1" sentence-num-in-section="32" xml:id="C1.S15.Px12.p3.s1">
Suppose now <Math mode="inline" xml:id="C1.S15.Px12.p3.m1">f(x)</Math> is real-valued and integrable on <Math mode="inline" xml:id="C1.S15.Px12.p3.m2">(-\infty,\infty)</Math>.
</sentence>

<sentence sentence-num-in-para="2" sentence-num-in-section="33" xml:id="C1.S15.Px12.p3.s2">
Let <Math equation-number="1.15.39" mode="display" xml:id="C1.S15.E39">\Phi(z)=\Phi(x+iy)=\frac{i}{\pi}\int^{\infty}_{-\infty}f(t)\frac{1}{(x-t)+iy} \mathrm{d}t,</Math> where <Math mode="inline" xml:id="C1.S15.Px12.p3.m3">y&gt;0</Math> and <Math mode="inline" xml:id="C1.S15.Px12.p3.m4">-\infty&lt;x&lt;\infty</Math>.
</sentence>

<sentence sentence-num-in-para="3" sentence-num-in-section="34" xml:id="C1.S15.Px12.p3.s3">
Then <Math mode="inline" xml:id="C1.S15.Px12.p3.m5">\Phi(z)</Math> is an analytic function in the upper half-plane and its real part is the Poisson integral <Math mode="inline" xml:id="C1.S15.Px12.p3.m6">h(x,y)</Math> ; compare (1.9.34).
</sentence>

<sentence sentence-num-in-para="4" sentence-num-in-section="35" xml:id="C1.S15.Px12.p3.s4">
The imaginary part <Math equation-number="1.15.40" mode="display" xml:id="C1.S15.E40">\Im\Phi(x+iy)=\frac{1}{\pi}\int^{\infty}_{-\infty}f(t)\frac{x-t}{(x-t)^{2}+y^{ 2}}\mathrm{d}t</Math> is the conjugate Poisson integral of <Math mode="inline" xml:id="C1.S15.Px12.p3.m7">f(x)</Math>.
</sentence>

<sentence sentence-num-in-para="5" sentence-num-in-section="36" xml:id="C1.S15.Px12.p3.s5">
Moreover, <Math mode="inline" xml:id="C1.S15.Px12.p3.m8">\lim_{y\to 0+}\Im\Phi(x+iy)</Math> is the Hilbert transform of <Math mode="inline" xml:id="C1.S15.Px12.p3.m9">f(x)</Math> (§1.14(v)).
</sentence>

</para>
 
</paragraph>
 
<paragraph xml:id="C1.S15.Px13">
<title>Fejér Kernel</title>      
<para xml:id="C1.S15.Px13.p1">

<sentence sentence-num-in-para="1" sentence-num-in-section="37" xml:id="C1.S15.Px13.p1.s1">
 <Math equation-number="1.15.41" mode="display" xml:id="C1.S15.E41">K_{R}(s)=\frac{1}{\pi R}\frac{1-\cos\left(Rs\right)}{s^{2}},</Math> <Math equation-number="1.15.42" mode="display" xml:id="C1.S15.E42">\int^{\infty}_{-\infty}K_{R}(s)\mathrm{d}s=1</Math>.
</sentence>

<sentence sentence-num-in-para="2" sentence-num-in-section="38" xml:id="C1.S15.Px13.p1.s2">
For each <Math mode="inline" xml:id="C1.S15.Px13.p1.m1">\delta&gt;0</Math> , <Math equation-number="1.15.43" mode="display" xml:id="C1.S15.E43">\int_{|s|\geq\delta}K_{R}(s)\mathrm{d}s\to 0, if as R\to\infty</Math>.
</sentence>

</para>
 
<para xml:id="C1.S15.Px13.p2">

<sentence sentence-num-in-para="1" sentence-num-in-section="39" xml:id="C1.S15.Px13.p2.s1">
Let <Math equation-number="1.15.44" mode="display" xml:id="C1.S15.E44">\sigma_{R}(\theta)=\frac{1}{\sqrt{2\pi}}\int^{R}_{-R}\left(1-\frac{|t|}{R} \right)e^{-i\theta t}F(t)\mathrm{d}t,</Math> , <Math equation-number="1.15.45" mode="display" xml:id="C1.S15.E45">\sigma_{R}(\theta)=\int^{\infty}_{-\infty}f(t)K_{R}(\theta-t)\mathrm{d}t</Math>.
</sentence>

</para>
 
<para xml:id="C1.S15.Px13.p3">

<sentence sentence-num-in-para="1" sentence-num-in-section="40" xml:id="C1.S15.Px13.p3.s1">
If <Math mode="inline" xml:id="C1.S15.Px13.p3.m1">f(\theta)</Math> is integrable on <Math mode="inline" xml:id="C1.S15.Px13.p3.m2">(-\infty,\infty)</Math> , then <Math equation-number="1.15.46" mode="display" xml:id="C1.S15.E46">\lim_{R\to\infty}\int^{\infty}_{-\infty}|\sigma_{R}(\theta)-f(\theta)|\mathrm{ d}\theta=0</Math>.
</sentence>

</para>
 
</paragraph>
 
</subsection>
 
<subsection xml:id="C1.S15.SS6">
<title>Fractional Integrals</title>          
 
<para xml:id="C1.S15.SS6.p1">

<sentence sentence-num-in-para="1" sentence-num-in-section="41" xml:id="C1.S15.SS6.p1.s1">
For <Math mode="inline" xml:id="C1.S15.SS6.p1.m1">\Re\alpha&gt;0</Math> and <Math mode="inline" xml:id="C1.S15.SS6.p1.m2">x\geq 0</Math> , the Riemann-Liouville fractional integral of order <Math mode="inline" xml:id="C1.S15.SS6.p1.m3">\alpha</Math> is defined by <Math equation-number="1.15.47" mode="display" xml:id="C1.S15.E47">I^{\alpha}f(x)=\frac{1}{\Gamma\left(\alpha\right)}\int^{x}_{0}(x-t)^{\alpha-1} f(t)\mathrm{d}t</Math>.
</sentence>

<sentence sentence-num-in-para="2" sentence-num-in-section="42" xml:id="C1.S15.SS6.p1.s2">
For <Math mode="inline" xml:id="C1.S15.SS6.p1.m4">\Gamma\left(\alpha\right)</Math> see §5.2, and compare (1.4.31) in the case when <Math mode="inline" xml:id="C1.S15.SS6.p1.m5">\alpha</Math> is a positive integer.
</sentence>

<sentence sentence-num-in-para="3" sentence-num-in-section="43" xml:id="C1.S15.SS6.p1.s3">
<Math equation-number="1.15.48" mode="display" xml:id="C1.S15.E48">I^{\alpha}I^{\beta}=I^{\alpha+\beta}, if \Re\alpha&gt;0, \Re\beta&gt;0</Math>.
</sentence>

<sentence sentence-num-in-para="4" sentence-num-in-section="44" xml:id="C1.S15.SS6.p1.s4">
For extensions of (1.15.48) see Love (1972b).
</sentence>

</para>
 
<para xml:id="C1.S15.SS6.p2">

<sentence sentence-num-in-para="1" sentence-num-in-section="45" xml:id="C1.S15.SS6.p2.s1">
If <Math equation-number="1.15.49" mode="display" xml:id="C1.S15.E49">f(x)=\sum^{\infty}_{k=0}a_{k}x^{k},</Math> then <Math equation-number="1.15.50" mode="display" xml:id="C1.S15.E50">I^{\alpha}f(x)=\sum^{\infty}_{k=0}\frac{k!}{\Gamma\left(k+\alpha+1\right)}a_{k }x^{k+\alpha}</Math>.
</sentence>

</para>
 
<para xml:id="C1.S15.SS6.p3">

<sentence sentence-num-in-para="1" sentence-num-in-section="46" xml:id="C1.S15.SS6.p3.s1">
The lower limit <Math mode="inline" xml:id="C1.S15.SS6.p3.m1">0</Math> of the integral in (1.15.47) can be replaced by any constant <Math mode="inline" xml:id="C1.S15.SS6.p3.m2">a\leq x</Math>.
</sentence>

<sentence sentence-num-in-para="2" sentence-num-in-section="47" xml:id="C1.S15.SS6.p3.s2">
Also, we can replace the lower and upper limits of the integral by <Math mode="inline" xml:id="C1.S15.SS6.p3.m3">x</Math> and <Math mode="inline" xml:id="C1.S15.SS6.p3.m4">a</Math> , respectively.
</sentence>

<sentence sentence-num-in-para="3" sentence-num-in-section="48" xml:id="C1.S15.SS6.p3.s3">
In that case we must also replace <Math mode="inline" xml:id="C1.S15.SS6.p3.m5">(x-t)</Math> in the integrand by <Math mode="inline" xml:id="C1.S15.SS6.p3.m6">(t-x)</Math> and we can even set <Math mode="inline" xml:id="C1.S15.SS6.p3.m7">a=\infty</Math>.
</sentence>

<sentence sentence-num-in-para="4" sentence-num-in-section="49" xml:id="C1.S15.SS6.p3.s4">
See (18.17.9), (18.17.11) and (18.17.13) as examples.
</sentence>

</para>
 
</subsection>
 
<subsection xml:id="C1.S15.SS7">
<title>Fractional Derivatives</title>           
<para xml:id="C1.S15.SS7.p1">

<sentence sentence-num-in-para="1" sentence-num-in-section="50" xml:id="C1.S15.SS7.p1.s1">
For <Math mode="inline" xml:id="C1.S15.SS7.p1.m1">0&lt;\Re\alpha&lt;n</Math> , <Math mode="inline" xml:id="C1.S15.SS7.p1.m2">n</Math> an integer, and <Math mode="inline" xml:id="C1.S15.SS7.p1.m3">x\geq 0</Math> , the fractional derivative of order <Math mode="inline" xml:id="C1.S15.SS7.p1.m4">\alpha</Math> is defined by <Math equation-number="1.15.51" mode="display" xml:id="C1.S15.E51">D^{\alpha}f(x)=\frac{{\mathrm{d}}^{n}}{{\mathrm{d}x}^{n}}I^{n-\alpha}f(x),</Math> and satisfies the property <Math equation-number="1.15.52" mode="display" xml:id="C1.S15.E52">D^{k}I^{\alpha}=D^{n}I^{\alpha+n-k}, if k=1,2,\dots,n</Math>.
</sentence>

<sentence sentence-num-in-para="2" sentence-num-in-section="51" xml:id="C1.S15.SS7.p1.s2">
When none of <Math mode="inline" xml:id="C1.S15.SS7.p1.m5">\alpha</Math> , <Math mode="inline" xml:id="C1.S15.SS7.p1.m6">\beta</Math> , and <Math mode="inline" xml:id="C1.S15.SS7.p1.m7">\alpha+\beta</Math> is an integer <Math equation-number="1.15.53" mode="display" xml:id="C1.S15.E53">D^{\alpha}D^{\beta}=D^{\alpha+\beta}</Math>.
</sentence>

<sentence sentence-num-in-para="3" sentence-num-in-section="52" xml:id="C1.S15.SS7.p1.s3">
Note that <Math mode="inline" xml:id="C1.S15.SS7.p1.m8">D^{1/2}D\not=D^{3/2}</Math>.
</sentence>

<sentence sentence-num-in-para="4" sentence-num-in-section="53" xml:id="C1.S15.SS7.p1.s4">
See also Love (1972b).
</sentence>

</para>
 
</subsection>
 
<subsection xml:id="C1.S15.SS8">
<title>Tauberian Theorems</title>          
<para xml:id="C1.S15.SS8.p1">

<sentence sentence-num-in-para="1" sentence-num-in-section="54" xml:id="C1.S15.SS8.p1.s1">
If <Math equation-number="1.15.54" mode="display" xml:id="C1.S15.E54">\sum^{\infty}_{n=0}a_{n}=s\;\;\;\textit{(A)},a_{n}&gt;-\frac{K}{n}, , if n&gt;0, K&gt;0,</Math> then <Math equation-number="1.15.55" mode="display" xml:id="C1.S15.E55">\sum^{\infty}_{n=0}a_{n}=s</Math>.
</sentence>

</para>
 
<para xml:id="C1.S15.SS8.p2">

<sentence sentence-num-in-para="1" sentence-num-in-section="55" xml:id="C1.S15.SS8.p2.s1">
If <Math equation-number="1.15.56" mode="display" xml:id="C1.S15.E56">\lim_{x\to 1-}(1-x)\sum^{\infty}_{n=0}a_{n}x^{n}=s,</Math> and either <Math mode="inline" xml:id="C1.S15.SS8.p2.m1">|a_{n}|\leq K</Math> or <Math mode="inline" xml:id="C1.S15.SS8.p2.m2">a_{n}\geq 0</Math> , then <Math equation-number="1.15.57" mode="display" xml:id="C1.S15.E57">\lim_{n\to\infty}\frac{a_{0}+a_{1}+\dots+a_{n}}{n+1}=s</Math>.
</sentence>

</para>
 
</subsection>
 
</section>
