<?xml version="1.0" encoding="UTF-8"?>
<section xml:id="C1.S2">
<title>Elementary Algebra</title>         
<subsection xml:id="C1.S2.SS1">
<title>Binomial Coefficients</title>         
 
<para xml:id="C1.S2.SS1.p1">

<sentence sentence-num-in-para="1" sentence-num-in-section="1" xml:id="C1.S2.SS1.p1.s1">
In (1.2.1) and (1.2.3)
</sentence>

<sentence sentence-num-in-para="2" sentence-num-in-section="2" xml:id="C1.S2.SS1.p1.s2">
<Math mode="inline" xml:id="C1.S2.SS1.p1.m1">k</Math> and <Math mode="inline" xml:id="C1.S2.SS1.p1.m2">n</Math> are nonnegative integers and <Math mode="inline" xml:id="C1.S2.SS1.p1.m3">k\leq n</Math>.
</sentence>

<sentence sentence-num-in-para="3" sentence-num-in-section="3" xml:id="C1.S2.SS1.p1.s3">
In (1.2.2), (1.2.4), and (1.2.5)
</sentence>

<sentence sentence-num-in-para="4" sentence-num-in-section="4" xml:id="C1.S2.SS1.p1.s4">
<Math mode="inline" xml:id="C1.S2.SS1.p1.m4">n</Math> is a positive integer.
</sentence>

<sentence sentence-num-in-para="5" sentence-num-in-section="5" xml:id="C1.S2.SS1.p1.s5">
See also §26.3(i).
</sentence>

</para>
   
<para xml:id="C1.S2.SS1.p2">

<sentence sentence-num-in-para="1" sentence-num-in-section="6" xml:id="C1.S2.SS1.p2.s1">
 <Math equation-number="1.2.1" mode="display" xml:id="C1.S2.E1">\genfrac{(}{)}{0.0pt}{}{n}{k}=\frac{n!}{(n-k)!k!}=\genfrac{(}{)}{0.0pt}{}{n}{n -k}</Math>.
</sentence>

<sentence sentence-num-in-para="2" sentence-num-in-section="7" xml:id="C1.S2.SS1.p2.s2">
For complex <Math mode="inline" xml:id="C1.S2.SS1.p2.m1">z</Math> the binomial coefficient <Math mode="inline" xml:id="C1.S2.SS1.p2.m2">\genfrac{(}{)}{0.0pt}{}{z}{k</Math> } is defined via (1.2.6).
</sentence>

</para>
 
<paragraph xml:id="C1.S2.Px1">
<title>Binomial Theorem</title>    
<para xml:id="C1.S2.Px1.p1">

<sentence sentence-num-in-para="1" sentence-num-in-section="8" xml:id="C1.S2.Px1.p1.s1">
 <Math equation-number="1.2.2" mode="display" xml:id="C1.S2.E2">(a+b)^{n}=a^{n}+\genfrac{(}{)}{0.0pt}{}{n}{1}a^{n-1}b+\genfrac{(}{)}{0.0pt}{}{ n}{2}a^{n-2}b^{2}+\dots+\genfrac{(}{)}{0.0pt}{}{n}{n-1}ab^{n-1}+b^{n}</Math>.
</sentence>

<sentence sentence-num-in-para="2" sentence-num-in-section="9" xml:id="C1.S2.Px1.p1.s2">
<Math equation-number="1.2.3" mode="display" xml:id="C1.S2.E3">\genfrac{(}{)}{0.0pt}{}{n}{0}+\genfrac{(}{)}{0.0pt}{}{n}{1}+\dots+\genfrac{(}{ )}{0.0pt}{}{n}{n}=2^{n}</Math>.
</sentence>

<sentence sentence-num-in-para="3" sentence-num-in-section="10" xml:id="C1.S2.Px1.p1.s3">
<Math equation-number="1.2.4" mode="display" xml:id="C1.S2.E4">\genfrac{(}{)}{0.0pt}{}{n}{0}-\genfrac{(}{)}{0.0pt}{}{n}{1}+\dots+(-1)^{n} \genfrac{(}{)}{0.0pt}{}{n}{n}=0</Math>.
</sentence>

<sentence sentence-num-in-para="4" sentence-num-in-section="11" xml:id="C1.S2.Px1.p1.s4">
<Math equation-number="1.2.5" mode="display" xml:id="C1.S2.E5">\genfrac{(}{)}{0.0pt}{}{n}{0}+\genfrac{(}{)}{0.0pt}{}{n}{2}+\genfrac{(}{)}{0.0 pt}{}{n}{4}+\dots+\genfrac{(}{)}{0.0pt}{}{n}{\ell}=2^{n-1}</Math> , where <Math mode="inline" xml:id="C1.S2.Px1.p1.m1">\ell</Math> is <Math mode="inline" xml:id="C1.S2.Px1.p1.m2">n</Math> or <Math mode="inline" xml:id="C1.S2.Px1.p1.m3">n-1</Math> according as <Math mode="inline" xml:id="C1.S2.Px1.p1.m4">n</Math> is even or odd.
</sentence>

</para>
 
<para xml:id="C1.S2.Px1.p2">

<sentence sentence-num-in-para="1" sentence-num-in-section="12" xml:id="C1.S2.Px1.p2.s1">
In (1.2.6)–(1.2.9)
</sentence>

<sentence sentence-num-in-para="2" sentence-num-in-section="13" xml:id="C1.S2.Px1.p2.s2">
<Math mode="inline" xml:id="C1.S2.Px1.p2.m1">k</Math> and <Math mode="inline" xml:id="C1.S2.Px1.p2.m2">m</Math> are nonnegative integers and <Math mode="inline" xml:id="C1.S2.Px1.p2.m3">z</Math> is complex.
</sentence>

<sentence sentence-num-in-para="3" sentence-num-in-section="14" xml:id="C1.S2.Px1.p2.s3">
<Math equation-number="1.2.6" mode="display" xml:id="C1.S2.E6">\genfrac{(}{)}{0.0pt}{}{z}{k}=\frac{z(z-1)\cdots(z-k+1)}{k!}=\frac{(-1)^{k}{ \left(-z\right)_{k}}}{k!}=(-1)^{k}\genfrac{(}{)}{0.0pt}{}{k-z-1}{k}</Math>.
</sentence>

<sentence sentence-num-in-para="4" sentence-num-in-section="15" xml:id="C1.S2.Px1.p2.s4">
<Math equation-number="1.2.7" mode="display" xml:id="C1.S2.E7">\genfrac{(}{)}{0.0pt}{}{z+1}{k}=\genfrac{(}{)}{0.0pt}{}{z}{k}+\genfrac{(}{)}{0 .0pt}{}{z}{k-1}</Math>.
</sentence>

<sentence sentence-num-in-para="5" sentence-num-in-section="16" xml:id="C1.S2.Px1.p2.s5">
<Math equation-number="1.2.8" mode="display" xml:id="C1.S2.E8">\sum^{m}_{k=0}\genfrac{(}{)}{0.0pt}{}{z+k}{k}=\genfrac{(}{)}{0.0pt}{}{z+m+1}{m}</Math>.
</sentence>

<sentence sentence-num-in-para="6" sentence-num-in-section="17" xml:id="C1.S2.Px1.p2.s6">
<Math equation-number="1.2.9" mode="display" xml:id="C1.S2.E9">\genfrac{(}{)}{0.0pt}{}{z}{0}-\genfrac{(}{)}{0.0pt}{}{z}{1}+\dots+(-1)^{m} \genfrac{(}{)}{0.0pt}{}{z}{m}=(-1)^{m}\genfrac{(}{)}{0.0pt}{}{z-1}{m}</Math>.
</sentence>

</para>

 
<para xml:id="C1.S2.Px1.p3">

<sentence sentence-num-in-para="1" sentence-num-in-section="18" xml:id="C1.S2.Px1.p3.s1">
See also §26.3.
</sentence>

</para>
 
</paragraph>
 
</subsection>
 
<subsection xml:id="C1.S2.SS2">
<title>Finite Series</title>         
<paragraph xml:id="C1.S2.Px2">
<title>Arithmetic Progression</title>    
<para xml:id="C1.S2.Px2.p1">

<sentence sentence-num-in-para="1" sentence-num-in-section="19" xml:id="C1.S2.Px2.p1.s1">
 <Math equation-number="1.2.10" mode="display" xml:id="C1.S2.E10">a+(a+d)+(a+2d)+\dots+(a+(n-1)d)=na+\tfrac{1}{2}n(n-1)d=\tfrac{1}{2}n(a+\ell),</Math> where <Math mode="inline" xml:id="C1.S2.Px2.p1.m1">\ell</Math> = last term of the series = <Math mode="inline" xml:id="C1.S2.Px2.p1.m2">a+(n-1)d</Math>.
</sentence>

</para>
 
</paragraph>
 
<paragraph xml:id="C1.S2.Px3">
<title>Geometric Progression</title>    
<para xml:id="C1.S2.Px3.p1">

<sentence sentence-num-in-para="1" sentence-num-in-section="20" xml:id="C1.S2.Px3.p1.s1">
 <Math equation-number="1.2.11" mode="display" xml:id="C1.S2.E11">a+ax+ax^{2}+\dots+ax^{n-1}=\frac{a(1-x^{n})}{1-x}, if x\not=1</Math>.
</sentence>

</para>
 
</paragraph>
 
</subsection>
 
<subsection xml:id="C1.S2.SS3">
<title>Partial Fractions</title>           
<para xml:id="C1.S2.SS3.p1">

<sentence sentence-num-in-para="1" sentence-num-in-section="21" xml:id="C1.S2.SS3.p1.s1">
Let <Math mode="inline" xml:id="C1.S2.SS3.p1.m1">\alpha_{1},\alpha_{2},\dots,\alpha_{n}</Math> be distinct constants, and <Math mode="inline" xml:id="C1.S2.SS3.p1.m2">f(x)</Math> be a polynomial of degree less than <Math mode="inline" xml:id="C1.S2.SS3.p1.m3">n</Math>.
</sentence>

<sentence sentence-num-in-para="2" sentence-num-in-section="22" xml:id="C1.S2.SS3.p1.s2">
Then
</sentence>

</para>
 
<para xml:id="C1.S2.SS3.p2">

<sentence sentence-num-in-para="1" sentence-num-in-section="23" xml:id="C1.S2.SS3.p2.s1">
 <Math equation-number="1.2.12" mode="display" xml:id="C1.S2.E12">\frac{f(x)}{(x-\alpha_{1})(x-\alpha_{2})\cdots(x-\alpha_{n})}=\frac{A_{1}}{x- \alpha_{1}}+\frac{A_{2}}{x-\alpha_{2}}+\dots+\frac{A_{n}}{x-\alpha_{n}},</Math> where <Math equation-number="1.2.13" mode="display" xml:id="C1.S2.E13">A_{j}=\frac{f(\alpha_{j})}{\prod\limits_{k\not=j}(\alpha_{j}-\alpha_{k})}</Math>.
</sentence>

<sentence sentence-num-in-para="2" sentence-num-in-section="24" xml:id="C1.S2.SS3.p2.s2">
Also, <Math equation-number="1.2.14" mode="display" xml:id="C1.S2.E14">\frac{f(x)}{(x-\alpha_{1})^{n}}=\frac{B_{1}}{x-\alpha_{1}}+\frac{B_{2}}{(x- \alpha_{1})^{2}}+\dots+\frac{B_{n}}{(x-\alpha_{1})^{n}},</Math> where <Math equation-number="1.2.15" mode="display" xml:id="C1.S2.E15">B_{j}=\frac{f^{(n-j)}(\alpha_{1})}{(n-j)!},</Math> and <Math mode="inline" xml:id="C1.S2.SS3.p2.m1">f^{(k)}</Math> is the <Math mode="inline" xml:id="C1.S2.SS3.p2.m2">k</Math> -th derivative of <Math mode="inline" xml:id="C1.S2.SS3.p2.m3">f</Math> (§1.4(iii)).
</sentence>

</para>
 
<para xml:id="C1.S2.SS3.p3">

<sentence sentence-num-in-para="1" sentence-num-in-section="25" xml:id="C1.S2.SS3.p3.s1">
If <Math mode="inline" xml:id="C1.S2.SS3.p3.m1">m_{1},m_{2},\dots,m_{n}</Math> are positive integers and <Math mode="inline" xml:id="C1.S2.SS3.p3.m2">\deg f&lt;\sum_{j=1}^{n}m_{j}</Math> , then there exist polynomials <Math mode="inline" xml:id="C1.S2.SS3.p3.m3">f_{j}(x)</Math> , <Math mode="inline" xml:id="C1.S2.SS3.p3.m4">\deg f_{j}&lt;m_{j}</Math> , such that <Math equation-number="1.2.16" mode="display" xml:id="C1.S2.E16">\frac{f(x)}{(x-\alpha_{1})^{m_{1}}(x-\alpha_{2})^{m_{2}}\cdots(x-\alpha_{n})^{ m_{n}}}=\frac{f_{1}(x)}{(x-\alpha_{1})^{m_{1}}}+\frac{f_{2}(x)}{(x-\alpha_{2}) ^{m_{2}}}+\cdots+\frac{f_{n}(x)}{(x-\alpha_{n})^{m_{n}}}</Math>.
</sentence>

<sentence sentence-num-in-para="2" sentence-num-in-section="26" xml:id="C1.S2.SS3.p3.s2">
To find the polynomials <Math mode="inline" xml:id="C1.S2.SS3.p3.m5">f_{j}(x)</Math> , <Math mode="inline" xml:id="C1.S2.SS3.p3.m6">j=1,2,\dots,n</Math> , multiply both sides by the denominator of the left-hand side and equate coefficients.
</sentence>

<sentence sentence-num-in-para="3" sentence-num-in-section="27" xml:id="C1.S2.SS3.p3.s3">
SeeChrystal (1959a, pp. 151–159).
</sentence>

</para>
 
</subsection>
 
<subsection xml:id="C1.S2.SS4">
<title>Means</title>             
<para xml:id="C1.S2.SS4.p1">

<sentence sentence-num-in-para="1" sentence-num-in-section="28" xml:id="C1.S2.SS4.p1.s1">
The arithmetic mean of <Math mode="inline" xml:id="C1.S2.SS4.p1.m1">n</Math> numbers <Math mode="inline" xml:id="C1.S2.SS4.p1.m2">a_{1},a_{2},\dots,a_{n}</Math> is <Math equation-number="1.2.17" mode="display" xml:id="C1.S2.E17">A=\frac{a_{1}+a_{2}+\dots+a_{n}}{n}</Math>.
</sentence>

</para>
 
<para xml:id="C1.S2.SS4.p2">

<sentence sentence-num-in-para="1" sentence-num-in-section="29" xml:id="C1.S2.SS4.p2.s1">
The geometric mean <Math mode="inline" xml:id="C1.S2.SS4.p2.m1">G</Math> and harmonic mean <Math mode="inline" xml:id="C1.S2.SS4.p2.m2">H</Math> of <Math mode="inline" xml:id="C1.S2.SS4.p2.m3">n</Math> positive numbers <Math mode="inline" xml:id="C1.S2.SS4.p2.m4">a_{1},a_{2},\dots,a_{n}</Math> are given by <Math equation-number="1.2.18" mode="display" xml:id="C1.S2.E18">G=(a_{1}a_{2}\cdots a_{n})^{1/n},</Math> <Math equation-number="1.2.19" mode="display" xml:id="C1.S2.E19">\frac{1}{H}=\frac{1}{n}\left(\frac{1}{a_{1}}+\frac{1}{a_{2}}+\dots+\frac{1}{a_ {n}}\right)</Math>.
</sentence>

</para>
 
<para xml:id="C1.S2.SS4.p3">

<sentence sentence-num-in-para="1" sentence-num-in-section="30" xml:id="C1.S2.SS4.p3.s1">
If <Math mode="inline" xml:id="C1.S2.SS4.p3.m1">r</Math> is a nonzero real number, then the weighted mean <Math mode="inline" xml:id="C1.S2.SS4.p3.m2">M(r)</Math> of <Math mode="inline" xml:id="C1.S2.SS4.p3.m3">n</Math> nonnegative numbers <Math mode="inline" xml:id="C1.S2.SS4.p3.m4">a_{1},a_{2},\dots,a_{n}</Math> , and <Math mode="inline" xml:id="C1.S2.SS4.p3.m5">n</Math> positive numbers <Math mode="inline" xml:id="C1.S2.SS4.p3.m6">p_{1},p_{2},\dots,p_{n}</Math> with <Math equation-number="1.2.20" mode="display" xml:id="C1.S2.E20">p_{1}+p_{2}+\dots+p_{n}=1,</Math> is defined by <Math equation-number="1.2.21" mode="display" xml:id="C1.S2.E21">M(r)=(p_{1}a_{1}^{r}+p_{2}a_{2}^{r}+\dots+p_{n}a_{n}^{r})^{1/r},</Math> with the exception <Math equation-number="1.2.22" mode="display" xml:id="C1.S2.E22">M(r)=0, if r&lt;0 and a_{1}a_{2}\dots a_{n}=0</Math>.
</sentence>

<sentence sentence-num-in-para="2" sentence-num-in-section="31" xml:id="C1.S2.SS4.p3.s2">
<Math equation-number="1.2.23" mode="display" xml:id="C1.S2.E23">\lim_{r\to\infty}M(r)=\max(a_{1},a_{2},\dots,a_{n}),</Math> , <Math equation-number="1.2.24" mode="display" xml:id="C1.S2.E24">\lim_{r\to-\infty}M(r)=\min(a_{1},a_{2},\dots,a_{n})</Math>.
</sentence>

<sentence sentence-num-in-para="3" sentence-num-in-section="32" xml:id="C1.S2.SS4.p3.s3">
For <Math mode="inline" xml:id="C1.S2.SS4.p3.m7">p_{j}=1/n</Math> , <Math mode="inline" xml:id="C1.S2.SS4.p3.m8">j=1,2,\dots,n</Math> , <Math equation-number="1.2.25" mode="display" xml:id="C1.S2.E25">M(1)=A,M(-1)=H,</Math> and <Math equation-number="1.2.26" mode="display" xml:id="C1.S2.E26">\lim_{r\to 0}M(r)=G</Math>.
</sentence>

<sentence sentence-num-in-para="4" sentence-num-in-section="33" xml:id="C1.S2.SS4.p3.s4">
The last two equations require <Math mode="inline" xml:id="C1.S2.SS4.p3.m9">a_{j}&gt;0</Math> for all <Math mode="inline" xml:id="C1.S2.SS4.p3.m10">j</Math>.
</sentence>

</para>
 
</subsection>
 
</section>
