<?xml version="1.0" encoding="UTF-8"?>
<section xml:id="C1.S3">
<title>Determinants</title>           
<subsection xml:id="C1.S3.SS1">
<title>Definitions and Elementary Properties</title>            
<para xml:id="C1.S3.SS1.p1">

<sentence sentence-num-in-para="1" sentence-num-in-section="1" xml:id="C1.S3.SS1.p1.s1">
 <Math equation-number="1.3.1" mode="display" xml:id="C1.S3.E1">\det[a_{jk}]=\begin{vmatrix}a_{11}&amp;a_{12}\\ a_{21}&amp;a_{22}\end{vmatrix}=a_{11}a_{22}-a_{12}a_{21}</Math>.
</sentence>

<sentence sentence-num-in-para="2" sentence-num-in-section="2" xml:id="C1.S3.SS1.p1.s2">
<Math equation-number="1.3.2" mode="display" xml:id="C1.S3.E2">\det[a_{jk}]=\begin{vmatrix}a_{11}&amp;a_{12}&amp;a_{13}\\ a_{21}&amp;a_{22}&amp;a_{23}\\ a_{31}&amp;a_{32}&amp;a_{33}\end{vmatrix}=a_{11}\begin{vmatrix}a_{22}&amp;a_{23}\\ a_{32}&amp;a_{33}\end{vmatrix}-a_{12}\begin{vmatrix}a_{21}&amp;a_{23}\\ a_{31}&amp;a_{33}\end{vmatrix}+a_{13}\begin{vmatrix}a_{21}&amp;a_{22}\\ a_{31}&amp;a_{32}\end{vmatrix}=a_{11}a_{22}a_{33}-a_{11}a_{23}a_{32}-a_{12}a_{21}a _{33}+a_{12}a_{23}a_{31}+a_{13}a_{21}a_{32}-a_{13}a_{22}a_{31}</Math>.
</sentence>

<sentence sentence-num-in-para="3" sentence-num-in-section="3" xml:id="C1.S3.SS1.p1.s3">
Higher-order determinants are natural generalizations.
</sentence>

<sentence sentence-num-in-para="4" sentence-num-in-section="4" xml:id="C1.S3.SS1.p1.s4">
The minor <Math mode="inline" xml:id="C1.S3.SS1.p1.m1">M_{jk}</Math> of the entry <Math mode="inline" xml:id="C1.S3.SS1.p1.m2">a_{jk}</Math> in the <Math mode="inline" xml:id="C1.S3.SS1.p1.m3">n</Math> th-order determinant <Math mode="inline" xml:id="C1.S3.SS1.p1.m4">\det[a_{jk}]</Math> is the ( <Math mode="inline" xml:id="C1.S3.SS1.p1.m5">n-1</Math> )th-order determinant derived from <Math mode="inline" xml:id="C1.S3.SS1.p1.m6">\det[a_{jk}]</Math> by deleting the <Math mode="inline" xml:id="C1.S3.SS1.p1.m7">j</Math> th row and the <Math mode="inline" xml:id="C1.S3.SS1.p1.m8">k</Math> th column.
</sentence>

<sentence sentence-num-in-para="5" sentence-num-in-section="5" xml:id="C1.S3.SS1.p1.s5">
The cofactor <Math mode="inline" xml:id="C1.S3.SS1.p1.m9">A_{jk}</Math> of <Math mode="inline" xml:id="C1.S3.SS1.p1.m10">a_{jk}</Math> is <Math equation-number="1.3.3" mode="display" xml:id="C1.S3.E3">A_{jk}=(-1)^{j+k}M_{jk}</Math>.
</sentence>

<sentence sentence-num-in-para="6" sentence-num-in-section="6" xml:id="C1.S3.SS1.p1.s6">
An <Math mode="inline" xml:id="C1.S3.SS1.p1.m11">n</Math> th-order determinant expanded by its <Math mode="inline" xml:id="C1.S3.SS1.p1.m12">j</Math> th row is given by <Math equation-number="1.3.4" mode="display" xml:id="C1.S3.E4">\det[a_{jk}]=\sum^{n}_{\ell=1}a_{j\ell}A_{j\ell}</Math>.
</sentence>

<sentence sentence-num-in-para="7" sentence-num-in-section="7" xml:id="C1.S3.SS1.p1.s7">
If two rows (or columns) of a determinant are interchanged, then the determinant changes sign.
</sentence>

<sentence sentence-num-in-para="8" sentence-num-in-section="8" xml:id="C1.S3.SS1.p1.s8">
If two rows (columns) of a determinant are identical, then the determinant is zero.
</sentence>

<sentence sentence-num-in-para="9" sentence-num-in-section="9" xml:id="C1.S3.SS1.p1.s9">
If all the elements of a row (column) of a determinant are multiplied by an arbitrary factor <Math mode="inline" xml:id="C1.S3.SS1.p1.m13">\mu</Math> , then the result is a determinant which is <Math mode="inline" xml:id="C1.S3.SS1.p1.m14">\mu</Math> times the original.
</sentence>

<sentence sentence-num-in-para="10" sentence-num-in-section="10" xml:id="C1.S3.SS1.p1.s10">
If <Math mode="inline" xml:id="C1.S3.SS1.p1.m15">\mu</Math> times a row (column) of a determinant is added to another row (column), then the value of the determinant is unchanged. <Math equation-number="1.3.5" mode="display" xml:id="C1.S3.E5">\det[a_{jk}]^{\mathrm{T}}=\det[a_{jk}],</Math> , <Math equation-number="1.3.6" mode="display" xml:id="C1.S3.E6">\det[a_{jk}]^{-1}=\frac{1}{\det[a_{jk}]},</Math> , <Math equation-number="1.3.7" mode="display" xml:id="C1.S3.E7">\det([a_{jk}][b_{jk}])=(\det[a_{jk}])(\det[b_{jk}])</Math>.
</sentence>

</para>
 
<paragraph xml:id="C1.S3.Px1">
<title>Hadamard’s Inequality</title>      
<para xml:id="C1.S3.Px1.p1">

<sentence sentence-num-in-para="1" sentence-num-in-section="11" xml:id="C1.S3.Px1.p1.s1">
For real-valued <Math mode="inline" xml:id="C1.S3.Px1.p1.m1">a_{jk}</Math> , <Math equation-number="1.3.8" mode="display" xml:id="C1.S3.E8">{\begin{vmatrix}a_{11}&amp;a_{12}\\ a_{21}&amp;a_{22}\end{vmatrix}}^{2}\leq(a^{2}_{11}+a^{2}_{12})(a^{2}_{21}+a^{2}_{2 2}),</Math> <Math equation-number="1.3.9" mode="display" xml:id="C1.S3.E9">\det[a_{jk}]^{2}\leq\left(\sum^{n}_{k=1}a^{2}_{1k}\right)\left(\sum^{n}_{k=1}a ^{2}_{2k}\right)\dots\left(\sum^{n}_{k=1}a^{2}_{nk}\right)</Math>.
</sentence>

<sentence sentence-num-in-para="2" sentence-num-in-section="12" xml:id="C1.S3.Px1.p1.s2">
Compare also (1.3.7) for the left-hand side.
</sentence>

<sentence sentence-num-in-para="3" sentence-num-in-section="13" xml:id="C1.S3.Px1.p1.s3">
Equality holds iff <Math equation-number="1.3.10" mode="display" xml:id="C1.S3.E10">a_{j1}a_{k1}+a_{j2}a_{k2}+\dots+a_{jn}a_{kn}=0</Math> for every distinct pair of <Math mode="inline" xml:id="C1.S3.Px1.p1.m2">j,k</Math> , or when one of the factors <Math mode="inline" xml:id="C1.S3.Px1.p1.m3">\sum^{n}_{k=1}a^{2}_{jk}</Math> vanishes.
</sentence>

</para>
 
</paragraph>
 
</subsection>
 
<subsection xml:id="C1.S3.SS2">
<title>Special Determinants</title>           
<para xml:id="C1.S3.SS2.p1">

<sentence sentence-num-in-para="1" sentence-num-in-section="14" xml:id="C1.S3.SS2.p1.s1">
An alternant is a determinant function of <Math mode="inline" xml:id="C1.S3.SS2.p1.m1">n</Math> variables which changes sign when two of thevariables are interchanged. Examples: <Math equation-number="1.3.11" mode="display" xml:id="C1.S3.E11">\det[f_{k}(x_{j})], if j=1,\dots,n; k=1,\dots,n,</Math> , <Math equation-number="1.3.12" mode="display" xml:id="C1.S3.E12">\det[f(x_{j},y_{k})], if j=1,\dots,n; k=1,\dots,n</Math>.
</sentence>

</para>
 
<paragraph xml:id="C1.S3.Px2">
<title>Vandermonde Determinant or Vandermondian</title>     
<para xml:id="C1.S3.Px2.p1">

<sentence sentence-num-in-para="1" sentence-num-in-section="15" xml:id="C1.S3.Px2.p1.s1">
 <Math equation-number="1.3.13" mode="display" xml:id="C1.S3.E13">\begin{vmatrix}1&amp;x_{1}&amp;x^{2}_{1}&amp;\cdots&amp;x^{n-1}_{1}\\ 1&amp;x_{2}&amp;x^{2}_{2}&amp;\cdots&amp;x^{n-1}_{2}\\ \vdots&amp;\vdots&amp;\vdots&amp;\ddots&amp;\vdots\\ 1&amp;x_{n}&amp;x^{2}_{n}&amp;\cdots&amp;x_{n}^{n-1}\end{vmatrix}=\prod_{1\leq j&lt;k\leq n}(x_{k }-x_{j})</Math>.
</sentence>

</para>

 
</paragraph>
 
<paragraph xml:id="C1.S3.Px3">
<title>Cauchy Determinant</title>     
<para xml:id="C1.S3.Px3.p1">

<sentence sentence-num-in-para="1" sentence-num-in-section="16" xml:id="C1.S3.Px3.p1.s1">
 <Math equation-number="1.3.14" mode="display" xml:id="C1.S3.E14">\det\left[\frac{1}{a_{j}-b_{k}}\right]=(-1)^{n(n-1)/2}\*\prod_{1\leq j&lt;k\leq n }(a_{k}-a_{j})(b_{k}-b_{j})\Bigg{/}\prod^{n}_{j,k=1}(a_{j}-b_{k})</Math>.
</sentence>

</para>
 
</paragraph>
 
<paragraph xml:id="C1.S3.Px4">
<title>Circulant</title>   
 
<para xml:id="C1.S3.Px4.p1">

<sentence sentence-num-in-para="1" sentence-num-in-section="17" xml:id="C1.S3.Px4.p1.s1">
 <Math equation-number="1.3.15" mode="display" xml:id="C1.S3.E15">\begin{vmatrix}a_{1}&amp;a_{2}&amp;\cdots&amp;a_{n}\\ a_{n}&amp;a_{1}&amp;\cdots&amp;a_{n-1}\\ \vdots&amp;\vdots&amp;\ddots&amp;\vdots\\ a_{2}&amp;a_{3}&amp;\cdots&amp;a_{1}\end{vmatrix}=\prod^{n}_{k=1}(a_{1}+a_{2}\omega_{k}+a_ {3}\omega_{k}^{2}+\dots+a_{n}\omega_{k}^{n-1}),</Math> where <Math mode="inline" xml:id="C1.S3.Px4.p1.m1">\omega_{1},\omega_{2},\dots,\omega_{n}</Math> are the <Math mode="inline" xml:id="C1.S3.Px4.p1.m2">n</Math> th roots of unity (1.11.21).
</sentence>

</para>
 
</paragraph>
 
<paragraph xml:id="C1.S3.Px5">
<title>Krattenthaler’s Formula</title>     
<para xml:id="C1.S3.Px5.p1">

<sentence sentence-num-in-para="1" sentence-num-in-section="18" xml:id="C1.S3.Px5.p1.s1">
For <Math equation-number="1.3.16" mode="display" xml:id="C1.S3.E16">t_{jk}=(x_{j}+a_{n})(x_{j}+a_{n-1})\cdots(x_{j}+a_{k+1})\*(x_{j}+b_{k})(x_{j}+ b_{k-1})\cdots(x_{j}+b_{2}),</Math> <Math equation-number="1.3.17" mode="display" xml:id="C1.S3.E17">\det[t_{jk}]=\prod_{1\leq j&lt;k\leq n}(x_{j}-x_{k})\prod_{2\leq j\leq k\leq n}(b _{j}-a_{k})</Math>.
</sentence>

</para>
 
</paragraph>
 
</subsection>
 
<subsection xml:id="C1.S3.SS3">
<title>Infinite Determinants</title>         
<para xml:id="C1.S3.SS3.p1">

<sentence sentence-num-in-para="1" sentence-num-in-section="19" xml:id="C1.S3.SS3.p1.s1">
Let <Math mode="inline" xml:id="C1.S3.SS3.p1.m1">a_{j,k}</Math> be defined for all integer values of <Math mode="inline" xml:id="C1.S3.SS3.p1.m2">j</Math> and <Math mode="inline" xml:id="C1.S3.SS3.p1.m3">k</Math> , and <Math mode="inline" xml:id="C1.S3.SS3.p1.m4">D_{n}[a_{j,k}]</Math> denote the <Math mode="inline" xml:id="C1.S3.SS3.p1.m5">(2n+1)\times(2n+1)</Math> determinant <Math equation-number="1.3.18" mode="display" xml:id="C1.S3.E18">D_{n}[a_{j,k}]=\begin{vmatrix}a_{-n,-n}&amp;a_{-n,-n+1}&amp;\dots&amp;a_{-n,n}\\ a_{-n+1,-n}&amp;a_{-n+1,-n+1}&amp;\dots&amp;a_{-n+1,n}\\ \vdots&amp;\vdots&amp;\ddots&amp;\vdots\\ a_{n,-n}&amp;a_{n,-n+1}&amp;\dots&amp;a_{n,n}\end{vmatrix}</Math>.
</sentence>

<sentence sentence-num-in-para="2" sentence-num-in-section="20" xml:id="C1.S3.SS3.p1.s2">
If <Math mode="inline" xml:id="C1.S3.SS3.p1.m6">D_{n}[a_{j,k}]</Math> tends to a limit <Math mode="inline" xml:id="C1.S3.SS3.p1.m7">L</Math> as <Math mode="inline" xml:id="C1.S3.SS3.p1.m8">n\to\infty</Math> , then we say that theinfinite determinant <Math mode="inline" xml:id="C1.S3.SS3.p1.m9">D_{\infty}[a_{j,k}]</Math> converges and <Math mode="inline" xml:id="C1.S3.SS3.p1.m10">D_{\infty}[a_{j,k}]=L</Math>.
</sentence>

</para>
 
<para xml:id="C1.S3.SS3.p2">

<sentence sentence-num-in-para="1" sentence-num-in-section="21" xml:id="C1.S3.SS3.p2.s1">
Of importance for special functions are infinite determinants of Hill’s type.
</sentence>

<sentence sentence-num-in-para="2" sentence-num-in-section="22" xml:id="C1.S3.SS3.p2.s2">
These have the property that the double series <Math equation-number="1.3.19" mode="display" xml:id="C1.S3.E19">\sum^{\infty}_{j,k=-\infty}|a_{j,k}-\delta_{j,k}|</Math> converges (§1.9(vii)).
</sentence>

<sentence sentence-num-in-para="3" sentence-num-in-section="23" xml:id="C1.S3.SS3.p2.s3">
Here <Math mode="inline" xml:id="C1.S3.SS3.p2.m1">\delta_{j,k}</Math> is the Kronecker delta.
</sentence>

<sentence sentence-num-in-para="4" sentence-num-in-section="24" xml:id="C1.S3.SS3.p2.s4">
Hill-type determinants always converge.
</sentence>

</para>
 
<para xml:id="C1.S3.SS3.p3">

<sentence sentence-num-in-para="1" sentence-num-in-section="25" xml:id="C1.S3.SS3.p3.s1">
For further information see Whittaker and Watson (1927, pp. 36–40) andMagnus and Winkler (1966, §2.3).
</sentence>

</para>

 
</subsection>
 
</section>
