<?xml version="1.0" encoding="UTF-8"?>
<section xml:id="C1.S4">
<title>Calculus of One Variable</title>          
<subsection xml:id="C1.S4.SS1">
<title>Monotonicity</title>                  
<para xml:id="C1.S4.SS1.p1">

<sentence sentence-num-in-para="1" sentence-num-in-section="1" xml:id="C1.S4.SS1.p1.s1">
If <Math mode="inline" xml:id="C1.S4.SS1.p1.m1">f(x_{1})\leq f(x_{2})</Math> for every pair <Math mode="inline" xml:id="C1.S4.SS1.p1.m2">x_{1}</Math> , <Math mode="inline" xml:id="C1.S4.SS1.p1.m3">x_{2}</Math> in an interval <Math mode="inline" xml:id="C1.S4.SS1.p1.m4">I</Math> such that <Math mode="inline" xml:id="C1.S4.SS1.p1.m5">x_{1}&lt;x_{2}</Math> , then <Math mode="inline" xml:id="C1.S4.SS1.p1.m6">f(x)</Math> is nondecreasing on <Math mode="inline" xml:id="C1.S4.SS1.p1.m7">I</Math>.
</sentence>

<sentence sentence-num-in-para="2" sentence-num-in-section="2" xml:id="C1.S4.SS1.p1.s2">
If the <Math mode="inline" xml:id="C1.S4.SS1.p1.m8">\leq</Math> sign is replaced by <Math mode="inline" xml:id="C1.S4.SS1.p1.m9">&lt;</Math> , then <Math mode="inline" xml:id="C1.S4.SS1.p1.m10">f(x)</Math> is increasing (also called strictly increasing) on <Math mode="inline" xml:id="C1.S4.SS1.p1.m11">I</Math>.
</sentence>

<sentence sentence-num-in-para="3" sentence-num-in-section="3" xml:id="C1.S4.SS1.p1.s3">
Similarly for nonincreasing and decreasing (strictly decreasing) functions.
</sentence>

<sentence sentence-num-in-para="4" sentence-num-in-section="4" xml:id="C1.S4.SS1.p1.s4">
Each of the preceding four cases is classified as monotonic; sometimes strictly monotonic is used for the strictly increasing or strictly decreasing cases.
</sentence>

</para>
 
</subsection>
 
<subsection xml:id="C1.S4.SS2">
<title>Continuity</title>             
<para xml:id="C1.S4.SS2.p1">

<sentence sentence-num-in-para="1" sentence-num-in-section="5" xml:id="C1.S4.SS2.p1.s1">
A function <Math mode="inline" xml:id="C1.S4.SS2.p1.m1">f(x)</Math> is continuous on the right (or from above) at <Math mode="inline" xml:id="C1.S4.SS2.p1.m2">x=c</Math> if <Math equation-number="1.4.1" mode="display" xml:id="C1.S4.E1">f(c+)=\lim_{x\to c+}f(x)=f(c),</Math> that is, for every arbitrarily small positive constant <Math mode="inline" xml:id="C1.S4.SS2.p1.m3">\epsilon</Math> there exists <Math mode="inline" xml:id="C1.S4.SS2.p1.m4">\delta</Math> ( <Math mode="inline" xml:id="C1.S4.SS2.p1.m5">&gt;0</Math> ) such that <Math equation-number="1.4.2" mode="display" xml:id="C1.S4.E2">|f(c+\alpha)-f(c)|&lt;\epsilon,</Math> for all <Math mode="inline" xml:id="C1.S4.SS2.p1.m6">\alpha</Math> such that <Math mode="inline" xml:id="C1.S4.SS2.p1.m7">0\leq\alpha&lt;\delta</Math>.
</sentence>

<sentence sentence-num-in-para="2" sentence-num-in-section="6" xml:id="C1.S4.SS2.p1.s2">
Similarly, it is continuous on the left (or from below) at <Math mode="inline" xml:id="C1.S4.SS2.p1.m8">x=c</Math> if <Math equation-number="1.4.3" mode="display" xml:id="C1.S4.E3">f(c-)=\lim_{x\to c-}f(x)=f(c)</Math>.
</sentence>

<sentence sentence-num-in-para="3" sentence-num-in-section="7" xml:id="C1.S4.SS2.p1.s3">
And <Math mode="inline" xml:id="C1.S4.SS2.p1.m9">f(x)</Math> is continuous at <Math mode="inline" xml:id="C1.S4.SS2.p1.m10">c</Math> when both (1.4.1) and (1.4.3) apply.
</sentence>

</para>
 
<para xml:id="C1.S4.SS2.p2">

<sentence sentence-num-in-para="1" sentence-num-in-section="8" xml:id="C1.S4.SS2.p2.s1">
If <Math mode="inline" xml:id="C1.S4.SS2.p2.m1">f(x)</Math> is continuous at each point <Math mode="inline" xml:id="C1.S4.SS2.p2.m2">c\in(a,b)</Math> , then <Math mode="inline" xml:id="C1.S4.SS2.p2.m3">f(x)</Math> iscontinuous on the interval <Math mode="inline" xml:id="C1.S4.SS2.p2.m4">(a,b)</Math> and we write <Math mode="inline" xml:id="C1.S4.SS2.p2.m5">f\in C(a,b)</Math>.
</sentence>

<sentence sentence-num-in-para="2" sentence-num-in-section="9" xml:id="C1.S4.SS2.p2.s2">
If also <Math mode="inline" xml:id="C1.S4.SS2.p2.m6">f(x)</Math> is continuous on the right at <Math mode="inline" xml:id="C1.S4.SS2.p2.m7">x=a</Math> , and continuous on the left at <Math mode="inline" xml:id="C1.S4.SS2.p2.m8">x=b</Math> , then <Math mode="inline" xml:id="C1.S4.SS2.p2.m9">f(x)</Math> is continuous on the interval <Math mode="inline" xml:id="C1.S4.SS2.p2.m10">[a,b]</Math> , and we write <Math mode="inline" xml:id="C1.S4.SS2.p2.m15">f(x)\in C[a,b]</Math>.
</sentence>

</para>
 
<para xml:id="C1.S4.SS2.p3">

<sentence sentence-num-in-para="1" sentence-num-in-section="10" xml:id="C1.S4.SS2.p3.s1">
A removable singularity of <Math mode="inline" xml:id="C1.S4.SS2.p3.m1">f(x)</Math> at <Math mode="inline" xml:id="C1.S4.SS2.p3.m2">x=c</Math> occurs when <Math mode="inline" xml:id="C1.S4.SS2.p3.m3">f(c+)=f(c-)</Math> but <Math mode="inline" xml:id="C1.S4.SS2.p3.m4">f(c)</Math> is undefined. For example, <Math mode="inline" xml:id="C1.S4.SS2.p3.m5">f(x)=(\sin x)/x</Math> with <Math mode="inline" xml:id="C1.S4.SS2.p3.m6">c=0</Math>.
</sentence>

</para>
 
<para xml:id="C1.S4.SS2.p4">

<sentence sentence-num-in-para="1" sentence-num-in-section="11" xml:id="C1.S4.SS2.p4.s1">
A simple discontinuity of <Math mode="inline" xml:id="C1.S4.SS2.p4.m1">f(x)</Math> at <Math mode="inline" xml:id="C1.S4.SS2.p4.m2">x=c</Math> occurs when <Math mode="inline" xml:id="C1.S4.SS2.p4.m3">f(c+)</Math> and <Math mode="inline" xml:id="C1.S4.SS2.p4.m4">f(c-)</Math> exist, but <Math mode="inline" xml:id="C1.S4.SS2.p4.m5">f(c+)\not=f(c-)</Math>.
</sentence>

<sentence sentence-num-in-para="2" sentence-num-in-section="12" xml:id="C1.S4.SS2.p4.s2">
If <Math mode="inline" xml:id="C1.S4.SS2.p4.m6">f(x)</Math> is continuous on an interval <Math mode="inline" xml:id="C1.S4.SS2.p4.m7">I</Math> save for a finite number of simple discontinuities, then <Math mode="inline" xml:id="C1.S4.SS2.p4.m8">f(x)</Math> is piecewise (or sectionally) continuous on <Math mode="inline" xml:id="C1.S4.SS2.p4.m9">I</Math>.
</sentence>

<sentence sentence-num-in-para="3" sentence-num-in-section="13" xml:id="C1.S4.SS2.p4.s3">
For an example, see Figure1.4.1
</sentence>

</para>
          
<sentence sentence-num-in-section="14" xml:id="C1.S4.F1.s1">
Figure 1.4.1: Piecewise continuous function on <Math mode="inline" xml:id="C1.S4.F1.m2">[a,b)</Math> .
</sentence>    
</subsection>
 
<subsection xml:id="C1.S4.SS3">
<title>Derivatives</title>         
  
<para xml:id="C1.S4.SS3.p1">

<sentence sentence-num-in-para="1" sentence-num-in-section="15" xml:id="C1.S4.SS3.p1.s1">
The derivative <Math mode="inline" xml:id="C1.S4.SS3.p1.m1">f^{\prime}(x)</Math> of <Math mode="inline" xml:id="C1.S4.SS3.p1.m2">f(x)</Math> is defined by <Math equation-number="1.4.4" mode="display" xml:id="C1.S4.E4">f^{\prime}(x)=\frac{\mathrm{d}f}{\mathrm{d}x}=\lim_{h\to 0}\frac{f(x+h)-f(x)}{ h}</Math>.
</sentence>

<sentence sentence-num-in-para="2" sentence-num-in-section="16" xml:id="C1.S4.SS3.p1.s2">
When this limit exists <Math mode="inline" xml:id="C1.S4.SS3.p1.m3">f</Math> is differentiable at <Math mode="inline" xml:id="C1.S4.SS3.p1.m4">x</Math>.
</sentence>

<sentence sentence-num-in-para="3" sentence-num-in-section="17" xml:id="C1.S4.SS3.p1.s3">
<Math equation-number="1.4.5" mode="display" xml:id="C1.S4.E5">(f+g)^{\prime}(x)=f^{\prime}(x)+g^{\prime}(x),</Math> <Math equation-number="1.4.6" mode="display" xml:id="C1.S4.E6">(fg)^{\prime}(x)=f^{\prime}(x)g(x)+f(x)g^{\prime}(x),</Math> <Math equation-number="1.4.7" mode="display" xml:id="C1.S4.E7">\left(\frac{f}{g}\right)^{\prime}(x)=\frac{f^{\prime}(x)g(x)-f(x)g^{\prime}(x) }{(g(x))^{2}}</Math>.
</sentence>

</para>
 
<paragraph xml:id="C1.S4.Px1">
<title>Higher Derivatives</title>   
<para xml:id="C1.S4.Px1.p1">

<sentence sentence-num-in-para="1" sentence-num-in-section="18" xml:id="C1.S4.Px1.p1.s1">
 <Math equation-number="1.4.8" mode="display" xml:id="C1.S4.E8">f^{(2)}(x)=\frac{{\mathrm{d}}^{2}f}{{\mathrm{d}x}^{2}}=\frac{\mathrm{d}}{ \mathrm{d}x}\left(\frac{\mathrm{d}f}{\mathrm{d}x}\right),</Math> <Math equation-number="1.4.9" mode="display" xml:id="C1.S4.E9">f^{(n)}=f^{(n)}(x)=\frac{\mathrm{d}}{\mathrm{d}x}f^{(n-1)}(x)</Math>.
</sentence>

</para>
 
<para xml:id="C1.S4.Px1.p2">

<sentence sentence-num-in-para="1" sentence-num-in-section="19" xml:id="C1.S4.Px1.p2.s1">
If <Math mode="inline" xml:id="C1.S4.Px1.p2.m1">f^{(n)}</Math> exists and is continuous on an interval <Math mode="inline" xml:id="C1.S4.Px1.p2.m2">I</Math> , then we write <Math mode="inline" xml:id="C1.S4.Px1.p2.m12">f\in C^{n}(I)</Math>.
</sentence>

<sentence sentence-num-in-para="2" sentence-num-in-section="20" xml:id="C1.S4.Px1.p2.s2">
When <Math mode="inline" xml:id="C1.S4.Px1.p2.m13">n\geq 1</Math> , <Math mode="inline" xml:id="C1.S4.Px1.p2.m14">f</Math> is continuously differentiable on <Math mode="inline" xml:id="C1.S4.Px1.p2.m15">I</Math>.
</sentence>

<sentence sentence-num-in-para="3" sentence-num-in-section="21" xml:id="C1.S4.Px1.p2.s3">
When <Math mode="inline" xml:id="C1.S4.Px1.p2.m16">n</Math> is unbounded, <Math mode="inline" xml:id="C1.S4.Px1.p2.m17">f</Math> is infinitely differentiable on <Math mode="inline" xml:id="C1.S4.Px1.p2.m18">I</Math> and we write <Math mode="inline" xml:id="C1.S4.Px1.p2.m19">f\in C^{\infty}(I)</Math>.
</sentence>

</para>
 
</paragraph>
 
<paragraph xml:id="C1.S4.Px2">
<title>Chain Rule</title>     
<para xml:id="C1.S4.Px2.p1">

<sentence sentence-num-in-para="1" sentence-num-in-section="22" xml:id="C1.S4.Px2.p1.s1">
For <Math mode="inline" xml:id="C1.S4.Px2.p1.m1">h(x)=f(g(x))</Math> , <Math equation-number="1.4.10" mode="display" xml:id="C1.S4.E10">h^{\prime}(x)=f^{\prime}(g(x))g^{\prime}(x)</Math>.
</sentence>

</para>
 
</paragraph>
 
<paragraph xml:id="C1.S4.Px3">
<title>Maxima and Minima</title>     
<para xml:id="C1.S4.Px3.p1">

<sentence sentence-num-in-para="1" sentence-num-in-section="23" xml:id="C1.S4.Px3.p1.s1">
A necessary condition that a differentiable function <Math mode="inline" xml:id="C1.S4.Px3.p1.m1">f(x)</Math> has a local maximum (minimum) at <Math mode="inline" xml:id="C1.S4.Px3.p1.m2">x=c</Math> , that is, <Math mode="inline" xml:id="C1.S4.Px3.p1.m3">f(x)\leq f(c)</Math> , ( <Math mode="inline" xml:id="C1.S4.Px3.p1.m4">f(x)\geq f(c)</Math> ) in a neighborhood <Math mode="inline" xml:id="C1.S4.Px3.p1.m5">c-\delta\leq x\leq c+\delta</Math> ( <Math mode="inline" xml:id="C1.S4.Px3.p1.m6">\delta&gt;0</Math> ) of <Math mode="inline" xml:id="C1.S4.Px3.p1.m7">c</Math> , is <Math mode="inline" xml:id="C1.S4.Px3.p1.m8">f^{\prime}(c)=0</Math>.
</sentence>

</para>
 
</paragraph>
 
<paragraph xml:id="C1.S4.Px4">
<title>Mean Value Theorem</title>   
  
<para xml:id="C1.S4.Px4.p1">

<sentence sentence-num-in-para="1" sentence-num-in-section="24" xml:id="C1.S4.Px4.p1.s1">
If <Math mode="inline" xml:id="C1.S4.Px4.p1.m1">f(x)</Math> is continuous on <Math mode="inline" xml:id="C1.S4.Px4.p1.m2">[a,b]</Math> and differentiable on <Math mode="inline" xml:id="C1.S4.Px4.p1.m3">(a,b)</Math> , then there exists a point <Math mode="inline" xml:id="C1.S4.Px4.p1.m4">c\in(a,b)</Math> such that <Math equation-number="1.4.11" mode="display" xml:id="C1.S4.E11">f(b)-f(a)=(b-a)f^{\prime}(c)</Math>.
</sentence>

<sentence sentence-num-in-para="2" sentence-num-in-section="25" xml:id="C1.S4.Px4.p1.s2">
If <Math mode="inline" xml:id="C1.S4.Px4.p1.m5">f^{\prime}(x)\geq 0</Math> ( <Math mode="inline" xml:id="C1.S4.Px4.p1.m6">\leq 0</Math> ) ( <Math mode="inline" xml:id="C1.S4.Px4.p1.m7">=0</Math> ) for all <Math mode="inline" xml:id="C1.S4.Px4.p1.m8">x\in(a,b)</Math> , then <Math mode="inline" xml:id="C1.S4.Px4.p1.m9">f</Math> is nondecreasing (nonincreasing) (constant) on <Math mode="inline" xml:id="C1.S4.Px4.p1.m10">(a,b)</Math>.
</sentence>

</para>
 
</paragraph>
 
<paragraph xml:id="C1.S4.Px5">
<title>Leibniz’s Formula</title>     
<para xml:id="C1.S4.Px5.p1">

<sentence sentence-num-in-para="1" sentence-num-in-section="26" xml:id="C1.S4.Px5.p1.s1">
 <Math equation-number="1.4.12" mode="display" xml:id="C1.S4.E12">(fg)^{(n)}=f^{(n)}g+\genfrac{(}{)}{0.0pt}{}{n}{1}f^{(n-1)}g^{\prime}+\dots+ \genfrac{(}{)}{0.0pt}{}{n}{k}f^{(n-k)}g^{(k)}+\dots+fg^{(n)}</Math>.
</sentence>

</para>

 
</paragraph>
 
<paragraph xml:id="C1.S4.Px6">
<title>Faà Di Bruno’s Formula</title>   
  
<para xml:id="C1.S4.Px6.p1">

<sentence sentence-num-in-para="1" sentence-num-in-section="27" xml:id="C1.S4.Px6.p1.s1">
 <Math equation-number="1.4.13" mode="display" xml:id="C1.S4.E13">\frac{{\mathrm{d}}^{n}}{{\mathrm{d}x}^{n}}f(g(x))=\sum\left(\frac{n!}{m_{1}!m_ {2}!\cdots m_{n}!}\right)f^{(k)}(g(x))\*\left(\frac{g^{\prime}(x)}{1!}\right)^ {m_{1}}\left(\frac{g^{\prime\prime}(x)}{2!}\right)^{m_{2}}\dots\left(\frac{g^{ (n)}(x)}{n!}\right)^{m_{n}}</Math> , where the sum is over all nonnegative integers <Math mode="inline" xml:id="C1.S4.Px6.p1.m1">m_{1},m_{2},\dots,m_{n}</Math> that satisfy <Math mode="inline" xml:id="C1.S4.Px6.p1.m2">m_{1}+2m_{2}+\dots+nm_{n}=n</Math> , and <Math mode="inline" xml:id="C1.S4.Px6.p1.m3">k=m_{1}+m_{2}+\dots+m_{n}</Math>.
</sentence>

</para>
 
</paragraph>
 
<paragraph xml:id="C1.S4.Px7">
<title>L’Hôpital’s Rule</title>     
<para xml:id="C1.S4.Px7.p1">

<sentence sentence-num-in-para="1" sentence-num-in-section="28" xml:id="C1.S4.Px7.p1.s1">
If <Math equation-number="1.4.14" mode="display" xml:id="C1.S4.E14">\lim\limits_{x\to a}f(x)=\lim\limits_{x\to a}g(x)=0\;\;\mbox{(or $\infty$)},</Math> then <Math equation-number="1.4.15" mode="display" xml:id="C1.S4.E15">\lim_{x\to a}\frac{f(x)}{g(x)}=\lim_{x\to a}\frac{f^{\prime}(x)}{g^{\prime}(x)},</Math> when the last limit exists.
</sentence>

</para>
 
</paragraph>
 
</subsection>
 
<subsection xml:id="C1.S4.SS4">
<title>Indefinite Integrals</title>            
 
<para xml:id="C1.S4.SS4.p1">

<sentence sentence-num-in-para="1" sentence-num-in-section="29" xml:id="C1.S4.SS4.p1.s1">
If <Math mode="inline" xml:id="C1.S4.SS4.p1.m1">F^{\prime}(x)=f(x)</Math> , then <Math mode="inline" xml:id="C1.S4.SS4.p1.m2">\int f\mathrm{d}x=F(x)+C</Math> , where <Math mode="inline" xml:id="C1.S4.SS4.p1.m3">C</Math> is a constant.
</sentence>

</para>
 
<paragraph xml:id="C1.S4.Px8">
<title>Integration by Parts</title>   
 
<para xml:id="C1.S4.Px8.p1">

<sentence sentence-num-in-para="1" sentence-num-in-section="30" xml:id="C1.S4.Px8.p1.s1">
 <Math equation-number="1.4.16" mode="display" xml:id="C1.S4.E16">\int fg\mathrm{d}x=\left(\int f\mathrm{d}x\right)g-\int\left(\int f\mathrm{d}x \right)\frac{\mathrm{d}g}{\mathrm{d}x}\mathrm{d}x</Math>.
</sentence>

<sentence sentence-num-in-para="2" sentence-num-in-section="31" xml:id="C1.S4.Px8.p1.s2">
<Math equation-number="1.4.17" mode="display" xml:id="C1.S4.E17">\int x^{n}\mathrm{d}x=\begin{cases}\dfrac{x^{n+1}}{n+1}+C,&amp;\quad n\not=-1,\\ \ln\left|x\right|+C,&amp;\quad n=-1.\end{cases</Math> } For the function <Math mode="inline" xml:id="C1.S4.Px8.p1.m1">\ln</Math> see §4.2(i).
</sentence>

</para>
 
<para xml:id="C1.S4.Px8.p2">

<sentence sentence-num-in-para="1" sentence-num-in-section="32" xml:id="C1.S4.Px8.p2.s1">
See §§4.10, 4.26(ii), 4.26(iv),4.40(ii),and 4.40(iv) for indefinite integrals involving the elementary functions.
</sentence>

</para>
 
<para xml:id="C1.S4.Px8.p3">

<sentence sentence-num-in-para="1" sentence-num-in-section="33" xml:id="C1.S4.Px8.p3.s1">
For extensive tables of integrals, see Apelblat (1983),Bierens de Haan (1867), Gradshteyn and Ryzhik (2000),Gröbner and Hofreiter (1949, 1950), andPrudnikov et al. (1986a, b, 1990, 1992a, 1992b).
</sentence>

</para>
 
</paragraph>
 
</subsection>
 
<subsection xml:id="C1.S4.SS5">
<title>Definite Integrals</title>           
<para xml:id="C1.S4.SS5.p1">

<sentence sentence-num-in-para="1" sentence-num-in-section="34" xml:id="C1.S4.SS5.p1.s1">
Suppose <Math mode="inline" xml:id="C1.S4.SS5.p1.m1">f(x)</Math> is defined on <Math mode="inline" xml:id="C1.S4.SS5.p1.m2">[a,b]</Math>.
</sentence>

<sentence sentence-num-in-para="2" sentence-num-in-section="35" xml:id="C1.S4.SS5.p1.s2">
Let <Math mode="inline" xml:id="C1.S4.SS5.p1.m3">a=x_{0}&lt;x_{1}&lt;\cdots&lt;x_{n}=b</Math> , and <Math mode="inline" xml:id="C1.S4.SS5.p1.m4">\xi_{j}</Math> denote any point in <Math mode="inline" xml:id="C1.S4.SS5.p1.m5">[x_{j},x_{j+1}]</Math> , <Math mode="inline" xml:id="C1.S4.SS5.p1.m6">j=0,1,\dots,n-1</Math>.
</sentence>

<sentence sentence-num-in-para="3" sentence-num-in-section="36" xml:id="C1.S4.SS5.p1.s3">
Then <Math equation-number="1.4.18" mode="display" xml:id="C1.S4.E18">\int^{b}_{a}f(x)\mathrm{d}x=\lim\sum^{n-1}_{j=0}f(\xi_{j})(x_{j+1}-x_{j})</Math> as <Math mode="inline" xml:id="C1.S4.SS5.p1.m7">\max(x_{j+1}-x_{j})\to 0</Math>.
</sentence>

<sentence sentence-num-in-para="4" sentence-num-in-section="37" xml:id="C1.S4.SS5.p1.s4">
Continuity, or piecewise continuity, of <Math mode="inline" xml:id="C1.S4.SS5.p1.m8">f(x)</Math> on <Math mode="inline" xml:id="C1.S4.SS5.p1.m9">[a,b]</Math> is sufficient for the limit to exist.
</sentence>

<sentence sentence-num-in-para="5" sentence-num-in-section="38" xml:id="C1.S4.SS5.p1.s5">
<Math equation-number="1.4.19" mode="display" xml:id="C1.S4.E19">\int^{b}_{a}(cf(x)+dg(x))\mathrm{d}x=c\int^{b}_{a}f(x)\mathrm{d}x+d\int^{b}_{a }g(x)\mathrm{d}x,</Math> <Math mode="inline" xml:id="C1.S4.SS5.p1.m10">c</Math> and <Math mode="inline" xml:id="C1.S4.SS5.p1.m11">d</Math> constants.
</sentence>

<sentence sentence-num-in-para="6" sentence-num-in-section="39" xml:id="C1.S4.SS5.p1.s6">
<Math equation-number="1.4.20" mode="display" xml:id="C1.S4.E20">\int^{b}_{a}f(x)\mathrm{d}x=-\int^{a}_{b}f(x)\mathrm{d}x</Math>.
</sentence>

<sentence sentence-num-in-para="7" sentence-num-in-section="40" xml:id="C1.S4.SS5.p1.s7">
<Math equation-number="1.4.21" mode="display" xml:id="C1.S4.E21">\int^{b}_{a}f(x)\mathrm{d}x=\int^{c}_{a}f(x)\mathrm{d}x+\int^{b}_{c}f(x) \mathrm{d}x</Math>.
</sentence>

</para>

 
<paragraph xml:id="C1.S4.Px9">
<title>Infinite Integrals</title>    
<para xml:id="C1.S4.Px9.p1">

<sentence sentence-num-in-para="1" sentence-num-in-section="41" xml:id="C1.S4.Px9.p1.s1">
 <Math equation-number="1.4.22" mode="display" xml:id="C1.S4.E22">\int^{\infty}_{a}f(x)\mathrm{d}x=\lim_{b\to\infty}\int^{b}_{a}f(x)\mathrm{d}x</Math>.
</sentence>

<sentence sentence-num-in-para="2" sentence-num-in-section="42" xml:id="C1.S4.Px9.p1.s2">
Similarly for <Math mode="inline" xml:id="C1.S4.Px9.p1.m1">\int^{a}_{-\infty}</Math>.
</sentence>

<sentence sentence-num-in-para="3" sentence-num-in-section="43" xml:id="C1.S4.Px9.p1.s3">
Next, if <Math mode="inline" xml:id="C1.S4.Px9.p1.m2">f(b)=\pm\infty</Math> , then <Math equation-number="1.4.23" mode="display" xml:id="C1.S4.E23">\int^{b}_{a}f(x)\mathrm{d}x=\lim_{c\to b-}\int^{c}_{a}f(x)\mathrm{d}x</Math>.
</sentence>

<sentence sentence-num-in-para="4" sentence-num-in-section="44" xml:id="C1.S4.Px9.p1.s4">
Similarly when <Math mode="inline" xml:id="C1.S4.Px9.p1.m3">f(a)=\pm\infty</Math>.
</sentence>

</para>
 
<para xml:id="C1.S4.Px9.p2">

<sentence sentence-num-in-para="1" sentence-num-in-section="45" xml:id="C1.S4.Px9.p2.s1">
When the limits in (1.4.22) and (1.4.23) exist, the integrals are said to be convergent.
</sentence>

<sentence sentence-num-in-para="2" sentence-num-in-section="46" xml:id="C1.S4.Px9.p2.s2">
If the limits exist with <Math mode="inline" xml:id="C1.S4.Px9.p2.m1">f(x)</Math> replaced by <Math mode="inline" xml:id="C1.S4.Px9.p2.m2">|f(x)|</Math> , then the integrals areabsolutely convergent.
</sentence>

<sentence sentence-num-in-para="3" sentence-num-in-section="47" xml:id="C1.S4.Px9.p2.s3">
Absolute convergence also implies convergence.
</sentence>

</para>
 
</paragraph>
 
<paragraph xml:id="C1.S4.Px10">
<title>Cauchy Principal Values</title>   
  
<para xml:id="C1.S4.Px10.p1">

<sentence sentence-num-in-para="1" sentence-num-in-section="48" xml:id="C1.S4.Px10.p1.s1">
Let <Math mode="inline" xml:id="C1.S4.Px10.p1.m1">c\in(a,b)</Math> and assume that <Math mode="inline" xml:id="C1.S4.Px10.p1.m2">\int_{a}^{c-\epsilon}f(x)\mathrm{d}x</Math> and <Math mode="inline" xml:id="C1.S4.Px10.p1.m3">\int_{c+\epsilon}^{b}f(x)\mathrm{d}x</Math> exist when <Math mode="inline" xml:id="C1.S4.Px10.p1.m4">0&lt;\epsilon&lt;\min(c-a,b-c)</Math> , but not necessarily when <Math mode="inline" xml:id="C1.S4.Px10.p1.m5">\epsilon=0</Math>.
</sentence>

<sentence sentence-num-in-para="2" sentence-num-in-section="49" xml:id="C1.S4.Px10.p1.s2">
Then we define <Math equation-number="1.4.24" mode="display" xml:id="C1.S4.E24">\pvint^{b}_{a}f(x)\mathrm{d}x=P\int^{b}_{a}f(x)\mathrm{d}x=\lim_{\epsilon\to 0 +}\left(\int^{c-\epsilon}_{a}f(x)\mathrm{d}x+\int^{b}_{c+\epsilon}f(x)\mathrm{ d}x\right),</Math> when this limit exists.
</sentence>

</para>
 
<para xml:id="C1.S4.Px10.p2">

<sentence sentence-num-in-para="1" sentence-num-in-section="50" xml:id="C1.S4.Px10.p2.s1">
Similarly, assume that <Math mode="inline" xml:id="C1.S4.Px10.p2.m1">\int_{-b}^{b}f(x)\mathrm{d}x</Math> exists for all finite values of <Math mode="inline" xml:id="C1.S4.Px10.p2.m2">b</Math> ( <Math mode="inline" xml:id="C1.S4.Px10.p2.m3">&gt;0</Math> ), but not necessarily when <Math mode="inline" xml:id="C1.S4.Px10.p2.m4">b=\infty</Math>.
</sentence>

<sentence sentence-num-in-para="2" sentence-num-in-section="51" xml:id="C1.S4.Px10.p2.s2">
Then we define <Math equation-number="1.4.25" mode="display" xml:id="C1.S4.E25">\pvint^{\infty}_{-\infty}f(x)\mathrm{d}x=P\int^{\infty}_{-\infty}f(x)\mathrm{d }x=\lim_{b\to\infty}\int^{b}_{-b}f(x)\mathrm{d}x,</Math> when this limit exists.
</sentence>

</para>
 
</paragraph>
 
<paragraph xml:id="C1.S4.Px11">
<title>Fundamental Theorem of Calculus</title>      
<para xml:id="C1.S4.Px11.p1">

<sentence sentence-num-in-para="1" sentence-num-in-section="52" xml:id="C1.S4.Px11.p1.s1">
For <Math mode="inline" xml:id="C1.S4.Px11.p1.m1">F^{\prime}(x)=f(x)</Math> with <Math mode="inline" xml:id="C1.S4.Px11.p1.m2">f(x)</Math> continuous, <Math equation-number="1.4.26" mode="display" xml:id="C1.S4.E26">\int^{b}_{a}f(x)\mathrm{d}x=F(b)-F(a),</Math> <Math equation-number="1.4.27" mode="display" xml:id="C1.S4.E27">\frac{\mathrm{d}}{\mathrm{d}x}\int^{x}_{a}f(t)\mathrm{d}t=f(x)</Math>.
</sentence>

</para>
 
</paragraph>
 
<paragraph xml:id="C1.S4.Px12">
<title>Change of Variables</title>    
<para xml:id="C1.S4.Px12.p1">

<sentence sentence-num-in-para="1" sentence-num-in-section="53" xml:id="C1.S4.Px12.p1.s1">
If <Math mode="inline" xml:id="C1.S4.Px12.p1.m1">\phi^{\prime}(x)</Math> is continuous or piecewise continuous, then <Math equation-number="1.4.28" mode="display" xml:id="C1.S4.E28">\int^{b}_{a}f(\phi(x))\phi^{\prime}(x)\mathrm{d}x=\int^{\phi(b)}_{\phi(a)}f(t) \mathrm{d}t</Math>.
</sentence>

</para>
 
</paragraph>
 
<paragraph xml:id="C1.S4.Px13">
<title>First Mean Value Theorem</title>     
<para xml:id="C1.S4.Px13.p1">

<sentence sentence-num-in-para="1" sentence-num-in-section="54" xml:id="C1.S4.Px13.p1.s1">
For <Math mode="inline" xml:id="C1.S4.Px13.p1.m1">f(x)</Math> continuous and <Math mode="inline" xml:id="C1.S4.Px13.p1.m2">\phi(x)\geq 0</Math> and integrable on <Math mode="inline" xml:id="C1.S4.Px13.p1.m3">[a,b]</Math> , there exists <Math mode="inline" xml:id="C1.S4.Px13.p1.m4">c\in[a,b]</Math> , such that <Math equation-number="1.4.29" mode="display" xml:id="C1.S4.E29">\int^{b}_{a}f(x)\phi(x)\mathrm{d}x=f(c)\int^{b}_{a}\phi(x)\mathrm{d}x</Math>.
</sentence>

</para>
 
</paragraph>
 
<paragraph xml:id="C1.S4.Px14">
<title>Second Mean Value Theorem</title>   
  
<para xml:id="C1.S4.Px14.p1">

<sentence sentence-num-in-para="1" sentence-num-in-section="55" xml:id="C1.S4.Px14.p1.s1">
For <Math mode="inline" xml:id="C1.S4.Px14.p1.m1">f(x)</Math> monotonic and <Math mode="inline" xml:id="C1.S4.Px14.p1.m2">\phi(x)</Math> integrable on <Math mode="inline" xml:id="C1.S4.Px14.p1.m3">[a,b]</Math> , there exists <Math mode="inline" xml:id="C1.S4.Px14.p1.m4">c\in[a,b]</Math> , such that <Math equation-number="1.4.30" mode="display" xml:id="C1.S4.E30">\int^{b}_{a}f(x)\phi(x)\mathrm{d}x=f(a)\int^{c}_{a}\phi(x)\mathrm{d}x+f(b)\int ^{b}_{c}\phi(x)\mathrm{d}x</Math>.
</sentence>

</para>
 
</paragraph>
 
<paragraph xml:id="C1.S4.Px15">
<title>Repeated Integrals</title>    
<para xml:id="C1.S4.Px15.p1">

<sentence sentence-num-in-para="1" sentence-num-in-section="56" xml:id="C1.S4.Px15.p1.s1">
If <Math mode="inline" xml:id="C1.S4.Px15.p1.m1">f(x)</Math> is continuous or piecewise continuous on <Math mode="inline" xml:id="C1.S4.Px15.p1.m2">[a,b]</Math> , then <Math equation-number="1.4.31" mode="display" xml:id="C1.S4.E31">\int_{a}^{b}\mathrm{d}x_{n}\int_{a}^{x_{n}}\mathrm{d}x_{n-1}\cdots\int_{a}^{x_ {2}}\mathrm{d}x_{1}\int_{a}^{x_{1}}f(x)\mathrm{d}x=\frac{1}{n!}\int_{a}^{b}(b- x)^{n}f(x)\mathrm{d}x</Math>.
</sentence>

</para>
 
</paragraph>
 
<paragraph xml:id="C1.S4.Px16">
<title>Square-Integrable Functions</title>   
  
<para xml:id="C1.S4.Px16.p1">

<sentence sentence-num-in-para="1" sentence-num-in-section="57" xml:id="C1.S4.Px16.p1.s1">
A function <Math mode="inline" xml:id="C1.S4.Px16.p1.m1">f(x)</Math> is square-integrable if <Math equation-number="1.4.32" mode="display" xml:id="C1.S4.E32">\|f\|^{2}_{2}=\int^{b}_{a}|f(x)|^{2}\mathrm{d}x&lt;\infty</Math>.
</sentence>

</para>
 
</paragraph>
 
<paragraph xml:id="C1.S4.Px17">
<title>Functions of Bounded Variation</title>      
<para xml:id="C1.S4.Px17.p1">

<sentence sentence-num-in-para="1" sentence-num-in-section="58" xml:id="C1.S4.Px17.p1.s1">
With <Math mode="inline" xml:id="C1.S4.Px17.p1.m1">a&lt;b</Math> , the total variation of <Math mode="inline" xml:id="C1.S4.Px17.p1.m2">f(x)</Math> on a finite or infinite interval <Math mode="inline" xml:id="C1.S4.Px17.p1.m3">(a,b)</Math> is <Math equation-number="1.4.33" mode="display" xml:id="C1.S4.E33">\mathcal{V}_{a,b}\left(f\right)=\sup\sum^{n}_{j=1}|f(x_{j})-f(x_{j-1})|,</Math> where the supremum is over all sets of points <Math mode="inline" xml:id="C1.S4.Px17.p1.m4">x_{0}&lt;x_{1}&lt;\cdots&lt;x_{n}</Math> in theclosure of <Math mode="inline" xml:id="C1.S4.Px17.p1.m5">(a,b)</Math> , that is, <Math mode="inline" xml:id="C1.S4.Px17.p1.m6">(a,b)</Math> with <Math mode="inline" xml:id="C1.S4.Px17.p1.m7">a,b</Math> added when they are finite.
</sentence>

<sentence sentence-num-in-para="2" sentence-num-in-section="59" xml:id="C1.S4.Px17.p1.s2">
If <Math mode="inline" xml:id="C1.S4.Px17.p1.m8">\mathcal{V}_{a,b}\left(f\right)&lt;\infty</Math> , then <Math mode="inline" xml:id="C1.S4.Px17.p1.m9">f(x)</Math> is of bounded variation on <Math mode="inline" xml:id="C1.S4.Px17.p1.m10">(a,b)</Math>.
</sentence>

<sentence sentence-num-in-para="3" sentence-num-in-section="60" xml:id="C1.S4.Px17.p1.s3">
In this case, <Math mode="inline" xml:id="C1.S4.Px17.p1.m11">g(x)=\mathcal{V}_{a,x}\left(f\right)</Math> and <Math mode="inline" xml:id="C1.S4.Px17.p1.m12">h(x)=\mathcal{V}_{a,x}\left(f\right)-f(x)</Math> are nondecreasing bounded functions and <Math mode="inline" xml:id="C1.S4.Px17.p1.m13">f(x)=g(x)-h(x)</Math>.
</sentence>

</para>
 
<para xml:id="C1.S4.Px17.p2">

<sentence sentence-num-in-para="1" sentence-num-in-section="61" xml:id="C1.S4.Px17.p2.s1">
If <Math mode="inline" xml:id="C1.S4.Px17.p2.m1">f(x)</Math> is continuous on the closure of <Math mode="inline" xml:id="C1.S4.Px17.p2.m2">(a,b)</Math> and <Math mode="inline" xml:id="C1.S4.Px17.p2.m3">f^{\prime}(x)</Math> is continuous on <Math mode="inline" xml:id="C1.S4.Px17.p2.m4">(a,b)</Math> , then <Math equation-number="1.4.34" mode="display" xml:id="C1.S4.E34">\mathcal{V}_{a,b}\left(f\right)=\int^{b}_{a}|f^{\prime}(x)\mathrm{d}x|,</Math> whenever this integral exists.
</sentence>

</para>
 
<para xml:id="C1.S4.Px17.p3">

<sentence sentence-num-in-para="1" sentence-num-in-section="62" xml:id="C1.S4.Px17.p3.s1">
Lastly, whether or not the real numbers <Math mode="inline" xml:id="C1.S4.Px17.p3.m1">a</Math> and <Math mode="inline" xml:id="C1.S4.Px17.p3.m2">b</Math> satisfy <Math mode="inline" xml:id="C1.S4.Px17.p3.m3">a&lt;b</Math> , and whether or not they are finite, we define <Math mode="inline" xml:id="C1.S4.Px17.p3.m4">\mathcal{V}_{a,b}\left(f\right)</Math> by (1.4.34) whenever this integral exists.
</sentence>

<sentence sentence-num-in-para="2" sentence-num-in-section="63" xml:id="C1.S4.Px17.p3.s2">
This definition also applies when <Math mode="inline" xml:id="C1.S4.Px17.p3.m5">f(x)</Math> is a complex function of the real variable <Math mode="inline" xml:id="C1.S4.Px17.p3.m6">x</Math>.
</sentence>

<sentence sentence-num-in-para="3" sentence-num-in-section="64" xml:id="C1.S4.Px17.p3.s3">
For further information on total variation seeOlver (1997b, pp. 27–29).
</sentence>

</para>
 
</paragraph>
 
</subsection>
 
<subsection xml:id="C1.S4.SS6">
<title>Taylor’s Theorem for Real Variables</title>          
<para xml:id="C1.S4.SS6.p1">

<sentence sentence-num-in-para="1" sentence-num-in-section="65" xml:id="C1.S4.SS6.p1.s1">
If <Math mode="inline" xml:id="C1.S4.SS6.p1.m1">f(x)\in C^{n+1}[a,b]</Math> , then <Math equation-number="1.4.35" mode="display" xml:id="C1.S4.E35">f(x)=\sum^{n}_{k=0}\frac{f^{(k)}(a)}{k!}(x-a)^{k}+R_{n}</Math> , <Math equation-number="1.4.36" mode="display" xml:id="C1.S4.E36">R_{n}=\frac{f^{(n+1)}(c)}{(n+1)!}(x-a)^{n+1}, if a&lt;c&lt;x,</Math> and <Math equation-number="1.4.37" mode="display" xml:id="C1.S4.E37">R_{n}=\frac{1}{n!}\int^{x}_{a}(x-t)^{n}f^{(n+1)}(t)\mathrm{d}t</Math>.
</sentence>

</para>
 
</subsection>
 
<subsection xml:id="C1.S4.SS7">
<title>Maxima and Minima</title>           
<para xml:id="C1.S4.SS7.p1">

<sentence sentence-num-in-para="1" sentence-num-in-section="66" xml:id="C1.S4.SS7.p1.s1">
If <Math mode="inline" xml:id="C1.S4.SS7.p1.m1">f(x)</Math> is twice-differentiable, and if also <Math mode="inline" xml:id="C1.S4.SS7.p1.m2">f^{\prime}(x_{0})=0</Math> and <Math mode="inline" xml:id="C1.S4.SS7.p1.m3">f^{\prime\prime}(x_{0})&lt;0</Math> ( <Math mode="inline" xml:id="C1.S4.SS7.p1.m4">&gt;0</Math> ), then <Math mode="inline" xml:id="C1.S4.SS7.p1.m5">x=x_{0}</Math> is a local maximum (minimum) (§1.4(iii)) of <Math mode="inline" xml:id="C1.S4.SS7.p1.m6">f(x)</Math>.
</sentence>

<sentence sentence-num-in-para="2" sentence-num-in-section="67" xml:id="C1.S4.SS7.p1.s2">
The overall maximum (minimum) of <Math mode="inline" xml:id="C1.S4.SS7.p1.m7">f(x)</Math> on <Math mode="inline" xml:id="C1.S4.SS7.p1.m8">[a,b]</Math> will either be at a local maximum (minimum) or at one of the end points <Math mode="inline" xml:id="C1.S4.SS7.p1.m9">a</Math> or <Math mode="inline" xml:id="C1.S4.SS7.p1.m10">b</Math>.
</sentence>

</para>
 
</subsection>
 
<subsection xml:id="C1.S4.SS8">
<title>Convex Functions</title>        
   
<para xml:id="C1.S4.SS8.p1">

<sentence sentence-num-in-para="1" sentence-num-in-section="68" xml:id="C1.S4.SS8.p1.s1">
A function <Math mode="inline" xml:id="C1.S4.SS8.p1.m1">f(x)</Math> is convex on <Math mode="inline" xml:id="C1.S4.SS8.p1.m2">(a,b)</Math> if <Math equation-number="1.4.38" mode="display" xml:id="C1.S4.E38">f((1-t)c+td)\leq(1-t)f(c)+tf(d)</Math> for any <Math mode="inline" xml:id="C1.S4.SS8.p1.m3">c,d\in(a,b)</Math> , and <Math mode="inline" xml:id="C1.S4.SS8.p1.m4">t\in[0,1]</Math>.
</sentence>

<sentence sentence-num-in-para="2" sentence-num-in-section="69" xml:id="C1.S4.SS8.p1.s2">
See Figure 1.4.2.
</sentence>

<sentence sentence-num-in-para="3" sentence-num-in-section="70" xml:id="C1.S4.SS8.p1.s3">
A similar definition applies to closed intervals <Math mode="inline" xml:id="C1.S4.SS8.p1.m5">[a,b]</Math>.
</sentence>

</para>
 
<para xml:id="C1.S4.SS8.p2">

<sentence sentence-num-in-para="1" sentence-num-in-section="71" xml:id="C1.S4.SS8.p2.s1">
If <Math mode="inline" xml:id="C1.S4.SS8.p2.m1">f(x)</Math> is twice differentiable, then <Math mode="inline" xml:id="C1.S4.SS8.p2.m2">f(x)</Math> is convex iff <Math mode="inline" xml:id="C1.S4.SS8.p2.m3">f^{\prime\prime}(x)\geq 0</Math> on <Math mode="inline" xml:id="C1.S4.SS8.p2.m4">(a,b)</Math>.
</sentence>

<sentence sentence-num-in-para="2" sentence-num-in-section="72" xml:id="C1.S4.SS8.p2.s2">
A continuously differentiable function is convex iff the curve does not lie below its tangent at any point.
</sentence>

</para>
          
<sentence sentence-num-in-section="73" xml:id="C1.S4.F2.s1">
Figure 1.4.2: Convex function <Math mode="inline" xml:id="C1.S4.F2.m2">f(x)</Math> . <Math mode="inline" xml:id="C1.S4.F2.m3">g(t)=f((1-t)c+td)</Math> , <Math mode="inline" xml:id="C1.S4.F2.m4">l(t)=(1-t)f(c)+tf(d)</Math> , <Math mode="inline" xml:id="C1.S4.F2.m5">c,d\in(a,b)</Math> , <Math mode="inline" xml:id="C1.S4.F2.m6">0\leq t\leq 1</Math> .
</sentence>   
</subsection>
 
</section>
