{"equation":{"symbols-used":[{"symbol":{"tex":"$\\mathsf{P}^{\\NVar{\\mu}}_{\\NVar{\\nu}}\\left(\\NVar{x}\\right)$","meaning":"Ferrers function of the first kind","idref":"C14.S3.E1","content-tex":"$\\FerrersP[\\NVar{\\mu}]{\\NVar{\\nu}}@{\\NVar{x}}$"}},{"symbol":{"tex":"$P^{(\\NVar{\\alpha},\\NVar{\\beta})}_{\\NVar{n}}\\left(\\NVar{x}\\right)$","meaning":"Jacobi polynomial","idref":"C18.S3.T1.t1.r2","content-tex":"$\\JacobipolyP{\\NVar{\\alpha}}{\\NVar{\\beta}}{\\NVar{n}}@{\\NVar{x}}$"}},{"symbol":{"tex":"${\\left(\\NVar{a}\\right)_{\\NVar{n}}}$","meaning":"Pochhammer\u2019s symbol (or shifted factorial)","idref":"C5.S2.SS3","content-tex":"$\\Pochhammersym{\\NVar{a}}{\\NVar{n}}$"}},{"symbol":{"tex":"$C^{(\\NVar{\\lambda})}_{\\NVar{n}}\\left(\\NVar{x}\\right)$","meaning":"ultraspherical (or Gegenbauer) polynomial","idref":"C18.S3.T1.t1.r3","content-tex":"$\\ultrasphpoly{\\NVar{\\lambda}}{\\NVar{n}}@{\\NVar{x}}$"}},{"symbol":{"tex":"$m$","meaning":"nonnegative integer","idref":"C18.S1.SS1.p2.t1.r4"}},{"symbol":{"tex":"$n$","meaning":"nonnegative integer","idref":"C18.S1.SS1.p2.t1.r5"}},{"symbol":{"tex":"$x$","meaning":"real variable","idref":"C18.S2.Px1.p2"}}],"context-references":{"sentence-num-in-corpus":"10390","sentence-xmlid":"C18.S11.Px1.p1.s1","chapter-title":"Orthogonal Polynomials","chapter-xmlid":"C18","paragraph-xmlid":"C18.S11.Px1","sentence-num-in-chapter":"565","section-xmlid":"C18.S11","sentence-num-in-section":"2","para-xmlid":"C18.S11.Px1.p1","subsection-title":"Explicit Formulas","subsection-xmlid":"C18.S11.SS1","paragraph-title":"Ultraspherical","section-title":"Relations to Other Functions","para-num-of-sentences":"2"},"xml-id":"C18.S11.E1","tex":"$\\mathsf{P}^{m}_{n}\\left(x\\right)={\\left(\\tfrac{1}{2}\\right)_{m}}(-2)^{m}(1-x^{ 2})^{\\frac{1}{2}m}C^{(m+\\frac{1}{2})}_{n-m}\\left(x\\right)={\\left(n+1\\right)_{m }}(-2)^{-m}(1-x^{2})^{\\frac{1}{2}m}P^{(m,m)}_{n-m}\\left(x\\right),$","permalink":"http:\/\/dlmf.nist.gov\/18.11.E1","equation-number":"18.11.1","constraints":{"tex":"$0\\leq m\\leq n$."},"content-tex":"$\\FerrersP[m]{n}@{x}=\\Pochhammersym{\\tfrac{1}{2}}{m}(-2)^{m}(1-x^{2})^{\\frac{1} {2}m}\\ultrasphpoly{m+\\frac{1}{2}}{n-m}@{x}=\\Pochhammersym{n+1}{m}(-2)^{-m}(1-x ^{2})^{\\frac{1}{2}m}\\JacobipolyP{m}{m}{n-m}@{x},$"}}{"expression":{"context-references":{"sentence-num-in-corpus":"10391","sentence-xmlid":"C18.S11.Px1.p1.s2","chapter-title":"Orthogonal Polynomials","chapter-xmlid":"C18","paragraph-xmlid":"C18.S11.Px1","sentence-num-in-chapter":"566","section-xmlid":"C18.S11","sentence-num-in-section":"3","para-xmlid":"C18.S11.Px1.p1","subsection-title":"Explicit Formulas","subsection-xmlid":"C18.S11.SS1","paragraph-title":"Ultraspherical","section-title":"Relations to Other Functions","para-num-of-sentences":"2"},"xml-id":"C18.S11.Px1.p1.m1","tex":"$\\mathsf{P}^{m}_{n}\\left(x\\right)$","content-tex":"$\\FerrersP[m]{n}@{x}$"}}{"equation":{"symbols-used":[{"symbol":{"tex":"$M\\left(\\NVar{a},\\NVar{b},\\NVar{z}\\right)$","meaning":" $={{}_{1}F_{1}}\\left(\\NVar{a};\\NVar{b};\\NVar{z}\\right)$ Kummer confluent hypergeometric function","idref":"C13.S2.E2","content-tex":"$\\KummerconfhyperM@{\\NVar{a}}{\\NVar{b}}{\\NVar{z}}$"}},{"symbol":{"tex":"$U\\left(\\NVar{a},\\NVar{b},\\NVar{z}\\right)$","meaning":"Kummer confluent hypergeometric function","idref":"C13.S2.E6","content-tex":"$\\KummerconfhyperU@{\\NVar{a}}{\\NVar{b}}{\\NVar{z}}$"}},{"symbol":{"tex":"$L^{(\\NVar{\\alpha})}_{\\NVar{n}}\\left(\\NVar{x}\\right)$","meaning":"Laguerre (or generalized Laguerre) polynomial","idref":"C18.S3.T1.t1.r12","content-tex":"$\\LaguerrepolyL[\\NVar{\\alpha}]{\\NVar{n}}@{\\NVar{x}}$"}},{"symbol":{"tex":"${\\left(\\NVar{a}\\right)_{\\NVar{n}}}$","meaning":"Pochhammer\u2019s symbol (or shifted factorial)","idref":"C5.S2.SS3","content-tex":"$\\Pochhammersym{\\NVar{a}}{\\NVar{n}}$"}},{"symbol":{"tex":"$M_{\\NVar{\\kappa},\\NVar{\\mu}}\\left(\\NVar{z}\\right)$","meaning":"Whittaker confluent hypergeometric function","idref":"C13.S14.E2","content-tex":"$\\WhittakerconfhyperM{\\NVar{\\kappa}}{\\NVar{\\mu}}@{\\NVar{z}}$"}},{"symbol":{"tex":"$W_{\\NVar{\\kappa},\\NVar{\\mu}}\\left(\\NVar{z}\\right)$","meaning":"Whittaker confluent hypergeometric function","idref":"C13.S14.E3","content-tex":"$\\WhittakerconfhyperW{\\NVar{\\kappa}}{\\NVar{\\mu}}@{\\NVar{z}}$"}},{"symbol":{"tex":"$\\mathrm{e}$","meaning":"base of natural logarithm","idref":"C4.S2.E11","content-tex":"$\\expe$"}},{"symbol":{"tex":"$!$","meaning":"factorial (as in $n!$ )","idref":"introduction.Sx4.p1.t1.r15"}},{"symbol":{"tex":"$n$","meaning":"nonnegative integer","idref":"C18.S1.SS1.p2.t1.r5"}},{"symbol":{"tex":"$x$","meaning":"real variable","idref":"C18.S2.Px1.p2"}}],"context-references":{"sentence-num-in-corpus":"10393","sentence-xmlid":"C18.S11.Px2.p1.s1","chapter-title":"Orthogonal Polynomials","chapter-xmlid":"C18","paragraph-xmlid":"C18.S11.Px2","sentence-num-in-chapter":"568","section-xmlid":"C18.S11","sentence-num-in-section":"5","para-xmlid":"C18.S11.Px2.p1","subsection-title":"Explicit Formulas","subsection-xmlid":"C18.S11.SS1","paragraph-title":"Laguerre","section-title":"Relations to Other Functions","para-num-of-sentences":"2"},"xml-id":"C18.S11.E2","tex":"$L^{(\\alpha)}_{n}\\left(x\\right)=\\frac{{\\left(\\alpha+1\\right)_{n}}}{n!}M\\left(-n ,\\alpha+1,x\\right)=\\frac{(-1)^{n}}{n!}U\\left(-n,\\alpha+1,x\\right)=\\frac{{\\left (\\alpha+1\\right)_{n}}}{n!}x^{-\\frac{1}{2}(\\alpha+1)}e^{\\frac{1}{2}x}M_{n+\\frac {1}{2}(\\alpha+1),\\frac{1}{2}\\alpha}\\left(x\\right)=\\frac{(-1)^{n}}{n!}x^{-\\frac {1}{2}(\\alpha+1)}e^{\\frac{1}{2}x}W_{n+\\frac{1}{2}(\\alpha+1),\\frac{1}{2}\\alpha} \\left(x\\right).$","permalink":"http:\/\/dlmf.nist.gov\/18.11.E2","equation-number":"18.11.2","content-tex":"$\\LaguerrepolyL[\\alpha]{n}@{x}=\\frac{\\Pochhammersym{\\alpha+1}{n}}{n!} \\KummerconfhyperM@{-n}{\\alpha+1}{x}=\\frac{(-1)^{n}}{n!}\\KummerconfhyperU@{-n}{ \\alpha+1}{x}=\\frac{\\Pochhammersym{\\alpha+1}{n}}{n!}x^{-\\frac{1}{2}(\\alpha+1)}e ^{\\frac{1}{2}x}\\WhittakerconfhyperM{n+\\frac{1}{2}(\\alpha+1)}{\\frac{1}{2}\\alpha }@{x}=\\frac{(-1)^{n}}{n!}x^{-\\frac{1}{2}(\\alpha+1)}e^{\\frac{1}{2}x} \\WhittakerconfhyperW{n+\\frac{1}{2}(\\alpha+1)}{\\frac{1}{2}\\alpha}@{x}.$"}}{"expression":{"context-references":{"sentence-num-in-corpus":"10394","sentence-xmlid":"C18.S11.Px2.p1.s2","chapter-title":"Orthogonal Polynomials","chapter-xmlid":"C18","paragraph-xmlid":"C18.S11.Px2","sentence-num-in-chapter":"569","section-xmlid":"C18.S11","sentence-num-in-section":"6","para-xmlid":"C18.S11.Px2.p1","subsection-title":"Explicit Formulas","subsection-xmlid":"C18.S11.SS1","paragraph-title":"Laguerre","section-title":"Relations to Other Functions","para-num-of-sentences":"2"},"xml-id":"C18.S11.Px2.p1.m1","tex":"$M\\left(a,b,x\\right)$","content-tex":"$\\KummerconfhyperM@{a}{b}{x}$"}}{"expression":{"context-references":{"sentence-num-in-corpus":"10394","sentence-xmlid":"C18.S11.Px2.p1.s2","chapter-title":"Orthogonal Polynomials","chapter-xmlid":"C18","paragraph-xmlid":"C18.S11.Px2","sentence-num-in-chapter":"569","section-xmlid":"C18.S11","sentence-num-in-section":"6","para-xmlid":"C18.S11.Px2.p1","subsection-title":"Explicit Formulas","subsection-xmlid":"C18.S11.SS1","paragraph-title":"Laguerre","section-title":"Relations to Other Functions","para-num-of-sentences":"2"},"xml-id":"C18.S11.Px2.p1.m2","tex":"$U\\left(a,b,x\\right)$","content-tex":"$\\KummerconfhyperU@{a}{b}{x}$"}}{"expression":{"context-references":{"sentence-num-in-corpus":"10394","sentence-xmlid":"C18.S11.Px2.p1.s2","chapter-title":"Orthogonal Polynomials","chapter-xmlid":"C18","paragraph-xmlid":"C18.S11.Px2","sentence-num-in-chapter":"569","section-xmlid":"C18.S11","sentence-num-in-section":"6","para-xmlid":"C18.S11.Px2.p1","subsection-title":"Explicit Formulas","subsection-xmlid":"C18.S11.SS1","paragraph-title":"Laguerre","section-title":"Relations to Other Functions","para-num-of-sentences":"2"},"xml-id":"C18.S11.Px2.p1.m3","tex":"$M_{\\kappa,\\mu}\\left(x\\right)$","content-tex":"$\\WhittakerconfhyperM{\\kappa}{\\mu}@{x}$"}}{"expression":{"context-references":{"sentence-num-in-corpus":"10394","sentence-xmlid":"C18.S11.Px2.p1.s2","chapter-title":"Orthogonal Polynomials","chapter-xmlid":"C18","paragraph-xmlid":"C18.S11.Px2","sentence-num-in-chapter":"569","section-xmlid":"C18.S11","sentence-num-in-section":"6","para-xmlid":"C18.S11.Px2.p1","subsection-title":"Explicit Formulas","subsection-xmlid":"C18.S11.SS1","paragraph-title":"Laguerre","section-title":"Relations to Other Functions","para-num-of-sentences":"2"},"xml-id":"C18.S11.Px2.p1.m4","tex":"$W_{\\kappa,\\mu}\\left(x\\right)$","content-tex":"$\\WhittakerconfhyperW{\\kappa}{\\mu}@{x}$"}}{"equation":{"symbols-used":[{"symbol":{"tex":"$H_{\\NVar{n}}\\left(\\NVar{x}\\right)$","meaning":"Hermite polynomial","idref":"C18.S3.T1.t1.r13","content-tex":"$\\HermitepolyH{\\NVar{n}}@{\\NVar{x}}$"}},{"symbol":{"tex":"$U\\left(\\NVar{a},\\NVar{b},\\NVar{z}\\right)$","meaning":"Kummer confluent hypergeometric function","idref":"C13.S2.E6","content-tex":"$\\KummerconfhyperU@{\\NVar{a}}{\\NVar{b}}{\\NVar{z}}$"}},{"symbol":{"tex":"$\\mathrm{e}$","meaning":"base of natural logarithm","idref":"C4.S2.E11","content-tex":"$\\expe$"}},{"symbol":{"tex":"$U\\left(\\NVar{a},\\NVar{z}\\right)$","meaning":"parabolic cylinder function","idref":"C12.S2.SS1.p1","content-tex":"$\\paraU@{\\NVar{a}}{\\NVar{z}}$"}},{"symbol":{"tex":"$n$","meaning":"nonnegative integer","idref":"C18.S1.SS1.p2.t1.r5"}},{"symbol":{"tex":"$x$","meaning":"real variable","idref":"C18.S2.Px1.p2"}}],"context-references":{"sentence-num-in-corpus":"10395","sentence-xmlid":"C18.S11.Px3.p1.s1","chapter-title":"Orthogonal Polynomials","chapter-xmlid":"C18","paragraph-xmlid":"C18.S11.Px3","sentence-num-in-chapter":"570","section-xmlid":"C18.S11","sentence-num-in-section":"7","para-xmlid":"C18.S11.Px3.p1","subsection-title":"Explicit Formulas","subsection-xmlid":"C18.S11.SS1","paragraph-title":"Hermite","section-title":"Relations to Other Functions","para-num-of-sentences":"3"},"xml-id":"C18.S11.E3","tex":"$H_{n}\\left(x\\right)=2^{n}U\\left(-\\tfrac{1}{2}n,\\tfrac{1}{2},x^{2}\\right)=2^{n} xU\\left(-\\tfrac{1}{2}n+\\tfrac{1}{2},\\tfrac{3}{2},x^{2}\\right)=2^{\\frac{1}{2}n} e^{\\frac{1}{2}x^{2}}U\\left(-n-\\tfrac{1}{2},2^{\\frac{1}{2}}x\\right).$","permalink":"http:\/\/dlmf.nist.gov\/18.11.E3","equation-number":"18.11.3","content-tex":"$\\HermitepolyH{n}@{x}=2^{n}\\KummerconfhyperU@{-\\tfrac{1}{2}n}{\\tfrac{1}{2}}{x^{ 2}}=2^{n}x\\KummerconfhyperU@{-\\tfrac{1}{2}n+\\tfrac{1}{2}}{\\tfrac{3}{2}}{x^{2}} =2^{\\frac{1}{2}n}e^{\\frac{1}{2}x^{2}}\\paraU@{-n-\\tfrac{1}{2}}{2^{\\frac{1}{2}}x}.$"}}{"equation":{"symbols-used":[{"symbol":{"tex":"$\\mathit{He}_{\\NVar{n}}\\left(\\NVar{x}\\right)$","meaning":"Hermite polynomial","idref":"C18.S3.T1.t1.r14","content-tex":"$\\dilHermitepolyHe{\\NVar{n}}@{\\NVar{x}}$"}},{"symbol":{"tex":"$U\\left(\\NVar{a},\\NVar{b},\\NVar{z}\\right)$","meaning":"Kummer confluent hypergeometric function","idref":"C13.S2.E6","content-tex":"$\\KummerconfhyperU@{\\NVar{a}}{\\NVar{b}}{\\NVar{z}}$"}},{"symbol":{"tex":"$\\mathrm{e}$","meaning":"base of natural logarithm","idref":"C4.S2.E11","content-tex":"$\\expe$"}},{"symbol":{"tex":"$U\\left(\\NVar{a},\\NVar{z}\\right)$","meaning":"parabolic cylinder function","idref":"C12.S2.SS1.p1","content-tex":"$\\paraU@{\\NVar{a}}{\\NVar{z}}$"}},{"symbol":{"tex":"$n$","meaning":"nonnegative integer","idref":"C18.S1.SS1.p2.t1.r5"}},{"symbol":{"tex":"$x$","meaning":"real variable","idref":"C18.S2.Px1.p2"}}],"context-references":{"sentence-num-in-corpus":"10396","sentence-xmlid":"C18.S11.Px3.p1.s2","chapter-title":"Orthogonal Polynomials","chapter-xmlid":"C18","paragraph-xmlid":"C18.S11.Px3","sentence-num-in-chapter":"571","section-xmlid":"C18.S11","sentence-num-in-section":"8","para-xmlid":"C18.S11.Px3.p1","subsection-title":"Explicit Formulas","subsection-xmlid":"C18.S11.SS1","paragraph-title":"Hermite","section-title":"Relations to Other Functions","para-num-of-sentences":"3"},"xml-id":"C18.S11.E4","tex":"$\\mathit{He}_{n}\\left(x\\right)=2^{\\frac{1}{2}n}U\\left(-\\tfrac{1}{2}n,\\tfrac{1}{ 2},\\tfrac{1}{2}x^{2}\\right)=2^{\\frac{1}{2}(n-1)}xU\\left(-\\tfrac{1}{2}n+\\tfrac{ 1}{2},\\tfrac{3}{2},\\tfrac{1}{2}x^{2}\\right)=e^{\\tfrac{1}{4}x^{2}}U\\left(-n- \\tfrac{1}{2},x\\right).$","permalink":"http:\/\/dlmf.nist.gov\/18.11.E4","equation-number":"18.11.4","content-tex":"$\\dilHermitepolyHe{n}@{x}=2^{\\frac{1}{2}n}\\KummerconfhyperU@{-\\tfrac{1}{2}n}{ \\tfrac{1}{2}}{\\tfrac{1}{2}x^{2}}=2^{\\frac{1}{2}(n-1)}x\\KummerconfhyperU@{- \\tfrac{1}{2}n+\\tfrac{1}{2}}{\\tfrac{3}{2}}{\\tfrac{1}{2}x^{2}}=e^{\\tfrac{1}{4}x^ {2}}\\paraU@{-n-\\tfrac{1}{2}}{x}.$"}}{"expression":{"context-references":{"sentence-num-in-corpus":"10397","sentence-xmlid":"C18.S11.Px3.p1.s3","chapter-title":"Orthogonal Polynomials","chapter-xmlid":"C18","paragraph-xmlid":"C18.S11.Px3","sentence-num-in-chapter":"572","section-xmlid":"C18.S11","sentence-num-in-section":"9","para-xmlid":"C18.S11.Px3.p1","subsection-title":"Explicit Formulas","subsection-xmlid":"C18.S11.SS1","paragraph-title":"Hermite","section-title":"Relations to Other Functions","para-num-of-sentences":"3"},"xml-id":"C18.S11.Px3.p1.m1","tex":"$U\\left(a,z\\right)$","content-tex":"$\\paraU@{a}{z}$"}}{"equation":{"symbols-used":[{"symbol":{"tex":"$J_{\\NVar{\\nu}}\\left(\\NVar{z}\\right)$","meaning":"Bessel function of the first kind","idref":"C10.S2.E2","content-tex":"$\\BesselJ{\\NVar{\\nu}}@{\\NVar{z}}$"}},{"symbol":{"tex":"$P^{(\\NVar{\\alpha},\\NVar{\\beta})}_{\\NVar{n}}\\left(\\NVar{x}\\right)$","meaning":"Jacobi polynomial","idref":"C18.S3.T1.t1.r2","content-tex":"$\\JacobipolyP{\\NVar{\\alpha}}{\\NVar{\\beta}}{\\NVar{n}}@{\\NVar{x}}$"}},{"symbol":{"tex":"$\\cos\\NVar{z}$","meaning":"cosine function","idref":"C4.S14.E2","content-tex":"$\\cos@@{\\NVar{z}}$"}},{"symbol":{"tex":"$z$","meaning":"complex variable","idref":"C18.S1.SS1.p2.t1.r2"}},{"symbol":{"tex":"$n$","meaning":"nonnegative integer","idref":"C18.S1.SS1.p2.t1.r5"}}],"context-references":{"sentence-num-in-corpus":"10398","sentence-xmlid":"C18.S11.Px4.p1.s1","chapter-title":"Orthogonal Polynomials","chapter-xmlid":"C18","paragraph-xmlid":"C18.S11.Px4","sentence-num-in-chapter":"573","section-xmlid":"C18.S11","sentence-num-in-section":"10","para-xmlid":"C18.S11.Px4.p1","subsection-title":"Formulas of Mehler\u2013Heine Type","subsection-xmlid":"C18.S11.SS2","paragraph-title":"Jacobi","section-title":"Relations to Other Functions","para-num-of-sentences":"1"},"xml-id":"C18.S11.E5","tex":"$\\lim_{n\\to\\infty}\\frac{1}{n^{\\alpha}}P^{(\\alpha,\\beta)}_{n}\\left(1-\\frac{z^{2} }{2n^{2}}\\right)=\\lim_{n\\to\\infty}\\frac{1}{n^{\\alpha}}P^{(\\alpha,\\beta)}_{n} \\left(\\cos\\frac{z}{n}\\right)=\\frac{2^{\\alpha}}{z^{\\alpha}}J_{\\alpha}\\left(z \\right).$","permalink":"http:\/\/dlmf.nist.gov\/18.11.E5","equation-number":"18.11.5","content-tex":"$\\lim_{n\\to\\infty}\\frac{1}{n^{\\alpha}}\\JacobipolyP{\\alpha}{\\beta}{n}@{1-\\frac{z ^{2}}{2n^{2}}}=\\lim_{n\\to\\infty}\\frac{1}{n^{\\alpha}}\\JacobipolyP{\\alpha}{\\beta }{n}@{\\cos@@{\\frac{z}{n}}}=\\frac{2^{\\alpha}}{z^{\\alpha}}\\BesselJ{\\alpha}@{z}.$"}}{"equation":{"symbols-used":[{"symbol":{"tex":"$J_{\\NVar{\\nu}}\\left(\\NVar{z}\\right)$","meaning":"Bessel function of the first kind","idref":"C10.S2.E2","content-tex":"$\\BesselJ{\\NVar{\\nu}}@{\\NVar{z}}$"}},{"symbol":{"tex":"$L^{(\\NVar{\\alpha})}_{\\NVar{n}}\\left(\\NVar{x}\\right)$","meaning":"Laguerre (or generalized Laguerre) polynomial","idref":"C18.S3.T1.t1.r12","content-tex":"$\\LaguerrepolyL[\\NVar{\\alpha}]{\\NVar{n}}@{\\NVar{x}}$"}},{"symbol":{"tex":"$z$","meaning":"complex variable","idref":"C18.S1.SS1.p2.t1.r2"}},{"symbol":{"tex":"$n$","meaning":"nonnegative integer","idref":"C18.S1.SS1.p2.t1.r5"}}],"context-references":{"sentence-num-in-corpus":"10399","sentence-xmlid":"C18.S11.Px5.p1.s1","chapter-title":"Orthogonal Polynomials","chapter-xmlid":"C18","paragraph-xmlid":"C18.S11.Px5","sentence-num-in-chapter":"574","section-xmlid":"C18.S11","sentence-num-in-section":"11","para-xmlid":"C18.S11.Px5.p1","subsection-title":"Formulas of Mehler\u2013Heine Type","subsection-xmlid":"C18.S11.SS2","paragraph-title":"Laguerre","section-title":"Relations to Other Functions","para-num-of-sentences":"1"},"xml-id":"C18.S11.E6","tex":"$\\lim_{n\\to\\infty}\\frac{1}{n^{\\alpha}}L^{(\\alpha)}_{n}\\left(\\frac{z}{n}\\right)= \\frac{1}{z^{\\frac{1}{2}\\alpha}}J_{\\alpha}\\left(2z^{\\frac{1}{2}}\\right).$","permalink":"http:\/\/dlmf.nist.gov\/18.11.E6","equation-number":"18.11.6","content-tex":"$\\lim_{n\\to\\infty}\\frac{1}{n^{\\alpha}}\\LaguerrepolyL[\\alpha]{n}@{\\frac{z}{n}}= \\frac{1}{z^{\\frac{1}{2}\\alpha}}\\BesselJ{\\alpha}@{2z^{\\frac{1}{2}}}.$"}}{"equation":{"symbols-used":[{"symbol":{"tex":"$H_{\\NVar{n}}\\left(\\NVar{x}\\right)$","meaning":"Hermite polynomial","idref":"C18.S3.T1.t1.r13","content-tex":"$\\HermitepolyH{\\NVar{n}}@{\\NVar{x}}$"}},{"symbol":{"tex":"$\\pi$","meaning":"the ratio of the circumference of a circle to its diameter","idref":"C3.S12.E1","content-tex":"$\\cpi$"}},{"symbol":{"tex":"$\\cos\\NVar{z}$","meaning":"cosine function","idref":"C4.S14.E2","content-tex":"$\\cos@@{\\NVar{z}}$"}},{"symbol":{"tex":"$!$","meaning":"factorial (as in $n!$ )","idref":"introduction.Sx4.p1.t1.r15"}},{"symbol":{"tex":"$z$","meaning":"complex variable","idref":"C18.S1.SS1.p2.t1.r2"}},{"symbol":{"tex":"$n$","meaning":"nonnegative integer","idref":"C18.S1.SS1.p2.t1.r5"}}],"context-references":{"sentence-num-in-corpus":"10400","sentence-xmlid":"C18.S11.Px6.p1.s1","chapter-title":"Orthogonal Polynomials","chapter-xmlid":"C18","paragraph-xmlid":"C18.S11.Px6","sentence-num-in-chapter":"575","section-xmlid":"C18.S11","sentence-num-in-section":"12","para-xmlid":"C18.S11.Px6.p1","subsection-title":"Formulas of Mehler\u2013Heine Type","subsection-xmlid":"C18.S11.SS2","paragraph-title":"Hermite","section-title":"Relations to Other Functions","para-num-of-sentences":"1"},"xml-id":"C18.S11.E7","tex":"$\\lim_{n\\to\\infty}\\frac{(-1)^{n}n^{\\frac{1}{2}}}{2^{2n}n!}H_{2n}\\left(\\frac{z}{ 2n^{\\frac{1}{2}}}\\right)=\\frac{1}{\\pi^{\\frac{1}{2}}}\\cos z,$","permalink":"http:\/\/dlmf.nist.gov\/18.11.E7","equation-number":"18.11.7","content-tex":"$\\lim_{n\\to\\infty}\\frac{(-1)^{n}n^{\\frac{1}{2}}}{2^{2n}n!}\\HermitepolyH{2n}@{ \\frac{z}{2n^{\\frac{1}{2}}}}=\\frac{1}{\\pi^{\\frac{1}{2}}}\\cos@@{z},$"}}{"equation":{"symbols-used":[{"symbol":{"tex":"$H_{\\NVar{n}}\\left(\\NVar{x}\\right)$","meaning":"Hermite polynomial","idref":"C18.S3.T1.t1.r13","content-tex":"$\\HermitepolyH{\\NVar{n}}@{\\NVar{x}}$"}},{"symbol":{"tex":"$\\pi$","meaning":"the ratio of the circumference of a circle to its diameter","idref":"C3.S12.E1","content-tex":"$\\cpi$"}},{"symbol":{"tex":"$!$","meaning":"factorial (as in $n!$ )","idref":"introduction.Sx4.p1.t1.r15"}},{"symbol":{"tex":"$\\sin\\NVar{z}$","meaning":"sine function","idref":"C4.S14.E1","content-tex":"$\\sin@@{\\NVar{z}}$"}},{"symbol":{"tex":"$z$","meaning":"complex variable","idref":"C18.S1.SS1.p2.t1.r2"}},{"symbol":{"tex":"$n$","meaning":"nonnegative integer","idref":"C18.S1.SS1.p2.t1.r5"}}],"context-references":{"sentence-num-in-corpus":"10400","sentence-xmlid":"C18.S11.Px6.p1.s1","chapter-title":"Orthogonal Polynomials","chapter-xmlid":"C18","paragraph-xmlid":"C18.S11.Px6","sentence-num-in-chapter":"575","section-xmlid":"C18.S11","sentence-num-in-section":"12","para-xmlid":"C18.S11.Px6.p1","subsection-title":"Formulas of Mehler\u2013Heine Type","subsection-xmlid":"C18.S11.SS2","paragraph-title":"Hermite","section-title":"Relations to Other Functions","para-num-of-sentences":"1"},"xml-id":"C18.S11.E8","tex":"$\\lim_{n\\to\\infty}\\frac{(-1)^{n}}{2^{2n}n!}H_{2n+1}\\left(\\frac{z}{2n^{\\frac{1}{ 2}}}\\right)=\\frac{2}{\\pi^{\\frac{1}{2}}}\\sin z.$","permalink":"http:\/\/dlmf.nist.gov\/18.11.E8","equation-number":"18.11.8","content-tex":"$\\lim_{n\\to\\infty}\\frac{(-1)^{n}}{2^{2n}n!}\\HermitepolyH{2n+1}@{\\frac{z}{2n^{ \\frac{1}{2}}}}=\\frac{2}{\\pi^{\\frac{1}{2}}}\\sin@@{z}.$"}}{"expression":{"context-references":{"sentence-num-in-corpus":"10401","sentence-xmlid":"C18.S11.Px6.p2.s1","chapter-title":"Orthogonal Polynomials","chapter-xmlid":"C18","paragraph-xmlid":"C18.S11.Px6","sentence-num-in-chapter":"576","section-xmlid":"C18.S11","sentence-num-in-section":"13","para-xmlid":"C18.S11.Px6.p2","subsection-title":"Formulas of Mehler\u2013Heine Type","subsection-xmlid":"C18.S11.SS2","paragraph-title":"Hermite","section-title":"Relations to Other Functions","para-num-of-sentences":"2"},"xml-id":"C18.S11.Px6.p2.m1","tex":"$J_{\\nu}\\left(z\\right)$","content-tex":"$\\BesselJ{\\nu}@{z}$"}}{"expression":{"context-references":{"sentence-num-in-corpus":"10402","sentence-xmlid":"C18.S11.Px6.p2.s2","chapter-title":"Orthogonal Polynomials","chapter-xmlid":"C18","paragraph-xmlid":"C18.S11.Px6","sentence-num-in-chapter":"577","section-xmlid":"C18.S11","sentence-num-in-section":"14","para-xmlid":"C18.S11.Px6.p2","subsection-title":"Formulas of Mehler\u2013Heine Type","subsection-xmlid":"C18.S11.SS2","paragraph-title":"Hermite","section-title":"Relations to Other Functions","para-num-of-sentences":"2"},"xml-id":"C18.S11.Px6.p2.m2","tex":"$z$"}}{"expression":{"context-references":{"sentence-num-in-corpus":"10402","sentence-xmlid":"C18.S11.Px6.p2.s2","chapter-title":"Orthogonal Polynomials","chapter-xmlid":"C18","paragraph-xmlid":"C18.S11.Px6","sentence-num-in-chapter":"577","section-xmlid":"C18.S11","sentence-num-in-section":"14","para-xmlid":"C18.S11.Px6.p2","subsection-title":"Formulas of Mehler\u2013Heine Type","subsection-xmlid":"C18.S11.SS2","paragraph-title":"Hermite","section-title":"Relations to Other Functions","para-num-of-sentences":"2"},"xml-id":"C18.S11.Px6.p2.m3","tex":"$\\mathbb{C}$","content-tex":"$\\Complexes$"}}{"expression":{"context-references":{"chapter-title":"Orthogonal Polynomials","chapter-xmlid":"C18"},"xml-id":"C18.S27.m2a","tex":"$q$"}}{"expression":{"context-references":{"chapter-title":"Orthogonal Polynomials","chapter-xmlid":"C18"},"xml-id":"C18.S29.m2a","tex":"$q$"}}