{"expression":{"xml-id":"C18.S12.info.m1","tex":"$z$","context":{"chapter-title":"Orthogonal Polynomials","chapter-xmlid":"C18"}}}{"expression":{"xml-id":"C18.S12.info.m2","tex":"$\\lambda=1$","context":{"chapter-title":"Orthogonal Polynomials","chapter-xmlid":"C18"}}}{"expression":{"xml-id":"C18.S12.info.m3","tex":"$\\lambda=\\frac{1}{2}$","context":{"chapter-title":"Orthogonal Polynomials","chapter-xmlid":"C18"}}}{"expression":{"xml-id":"C18.S12.info.m4","tex":"$\\lambda=\\frac{1}{2}$","context":{"chapter-title":"Orthogonal Polynomials","chapter-xmlid":"C18"}}}{"equation":{"symbols-used":[{"symbol":{"tex":"$P^{(\\NVar{\\alpha},\\NVar{\\beta})}_{\\NVar{n}}\\left(\\NVar{x}\\right)$","meaning":"Jacobi polynomial","idref":"C18.S3.T1.t1.r2","content-tex":"$\\JacobipolyP{\\NVar{\\alpha}}{\\NVar{\\beta}}{\\NVar{n}}@{\\NVar{x}}$"}},{"symbol":{"tex":"$z$","meaning":"complex variable","idref":"C18.S1.SS1.p2.t1.r2"}},{"symbol":{"tex":"$n$","meaning":"nonnegative integer","idref":"C18.S1.SS1.p2.t1.r5"}},{"symbol":{"tex":"$x$","meaning":"real variable","idref":"C18.S2.Px1.p2"}}],"xml-id":"C18.S12.E1","tex":"$\\frac{2^{\\alpha+\\beta}}{R(1+R-z)^{\\alpha}(1+R+z)^{\\beta}}=\\sum_{n=0}^{\\infty}P ^{(\\alpha,\\beta)}_{n}\\left(x\\right)z^{n},$","context":{"sentence-num-in-corpus":"10404","sentence-xmlid":"C18.S12.Px1.p1.s1","chapter-title":"Orthogonal Polynomials","chapter-xmlid":"C18","paragraph-title":"Jacobi","paragraph-xmlid":"C18.S12.Px1","section-title":"Generating Functions","sentence-num-in-chapter":"579","section-xmlid":"C18.S12","sentence-num-in-section":"2","para-num-of-sentences":"4","para-xmlid":"C18.S12.Px1.p1"},"permalink":"http:\/\/dlmf.nist.gov\/18.12.E1","equation-number":"18.12.1","constraints":{"tex":"$R=\\sqrt{1-2xz+z^{2}}$, $|z|<1$."},"content-tex":"$\\frac{2^{\\alpha+\\beta}}{R(1+R-z)^{\\alpha}(1+R+z)^{\\beta}}=\\sum_{n=0}^{\\infty} \\JacobipolyP{\\alpha}{\\beta}{n}@{x}z^{n},$"}}{"equation":{"symbols-used":[{"symbol":{"tex":"$J_{\\NVar{\\nu}}\\left(\\NVar{z}\\right)$","meaning":"Bessel function of the first kind","idref":"C10.S2.E2","content-tex":"$\\BesselJ{\\NVar{\\nu}}@{\\NVar{z}}$"}},{"symbol":{"tex":"$\\Gamma\\left(\\NVar{z}\\right)$","meaning":"gamma function","idref":"C5.S2.E1","content-tex":"$\\EulerGamma@{\\NVar{z}}$"}},{"symbol":{"tex":"$P^{(\\NVar{\\alpha},\\NVar{\\beta})}_{\\NVar{n}}\\left(\\NVar{x}\\right)$","meaning":"Jacobi polynomial","idref":"C18.S3.T1.t1.r2","content-tex":"$\\JacobipolyP{\\NVar{\\alpha}}{\\NVar{\\beta}}{\\NVar{n}}@{\\NVar{x}}$"}},{"symbol":{"tex":"$I_{\\NVar{\\nu}}\\left(\\NVar{z}\\right)$","meaning":"modified Bessel function of the first kind","idref":"C10.S25.E2","content-tex":"$\\modBesselI{\\NVar{\\nu}}@{\\NVar{z}}$"}},{"symbol":{"tex":"$z$","meaning":"complex variable","idref":"C18.S1.SS1.p2.t1.r2"}},{"symbol":{"tex":"$n$","meaning":"nonnegative integer","idref":"C18.S1.SS1.p2.t1.r5"}},{"symbol":{"tex":"$x$","meaning":"real variable","idref":"C18.S2.Px1.p2"}}],"xml-id":"C18.S12.E2","tex":"$\\left(\\tfrac{1}{2}(1-x)z\\right)^{-\\frac{1}{2}\\alpha}J_{\\alpha}\\left(\\sqrt{2(1- x)z}\\right)\\*\\left(\\tfrac{1}{2}(1+x)z\\right)^{-\\frac{1}{2}\\beta}I_{\\beta}\\left (\\sqrt{2(1+x)z}\\right)=\\sum_{n=0}^{\\infty}\\frac{P^{(\\alpha,\\beta)}_{n}\\left(x \\right)}{\\Gamma\\left(n+\\alpha+1\\right)\\Gamma\\left(n+\\beta+1\\right)}z^{n}.$","context":{"sentence-num-in-corpus":"10405","sentence-xmlid":"C18.S12.Px1.p1.s2","chapter-title":"Orthogonal Polynomials","chapter-xmlid":"C18","paragraph-title":"Jacobi","paragraph-xmlid":"C18.S12.Px1","section-title":"Generating Functions","sentence-num-in-chapter":"580","section-xmlid":"C18.S12","sentence-num-in-section":"3","para-num-of-sentences":"4","para-xmlid":"C18.S12.Px1.p1"},"permalink":"http:\/\/dlmf.nist.gov\/18.12.E2","equation-number":"18.12.2","content-tex":"$\\left(\\tfrac{1}{2}(1-x)z\\right)^{-\\frac{1}{2}\\alpha}\\BesselJ{\\alpha}@{\\sqrt{2( 1-x)z}}\\*\\left(\\tfrac{1}{2}(1+x)z\\right)^{-\\frac{1}{2}\\beta}\\modBesselI{\\beta} @{\\sqrt{2(1+x)z}}=\\sum_{n=0}^{\\infty}\\frac{\\JacobipolyP{\\alpha}{\\beta}{n}@{x}} {\\EulerGamma@{n+\\alpha+1}\\EulerGamma@{n+\\beta+1}}z^{n}.$"}}{"equation":{"symbols-used":[{"symbol":{"tex":"${{}_{2}F_{1}}\\left(\\NVar{a},\\NVar{b};\\NVar{c};\\NVar{z}\\right)$","meaning":" $=F\\left(\\NVar{a},\\NVar{b};\\NVar{c};\\NVar{z}\\right)$ notation for Gauss\u2019 hypergeometric function","idref":"C16.S2","content-tex":"$\\genhyperF{2}{1}@{\\NVar{a},\\NVar{b}}{\\NVar{c}}{\\NVar{z}}$"}},{"symbol":{"tex":"$P^{(\\NVar{\\alpha},\\NVar{\\beta})}_{\\NVar{n}}\\left(\\NVar{x}\\right)$","meaning":"Jacobi polynomial","idref":"C18.S3.T1.t1.r2","content-tex":"$\\JacobipolyP{\\NVar{\\alpha}}{\\NVar{\\beta}}{\\NVar{n}}@{\\NVar{x}}$"}},{"symbol":{"tex":"${\\left(\\NVar{a}\\right)_{\\NVar{n}}}$","meaning":"Pochhammer\u2019s symbol (or shifted factorial)","idref":"C5.S2.SS3","content-tex":"$\\Pochhammersym{\\NVar{a}}{\\NVar{n}}$"}},{"symbol":{"tex":"$z$","meaning":"complex variable","idref":"C18.S1.SS1.p2.t1.r2"}},{"symbol":{"tex":"$n$","meaning":"nonnegative integer","idref":"C18.S1.SS1.p2.t1.r5"}},{"symbol":{"tex":"$x$","meaning":"real variable","idref":"C18.S2.Px1.p2"}}],"xml-id":"C18.S12.E3","tex":"$(1+z)^{-\\alpha-\\beta-1}\\*{{}_{2}F_{1}}\\left({\\tfrac{1}{2}(\\alpha+\\beta+1), \\tfrac{1}{2}(\\alpha+\\beta+2)\\atop\\beta+1};\\frac{2(x+1)z}{(1+z)^{2}}\\right)= \\sum_{n=0}^{\\infty}\\frac{{\\left(\\alpha+\\beta+1\\right)_{n}}}{{\\left(\\beta+1 \\right)_{n}}}P^{(\\alpha,\\beta)}_{n}\\left(x\\right)z^{n},$","context":{"sentence-num-in-corpus":"10406","sentence-xmlid":"C18.S12.Px1.p1.s3","chapter-title":"Orthogonal Polynomials","chapter-xmlid":"C18","paragraph-title":"Jacobi","paragraph-xmlid":"C18.S12.Px1","section-title":"Generating Functions","sentence-num-in-chapter":"581","section-xmlid":"C18.S12","sentence-num-in-section":"4","para-num-of-sentences":"4","para-xmlid":"C18.S12.Px1.p1"},"permalink":"http:\/\/dlmf.nist.gov\/18.12.E3","equation-number":"18.12.3","constraints":{"tex":"$|z|<1$,"},"content-tex":"$(1+z)^{-\\alpha-\\beta-1}\\*\\genhyperF{2}{1}@@{\\tfrac{1}{2}(\\alpha+\\beta+1), \\tfrac{1}{2}(\\alpha+\\beta+2)}{\\beta+1}{\\frac{2(x+1)z}{(1+z)^{2}}}=\\sum_{n=0}^{ \\infty}\\frac{\\Pochhammersym{\\alpha+\\beta+1}{n}}{\\Pochhammersym{\\beta+1}{n}} \\JacobipolyP{\\alpha}{\\beta}{n}@{x}z^{n},$"}}{"expression":{"xml-id":"C18.S12.Px1.p1.m1","tex":"${{}_{2}F_{1}}$","context":{"sentence-num-in-corpus":"10407","sentence-xmlid":"C18.S12.Px1.p1.s4","chapter-title":"Orthogonal Polynomials","chapter-xmlid":"C18","paragraph-title":"Jacobi","paragraph-xmlid":"C18.S12.Px1","section-title":"Generating Functions","sentence-num-in-chapter":"582","section-xmlid":"C18.S12","sentence-num-in-section":"5","para-num-of-sentences":"4","para-xmlid":"C18.S12.Px1.p1"},"content-tex":"$\\genhyperF{2}{1}$"}}{"equation":{"symbols-used":[{"symbol":{"tex":"$P^{(\\NVar{\\alpha},\\NVar{\\beta})}_{\\NVar{n}}\\left(\\NVar{x}\\right)$","meaning":"Jacobi polynomial","idref":"C18.S3.T1.t1.r2","content-tex":"$\\JacobipolyP{\\NVar{\\alpha}}{\\NVar{\\beta}}{\\NVar{n}}@{\\NVar{x}}$"}},{"symbol":{"tex":"${\\left(\\NVar{a}\\right)_{\\NVar{n}}}$","meaning":"Pochhammer\u2019s symbol (or shifted factorial)","idref":"C5.S2.SS3","content-tex":"$\\Pochhammersym{\\NVar{a}}{\\NVar{n}}$"}},{"symbol":{"tex":"$C^{(\\NVar{\\lambda})}_{\\NVar{n}}\\left(\\NVar{x}\\right)$","meaning":"ultraspherical (or Gegenbauer) polynomial","idref":"C18.S3.T1.t1.r3","content-tex":"$\\ultrasphpoly{\\NVar{\\lambda}}{\\NVar{n}}@{\\NVar{x}}$"}},{"symbol":{"tex":"$z$","meaning":"complex variable","idref":"C18.S1.SS1.p2.t1.r2"}},{"symbol":{"tex":"$n$","meaning":"nonnegative integer","idref":"C18.S1.SS1.p2.t1.r5"}},{"symbol":{"tex":"$x$","meaning":"real variable","idref":"C18.S2.Px1.p2"}}],"xml-id":"C18.S12.E4","tex":"$(1-2xz+z^{2})^{-\\lambda}=\\sum_{n=0}^{\\infty}C^{(\\lambda)}_{n}\\left(x\\right)z^{ n}=\\sum_{n=0}^{\\infty}\\frac{{\\left(2\\lambda\\right)_{n}}}{{\\left(\\lambda+\\tfrac {1}{2}\\right)_{n}}}P^{(\\lambda-\\frac{1}{2},\\lambda-\\frac{1}{2})}_{n}\\left(x \\right)z^{n},$","context":{"sentence-num-in-corpus":"10408","sentence-xmlid":"C18.S12.Px2.p1.s1","chapter-title":"Orthogonal Polynomials","chapter-xmlid":"C18","paragraph-title":"Ultraspherical","paragraph-xmlid":"C18.S12.Px2","section-title":"Generating Functions","sentence-num-in-chapter":"583","section-xmlid":"C18.S12","sentence-num-in-section":"6","para-num-of-sentences":"2","para-xmlid":"C18.S12.Px2.p1"},"permalink":"http:\/\/dlmf.nist.gov\/18.12.E4","equation-number":"18.12.4","constraints":{"tex":"$|z|<1$."},"content-tex":"$(1-2xz+z^{2})^{-\\lambda}=\\sum_{n=0}^{\\infty}\\ultrasphpoly{\\lambda}{n}@{x}z^{n} =\\sum_{n=0}^{\\infty}\\frac{\\Pochhammersym{2\\lambda}{n}}{\\Pochhammersym{\\lambda+ \\tfrac{1}{2}}{n}}\\JacobipolyP{\\lambda-\\frac{1}{2}}{\\lambda-\\frac{1}{2}}{n}@{x} z^{n},$"}}{"equation":{"symbols-used":[{"symbol":{"tex":"$C^{(\\NVar{\\lambda})}_{\\NVar{n}}\\left(\\NVar{x}\\right)$","meaning":"ultraspherical (or Gegenbauer) polynomial","idref":"C18.S3.T1.t1.r3","content-tex":"$\\ultrasphpoly{\\NVar{\\lambda}}{\\NVar{n}}@{\\NVar{x}}$"}},{"symbol":{"tex":"$z$","meaning":"complex variable","idref":"C18.S1.SS1.p2.t1.r2"}},{"symbol":{"tex":"$n$","meaning":"nonnegative integer","idref":"C18.S1.SS1.p2.t1.r5"}},{"symbol":{"tex":"$x$","meaning":"real variable","idref":"C18.S2.Px1.p2"}}],"xml-id":"C18.S12.E5","tex":"$\\frac{1-xz}{(1-2xz+z^{2})^{\\lambda+1}}=\\sum_{n=0}^{\\infty}\\frac{n+2\\lambda}{2 \\lambda}C^{(\\lambda)}_{n}\\left(x\\right)z^{n},$","context":{"sentence-num-in-corpus":"10409","sentence-xmlid":"C18.S12.Px2.p1.s2","chapter-title":"Orthogonal Polynomials","chapter-xmlid":"C18","paragraph-title":"Ultraspherical","paragraph-xmlid":"C18.S12.Px2","section-title":"Generating Functions","sentence-num-in-chapter":"584","section-xmlid":"C18.S12","sentence-num-in-section":"7","para-num-of-sentences":"2","para-xmlid":"C18.S12.Px2.p1"},"permalink":"http:\/\/dlmf.nist.gov\/18.12.E5","equation-number":"18.12.5","constraints":{"tex":"$|z|<1$."},"content-tex":"$\\frac{1-xz}{(1-2xz+z^{2})^{\\lambda+1}}=\\sum_{n=0}^{\\infty}\\frac{n+2\\lambda}{2 \\lambda}\\ultrasphpoly{\\lambda}{n}@{x}z^{n},$"}}{"equation":{"symbols-used":[{"symbol":{"tex":"$J_{\\NVar{\\nu}}\\left(\\NVar{z}\\right)$","meaning":"Bessel function of the first kind","idref":"C10.S2.E2","content-tex":"$\\BesselJ{\\NVar{\\nu}}@{\\NVar{z}}$"}},{"symbol":{"tex":"$\\Gamma\\left(\\NVar{z}\\right)$","meaning":"gamma function","idref":"C5.S2.E1","content-tex":"$\\EulerGamma@{\\NVar{z}}$"}},{"symbol":{"tex":"${\\left(\\NVar{a}\\right)_{\\NVar{n}}}$","meaning":"Pochhammer\u2019s symbol (or shifted factorial)","idref":"C5.S2.SS3","content-tex":"$\\Pochhammersym{\\NVar{a}}{\\NVar{n}}$"}},{"symbol":{"tex":"$\\pi$","meaning":"the ratio of the circumference of a circle to its diameter","idref":"C3.S12.E1","content-tex":"$\\cpi$"}},{"symbol":{"tex":"$\\cos\\NVar{z}$","meaning":"cosine function","idref":"C4.S14.E2","content-tex":"$\\cos@@{\\NVar{z}}$"}},{"symbol":{"tex":"$\\mathrm{e}$","meaning":"base of natural logarithm","idref":"C4.S2.E11","content-tex":"$\\expe$"}},{"symbol":{"tex":"$\\sin\\NVar{z}$","meaning":"sine function","idref":"C4.S14.E1","content-tex":"$\\sin@@{\\NVar{z}}$"}},{"symbol":{"tex":"$C^{(\\NVar{\\lambda})}_{\\NVar{n}}\\left(\\NVar{x}\\right)$","meaning":"ultraspherical (or Gegenbauer) polynomial","idref":"C18.S3.T1.t1.r3","content-tex":"$\\ultrasphpoly{\\NVar{\\lambda}}{\\NVar{n}}@{\\NVar{x}}$"}},{"symbol":{"tex":"$z$","meaning":"complex variable","idref":"C18.S1.SS1.p2.t1.r2"}},{"symbol":{"tex":"$n$","meaning":"nonnegative integer","idref":"C18.S1.SS1.p2.t1.r5"}}],"xml-id":"C18.S12.E6","tex":"$\\Gamma\\left(\\lambda+\\tfrac{1}{2}\\right)e^{z\\cos\\theta}(\\tfrac{1}{2}z\\sin\\theta )^{\\frac{1}{2}-\\lambda}J_{\\lambda-\\frac{1}{2}}\\left(z\\sin\\theta\\right)=\\sum_{n =0}^{\\infty}\\frac{C^{(\\lambda)}_{n}\\left(\\cos\\theta\\right)}{{\\left(2\\lambda \\right)_{n}}}z^{n},$","context":{"sentence-num-in-corpus":"10410","sentence-xmlid":"C18.S12.Px2.p2.s1","chapter-title":"Orthogonal Polynomials","chapter-xmlid":"C18","paragraph-title":"Ultraspherical","paragraph-xmlid":"C18.S12.Px2","section-title":"Generating Functions","sentence-num-in-chapter":"585","section-xmlid":"C18.S12","sentence-num-in-section":"8","para-num-of-sentences":"1","para-xmlid":"C18.S12.Px2.p2"},"permalink":"http:\/\/dlmf.nist.gov\/18.12.E6","equation-number":"18.12.6","constraints":{"tex":"$0\\leq\\theta\\leq\\pi$."},"content-tex":"$\\EulerGamma@{\\lambda+\\tfrac{1}{2}}e^{z\\cos@@{\\theta}}(\\tfrac{1}{2}z\\sin@@{ \\theta})^{\\frac{1}{2}-\\lambda}\\BesselJ{\\lambda-\\frac{1}{2}}@{z\\sin@@{\\theta}}= \\sum_{n=0}^{\\infty}\\frac{\\ultrasphpoly{\\lambda}{n}@{\\cos@@{\\theta}}}{ \\Pochhammersym{2\\lambda}{n}}z^{n},$"}}{"equation":{"symbols-used":[{"symbol":{"tex":"$T_{\\NVar{n}}\\left(\\NVar{x}\\right)$","meaning":"Chebyshev polynomial of the first kind","idref":"C18.S3.T1.t1.r4","content-tex":"$\\ChebyshevpolyT{\\NVar{n}}@{\\NVar{x}}$"}},{"symbol":{"tex":"$z$","meaning":"complex variable","idref":"C18.S1.SS1.p2.t1.r2"}},{"symbol":{"tex":"$n$","meaning":"nonnegative integer","idref":"C18.S1.SS1.p2.t1.r5"}},{"symbol":{"tex":"$x$","meaning":"real variable","idref":"C18.S2.Px1.p2"}}],"xml-id":"C18.S12.E7","tex":"$\\frac{1-z^{2}}{1-2xz+z^{2}}=1+2\\sum_{n=1}^{\\infty}T_{n}\\left(x\\right)z^{n},$","context":{"sentence-num-in-corpus":"10411","sentence-xmlid":"C18.S12.Px3.p1.s1","chapter-title":"Orthogonal Polynomials","chapter-xmlid":"C18","paragraph-title":"Chebyshev","paragraph-xmlid":"C18.S12.Px3","section-title":"Generating Functions","sentence-num-in-chapter":"586","section-xmlid":"C18.S12","sentence-num-in-section":"9","para-num-of-sentences":"4","para-xmlid":"C18.S12.Px3.p1"},"permalink":"http:\/\/dlmf.nist.gov\/18.12.E7","equation-number":"18.12.7","constraints":{"tex":"$|z|<1$."},"content-tex":"$\\frac{1-z^{2}}{1-2xz+z^{2}}=1+2\\sum_{n=1}^{\\infty}\\ChebyshevpolyT{n}@{x}z^{n},$"}}{"equation":{"symbols-used":[{"symbol":{"tex":"$T_{\\NVar{n}}\\left(\\NVar{x}\\right)$","meaning":"Chebyshev polynomial of the first kind","idref":"C18.S3.T1.t1.r4","content-tex":"$\\ChebyshevpolyT{\\NVar{n}}@{\\NVar{x}}$"}},{"symbol":{"tex":"$z$","meaning":"complex variable","idref":"C18.S1.SS1.p2.t1.r2"}},{"symbol":{"tex":"$n$","meaning":"nonnegative integer","idref":"C18.S1.SS1.p2.t1.r5"}},{"symbol":{"tex":"$x$","meaning":"real variable","idref":"C18.S2.Px1.p2"}}],"xml-id":"C18.S12.E8","tex":"$\\frac{1-xz}{1-2xz+z^{2}}=\\sum_{n=0}^{\\infty}T_{n}\\left(x\\right)z^{n},$","context":{"sentence-num-in-corpus":"10412","sentence-xmlid":"C18.S12.Px3.p1.s2","chapter-title":"Orthogonal Polynomials","chapter-xmlid":"C18","paragraph-title":"Chebyshev","paragraph-xmlid":"C18.S12.Px3","section-title":"Generating Functions","sentence-num-in-chapter":"587","section-xmlid":"C18.S12","sentence-num-in-section":"10","para-num-of-sentences":"4","para-xmlid":"C18.S12.Px3.p1"},"permalink":"http:\/\/dlmf.nist.gov\/18.12.E8","equation-number":"18.12.8","constraints":{"tex":"$|z|<1$."},"content-tex":"$\\frac{1-xz}{1-2xz+z^{2}}=\\sum_{n=0}^{\\infty}\\ChebyshevpolyT{n}@{x}z^{n},$"}}{"equation":{"symbols-used":[{"symbol":{"tex":"$T_{\\NVar{n}}\\left(\\NVar{x}\\right)$","meaning":"Chebyshev polynomial of the first kind","idref":"C18.S3.T1.t1.r4","content-tex":"$\\ChebyshevpolyT{\\NVar{n}}@{\\NVar{x}}$"}},{"symbol":{"tex":"$\\ln\\NVar{z}$","meaning":"principal branch of logarithm function","idref":"C4.S2.E2","content-tex":"$\\ln@@{\\NVar{z}}$"}},{"symbol":{"tex":"$z$","meaning":"complex variable","idref":"C18.S1.SS1.p2.t1.r2"}},{"symbol":{"tex":"$n$","meaning":"nonnegative integer","idref":"C18.S1.SS1.p2.t1.r5"}},{"symbol":{"tex":"$x$","meaning":"real variable","idref":"C18.S2.Px1.p2"}}],"xml-id":"C18.S12.E9","tex":"$-\\ln\\left(1-2xz+z^{2}\\right)=2\\sum_{n=1}^{\\infty}\\frac{T_{n}\\left(x\\right)}{n} z^{n},$","context":{"sentence-num-in-corpus":"10413","sentence-xmlid":"C18.S12.Px3.p1.s3","chapter-title":"Orthogonal Polynomials","chapter-xmlid":"C18","paragraph-title":"Chebyshev","paragraph-xmlid":"C18.S12.Px3","section-title":"Generating Functions","sentence-num-in-chapter":"588","section-xmlid":"C18.S12","sentence-num-in-section":"11","para-num-of-sentences":"4","para-xmlid":"C18.S12.Px3.p1"},"permalink":"http:\/\/dlmf.nist.gov\/18.12.E9","equation-number":"18.12.9","constraints":{"tex":"$|z|<1$."},"content-tex":"$-\\ln@{1-2xz+z^{2}}=2\\sum_{n=1}^{\\infty}\\frac{\\ChebyshevpolyT{n}@{x}}{n}z^{n},$"}}{"equation":{"symbols-used":[{"symbol":{"tex":"$U_{\\NVar{n}}\\left(\\NVar{x}\\right)$","meaning":"Chebyshev polynomial of the second kind","idref":"C18.S3.T1.t1.r5","content-tex":"$\\ChebyshevpolyU{\\NVar{n}}@{\\NVar{x}}$"}},{"symbol":{"tex":"$z$","meaning":"complex variable","idref":"C18.S1.SS1.p2.t1.r2"}},{"symbol":{"tex":"$n$","meaning":"nonnegative integer","idref":"C18.S1.SS1.p2.t1.r5"}},{"symbol":{"tex":"$x$","meaning":"real variable","idref":"C18.S2.Px1.p2"}}],"xml-id":"C18.S12.E10","tex":"$\\frac{1}{1-2xz+z^{2}}=\\sum_{n=0}^{\\infty}U_{n}\\left(x\\right)z^{n},$","context":{"sentence-num-in-corpus":"10414","sentence-xmlid":"C18.S12.Px3.p1.s4","chapter-title":"Orthogonal Polynomials","chapter-xmlid":"C18","paragraph-title":"Chebyshev","paragraph-xmlid":"C18.S12.Px3","section-title":"Generating Functions","sentence-num-in-chapter":"589","section-xmlid":"C18.S12","sentence-num-in-section":"12","para-num-of-sentences":"4","para-xmlid":"C18.S12.Px3.p1"},"permalink":"http:\/\/dlmf.nist.gov\/18.12.E10","equation-number":"18.12.10","constraints":{"tex":"$|z|<1$."},"content-tex":"$\\frac{1}{1-2xz+z^{2}}=\\sum_{n=0}^{\\infty}\\ChebyshevpolyU{n}@{x}z^{n},$"}}{"equation":{"symbols-used":[{"symbol":{"tex":"$P_{\\NVar{n}}\\left(\\NVar{x}\\right)$","meaning":"Legendre polynomial","idref":"C18.S3.T1.t1.r10","content-tex":"$\\LegendrepolyP{\\NVar{n}}@{\\NVar{x}}$"}},{"symbol":{"tex":"$z$","meaning":"complex variable","idref":"C18.S1.SS1.p2.t1.r2"}},{"symbol":{"tex":"$n$","meaning":"nonnegative integer","idref":"C18.S1.SS1.p2.t1.r5"}},{"symbol":{"tex":"$x$","meaning":"real variable","idref":"C18.S2.Px1.p2"}}],"xml-id":"C18.S12.E11","tex":"$\\frac{1}{\\sqrt{1-2xz+z^{2}}}=\\sum_{n=0}^{\\infty}P_{n}\\left(x\\right)z^{n},$","context":{"sentence-num-in-corpus":"10415","sentence-xmlid":"C18.S12.Px4.p1.s1","chapter-title":"Orthogonal Polynomials","chapter-xmlid":"C18","paragraph-title":"Legendre","paragraph-xmlid":"C18.S12.Px4","section-title":"Generating Functions","sentence-num-in-chapter":"590","section-xmlid":"C18.S12","sentence-num-in-section":"13","para-num-of-sentences":"1","para-xmlid":"C18.S12.Px4.p1"},"permalink":"http:\/\/dlmf.nist.gov\/18.12.E11","equation-number":"18.12.11","constraints":{"tex":"$|z|<1$."},"content-tex":"$\\frac{1}{\\sqrt{1-2xz+z^{2}}}=\\sum_{n=0}^{\\infty}\\LegendrepolyP{n}@{x}z^{n},$"}}{"equation":{"symbols-used":[{"symbol":{"tex":"$J_{\\NVar{\\nu}}\\left(\\NVar{z}\\right)$","meaning":"Bessel function of the first kind","idref":"C10.S2.E2","content-tex":"$\\BesselJ{\\NVar{\\nu}}@{\\NVar{z}}$"}},{"symbol":{"tex":"$P_{\\NVar{n}}\\left(\\NVar{x}\\right)$","meaning":"Legendre polynomial","idref":"C18.S3.T1.t1.r10","content-tex":"$\\LegendrepolyP{\\NVar{n}}@{\\NVar{x}}$"}},{"symbol":{"tex":"$\\mathrm{e}$","meaning":"base of natural logarithm","idref":"C4.S2.E11","content-tex":"$\\expe$"}},{"symbol":{"tex":"$!$","meaning":"factorial (as in $n!$ )","idref":"introduction.Sx4.p1.t1.r15"}},{"symbol":{"tex":"$z$","meaning":"complex variable","idref":"C18.S1.SS1.p2.t1.r2"}},{"symbol":{"tex":"$n$","meaning":"nonnegative integer","idref":"C18.S1.SS1.p2.t1.r5"}},{"symbol":{"tex":"$x$","meaning":"real variable","idref":"C18.S2.Px1.p2"}}],"xml-id":"C18.S12.E12","tex":"$e^{xz}J_{0}\\left(z\\sqrt{1-x^{2}}\\right)=\\sum_{n=0}^{\\infty}\\frac{P_{n}\\left(x \\right)}{n!}z^{n}.$","context":{"sentence-num-in-corpus":"10416","sentence-xmlid":"C18.S12.Px4.p2.s1","chapter-title":"Orthogonal Polynomials","chapter-xmlid":"C18","paragraph-title":"Legendre","paragraph-xmlid":"C18.S12.Px4","section-title":"Generating Functions","sentence-num-in-chapter":"591","section-xmlid":"C18.S12","sentence-num-in-section":"14","para-num-of-sentences":"1","para-xmlid":"C18.S12.Px4.p2"},"permalink":"http:\/\/dlmf.nist.gov\/18.12.E12","equation-number":"18.12.12","content-tex":"$e^{xz}\\BesselJ{0}@{z\\sqrt{1-x^{2}}}=\\sum_{n=0}^{\\infty}\\frac{\\LegendrepolyP{n} @{x}}{n!}z^{n}.$"}}{"equation":{"symbols-used":[{"symbol":{"tex":"$L^{(\\NVar{\\alpha})}_{\\NVar{n}}\\left(\\NVar{x}\\right)$","meaning":"Laguerre (or generalized Laguerre) polynomial","idref":"C18.S3.T1.t1.r12","content-tex":"$\\LaguerrepolyL[\\NVar{\\alpha}]{\\NVar{n}}@{\\NVar{x}}$"}},{"symbol":{"tex":"$\\exp\\NVar{z}$","meaning":"exponential function","idref":"C4.S2.E19","content-tex":"$\\exp@@{\\NVar{z}}$"}},{"symbol":{"tex":"$z$","meaning":"complex variable","idref":"C18.S1.SS1.p2.t1.r2"}},{"symbol":{"tex":"$n$","meaning":"nonnegative integer","idref":"C18.S1.SS1.p2.t1.r5"}},{"symbol":{"tex":"$x$","meaning":"real variable","idref":"C18.S2.Px1.p2"}}],"xml-id":"C18.S12.E13","tex":"$(1-z)^{-\\alpha-1}\\exp\\left(\\frac{xz}{z-1}\\right)=\\sum_{n=0}^{\\infty}L^{(\\alpha )}_{n}\\left(x\\right)z^{n},$","context":{"sentence-num-in-corpus":"10417","sentence-xmlid":"C18.S12.Px5.p1.s1","chapter-title":"Orthogonal Polynomials","chapter-xmlid":"C18","paragraph-title":"Laguerre","paragraph-xmlid":"C18.S12.Px5","section-title":"Generating Functions","sentence-num-in-chapter":"592","section-xmlid":"C18.S12","sentence-num-in-section":"15","para-num-of-sentences":"2","para-xmlid":"C18.S12.Px5.p1"},"permalink":"http:\/\/dlmf.nist.gov\/18.12.E13","equation-number":"18.12.13","constraints":{"tex":"$|z|<1$."},"content-tex":"$(1-z)^{-\\alpha-1}\\exp@{\\frac{xz}{z-1}}=\\sum_{n=0}^{\\infty}\\LaguerrepolyL[ \\alpha]{n}@{x}z^{n},$"}}{"equation":{"symbols-used":[{"symbol":{"tex":"$J_{\\NVar{\\nu}}\\left(\\NVar{z}\\right)$","meaning":"Bessel function of the first kind","idref":"C10.S2.E2","content-tex":"$\\BesselJ{\\NVar{\\nu}}@{\\NVar{z}}$"}},{"symbol":{"tex":"$\\Gamma\\left(\\NVar{z}\\right)$","meaning":"gamma function","idref":"C5.S2.E1","content-tex":"$\\EulerGamma@{\\NVar{z}}$"}},{"symbol":{"tex":"$L^{(\\NVar{\\alpha})}_{\\NVar{n}}\\left(\\NVar{x}\\right)$","meaning":"Laguerre (or generalized Laguerre) polynomial","idref":"C18.S3.T1.t1.r12","content-tex":"$\\LaguerrepolyL[\\NVar{\\alpha}]{\\NVar{n}}@{\\NVar{x}}$"}},{"symbol":{"tex":"${\\left(\\NVar{a}\\right)_{\\NVar{n}}}$","meaning":"Pochhammer\u2019s symbol (or shifted factorial)","idref":"C5.S2.SS3","content-tex":"$\\Pochhammersym{\\NVar{a}}{\\NVar{n}}$"}},{"symbol":{"tex":"$\\mathrm{e}$","meaning":"base of natural logarithm","idref":"C4.S2.E11","content-tex":"$\\expe$"}},{"symbol":{"tex":"$z$","meaning":"complex variable","idref":"C18.S1.SS1.p2.t1.r2"}},{"symbol":{"tex":"$n$","meaning":"nonnegative integer","idref":"C18.S1.SS1.p2.t1.r5"}},{"symbol":{"tex":"$x$","meaning":"real variable","idref":"C18.S2.Px1.p2"}}],"xml-id":"C18.S12.E14","tex":"$\\Gamma\\left(\\alpha+1\\right)(xz)^{-\\frac{1}{2}\\alpha}e^{z}J_{\\alpha}\\left(2 \\sqrt{xz}\\right)=\\sum_{n=0}^{\\infty}\\frac{L^{(\\alpha)}_{n}\\left(x\\right)}{{ \\left(\\alpha+1\\right)_{n}}}z^{n}.$","context":{"sentence-num-in-corpus":"10418","sentence-xmlid":"C18.S12.Px5.p1.s2","chapter-title":"Orthogonal Polynomials","chapter-xmlid":"C18","paragraph-title":"Laguerre","paragraph-xmlid":"C18.S12.Px5","section-title":"Generating Functions","sentence-num-in-chapter":"593","section-xmlid":"C18.S12","sentence-num-in-section":"16","para-num-of-sentences":"2","para-xmlid":"C18.S12.Px5.p1"},"permalink":"http:\/\/dlmf.nist.gov\/18.12.E14","equation-number":"18.12.14","content-tex":"$\\EulerGamma@{\\alpha+1}(xz)^{-\\frac{1}{2}\\alpha}e^{z}\\BesselJ{\\alpha}@{2\\sqrt{ xz}}=\\sum_{n=0}^{\\infty}\\frac{\\LaguerrepolyL[\\alpha]{n}@{x}}{\\Pochhammersym{ \\alpha+1}{n}}z^{n}.$"}}{"equation":{"symbols-used":[{"symbol":{"tex":"$H_{\\NVar{n}}\\left(\\NVar{x}\\right)$","meaning":"Hermite polynomial","idref":"C18.S3.T1.t1.r13","content-tex":"$\\HermitepolyH{\\NVar{n}}@{\\NVar{x}}$"}},{"symbol":{"tex":"$\\mathrm{e}$","meaning":"base of natural logarithm","idref":"C4.S2.E11","content-tex":"$\\expe$"}},{"symbol":{"tex":"$!$","meaning":"factorial (as in $n!$ )","idref":"introduction.Sx4.p1.t1.r15"}},{"symbol":{"tex":"$z$","meaning":"complex variable","idref":"C18.S1.SS1.p2.t1.r2"}},{"symbol":{"tex":"$n$","meaning":"nonnegative integer","idref":"C18.S1.SS1.p2.t1.r5"}},{"symbol":{"tex":"$x$","meaning":"real variable","idref":"C18.S2.Px1.p2"}}],"xml-id":"C18.S12.E15","tex":"$e^{2xz-z^{2}}=\\sum_{n=0}^{\\infty}\\frac{H_{n}\\left(x\\right)}{n!}z^{n},$","context":{"sentence-num-in-corpus":"10419","sentence-xmlid":"C18.S12.Px6.p1.s1","chapter-title":"Orthogonal Polynomials","chapter-xmlid":"C18","paragraph-title":"Hermite","paragraph-xmlid":"C18.S12.Px6","section-title":"Generating Functions","sentence-num-in-chapter":"594","section-xmlid":"C18.S12","sentence-num-in-section":"17","para-num-of-sentences":"1","para-xmlid":"C18.S12.Px6.p1"},"permalink":"http:\/\/dlmf.nist.gov\/18.12.E15","equation-number":"18.12.15","content-tex":"$e^{2xz-z^{2}}=\\sum_{n=0}^{\\infty}\\frac{\\HermitepolyH{n}@{x}}{n!}z^{n},$"}}{"equation":{"symbols-used":[{"symbol":{"tex":"$\\mathit{He}_{\\NVar{n}}\\left(\\NVar{x}\\right)$","meaning":"Hermite polynomial","idref":"C18.S3.T1.t1.r14","content-tex":"$\\dilHermitepolyHe{\\NVar{n}}@{\\NVar{x}}$"}},{"symbol":{"tex":"$\\mathrm{e}$","meaning":"base of natural logarithm","idref":"C4.S2.E11","content-tex":"$\\expe$"}},{"symbol":{"tex":"$!$","meaning":"factorial (as in $n!$ )","idref":"introduction.Sx4.p1.t1.r15"}},{"symbol":{"tex":"$z$","meaning":"complex variable","idref":"C18.S1.SS1.p2.t1.r2"}},{"symbol":{"tex":"$n$","meaning":"nonnegative integer","idref":"C18.S1.SS1.p2.t1.r5"}},{"symbol":{"tex":"$x$","meaning":"real variable","idref":"C18.S2.Px1.p2"}}],"xml-id":"C18.S12.E16","tex":"$e^{xz-\\frac{1}{2}z^{2}}=\\sum_{n=0}^{\\infty}\\frac{\\mathit{He}_{n}\\left(x\\right) }{n!}z^{n}.$","context":{"sentence-num-in-corpus":"10419","sentence-xmlid":"C18.S12.Px6.p1.s1","chapter-title":"Orthogonal Polynomials","chapter-xmlid":"C18","paragraph-title":"Hermite","paragraph-xmlid":"C18.S12.Px6","section-title":"Generating Functions","sentence-num-in-chapter":"594","section-xmlid":"C18.S12","sentence-num-in-section":"17","para-num-of-sentences":"1","para-xmlid":"C18.S12.Px6.p1"},"permalink":"http:\/\/dlmf.nist.gov\/18.12.E16","equation-number":"18.12.16","content-tex":"$e^{xz-\\frac{1}{2}z^{2}}=\\sum_{n=0}^{\\infty}\\frac{\\dilHermitepolyHe{n}@{x}}{n!} z^{n}.$"}}{"expression":{"xml-id":"C18.S27.m2a","tex":"$q$","context":{"chapter-title":"Orthogonal Polynomials","chapter-xmlid":"C18"}}}{"expression":{"xml-id":"C18.S29.m2a","tex":"$q$","context":{"chapter-title":"Orthogonal Polynomials","chapter-xmlid":"C18"}}}