{"expression":{"context-references":{"sentence-num-in-corpus":"10791","subsection-xmlid":"C18.S25.SS1","sentence-xmlid":"C18.S25.SS1.p1.s1","chapter-title":"Orthogonal Polynomials","chapter-xmlid":"C18","section-title":"Wilson Class: Definitions","sentence-num-in-chapter":"966","section-xmlid":"C18.S25","sentence-num-in-section":"1","para-num-of-sentences":"2","para-xmlid":"C18.S25.SS1.p1","subsection-title":"Preliminaries"},"xml-id":"C18.S25.SS1.p1.m1","tex":"$p_{n}(x)$"}}{"expression":{"context-references":{"sentence-num-in-corpus":"10791","subsection-xmlid":"C18.S25.SS1","sentence-xmlid":"C18.S25.SS1.p1.s1","chapter-title":"Orthogonal Polynomials","chapter-xmlid":"C18","section-title":"Wilson Class: Definitions","sentence-num-in-chapter":"966","section-xmlid":"C18.S25","sentence-num-in-section":"1","para-num-of-sentences":"2","para-xmlid":"C18.S25.SS1.p1","subsection-title":"Preliminaries"},"xml-id":"C18.S25.SS1.p1.m2","tex":"$x=\\lambda(y)$"}}{"expression":{"context-references":{"sentence-num-in-corpus":"10791","subsection-xmlid":"C18.S25.SS1","sentence-xmlid":"C18.S25.SS1.p1.s1","chapter-title":"Orthogonal Polynomials","chapter-xmlid":"C18","section-title":"Wilson Class: Definitions","sentence-num-in-chapter":"966","section-xmlid":"C18.S25","sentence-num-in-section":"1","para-num-of-sentences":"2","para-xmlid":"C18.S25.SS1.p1","subsection-title":"Preliminaries"},"xml-id":"C18.S25.SS1.p1.m3","tex":"$y$"}}{"expression":{"context-references":{"sentence-num-in-corpus":"10791","subsection-xmlid":"C18.S25.SS1","sentence-xmlid":"C18.S25.SS1.p1.s1","chapter-title":"Orthogonal Polynomials","chapter-xmlid":"C18","section-title":"Wilson Class: Definitions","sentence-num-in-chapter":"966","section-xmlid":"C18.S25","sentence-num-in-section":"1","para-num-of-sentences":"2","para-xmlid":"C18.S25.SS1.p1","subsection-title":"Preliminaries"},"xml-id":"C18.S25.SS1.p1.m4","tex":"$\\{0,1,\\dots,N\\}$"}}{"expression":{"context-references":{"sentence-num-in-corpus":"10791","subsection-xmlid":"C18.S25.SS1","sentence-xmlid":"C18.S25.SS1.p1.s1","chapter-title":"Orthogonal Polynomials","chapter-xmlid":"C18","section-title":"Wilson Class: Definitions","sentence-num-in-chapter":"966","section-xmlid":"C18.S25","sentence-num-in-section":"1","para-num-of-sentences":"2","para-xmlid":"C18.S25.SS1.p1","subsection-title":"Preliminaries"},"xml-id":"C18.S25.SS1.p1.m5","tex":"$\\ifrac{\\mathrm{d}}{\\mathrm{d}x}$","content-tex":"$\\ideriv{}{x}$"}}{"expression":{"context-references":{"sentence-num-in-corpus":"10791","subsection-xmlid":"C18.S25.SS1","sentence-xmlid":"C18.S25.SS1.p1.s1","chapter-title":"Orthogonal Polynomials","chapter-xmlid":"C18","section-title":"Wilson Class: Definitions","sentence-num-in-chapter":"966","section-xmlid":"C18.S25","sentence-num-in-section":"1","para-num-of-sentences":"2","para-xmlid":"C18.S25.SS1.p1","subsection-title":"Preliminaries"},"xml-id":"C18.S25.SS1.p1.m6","tex":"$\\Delta_{y}$","content-tex":"$\\fDiff[y]$"}}{"expression":{"context-references":{"sentence-num-in-corpus":"10791","subsection-xmlid":"C18.S25.SS1","sentence-xmlid":"C18.S25.SS1.p1.s1","chapter-title":"Orthogonal Polynomials","chapter-xmlid":"C18","section-title":"Wilson Class: Definitions","sentence-num-in-chapter":"966","section-xmlid":"C18.S25","sentence-num-in-section":"1","para-num-of-sentences":"2","para-xmlid":"C18.S25.SS1.p1","subsection-title":"Preliminaries"},"xml-id":"C18.S25.SS1.p1.m7","tex":"$\\Delta_{y}(\\lambda(y))$","content-tex":"$\\fDiff[y](\\lambda(y))$"}}{"expression":{"context-references":{"sentence-num-in-corpus":"10791","subsection-xmlid":"C18.S25.SS1","sentence-xmlid":"C18.S25.SS1.p1.s1","chapter-title":"Orthogonal Polynomials","chapter-xmlid":"C18","section-title":"Wilson Class: Definitions","sentence-num-in-chapter":"966","section-xmlid":"C18.S25","sentence-num-in-section":"1","para-num-of-sentences":"2","para-xmlid":"C18.S25.SS1.p1","subsection-title":"Preliminaries"},"xml-id":"C18.S25.SS1.p1.m8","tex":"$\\nabla_{y}$","content-tex":"$\\bDiff[y]$"}}{"expression":{"context-references":{"sentence-num-in-corpus":"10791","subsection-xmlid":"C18.S25.SS1","sentence-xmlid":"C18.S25.SS1.p1.s1","chapter-title":"Orthogonal Polynomials","chapter-xmlid":"C18","section-title":"Wilson Class: Definitions","sentence-num-in-chapter":"966","section-xmlid":"C18.S25","sentence-num-in-section":"1","para-num-of-sentences":"2","para-xmlid":"C18.S25.SS1.p1","subsection-title":"Preliminaries"},"xml-id":"C18.S25.SS1.p1.m9","tex":"$\\nabla_{y}(\\lambda(y))$","content-tex":"$\\bDiff[y](\\lambda(y))$"}}{"expression":{"context-references":{"sentence-num-in-corpus":"10792","subsection-xmlid":"C18.S25.SS1","sentence-xmlid":"C18.S25.SS1.p1.s2","chapter-title":"Orthogonal Polynomials","chapter-xmlid":"C18","section-title":"Wilson Class: Definitions","sentence-num-in-chapter":"967","section-xmlid":"C18.S25","sentence-num-in-section":"2","para-num-of-sentences":"2","para-xmlid":"C18.S25.SS1.p1","subsection-title":"Preliminaries"},"xml-id":"C18.S25.SS1.p1.m10","tex":"$y$"}}{"expression":{"context-references":{"sentence-num-in-corpus":"10792","subsection-xmlid":"C18.S25.SS1","sentence-xmlid":"C18.S25.SS1.p1.s2","chapter-title":"Orthogonal Polynomials","chapter-xmlid":"C18","section-title":"Wilson Class: Definitions","sentence-num-in-chapter":"967","section-xmlid":"C18.S25","sentence-num-in-section":"2","para-num-of-sentences":"2","para-xmlid":"C18.S25.SS1.p1","subsection-title":"Preliminaries"},"xml-id":"C18.S25.SS1.p1.m11","tex":"$(0,\\infty)$"}}{"expression":{"context-references":{"sentence-num-in-corpus":"10792","subsection-xmlid":"C18.S25.SS1","sentence-xmlid":"C18.S25.SS1.p1.s2","chapter-title":"Orthogonal Polynomials","chapter-xmlid":"C18","section-title":"Wilson Class: Definitions","sentence-num-in-chapter":"967","section-xmlid":"C18.S25","sentence-num-in-section":"2","para-num-of-sentences":"2","para-xmlid":"C18.S25.SS1.p1","subsection-title":"Preliminaries"},"xml-id":"C18.S25.SS1.p1.m12","tex":"$\\ifrac{\\mathrm{d}}{\\mathrm{d}x}$","content-tex":"$\\ideriv{}{x}$"}}{"expression":{"context-references":{"sentence-num-in-corpus":"10792","subsection-xmlid":"C18.S25.SS1","sentence-xmlid":"C18.S25.SS1.p1.s2","chapter-title":"Orthogonal Polynomials","chapter-xmlid":"C18","section-title":"Wilson Class: Definitions","sentence-num-in-chapter":"967","section-xmlid":"C18.S25","sentence-num-in-section":"2","para-num-of-sentences":"2","para-xmlid":"C18.S25.SS1.p1","subsection-title":"Preliminaries"},"xml-id":"C18.S25.SS1.p1.m13","tex":"$\\delta_{y}$","content-tex":"$\\cDiff[y]$"}}{"expression":{"context-references":{"sentence-num-in-corpus":"10792","subsection-xmlid":"C18.S25.SS1","sentence-xmlid":"C18.S25.SS1.p1.s2","chapter-title":"Orthogonal Polynomials","chapter-xmlid":"C18","section-title":"Wilson Class: Definitions","sentence-num-in-chapter":"967","section-xmlid":"C18.S25","sentence-num-in-section":"2","para-num-of-sentences":"2","para-xmlid":"C18.S25.SS1.p1","subsection-title":"Preliminaries"},"xml-id":"C18.S25.SS1.p1.m14","tex":"$\\delta_{y}(\\lambda(y))$","content-tex":"$\\cDiff[y](\\lambda(y))$"}}{"expression":{"context-references":{"sentence-num-in-corpus":"10793","subsection-xmlid":"C18.S25.SS1","sentence-xmlid":"C18.S25.SS1.p2.s1","chapter-title":"Orthogonal Polynomials","chapter-xmlid":"C18","section-title":"Wilson Class: Definitions","sentence-num-in-chapter":"968","section-xmlid":"C18.S25","sentence-num-in-section":"3","para-num-of-sentences":"1","para-xmlid":"C18.S25.SS1.p2","subsection-title":"Preliminaries"},"xml-id":"C18.S25.SS1.p2.m1","tex":"$W_{n}\\left(x;a,b,c,d\\right)$","content-tex":"$\\WilsonpolyW{n}@{x}{a}{b}{c}{d}$"}}{"expression":{"context-references":{"sentence-num-in-corpus":"10793","subsection-xmlid":"C18.S25.SS1","sentence-xmlid":"C18.S25.SS1.p2.s1","chapter-title":"Orthogonal Polynomials","chapter-xmlid":"C18","section-title":"Wilson Class: Definitions","sentence-num-in-chapter":"968","section-xmlid":"C18.S25","sentence-num-in-section":"3","para-num-of-sentences":"1","para-xmlid":"C18.S25.SS1.p2","subsection-title":"Preliminaries"},"xml-id":"C18.S25.SS1.p2.m2","tex":"$S_{n}\\left(x;a,b,c\\right)$","content-tex":"$\\contdualHahnpolyS{n}@{x}{a}{b}{c}$"}}{"expression":{"context-references":{"sentence-num-in-corpus":"10793","subsection-xmlid":"C18.S25.SS1","sentence-xmlid":"C18.S25.SS1.p2.s1","chapter-title":"Orthogonal Polynomials","chapter-xmlid":"C18","section-title":"Wilson Class: Definitions","sentence-num-in-chapter":"968","section-xmlid":"C18.S25","sentence-num-in-section":"3","para-num-of-sentences":"1","para-xmlid":"C18.S25.SS1.p2","subsection-title":"Preliminaries"},"xml-id":"C18.S25.SS1.p2.m3","tex":"$R_{n}\\left(x;\\alpha,\\beta,\\gamma,\\delta\\right)$","content-tex":"$\\RacahpolyR{n}@{x}{\\alpha}{\\beta}{\\gamma}{\\delta}$"}}{"expression":{"context-references":{"sentence-num-in-corpus":"10793","subsection-xmlid":"C18.S25.SS1","sentence-xmlid":"C18.S25.SS1.p2.s1","chapter-title":"Orthogonal Polynomials","chapter-xmlid":"C18","section-title":"Wilson Class: Definitions","sentence-num-in-chapter":"968","section-xmlid":"C18.S25","sentence-num-in-section":"3","para-num-of-sentences":"1","para-xmlid":"C18.S25.SS1.p2","subsection-title":"Preliminaries"},"xml-id":"C18.S25.SS1.p2.m4","tex":"$R_{n}\\left(x;\\gamma,\\delta,N\\right)$","content-tex":"$\\dualHahnpolyR{n}@{x}{\\gamma}{\\delta}{N}$"}}{"expression":{"context-references":{"chapter-title":"Orthogonal Polynomials","chapter-xmlid":"C18"},"xml-id":"C18.S25.T1.t1.r4.m2adec","tex":"$R_{\\NVar{n}}\\left(\\NVar{x};\\NVar{\\alpha},\\NVar{\\beta},\\NVar{\\gamma},\\NVar{ \\delta}\\right)$","content-tex":"$\\RacahpolyR{\\NVar{n}}@{\\NVar{x}}{\\NVar{\\alpha}}{\\NVar{\\beta}}{\\NVar{\\gamma}}{ \\NVar{\\delta}}$"}}{"expression":{"context-references":{"chapter-title":"Orthogonal Polynomials","chapter-xmlid":"C18"},"xml-id":"C18.S25.T1.t1.r2.m2adec","tex":"$W_{\\NVar{n}}\\left(\\NVar{x};\\NVar{a},\\NVar{b},\\NVar{c},\\NVar{d}\\right)$","content-tex":"$\\WilsonpolyW{\\NVar{n}}@{\\NVar{x}}{\\NVar{a}}{\\NVar{b}}{\\NVar{c}}{\\NVar{d}}$"}}{"expression":{"context-references":{"chapter-title":"Orthogonal Polynomials","chapter-xmlid":"C18"},"xml-id":"C18.S25.T1.t1.r3.m2adec","tex":"$S_{\\NVar{n}}\\left(\\NVar{x};\\NVar{a},\\NVar{b},\\NVar{c}\\right)$","content-tex":"$\\contdualHahnpolyS{\\NVar{n}}@{\\NVar{x}}{\\NVar{a}}{\\NVar{b}}{\\NVar{c}}$"}}{"expression":{"context-references":{"chapter-title":"Orthogonal Polynomials","chapter-xmlid":"C18"},"xml-id":"C18.S25.T1.t1.r5.m2adec","tex":"$R_{\\NVar{n}}\\left(\\NVar{x};\\NVar{\\gamma},\\NVar{\\delta},\\NVar{N}\\right)$","content-tex":"$\\dualHahnpolyR{\\NVar{n}}@{\\NVar{x}}{\\NVar{\\gamma}}{\\NVar{\\delta}}{\\NVar{N}}$"}}{"expression":{"context-references":{"chapter-title":"Orthogonal Polynomials","chapter-xmlid":"C18"},"xml-id":"introduction.Sx4.p1.t1.r29.m6adec","tex":"$(\\NVar{a},\\NVar{b})$"}}{"expression":{"context-references":{"chapter-title":"Orthogonal Polynomials","chapter-xmlid":"C18"},"xml-id":"C1.S9.E2.m1adec","tex":"$\\Re$","content-tex":"$\\realpart@@$"}}{"expression":{"context-references":{"chapter-title":"Orthogonal Polynomials","chapter-xmlid":"C18"},"xml-id":"C18.S1.XMD1.m1dec","tex":"$y$"}}{"expression":{"context-references":{"chapter-title":"Orthogonal Polynomials","chapter-xmlid":"C18"},"xml-id":"C18.S1.XMD6.m1dec","tex":"$n$"}}{"expression":{"context-references":{"chapter-title":"Orthogonal Polynomials","chapter-xmlid":"C18"},"xml-id":"C18.S1.XMD7.m1dec","tex":"$N$"}}{"expression":{"context-references":{"chapter-title":"Orthogonal Polynomials","chapter-xmlid":"C18"},"xml-id":"C18.S1.XMD8.m1dec","tex":"$\\delta$"}}{"expression":{"context-references":{"chapter-title":"Orthogonal Polynomials","chapter-xmlid":"C18"},"xml-id":"C18.S1.XMD9.m1dec","tex":"$p_{n}(x)$"}}{"expression":{"context-references":{"chapter-title":"Orthogonal Polynomials","chapter-xmlid":"C18"},"xml-id":"C18.S1.XMD9.m2dec","tex":"$n$"}}{"expression":{"context-references":{"chapter-title":"Orthogonal Polynomials","chapter-xmlid":"C18"},"xml-id":"C18.S2.XMD3.m1dec","tex":"$x$"}}{"expression":{"context-references":{"sentence-num-in-corpus":"10795","subsection-xmlid":"C18.S25.SS1","sentence-xmlid":"C18.S25.T1.t1.s1","chapter-title":"Orthogonal Polynomials","chapter-xmlid":"C18","section-title":"Wilson Class: Definitions","sentence-num-in-chapter":"970","section-xmlid":"C18.S25","sentence-num-in-section":"5","subsection-title":"Preliminaries"},"xml-id":"C18.S25.T1.t1.r1.m1","tex":"$p_{n}(x)$"}}{"expression":{"context-references":{"sentence-num-in-corpus":"10796","subsection-xmlid":"C18.S25.SS1","sentence-xmlid":"C18.S25.T1.t1.s2","chapter-title":"Orthogonal Polynomials","chapter-xmlid":"C18","section-title":"Wilson Class: Definitions","sentence-num-in-chapter":"971","section-xmlid":"C18.S25","sentence-num-in-section":"6","subsection-title":"Preliminaries"},"xml-id":"C18.S25.T1.t1.r1.m2","tex":"$x=\\lambda(y)$"}}{"expression":{"context-references":{"chapter-title":"Orthogonal Polynomials","chapter-xmlid":"C18"},"xml-id":"C18.S25.T1.t1.r1.p1.m1","tex":"$y$"}}{"expression":{"context-references":{"sentence-num-in-corpus":"10799","subsection-xmlid":"C18.S25.SS1","sentence-xmlid":"C18.S25.T1.t1.s5","chapter-title":"Orthogonal Polynomials","chapter-xmlid":"C18","section-title":"Wilson Class: Definitions","sentence-num-in-chapter":"974","section-xmlid":"C18.S25","sentence-num-in-section":"9","subsection-title":"Preliminaries"},"xml-id":"C18.S25.T1.t1.r2.m1","tex":"$W_{n}\\left(x;a,b,c,d\\right)$","content-tex":"$\\WilsonpolyW{n}@{x}{a}{b}{c}{d}$"}}{"expression":{"context-references":{"chapter-title":"Orthogonal Polynomials","chapter-xmlid":"C18"},"xml-id":"C18.S25.T1.t1.r2.m2","tex":"$W_{\\NVar{n}}\\left(\\NVar{x};\\NVar{a},\\NVar{b},\\NVar{c},\\NVar{d}\\right)$","content-tex":"$\\WilsonpolyW{\\NVar{n}}@{\\NVar{x}}{\\NVar{a}}{\\NVar{b}}{\\NVar{c}}{\\NVar{d}}$"}}{"expression":{"context-references":{"sentence-num-in-corpus":"10800","subsection-xmlid":"C18.S25.SS1","sentence-xmlid":"C18.S25.T1.t1.s6","chapter-title":"Orthogonal Polynomials","chapter-xmlid":"C18","section-title":"Wilson Class: Definitions","sentence-num-in-chapter":"975","section-xmlid":"C18.S25","sentence-num-in-section":"10","subsection-title":"Preliminaries"},"xml-id":"C18.S25.T1.t1.r2.m3","tex":"$y^{2}$"}}{"expression":{"context-references":{"sentence-num-in-corpus":"10801","subsection-xmlid":"C18.S25.SS1","sentence-xmlid":"C18.S25.T1.t1.s7","chapter-title":"Orthogonal Polynomials","chapter-xmlid":"C18","section-title":"Wilson Class: Definitions","sentence-num-in-chapter":"976","section-xmlid":"C18.S25","sentence-num-in-section":"11","subsection-title":"Preliminaries"},"xml-id":"C18.S25.T1.t1.r2.m4","tex":"$(0,\\infty)$"}}{"expression":{"context-references":{"chapter-title":"Orthogonal Polynomials","chapter-xmlid":"C18"},"xml-id":"C18.S25.T1.t1.r2.p1.m1","tex":"$\\Re(a,b,c,d)>0$","content-tex":"$\\realpart@@{(a,b,c,d)}>0$"}}{"expression":{"context-references":{"sentence-num-in-corpus":"10803","subsection-xmlid":"C18.S25.SS1","sentence-xmlid":"C18.S25.T1.t1.s9","chapter-title":"Orthogonal Polynomials","chapter-xmlid":"C18","section-title":"Wilson Class: Definitions","sentence-num-in-chapter":"978","section-xmlid":"C18.S25","sentence-num-in-section":"13","subsection-title":"Preliminaries"},"xml-id":"C18.S25.T1.t1.r3.m1","tex":"$S_{n}\\left(x;a,b,c\\right)$","content-tex":"$\\contdualHahnpolyS{n}@{x}{a}{b}{c}$"}}{"expression":{"context-references":{"chapter-title":"Orthogonal Polynomials","chapter-xmlid":"C18"},"xml-id":"C18.S25.T1.t1.r3.m2","tex":"$S_{\\NVar{n}}\\left(\\NVar{x};\\NVar{a},\\NVar{b},\\NVar{c}\\right)$","content-tex":"$\\contdualHahnpolyS{\\NVar{n}}@{\\NVar{x}}{\\NVar{a}}{\\NVar{b}}{\\NVar{c}}$"}}{"expression":{"context-references":{"sentence-num-in-corpus":"10804","subsection-xmlid":"C18.S25.SS1","sentence-xmlid":"C18.S25.T1.t1.s10","chapter-title":"Orthogonal Polynomials","chapter-xmlid":"C18","section-title":"Wilson Class: Definitions","sentence-num-in-chapter":"979","section-xmlid":"C18.S25","sentence-num-in-section":"14","subsection-title":"Preliminaries"},"xml-id":"C18.S25.T1.t1.r3.m3","tex":"$y^{2}$"}}{"expression":{"context-references":{"sentence-num-in-corpus":"10805","subsection-xmlid":"C18.S25.SS1","sentence-xmlid":"C18.S25.T1.t1.s11","chapter-title":"Orthogonal Polynomials","chapter-xmlid":"C18","section-title":"Wilson Class: Definitions","sentence-num-in-chapter":"980","section-xmlid":"C18.S25","sentence-num-in-section":"15","subsection-title":"Preliminaries"},"xml-id":"C18.S25.T1.t1.r3.m4","tex":"$(0,\\infty)$"}}{"expression":{"context-references":{"chapter-title":"Orthogonal Polynomials","chapter-xmlid":"C18"},"xml-id":"C18.S25.T1.t1.r3.p1.m1","tex":"$\\Re(a,b,c)>0$","content-tex":"$\\realpart@@{(a,b,c)}>0$"}}{"expression":{"context-references":{"sentence-num-in-corpus":"10807","subsection-xmlid":"C18.S25.SS1","sentence-xmlid":"C18.S25.T1.t1.s13","chapter-title":"Orthogonal Polynomials","chapter-xmlid":"C18","section-title":"Wilson Class: Definitions","sentence-num-in-chapter":"982","section-xmlid":"C18.S25","sentence-num-in-section":"17","subsection-title":"Preliminaries"},"xml-id":"C18.S25.T1.t1.r4.m1","tex":"$R_{n}\\left(x;\\alpha,\\beta,\\gamma,\\delta\\right)$","content-tex":"$\\RacahpolyR{n}@{x}{\\alpha}{\\beta}{\\gamma}{\\delta}$"}}{"expression":{"context-references":{"chapter-title":"Orthogonal Polynomials","chapter-xmlid":"C18"},"xml-id":"C18.S25.T1.t1.r4.m2","tex":"$R_{\\NVar{n}}\\left(\\NVar{x};\\NVar{\\alpha},\\NVar{\\beta},\\NVar{\\gamma},\\NVar{ \\delta}\\right)$","content-tex":"$\\RacahpolyR{\\NVar{n}}@{\\NVar{x}}{\\NVar{\\alpha}}{\\NVar{\\beta}}{\\NVar{\\gamma}}{ \\NVar{\\delta}}$"}}{"expression":{"context-references":{"sentence-num-in-corpus":"10808","subsection-xmlid":"C18.S25.SS1","sentence-xmlid":"C18.S25.T1.t1.s14","chapter-title":"Orthogonal Polynomials","chapter-xmlid":"C18","section-title":"Wilson Class: Definitions","sentence-num-in-chapter":"983","section-xmlid":"C18.S25","sentence-num-in-section":"18","subsection-title":"Preliminaries"},"xml-id":"C18.S25.T1.t1.r4.m3","tex":"$y(y+\\gamma+\\delta+1)$"}}{"expression":{"context-references":{"sentence-num-in-corpus":"10809","subsection-xmlid":"C18.S25.SS1","sentence-xmlid":"C18.S25.T1.t1.s15","chapter-title":"Orthogonal Polynomials","chapter-xmlid":"C18","section-title":"Wilson Class: Definitions","sentence-num-in-chapter":"984","section-xmlid":"C18.S25","sentence-num-in-section":"19","subsection-title":"Preliminaries"},"xml-id":"C18.S25.T1.t1.r4.m4","tex":"$\\{0,1,\\dots,N\\}$"}}{"expression":{"context-references":{"chapter-title":"Orthogonal Polynomials","chapter-xmlid":"C18"},"xml-id":"C18.S25.T1.t1.r4.p1.m1","tex":"$\\alpha+1$"}}{"expression":{"context-references":{"chapter-title":"Orthogonal Polynomials","chapter-xmlid":"C18"},"xml-id":"C18.S25.T1.t1.r4.p1.m2","tex":"$\\beta+\\delta+1$"}}{"expression":{"context-references":{"chapter-title":"Orthogonal Polynomials","chapter-xmlid":"C18"},"xml-id":"C18.S25.T1.t1.r4.p1.m3","tex":"$\\gamma+1=-N;$"}}{"expression":{"context-references":{"sentence-num-in-corpus":"10811","subsection-xmlid":"C18.S25.SS1","sentence-xmlid":"C18.S25.T1.t1.s17","chapter-title":"Orthogonal Polynomials","chapter-xmlid":"C18","section-title":"Wilson Class: Definitions","sentence-num-in-chapter":"986","section-xmlid":"C18.S25","sentence-num-in-section":"21","subsection-title":"Preliminaries"},"xml-id":"C18.S25.T1.t1.r5.m1","tex":"$R_{n}\\left(x;\\gamma,\\delta,N\\right)$","content-tex":"$\\dualHahnpolyR{n}@{x}{\\gamma}{\\delta}{N}$"}}{"expression":{"context-references":{"chapter-title":"Orthogonal Polynomials","chapter-xmlid":"C18"},"xml-id":"C18.S25.T1.t1.r5.m2","tex":"$R_{\\NVar{n}}\\left(\\NVar{x};\\NVar{\\gamma},\\NVar{\\delta},\\NVar{N}\\right)$","content-tex":"$\\dualHahnpolyR{\\NVar{n}}@{\\NVar{x}}{\\NVar{\\gamma}}{\\NVar{\\delta}}{\\NVar{N}}$"}}{"expression":{"context-references":{"sentence-num-in-corpus":"10812","subsection-xmlid":"C18.S25.SS1","sentence-xmlid":"C18.S25.T1.t1.s18","chapter-title":"Orthogonal Polynomials","chapter-xmlid":"C18","section-title":"Wilson Class: Definitions","sentence-num-in-chapter":"987","section-xmlid":"C18.S25","sentence-num-in-section":"22","subsection-title":"Preliminaries"},"xml-id":"C18.S25.T1.t1.r5.m3","tex":"$y(y+\\gamma+\\delta+1)$"}}{"expression":{"context-references":{"sentence-num-in-corpus":"10813","subsection-xmlid":"C18.S25.SS1","sentence-xmlid":"C18.S25.T1.t1.s19","chapter-title":"Orthogonal Polynomials","chapter-xmlid":"C18","section-title":"Wilson Class: Definitions","sentence-num-in-chapter":"988","section-xmlid":"C18.S25","sentence-num-in-section":"23","subsection-title":"Preliminaries"},"xml-id":"C18.S25.T1.t1.r5.m4","tex":"$\\{0,1,\\dots,N\\}$"}}{"expression":{"context-references":{"sentence-num-in-corpus":"10814","subsection-xmlid":"C18.S25.SS1","sentence-xmlid":"C18.S25.T1.t1.s20","chapter-title":"Orthogonal Polynomials","chapter-xmlid":"C18","section-title":"Wilson Class: Definitions","sentence-num-in-chapter":"989","section-xmlid":"C18.S25","sentence-num-in-section":"24","subsection-title":"Preliminaries"},"xml-id":"C18.S25.T1.t1.r5.m5","tex":"$\\gamma,\\delta>-1$"}}{"expression":{"context-references":{"sentence-num-in-corpus":"10814","subsection-xmlid":"C18.S25.SS1","sentence-xmlid":"C18.S25.T1.t1.s20","chapter-title":"Orthogonal Polynomials","chapter-xmlid":"C18","section-title":"Wilson Class: Definitions","sentence-num-in-chapter":"989","section-xmlid":"C18.S25","sentence-num-in-section":"24","subsection-title":"Preliminaries"},"xml-id":"C18.S25.T1.t1.r5.m6","tex":"$<-N$"}}{"expression":{"context-references":{"sentence-num-in-corpus":"10815","sentence-xmlid":"C18.S25.Px1.p1.s1","chapter-title":"Orthogonal Polynomials","chapter-xmlid":"C18","paragraph-xmlid":"C18.S25.Px1","sentence-num-in-chapter":"990","section-xmlid":"C18.S25","sentence-num-in-section":"25","para-xmlid":"C18.S25.Px1.p1","subsection-title":"Preliminaries","subsection-xmlid":"C18.S25.SS1","paragraph-title":"Further Constraints for Racah Polynomials","section-title":"Wilson Class: Definitions","para-num-of-sentences":"2"},"xml-id":"C18.S25.Px1.p1.m1","tex":"$\\alpha+1=-N$"}}{"equation":{"symbols-used":[{"symbol":{"tex":"$N$","meaning":"positive integer","idref":"C18.S1.SS1.p2.t1.r6"}},{"symbol":{"tex":"$\\delta$","meaning":"arbitary small positive constant","idref":"C18.S1.SS1.p2.t1.r8"}}],"context-references":{"sentence-num-in-corpus":"10815","sentence-xmlid":"C18.S25.Px1.p1.s1","chapter-title":"Orthogonal Polynomials","chapter-xmlid":"C18","paragraph-xmlid":"C18.S25.Px1","sentence-num-in-chapter":"990","section-xmlid":"C18.S25","sentence-num-in-section":"25","para-xmlid":"C18.S25.Px1.p1","subsection-title":"Preliminaries","subsection-xmlid":"C18.S25.SS1","paragraph-title":"Further Constraints for Racah Polynomials","section-title":"Wilson Class: Definitions","para-num-of-sentences":"2"},"xml-id":"C18.S25.E1","permalink":"http:\/\/dlmf.nist.gov\/18.25.E1","equation-number":"18.25.1","subequations":[{"subequation":{"xml-id":"C18.S25.Ex1","tex":"$-\\delta-1<\\beta<\\gamma+1<-N+1.$"}},{"subequation":{"xml-id":"C18.S25.Ex2","tex":"$N-1<-\\delta-1<\\beta<\\gamma+1.$"}},{"subequation":{"xml-id":"C18.S25.Ex3","tex":"$\\gamma,\\delta>-1,\\quad\\beta>N+\\gamma.$"}},{"subequation":{"xml-id":"C18.S25.Ex4","tex":"$\\gamma,\\delta>-1,\\quad\\beta<-N-\\delta.$"}},{"subequation":{"xml-id":"C18.S25.Ex5","tex":"$N-1<N+\\gamma<\\beta<-N-\\delta.$"}},{"subequation":{"xml-id":"C18.S25.Ex6","tex":"$N+\\gamma<\\beta<-N-\\delta<-N-1.$"}},{"subequation":{"xml-id":"C18.S25.Ex7","tex":"$\\gamma,\\delta<-N,\\quad\\beta>-1-\\delta.$"}},{"subequation":{"xml-id":"C18.S25.Ex8","tex":"$\\gamma,\\delta<-N,\\quad\\beta<\\gamma+1.$"}}]}}{"expression":{"context-references":{"chapter-title":"Orthogonal Polynomials","chapter-xmlid":"C18"},"xml-id":"C18.S1.XMD7.m1adec","tex":"$N$"}}{"expression":{"context-references":{"chapter-title":"Orthogonal Polynomials","chapter-xmlid":"C18"},"xml-id":"C18.S1.XMD8.m1adec","tex":"$\\delta$"}}{"expression":{"context-references":{"sentence-num-in-corpus":"10816","sentence-xmlid":"C18.S25.Px1.p1.s2","chapter-title":"Orthogonal Polynomials","chapter-xmlid":"C18","paragraph-xmlid":"C18.S25.Px1","sentence-num-in-chapter":"991","section-xmlid":"C18.S25","sentence-num-in-section":"26","para-xmlid":"C18.S25.Px1.p1","subsection-title":"Preliminaries","subsection-xmlid":"C18.S25.SS1","paragraph-title":"Further Constraints for Racah Polynomials","section-title":"Wilson Class: Definitions","para-num-of-sentences":"2"},"xml-id":"C18.S25.Px1.p1.m2","tex":"$\\gamma+\\delta>-2$"}}{"expression":{"context-references":{"sentence-num-in-corpus":"10816","sentence-xmlid":"C18.S25.Px1.p1.s2","chapter-title":"Orthogonal Polynomials","chapter-xmlid":"C18","paragraph-xmlid":"C18.S25.Px1","sentence-num-in-chapter":"991","section-xmlid":"C18.S25","sentence-num-in-section":"26","para-xmlid":"C18.S25.Px1.p1","subsection-title":"Preliminaries","subsection-xmlid":"C18.S25.SS1","paragraph-title":"Further Constraints for Racah Polynomials","section-title":"Wilson Class: Definitions","para-num-of-sentences":"2"},"xml-id":"C18.S25.Px1.p1.m3","tex":"$\\gamma+\\delta<-2N$"}}{"equation":{"symbols-used":[{"symbol":{"tex":"$\\delta_{\\NVar{j},\\NVar{k}}$","meaning":"Kronecker delta","idref":"introduction.Sx4.p1.t1.r4","content-tex":"$\\Kroneckerdelta{\\NVar{j}}{\\NVar{k}}$"}},{"symbol":{"tex":"$\\mathrm{d}\\NVar{x}$","meaning":"differential of $x$","idref":"C1.S4.SS4","content-tex":"$\\diff{\\NVar{x}}$"}},{"symbol":{"tex":"$\\int$","meaning":"integral","idref":"C1.S4.SS4"}},{"symbol":{"tex":"$w(x)$","meaning":"weight function","idref":"C18.S1.SS1.p2.t1.r11"}},{"symbol":{"tex":"$m$","meaning":"nonnegative integer","idref":"C18.S1.SS1.p2.t1.r4"}},{"symbol":{"tex":"$n$","meaning":"nonnegative integer","idref":"C18.S1.SS1.p2.t1.r5"}},{"symbol":{"tex":"$p_{n}(x)$","meaning":"polynomial of degree $n$","idref":"C18.S1.SS1.p2.t1.r9"}},{"symbol":{"tex":"$x$","meaning":"real variable","idref":"C18.S2.Px1.p2"}},null],"context-references":{"sentence-num-in-corpus":"10817","subsection-xmlid":"C18.S25.SS2","sentence-xmlid":"C18.S25.SS2.p1.s1","chapter-title":"Orthogonal Polynomials","chapter-xmlid":"C18","section-title":"Wilson Class: Definitions","sentence-num-in-chapter":"992","section-xmlid":"C18.S25","sentence-num-in-section":"27","para-num-of-sentences":"1","para-xmlid":"C18.S25.SS2.p1","subsection-title":"Weights and Normalizations: Continuous Cases"},"xml-id":"C18.S25.E2","tex":"$\\int_{0}^{\\infty}p_{n}(x)p_{m}(x)w(x)\\mathrm{d}x=h_{n}\\delta_{n,m}.$","permalink":"http:\/\/dlmf.nist.gov\/18.25.E2","equation-number":"18.25.2","content-tex":"$\\int_{0}^{\\infty}p_{n}(x)p_{m}(x)w(x)\\diff{x}=h_{n}\\Kroneckerdelta{n}{m}.$"}}{"equation":{"symbols-used":[{"symbol":{"tex":"$W_{\\NVar{n}}\\left(\\NVar{x};\\NVar{a},\\NVar{b},\\NVar{c},\\NVar{d}\\right)$","meaning":"Wilson polynomial","idref":"C18.S25.T1.t1.r2","content-tex":"$\\WilsonpolyW{\\NVar{n}}@{\\NVar{x}}{\\NVar{a}}{\\NVar{b}}{\\NVar{c}}{\\NVar{d}}$"}},{"symbol":{"tex":"$n$","meaning":"nonnegative integer","idref":"C18.S1.SS1.p2.t1.r5"}},{"symbol":{"tex":"$p_{n}(x)$","meaning":"polynomial of degree $n$","idref":"C18.S1.SS1.p2.t1.r9"}},{"symbol":{"tex":"$x$","meaning":"real variable","idref":"C18.S2.Px1.p2"}}],"context-references":{"sentence-num-in-corpus":"10818","sentence-xmlid":"C18.S25.Px2.p1.s1","chapter-title":"Orthogonal Polynomials","chapter-xmlid":"C18","paragraph-xmlid":"C18.S25.Px2","sentence-num-in-chapter":"993","section-xmlid":"C18.S25","sentence-num-in-section":"28","para-xmlid":"C18.S25.Px2.p1","subsection-title":"Weights and Normalizations: Continuous Cases","subsection-xmlid":"C18.S25.SS2","paragraph-title":"Wilson","section-title":"Wilson Class: Definitions","para-num-of-sentences":"1"},"xml-id":"C18.S25.E3","tex":"$p_{n}(x)=W_{n}\\left(x;a_{1},a_{2},a_{3},a_{4}\\right),$","permalink":"http:\/\/dlmf.nist.gov\/18.25.E3","equation-number":"18.25.3","content-tex":"$p_{n}(x)=\\WilsonpolyW{n}@{x}{a_{1}}{a_{2}}{a_{3}}{a_{4}},$"}}{"equation":{"symbols-used":[{"symbol":{"tex":"$\\Gamma\\left(\\NVar{z}\\right)$","meaning":"gamma function","idref":"C5.S2.E1","content-tex":"$\\EulerGamma@{\\NVar{z}}$"}},{"symbol":{"tex":"$\\mathrm{i}$","meaning":"imaginary unit","idref":"C1.S9.E1","content-tex":"$\\iunit$"}},{"symbol":{"tex":"$y$","meaning":"real variable","idref":"C18.S1.SS1.p2.t1.r1"}},{"symbol":{"tex":"$w(x)$","meaning":"weight function","idref":"C18.S1.SS1.p2.t1.r11"}}],"context-references":{"sentence-num-in-corpus":"10818","sentence-xmlid":"C18.S25.Px2.p1.s1","chapter-title":"Orthogonal Polynomials","chapter-xmlid":"C18","paragraph-xmlid":"C18.S25.Px2","sentence-num-in-chapter":"993","section-xmlid":"C18.S25","sentence-num-in-section":"28","para-xmlid":"C18.S25.Px2.p1","subsection-title":"Weights and Normalizations: Continuous Cases","subsection-xmlid":"C18.S25.SS2","paragraph-title":"Wilson","section-title":"Wilson Class: Definitions","para-num-of-sentences":"1"},"xml-id":"C18.S25.E4","tex":"$w(y^{2})=\\frac{1}{2y}\\left|\\frac{\\prod_{j}\\Gamma\\left(a_{j}+iy\\right)}{\\Gamma \\left(2iy\\right)}\\right|^{2},$","permalink":"http:\/\/dlmf.nist.gov\/18.25.E4","equation-number":"18.25.4","content-tex":"$w(y^{2})=\\frac{1}{2y}\\left|\\frac{\\prod_{j}\\EulerGamma@{a_{j}+iy}}{\\EulerGamma@ {2iy}}\\right|^{2},$"}}{"equation":{"symbols-used":[{"symbol":{"tex":"$\\Gamma\\left(\\NVar{z}\\right)$","meaning":"gamma function","idref":"C5.S2.E1","content-tex":"$\\EulerGamma@{\\NVar{z}}$"}},{"symbol":{"tex":"$\\pi$","meaning":"the ratio of the circumference of a circle to its diameter","idref":"C3.S12.E1","content-tex":"$\\cpi$"}},{"symbol":{"tex":"$!$","meaning":"factorial (as in $n!$ )","idref":"introduction.Sx4.p1.t1.r15"}},{"symbol":{"tex":"$\\ell$","meaning":"nonnegative integer","idref":"C18.S1.SS1.p2.t1.r4"}},{"symbol":{"tex":"$n$","meaning":"nonnegative integer","idref":"C18.S1.SS1.p2.t1.r5"}},null],"context-references":{"sentence-num-in-corpus":"10818","sentence-xmlid":"C18.S25.Px2.p1.s1","chapter-title":"Orthogonal Polynomials","chapter-xmlid":"C18","paragraph-xmlid":"C18.S25.Px2","sentence-num-in-chapter":"993","section-xmlid":"C18.S25","sentence-num-in-section":"28","para-xmlid":"C18.S25.Px2.p1","subsection-title":"Weights and Normalizations: Continuous Cases","subsection-xmlid":"C18.S25.SS2","paragraph-title":"Wilson","section-title":"Wilson Class: Definitions","para-num-of-sentences":"1"},"xml-id":"C18.S25.E5","tex":"$h_{n}=\\frac{n!\\,2\\pi\\prod_{j<\\ell}\\Gamma\\left(n+a_{j}+a_{\\ell}\\right)}{(2n-1+ \\sum_{j}a_{j})\\Gamma\\left(n-1+\\sum_{j}a_{j}\\right)}.$","permalink":"http:\/\/dlmf.nist.gov\/18.25.E5","equation-number":"18.25.5","content-tex":"$h_{n}=\\frac{n!\\,2\\pi\\prod_{j<\\ell}\\EulerGamma@{n+a_{j}+a_{\\ell}}}{(2n-1+\\sum_{ j}a_{j})\\EulerGamma@{n-1+\\sum_{j}a_{j}}}.$"}}{"equation":{"symbols-used":[{"symbol":{"tex":"$S_{\\NVar{n}}\\left(\\NVar{x};\\NVar{a},\\NVar{b},\\NVar{c}\\right)$","meaning":"continuous dual Hahn polynomial","idref":"C18.S25.T1.t1.r3","content-tex":"$\\contdualHahnpolyS{\\NVar{n}}@{\\NVar{x}}{\\NVar{a}}{\\NVar{b}}{\\NVar{c}}$"}},{"symbol":{"tex":"$n$","meaning":"nonnegative integer","idref":"C18.S1.SS1.p2.t1.r5"}},{"symbol":{"tex":"$p_{n}(x)$","meaning":"polynomial of degree $n$","idref":"C18.S1.SS1.p2.t1.r9"}},{"symbol":{"tex":"$x$","meaning":"real variable","idref":"C18.S2.Px1.p2"}}],"context-references":{"sentence-num-in-corpus":"10819","sentence-xmlid":"C18.S25.Px3.p1.s1","chapter-title":"Orthogonal Polynomials","chapter-xmlid":"C18","paragraph-xmlid":"C18.S25.Px3","sentence-num-in-chapter":"994","section-xmlid":"C18.S25","sentence-num-in-section":"29","para-xmlid":"C18.S25.Px3.p1","subsection-title":"Weights and Normalizations: Continuous Cases","subsection-xmlid":"C18.S25.SS2","paragraph-title":"Continuous Dual Hahn","section-title":"Wilson Class: Definitions","para-num-of-sentences":"1"},"xml-id":"C18.S25.E6","tex":"$p_{n}(x)=S_{n}\\left(x;a_{1},a_{2},a_{3}\\right),$","permalink":"http:\/\/dlmf.nist.gov\/18.25.E6","equation-number":"18.25.6","content-tex":"$p_{n}(x)=\\contdualHahnpolyS{n}@{x}{a_{1}}{a_{2}}{a_{3}},$"}}{"equation":{"symbols-used":[{"symbol":{"tex":"$\\Gamma\\left(\\NVar{z}\\right)$","meaning":"gamma function","idref":"C5.S2.E1","content-tex":"$\\EulerGamma@{\\NVar{z}}$"}},{"symbol":{"tex":"$\\mathrm{i}$","meaning":"imaginary unit","idref":"C1.S9.E1","content-tex":"$\\iunit$"}},{"symbol":{"tex":"$y$","meaning":"real variable","idref":"C18.S1.SS1.p2.t1.r1"}},{"symbol":{"tex":"$w(x)$","meaning":"weight function","idref":"C18.S1.SS1.p2.t1.r11"}}],"context-references":{"sentence-num-in-corpus":"10819","sentence-xmlid":"C18.S25.Px3.p1.s1","chapter-title":"Orthogonal Polynomials","chapter-xmlid":"C18","paragraph-xmlid":"C18.S25.Px3","sentence-num-in-chapter":"994","section-xmlid":"C18.S25","sentence-num-in-section":"29","para-xmlid":"C18.S25.Px3.p1","subsection-title":"Weights and Normalizations: Continuous Cases","subsection-xmlid":"C18.S25.SS2","paragraph-title":"Continuous Dual Hahn","section-title":"Wilson Class: Definitions","para-num-of-sentences":"1"},"xml-id":"C18.S25.E7","tex":"$w(y^{2})=\\frac{1}{2y}\\left|\\frac{\\prod_{j}\\Gamma\\left(a_{j}+iy\\right)}{\\Gamma \\left(2iy\\right)}\\right|^{2},$","permalink":"http:\/\/dlmf.nist.gov\/18.25.E7","equation-number":"18.25.7","content-tex":"$w(y^{2})=\\frac{1}{2y}\\left|\\frac{\\prod_{j}\\EulerGamma@{a_{j}+iy}}{\\EulerGamma@ {2iy}}\\right|^{2},$"}}{"equation":{"symbols-used":[{"symbol":{"tex":"$\\Gamma\\left(\\NVar{z}\\right)$","meaning":"gamma function","idref":"C5.S2.E1","content-tex":"$\\EulerGamma@{\\NVar{z}}$"}},{"symbol":{"tex":"$\\pi$","meaning":"the ratio of the circumference of a circle to its diameter","idref":"C3.S12.E1","content-tex":"$\\cpi$"}},{"symbol":{"tex":"$!$","meaning":"factorial (as in $n!$ )","idref":"introduction.Sx4.p1.t1.r15"}},{"symbol":{"tex":"$\\ell$","meaning":"nonnegative integer","idref":"C18.S1.SS1.p2.t1.r4"}},{"symbol":{"tex":"$n$","meaning":"nonnegative integer","idref":"C18.S1.SS1.p2.t1.r5"}},null],"context-references":{"sentence-num-in-corpus":"10819","sentence-xmlid":"C18.S25.Px3.p1.s1","chapter-title":"Orthogonal Polynomials","chapter-xmlid":"C18","paragraph-xmlid":"C18.S25.Px3","sentence-num-in-chapter":"994","section-xmlid":"C18.S25","sentence-num-in-section":"29","para-xmlid":"C18.S25.Px3.p1","subsection-title":"Weights and Normalizations: Continuous Cases","subsection-xmlid":"C18.S25.SS2","paragraph-title":"Continuous Dual Hahn","section-title":"Wilson Class: Definitions","para-num-of-sentences":"1"},"xml-id":"C18.S25.E8","tex":"$h_{n}=n!\\,2\\pi\\prod_{j<\\ell}\\Gamma\\left(n+a_{j}+a_{\\ell}\\right).$","permalink":"http:\/\/dlmf.nist.gov\/18.25.E8","equation-number":"18.25.8","content-tex":"$h_{n}=n!\\,2\\pi\\prod_{j<\\ell}\\EulerGamma@{n+a_{j}+a_{\\ell}}.$"}}{"equation":{"symbols-used":[{"symbol":{"tex":"$\\delta_{\\NVar{j},\\NVar{k}}$","meaning":"Kronecker delta","idref":"introduction.Sx4.p1.t1.r4","content-tex":"$\\Kroneckerdelta{\\NVar{j}}{\\NVar{k}}$"}},{"symbol":{"tex":"$y$","meaning":"real variable","idref":"C18.S1.SS1.p2.t1.r1"}},{"symbol":{"tex":"$m$","meaning":"nonnegative integer","idref":"C18.S1.SS1.p2.t1.r4"}},{"symbol":{"tex":"$n$","meaning":"nonnegative integer","idref":"C18.S1.SS1.p2.t1.r5"}},{"symbol":{"tex":"$N$","meaning":"positive integer","idref":"C18.S1.SS1.p2.t1.r6"}},{"symbol":{"tex":"$\\delta$","meaning":"arbitary small positive constant","idref":"C18.S1.SS1.p2.t1.r8"}},{"symbol":{"tex":"$p_{n}(x)$","meaning":"polynomial of degree $n$","idref":"C18.S1.SS1.p2.t1.r9"}},null],"context-references":{"sentence-num-in-corpus":"10820","subsection-xmlid":"C18.S25.SS3","sentence-xmlid":"C18.S25.SS3.p1.s1","chapter-title":"Orthogonal Polynomials","chapter-xmlid":"C18","section-title":"Wilson Class: Definitions","sentence-num-in-chapter":"995","section-xmlid":"C18.S25","sentence-num-in-section":"30","para-num-of-sentences":"1","para-xmlid":"C18.S25.SS3.p1","subsection-title":"Weights and Normalizations: Discrete Cases"},"xml-id":"C18.S25.E9","tex":"$\\sum_{y=0}^{N}p_{n}(y(y+\\gamma+\\delta+1))p_{m}(y(y+\\gamma+\\delta+1))\\*\\frac{ \\gamma+\\delta+1+2y}{\\gamma+\\delta+1+y}\\omega_{y}=h_{n}\\delta_{n,m}.$","permalink":"http:\/\/dlmf.nist.gov\/18.25.E9","equation-number":"18.25.9","content-tex":"$\\sum_{y=0}^{N}p_{n}(y(y+\\gamma+\\delta+1))p_{m}(y(y+\\gamma+\\delta+1))\\*\\frac{ \\gamma+\\delta+1+2y}{\\gamma+\\delta+1+y}\\omega_{y}=h_{n}\\Kroneckerdelta{n}{m}.$"}}{"equation":{"symbols-used":[{"symbol":{"tex":"$R_{\\NVar{n}}\\left(\\NVar{x};\\NVar{\\alpha},\\NVar{\\beta},\\NVar{\\gamma},\\NVar{ \\delta}\\right)$","meaning":"Racah polynomial","idref":"C18.S25.T1.t1.r4","content-tex":"$\\RacahpolyR{\\NVar{n}}@{\\NVar{x}}{\\NVar{\\alpha}}{\\NVar{\\beta}}{\\NVar{\\gamma}}{ \\NVar{\\delta}}$"}},{"symbol":{"tex":"$n$","meaning":"nonnegative integer","idref":"C18.S1.SS1.p2.t1.r5"}},{"symbol":{"tex":"$N$","meaning":"positive integer","idref":"C18.S1.SS1.p2.t1.r6"}},{"symbol":{"tex":"$\\delta$","meaning":"arbitary small positive constant","idref":"C18.S1.SS1.p2.t1.r8"}},{"symbol":{"tex":"$p_{n}(x)$","meaning":"polynomial of degree $n$","idref":"C18.S1.SS1.p2.t1.r9"}},{"symbol":{"tex":"$x$","meaning":"real variable","idref":"C18.S2.Px1.p2"}}],"context-references":{"sentence-num-in-corpus":"10821","sentence-xmlid":"C18.S25.Px4.p1.s1","chapter-title":"Orthogonal Polynomials","chapter-xmlid":"C18","paragraph-xmlid":"C18.S25.Px4","sentence-num-in-chapter":"996","section-xmlid":"C18.S25","sentence-num-in-section":"31","para-xmlid":"C18.S25.Px4.p1","subsection-title":"Weights and Normalizations: Discrete Cases","subsection-xmlid":"C18.S25.SS3","paragraph-title":"Racah","section-title":"Wilson Class: Definitions","para-num-of-sentences":"1"},"xml-id":"C18.S25.E10","tex":"$p_{n}(x)=R_{n}\\left(x;\\alpha,\\beta,\\gamma,\\delta\\right),$","permalink":"http:\/\/dlmf.nist.gov\/18.25.E10","equation-number":"18.25.10","constraints":{"tex":"$\\alpha+1=-N$,"},"content-tex":"$p_{n}(x)=\\RacahpolyR{n}@{x}{\\alpha}{\\beta}{\\gamma}{\\delta},$"}}{"equation":{"symbols-used":[{"symbol":{"tex":"${\\left(\\NVar{a}\\right)_{\\NVar{n}}}$","meaning":"Pochhammer\u2019s symbol (or shifted factorial)","idref":"C5.S2.SS3","content-tex":"$\\Pochhammersym{\\NVar{a}}{\\NVar{n}}$"}},{"symbol":{"tex":"$!$","meaning":"factorial (as in $n!$ )","idref":"introduction.Sx4.p1.t1.r15"}},{"symbol":{"tex":"$y$","meaning":"real variable","idref":"C18.S1.SS1.p2.t1.r1"}},{"symbol":{"tex":"$\\delta$","meaning":"arbitary small positive constant","idref":"C18.S1.SS1.p2.t1.r8"}}],"context-references":{"sentence-num-in-corpus":"10821","sentence-xmlid":"C18.S25.Px4.p1.s1","chapter-title":"Orthogonal Polynomials","chapter-xmlid":"C18","paragraph-xmlid":"C18.S25.Px4","sentence-num-in-chapter":"996","section-xmlid":"C18.S25","sentence-num-in-section":"31","para-xmlid":"C18.S25.Px4.p1","subsection-title":"Weights and Normalizations: Discrete Cases","subsection-xmlid":"C18.S25.SS3","paragraph-title":"Racah","section-title":"Wilson Class: Definitions","para-num-of-sentences":"1"},"xml-id":"C18.S25.E11","tex":"$\\omega_{y}=\\frac{{\\left(\\alpha+1\\right)_{y}}{\\left(\\beta+\\delta+1\\right)_{y}}{ \\left(\\gamma+1\\right)_{y}}{\\left(\\gamma+\\delta+2\\right)_{y}}}{{\\left(-\\alpha+ \\gamma+\\delta+1\\right)_{y}}{\\left(-\\beta+\\gamma+1\\right)_{y}}{\\left(\\delta+1 \\right)_{y}}y!},$","permalink":"http:\/\/dlmf.nist.gov\/18.25.E11","equation-number":"18.25.11","content-tex":"$\\omega_{y}=\\frac{\\Pochhammersym{\\alpha+1}{y}\\Pochhammersym{\\beta+\\delta+1}{y} \\Pochhammersym{\\gamma+1}{y}\\Pochhammersym{\\gamma+\\delta+2}{y}}{\\Pochhammersym{ -\\alpha+\\gamma+\\delta+1}{y}\\Pochhammersym{-\\beta+\\gamma+1}{y}\\Pochhammersym{ \\delta+1}{y}y!},$"}}{"equation":{"symbols-used":[{"symbol":{"tex":"${\\left(\\NVar{a}\\right)_{\\NVar{n}}}$","meaning":"Pochhammer\u2019s symbol (or shifted factorial)","idref":"C5.S2.SS3","content-tex":"$\\Pochhammersym{\\NVar{a}}{\\NVar{n}}$"}},{"symbol":{"tex":"$!$","meaning":"factorial (as in $n!$ )","idref":"introduction.Sx4.p1.t1.r15"}},{"symbol":{"tex":"$n$","meaning":"nonnegative integer","idref":"C18.S1.SS1.p2.t1.r5"}},{"symbol":{"tex":"$N$","meaning":"positive integer","idref":"C18.S1.SS1.p2.t1.r6"}},{"symbol":{"tex":"$\\delta$","meaning":"arbitary small positive constant","idref":"C18.S1.SS1.p2.t1.r8"}},null],"context-references":{"sentence-num-in-corpus":"10821","sentence-xmlid":"C18.S25.Px4.p1.s1","chapter-title":"Orthogonal Polynomials","chapter-xmlid":"C18","paragraph-xmlid":"C18.S25.Px4","sentence-num-in-chapter":"996","section-xmlid":"C18.S25","sentence-num-in-section":"31","para-xmlid":"C18.S25.Px4.p1","subsection-title":"Weights and Normalizations: Discrete Cases","subsection-xmlid":"C18.S25.SS3","paragraph-title":"Racah","section-title":"Wilson Class: Definitions","para-num-of-sentences":"1"},"xml-id":"C18.S25.E12","tex":"$h_{n}=\\frac{{\\left(-\\beta\\right)_{N}}{\\left(\\gamma+\\delta+2\\right)_{N}}}{{ \\left(-\\beta+\\gamma+1\\right)_{N}}{\\left(\\delta+1\\right)_{N}}}\\frac{{\\left(n+ \\alpha+\\beta+1\\right)_{n}}n!}{{\\left(\\alpha+\\beta+2\\right)_{2n}}}\\*\\frac{{ \\left(\\alpha+\\beta-\\gamma+1\\right)_{n}}{\\left(\\alpha-\\delta+1\\right)_{n}}{ \\left(\\beta+1\\right)_{n}}}{{\\left(\\alpha+1\\right)_{n}}{\\left(\\beta+\\delta+1 \\right)_{n}}{\\left(\\gamma+1\\right)_{n}}}.$","permalink":"http:\/\/dlmf.nist.gov\/18.25.E12","equation-number":"18.25.12","content-tex":"$h_{n}=\\frac{\\Pochhammersym{-\\beta}{N}\\Pochhammersym{\\gamma+\\delta+2}{N}}{ \\Pochhammersym{-\\beta+\\gamma+1}{N}\\Pochhammersym{\\delta+1}{N}}\\frac{ \\Pochhammersym{n+\\alpha+\\beta+1}{n}n!}{\\Pochhammersym{\\alpha+\\beta+2}{2n}}\\* \\frac{\\Pochhammersym{\\alpha+\\beta-\\gamma+1}{n}\\Pochhammersym{\\alpha-\\delta+1}{ n}\\Pochhammersym{\\beta+1}{n}}{\\Pochhammersym{\\alpha+1}{n}\\Pochhammersym{\\beta+ \\delta+1}{n}\\Pochhammersym{\\gamma+1}{n}}.$"}}{"equation":{"symbols-used":[{"symbol":{"tex":"$R_{\\NVar{n}}\\left(\\NVar{x};\\NVar{\\gamma},\\NVar{\\delta},\\NVar{N}\\right)$","meaning":"dual Hahn polynomial","idref":"C18.S25.T1.t1.r5","content-tex":"$\\dualHahnpolyR{\\NVar{n}}@{\\NVar{x}}{\\NVar{\\gamma}}{\\NVar{\\delta}}{\\NVar{N}}$"}},{"symbol":{"tex":"$n$","meaning":"nonnegative integer","idref":"C18.S1.SS1.p2.t1.r5"}},{"symbol":{"tex":"$N$","meaning":"positive integer","idref":"C18.S1.SS1.p2.t1.r6"}},{"symbol":{"tex":"$\\delta$","meaning":"arbitary small positive constant","idref":"C18.S1.SS1.p2.t1.r8"}},{"symbol":{"tex":"$p_{n}(x)$","meaning":"polynomial of degree $n$","idref":"C18.S1.SS1.p2.t1.r9"}},{"symbol":{"tex":"$x$","meaning":"real variable","idref":"C18.S2.Px1.p2"}}],"context-references":{"sentence-num-in-corpus":"10822","sentence-xmlid":"C18.S25.Px5.p1.s1","chapter-title":"Orthogonal Polynomials","chapter-xmlid":"C18","paragraph-xmlid":"C18.S25.Px5","sentence-num-in-chapter":"997","section-xmlid":"C18.S25","sentence-num-in-section":"32","para-xmlid":"C18.S25.Px5.p1","subsection-title":"Weights and Normalizations: Discrete Cases","subsection-xmlid":"C18.S25.SS3","paragraph-title":"Dual Hahn","section-title":"Wilson Class: Definitions","para-num-of-sentences":"1"},"xml-id":"C18.S25.E13","tex":"$p_{n}(x)=R_{n}\\left(x;\\gamma,\\delta,N\\right),$","permalink":"http:\/\/dlmf.nist.gov\/18.25.E13","equation-number":"18.25.13","content-tex":"$p_{n}(x)=\\dualHahnpolyR{n}@{x}{\\gamma}{\\delta}{N},$"}}{"equation":{"symbols-used":[{"symbol":{"tex":"${\\left(\\NVar{a}\\right)_{\\NVar{n}}}$","meaning":"Pochhammer\u2019s symbol (or shifted factorial)","idref":"C5.S2.SS3","content-tex":"$\\Pochhammersym{\\NVar{a}}{\\NVar{n}}$"}},{"symbol":{"tex":"$!$","meaning":"factorial (as in $n!$ )","idref":"introduction.Sx4.p1.t1.r15"}},{"symbol":{"tex":"$y$","meaning":"real variable","idref":"C18.S1.SS1.p2.t1.r1"}},{"symbol":{"tex":"$N$","meaning":"positive integer","idref":"C18.S1.SS1.p2.t1.r6"}},{"symbol":{"tex":"$\\delta$","meaning":"arbitary small positive constant","idref":"C18.S1.SS1.p2.t1.r8"}}],"context-references":{"sentence-num-in-corpus":"10822","sentence-xmlid":"C18.S25.Px5.p1.s1","chapter-title":"Orthogonal Polynomials","chapter-xmlid":"C18","paragraph-xmlid":"C18.S25.Px5","sentence-num-in-chapter":"997","section-xmlid":"C18.S25","sentence-num-in-section":"32","para-xmlid":"C18.S25.Px5.p1","subsection-title":"Weights and Normalizations: Discrete Cases","subsection-xmlid":"C18.S25.SS3","paragraph-title":"Dual Hahn","section-title":"Wilson Class: Definitions","para-num-of-sentences":"1"},"xml-id":"C18.S25.E14","tex":"$\\omega_{y}=\\frac{(-1)^{y}{\\left(-N\\right)_{y}}{\\left(\\gamma+1\\right)_{y}}{ \\left(\\gamma+\\delta+1\\right)_{2}}}{{\\left(N+\\gamma+\\delta+2\\right)_{y}}{\\left( \\delta+1\\right)_{y}}y!},$","permalink":"http:\/\/dlmf.nist.gov\/18.25.E14","equation-number":"18.25.14","content-tex":"$\\omega_{y}=\\frac{(-1)^{y}\\Pochhammersym{-N}{y}\\Pochhammersym{\\gamma+1}{y} \\Pochhammersym{\\gamma+\\delta+1}{2}}{\\Pochhammersym{N+\\gamma+\\delta+2}{y} \\Pochhammersym{\\delta+1}{y}y!},$"}}{"equation":{"symbols-used":[{"symbol":{"tex":"${\\left(\\NVar{a}\\right)_{\\NVar{n}}}$","meaning":"Pochhammer\u2019s symbol (or shifted factorial)","idref":"C5.S2.SS3","content-tex":"$\\Pochhammersym{\\NVar{a}}{\\NVar{n}}$"}},{"symbol":{"tex":"$!$","meaning":"factorial (as in $n!$ )","idref":"introduction.Sx4.p1.t1.r15"}},{"symbol":{"tex":"$n$","meaning":"nonnegative integer","idref":"C18.S1.SS1.p2.t1.r5"}},{"symbol":{"tex":"$N$","meaning":"positive integer","idref":"C18.S1.SS1.p2.t1.r6"}},{"symbol":{"tex":"$\\delta$","meaning":"arbitary small positive constant","idref":"C18.S1.SS1.p2.t1.r8"}},null],"context-references":{"sentence-num-in-corpus":"10822","sentence-xmlid":"C18.S25.Px5.p1.s1","chapter-title":"Orthogonal Polynomials","chapter-xmlid":"C18","paragraph-xmlid":"C18.S25.Px5","sentence-num-in-chapter":"997","section-xmlid":"C18.S25","sentence-num-in-section":"32","para-xmlid":"C18.S25.Px5.p1","subsection-title":"Weights and Normalizations: Discrete Cases","subsection-xmlid":"C18.S25.SS3","paragraph-title":"Dual Hahn","section-title":"Wilson Class: Definitions","para-num-of-sentences":"1"},"xml-id":"C18.S25.E15","tex":"$h_{n}=\\frac{n!\\,(N-n)!\\,{\\left(\\gamma+\\delta+2\\right)_{N}}}{N!\\,{\\left(\\gamma+ 1\\right)_{n}}{\\left(\\delta+1\\right)_{N-n}}}.$","permalink":"http:\/\/dlmf.nist.gov\/18.25.E15","equation-number":"18.25.15","content-tex":"$h_{n}=\\frac{n!\\,(N-n)!\\,\\Pochhammersym{\\gamma+\\delta+2}{N}}{N!\\,\\Pochhammersym {\\gamma+1}{n}\\Pochhammersym{\\delta+1}{N-n}}.$"}}{"expression":{"context-references":{"sentence-num-in-corpus":"10823","subsection-xmlid":"C18.S25.SS4","sentence-xmlid":"C18.S25.SS4.p1.s1","chapter-title":"Orthogonal Polynomials","chapter-xmlid":"C18","section-title":"Wilson Class: Definitions","sentence-num-in-chapter":"998","section-xmlid":"C18.S25","sentence-num-in-section":"33","para-num-of-sentences":"1","para-xmlid":"C18.S25.SS4.p1","subsection-title":"Leading Coefficients"},"xml-id":"C18.S25.SS4.p1.m1","tex":"$k_{n}$"}}{"expression":{"context-references":{"chapter-title":"Orthogonal Polynomials","chapter-xmlid":"C18"},"xml-id":"C5.S2.SS3.m1addec","tex":"${\\left(\\NVar{a}\\right)_{\\NVar{n}}}$","content-tex":"$\\Pochhammersym{\\NVar{a}}{\\NVar{n}}$"}}{"expression":{"context-references":{"chapter-title":"Orthogonal Polynomials","chapter-xmlid":"C18"},"xml-id":"C18.S25.T1.t1.r4.m2abdec","tex":"$R_{\\NVar{n}}\\left(\\NVar{x};\\NVar{\\alpha},\\NVar{\\beta},\\NVar{\\gamma},\\NVar{ \\delta}\\right)$","content-tex":"$\\RacahpolyR{\\NVar{n}}@{\\NVar{x}}{\\NVar{\\alpha}}{\\NVar{\\beta}}{\\NVar{\\gamma}}{ \\NVar{\\delta}}$"}}{"expression":{"context-references":{"chapter-title":"Orthogonal Polynomials","chapter-xmlid":"C18"},"xml-id":"C18.S25.T1.t1.r2.m2abdec","tex":"$W_{\\NVar{n}}\\left(\\NVar{x};\\NVar{a},\\NVar{b},\\NVar{c},\\NVar{d}\\right)$","content-tex":"$\\WilsonpolyW{\\NVar{n}}@{\\NVar{x}}{\\NVar{a}}{\\NVar{b}}{\\NVar{c}}{\\NVar{d}}$"}}{"expression":{"context-references":{"chapter-title":"Orthogonal Polynomials","chapter-xmlid":"C18"},"xml-id":"C18.S25.T1.t1.r3.m2abdec","tex":"$S_{\\NVar{n}}\\left(\\NVar{x};\\NVar{a},\\NVar{b},\\NVar{c}\\right)$","content-tex":"$\\contdualHahnpolyS{\\NVar{n}}@{\\NVar{x}}{\\NVar{a}}{\\NVar{b}}{\\NVar{c}}$"}}{"expression":{"context-references":{"chapter-title":"Orthogonal Polynomials","chapter-xmlid":"C18"},"xml-id":"C18.S25.T1.t1.r5.m2abdec","tex":"$R_{\\NVar{n}}\\left(\\NVar{x};\\NVar{\\gamma},\\NVar{\\delta},\\NVar{N}\\right)$","content-tex":"$\\dualHahnpolyR{\\NVar{n}}@{\\NVar{x}}{\\NVar{\\gamma}}{\\NVar{\\delta}}{\\NVar{N}}$"}}{"expression":{"context-references":{"chapter-title":"Orthogonal Polynomials","chapter-xmlid":"C18"},"xml-id":"C18.S1.XMD6.m1kdec","tex":"$n$"}}{"expression":{"context-references":{"chapter-title":"Orthogonal Polynomials","chapter-xmlid":"C18"},"xml-id":"C18.S1.XMD7.m1hdec","tex":"$N$"}}{"expression":{"context-references":{"chapter-title":"Orthogonal Polynomials","chapter-xmlid":"C18"},"xml-id":"C18.S1.XMD8.m1idec","tex":"$\\delta$"}}{"expression":{"context-references":{"chapter-title":"Orthogonal Polynomials","chapter-xmlid":"C18"},"xml-id":"C18.S1.XMD9.m1gdec","tex":"$p_{n}(x)$"}}{"expression":{"context-references":{"chapter-title":"Orthogonal Polynomials","chapter-xmlid":"C18"},"xml-id":"C18.S1.XMD9.m2gdec","tex":"$n$"}}{"expression":{"context-references":{"chapter-title":"Orthogonal Polynomials","chapter-xmlid":"C18"},"xml-id":"C18.S2.XMD3.m1fdec","tex":"$x$"}}{"expression":{"context-references":{"chapter-title":"Orthogonal Polynomials","chapter-xmlid":"C18"},"xml-id":"C18.S2.XMD6.m1dec","tex":"$k_{n}$"}}{"expression":{"context-references":{"sentence-num-in-corpus":"10825","subsection-xmlid":"C18.S25.SS4","sentence-xmlid":"C18.S25.T2.t1.s1","chapter-title":"Orthogonal Polynomials","chapter-xmlid":"C18","section-title":"Wilson Class: Definitions","sentence-num-in-chapter":"1000","section-xmlid":"C18.S25","sentence-num-in-section":"35","subsection-title":"Leading Coefficients"},"xml-id":"C18.S25.T2.t1.r1.m1","tex":"$p_{n}(x)$"}}{"expression":{"context-references":{"sentence-num-in-corpus":"10826","subsection-xmlid":"C18.S25.SS4","sentence-xmlid":"C18.S25.T2.t1.s2","chapter-title":"Orthogonal Polynomials","chapter-xmlid":"C18","section-title":"Wilson Class: Definitions","sentence-num-in-chapter":"1001","section-xmlid":"C18.S25","sentence-num-in-section":"36","subsection-title":"Leading Coefficients"},"xml-id":"C18.S25.T2.t1.r1.m2","tex":"$k_{n}$"}}{"expression":{"context-references":{"sentence-num-in-corpus":"10827","subsection-xmlid":"C18.S25.SS4","sentence-xmlid":"C18.S25.T2.t1.s3","chapter-title":"Orthogonal Polynomials","chapter-xmlid":"C18","section-title":"Wilson Class: Definitions","sentence-num-in-chapter":"1002","section-xmlid":"C18.S25","sentence-num-in-section":"37","subsection-title":"Leading Coefficients"},"xml-id":"C18.S25.T2.t1.r2.m1","tex":"$W_{n}\\left(x;a,b,c,d\\right)$","content-tex":"$\\WilsonpolyW{n}@{x}{a}{b}{c}{d}$"}}{"expression":{"context-references":{"sentence-num-in-corpus":"10828","subsection-xmlid":"C18.S25.SS4","sentence-xmlid":"C18.S25.T2.t1.s4","chapter-title":"Orthogonal Polynomials","chapter-xmlid":"C18","section-title":"Wilson Class: Definitions","sentence-num-in-chapter":"1003","section-xmlid":"C18.S25","sentence-num-in-section":"38","subsection-title":"Leading Coefficients"},"xml-id":"C18.S25.T2.t1.r2.m2","tex":"$(-1)^{n}{\\left(n+a+b+c+d-1\\right)_{n}}$","content-tex":"$(-1)^{n}\\Pochhammersym{n+a+b+c+d-1}{n}$"}}{"expression":{"context-references":{"sentence-num-in-corpus":"10829","subsection-xmlid":"C18.S25.SS4","sentence-xmlid":"C18.S25.T2.t1.s5","chapter-title":"Orthogonal Polynomials","chapter-xmlid":"C18","section-title":"Wilson Class: Definitions","sentence-num-in-chapter":"1004","section-xmlid":"C18.S25","sentence-num-in-section":"39","subsection-title":"Leading Coefficients"},"xml-id":"C18.S25.T2.t1.r3.m1","tex":"$S_{n}\\left(x;a,b,c\\right)$","content-tex":"$\\contdualHahnpolyS{n}@{x}{a}{b}{c}$"}}{"expression":{"context-references":{"sentence-num-in-corpus":"10830","subsection-xmlid":"C18.S25.SS4","sentence-xmlid":"C18.S25.T2.t1.s6","chapter-title":"Orthogonal Polynomials","chapter-xmlid":"C18","section-title":"Wilson Class: Definitions","sentence-num-in-chapter":"1005","section-xmlid":"C18.S25","sentence-num-in-section":"40","subsection-title":"Leading Coefficients"},"xml-id":"C18.S25.T2.t1.r3.m2","tex":"$(-1)^{n}$"}}{"expression":{"context-references":{"sentence-num-in-corpus":"10831","subsection-xmlid":"C18.S25.SS4","sentence-xmlid":"C18.S25.T2.t1.s7","chapter-title":"Orthogonal Polynomials","chapter-xmlid":"C18","section-title":"Wilson Class: Definitions","sentence-num-in-chapter":"1006","section-xmlid":"C18.S25","sentence-num-in-section":"41","subsection-title":"Leading Coefficients"},"xml-id":"C18.S25.T2.t1.r4.m1","tex":"$R_{n}\\left(x;\\alpha,\\beta,\\gamma,\\delta\\right)$","content-tex":"$\\RacahpolyR{n}@{x}{\\alpha}{\\beta}{\\gamma}{\\delta}$"}}{"expression":{"context-references":{"sentence-num-in-corpus":"10832","subsection-xmlid":"C18.S25.SS4","sentence-xmlid":"C18.S25.T2.t1.s8","chapter-title":"Orthogonal Polynomials","chapter-xmlid":"C18","section-title":"Wilson Class: Definitions","sentence-num-in-chapter":"1007","section-xmlid":"C18.S25","sentence-num-in-section":"42","subsection-title":"Leading Coefficients"},"xml-id":"C18.S25.T2.t1.r4.m2","tex":"$\\dfrac{{\\left(n+\\alpha+\\beta+1\\right)_{n}}}{{\\left(\\alpha+1\\right)_{n}}{\\left( \\beta+\\delta+1\\right)_{n}}{\\left(\\gamma+1\\right)_{n}}}$","content-tex":"$\\dfrac{\\Pochhammersym{n+\\alpha+\\beta+1}{n}}{\\Pochhammersym{\\alpha+1}{n} \\Pochhammersym{\\beta+\\delta+1}{n}\\Pochhammersym{\\gamma+1}{n}}$"}}{"expression":{"context-references":{"sentence-num-in-corpus":"10833","subsection-xmlid":"C18.S25.SS4","sentence-xmlid":"C18.S25.T2.t1.s9","chapter-title":"Orthogonal Polynomials","chapter-xmlid":"C18","section-title":"Wilson Class: Definitions","sentence-num-in-chapter":"1008","section-xmlid":"C18.S25","sentence-num-in-section":"43","subsection-title":"Leading Coefficients"},"xml-id":"C18.S25.T2.t1.r5.m1","tex":"$R_{n}\\left(x;\\gamma,\\delta,N\\right)$","content-tex":"$\\dualHahnpolyR{n}@{x}{\\gamma}{\\delta}{N}$"}}{"expression":{"context-references":{"sentence-num-in-corpus":"10834","subsection-xmlid":"C18.S25.SS4","sentence-xmlid":"C18.S25.T2.t1.s10","chapter-title":"Orthogonal Polynomials","chapter-xmlid":"C18","section-title":"Wilson Class: Definitions","sentence-num-in-chapter":"1009","section-xmlid":"C18.S25","sentence-num-in-section":"44","subsection-title":"Leading Coefficients"},"xml-id":"C18.S25.T2.t1.r5.m2","tex":"$\\dfrac{1}{{\\left(\\gamma+1\\right)_{n}}{\\left(-N\\right)_{n}}}$","content-tex":"$\\dfrac{1}{\\Pochhammersym{\\gamma+1}{n}\\Pochhammersym{-N}{n}}$"}}{"expression":{"context-references":{"chapter-title":"Orthogonal Polynomials","chapter-xmlid":"C18"},"xml-id":"C18.S27.m2a","tex":"$q$"}}{"expression":{"context-references":{"chapter-title":"Orthogonal Polynomials","chapter-xmlid":"C18"},"xml-id":"C18.S29.m2a","tex":"$q$"}}