{"expression":{"xml-id":"C18.S6.SS1.info.m1","tex":"$\\alpha=\\beta$","context":{"chapter-title":"Orthogonal Polynomials","chapter-xmlid":"C18"}}}{"expression":{"xml-id":"C18.S6.SS1.info.m2","tex":"$\\alpha=0$","context":{"chapter-title":"Orthogonal Polynomials","chapter-xmlid":"C18"}}}{"expression":{"xml-id":"C18.S6.Px1.info.m1","tex":"$z=0$","context":{"chapter-title":"Orthogonal Polynomials","chapter-xmlid":"C18"}}}{"expression":{"xml-id":"C18.S6.Px1.m1","tex":"$z=0$","context":{"chapter-title":"Orthogonal Polynomials","chapter-xmlid":"C18"}}}{"equation":{"symbols-used":[{"symbol":{"tex":"$L^{(\\NVar{\\alpha})}_{\\NVar{n}}\\left(\\NVar{x}\\right)$","meaning":"Laguerre (or generalized Laguerre) polynomial","idref":"C18.S3.T1.t1.r12","content-tex":"$\\LaguerrepolyL[\\NVar{\\alpha}]{\\NVar{n}}@{\\NVar{x}}$"}},{"symbol":{"tex":"${\\left(\\NVar{a}\\right)_{\\NVar{n}}}$","meaning":"Pochhammer\u2019s symbol (or shifted factorial)","idref":"C5.S2.SS3","content-tex":"$\\Pochhammersym{\\NVar{a}}{\\NVar{n}}$"}},{"symbol":{"tex":"$!$","meaning":"factorial (as in $n!$ )","idref":"introduction.Sx4.p1.t1.r15"}},{"symbol":{"tex":"$n$","meaning":"nonnegative integer","idref":"C18.S1.SS1.p2.t1.r5"}}],"xml-id":"C18.S6.E1","tex":"$L^{(\\alpha)}_{n}\\left(0\\right)=\\frac{{\\left(\\alpha+1\\right)_{n}}}{n!}.$","context":{"sentence-num-in-corpus":"10119","sentence-xmlid":"C18.S6.Px1.p1.s1","chapter-title":"Orthogonal Polynomials","chapter-xmlid":"C18","paragraph-xmlid":"C18.S6.Px1","sentence-num-in-chapter":"294","section-xmlid":"C18.S6","sentence-num-in-section":"2","para-xmlid":"C18.S6.Px1.p1","subsection-title":"Symmetry and Special Values","subsection-xmlid":"C18.S6.SS1","paragraph-title":"Laguerre","section-title":"Symmetry, Special Values, and Limits to Monomials","para-num-of-sentences":"1"},"permalink":"http:\/\/dlmf.nist.gov\/18.6.E1","equation-number":"18.6.1","content-tex":"$\\LaguerrepolyL[\\alpha]{n}@{0}=\\frac{\\Pochhammersym{\\alpha+1}{n}}{n!}.$"}}{"expression":{"xml-id":"C18.S6.T1.info.m1","tex":"$f_{n}(-x)$","context":{"chapter-title":"Orthogonal Polynomials","chapter-xmlid":"C18"}}}{"expression":{"xml-id":"C18.S6.T1.info.m2","tex":"$f_{n}(1)$","context":{"chapter-title":"Orthogonal Polynomials","chapter-xmlid":"C18"}}}{"expression":{"xml-id":"C18.S6.T1.info.m3","tex":"$f_{n}(0)$","context":{"chapter-title":"Orthogonal Polynomials","chapter-xmlid":"C18"}}}{"expression":{"xml-id":"C18.S3.T1.t1.r4.m2adec","tex":"$T_{\\NVar{n}}\\left(\\NVar{x}\\right)$","context":{"chapter-title":"Orthogonal Polynomials","chapter-xmlid":"C18"},"content-tex":"$\\ChebyshevpolyT{\\NVar{n}}@{\\NVar{x}}$"}}{"expression":{"xml-id":"C18.S3.T1.t1.r7.m2adec","tex":"$W_{\\NVar{n}}\\left(\\NVar{x}\\right)$","context":{"chapter-title":"Orthogonal Polynomials","chapter-xmlid":"C18"},"content-tex":"$\\ChebyshevpolyW{\\NVar{n}}@{\\NVar{x}}$"}}{"expression":{"xml-id":"C18.S3.T1.t1.r5.m2adec","tex":"$U_{\\NVar{n}}\\left(\\NVar{x}\\right)$","context":{"chapter-title":"Orthogonal Polynomials","chapter-xmlid":"C18"},"content-tex":"$\\ChebyshevpolyU{\\NVar{n}}@{\\NVar{x}}$"}}{"expression":{"xml-id":"C18.S3.T1.t1.r6.m2adec","tex":"$V_{\\NVar{n}}\\left(\\NVar{x}\\right)$","context":{"chapter-title":"Orthogonal Polynomials","chapter-xmlid":"C18"},"content-tex":"$\\ChebyshevpolyV{\\NVar{n}}@{\\NVar{x}}$"}}{"expression":{"xml-id":"C18.S3.T1.t1.r13.m2adec","tex":"$H_{\\NVar{n}}\\left(\\NVar{x}\\right)$","context":{"chapter-title":"Orthogonal Polynomials","chapter-xmlid":"C18"},"content-tex":"$\\HermitepolyH{\\NVar{n}}@{\\NVar{x}}$"}}{"expression":{"xml-id":"C18.S3.T1.t1.r14.m2adec","tex":"$\\mathit{He}_{\\NVar{n}}\\left(\\NVar{x}\\right)$","context":{"chapter-title":"Orthogonal Polynomials","chapter-xmlid":"C18"},"content-tex":"$\\dilHermitepolyHe{\\NVar{n}}@{\\NVar{x}}$"}}{"expression":{"xml-id":"C18.S3.T1.t1.r2.m2adec","tex":"$P^{(\\NVar{\\alpha},\\NVar{\\beta})}_{\\NVar{n}}\\left(\\NVar{x}\\right)$","context":{"chapter-title":"Orthogonal Polynomials","chapter-xmlid":"C18"},"content-tex":"$\\JacobipolyP{\\NVar{\\alpha}}{\\NVar{\\beta}}{\\NVar{n}}@{\\NVar{x}}$"}}{"expression":{"xml-id":"C18.S3.T1.t1.r10.m2adec","tex":"$P_{\\NVar{n}}\\left(\\NVar{x}\\right)$","context":{"chapter-title":"Orthogonal Polynomials","chapter-xmlid":"C18"},"content-tex":"$\\LegendrepolyP{\\NVar{n}}@{\\NVar{x}}$"}}{"expression":{"xml-id":"C5.S2.SS3.m1aadec","tex":"${\\left(\\NVar{a}\\right)_{\\NVar{n}}}$","context":{"chapter-title":"Orthogonal Polynomials","chapter-xmlid":"C18"},"content-tex":"$\\Pochhammersym{\\NVar{a}}{\\NVar{n}}$"}}{"expression":{"xml-id":"introduction.Sx4.p1.t1.r15.m5aadec","tex":"$!$","context":{"chapter-title":"Orthogonal Polynomials","chapter-xmlid":"C18"}}}{"expression":{"xml-id":"introduction.Sx4.p1.t1.r15.m6aadec","tex":"$n!$","context":{"chapter-title":"Orthogonal Polynomials","chapter-xmlid":"C18"}}}{"expression":{"xml-id":"C18.S3.T1.t1.r3.m2adec","tex":"$C^{(\\NVar{\\lambda})}_{\\NVar{n}}\\left(\\NVar{x}\\right)$","context":{"chapter-title":"Orthogonal Polynomials","chapter-xmlid":"C18"},"content-tex":"$\\ultrasphpoly{\\NVar{\\lambda}}{\\NVar{n}}@{\\NVar{x}}$"}}{"expression":{"xml-id":"C18.S1.XMD6.m1adec","tex":"$n$","context":{"chapter-title":"Orthogonal Polynomials","chapter-xmlid":"C18"}}}{"expression":{"xml-id":"C18.S1.XMD9.m1dec","tex":"$p_{n}(x)$","context":{"chapter-title":"Orthogonal Polynomials","chapter-xmlid":"C18"}}}{"expression":{"xml-id":"C18.S1.XMD9.m2dec","tex":"$n$","context":{"chapter-title":"Orthogonal Polynomials","chapter-xmlid":"C18"}}}{"expression":{"xml-id":"C18.S2.XMD3.m1dec","tex":"$x$","context":{"chapter-title":"Orthogonal Polynomials","chapter-xmlid":"C18"}}}{"expression":{"xml-id":"C18.S6.T1.t1.r1.m1","tex":"$p_{n}(x)$","context":{"sentence-num-in-corpus":"10121","subsection-xmlid":"C18.S6.SS1","sentence-xmlid":"C18.S6.T1.t1.s1","chapter-title":"Orthogonal Polynomials","chapter-xmlid":"C18","paragraph-title":"Laguerre","paragraph-xmlid":"C18.S6.Px1","section-title":"Symmetry, Special Values, and Limits to Monomials","sentence-num-in-chapter":"296","section-xmlid":"C18.S6","sentence-num-in-section":"4","subsection-title":"Symmetry and Special Values"}}}{"expression":{"xml-id":"C18.S6.T1.t1.r1.m2","tex":"$p_{n}(-x)$","context":{"sentence-num-in-corpus":"10122","subsection-xmlid":"C18.S6.SS1","sentence-xmlid":"C18.S6.T1.t1.s2","chapter-title":"Orthogonal Polynomials","chapter-xmlid":"C18","paragraph-title":"Laguerre","paragraph-xmlid":"C18.S6.Px1","section-title":"Symmetry, Special Values, and Limits to Monomials","sentence-num-in-chapter":"297","section-xmlid":"C18.S6","sentence-num-in-section":"5","subsection-title":"Symmetry and Special Values"}}}{"expression":{"xml-id":"C18.S6.T1.t1.r1.m3","tex":"$p_{n}(1)$","context":{"sentence-num-in-corpus":"10123","subsection-xmlid":"C18.S6.SS1","sentence-xmlid":"C18.S6.T1.t1.s3","chapter-title":"Orthogonal Polynomials","chapter-xmlid":"C18","paragraph-title":"Laguerre","paragraph-xmlid":"C18.S6.Px1","section-title":"Symmetry, Special Values, and Limits to Monomials","sentence-num-in-chapter":"298","section-xmlid":"C18.S6","sentence-num-in-section":"6","subsection-title":"Symmetry and Special Values"}}}{"expression":{"xml-id":"C18.S6.T1.t1.r1.m4","tex":"$p_{2n}(0)$","context":{"sentence-num-in-corpus":"10124","subsection-xmlid":"C18.S6.SS1","sentence-xmlid":"C18.S6.T1.t1.s4","chapter-title":"Orthogonal Polynomials","chapter-xmlid":"C18","paragraph-title":"Laguerre","paragraph-xmlid":"C18.S6.Px1","section-title":"Symmetry, Special Values, and Limits to Monomials","sentence-num-in-chapter":"299","section-xmlid":"C18.S6","sentence-num-in-section":"7","subsection-title":"Symmetry and Special Values"}}}{"expression":{"xml-id":"C18.S6.T1.t1.r1.m5","tex":"$p_{2n+1}^{\\prime}(0)$","context":{"sentence-num-in-corpus":"10125","subsection-xmlid":"C18.S6.SS1","sentence-xmlid":"C18.S6.T1.t1.s5","chapter-title":"Orthogonal Polynomials","chapter-xmlid":"C18","paragraph-title":"Laguerre","paragraph-xmlid":"C18.S6.Px1","section-title":"Symmetry, Special Values, and Limits to Monomials","sentence-num-in-chapter":"300","section-xmlid":"C18.S6","sentence-num-in-section":"8","subsection-title":"Symmetry and Special Values"}}}{"expression":{"xml-id":"C18.S6.T1.t1.r2.m1","tex":"$P^{(\\alpha,\\beta)}_{n}\\left(x\\right)$","context":{"sentence-num-in-corpus":"10126","subsection-xmlid":"C18.S6.SS1","sentence-xmlid":"C18.S6.T1.t1.s6","chapter-title":"Orthogonal Polynomials","chapter-xmlid":"C18","paragraph-title":"Laguerre","paragraph-xmlid":"C18.S6.Px1","section-title":"Symmetry, Special Values, and Limits to Monomials","sentence-num-in-chapter":"301","section-xmlid":"C18.S6","sentence-num-in-section":"9","subsection-title":"Symmetry and Special Values"},"content-tex":"$\\JacobipolyP{\\alpha}{\\beta}{n}@{x}$"}}{"expression":{"xml-id":"C18.S6.T1.t1.r2.m2","tex":"$(-1)^{n}P^{(\\beta,\\alpha)}_{n}\\left(x\\right)$","context":{"sentence-num-in-corpus":"10127","subsection-xmlid":"C18.S6.SS1","sentence-xmlid":"C18.S6.T1.t1.s7","chapter-title":"Orthogonal Polynomials","chapter-xmlid":"C18","paragraph-title":"Laguerre","paragraph-xmlid":"C18.S6.Px1","section-title":"Symmetry, Special Values, and Limits to Monomials","sentence-num-in-chapter":"302","section-xmlid":"C18.S6","sentence-num-in-section":"10","subsection-title":"Symmetry and Special Values"},"content-tex":"$(-1)^{n}\\JacobipolyP{\\beta}{\\alpha}{n}@{x}$"}}{"expression":{"xml-id":"C18.S6.T1.t1.r2.m3","tex":"$\\ifrac{{\\left(\\alpha+1\\right)_{n}}}{n!}$","context":{"sentence-num-in-corpus":"10128","subsection-xmlid":"C18.S6.SS1","sentence-xmlid":"C18.S6.T1.t1.s8","chapter-title":"Orthogonal Polynomials","chapter-xmlid":"C18","paragraph-title":"Laguerre","paragraph-xmlid":"C18.S6.Px1","section-title":"Symmetry, Special Values, and Limits to Monomials","sentence-num-in-chapter":"303","section-xmlid":"C18.S6","sentence-num-in-section":"11","subsection-title":"Symmetry and Special Values"},"content-tex":"$\\ifrac{\\Pochhammersym{\\alpha+1}{n}}{n!}$"}}{"expression":{"xml-id":"C18.S6.T1.t1.r3.m1","tex":"$P^{(\\alpha,\\alpha)}_{n}\\left(x\\right)$","context":{"sentence-num-in-corpus":"10129","subsection-xmlid":"C18.S6.SS1","sentence-xmlid":"C18.S6.T1.t1.s9","chapter-title":"Orthogonal Polynomials","chapter-xmlid":"C18","paragraph-title":"Laguerre","paragraph-xmlid":"C18.S6.Px1","section-title":"Symmetry, Special Values, and Limits to Monomials","sentence-num-in-chapter":"304","section-xmlid":"C18.S6","sentence-num-in-section":"12","subsection-title":"Symmetry and Special Values"},"content-tex":"$\\JacobipolyP{\\alpha}{\\alpha}{n}@{x}$"}}{"expression":{"xml-id":"C18.S6.T1.t1.r3.m2","tex":"$(-1)^{n}P^{(\\alpha,\\alpha)}_{n}\\left(x\\right)$","context":{"sentence-num-in-corpus":"10130","subsection-xmlid":"C18.S6.SS1","sentence-xmlid":"C18.S6.T1.t1.s10","chapter-title":"Orthogonal Polynomials","chapter-xmlid":"C18","paragraph-title":"Laguerre","paragraph-xmlid":"C18.S6.Px1","section-title":"Symmetry, Special Values, and Limits to Monomials","sentence-num-in-chapter":"305","section-xmlid":"C18.S6","sentence-num-in-section":"13","subsection-title":"Symmetry and Special Values"},"content-tex":"$(-1)^{n}\\JacobipolyP{\\alpha}{\\alpha}{n}@{x}$"}}{"expression":{"xml-id":"C18.S6.T1.t1.r3.m3","tex":"$\\ifrac{{\\left(\\alpha+1\\right)_{n}}}{n!}$","context":{"sentence-num-in-corpus":"10131","subsection-xmlid":"C18.S6.SS1","sentence-xmlid":"C18.S6.T1.t1.s11","chapter-title":"Orthogonal Polynomials","chapter-xmlid":"C18","paragraph-title":"Laguerre","paragraph-xmlid":"C18.S6.Px1","section-title":"Symmetry, Special Values, and Limits to Monomials","sentence-num-in-chapter":"306","section-xmlid":"C18.S6","sentence-num-in-section":"14","subsection-title":"Symmetry and Special Values"},"content-tex":"$\\ifrac{\\Pochhammersym{\\alpha+1}{n}}{n!}$"}}{"expression":{"xml-id":"C18.S6.T1.t1.r3.m4","tex":"$\\ifrac{(-\\tfrac{1}{4})^{n}{\\left(n+\\alpha+1\\right)_{n}}}{n!}$","context":{"sentence-num-in-corpus":"10132","subsection-xmlid":"C18.S6.SS1","sentence-xmlid":"C18.S6.T1.t1.s12","chapter-title":"Orthogonal Polynomials","chapter-xmlid":"C18","paragraph-title":"Laguerre","paragraph-xmlid":"C18.S6.Px1","section-title":"Symmetry, Special Values, and Limits to Monomials","sentence-num-in-chapter":"307","section-xmlid":"C18.S6","sentence-num-in-section":"15","subsection-title":"Symmetry and Special Values"},"content-tex":"$\\ifrac{(-\\tfrac{1}{4})^{n}\\Pochhammersym{n+\\alpha+1}{n}}{n!}$"}}{"expression":{"xml-id":"C18.S6.T1.t1.r3.m5","tex":"$\\ifrac{(-\\tfrac{1}{4})^{n}{\\left(n+\\alpha+1\\right)_{n+1}}}{n!}$","context":{"sentence-num-in-corpus":"10133","subsection-xmlid":"C18.S6.SS1","sentence-xmlid":"C18.S6.T1.t1.s13","chapter-title":"Orthogonal Polynomials","chapter-xmlid":"C18","paragraph-title":"Laguerre","paragraph-xmlid":"C18.S6.Px1","section-title":"Symmetry, Special Values, and Limits to Monomials","sentence-num-in-chapter":"308","section-xmlid":"C18.S6","sentence-num-in-section":"16","subsection-title":"Symmetry and Special Values"},"content-tex":"$\\ifrac{(-\\tfrac{1}{4})^{n}\\Pochhammersym{n+\\alpha+1}{n+1}}{n!}$"}}{"expression":{"xml-id":"C18.S6.T1.t1.r4.m1","tex":"$C^{(\\lambda)}_{n}\\left(x\\right)$","context":{"sentence-num-in-corpus":"10134","subsection-xmlid":"C18.S6.SS1","sentence-xmlid":"C18.S6.T1.t1.s14","chapter-title":"Orthogonal Polynomials","chapter-xmlid":"C18","paragraph-title":"Laguerre","paragraph-xmlid":"C18.S6.Px1","section-title":"Symmetry, Special Values, and Limits to Monomials","sentence-num-in-chapter":"309","section-xmlid":"C18.S6","sentence-num-in-section":"17","subsection-title":"Symmetry and Special Values"},"content-tex":"$\\ultrasphpoly{\\lambda}{n}@{x}$"}}{"expression":{"xml-id":"C18.S6.T1.t1.r4.m2","tex":"$(-1)^{n}C^{(\\lambda)}_{n}\\left(x\\right)$","context":{"sentence-num-in-corpus":"10135","subsection-xmlid":"C18.S6.SS1","sentence-xmlid":"C18.S6.T1.t1.s15","chapter-title":"Orthogonal Polynomials","chapter-xmlid":"C18","paragraph-title":"Laguerre","paragraph-xmlid":"C18.S6.Px1","section-title":"Symmetry, Special Values, and Limits to Monomials","sentence-num-in-chapter":"310","section-xmlid":"C18.S6","sentence-num-in-section":"18","subsection-title":"Symmetry and Special Values"},"content-tex":"$(-1)^{n}\\ultrasphpoly{\\lambda}{n}@{x}$"}}{"expression":{"xml-id":"C18.S6.T1.t1.r4.m3","tex":"$\\ifrac{{\\left(2\\lambda\\right)_{n}}}{n!}$","context":{"sentence-num-in-corpus":"10136","subsection-xmlid":"C18.S6.SS1","sentence-xmlid":"C18.S6.T1.t1.s16","chapter-title":"Orthogonal Polynomials","chapter-xmlid":"C18","paragraph-title":"Laguerre","paragraph-xmlid":"C18.S6.Px1","section-title":"Symmetry, Special Values, and Limits to Monomials","sentence-num-in-chapter":"311","section-xmlid":"C18.S6","sentence-num-in-section":"19","subsection-title":"Symmetry and Special Values"},"content-tex":"$\\ifrac{\\Pochhammersym{2\\lambda}{n}}{n!}$"}}{"expression":{"xml-id":"C18.S6.T1.t1.r4.m4","tex":"$\\ifrac{(-1)^{n}{\\left(\\lambda\\right)_{n}}}{n!}$","context":{"sentence-num-in-corpus":"10137","subsection-xmlid":"C18.S6.SS1","sentence-xmlid":"C18.S6.T1.t1.s17","chapter-title":"Orthogonal Polynomials","chapter-xmlid":"C18","paragraph-title":"Laguerre","paragraph-xmlid":"C18.S6.Px1","section-title":"Symmetry, Special Values, and Limits to Monomials","sentence-num-in-chapter":"312","section-xmlid":"C18.S6","sentence-num-in-section":"20","subsection-title":"Symmetry and Special Values"},"content-tex":"$\\ifrac{(-1)^{n}\\Pochhammersym{\\lambda}{n}}{n!}$"}}{"expression":{"xml-id":"C18.S6.T1.t1.r4.m5","tex":"$\\ifrac{2(-1)^{n}{\\left(\\lambda\\right)_{n+1}}}{n!}$","context":{"sentence-num-in-corpus":"10138","subsection-xmlid":"C18.S6.SS1","sentence-xmlid":"C18.S6.T1.t1.s18","chapter-title":"Orthogonal Polynomials","chapter-xmlid":"C18","paragraph-title":"Laguerre","paragraph-xmlid":"C18.S6.Px1","section-title":"Symmetry, Special Values, and Limits to Monomials","sentence-num-in-chapter":"313","section-xmlid":"C18.S6","sentence-num-in-section":"21","subsection-title":"Symmetry and Special Values"},"content-tex":"$\\ifrac{2(-1)^{n}\\Pochhammersym{\\lambda}{n+1}}{n!}$"}}{"expression":{"xml-id":"C18.S6.T1.t1.r5.m1","tex":"$T_{n}\\left(x\\right)$","context":{"sentence-num-in-corpus":"10139","subsection-xmlid":"C18.S6.SS1","sentence-xmlid":"C18.S6.T1.t1.s19","chapter-title":"Orthogonal Polynomials","chapter-xmlid":"C18","paragraph-title":"Laguerre","paragraph-xmlid":"C18.S6.Px1","section-title":"Symmetry, Special Values, and Limits to Monomials","sentence-num-in-chapter":"314","section-xmlid":"C18.S6","sentence-num-in-section":"22","subsection-title":"Symmetry and Special Values"},"content-tex":"$\\ChebyshevpolyT{n}@{x}$"}}{"expression":{"xml-id":"C18.S6.T1.t1.r5.m2","tex":"$(-1)^{n}T_{n}\\left(x\\right)$","context":{"sentence-num-in-corpus":"10140","subsection-xmlid":"C18.S6.SS1","sentence-xmlid":"C18.S6.T1.t1.s20","chapter-title":"Orthogonal Polynomials","chapter-xmlid":"C18","paragraph-title":"Laguerre","paragraph-xmlid":"C18.S6.Px1","section-title":"Symmetry, Special Values, and Limits to Monomials","sentence-num-in-chapter":"315","section-xmlid":"C18.S6","sentence-num-in-section":"23","subsection-title":"Symmetry and Special Values"},"content-tex":"$(-1)^{n}\\ChebyshevpolyT{n}@{x}$"}}{"expression":{"xml-id":"C18.S6.T1.t1.r5.m3","tex":"$1$","context":{"sentence-num-in-corpus":"10141","subsection-xmlid":"C18.S6.SS1","sentence-xmlid":"C18.S6.T1.t1.s21","chapter-title":"Orthogonal Polynomials","chapter-xmlid":"C18","paragraph-title":"Laguerre","paragraph-xmlid":"C18.S6.Px1","section-title":"Symmetry, Special Values, and Limits to Monomials","sentence-num-in-chapter":"316","section-xmlid":"C18.S6","sentence-num-in-section":"24","subsection-title":"Symmetry and Special Values"}}}{"expression":{"xml-id":"C18.S6.T1.t1.r5.m4","tex":"$(-1)^{n}$","context":{"sentence-num-in-corpus":"10142","subsection-xmlid":"C18.S6.SS1","sentence-xmlid":"C18.S6.T1.t1.s22","chapter-title":"Orthogonal Polynomials","chapter-xmlid":"C18","paragraph-title":"Laguerre","paragraph-xmlid":"C18.S6.Px1","section-title":"Symmetry, Special Values, and Limits to Monomials","sentence-num-in-chapter":"317","section-xmlid":"C18.S6","sentence-num-in-section":"25","subsection-title":"Symmetry and Special Values"}}}{"expression":{"xml-id":"C18.S6.T1.t1.r5.m5","tex":"$(-1)^{n}(2n+1)$","context":{"sentence-num-in-corpus":"10143","subsection-xmlid":"C18.S6.SS1","sentence-xmlid":"C18.S6.T1.t1.s23","chapter-title":"Orthogonal Polynomials","chapter-xmlid":"C18","paragraph-title":"Laguerre","paragraph-xmlid":"C18.S6.Px1","section-title":"Symmetry, Special Values, and Limits to Monomials","sentence-num-in-chapter":"318","section-xmlid":"C18.S6","sentence-num-in-section":"26","subsection-title":"Symmetry and Special Values"}}}{"expression":{"xml-id":"C18.S6.T1.t1.r6.m1","tex":"$U_{n}\\left(x\\right)$","context":{"sentence-num-in-corpus":"10144","subsection-xmlid":"C18.S6.SS1","sentence-xmlid":"C18.S6.T1.t1.s24","chapter-title":"Orthogonal Polynomials","chapter-xmlid":"C18","paragraph-title":"Laguerre","paragraph-xmlid":"C18.S6.Px1","section-title":"Symmetry, Special Values, and Limits to Monomials","sentence-num-in-chapter":"319","section-xmlid":"C18.S6","sentence-num-in-section":"27","subsection-title":"Symmetry and Special Values"},"content-tex":"$\\ChebyshevpolyU{n}@{x}$"}}{"expression":{"xml-id":"C18.S6.T1.t1.r6.m2","tex":"$(-1)^{n}U_{n}\\left(x\\right)$","context":{"sentence-num-in-corpus":"10145","subsection-xmlid":"C18.S6.SS1","sentence-xmlid":"C18.S6.T1.t1.s25","chapter-title":"Orthogonal Polynomials","chapter-xmlid":"C18","paragraph-title":"Laguerre","paragraph-xmlid":"C18.S6.Px1","section-title":"Symmetry, Special Values, and Limits to Monomials","sentence-num-in-chapter":"320","section-xmlid":"C18.S6","sentence-num-in-section":"28","subsection-title":"Symmetry and Special Values"},"content-tex":"$(-1)^{n}\\ChebyshevpolyU{n}@{x}$"}}{"expression":{"xml-id":"C18.S6.T1.t1.r6.m3","tex":"$n+1$","context":{"sentence-num-in-corpus":"10146","subsection-xmlid":"C18.S6.SS1","sentence-xmlid":"C18.S6.T1.t1.s26","chapter-title":"Orthogonal Polynomials","chapter-xmlid":"C18","paragraph-title":"Laguerre","paragraph-xmlid":"C18.S6.Px1","section-title":"Symmetry, Special Values, and Limits to Monomials","sentence-num-in-chapter":"321","section-xmlid":"C18.S6","sentence-num-in-section":"29","subsection-title":"Symmetry and Special Values"}}}{"expression":{"xml-id":"C18.S6.T1.t1.r6.m4","tex":"$(-1)^{n}$","context":{"sentence-num-in-corpus":"10147","subsection-xmlid":"C18.S6.SS1","sentence-xmlid":"C18.S6.T1.t1.s27","chapter-title":"Orthogonal Polynomials","chapter-xmlid":"C18","paragraph-title":"Laguerre","paragraph-xmlid":"C18.S6.Px1","section-title":"Symmetry, Special Values, and Limits to Monomials","sentence-num-in-chapter":"322","section-xmlid":"C18.S6","sentence-num-in-section":"30","subsection-title":"Symmetry and Special Values"}}}{"expression":{"xml-id":"C18.S6.T1.t1.r6.m5","tex":"$(-1)^{n}(2n+2)$","context":{"sentence-num-in-corpus":"10148","subsection-xmlid":"C18.S6.SS1","sentence-xmlid":"C18.S6.T1.t1.s28","chapter-title":"Orthogonal Polynomials","chapter-xmlid":"C18","paragraph-title":"Laguerre","paragraph-xmlid":"C18.S6.Px1","section-title":"Symmetry, Special Values, and Limits to Monomials","sentence-num-in-chapter":"323","section-xmlid":"C18.S6","sentence-num-in-section":"31","subsection-title":"Symmetry and Special Values"}}}{"expression":{"xml-id":"C18.S6.T1.t1.r7.m1","tex":"$V_{n}\\left(x\\right)$","context":{"sentence-num-in-corpus":"10149","subsection-xmlid":"C18.S6.SS1","sentence-xmlid":"C18.S6.T1.t1.s29","chapter-title":"Orthogonal Polynomials","chapter-xmlid":"C18","paragraph-title":"Laguerre","paragraph-xmlid":"C18.S6.Px1","section-title":"Symmetry, Special Values, and Limits to Monomials","sentence-num-in-chapter":"324","section-xmlid":"C18.S6","sentence-num-in-section":"32","subsection-title":"Symmetry and Special Values"},"content-tex":"$\\ChebyshevpolyV{n}@{x}$"}}{"expression":{"xml-id":"C18.S6.T1.t1.r7.m2","tex":"$(-1)^{n}W_{n}\\left(x\\right)$","context":{"sentence-num-in-corpus":"10150","subsection-xmlid":"C18.S6.SS1","sentence-xmlid":"C18.S6.T1.t1.s30","chapter-title":"Orthogonal Polynomials","chapter-xmlid":"C18","paragraph-title":"Laguerre","paragraph-xmlid":"C18.S6.Px1","section-title":"Symmetry, Special Values, and Limits to Monomials","sentence-num-in-chapter":"325","section-xmlid":"C18.S6","sentence-num-in-section":"33","subsection-title":"Symmetry and Special Values"},"content-tex":"$(-1)^{n}\\ChebyshevpolyW{n}@{x}$"}}{"expression":{"xml-id":"C18.S6.T1.t1.r7.m3","tex":"$2n+1$","context":{"sentence-num-in-corpus":"10151","subsection-xmlid":"C18.S6.SS1","sentence-xmlid":"C18.S6.T1.t1.s31","chapter-title":"Orthogonal Polynomials","chapter-xmlid":"C18","paragraph-title":"Laguerre","paragraph-xmlid":"C18.S6.Px1","section-title":"Symmetry, Special Values, and Limits to Monomials","sentence-num-in-chapter":"326","section-xmlid":"C18.S6","sentence-num-in-section":"34","subsection-title":"Symmetry and Special Values"}}}{"expression":{"xml-id":"C18.S6.T1.t1.r7.m4","tex":"$(-1)^{n}$","context":{"sentence-num-in-corpus":"10152","subsection-xmlid":"C18.S6.SS1","sentence-xmlid":"C18.S6.T1.t1.s32","chapter-title":"Orthogonal Polynomials","chapter-xmlid":"C18","paragraph-title":"Laguerre","paragraph-xmlid":"C18.S6.Px1","section-title":"Symmetry, Special Values, and Limits to Monomials","sentence-num-in-chapter":"327","section-xmlid":"C18.S6","sentence-num-in-section":"35","subsection-title":"Symmetry and Special Values"}}}{"expression":{"xml-id":"C18.S6.T1.t1.r7.m5","tex":"$(-1)^{n}(2n+2)$","context":{"sentence-num-in-corpus":"10153","subsection-xmlid":"C18.S6.SS1","sentence-xmlid":"C18.S6.T1.t1.s33","chapter-title":"Orthogonal Polynomials","chapter-xmlid":"C18","paragraph-title":"Laguerre","paragraph-xmlid":"C18.S6.Px1","section-title":"Symmetry, Special Values, and Limits to Monomials","sentence-num-in-chapter":"328","section-xmlid":"C18.S6","sentence-num-in-section":"36","subsection-title":"Symmetry and Special Values"}}}{"expression":{"xml-id":"C18.S6.T1.t1.r8.m1","tex":"$W_{n}\\left(x\\right)$","context":{"sentence-num-in-corpus":"10154","subsection-xmlid":"C18.S6.SS1","sentence-xmlid":"C18.S6.T1.t1.s34","chapter-title":"Orthogonal Polynomials","chapter-xmlid":"C18","paragraph-title":"Laguerre","paragraph-xmlid":"C18.S6.Px1","section-title":"Symmetry, Special Values, and Limits to Monomials","sentence-num-in-chapter":"329","section-xmlid":"C18.S6","sentence-num-in-section":"37","subsection-title":"Symmetry and Special Values"},"content-tex":"$\\ChebyshevpolyW{n}@{x}$"}}{"expression":{"xml-id":"C18.S6.T1.t1.r8.m2","tex":"$(-1)^{n}V_{n}\\left(x\\right)$","context":{"sentence-num-in-corpus":"10155","subsection-xmlid":"C18.S6.SS1","sentence-xmlid":"C18.S6.T1.t1.s35","chapter-title":"Orthogonal Polynomials","chapter-xmlid":"C18","paragraph-title":"Laguerre","paragraph-xmlid":"C18.S6.Px1","section-title":"Symmetry, Special Values, and Limits to Monomials","sentence-num-in-chapter":"330","section-xmlid":"C18.S6","sentence-num-in-section":"38","subsection-title":"Symmetry and Special Values"},"content-tex":"$(-1)^{n}\\ChebyshevpolyV{n}@{x}$"}}{"expression":{"xml-id":"C18.S6.T1.t1.r8.m3","tex":"$1$","context":{"sentence-num-in-corpus":"10156","subsection-xmlid":"C18.S6.SS1","sentence-xmlid":"C18.S6.T1.t1.s36","chapter-title":"Orthogonal Polynomials","chapter-xmlid":"C18","paragraph-title":"Laguerre","paragraph-xmlid":"C18.S6.Px1","section-title":"Symmetry, Special Values, and Limits to Monomials","sentence-num-in-chapter":"331","section-xmlid":"C18.S6","sentence-num-in-section":"39","subsection-title":"Symmetry and Special Values"}}}{"expression":{"xml-id":"C18.S6.T1.t1.r8.m4","tex":"$(-1)^{n}$","context":{"sentence-num-in-corpus":"10157","subsection-xmlid":"C18.S6.SS1","sentence-xmlid":"C18.S6.T1.t1.s37","chapter-title":"Orthogonal Polynomials","chapter-xmlid":"C18","paragraph-title":"Laguerre","paragraph-xmlid":"C18.S6.Px1","section-title":"Symmetry, Special Values, and Limits to Monomials","sentence-num-in-chapter":"332","section-xmlid":"C18.S6","sentence-num-in-section":"40","subsection-title":"Symmetry and Special Values"}}}{"expression":{"xml-id":"C18.S6.T1.t1.r8.m5","tex":"$(-1)^{n}(2n+2)$","context":{"sentence-num-in-corpus":"10158","subsection-xmlid":"C18.S6.SS1","sentence-xmlid":"C18.S6.T1.t1.s38","chapter-title":"Orthogonal Polynomials","chapter-xmlid":"C18","paragraph-title":"Laguerre","paragraph-xmlid":"C18.S6.Px1","section-title":"Symmetry, Special Values, and Limits to Monomials","sentence-num-in-chapter":"333","section-xmlid":"C18.S6","sentence-num-in-section":"41","subsection-title":"Symmetry and Special Values"}}}{"expression":{"xml-id":"C18.S6.T1.t1.r9.m1","tex":"$P_{n}\\left(x\\right)$","context":{"sentence-num-in-corpus":"10159","subsection-xmlid":"C18.S6.SS1","sentence-xmlid":"C18.S6.T1.t1.s39","chapter-title":"Orthogonal Polynomials","chapter-xmlid":"C18","paragraph-title":"Laguerre","paragraph-xmlid":"C18.S6.Px1","section-title":"Symmetry, Special Values, and Limits to Monomials","sentence-num-in-chapter":"334","section-xmlid":"C18.S6","sentence-num-in-section":"42","subsection-title":"Symmetry and Special Values"},"content-tex":"$\\LegendrepolyP{n}@{x}$"}}{"expression":{"xml-id":"C18.S6.T1.t1.r9.m2","tex":"$(-1)^{n}P_{n}\\left(x\\right)$","context":{"sentence-num-in-corpus":"10160","subsection-xmlid":"C18.S6.SS1","sentence-xmlid":"C18.S6.T1.t1.s40","chapter-title":"Orthogonal Polynomials","chapter-xmlid":"C18","paragraph-title":"Laguerre","paragraph-xmlid":"C18.S6.Px1","section-title":"Symmetry, Special Values, and Limits to Monomials","sentence-num-in-chapter":"335","section-xmlid":"C18.S6","sentence-num-in-section":"43","subsection-title":"Symmetry and Special Values"},"content-tex":"$(-1)^{n}\\LegendrepolyP{n}@{x}$"}}{"expression":{"xml-id":"C18.S6.T1.t1.r9.m3","tex":"$1$","context":{"sentence-num-in-corpus":"10161","subsection-xmlid":"C18.S6.SS1","sentence-xmlid":"C18.S6.T1.t1.s41","chapter-title":"Orthogonal Polynomials","chapter-xmlid":"C18","paragraph-title":"Laguerre","paragraph-xmlid":"C18.S6.Px1","section-title":"Symmetry, Special Values, and Limits to Monomials","sentence-num-in-chapter":"336","section-xmlid":"C18.S6","sentence-num-in-section":"44","subsection-title":"Symmetry and Special Values"}}}{"expression":{"xml-id":"C18.S6.T1.t1.r9.m4","tex":"$\\ifrac{(-1)^{n}{\\left(\\tfrac{1}{2}\\right)_{n}}}{n!}$","context":{"sentence-num-in-corpus":"10162","subsection-xmlid":"C18.S6.SS1","sentence-xmlid":"C18.S6.T1.t1.s42","chapter-title":"Orthogonal Polynomials","chapter-xmlid":"C18","paragraph-title":"Laguerre","paragraph-xmlid":"C18.S6.Px1","section-title":"Symmetry, Special Values, and Limits to Monomials","sentence-num-in-chapter":"337","section-xmlid":"C18.S6","sentence-num-in-section":"45","subsection-title":"Symmetry and Special Values"},"content-tex":"$\\ifrac{(-1)^{n}\\Pochhammersym{\\tfrac{1}{2}}{n}}{n!}$"}}{"expression":{"xml-id":"C18.S6.T1.t1.r9.m5","tex":"$\\ifrac{2(-1)^{n}{\\left(\\tfrac{1}{2}\\right)_{n+1}}}{n!}$","context":{"sentence-num-in-corpus":"10163","subsection-xmlid":"C18.S6.SS1","sentence-xmlid":"C18.S6.T1.t1.s43","chapter-title":"Orthogonal Polynomials","chapter-xmlid":"C18","paragraph-title":"Laguerre","paragraph-xmlid":"C18.S6.Px1","section-title":"Symmetry, Special Values, and Limits to Monomials","sentence-num-in-chapter":"338","section-xmlid":"C18.S6","sentence-num-in-section":"46","subsection-title":"Symmetry and Special Values"},"content-tex":"$\\ifrac{2(-1)^{n}\\Pochhammersym{\\tfrac{1}{2}}{n+1}}{n!}$"}}{"expression":{"xml-id":"C18.S6.T1.t1.r10.m1","tex":"$H_{n}\\left(x\\right)$","context":{"sentence-num-in-corpus":"10164","subsection-xmlid":"C18.S6.SS1","sentence-xmlid":"C18.S6.T1.t1.s44","chapter-title":"Orthogonal Polynomials","chapter-xmlid":"C18","paragraph-title":"Laguerre","paragraph-xmlid":"C18.S6.Px1","section-title":"Symmetry, Special Values, and Limits to Monomials","sentence-num-in-chapter":"339","section-xmlid":"C18.S6","sentence-num-in-section":"47","subsection-title":"Symmetry and Special Values"},"content-tex":"$\\HermitepolyH{n}@{x}$"}}{"expression":{"xml-id":"C18.S6.T1.t1.r10.m2","tex":"$(-1)^{n}H_{n}\\left(x\\right)$","context":{"sentence-num-in-corpus":"10165","subsection-xmlid":"C18.S6.SS1","sentence-xmlid":"C18.S6.T1.t1.s45","chapter-title":"Orthogonal Polynomials","chapter-xmlid":"C18","paragraph-title":"Laguerre","paragraph-xmlid":"C18.S6.Px1","section-title":"Symmetry, Special Values, and Limits to Monomials","sentence-num-in-chapter":"340","section-xmlid":"C18.S6","sentence-num-in-section":"48","subsection-title":"Symmetry and Special Values"},"content-tex":"$(-1)^{n}\\HermitepolyH{n}@{x}$"}}{"expression":{"xml-id":"C18.S6.T1.t1.r10.m3","tex":"$(-1)^{n}{\\left(n+1\\right)_{n}}$","context":{"sentence-num-in-corpus":"10166","subsection-xmlid":"C18.S6.SS1","sentence-xmlid":"C18.S6.T1.t1.s46","chapter-title":"Orthogonal Polynomials","chapter-xmlid":"C18","paragraph-title":"Laguerre","paragraph-xmlid":"C18.S6.Px1","section-title":"Symmetry, Special Values, and Limits to Monomials","sentence-num-in-chapter":"341","section-xmlid":"C18.S6","sentence-num-in-section":"49","subsection-title":"Symmetry and Special Values"},"content-tex":"$(-1)^{n}\\Pochhammersym{n+1}{n}$"}}{"expression":{"xml-id":"C18.S6.T1.t1.r10.m4","tex":"$2(-1)^{n}{\\left(n+1\\right)_{n+1}}$","context":{"sentence-num-in-corpus":"10167","subsection-xmlid":"C18.S6.SS1","sentence-xmlid":"C18.S6.T1.t1.s47","chapter-title":"Orthogonal Polynomials","chapter-xmlid":"C18","paragraph-title":"Laguerre","paragraph-xmlid":"C18.S6.Px1","section-title":"Symmetry, Special Values, and Limits to Monomials","sentence-num-in-chapter":"342","section-xmlid":"C18.S6","sentence-num-in-section":"50","subsection-title":"Symmetry and Special Values"},"content-tex":"$2(-1)^{n}\\Pochhammersym{n+1}{n+1}$"}}{"expression":{"xml-id":"C18.S6.T1.t1.r11.m1","tex":"$\\mathit{He}_{n}\\left(x\\right)$","context":{"sentence-num-in-corpus":"10168","subsection-xmlid":"C18.S6.SS1","sentence-xmlid":"C18.S6.T1.t1.s48","chapter-title":"Orthogonal Polynomials","chapter-xmlid":"C18","paragraph-title":"Laguerre","paragraph-xmlid":"C18.S6.Px1","section-title":"Symmetry, Special Values, and Limits to Monomials","sentence-num-in-chapter":"343","section-xmlid":"C18.S6","sentence-num-in-section":"51","subsection-title":"Symmetry and Special Values"},"content-tex":"$\\dilHermitepolyHe{n}@{x}$"}}{"expression":{"xml-id":"C18.S6.T1.t1.r11.m2","tex":"$(-1)^{n}\\mathit{He}_{n}\\left(x\\right)$","context":{"sentence-num-in-corpus":"10169","subsection-xmlid":"C18.S6.SS1","sentence-xmlid":"C18.S6.T1.t1.s49","chapter-title":"Orthogonal Polynomials","chapter-xmlid":"C18","paragraph-title":"Laguerre","paragraph-xmlid":"C18.S6.Px1","section-title":"Symmetry, Special Values, and Limits to Monomials","sentence-num-in-chapter":"344","section-xmlid":"C18.S6","sentence-num-in-section":"52","subsection-title":"Symmetry and Special Values"},"content-tex":"$(-1)^{n}\\dilHermitepolyHe{n}@{x}$"}}{"expression":{"xml-id":"C18.S6.T1.t1.r11.m3","tex":"$(-\\tfrac{1}{2})^{n}{\\left(n+1\\right)_{n}}$","context":{"sentence-num-in-corpus":"10170","subsection-xmlid":"C18.S6.SS1","sentence-xmlid":"C18.S6.T1.t1.s50","chapter-title":"Orthogonal Polynomials","chapter-xmlid":"C18","paragraph-title":"Laguerre","paragraph-xmlid":"C18.S6.Px1","section-title":"Symmetry, Special Values, and Limits to Monomials","sentence-num-in-chapter":"345","section-xmlid":"C18.S6","sentence-num-in-section":"53","subsection-title":"Symmetry and Special Values"},"content-tex":"$(-\\tfrac{1}{2})^{n}\\Pochhammersym{n+1}{n}$"}}{"expression":{"xml-id":"C18.S6.T1.t1.r11.m4","tex":"$(-\\tfrac{1}{2})^{n}{\\left(n+1\\right)_{n+1}}$","context":{"sentence-num-in-corpus":"10171","subsection-xmlid":"C18.S6.SS1","sentence-xmlid":"C18.S6.T1.t1.s51","chapter-title":"Orthogonal Polynomials","chapter-xmlid":"C18","paragraph-title":"Laguerre","paragraph-xmlid":"C18.S6.Px1","section-title":"Symmetry, Special Values, and Limits to Monomials","sentence-num-in-chapter":"346","section-xmlid":"C18.S6","sentence-num-in-section":"54","subsection-title":"Symmetry and Special Values"},"content-tex":"$(-\\tfrac{1}{2})^{n}\\Pochhammersym{n+1}{n+1}$"}}{"equation":{"symbols-used":[{"symbol":{"tex":"$P^{(\\NVar{\\alpha},\\NVar{\\beta})}_{\\NVar{n}}\\left(\\NVar{x}\\right)$","meaning":"Jacobi polynomial","idref":"C18.S3.T1.t1.r2","content-tex":"$\\JacobipolyP{\\NVar{\\alpha}}{\\NVar{\\beta}}{\\NVar{n}}@{\\NVar{x}}$"}},{"symbol":{"tex":"$n$","meaning":"nonnegative integer","idref":"C18.S1.SS1.p2.t1.r5"}},{"symbol":{"tex":"$x$","meaning":"real variable","idref":"C18.S2.Px1.p2"}}],"xml-id":"C18.S6.E2","tex":"$\\lim_{\\alpha\\to\\infty}\\frac{P^{(\\alpha,\\beta)}_{n}\\left(x\\right)}{P^{(\\alpha, \\beta)}_{n}\\left(1\\right)}=\\left(\\frac{1+x}{2}\\right)^{n},$","context":{"sentence-num-in-corpus":"10172","subsection-xmlid":"C18.S6.SS2","sentence-xmlid":"C18.S6.SS2.p1.s1","chapter-title":"Orthogonal Polynomials","chapter-xmlid":"C18","section-title":"Symmetry, Special Values, and Limits to Monomials","sentence-num-in-chapter":"347","section-xmlid":"C18.S6","sentence-num-in-section":"55","para-num-of-sentences":"1","para-xmlid":"C18.S6.SS2.p1","subsection-title":"Limits to Monomials"},"permalink":"http:\/\/dlmf.nist.gov\/18.6.E2","equation-number":"18.6.2","content-tex":"$\\lim_{\\alpha\\to\\infty}\\frac{\\JacobipolyP{\\alpha}{\\beta}{n}@{x}}{\\JacobipolyP{ \\alpha}{\\beta}{n}@{1}}=\\left(\\frac{1+x}{2}\\right)^{n},$"}}{"equation":{"symbols-used":[{"symbol":{"tex":"$P^{(\\NVar{\\alpha},\\NVar{\\beta})}_{\\NVar{n}}\\left(\\NVar{x}\\right)$","meaning":"Jacobi polynomial","idref":"C18.S3.T1.t1.r2","content-tex":"$\\JacobipolyP{\\NVar{\\alpha}}{\\NVar{\\beta}}{\\NVar{n}}@{\\NVar{x}}$"}},{"symbol":{"tex":"$n$","meaning":"nonnegative integer","idref":"C18.S1.SS1.p2.t1.r5"}},{"symbol":{"tex":"$x$","meaning":"real variable","idref":"C18.S2.Px1.p2"}}],"xml-id":"C18.S6.E3","tex":"$\\lim_{\\beta\\to\\infty}\\frac{P^{(\\alpha,\\beta)}_{n}\\left(x\\right)}{P^{(\\alpha, \\beta)}_{n}\\left(-1\\right)}=\\left(\\frac{1-x}{2}\\right)^{n},$","context":{"sentence-num-in-corpus":"10172","subsection-xmlid":"C18.S6.SS2","sentence-xmlid":"C18.S6.SS2.p1.s1","chapter-title":"Orthogonal Polynomials","chapter-xmlid":"C18","section-title":"Symmetry, Special Values, and Limits to Monomials","sentence-num-in-chapter":"347","section-xmlid":"C18.S6","sentence-num-in-section":"55","para-num-of-sentences":"1","para-xmlid":"C18.S6.SS2.p1","subsection-title":"Limits to Monomials"},"permalink":"http:\/\/dlmf.nist.gov\/18.6.E3","equation-number":"18.6.3","content-tex":"$\\lim_{\\beta\\to\\infty}\\frac{\\JacobipolyP{\\alpha}{\\beta}{n}@{x}}{\\JacobipolyP{ \\alpha}{\\beta}{n}@{-1}}=\\left(\\frac{1-x}{2}\\right)^{n},$"}}{"equation":{"symbols-used":[{"symbol":{"tex":"$C^{(\\NVar{\\lambda})}_{\\NVar{n}}\\left(\\NVar{x}\\right)$","meaning":"ultraspherical (or Gegenbauer) polynomial","idref":"C18.S3.T1.t1.r3","content-tex":"$\\ultrasphpoly{\\NVar{\\lambda}}{\\NVar{n}}@{\\NVar{x}}$"}},{"symbol":{"tex":"$n$","meaning":"nonnegative integer","idref":"C18.S1.SS1.p2.t1.r5"}},{"symbol":{"tex":"$x$","meaning":"real variable","idref":"C18.S2.Px1.p2"}}],"xml-id":"C18.S6.E4","tex":"$\\lim_{\\lambda\\to\\infty}\\frac{C^{(\\lambda)}_{n}\\left(x\\right)}{C^{(\\lambda)}_{n }\\left(1\\right)}=x^{n},$","context":{"sentence-num-in-corpus":"10172","subsection-xmlid":"C18.S6.SS2","sentence-xmlid":"C18.S6.SS2.p1.s1","chapter-title":"Orthogonal Polynomials","chapter-xmlid":"C18","section-title":"Symmetry, Special Values, and Limits to Monomials","sentence-num-in-chapter":"347","section-xmlid":"C18.S6","sentence-num-in-section":"55","para-num-of-sentences":"1","para-xmlid":"C18.S6.SS2.p1","subsection-title":"Limits to Monomials"},"permalink":"http:\/\/dlmf.nist.gov\/18.6.E4","equation-number":"18.6.4","content-tex":"$\\lim_{\\lambda\\to\\infty}\\frac{\\ultrasphpoly{\\lambda}{n}@{x}}{\\ultrasphpoly{ \\lambda}{n}@{1}}=x^{n},$"}}{"equation":{"symbols-used":[{"symbol":{"tex":"$L^{(\\NVar{\\alpha})}_{\\NVar{n}}\\left(\\NVar{x}\\right)$","meaning":"Laguerre (or generalized Laguerre) polynomial","idref":"C18.S3.T1.t1.r12","content-tex":"$\\LaguerrepolyL[\\NVar{\\alpha}]{\\NVar{n}}@{\\NVar{x}}$"}},{"symbol":{"tex":"$n$","meaning":"nonnegative integer","idref":"C18.S1.SS1.p2.t1.r5"}},{"symbol":{"tex":"$x$","meaning":"real variable","idref":"C18.S2.Px1.p2"}}],"xml-id":"C18.S6.E5","tex":"$\\lim_{\\alpha\\to\\infty}\\frac{L^{(\\alpha)}_{n}\\left(\\alpha x\\right)}{L^{(\\alpha) }_{n}\\left(0\\right)}=(1-x)^{n}.$","context":{"sentence-num-in-corpus":"10172","subsection-xmlid":"C18.S6.SS2","sentence-xmlid":"C18.S6.SS2.p1.s1","chapter-title":"Orthogonal Polynomials","chapter-xmlid":"C18","section-title":"Symmetry, Special Values, and Limits to Monomials","sentence-num-in-chapter":"347","section-xmlid":"C18.S6","sentence-num-in-section":"55","para-num-of-sentences":"1","para-xmlid":"C18.S6.SS2.p1","subsection-title":"Limits to Monomials"},"permalink":"http:\/\/dlmf.nist.gov\/18.6.E5","equation-number":"18.6.5","content-tex":"$\\lim_{\\alpha\\to\\infty}\\frac{\\LaguerrepolyL[\\alpha]{n}@{\\alpha x}}{ \\LaguerrepolyL[\\alpha]{n}@{0}}=(1-x)^{n}.$"}}{"expression":{"xml-id":"C18.S27.m2a","tex":"$q$","context":{"chapter-title":"Orthogonal Polynomials","chapter-xmlid":"C18"}}}{"expression":{"xml-id":"C18.S29.m2a","tex":"$q$","context":{"chapter-title":"Orthogonal Polynomials","chapter-xmlid":"C18"}}}