{"expression":{"xml-id":"C18.S8.info.m1","tex":"$\\alpha=\\beta$","context":{"chapter-title":"Orthogonal Polynomials","chapter-xmlid":"C18"}}}{"expression":{"xml-id":"C18.S8.info.m2","tex":"$\\alpha=\\beta=-\\frac{1}{2}$","context":{"chapter-title":"Orthogonal Polynomials","chapter-xmlid":"C18"}}}{"expression":{"xml-id":"C18.S8.info.m3","tex":"$\\alpha=\\beta=\\frac{1}{2}$","context":{"chapter-title":"Orthogonal Polynomials","chapter-xmlid":"C18"}}}{"expression":{"xml-id":"C18.S8.info.m4","tex":"$\\alpha=\\beta=0$","context":{"chapter-title":"Orthogonal Polynomials","chapter-xmlid":"C18"}}}{"expression":{"xml-id":"C18.S3.T1.t1.r4.m2adec","tex":"$T_{\\NVar{n}}\\left(\\NVar{x}\\right)$","context":{"chapter-title":"Orthogonal Polynomials","chapter-xmlid":"C18"},"content-tex":"$\\ChebyshevpolyT{\\NVar{n}}@{\\NVar{x}}$"}}{"expression":{"xml-id":"C18.S3.T1.t1.r5.m2adec","tex":"$U_{\\NVar{n}}\\left(\\NVar{x}\\right)$","context":{"chapter-title":"Orthogonal Polynomials","chapter-xmlid":"C18"},"content-tex":"$\\ChebyshevpolyU{\\NVar{n}}@{\\NVar{x}}$"}}{"expression":{"xml-id":"C18.S3.T1.t1.r13.m2adec","tex":"$H_{\\NVar{n}}\\left(\\NVar{x}\\right)$","context":{"chapter-title":"Orthogonal Polynomials","chapter-xmlid":"C18"},"content-tex":"$\\HermitepolyH{\\NVar{n}}@{\\NVar{x}}$"}}{"expression":{"xml-id":"C18.S3.T1.t1.r14.m2adec","tex":"$\\mathit{He}_{\\NVar{n}}\\left(\\NVar{x}\\right)$","context":{"chapter-title":"Orthogonal Polynomials","chapter-xmlid":"C18"},"content-tex":"$\\dilHermitepolyHe{\\NVar{n}}@{\\NVar{x}}$"}}{"expression":{"xml-id":"C18.S3.T1.t1.r2.m2adec","tex":"$P^{(\\NVar{\\alpha},\\NVar{\\beta})}_{\\NVar{n}}\\left(\\NVar{x}\\right)$","context":{"chapter-title":"Orthogonal Polynomials","chapter-xmlid":"C18"},"content-tex":"$\\JacobipolyP{\\NVar{\\alpha}}{\\NVar{\\beta}}{\\NVar{n}}@{\\NVar{x}}$"}}{"expression":{"xml-id":"C18.S3.T1.t1.r12.m2adec","tex":"$L^{(\\NVar{\\alpha})}_{\\NVar{n}}\\left(\\NVar{x}\\right)$","context":{"chapter-title":"Orthogonal Polynomials","chapter-xmlid":"C18"},"content-tex":"$\\LaguerrepolyL[\\NVar{\\alpha}]{\\NVar{n}}@{\\NVar{x}}$"}}{"expression":{"xml-id":"C18.S3.T1.t1.r10.m2adec","tex":"$P_{\\NVar{n}}\\left(\\NVar{x}\\right)$","context":{"chapter-title":"Orthogonal Polynomials","chapter-xmlid":"C18"},"content-tex":"$\\LegendrepolyP{\\NVar{n}}@{\\NVar{x}}$"}}{"expression":{"xml-id":"C4.S14.E2.m2adec","tex":"$\\cos\\NVar{z}$","context":{"chapter-title":"Orthogonal Polynomials","chapter-xmlid":"C18"},"content-tex":"$\\cos@@{\\NVar{z}}$"}}{"expression":{"xml-id":"C4.S2.E11.m2adec","tex":"$\\mathrm{e}$","context":{"chapter-title":"Orthogonal Polynomials","chapter-xmlid":"C18"},"content-tex":"$\\expe$"}}{"expression":{"xml-id":"C4.S14.E1.m2adec","tex":"$\\sin\\NVar{z}$","context":{"chapter-title":"Orthogonal Polynomials","chapter-xmlid":"C18"},"content-tex":"$\\sin@@{\\NVar{z}}$"}}{"expression":{"xml-id":"C18.S3.T1.t1.r3.m2adec","tex":"$C^{(\\NVar{\\lambda})}_{\\NVar{n}}\\left(\\NVar{x}\\right)$","context":{"chapter-title":"Orthogonal Polynomials","chapter-xmlid":"C18"},"content-tex":"$\\ultrasphpoly{\\NVar{\\lambda}}{\\NVar{n}}@{\\NVar{x}}$"}}{"expression":{"xml-id":"C18.S1.XMD6.m1dec","tex":"$n$","context":{"chapter-title":"Orthogonal Polynomials","chapter-xmlid":"C18"}}}{"expression":{"xml-id":"C18.S2.XMD3.m1dec","tex":"$x$","context":{"chapter-title":"Orthogonal Polynomials","chapter-xmlid":"C18"}}}{"expression":{"xml-id":"C18.S8.T1.m1","tex":"$A(x)f^{\\prime\\prime}(x)+B(x)f^{\\prime}(x)+C(x)f(x)+\\lambda_{n}f(x)=0$","context":{"chapter-title":"Orthogonal Polynomials","chapter-xmlid":"C18"}}}{"expression":{"xml-id":"C18.S8.T1.m2","tex":"$A(x)f^{\\prime\\prime}(x)+B(x)f^{\\prime}(x)+C(x)f(x)+\\lambda_{n}f(x)=0$","context":{"sentence-num-in-corpus":"10192","sentence-xmlid":"C18.S8.T1.s1","chapter-title":"Orthogonal Polynomials","chapter-xmlid":"C18","section-title":"Differential Equations","sentence-num-in-chapter":"367","section-xmlid":"C18.S8","sentence-num-in-section":"2"}}}{"expression":{"xml-id":"C18.S8.T1.t1.r1.m1","tex":"$f(x)$","context":{"sentence-num-in-corpus":"10193","sentence-xmlid":"C18.S8.T1.t1.s1","chapter-title":"Orthogonal Polynomials","chapter-xmlid":"C18","section-title":"Differential Equations","sentence-num-in-chapter":"368","section-xmlid":"C18.S8","sentence-num-in-section":"3"}}}{"expression":{"xml-id":"C18.S8.T1.t1.r1.m2","tex":"$A(x)$","context":{"sentence-num-in-corpus":"10194","sentence-xmlid":"C18.S8.T1.t1.s2","chapter-title":"Orthogonal Polynomials","chapter-xmlid":"C18","section-title":"Differential Equations","sentence-num-in-chapter":"369","section-xmlid":"C18.S8","sentence-num-in-section":"4"}}}{"expression":{"xml-id":"C18.S8.T1.t1.r1.m3","tex":"$B(x)$","context":{"sentence-num-in-corpus":"10195","sentence-xmlid":"C18.S8.T1.t1.s3","chapter-title":"Orthogonal Polynomials","chapter-xmlid":"C18","section-title":"Differential Equations","sentence-num-in-chapter":"370","section-xmlid":"C18.S8","sentence-num-in-section":"5"}}}{"expression":{"xml-id":"C18.S8.T1.t1.r1.m4","tex":"$C(x)$","context":{"sentence-num-in-corpus":"10196","sentence-xmlid":"C18.S8.T1.t1.s4","chapter-title":"Orthogonal Polynomials","chapter-xmlid":"C18","section-title":"Differential Equations","sentence-num-in-chapter":"371","section-xmlid":"C18.S8","sentence-num-in-section":"6"}}}{"expression":{"xml-id":"C18.S8.T1.t1.r1.m5","tex":"$\\lambda_{n}$","context":{"sentence-num-in-corpus":"10197","sentence-xmlid":"C18.S8.T1.t1.s5","chapter-title":"Orthogonal Polynomials","chapter-xmlid":"C18","section-title":"Differential Equations","sentence-num-in-chapter":"372","section-xmlid":"C18.S8","sentence-num-in-section":"7"}}}{"expression":{"xml-id":"C18.S8.T1.t1.r2.m1","tex":"$P^{(\\alpha,\\beta)}_{n}\\left(x\\right)$","context":{"sentence-num-in-corpus":"10198","sentence-xmlid":"C18.S8.T1.t1.s6","chapter-title":"Orthogonal Polynomials","chapter-xmlid":"C18","section-title":"Differential Equations","sentence-num-in-chapter":"373","section-xmlid":"C18.S8","sentence-num-in-section":"8"},"content-tex":"$\\JacobipolyP{\\alpha}{\\beta}{n}@{x}$"}}{"expression":{"xml-id":"C18.S8.T1.t1.r2.m2","tex":"$1-x^{2}$","context":{"sentence-num-in-corpus":"10199","sentence-xmlid":"C18.S8.T1.t1.s7","chapter-title":"Orthogonal Polynomials","chapter-xmlid":"C18","section-title":"Differential Equations","sentence-num-in-chapter":"374","section-xmlid":"C18.S8","sentence-num-in-section":"9"}}}{"expression":{"xml-id":"C18.S8.T1.t1.r2.m3","tex":"$\\beta-\\alpha-(\\alpha+\\beta+2)x$","context":{"sentence-num-in-corpus":"10200","sentence-xmlid":"C18.S8.T1.t1.s8","chapter-title":"Orthogonal Polynomials","chapter-xmlid":"C18","section-title":"Differential Equations","sentence-num-in-chapter":"375","section-xmlid":"C18.S8","sentence-num-in-section":"10"}}}{"expression":{"xml-id":"C18.S8.T1.t1.r2.m4","tex":"$n(n+\\alpha+\\beta+1)$","context":{"sentence-num-in-corpus":"10202","sentence-xmlid":"C18.S8.T1.t1.s10","chapter-title":"Orthogonal Polynomials","chapter-xmlid":"C18","section-title":"Differential Equations","sentence-num-in-chapter":"377","section-xmlid":"C18.S8","sentence-num-in-section":"12"}}}{"expression":{"xml-id":"C18.S8.T1.t1.r3.m1","tex":"$\\begin{gathered}\\displaystyle\\textstyle\\left(\\sin\\frac{1}{2}x\\right)^{\\alpha+ \\frac{1}{2}}\\left(\\cos\\frac{1}{2}x\\right)^{\\beta+\\frac{1}{2}}\\\\ \\displaystyle\\times P^{(\\alpha,\\beta)}_{n}\\left(\\cos x\\right)\\end{gathered}$","context":{"sentence-num-in-corpus":"10203","sentence-xmlid":"C18.S8.T1.t1.s11","chapter-title":"Orthogonal Polynomials","chapter-xmlid":"C18","section-title":"Differential Equations","sentence-num-in-chapter":"378","section-xmlid":"C18.S8","sentence-num-in-section":"13"},"content-tex":"$\\begin{gathered}\\displaystyle\\textstyle\\left(\\sin@@{\\frac{1}{2}x}\\right)^{ \\alpha+\\frac{1}{2}}\\left(\\cos@@{\\frac{1}{2}x}\\right)^{\\beta+\\frac{1}{2}}\\\\ \\displaystyle\\times\\JacobipolyP{\\alpha}{\\beta}{n}@{\\cos@@{x}}\\end{gathered}$"}}{"expression":{"xml-id":"C18.S8.T1.t1.r3.m2","tex":"$1$","context":{"sentence-num-in-corpus":"10204","sentence-xmlid":"C18.S8.T1.t1.s12","chapter-title":"Orthogonal Polynomials","chapter-xmlid":"C18","section-title":"Differential Equations","sentence-num-in-chapter":"379","section-xmlid":"C18.S8","sentence-num-in-section":"14"}}}{"expression":{"xml-id":"C18.S8.T1.t1.r3.m3","tex":"$0$","context":{"sentence-num-in-corpus":"10205","sentence-xmlid":"C18.S8.T1.t1.s13","chapter-title":"Orthogonal Polynomials","chapter-xmlid":"C18","section-title":"Differential Equations","sentence-num-in-chapter":"380","section-xmlid":"C18.S8","sentence-num-in-section":"15"}}}{"expression":{"xml-id":"C18.S8.T1.t1.r3.m4","tex":"$\\dfrac{\\tfrac{1}{4}-\\alpha^{2}}{4{\\sin^{2}}\\frac{1}{2}x}+\\dfrac{\\frac{1}{4}- \\beta^{2}}{4{\\cos^{2}}\\frac{1}{2}x}$","context":{"sentence-num-in-corpus":"10206","sentence-xmlid":"C18.S8.T1.t1.s14","chapter-title":"Orthogonal Polynomials","chapter-xmlid":"C18","section-title":"Differential Equations","sentence-num-in-chapter":"381","section-xmlid":"C18.S8","sentence-num-in-section":"16"},"content-tex":"$\\dfrac{\\tfrac{1}{4}-\\alpha^{2}}{4\\sin^{2}@@{\\frac{1}{2}x}}+\\dfrac{\\frac{1}{4}- \\beta^{2}}{4\\cos^{2}@@{\\frac{1}{2}x}}$"}}{"expression":{"xml-id":"C18.S8.T1.t1.r3.m5","tex":"$\\left(n+\\frac{1}{2}(\\alpha+\\beta+1)\\right)^{2}$","context":{"sentence-num-in-corpus":"10207","sentence-xmlid":"C18.S8.T1.t1.s15","chapter-title":"Orthogonal Polynomials","chapter-xmlid":"C18","section-title":"Differential Equations","sentence-num-in-chapter":"382","section-xmlid":"C18.S8","sentence-num-in-section":"17"}}}{"expression":{"xml-id":"C18.S8.T1.t1.r4.m1","tex":"$(\\sin x)^{\\alpha+\\frac{1}{2}}P^{(\\alpha,\\alpha)}_{n}\\left(\\cos x\\right)$","context":{"sentence-num-in-corpus":"10208","sentence-xmlid":"C18.S8.T1.t1.s16","chapter-title":"Orthogonal Polynomials","chapter-xmlid":"C18","section-title":"Differential Equations","sentence-num-in-chapter":"383","section-xmlid":"C18.S8","sentence-num-in-section":"18"},"content-tex":"$(\\sin@@{x})^{\\alpha+\\frac{1}{2}}\\JacobipolyP{\\alpha}{\\alpha}{n}@{\\cos@@{x}}$"}}{"expression":{"xml-id":"C18.S8.T1.t1.r4.m2","tex":"$1$","context":{"sentence-num-in-corpus":"10209","sentence-xmlid":"C18.S8.T1.t1.s17","chapter-title":"Orthogonal Polynomials","chapter-xmlid":"C18","section-title":"Differential Equations","sentence-num-in-chapter":"384","section-xmlid":"C18.S8","sentence-num-in-section":"19"}}}{"expression":{"xml-id":"C18.S8.T1.t1.r4.m3","tex":"$0$","context":{"sentence-num-in-corpus":"10210","sentence-xmlid":"C18.S8.T1.t1.s18","chapter-title":"Orthogonal Polynomials","chapter-xmlid":"C18","section-title":"Differential Equations","sentence-num-in-chapter":"385","section-xmlid":"C18.S8","sentence-num-in-section":"20"}}}{"expression":{"xml-id":"C18.S8.T1.t1.r4.m4","tex":"$(\\frac{1}{4}-\\alpha^{2})\/{\\sin^{2}}x$","context":{"sentence-num-in-corpus":"10211","sentence-xmlid":"C18.S8.T1.t1.s19","chapter-title":"Orthogonal Polynomials","chapter-xmlid":"C18","section-title":"Differential Equations","sentence-num-in-chapter":"386","section-xmlid":"C18.S8","sentence-num-in-section":"21"},"content-tex":"$(\\frac{1}{4}-\\alpha^{2})\/\\sin^{2}@@{x}$"}}{"expression":{"xml-id":"C18.S8.T1.t1.r4.m5","tex":"$(n+\\alpha+\\frac{1}{2})^{2}$","context":{"sentence-num-in-corpus":"10212","sentence-xmlid":"C18.S8.T1.t1.s20","chapter-title":"Orthogonal Polynomials","chapter-xmlid":"C18","section-title":"Differential Equations","sentence-num-in-chapter":"387","section-xmlid":"C18.S8","sentence-num-in-section":"22"}}}{"expression":{"xml-id":"C18.S8.T1.t1.r5.m1","tex":"$C^{(\\lambda)}_{n}\\left(x\\right)$","context":{"sentence-num-in-corpus":"10213","sentence-xmlid":"C18.S8.T1.t1.s21","chapter-title":"Orthogonal Polynomials","chapter-xmlid":"C18","section-title":"Differential Equations","sentence-num-in-chapter":"388","section-xmlid":"C18.S8","sentence-num-in-section":"23"},"content-tex":"$\\ultrasphpoly{\\lambda}{n}@{x}$"}}{"expression":{"xml-id":"C18.S8.T1.t1.r5.m2","tex":"$1-x^{2}$","context":{"sentence-num-in-corpus":"10214","sentence-xmlid":"C18.S8.T1.t1.s22","chapter-title":"Orthogonal Polynomials","chapter-xmlid":"C18","section-title":"Differential Equations","sentence-num-in-chapter":"389","section-xmlid":"C18.S8","sentence-num-in-section":"24"}}}{"expression":{"xml-id":"C18.S8.T1.t1.r5.m3","tex":"$-(2\\lambda+1)x$","context":{"sentence-num-in-corpus":"10215","sentence-xmlid":"C18.S8.T1.t1.s23","chapter-title":"Orthogonal Polynomials","chapter-xmlid":"C18","section-title":"Differential Equations","sentence-num-in-chapter":"390","section-xmlid":"C18.S8","sentence-num-in-section":"25"}}}{"expression":{"xml-id":"C18.S8.T1.t1.r5.m4","tex":"$0$","context":{"sentence-num-in-corpus":"10216","sentence-xmlid":"C18.S8.T1.t1.s24","chapter-title":"Orthogonal Polynomials","chapter-xmlid":"C18","section-title":"Differential Equations","sentence-num-in-chapter":"391","section-xmlid":"C18.S8","sentence-num-in-section":"26"}}}{"expression":{"xml-id":"C18.S8.T1.t1.r5.m5","tex":"$n(n+2\\lambda)$","context":{"sentence-num-in-corpus":"10217","sentence-xmlid":"C18.S8.T1.t1.s25","chapter-title":"Orthogonal Polynomials","chapter-xmlid":"C18","section-title":"Differential Equations","sentence-num-in-chapter":"392","section-xmlid":"C18.S8","sentence-num-in-section":"27"}}}{"expression":{"xml-id":"C18.S8.T1.t1.r6.m1","tex":"$T_{n}\\left(x\\right)$","context":{"sentence-num-in-corpus":"10218","sentence-xmlid":"C18.S8.T1.t1.s26","chapter-title":"Orthogonal Polynomials","chapter-xmlid":"C18","section-title":"Differential Equations","sentence-num-in-chapter":"393","section-xmlid":"C18.S8","sentence-num-in-section":"28"},"content-tex":"$\\ChebyshevpolyT{n}@{x}$"}}{"expression":{"xml-id":"C18.S8.T1.t1.r6.m2","tex":"$1-x^{2}$","context":{"sentence-num-in-corpus":"10219","sentence-xmlid":"C18.S8.T1.t1.s27","chapter-title":"Orthogonal Polynomials","chapter-xmlid":"C18","section-title":"Differential Equations","sentence-num-in-chapter":"394","section-xmlid":"C18.S8","sentence-num-in-section":"29"}}}{"expression":{"xml-id":"C18.S8.T1.t1.r6.m3","tex":"$-x$","context":{"sentence-num-in-corpus":"10220","sentence-xmlid":"C18.S8.T1.t1.s28","chapter-title":"Orthogonal Polynomials","chapter-xmlid":"C18","section-title":"Differential Equations","sentence-num-in-chapter":"395","section-xmlid":"C18.S8","sentence-num-in-section":"30"}}}{"expression":{"xml-id":"C18.S8.T1.t1.r6.m4","tex":"$0$","context":{"sentence-num-in-corpus":"10221","sentence-xmlid":"C18.S8.T1.t1.s29","chapter-title":"Orthogonal Polynomials","chapter-xmlid":"C18","section-title":"Differential Equations","sentence-num-in-chapter":"396","section-xmlid":"C18.S8","sentence-num-in-section":"31"}}}{"expression":{"xml-id":"C18.S8.T1.t1.r6.m5","tex":"$n^{2}$","context":{"sentence-num-in-corpus":"10222","sentence-xmlid":"C18.S8.T1.t1.s30","chapter-title":"Orthogonal Polynomials","chapter-xmlid":"C18","section-title":"Differential Equations","sentence-num-in-chapter":"397","section-xmlid":"C18.S8","sentence-num-in-section":"32"}}}{"expression":{"xml-id":"C18.S8.T1.t1.r7.m1","tex":"$U_{n}\\left(x\\right)$","context":{"sentence-num-in-corpus":"10223","sentence-xmlid":"C18.S8.T1.t1.s31","chapter-title":"Orthogonal Polynomials","chapter-xmlid":"C18","section-title":"Differential Equations","sentence-num-in-chapter":"398","section-xmlid":"C18.S8","sentence-num-in-section":"33"},"content-tex":"$\\ChebyshevpolyU{n}@{x}$"}}{"expression":{"xml-id":"C18.S8.T1.t1.r7.m2","tex":"$1-x^{2}$","context":{"sentence-num-in-corpus":"10224","sentence-xmlid":"C18.S8.T1.t1.s32","chapter-title":"Orthogonal Polynomials","chapter-xmlid":"C18","section-title":"Differential Equations","sentence-num-in-chapter":"399","section-xmlid":"C18.S8","sentence-num-in-section":"34"}}}{"expression":{"xml-id":"C18.S8.T1.t1.r7.m3","tex":"$-3x$","context":{"sentence-num-in-corpus":"10225","sentence-xmlid":"C18.S8.T1.t1.s33","chapter-title":"Orthogonal Polynomials","chapter-xmlid":"C18","section-title":"Differential Equations","sentence-num-in-chapter":"400","section-xmlid":"C18.S8","sentence-num-in-section":"35"}}}{"expression":{"xml-id":"C18.S8.T1.t1.r7.m4","tex":"$0$","context":{"sentence-num-in-corpus":"10226","sentence-xmlid":"C18.S8.T1.t1.s34","chapter-title":"Orthogonal Polynomials","chapter-xmlid":"C18","section-title":"Differential Equations","sentence-num-in-chapter":"401","section-xmlid":"C18.S8","sentence-num-in-section":"36"}}}{"expression":{"xml-id":"C18.S8.T1.t1.r7.m5","tex":"$n(n+2)$","context":{"sentence-num-in-corpus":"10227","sentence-xmlid":"C18.S8.T1.t1.s35","chapter-title":"Orthogonal Polynomials","chapter-xmlid":"C18","section-title":"Differential Equations","sentence-num-in-chapter":"402","section-xmlid":"C18.S8","sentence-num-in-section":"37"}}}{"expression":{"xml-id":"C18.S8.T1.t1.r8.m1","tex":"$P_{n}\\left(x\\right)$","context":{"sentence-num-in-corpus":"10228","sentence-xmlid":"C18.S8.T1.t1.s36","chapter-title":"Orthogonal Polynomials","chapter-xmlid":"C18","section-title":"Differential Equations","sentence-num-in-chapter":"403","section-xmlid":"C18.S8","sentence-num-in-section":"38"},"content-tex":"$\\LegendrepolyP{n}@{x}$"}}{"expression":{"xml-id":"C18.S8.T1.t1.r8.m2","tex":"$1-x^{2}$","context":{"sentence-num-in-corpus":"10229","sentence-xmlid":"C18.S8.T1.t1.s37","chapter-title":"Orthogonal Polynomials","chapter-xmlid":"C18","section-title":"Differential Equations","sentence-num-in-chapter":"404","section-xmlid":"C18.S8","sentence-num-in-section":"39"}}}{"expression":{"xml-id":"C18.S8.T1.t1.r8.m3","tex":"$-2x$","context":{"sentence-num-in-corpus":"10230","sentence-xmlid":"C18.S8.T1.t1.s38","chapter-title":"Orthogonal Polynomials","chapter-xmlid":"C18","section-title":"Differential Equations","sentence-num-in-chapter":"405","section-xmlid":"C18.S8","sentence-num-in-section":"40"}}}{"expression":{"xml-id":"C18.S8.T1.t1.r8.m4","tex":"$0$","context":{"sentence-num-in-corpus":"10231","sentence-xmlid":"C18.S8.T1.t1.s39","chapter-title":"Orthogonal Polynomials","chapter-xmlid":"C18","section-title":"Differential Equations","sentence-num-in-chapter":"406","section-xmlid":"C18.S8","sentence-num-in-section":"41"}}}{"expression":{"xml-id":"C18.S8.T1.t1.r8.m5","tex":"$n(n+1)$","context":{"sentence-num-in-corpus":"10232","sentence-xmlid":"C18.S8.T1.t1.s40","chapter-title":"Orthogonal Polynomials","chapter-xmlid":"C18","section-title":"Differential Equations","sentence-num-in-chapter":"407","section-xmlid":"C18.S8","sentence-num-in-section":"42"}}}{"expression":{"xml-id":"C18.S8.T1.t1.r9.m1","tex":"$L^{(\\alpha)}_{n}\\left(x\\right)$","context":{"sentence-num-in-corpus":"10233","sentence-xmlid":"C18.S8.T1.t1.s41","chapter-title":"Orthogonal Polynomials","chapter-xmlid":"C18","section-title":"Differential Equations","sentence-num-in-chapter":"408","section-xmlid":"C18.S8","sentence-num-in-section":"43"},"content-tex":"$\\LaguerrepolyL[\\alpha]{n}@{x}$"}}{"expression":{"xml-id":"C18.S8.T1.t1.r9.m2","tex":"$x$","context":{"sentence-num-in-corpus":"10234","sentence-xmlid":"C18.S8.T1.t1.s42","chapter-title":"Orthogonal Polynomials","chapter-xmlid":"C18","section-title":"Differential Equations","sentence-num-in-chapter":"409","section-xmlid":"C18.S8","sentence-num-in-section":"44"}}}{"expression":{"xml-id":"C18.S8.T1.t1.r9.m3","tex":"$\\alpha+1-x$","context":{"sentence-num-in-corpus":"10235","sentence-xmlid":"C18.S8.T1.t1.s43","chapter-title":"Orthogonal Polynomials","chapter-xmlid":"C18","section-title":"Differential Equations","sentence-num-in-chapter":"410","section-xmlid":"C18.S8","sentence-num-in-section":"45"}}}{"expression":{"xml-id":"C18.S8.T1.t1.r9.m4","tex":"$0$","context":{"sentence-num-in-corpus":"10236","sentence-xmlid":"C18.S8.T1.t1.s44","chapter-title":"Orthogonal Polynomials","chapter-xmlid":"C18","section-title":"Differential Equations","sentence-num-in-chapter":"411","section-xmlid":"C18.S8","sentence-num-in-section":"46"}}}{"expression":{"xml-id":"C18.S8.T1.t1.r9.m5","tex":"$n$","context":{"sentence-num-in-corpus":"10237","sentence-xmlid":"C18.S8.T1.t1.s45","chapter-title":"Orthogonal Polynomials","chapter-xmlid":"C18","section-title":"Differential Equations","sentence-num-in-chapter":"412","section-xmlid":"C18.S8","sentence-num-in-section":"47"}}}{"expression":{"xml-id":"C18.S8.T1.t1.r10.m1","tex":"$e^{-\\frac{1}{2}x^{2}}x^{\\alpha+\\frac{1}{2}}L^{(\\alpha)}_{n}\\left(x^{2}\\right)$","context":{"sentence-num-in-corpus":"10238","sentence-xmlid":"C18.S8.T1.t1.s46","chapter-title":"Orthogonal Polynomials","chapter-xmlid":"C18","section-title":"Differential Equations","sentence-num-in-chapter":"413","section-xmlid":"C18.S8","sentence-num-in-section":"48"},"content-tex":"$e^{-\\frac{1}{2}x^{2}}x^{\\alpha+\\frac{1}{2}}\\LaguerrepolyL[\\alpha]{n}@{x^{2}}$"}}{"expression":{"xml-id":"C18.S8.T1.t1.r10.m2","tex":"$1$","context":{"sentence-num-in-corpus":"10239","sentence-xmlid":"C18.S8.T1.t1.s47","chapter-title":"Orthogonal Polynomials","chapter-xmlid":"C18","section-title":"Differential Equations","sentence-num-in-chapter":"414","section-xmlid":"C18.S8","sentence-num-in-section":"49"}}}{"expression":{"xml-id":"C18.S8.T1.t1.r10.m3","tex":"$0$","context":{"sentence-num-in-corpus":"10240","sentence-xmlid":"C18.S8.T1.t1.s48","chapter-title":"Orthogonal Polynomials","chapter-xmlid":"C18","section-title":"Differential Equations","sentence-num-in-chapter":"415","section-xmlid":"C18.S8","sentence-num-in-section":"50"}}}{"expression":{"xml-id":"C18.S8.T1.t1.r10.m4","tex":"$-x^{2}+(\\frac{1}{4}-\\alpha^{2})x^{-2}$","context":{"sentence-num-in-corpus":"10241","sentence-xmlid":"C18.S8.T1.t1.s49","chapter-title":"Orthogonal Polynomials","chapter-xmlid":"C18","section-title":"Differential Equations","sentence-num-in-chapter":"416","section-xmlid":"C18.S8","sentence-num-in-section":"51"}}}{"expression":{"xml-id":"C18.S8.T1.t1.r10.m5","tex":"$4n+2\\alpha+2$","context":{"sentence-num-in-corpus":"10242","sentence-xmlid":"C18.S8.T1.t1.s50","chapter-title":"Orthogonal Polynomials","chapter-xmlid":"C18","section-title":"Differential Equations","sentence-num-in-chapter":"417","section-xmlid":"C18.S8","sentence-num-in-section":"52"}}}{"expression":{"xml-id":"C18.S8.T1.t1.r11.m1","tex":"$H_{n}\\left(x\\right)$","context":{"sentence-num-in-corpus":"10243","sentence-xmlid":"C18.S8.T1.t1.s51","chapter-title":"Orthogonal Polynomials","chapter-xmlid":"C18","section-title":"Differential Equations","sentence-num-in-chapter":"418","section-xmlid":"C18.S8","sentence-num-in-section":"53"},"content-tex":"$\\HermitepolyH{n}@{x}$"}}{"expression":{"xml-id":"C18.S8.T1.t1.r11.m2","tex":"$1$","context":{"sentence-num-in-corpus":"10244","sentence-xmlid":"C18.S8.T1.t1.s52","chapter-title":"Orthogonal Polynomials","chapter-xmlid":"C18","section-title":"Differential Equations","sentence-num-in-chapter":"419","section-xmlid":"C18.S8","sentence-num-in-section":"54"}}}{"expression":{"xml-id":"C18.S8.T1.t1.r11.m3","tex":"$-2x$","context":{"sentence-num-in-corpus":"10245","sentence-xmlid":"C18.S8.T1.t1.s53","chapter-title":"Orthogonal Polynomials","chapter-xmlid":"C18","section-title":"Differential Equations","sentence-num-in-chapter":"420","section-xmlid":"C18.S8","sentence-num-in-section":"55"}}}{"expression":{"xml-id":"C18.S8.T1.t1.r11.m4","tex":"$0$","context":{"sentence-num-in-corpus":"10246","sentence-xmlid":"C18.S8.T1.t1.s54","chapter-title":"Orthogonal Polynomials","chapter-xmlid":"C18","section-title":"Differential Equations","sentence-num-in-chapter":"421","section-xmlid":"C18.S8","sentence-num-in-section":"56"}}}{"expression":{"xml-id":"C18.S8.T1.t1.r11.m5","tex":"$2n$","context":{"sentence-num-in-corpus":"10247","sentence-xmlid":"C18.S8.T1.t1.s55","chapter-title":"Orthogonal Polynomials","chapter-xmlid":"C18","section-title":"Differential Equations","sentence-num-in-chapter":"422","section-xmlid":"C18.S8","sentence-num-in-section":"57"}}}{"expression":{"xml-id":"C18.S8.T1.t1.r12.m1","tex":"$e^{-\\frac{1}{2}x^{2}}H_{n}\\left(x\\right)$","context":{"sentence-num-in-corpus":"10248","sentence-xmlid":"C18.S8.T1.t1.s56","chapter-title":"Orthogonal Polynomials","chapter-xmlid":"C18","section-title":"Differential Equations","sentence-num-in-chapter":"423","section-xmlid":"C18.S8","sentence-num-in-section":"58"},"content-tex":"$e^{-\\frac{1}{2}x^{2}}\\HermitepolyH{n}@{x}$"}}{"expression":{"xml-id":"C18.S8.T1.t1.r12.m2","tex":"$1$","context":{"sentence-num-in-corpus":"10249","sentence-xmlid":"C18.S8.T1.t1.s57","chapter-title":"Orthogonal Polynomials","chapter-xmlid":"C18","section-title":"Differential Equations","sentence-num-in-chapter":"424","section-xmlid":"C18.S8","sentence-num-in-section":"59"}}}{"expression":{"xml-id":"C18.S8.T1.t1.r12.m3","tex":"$0$","context":{"sentence-num-in-corpus":"10250","sentence-xmlid":"C18.S8.T1.t1.s58","chapter-title":"Orthogonal Polynomials","chapter-xmlid":"C18","section-title":"Differential Equations","sentence-num-in-chapter":"425","section-xmlid":"C18.S8","sentence-num-in-section":"60"}}}{"expression":{"xml-id":"C18.S8.T1.t1.r12.m4","tex":"$-x^{2}$","context":{"sentence-num-in-corpus":"10251","sentence-xmlid":"C18.S8.T1.t1.s59","chapter-title":"Orthogonal Polynomials","chapter-xmlid":"C18","section-title":"Differential Equations","sentence-num-in-chapter":"426","section-xmlid":"C18.S8","sentence-num-in-section":"61"}}}{"expression":{"xml-id":"C18.S8.T1.t1.r12.m5","tex":"$2n+1$","context":{"sentence-num-in-corpus":"10252","sentence-xmlid":"C18.S8.T1.t1.s60","chapter-title":"Orthogonal Polynomials","chapter-xmlid":"C18","section-title":"Differential Equations","sentence-num-in-chapter":"427","section-xmlid":"C18.S8","sentence-num-in-section":"62"}}}{"expression":{"xml-id":"C18.S8.T1.t1.r13.m1","tex":"$\\mathit{He}_{n}\\left(x\\right)$","context":{"sentence-num-in-corpus":"10253","sentence-xmlid":"C18.S8.T1.t1.s61","chapter-title":"Orthogonal Polynomials","chapter-xmlid":"C18","section-title":"Differential Equations","sentence-num-in-chapter":"428","section-xmlid":"C18.S8","sentence-num-in-section":"63"},"content-tex":"$\\dilHermitepolyHe{n}@{x}$"}}{"expression":{"xml-id":"C18.S8.T1.t1.r13.m2","tex":"$1$","context":{"sentence-num-in-corpus":"10254","sentence-xmlid":"C18.S8.T1.t1.s62","chapter-title":"Orthogonal Polynomials","chapter-xmlid":"C18","section-title":"Differential Equations","sentence-num-in-chapter":"429","section-xmlid":"C18.S8","sentence-num-in-section":"64"}}}{"expression":{"xml-id":"C18.S8.T1.t1.r13.m3","tex":"$-x$","context":{"sentence-num-in-corpus":"10255","sentence-xmlid":"C18.S8.T1.t1.s63","chapter-title":"Orthogonal Polynomials","chapter-xmlid":"C18","section-title":"Differential Equations","sentence-num-in-chapter":"430","section-xmlid":"C18.S8","sentence-num-in-section":"65"}}}{"expression":{"xml-id":"C18.S8.T1.t1.r13.m4","tex":"$0$","context":{"sentence-num-in-corpus":"10256","sentence-xmlid":"C18.S8.T1.t1.s64","chapter-title":"Orthogonal Polynomials","chapter-xmlid":"C18","section-title":"Differential Equations","sentence-num-in-chapter":"431","section-xmlid":"C18.S8","sentence-num-in-section":"66"}}}{"expression":{"xml-id":"C18.S8.T1.t1.r13.m5","tex":"$n$","context":{"sentence-num-in-corpus":"10257","sentence-xmlid":"C18.S8.T1.t1.s65","chapter-title":"Orthogonal Polynomials","chapter-xmlid":"C18","section-title":"Differential Equations","sentence-num-in-chapter":"432","section-xmlid":"C18.S8","sentence-num-in-section":"67"}}}{"expression":{"xml-id":"C18.S27.m2a","tex":"$q$","context":{"chapter-title":"Orthogonal Polynomials","chapter-xmlid":"C18"}}}{"expression":{"xml-id":"C18.S29.m2a","tex":"$q$","context":{"chapter-title":"Orthogonal Polynomials","chapter-xmlid":"C18"}}}