<?xml version="1.0" encoding="UTF-8"?>
<section xml:id="C13.S17">
<title>Continued Fractions</title>         
 
<para xml:id="C13.S17.p1">

<sentence sentence-num-in-para="1" sentence-num-in-section="1" xml:id="C13.S17.p1.s1">
If <Math mode="inline" xml:id="C13.S17.p1.m1">\kappa,\mu\in\mathbb{C}</Math> such that <Math mode="inline" xml:id="C13.S17.p1.m2">\mu\pm(\kappa-\tfrac{1}{2})\neq-1,-2,-3,\dots</Math> , then <Math equation-number="13.17.1" mode="display" xml:id="C13.S17.E1">\frac{\sqrt{z}M_{\kappa,\mu}\left(z\right)}{M_{\kappa-\frac{1}{2},\mu+\frac{1} {2}}\left(z\right)}=1+\cfrac{u_{1}z}{1+\cfrac{u_{2}z}{1+\cdots}},</Math> where <Math equation-number="13.17.2" mode="display" xml:id="C13.S17.E2">u_{2n+1}=-\frac{\frac{1}{2}+\mu+\kappa+n}{(2\mu+2n+1)(2\mu+2n+2)},u_{2n}=\frac{\frac{1}{2}+\mu-\kappa+n}{(2\mu+2n)(2\mu+2n+1)}</Math>.
</sentence>

<sentence sentence-num-in-para="2" sentence-num-in-section="2" xml:id="C13.S17.p1.s2">
This continued fraction converges to the meromorphic function of <Math mode="inline" xml:id="C13.S17.p1.m3">z</Math> on the left-hand side for all <Math mode="inline" xml:id="C13.S17.p1.m4">z\in\mathbb{C}</Math>.
</sentence>

<sentence sentence-num-in-para="3" sentence-num-in-section="3" xml:id="C13.S17.p1.s3">
For more details on how a continued fraction converges to a meromorphic function seeJones and Thron (1980).
</sentence>

</para>
 
<para xml:id="C13.S17.p2">

<sentence sentence-num-in-para="1" sentence-num-in-section="4" xml:id="C13.S17.p2.s1">
If <Math mode="inline" xml:id="C13.S17.p2.m1">\kappa,\mu\in\mathbb{C}</Math> such that <Math mode="inline" xml:id="C13.S17.p2.m2">\mu+\tfrac{1}{2}\pm(\kappa+1)\neq-1,-2,-3,\dots</Math> , then <Math equation-number="13.17.3" mode="display" xml:id="C13.S17.E3">\frac{W_{\kappa,\mu}\left(z\right)}{\sqrt{z}W_{\kappa-\frac{1}{2},\mu-\frac{1} {2}}\left(z\right)}=1+\cfrac{v_{1}/z}{1+\cfrac{v_{2}/z}{1+\cdots}},</Math> where <Math equation-number="13.17.4" mode="display" xml:id="C13.S17.E4">v_{2n+1}=\tfrac{1}{2}+\mu-\kappa+n,v_{2n}=\tfrac{1}{2}-\mu-\kappa+n</Math>.
</sentence>

<sentence sentence-num-in-para="2" sentence-num-in-section="5" xml:id="C13.S17.p2.s2">
This continued fraction converges to the meromorphic function of <Math mode="inline" xml:id="C13.S17.p2.m3">z</Math> on the left-hand side throughout the sector <Math mode="inline" xml:id="C13.S17.p2.m4">|\operatorname{ph}{z}|&lt;\pi</Math>.
</sentence>

</para>
 
<para xml:id="C13.S17.p3">

<sentence sentence-num-in-para="1" sentence-num-in-section="6" xml:id="C13.S17.p3.s1">
See also Cuyt et al. (2008, pp. 336–337).
</sentence>

</para>
 
</section>
