<?xml version="1.0" encoding="UTF-8"?>
<section xml:id="C13.S15">
<title>Recurrence Relations and Derivatives</title>         
<subsection xml:id="C13.S15.SS1">
<title>Recurrence Relations</title>         
 
<para xml:id="C13.S15.SS1.p1">

<sentence sentence-num-in-para="1" sentence-num-in-section="1" xml:id="C13.S15.SS1.p1.s1">
 <Math equation-number="13.15.1" mode="display" xml:id="C13.S15.E1">(\kappa-\mu-\tfrac{1}{2})M_{\kappa-1,\mu}\left(z\right)+(z-2\kappa)M_{\kappa, \mu}\left(z\right)+(\kappa+\mu+\tfrac{1}{2})M_{\kappa+1,\mu}\left(z\right)=0,</Math> , <Math equation-number="13.15.2" mode="display" xml:id="C13.S15.E2">2\mu(1+2\mu)\sqrt{z}M_{\kappa-\frac{1}{2},\mu-\frac{1}{2}}\left(z\right)-(z+2 \mu)(1+2\mu)M_{\kappa,\mu}\left(z\right)+(\kappa+\mu+\tfrac{1}{2})\sqrt{z}M_{ \kappa+\frac{1}{2},\mu+\frac{1}{2}}\left(z\right)=0,</Math> , <Math equation-number="13.15.3" mode="display" xml:id="C13.S15.E3">(\kappa-\mu-\tfrac{1}{2})M_{\kappa-\frac{1}{2},\mu+\frac{1}{2}}\left(z\right)+ (1+2\mu)\sqrt{z}M_{\kappa,\mu}\left(z\right)-(\kappa+\mu+\tfrac{1}{2})M_{ \kappa+\frac{1}{2},\mu+\frac{1}{2}}\left(z\right)=0,</Math> , <Math equation-number="13.15.4" mode="display" xml:id="C13.S15.E4">2\mu M_{\kappa-\frac{1}{2},\mu-\frac{1}{2}}\left(z\right)-2\mu M_{\kappa+\frac {1}{2},\mu-\frac{1}{2}}\left(z\right)-\sqrt{z}M_{\kappa,\mu}\left(z\right)=0,</Math> , <Math equation-number="13.15.5" mode="display" xml:id="C13.S15.E5">2\mu(1+2\mu)M_{\kappa,\mu}\left(z\right)-2\mu(1+2\mu)\sqrt{z}M_{\kappa-\frac{1 }{2},\mu-\frac{1}{2}}\left(z\right)-(\kappa-\mu-\tfrac{1}{2})\sqrt{z}M_{\kappa -\frac{1}{2},\mu+\frac{1}{2}}\left(z\right)=0,</Math> , <Math equation-number="13.15.6" mode="display" xml:id="C13.S15.E6">2\mu(1+2\mu)\sqrt{z}M_{\kappa+\frac{1}{2},\mu-\frac{1}{2}}\left(z\right)+(z-2 \mu)(1+2\mu)M_{\kappa,\mu}\left(z\right)+(\kappa-\mu-\tfrac{1}{2})\sqrt{z}M_{ \kappa-\frac{1}{2},\mu+\frac{1}{2}}\left(z\right)=0,</Math> , <Math equation-number="13.15.7" mode="display" xml:id="C13.S15.E7">2\mu(1+2\mu)\sqrt{z}M_{\kappa+\frac{1}{2},\mu-\frac{1}{2}}\left(z\right)-2\mu( 1+2\mu)M_{\kappa,\mu}\left(z\right)+(\kappa+\mu+\tfrac{1}{2})\sqrt{z}M_{\kappa +\frac{1}{2},\mu+\frac{1}{2}}\left(z\right)=0</Math>.
</sentence>

<sentence sentence-num-in-para="2" sentence-num-in-section="2" xml:id="C13.S15.SS1.p1.s2">
<Math equation-number="13.15.8" mode="display" xml:id="C13.S15.E8">W_{\kappa+\frac{1}{2},\mu+\frac{1}{2}}\left(z\right)-\sqrt{z}W_{\kappa,\mu} \left(z\right)+(\kappa-\mu-\tfrac{1}{2})W_{\kappa-\frac{1}{2},\mu+\frac{1}{2}} \left(z\right)=0,</Math> , <Math equation-number="13.15.9" mode="display" xml:id="C13.S15.E9">W_{\kappa+\frac{1}{2},\mu-\frac{1}{2}}\left(z\right)-\sqrt{z}W_{\kappa,\mu} \left(z\right)+(\kappa+\mu-\tfrac{1}{2})W_{\kappa-\frac{1}{2},\mu-\frac{1}{2}} \left(z\right)=0,</Math> , <Math equation-number="13.15.10" mode="display" xml:id="C13.S15.E10">2\mu W_{\kappa,\mu}\left(z\right)-\sqrt{z}W_{\kappa+\frac{1}{2},\mu+\frac{1}{2 }}\left(z\right)+\sqrt{z}W_{\kappa+\frac{1}{2},\mu-\frac{1}{2}}\left(z\right)=0,</Math> , <Math equation-number="13.15.11" mode="display" xml:id="C13.S15.E11">W_{\kappa+1,\mu}\left(z\right)+(2\kappa-z)W_{\kappa,\mu}\left(z\right)+(\kappa -\mu-\tfrac{1}{2})(\kappa+\mu-\tfrac{1}{2})W_{\kappa-1,\mu}\left(z\right)=0,</Math> , <Math equation-number="13.15.12" mode="display" xml:id="C13.S15.E12">(\kappa-\mu-\tfrac{1}{2})\sqrt{z}W_{\kappa-\frac{1}{2},\mu+\frac{1}{2}}\left(z \right)+2\mu W_{\kappa,\mu}\left(z\right)-(\kappa+\mu-\tfrac{1}{2})\sqrt{z}W_{ \kappa-\frac{1}{2},\mu-\frac{1}{2}}\left(z\right)=0,</Math> , <Math equation-number="13.15.13" mode="display" xml:id="C13.S15.E13">(\kappa+\mu-\tfrac{1}{2})\sqrt{z}W_{\kappa-\frac{1}{2},\mu-\frac{1}{2}}\left(z \right)-(z+2\mu)W_{\kappa,\mu}\left(z\right)+\sqrt{z}W_{\kappa+\frac{1}{2},\mu +\frac{1}{2}}\left(z\right)=0,</Math> , <Math equation-number="13.15.14" mode="display" xml:id="C13.S15.E14">(\kappa-\mu-\tfrac{1}{2})\sqrt{z}W_{\kappa-\frac{1}{2},\mu+\frac{1}{2}}\left(z \right)-(z-2\mu)W_{\kappa,\mu}\left(z\right)+\sqrt{z}W_{\kappa+\frac{1}{2},\mu -\frac{1}{2}}\left(z\right)=0</Math>.
</sentence>

</para>
 
</subsection>
 
<subsection xml:id="C13.S15.SS2">
<title>Differentiation Formulas</title>         
 
<para xml:id="C13.S15.SS2.p1">

<sentence sentence-num-in-para="1" sentence-num-in-section="3" xml:id="C13.S15.SS2.p1.s1">
 <Math equation-number="13.15.15" mode="display" xml:id="C13.S15.E15">\frac{{\mathrm{d}}^{n}}{{\mathrm{d}z}^{n}}\left(e^{\frac{1}{2}z}z^{\mu-\frac{1 }{2}}M_{\kappa,\mu}\left(z\right)\right)=(-1)^{n}{\left(-2\mu\right)_{n}}e^{ \frac{1}{2}z}z^{\mu-\frac{1}{2}(n+1)}M_{\kappa-\frac{1}{2}n,\mu-\frac{1}{2}n} \left(z\right),</Math> , <Math equation-number="13.15.16" mode="display" xml:id="C13.S15.E16">\frac{{\mathrm{d}}^{n}}{{\mathrm{d}z}^{n}}\left(e^{\frac{1}{2}z}z^{-\mu-\frac{ 1}{2}}M_{\kappa,\mu}\left(z\right)\right)=\frac{{\left(\frac{1}{2}+\mu-\kappa \right)_{n}}}{{\left(1+2\mu\right)_{n}}}e^{\frac{1}{2}z}z^{-\mu-\frac{1}{2}(n+ 1)}M_{\kappa-\frac{1}{2}n,\mu+\frac{1}{2}n}\left(z\right),</Math> , <Math equation-number="13.15.17" mode="display" xml:id="C13.S15.E17">\left(z\frac{\mathrm{d}}{\mathrm{d}z}z\right)^{n}\left(e^{\frac{1}{2}z}z^{- \kappa-1}M_{\kappa,\mu}\left(z\right)\right)={\left(\tfrac{1}{2}+\mu-\kappa \right)_{n}}e^{\frac{1}{2}z}z^{n-\kappa-1}M_{\kappa-n,\mu}\left(z\right),</Math> , <Math equation-number="13.15.18" mode="display" xml:id="C13.S15.E18">\frac{{\mathrm{d}}^{n}}{{\mathrm{d}z}^{n}}\left(e^{-\frac{1}{2}z}z^{\mu-\frac{ 1}{2}}M_{\kappa,\mu}\left(z\right)\right)=(-1)^{n}{\left(-2\mu\right)_{n}}e^{- \frac{1}{2}z}z^{\mu-\frac{1}{2}(n+1)}M_{\kappa+\frac{1}{2}n,\mu-\frac{1}{2}n} \left(z\right),</Math> , <Math equation-number="13.15.19" mode="display" xml:id="C13.S15.E19">\frac{{\mathrm{d}}^{n}}{{\mathrm{d}z}^{n}}\left(e^{-\frac{1}{2}z}z^{-\mu-\frac {1}{2}}M_{\kappa,\mu}\left(z\right)\right)=(-1)^{n}\frac{{\left(\frac{1}{2}+ \mu+\kappa\right)_{n}}}{{\left(1+2\mu\right)_{n}}}e^{-\frac{1}{2}z}z^{-\mu- \frac{1}{2}(n+1)}\*M_{\kappa+\frac{1}{2}n,\mu+\frac{1}{2}n}\left(z\right),</Math> , <Math equation-number="13.15.20" mode="display" xml:id="C13.S15.E20">\left(z\frac{\mathrm{d}}{\mathrm{d}z}z\right)^{n}\left(e^{-\frac{1}{2}z}z^{ \kappa-1}M_{\kappa,\mu}\left(z\right)\right)={\left(\tfrac{1}{2}+\mu+\kappa \right)_{n}}e^{-\frac{1}{2}z}z^{\kappa+n-1}\*M_{\kappa+n,\mu}\left(z\right)</Math>.
</sentence>

<sentence sentence-num-in-para="2" sentence-num-in-section="4" xml:id="C13.S15.SS2.p1.s2">
<Math equation-number="13.15.21" mode="display" xml:id="C13.S15.E21">\frac{{\mathrm{d}}^{n}}{{\mathrm{d}z}^{n}}\left(e^{\frac{1}{2}z}z^{-\mu-\frac{ 1}{2}}W_{\kappa,\mu}\left(z\right)\right)=(-1)^{n}{\left(\tfrac{1}{2}+\mu- \kappa\right)_{n}}e^{\frac{1}{2}z}z^{-\mu-\frac{1}{2}(n+1)}\*W_{\kappa-\frac{1 }{2}n,\mu+\frac{1}{2}n}\left(z\right),</Math> , <Math equation-number="13.15.22" mode="display" xml:id="C13.S15.E22">\frac{{\mathrm{d}}^{n}}{{\mathrm{d}z}^{n}}\left(e^{\frac{1}{2}z}z^{\mu-\frac{1 }{2}}W_{\kappa,\mu}\left(z\right)\right)=(-1)^{n}{\left(\tfrac{1}{2}-\mu- \kappa\right)_{n}}e^{\frac{1}{2}z}z^{\mu-\frac{1}{2}(n+1)}\*W_{\kappa-\frac{1} {2}n,\mu-\frac{1}{2}n}\left(z\right),</Math> , <Math equation-number="13.15.23" mode="display" xml:id="C13.S15.E23">\left(z\frac{\mathrm{d}}{\mathrm{d}z}z\right)^{n}\left(e^{\frac{1}{2}z}z^{- \kappa-1}W_{\kappa,\mu}\left(z\right)\right)={\left(\tfrac{1}{2}+\mu-\kappa \right)_{n}}{\left(\tfrac{1}{2}-\mu-\kappa\right)_{n}}e^{\frac{1}{2}z}z^{n- \kappa-1}W_{\kappa-n,\mu}\left(z\right),</Math> , <Math equation-number="13.15.24" mode="display" xml:id="C13.S15.E24">\frac{{\mathrm{d}}^{n}}{{\mathrm{d}z}^{n}}\left(e^{-\frac{1}{2}z}z^{-\mu-\frac {1}{2}}W_{\kappa,\mu}\left(z\right)\right)=(-1)^{n}e^{-\frac{1}{2}z}z^{-\mu- \frac{1}{2}(n+1)}W_{\kappa+\frac{1}{2}n,\mu+\frac{1}{2}n}\left(z\right),</Math> , <Math equation-number="13.15.25" mode="display" xml:id="C13.S15.E25">\frac{{\mathrm{d}}^{n}}{{\mathrm{d}z}^{n}}\left(e^{-\frac{1}{2}z}z^{\mu-\frac{ 1}{2}}W_{\kappa,\mu}\left(z\right)\right)=(-1)^{n}e^{-\frac{1}{2}z}z^{\mu- \frac{1}{2}(n+1)}W_{\kappa+\frac{1}{2}n,\mu-\frac{1}{2}n}\left(z\right),</Math> , <Math equation-number="13.15.26" mode="display" xml:id="C13.S15.E26">\left(z\frac{\mathrm{d}}{\mathrm{d}z}z\right)^{n}\left(e^{-\frac{1}{2}z}z^{ \kappa-1}W_{\kappa,\mu}\left(z\right)\right)=(-1)^{n}e^{-\frac{1}{2}z}z^{ \kappa+n-1}W_{\kappa+n,\mu}\left(z\right)</Math>.
</sentence>

<sentence sentence-num-in-para="3" sentence-num-in-section="5" xml:id="C13.S15.SS2.p1.s3">
Other versions of several of the identities in this subsection can be constructed by use of (13.3.29).
</sentence>

</para>
 
</subsection>
 
</section>
