<?xml version="1.0" encoding="UTF-8"?>
<section xml:id="C13.S1">
<title>Special Notation</title>         
<para xml:id="C13.S1.p1">

<sentence sentence-num-in-para="1" sentence-num-in-section="1" xml:id="C13.S1.p1.s1">
(For other notation see Notation for the Special Functions.)
</sentence>

<sentence sentence-num-in-para="2" sentence-num-in-section="2" sentence-num-in-table="1" xml:id="C13.S1.p1.t1.s1">
<Math mode="inline" xml:id="C13.S1.p1.t1.r1.m1">m</Math>
</sentence>

<sentence sentence-num-in-para="3" sentence-num-in-section="3" sentence-num-in-table="2" xml:id="C13.S1.p1.t1.s2">
integer.  
</sentence>

<sentence sentence-num-in-para="4" sentence-num-in-section="4" sentence-num-in-table="3" xml:id="C13.S1.p1.t1.s3">
<Math mode="inline" xml:id="C13.S1.p1.t1.r2.m1">n</Math>, <Math mode="inline" xml:id="C13.S1.p1.t1.r2.m2">s</Math>
</sentence>

<sentence sentence-num-in-para="5" sentence-num-in-section="5" sentence-num-in-table="4" xml:id="C13.S1.p1.t1.s4">
nonnegative integers.    
</sentence>

<sentence sentence-num-in-para="6" sentence-num-in-section="6" sentence-num-in-table="5" xml:id="C13.S1.p1.t1.s5">
<Math mode="inline" xml:id="C13.S1.p1.t1.r3.m1">x</Math>, <Math mode="inline" xml:id="C13.S1.p1.t1.r3.m2">y</Math>
</sentence>

<sentence sentence-num-in-para="7" sentence-num-in-section="7" sentence-num-in-table="6" xml:id="C13.S1.p1.t1.s6">
real variables.    
</sentence>

<sentence sentence-num-in-para="8" sentence-num-in-section="8" sentence-num-in-table="7" xml:id="C13.S1.p1.t1.s7">
<Math mode="inline" xml:id="C13.S1.p1.t1.r4.m1">z</Math>
</sentence>

<sentence sentence-num-in-para="9" sentence-num-in-section="9" sentence-num-in-table="8" xml:id="C13.S1.p1.t1.s8">
complex variable.  
</sentence>

<sentence sentence-num-in-para="10" sentence-num-in-section="10" sentence-num-in-table="9" xml:id="C13.S1.p1.t1.s9">
<Math mode="inline" xml:id="C13.S1.p1.t1.r5.m1">\delta</Math>
</sentence>

<sentence sentence-num-in-para="11" sentence-num-in-section="11" sentence-num-in-table="10" xml:id="C13.S1.p1.t1.s10">
arbitrary small positive constant.  
</sentence>

<sentence sentence-num-in-para="12" sentence-num-in-section="12" sentence-num-in-table="11" xml:id="C13.S1.p1.t1.s11">
<Math mode="inline" xml:id="C13.S1.p1.t1.r6.m1">\gamma</Math>
</sentence>

<sentence sentence-num-in-para="13" sentence-num-in-section="13" sentence-num-in-table="12" xml:id="C13.S1.p1.t1.s12">
Euler’s constant (§5.2(ii)).
</sentence>

<sentence sentence-num-in-para="14" sentence-num-in-section="14" sentence-num-in-table="13" xml:id="C13.S1.p1.t1.s13">
<Math mode="inline" xml:id="C13.S1.p1.t1.r7.m1">\Gamma\left(x\right)</Math>
</sentence>

<sentence sentence-num-in-para="15" sentence-num-in-section="15" sentence-num-in-table="14" xml:id="C13.S1.p1.t1.s14">
Gamma function (§5.2(i)).
</sentence>

<sentence sentence-num-in-para="16" sentence-num-in-section="16" sentence-num-in-table="15" xml:id="C13.S1.p1.t1.s15">
<Math mode="inline" xml:id="C13.S1.p1.t1.r8.m1">\psi\left(x\right)</Math>
</sentence>

<sentence sentence-num-in-para="17" sentence-num-in-section="17" sentence-num-in-table="16" xml:id="C13.S1.p1.t1.s16">
<Math mode="inline" xml:id="C13.S1.p1.t1.r8.m2">\ifrac{\Gamma'\left(x\right)}{\Gamma\left(x\right)}</Math>.
</sentence>

</para>

 
<para xml:id="C13.S1.p2">

<sentence sentence-num-in-para="1" sentence-num-in-section="18" xml:id="C13.S1.p2.s1">
The main functions treated in this chapter are the Kummer functions <Math mode="inline" xml:id="C13.S1.p2.m1">M\left(a,b,z\right)</Math> and <Math mode="inline" xml:id="C13.S1.p2.m2">U\left(a,b,z\right)</Math> , Olver’s function <Math mode="inline" xml:id="C13.S1.p2.m3">{\mathbf{M}}\left(a,b,z\right)</Math> , and the Whittaker functions <Math mode="inline" xml:id="C13.S1.p2.m4">M_{\kappa,\mu}\left(z\right)</Math> and <Math mode="inline" xml:id="C13.S1.p2.m5">W_{\kappa,\mu}\left(z\right)</Math>.
</sentence>

</para>
 
<para xml:id="C13.S1.p3">

<sentence sentence-num-in-para="1" sentence-num-in-section="19" xml:id="C13.S1.p3.s1">
Other notations are: <Math mode="inline" xml:id="C13.S1.p3.m1">{{}_{1}F_{1}}\left(a;b;z\right)</Math> (§16.2(i)) and <Math mode="inline" xml:id="C13.S1.p3.m2">\Phi(a;b;z)</Math> (Humbert (1920)) for <Math mode="inline" xml:id="C13.S1.p3.m3">M\left(a,b,z\right)</Math> ; <Math mode="inline" xml:id="C13.S1.p3.m5">\Psi(a;b;z)</Math> (Erdélyi et al. (1953a, §6.5)) for <Math mode="inline" xml:id="C13.S1.p3.m6">U\left(a,b,z\right)</Math> ; <Math mode="inline" xml:id="C13.S1.p3.m8">V(b-a,b,z)</Math> (Olver (1997b, p. 256)) for <Math mode="inline" xml:id="C13.S1.p3.m9">e^{z}U\left(a,b,-z\right)</Math> ; <Math mode="inline" xml:id="C13.S1.p3.m11">\Gamma\left(1+2\mu\right)\mathscr{M}_{\kappa,\mu}</Math> (Buchholz (1969, p. 12)) for <Math mode="inline" xml:id="C13.S1.p3.m12">M_{\kappa,\mu}\left(z\right)</Math>.
</sentence>

</para>
 
<para xml:id="C13.S1.p4">

<sentence sentence-num-in-para="1" sentence-num-in-section="20" xml:id="C13.S1.p4.s1">
For an historical account of notations see Slater (1960, Chapter 1).
</sentence>

</para>
 
</section>
