<?xml version="1.0" encoding="UTF-8"?>
<section xml:id="C13.S12">
<title>Products</title>         
 
<para xml:id="C13.S12.p1">

<sentence sentence-num-in-para="1" sentence-num-in-section="1" xml:id="C13.S12.p1.s1">
 <Math equation-number="13.12.1" mode="display" xml:id="C13.S12.E1">M\left(a,b,z\right)M\left(-a,-b,-z\right)+\frac{a(a-b)z^{2}}{b^{2}(1-b^{2})}M \left(1+a,2+b,z\right)M\left(1-a,2-b,-z\right)=1</Math>.
</sentence>

</para>
 
<para xml:id="C13.S12.p2">

<sentence sentence-num-in-para="1" sentence-num-in-section="2" xml:id="C13.S12.p2.s1">
For generalizations of this quadratic relation see Majima et al. (2000).
</sentence>

</para>
 
<para xml:id="C13.S12.p3">

<sentence sentence-num-in-para="1" sentence-num-in-section="3" xml:id="C13.S12.p3.s1">
For integral representations, integrals, and series containing products of <Math mode="inline" xml:id="C13.S12.p3.m1">M\left(a,b,z\right)</Math> and <Math mode="inline" xml:id="C13.S12.p3.m2">U\left(a,b,z\right)</Math> see Erdélyi et al. (1953a, §6.15.3).
</sentence>

</para>

 
</section>
