<?xml version="1.0" encoding="UTF-8"?>
<section xml:id="C13.S13">
<title>Addition and Multiplication Theorems</title>        
 
<subsection xml:id="C13.S13.SS1">
<title>Addition Theorems for <Math mode="inline" xml:id="C13.S13.SS1.m1">M\left(a,b,z\right)</Math></title>         
  
<para xml:id="C13.S13.SS1.p1">

<sentence sentence-num-in-para="1" sentence-num-in-section="1" xml:id="C13.S13.SS1.p1.s1">
The function <Math mode="inline" xml:id="C13.S13.SS1.p1.m1">M\left(a,b,x+y\right)</Math> has the following expansions: <Math equation-number="13.13.1" mode="display" xml:id="C13.S13.E1">\sum_{n=0}^{\infty}\frac{{\left(a\right)_{n}}y^{n}}{{\left(b\right)_{n}}n!}M \left(a+n,b+n,x\right),</Math> <Math equation-number="13.13.2" mode="display" xml:id="C13.S13.E2">\left(\frac{x+y}{x}\right)^{1-b}\sum_{n=0}^{\infty}\frac{{\left(1-b\right)_{n} }(-\ifrac{y}{x})^{n}}{n!}M\left(a,b-n,x\right), if |y|&lt;|x|,</Math> <Math equation-number="13.13.3" mode="display" xml:id="C13.S13.E3">\left(\frac{x}{x+y}\right)^{a}\sum_{n=0}^{\infty}\frac{{\left(a\right)_{n}}y^{ n}}{n!(x+y)^{n}}M\left(a+n,b,x\right), if \Re(y/x)&gt;-\tfrac{1}{2},</Math> <Math equation-number="13.13.4" mode="display" xml:id="C13.S13.E4">e^{y}\sum_{n=0}^{\infty}\frac{{\left(b-a\right)_{n}}(-y)^{n}}{{\left(b\right)_ {n}}n!}M\left(a,b+n,x\right)</Math> , <Math equation-number="13.13.5" mode="display" xml:id="C13.S13.E5">e^{y}\left(\frac{x}{x+y}\right)^{b-a}\sum_{n=0}^{\infty}\frac{{\left(b-a\right )_{n}}y^{n}}{n!(x+y)^{n}}\*M\left(a-n,b,x\right), if \Re((y+x)/x)&gt;\frac{1}{2},</Math> <Math equation-number="13.13.6" mode="display" xml:id="C13.S13.E6">e^{y}\left(\frac{x+y}{x}\right)^{1-b}\sum_{n=0}^{\infty}\frac{{\left(1-b\right )_{n}}(-y)^{n}}{n!x^{n}}\*M\left(a-n,b-n,x\right), if |y|&lt;|x|</Math>.
</sentence>

</para>
 
</subsection>
 
<subsection xml:id="C13.S13.SS2">
<title>Addition Theorems for <Math mode="inline" xml:id="C13.S13.SS2.m1">U\left(a,b,z\right)</Math></title>         
<para xml:id="C13.S13.SS2.p1">

<sentence sentence-num-in-para="1" sentence-num-in-section="2" xml:id="C13.S13.SS2.p1.s1">
The function <Math mode="inline" xml:id="C13.S13.SS2.p1.m1">U\left(a,b,x+y\right)</Math> has the following expansions: <Math equation-number="13.13.7" mode="display" xml:id="C13.S13.E7">\sum_{n=0}^{\infty}\frac{{\left(a\right)_{n}}(-y)^{n}}{n!}U\left(a+n,b+n,x \right), if |y|&lt;|x|,</Math> <Math equation-number="13.13.8" mode="display" xml:id="C13.S13.E8">\left(\frac{x+y}{x}\right)^{1-b}\*\sum_{n=0}^{\infty}\frac{{\left(1+a-b\right) _{n}}(-\ifrac{y}{x})^{n}}{n!}U\left(a,b-n,x\right), if |y|&lt;|x|,</Math> <Math equation-number="13.13.9" mode="display" xml:id="C13.S13.E9">\left(\frac{x}{x+y}\right)^{a}\sum_{n=0}^{\infty}\frac{{\left(a\right)_{n}}{ \left(1+a-b\right)_{n}}y^{n}}{n!(x+y)^{n}}U\left(a+n,b,x\right), if \Re(y/x)&gt;-\tfrac{1}{2},</Math> <Math equation-number="13.13.10" mode="display" xml:id="C13.S13.E10">e^{y}\sum_{n=0}^{\infty}\frac{(-y)^{n}}{n!}U\left(a,b+n,x\right), if |y|&lt;|x|,</Math> <Math equation-number="13.13.11" mode="display" xml:id="C13.S13.E11">e^{y}\left(\frac{x}{x+y}\right)^{b-a}\sum_{n=0}^{\infty}\frac{(-y)^{n}}{n!(x+y )^{n}}U\left(a-n,b,x\right), if \Re(y/x)&gt;-\tfrac{1}{2},</Math> <Math equation-number="13.13.12" mode="display" xml:id="C13.S13.E12">e^{y}\left(\frac{x+y}{x}\right)^{1-b}\sum_{n=0}^{\infty}\frac{(-y)^{n}}{n!x^{n }}U\left(a-n,b-n,x\right), if |y|&lt;|x|</Math>.
</sentence>

</para>
 
</subsection>
 
<subsection xml:id="C13.S13.SS3">
<title>Multiplication Theorems for <Math mode="inline" xml:id="C13.S13.SS3.m1">M\left(a,b,z\right)</Math> and<Math mode="inline" xml:id="C13.S13.SS3.m2">U\left(a,b,z\right)</Math></title>           
<para xml:id="C13.S13.SS3.p1">

<sentence sentence-num-in-para="1" sentence-num-in-section="3" xml:id="C13.S13.SS3.p1.s1">
To obtain similar expansions for <Math mode="inline" xml:id="C13.S13.SS3.p1.m1">M\left(a,b,xy\right)</Math> and <Math mode="inline" xml:id="C13.S13.SS3.p1.m2">U\left(a,b,xy\right)</Math> , replace <Math mode="inline" xml:id="C13.S13.SS3.p1.m3">y</Math> in the previous two subsections by <Math mode="inline" xml:id="C13.S13.SS3.p1.m4">(y-1)x</Math>.
</sentence>

</para>

 
</subsection>
 
</section>
