<?xml version="1.0" encoding="UTF-8"?>
<section xml:id="C13.S11">
<title>Series</title>         
<para xml:id="C13.S11.p1">

<sentence sentence-num-in-para="1" sentence-num-in-section="1" xml:id="C13.S11.p1.s1">
For <Math mode="inline" xml:id="C13.S11.p1.m1">z\in\mathbb{C}</Math> , <Math equation-number="13.11.1" mode="display" xml:id="C13.S11.E1">M\left(a,b,z\right)=\Gamma\left(a-\tfrac{1}{2}\right)e^{\frac{1}{2}z}\left( \tfrac{1}{4}z\right)^{\frac{1}{2}-a}\*\sum_{s=0}^{\infty}\frac{{\left(2a-1 \right)_{s}}{\left(2a-b\right)_{s}}}{{\left(b\right)_{s}}s!}\*\left(a-\tfrac{1 }{2}+s\right)\*I_{a-\frac{1}{2}+s}\left(\tfrac{1}{2}z\right), if a+\frac{1}{2},b\neq 0,-1,-2,\dots</Math>.
</sentence>

<sentence sentence-num-in-para="2" sentence-num-in-section="2" xml:id="C13.S11.p1.s2">
(13.6.9) is a special case.
</sentence>

</para>
 
<para xml:id="C13.S11.p2">

<sentence sentence-num-in-para="1" sentence-num-in-section="3" xml:id="C13.S11.p2.s1">
For additional expansions combine (13.14.4), (13.14.5), and §13.24.
</sentence>

<sentence sentence-num-in-para="2" sentence-num-in-section="4" xml:id="C13.S11.p2.s2">
For other series expansions see Tricomi (1954, §1.8), Hansen (1975, §§66 and 87),Prudnikov et al. (1990, §6.6), López and Temme (2010a) and López and Pérez Sinusía (2014).
</sentence>

<sentence sentence-num-in-para="3" sentence-num-in-section="5" xml:id="C13.S11.p2.s3">
See also §13.13.
</sentence>

</para>
 
</section>
