<?xml version="1.0" encoding="UTF-8"?>
<section xml:id="C13.S21">
<title>Uniform Asymptotic Approximations for Large <Math mode="inline" xml:id="C13.S21.m1">\kappa</Math></title>          
<subsection xml:id="C13.S21.SS1">
<title>Large <Math mode="inline" xml:id="C13.S21.SS1.m1">\kappa</Math>, Fixed <Math mode="inline" xml:id="C13.S21.SS1.m2">\mu</Math></title>         
<para xml:id="C13.S21.SS1.p1">

<sentence sentence-num-in-para="1" sentence-num-in-section="1" xml:id="C13.S21.SS1.p1.s1">
For the notation see §§10.2(ii), 10.25(ii), and2.8(iv).
</sentence>

</para>
 
<para xml:id="C13.S21.SS1.p2">

<sentence sentence-num-in-para="1" sentence-num-in-section="2" xml:id="C13.S21.SS1.p2.s1">
When <Math mode="inline" xml:id="C13.S21.SS1.p2.m1">\kappa\to\infty</Math> through positive real values with <Math mode="inline" xml:id="C13.S21.SS1.p2.m2">\mu</Math> ( <Math mode="inline" xml:id="C13.S21.SS1.p2.m3">\geq 0</Math> ) fixed <Math equation-number="13.21.1" mode="display" xml:id="C13.S21.E1">M_{\kappa,\mu}\left(x\right)=\sqrt{x}\Gamma\left(2\mu+1\right)\kappa^{-\mu}\* \left(J_{2\mu}\left(2\sqrt{x\kappa}\right)+\mathrm{env}\mskip-2.0mu J_{2\mu} \left(2\sqrt{x\kappa}\right)O\left(\kappa^{-\frac{1}{2}}\right)\right),</Math> <Math equation-number="13.21.2" mode="display" xml:id="C13.S21.E2">W_{\kappa,\mu}\left(x\right)=\sqrt{x}\Gamma\left(\kappa+\tfrac{1}{2}\right)\* \left(\sin\left(\kappa\pi-\mu\pi\right)J_{2\mu}\left(2\sqrt{x\kappa}\right)- \cos\left(\kappa\pi-\mu\pi\right)Y_{2\mu}\left(2\sqrt{x\kappa}\right)+\mathrm{ env}\mskip-2.0mu Y_{2\mu}\left(2\sqrt{x\kappa}\right)O\left(\kappa^{-\frac{1}{ 2}}\right)\right),</Math> <Math equation-number="13.21.3" mode="display" xml:id="C13.S21.E3">W_{-\kappa,\mu}\left(xe^{-\pi\mathrm{i}}\right)=\frac{\pi\sqrt{x}}{\Gamma\left (\kappa+\tfrac{1}{2}\right)}e^{\mu\pi\mathrm{i}}\*\left({H^{(1)}_{2\mu}}\left( 2\sqrt{x\kappa}\right)+\mathrm{env}\mskip-2.0mu Y_{2\mu}\left(2\sqrt{x\kappa} \right)O\left(\kappa^{-\frac{1}{2}}\right)\right),</Math> <Math equation-number="13.21.4" mode="display" xml:id="C13.S21.E4">W_{-\kappa,\mu}\left(xe^{\pi\mathrm{i}}\right)=\frac{\pi\sqrt{x}}{\Gamma\left( \kappa+\tfrac{1}{2}\right)}e^{-\mu\pi\mathrm{i}}\*\left({H^{(2)}_{2\mu}}\left( 2\sqrt{x\kappa}\right)+\mathrm{env}\mskip-2.0mu Y_{2\mu}\left(2\sqrt{x\kappa} \right)O\left(\kappa^{-\frac{1}{2}}\right)\right),</Math> uniformly with respect to <Math mode="inline" xml:id="C13.S21.SS1.p2.m4">x\in(0,A]</Math> in each case, where <Math mode="inline" xml:id="C13.S21.SS1.p2.m5">A</Math> is an arbitrary positive constant.
</sentence>

</para>
 
<para xml:id="C13.S21.SS1.p3">

<sentence sentence-num-in-para="1" sentence-num-in-section="3" xml:id="C13.S21.SS1.p3.s1">
Other types of approximations when <Math mode="inline" xml:id="C13.S21.SS1.p3.m1">\kappa\to\infty</Math> through positive real values with <Math mode="inline" xml:id="C13.S21.SS1.p3.m2">\mu</Math> ( <Math mode="inline" xml:id="C13.S21.SS1.p3.m3">\geq 0</Math> ) fixed are as follows.
</sentence>

<sentence sentence-num-in-para="2" sentence-num-in-section="4" xml:id="C13.S21.SS1.p3.s2">
Define <Math equation-number="13.21.5" mode="display" xml:id="C13.S21.E5">2\sqrt{\zeta}=\sqrt{x+x^{2}}+\ln\left(\sqrt{x}+\sqrt{1+x}\right)</Math>.
</sentence>

<sentence sentence-num-in-para="3" sentence-num-in-section="5" xml:id="C13.S21.SS1.p3.s3">
Then <Math equation-number="13.21.6" mode="display" xml:id="C13.S21.E6">M_{-\kappa,\mu}\left(4\kappa x\right)=\frac{2\Gamma\left(2\mu+1\right)}{\kappa ^{\mu-\frac{1}{2}}}\left(\frac{x\zeta}{1+x}\right)^{\frac{1}{4}}I_{2\mu}\left( 4\kappa\zeta^{\frac{1}{2}}\right){\left(1+O\left(\kappa^{-1}\right)\right)},</Math> <Math equation-number="13.21.7" mode="display" xml:id="C13.S21.E7">W_{-\kappa,\mu}\left(4\kappa x\right)=\frac{\sqrt{8/\pi}e^{\kappa}}{\kappa^{ \kappa-\frac{1}{2}}}\left(\frac{x\zeta}{1+x}\right)^{\frac{1}{4}}K_{2\mu}\left (4\kappa\zeta^{\frac{1}{2}}\right){\left(1+O\left(\kappa^{-1}\right)\right)},</Math> uniformly with respect to <Math mode="inline" xml:id="C13.S21.SS1.p3.m4">x\in(0,\infty)</Math>.
</sentence>

</para>

 
<para xml:id="C13.S21.SS1.p4">

<sentence sentence-num-in-para="1" sentence-num-in-section="6" xml:id="C13.S21.SS1.p4.s1">
For (13.21.6), (13.21.7), and extensions to asymptotic expansions and error bounds, seeOlver (1997b, Chapter 12, Exs.
</sentence>

<sentence sentence-num-in-para="2" sentence-num-in-section="7" xml:id="C13.S21.SS1.p4.s2">
12.4.5, 12.4.6).
</sentence>

<sentence sentence-num-in-para="3" sentence-num-in-section="8" xml:id="C13.S21.SS1.p4.s3">
For extensions to complex values of <Math mode="inline" xml:id="C13.S21.SS1.p4.m1">x</Math> see López (1999).
</sentence>

</para>
 
</subsection>
 
<subsection xml:id="C13.S21.SS2">
<title>Large <Math mode="inline" xml:id="C13.S21.SS2.m1">\kappa</Math>, <Math mode="inline" xml:id="C13.S21.SS2.m2">0\leq\mu\leq(1-\delta)\kappa</Math></title>         
<para xml:id="C13.S21.SS2.p1">

<sentence sentence-num-in-para="1" sentence-num-in-section="9" xml:id="C13.S21.SS2.p1.s1">
Let <Math equation-number="13.21.8" mode="display" xml:id="C13.S21.E8">c(\kappa,\mu)=e^{\mu\pi\mathrm{i}}\sqrt{\tfrac{1}{2}\pi}\left(\frac{\kappa-\mu }{\kappa+\mu}\right)^{\frac{1}{2}\mu}\left(\frac{e^{2}}{\kappa^{2}-\mu^{2}} \right)^{\frac{1}{2}\kappa},</Math> <Math equation-number="13.21.9" mode="display" xml:id="C13.S21.E9">X=\sqrt{|x^{2}-4\kappa x+4\mu^{2}|},</Math> <Math equation-number="13.21.10" mode="display" xml:id="C13.S21.E10">\Psi(\kappa,\mu,x)=\left(\frac{4\mu^{2}-\kappa\zeta}{x^{2}-4\kappa x+4\mu^{2}} \right)^{\frac{1}{4}}\sqrt{x},</Math> with the variable <Math mode="inline" xml:id="C13.S21.SS2.p1.m1">\zeta</Math> defined implicitly by
</sentence>

</para>
  
<para xml:id="C13.S21.SS2.p2">

<sentence sentence-num-in-para="1" sentence-num-in-section="10" xml:id="C13.S21.SS2.p2.s1">
 <Math equation-number="13.21.11" mode="display" xml:id="C13.S21.E11">\sqrt{4\mu^{2}-\kappa\zeta}-\mu\ln\left(\frac{2\mu+\sqrt{4\mu^{2}-\kappa\zeta} }{2\mu-\sqrt{4\mu^{2}-\kappa\zeta}}\right)=\tfrac{1}{2}X+\mu\ln\left(\frac{x \sqrt{\kappa^{2}-\mu^{2}}}{2\mu^{2}-\kappa x+\mu X}\right)+\kappa\ln\left( \frac{2\sqrt{\kappa^{2}-\mu^{2}}}{2\kappa-x-X}\right), if 0&lt;x\leq 2\kappa-2\sqrt{\kappa^{2}-\mu^{2}},</Math> and <Math equation-number="13.21.12" mode="display" xml:id="C13.S21.E12">\sqrt{\kappa\zeta-4\mu^{2}}-2\mu\operatorname{arctan}\left(\frac{\sqrt{\kappa \zeta-4\mu^{2}}}{2\mu}\right)=\tfrac{1}{2}(X-\pi\mu)-\mu\operatorname{arctan} \left(\frac{x\kappa-2\mu^{2}}{\mu X}\right)+\kappa\operatorname{arcsin}\left( \frac{X}{2\sqrt{\kappa^{2}-\mu^{2}}}\right), if 2\kappa-2\sqrt{\kappa^{2}-\mu^{2}}\leq x&lt;2\kappa+2\sqrt{\kappa^{2}-\mu^{2}}</Math>.
</sentence>

<sentence sentence-num-in-para="2" sentence-num-in-section="11" xml:id="C13.S21.SS2.p2.s2">
Then as <Math mode="inline" xml:id="C13.S21.SS2.p2.m1">\kappa\to\infty</Math> <Math equation-number="13.21.13" mode="display" xml:id="C13.S21.E13">M_{\kappa,\mu}\left(x\right)=\Gamma\left(2\mu+1\right)\*\left(\frac{e^{2}}{ \kappa^{2}-\mu^{2}}\right)^{\frac{1}{2}\mu}\*\left(\frac{\kappa-\mu}{\kappa+ \mu}\right)^{\frac{1}{2}\kappa}\*\Psi(\kappa,\mu,x)\*\left(J_{2\mu}\left(\sqrt {\zeta\kappa}\right)+\mathrm{env}\mskip-2.0mu J_{2\mu}\left(\sqrt{\zeta\kappa} \right)O\left(\kappa^{-1}\right)\right),</Math> , <Math equation-number="13.21.14" mode="display" xml:id="C13.S21.E14">W_{\kappa,\mu}\left(x\right)=\frac{e^{-\mu\pi\mathrm{i}}}{\pi}\Gamma\left( \kappa+\mu+\tfrac{1}{2}\right)\*\Gamma\left(\kappa-\mu+\tfrac{1}{2}\right)\*c( \kappa,\mu)\Psi(\kappa,\mu,x)\*\left(\sin\left(\kappa\pi-\mu\pi\right)J_{2\mu} \left(\sqrt{\zeta\kappa}\right)-\cos\left(\kappa\pi-\mu\pi\right)Y_{2\mu}\left (\sqrt{\zeta\kappa}\right)+\mathrm{env}\mskip-2.0mu Y_{2\mu}\left(\sqrt{\zeta \kappa}\right)O\left(\kappa^{-1}\right)\right),</Math>
</sentence>

</para>
 
 
<para xml:id="C13.S21.SS2.p3">

<sentence sentence-num-in-para="1" sentence-num-in-section="12" xml:id="C13.S21.SS2.p3.s1">
 <Math equation-number="13.21.15" mode="display" xml:id="C13.S21.E15">W_{-\kappa,\mu}\left(xe^{-\pi\mathrm{i}}\right)=c(\kappa,\mu)\Psi(\kappa,\mu,x )\left({H^{(1)}_{2\mu}}\left(\sqrt{\zeta\kappa}\right)+\mathrm{env}\mskip-2.0 mu Y_{2\mu}\left(\sqrt{\zeta\kappa}\right)O\left(\kappa^{-1}\right)\right),</Math> <Math equation-number="13.21.16" mode="display" xml:id="C13.S21.E16">W_{-\kappa,\mu}\left(xe^{\pi\mathrm{i}}\right)=e^{-2\mu\pi\mathrm{i}}c(\kappa, \mu)\Psi(\kappa,\mu,x)\left({H^{(2)}_{2\mu}}\left(\sqrt{\zeta\kappa}\right)+ \mathrm{env}\mskip-2.0mu Y_{2\mu}\left(\sqrt{\zeta\kappa}\right)O\left(\kappa^ {-1}\right)\right),</Math> uniformly with respect to <Math mode="inline" xml:id="C13.S21.SS2.p3.m1">\mu\in[0,(1-\delta)\kappa]</Math> and <Math mode="inline" xml:id="C13.S21.SS2.p3.m2">x\in\left(0,(1-\delta)(2\kappa+2\sqrt{\kappa^{2}-\mu^{2}})\right]</Math> , where <Math mode="inline" xml:id="C13.S21.SS2.p3.m3">\delta</Math> again denotes an arbitrary small positive constant.
</sentence>

<sentence sentence-num-in-para="2" sentence-num-in-section="13" xml:id="C13.S21.SS2.p3.s2">
For the functions <Math mode="inline" xml:id="C13.S21.SS2.p3.m4">J_{2\mu}</Math> , <Math mode="inline" xml:id="C13.S21.SS2.p3.m5">Y_{2\mu}</Math> , <Math mode="inline" xml:id="C13.S21.SS2.p3.m6">{H^{(1)}_{2\mu}}</Math> , and <Math mode="inline" xml:id="C13.S21.SS2.p3.m7">{H^{(2)}_{2\mu}}</Math> see §10.2(ii), and for the <Math mode="inline" xml:id="C13.S21.SS2.p3.m8">\mathrm{env}</Math> functions associated with <Math mode="inline" xml:id="C13.S21.SS2.p3.m9">J_{2\mu}</Math> and <Math mode="inline" xml:id="C13.S21.SS2.p3.m10">Y_{2\mu}</Math> see §2.8(iv).
</sentence>

</para>
 
<para xml:id="C13.S21.SS2.p4">

<sentence sentence-num-in-para="1" sentence-num-in-section="14" xml:id="C13.S21.SS2.p4.s1">
These approximations are proved in Dunster (1989).
</sentence>

<sentence sentence-num-in-para="2" sentence-num-in-section="15" xml:id="C13.S21.SS2.p4.s2">
This reference also includes error bounds and extensions to asymptotic expansions and complex values of <Math mode="inline" xml:id="C13.S21.SS2.p4.m1">x</Math>.
</sentence>

</para>
 
</subsection>
 
<subsection xml:id="C13.S21.SS3">
<title>Large <Math mode="inline" xml:id="C13.S21.SS3.m1">\kappa</Math>, <Math mode="inline" xml:id="C13.S21.SS3.m2">0\leq\mu\leq(1-\delta)\kappa</Math> (Continued)</title>         
<para xml:id="C13.S21.SS3.p1">

<sentence sentence-num-in-para="1" sentence-num-in-section="16" xml:id="C13.S21.SS3.p1.s1">
Let <Math equation-number="13.21.17" mode="display" xml:id="C13.S21.E17">\widehat{c}(\kappa,\mu)=\sqrt{2\pi}\kappa^{\frac{1}{6}}\left(\frac{\kappa-\mu} {\kappa+\mu}\right)^{\frac{1}{2}\mu}\left(\frac{e^{2}}{\kappa^{2}-\mu^{2}} \right)^{\frac{1}{2}\kappa},</Math> <Math equation-number="13.21.18" mode="display" xml:id="C13.S21.E18">X=\sqrt{|x^{2}-4\kappa x+4\mu^{2}|},</Math> <Math equation-number="13.21.19" mode="display" xml:id="C13.S21.E19">\widehat{\Psi}(\kappa,\mu,x)=\left(\frac{\widehat{\zeta}}{x^{2}-4\kappa x+4\mu ^{2}}\right)^{\frac{1}{4}}\sqrt{2x},</Math> and define the variable <Math mode="inline" xml:id="C13.S21.SS3.p1.m1">\widehat{\zeta}</Math> implicitly by
</sentence>

</para>
  
<para xml:id="C13.S21.SS3.p2">

<sentence sentence-num-in-para="1" sentence-num-in-section="17" xml:id="C13.S21.SS3.p2.s1">
 <Math equation-number="13.21.20" mode="display" xml:id="C13.S21.E20">\widehat{\zeta}=-\left(\frac{3}{2\kappa}\left(-\frac{1}{2}X+2\mu\operatorname{ arctan}\left(\frac{x\kappa-x\sqrt{\kappa^{2}-\mu^{2}}-2\mu^{2}}{\mu X}\right)+ \kappa\operatorname{arccos}\left(\frac{x-2\kappa}{2\sqrt{\kappa^{2}-\mu^{2}}} \right)\right)\right)^{2/3}, if 2\kappa-2\sqrt{\kappa^{2}-\mu^{2}}&lt;x\leq 2\kappa+2\sqrt{\kappa^{2}-\mu^{2}},</Math> and <Math equation-number="13.21.21" mode="display" xml:id="C13.S21.E21">\widehat{\zeta}=\left(\frac{3}{2\kappa}\left(\frac{1}{2}X+\mu\ln\left(\frac{x \sqrt{\kappa^{2}-\mu^{2}}}{\kappa x-2\mu^{2}-\mu X}\right)+\kappa\ln\left( \frac{2\sqrt{\kappa^{2}-\mu^{2}}}{x-2\kappa+X}\right)\right)\right)^{2/3}, if x\geq 2\kappa+2\sqrt{\kappa^{2}-\mu^{2}}</Math>.
</sentence>

<sentence sentence-num-in-para="2" sentence-num-in-section="18" xml:id="C13.S21.SS3.p2.s2">
Then as <Math mode="inline" xml:id="C13.S21.SS3.p2.m1">\kappa\to\infty</Math> <Math equation-number="13.21.22" mode="display" xml:id="C13.S21.E22">M_{\kappa,\mu}\left(x\right)=\frac{1}{2\pi}\*\Gamma\left(2\mu+1\right)\*\Gamma \left(\kappa-\mu+\tfrac{1}{2}\right)\*\widehat{c}(\kappa,\mu)\*\widehat{\Psi}( \kappa,\mu,x)\*\left(\sin\left(\kappa\pi-\mu\pi\right)\mathrm{Ai}\left(\kappa^ {\frac{2}{3}}\widehat{\zeta}\right)+\cos\left(\kappa\pi-\mu\pi\right)\mathrm{ Bi}\left(\kappa^{\frac{2}{3}}\widehat{\zeta}\right)+\mathrm{envBi}\left(\kappa ^{\frac{2}{3}}\widehat{\zeta}\right)O\left(\kappa^{-1}\right)\right),</Math> <Math equation-number="13.21.23" mode="display" xml:id="C13.S21.E23">W_{\kappa,\mu}\left(x\right)=\sqrt{2\pi}\kappa^{\frac{1}{6}}\*\left(\frac{ \kappa+\mu}{\kappa-\mu}\right)^{\frac{1}{2}\mu}\*\left(\frac{\kappa^{2}-\mu^{2 }}{e^{2}}\right)^{\frac{1}{2}\kappa}\*\widehat{\Psi}(\kappa,\mu,x)\*\left( \mathrm{Ai}\left(\kappa^{\frac{2}{3}}\widehat{\zeta}\right)+\mathrm{envAi} \left(\kappa^{\frac{2}{3}}\widehat{\zeta}\right)O\left(\kappa^{-1}\right) \right),</Math> <Math equation-number="13.21.24" mode="display" xml:id="C13.S21.E24">W_{-\kappa,\mu}\left(xe^{-\pi\mathrm{i}}\right)=e^{(\kappa-\frac{1}{6})\pi \mathrm{i}}\widehat{c}(\kappa,\mu)\widehat{\Psi}(\kappa,\mu,x)\left(\mathrm{Ai }\left(\kappa^{\frac{2}{3}}\widehat{\zeta}e^{-\frac{2}{3}\pi\mathrm{i}}\right) +\mathrm{envBi}\left(\kappa^{\frac{2}{3}}\widehat{\zeta}\right)O\left(\kappa^{ -1}\right)\right),</Math> <Math equation-number="13.21.25" mode="display" xml:id="C13.S21.E25">W_{-\kappa,\mu}\left(xe^{\pi\mathrm{i}}\right)=e^{-(\kappa-\frac{1}{6})\pi \mathrm{i}}\widehat{c}(\kappa,\mu)\widehat{\Psi}(\kappa,\mu,x)\left(\mathrm{Ai }\left(\kappa^{\frac{2}{3}}\widehat{\zeta}e^{\frac{2}{3}\pi\mathrm{i}}\right)+ \mathrm{envBi}\left(\kappa^{\frac{2}{3}}\widehat{\zeta}\right)O\left(\kappa^{- 1}\right)\right),</Math>
</sentence>

</para>
  
<para xml:id="C13.S21.SS3.p3">

<sentence sentence-num-in-para="1" sentence-num-in-section="19" xml:id="C13.S21.SS3.p3.s1">
uniformly with respect to <Math mode="inline" xml:id="C13.S21.SS3.p3.m1">\mu\in[0,(1-\delta)\kappa]</Math> and <Math mode="inline" xml:id="C13.S21.SS3.p3.m2">x\in\left[(1+\delta)(2\kappa-2\sqrt{\kappa^{2}-\mu^{2}}),\infty\right)</Math>.
</sentence>

<sentence sentence-num-in-para="2" sentence-num-in-section="20" xml:id="C13.S21.SS3.p3.s2">
For the functions <Math mode="inline" xml:id="C13.S21.SS3.p3.m3">\mathrm{Ai}</Math> and <Math mode="inline" xml:id="C13.S21.SS3.p3.m4">\mathrm{Bi}</Math> see §9.2(i), and for the <Math mode="inline" xml:id="C13.S21.SS3.p3.m5">\mathrm{env}</Math> functions associated with <Math mode="inline" xml:id="C13.S21.SS3.p3.m6">\mathrm{Ai}</Math> and <Math mode="inline" xml:id="C13.S21.SS3.p3.m7">\mathrm{Bi}</Math> see §2.8(iii).
</sentence>

</para>
 
<para xml:id="C13.S21.SS3.p4">

<sentence sentence-num-in-para="1" sentence-num-in-section="21" xml:id="C13.S21.SS3.p4.s1">
These approximations are proved in Dunster (1989).
</sentence>

<sentence sentence-num-in-para="2" sentence-num-in-section="22" xml:id="C13.S21.SS3.p4.s2">
This reference also includes error bounds and extensions to asymptotic expansions and complex values of <Math mode="inline" xml:id="C13.S21.SS3.p4.m1">x</Math>.
</sentence>

</para>

 
</subsection>
 
<subsection xml:id="C13.S21.SS4">
<title>Large <Math mode="inline" xml:id="C13.S21.SS4.m1">\kappa</Math>, Other Expansions</title>         
<para xml:id="C13.S21.SS4.p1">

<sentence sentence-num-in-para="1" sentence-num-in-section="23" xml:id="C13.S21.SS4.p1.s1">
For a uniform asymptotic expansion in terms of Airy functions for <Math mode="inline" xml:id="C13.S21.SS4.p1.m1">W_{\kappa,\mu}\left(4\kappa x\right)</Math> when <Math mode="inline" xml:id="C13.S21.SS4.p1.m2">\kappa</Math> is large and positive, <Math mode="inline" xml:id="C13.S21.SS4.p1.m3">\mu</Math> is real with <Math mode="inline" xml:id="C13.S21.SS4.p1.m4">|\mu|</Math> bounded, and <Math mode="inline" xml:id="C13.S21.SS4.p1.m5">x\in[\delta,\infty)</Math> seeOlver (1997b, Chapter 11, Ex. 7.3).
</sentence>

<sentence sentence-num-in-para="2" sentence-num-in-section="24" xml:id="C13.S21.SS4.p1.s2">
This expansion is simpler in form than the expansions of Dunster (1989) that correspond to the approximations given in §13.21(iii), but the conditions on <Math mode="inline" xml:id="C13.S21.SS4.p1.m6">\mu</Math> are more restrictive.
</sentence>

</para>

 
<para xml:id="C13.S21.SS4.p2">

<sentence sentence-num-in-para="1" sentence-num-in-section="25" xml:id="C13.S21.SS4.p2.s1">
For asymptotic expansions having double asymptotic properties seeSkovgaard (1966).
</sentence>

</para>
 
<para xml:id="C13.S21.SS4.p3">

<sentence sentence-num-in-para="1" sentence-num-in-section="26" xml:id="C13.S21.SS4.p3.s1">
See also §13.20(v).
</sentence>

</para>

 
</subsection>
 
</section>
