<?xml version="1.0" encoding="UTF-8"?>
<section xml:id="C13.S23">
<title>Integrals</title>        
 
<subsection xml:id="C13.S23.SS1">
<title>Laplace and Mellin Transforms</title>          
 
<para xml:id="C13.S23.SS1.p1">

<sentence sentence-num-in-para="1" sentence-num-in-section="1" xml:id="C13.S23.SS1.p1.s1">
For the notation see §§15.1, 15.2(i), and10.25(ii).
</sentence>

<sentence sentence-num-in-para="2" sentence-num-in-section="2" xml:id="C13.S23.SS1.p1.s2">
<Math equation-number="13.23.1" mode="display" xml:id="C13.S23.E1">\int_{0}^{\infty}e^{-zt}t^{\nu-1}M_{\kappa,\mu}\left(t\right)\mathrm{d}t=\frac {\Gamma\left(\mu+\nu+\tfrac{1}{2}\right)}{\left(z+\frac{1}{2}\right)^{\mu+\nu+ \frac{1}{2}}}\*{{}_{2}F_{1}}\left({\tfrac{1}{2}+\mu-\kappa,\tfrac{1}{2}+\mu+ \nu\atop 1+2\mu};\frac{1}{z+\frac{1}{2}}\right), if \Re(\mu+\nu+\tfrac{1}{2})&gt;0, \Re z&gt;\tfrac{1}{2}</Math>.
</sentence>

<sentence sentence-num-in-para="3" sentence-num-in-section="3" xml:id="C13.S23.SS1.p1.s3">
<Math equation-number="13.23.2" mode="display" xml:id="C13.S23.E2">\int_{0}^{\infty}e^{-zt}t^{\mu-\frac{1}{2}}M_{\kappa,\mu}\left(t\right)\mathrm {d}t=\Gamma\left(2\mu+1\right)\left(z+\tfrac{1}{2}\right)^{-\kappa-\mu-\frac{1 }{2}}\*\left(z-\tfrac{1}{2}\right)^{\kappa-\mu-\frac{1}{2}}, if \Re\mu&gt;-\tfrac{1}{2}, \Re z&gt;\tfrac{1}{2},</Math> <Math equation-number="13.23.3" mode="display" xml:id="C13.S23.E3">\frac{1}{\Gamma\left(1+2\mu\right)}\int_{0}^{\infty}e^{-\frac{1}{2}t}t^{\nu-1} M_{\kappa,\mu}\left(t\right)\mathrm{d}t=\frac{\Gamma\left(\mu+\nu+\frac{1}{2} \right)\Gamma\left(\kappa-\nu\right)}{\Gamma\left(\frac{1}{2}+\mu+\kappa\right )\Gamma\left(\frac{1}{2}+\mu-\nu\right)}, if -\tfrac{1}{2}-\Re\mu&lt;\Re\nu&lt;\Re\kappa</Math>.
</sentence>

<sentence sentence-num-in-para="4" sentence-num-in-section="4" xml:id="C13.S23.SS1.p1.s4">
<Math equation-number="13.23.4" mode="display" xml:id="C13.S23.E4">\int_{0}^{\infty}e^{-zt}t^{\nu-1}W_{\kappa,\mu}\left(t\right)\mathrm{d}t= \Gamma\left(\tfrac{1}{2}+\mu+\nu\right)\Gamma\left(\tfrac{1}{2}-\mu+\nu\right) \*{{}_{2}{\mathbf{F}}_{1}}\left({\tfrac{1}{2}-\mu+\nu,\tfrac{1}{2}+\mu+\nu \atop\nu-\kappa+1};\tfrac{1}{2}-z\right), if \Re(\nu+\tfrac{1}{2})&gt;|\Re\mu|, \Re z&gt;-\tfrac{1}{2},</Math> <Math equation-number="13.23.5" mode="display" xml:id="C13.S23.E5">\int_{0}^{\infty}e^{\frac{1}{2}t}t^{\nu-1}W_{\kappa,\mu}\left(t\right)\mathrm{ d}t=\frac{\Gamma\left(\frac{1}{2}+\mu+\nu\right)\Gamma\left(\frac{1}{2}-\mu+ \nu\right)\Gamma\left(-\kappa-\nu\right)}{\Gamma\left(\frac{1}{2}+\mu-\kappa \right)\Gamma\left(\frac{1}{2}-\mu-\kappa\right)}, if |\Re\mu|-\tfrac{1}{2}&lt;\Re\nu&lt;-\Re\kappa</Math>.
</sentence>

<sentence sentence-num-in-para="5" sentence-num-in-section="5" xml:id="C13.S23.SS1.p1.s5">
<Math equation-number="13.23.6" mode="display" xml:id="C13.S23.E6">\frac{1}{\Gamma\left(1+2\mu\right)2\pi\mathrm{i}}\int_{-\infty}^{(0+)}e^{zt+ \frac{1}{2}t^{-1}}t^{\kappa}M_{\kappa,\mu}\left(t^{-1}\right)\mathrm{d}t=\frac {z^{-\kappa-\frac{1}{2}}}{\Gamma\left(\frac{1}{2}+\mu-\kappa\right)}I_{2\mu} \left(2\sqrt{z}\right), if \Re z&gt;0</Math>.
</sentence>

<sentence sentence-num-in-para="6" sentence-num-in-section="6" xml:id="C13.S23.SS1.p1.s6">
<Math equation-number="13.23.7" mode="display" xml:id="C13.S23.E7">\frac{1}{2\pi\mathrm{i}}\int_{-\infty}^{(0+)}e^{zt+\frac{1}{2}t^{-1}}t^{\kappa }W_{\kappa,\mu}\left(t^{-1}\right)\mathrm{d}t=\frac{2z^{-\kappa-\frac{1}{2}}}{ \Gamma\left(\frac{1}{2}+\mu-\kappa\right)\Gamma\left(\frac{1}{2}-\mu-\kappa \right)}K_{2\mu}\left(2\sqrt{z}\right), if \Re z&gt;0</Math>.
</sentence>

</para>
 
<para xml:id="C13.S23.SS1.p2">

<sentence sentence-num-in-para="1" sentence-num-in-section="7" xml:id="C13.S23.SS1.p2.s1">
For additional Laplace and Mellin transforms seeErdélyi et al. (1954a, §§4.22,5.20, 6.9, 7.5),Marichev (1983, pp. 283–287),Oberhettinger and Badii (1973, §1.17),Oberhettinger (1974, §§1.13, 2.8), andPrudnikov et al. (1992a, §§3.34, 3.35).
</sentence>

<sentence sentence-num-in-para="2" sentence-num-in-section="8" xml:id="C13.S23.SS1.p2.s2">
Inverse Laplace transforms are given inOberhettinger and Badii (1973, §2.16) andPrudnikov et al. (1992b, §§3.33, 3.34).
</sentence>

</para>
 
</subsection>
 
<subsection xml:id="C13.S23.SS2">
<title>Fourier Transforms</title>         
 
<para xml:id="C13.S23.SS2.p1">

<sentence sentence-num-in-para="1" sentence-num-in-section="9" xml:id="C13.S23.SS2.p1.s1">
 <Math equation-number="13.23.8" mode="display" xml:id="C13.S23.E8">\frac{1}{\Gamma\left(1+2\mu\right)}\int_{0}^{\infty}\cos\left(2xt\right)e^{- \frac{1}{2}t^{2}}t^{-2\mu-1}M_{\kappa,\mu}\left(t^{2}\right)\mathrm{d}t=\frac{ \sqrt{\pi}e^{-\frac{1}{2}x^{2}}x^{\mu+\kappa-1}}{2\Gamma\left(\frac{1}{2}+\mu+ \kappa\right)}W_{\frac{1}{2}\kappa-\frac{3}{2}\mu,\frac{1}{2}\kappa+\frac{1}{2 }\mu}\left(x^{2}\right), if \Re(\kappa+\mu)&gt;-\tfrac{1}{2}</Math>.
</sentence>

</para>
 
<para xml:id="C13.S23.SS2.p2">

<sentence sentence-num-in-para="1" sentence-num-in-section="10" xml:id="C13.S23.SS2.p2.s1">
For additional Fourier transforms see Erdélyi et al. (1954a, §§1.14, 2.14, 3.3) and Oberhettinger (1990, §§1.22,2.22).
</sentence>

</para>
 
</subsection>
 
<subsection xml:id="C13.S23.SS3">
<title>Hankel Transforms</title>         
 
<para xml:id="C13.S23.SS3.p1">

<sentence sentence-num-in-para="1" sentence-num-in-section="11" xml:id="C13.S23.SS3.p1.s1">
For the notation see §10.2(ii).
</sentence>

<sentence sentence-num-in-para="2" sentence-num-in-section="12" xml:id="C13.S23.SS3.p1.s2">
<Math equation-number="13.23.9" mode="display" xml:id="C13.S23.E9">\int_{0}^{\infty}e^{-\frac{1}{2}t}t^{\mu-\frac{1}{2}(\nu+1)}M_{\kappa,\mu} \left(t\right)J_{\nu}\left(2\sqrt{xt}\right)\mathrm{d}t=\frac{\Gamma\left(1+2 \mu\right)}{\Gamma\left(\frac{1}{2}-\mu+\kappa+\nu\right)}\*e^{-\frac{1}{2}x}x ^{\frac{1}{2}(\kappa-\mu-\frac{3}{2})}\*M_{\frac{1}{2}(\kappa+3\mu-\nu+\frac{1 }{2}),\frac{1}{2}(\kappa-\mu+\nu-\frac{1}{2})}\left(x\right), if x&gt;0, -\tfrac{1}{2}&lt;\Re\mu&lt;\Re(\kappa+\tfrac{1}{2}\nu)+\tfrac{3}{4},</Math> <Math equation-number="13.23.10" mode="display" xml:id="C13.S23.E10">\frac{1}{\Gamma\left(1+2\mu\right)}\int_{0}^{\infty}e^{-\frac{1}{2}t}t^{\frac{ 1}{2}(\nu-1)-\mu}M_{\kappa,\mu}\left(t\right)J_{\nu}\left(2\sqrt{xt}\right) \mathrm{d}t=\frac{e^{-\frac{1}{2}x}x^{\frac{1}{2}(\kappa+\mu-\frac{3}{2})}}{ \Gamma\left(\frac{1}{2}+\mu+\kappa\right)}\*W_{\frac{1}{2}(\kappa-3\mu+\nu+ \frac{1}{2}),\frac{1}{2}(\kappa+\mu-\nu-\frac{1}{2})}\left(x\right), if x&gt;0, -1&lt;\Re\nu&lt;2\Re(\mu+\kappa)+\tfrac{1}{2}</Math>.
</sentence>

<sentence sentence-num-in-para="3" sentence-num-in-section="13" xml:id="C13.S23.SS3.p1.s3">
<Math equation-number="13.23.11" mode="display" xml:id="C13.S23.E11">\int_{0}^{\infty}e^{\frac{1}{2}t}t^{\frac{1}{2}(\nu-1)-\mu}W_{\kappa,\mu}\left (t\right)J_{\nu}\left(2\sqrt{xt}\right)\mathrm{d}t=\frac{\Gamma\left(\nu-2\mu+ 1\right)}{\Gamma\left(\frac{1}{2}+\mu-\kappa\right)}\*e^{\frac{1}{2}x}x^{\frac {1}{2}(\mu-\kappa-\frac{3}{2})}\*W_{\frac{1}{2}(\kappa+3\mu-\nu-\frac{1}{2}), \frac{1}{2}(\kappa-\mu+\nu+\frac{1}{2})}\left(x\right), if x&gt;0, \max(2\Re\mu-1,-1)&lt;\Re\nu&lt;2\Re(\mu-\kappa)+\tfrac{3}{2},</Math> <Math equation-number="13.23.12" mode="display" xml:id="C13.S23.E12">\int_{0}^{\infty}e^{-\frac{1}{2}t}t^{\frac{1}{2}(\nu-1)-\mu}W_{\kappa,\mu} \left(t\right)J_{\nu}\left(2\sqrt{xt}\right)\mathrm{d}t=\frac{\Gamma\left(\nu- 2\mu+1\right)}{\Gamma\left(\frac{3}{2}-\mu-\kappa+\nu\right)}\*e^{-\frac{1}{2} x}x^{\frac{1}{2}(\mu+\kappa-\frac{3}{2})}\*M_{\frac{1}{2}(\kappa-3\mu+\nu+ \frac{1}{2}),\frac{1}{2}(\nu-\mu-\kappa+\frac{1}{2})}\left(x\right), if x&gt;0, \max(2\Re\mu-1,-1)&lt;\Re\nu</Math>.
</sentence>

</para>
 
<para xml:id="C13.S23.SS3.p2">

<sentence sentence-num-in-para="1" sentence-num-in-section="14" xml:id="C13.S23.SS3.p2.s1">
For additional Hankel transforms and also other Bessel transforms see Erdélyi et al. (1954b, §8.18) andOberhettinger (1972, §1.16 and 3.4.42–46,4.4.45–47,5.94–97).
</sentence>

</para>
 
</subsection>
 
<subsection xml:id="C13.S23.SS4">
<title>Integral Transforms in terms of Whittaker Functions</title>           
<para xml:id="C13.S23.SS4.p1">

<sentence sentence-num-in-para="1" sentence-num-in-section="15" xml:id="C13.S23.SS4.p1.s1">
Let <Math mode="inline" xml:id="C13.S23.SS4.p1.m1">f(x)</Math> be absolutely integrable on the interval <Math mode="inline" xml:id="C13.S23.SS4.p1.m2">[r,R]</Math> for all positive <Math mode="inline" xml:id="C13.S23.SS4.p1.m3">r&lt;R</Math> , <Math mode="inline" xml:id="C13.S23.SS4.p1.m4">f(x)=O\left(x^{\rho_{0}}\right)</Math> as <Math mode="inline" xml:id="C13.S23.SS4.p1.m5">x\to 0+</Math> , and <Math mode="inline" xml:id="C13.S23.SS4.p1.m6">f(x)=O\left(e^{-\rho_{1}x}\right)</Math> as <Math mode="inline" xml:id="C13.S23.SS4.p1.m7">x\to+\infty</Math> , where <Math mode="inline" xml:id="C13.S23.SS4.p1.m8">\rho_{1}&gt;\frac{1}{2}</Math>.
</sentence>

<sentence sentence-num-in-para="2" sentence-num-in-section="16" xml:id="C13.S23.SS4.p1.s2">
Then for <Math mode="inline" xml:id="C13.S23.SS4.p1.m9">\mu</Math> in the half-plane <Math mode="inline" xml:id="C13.S23.SS4.p1.m10">\Re\mu\geq\mu_{1}&gt;\max\left(-\rho_{0},\Re\kappa-\frac{1}{2}\right)</Math> <Math equation-number="13.23.13" mode="display" xml:id="C13.S23.E13">g(\mu)=\frac{1}{\Gamma\left(1+2\mu\right)}\int_{0}^{\infty}f(x)x^{-\frac{3}{2} }M_{\kappa,\mu}\left(x\right)\mathrm{d}x,</Math> , <Math equation-number="13.23.14" mode="display" xml:id="C13.S23.E14">f(x)=\frac{1}{\pi\mathrm{i}\sqrt{x}}\int_{\mu_{1}-\mathrm{i}\infty}^{\mu_{1}+ \mathrm{i}\infty}\mu g(\mu)\Gamma\left(\tfrac{1}{2}+\mu-\kappa\right)W_{\kappa ,\mu}\left(x\right)\mathrm{d}\mu</Math>.
</sentence>

</para>
 
<para xml:id="C13.S23.SS4.p2">

<sentence sentence-num-in-para="1" sentence-num-in-section="17" xml:id="C13.S23.SS4.p2.s1">
For additional integral transforms see Magnus et al. (1966, p. 189),Prudnikov et al. (1992b, §§4.3.39–4.3.42), and Wimp (1964).
</sentence>

</para>

 
</subsection>
 
<subsection xml:id="C13.S23.SS5">
<title>Other Integrals</title>          
<para xml:id="C13.S23.SS5.p1">

<sentence sentence-num-in-para="1" sentence-num-in-section="18" xml:id="C13.S23.SS5.p1.s1">
Additional integrals involving confluent hypergeometric functions can be found in Apelblat (1983, pp. 388–392), Erdélyi et al. (1954b),Gradshteyn and Ryzhik (2000, §7.6), andPrudnikov et al. (1990, §§1.13, 1.14, 2.19, 4.2.2).
</sentence>

<sentence sentence-num-in-para="2" sentence-num-in-section="19" xml:id="C13.S23.SS5.p1.s2">
See also (13.16.2), (13.16.6), (13.16.7).
</sentence>

<sentence sentence-num-in-para="3" sentence-num-in-section="20" xml:id="C13.S23.SS5.p1.s3">
Generalized orthogonality integrals (33.14.13) and (33.14.15) can be expressed in terms of Whittaker functions via the definitions in that section.
</sentence>

</para>
 
</subsection>
 
</section>
