<?xml version="1.0" encoding="UTF-8"?>
<section xml:id="C13.S22">
<title>Zeros</title>          
<para xml:id="C13.S22.p1">

<sentence sentence-num-in-para="1" sentence-num-in-section="1" xml:id="C13.S22.p1.s1">
From (13.14.2) and (13.14.3)
</sentence>

<sentence sentence-num-in-para="2" sentence-num-in-section="2" xml:id="C13.S22.p1.s2">
<Math mode="inline" xml:id="C13.S22.p1.m1">M_{\kappa,\mu}\left(z\right)</Math> has the same zeros as <Math mode="inline" xml:id="C13.S22.p1.m2">M\left(\tfrac{1}{2}+\mu-\kappa,1+2\mu,z\right)</Math> and <Math mode="inline" xml:id="C13.S22.p1.m3">W_{\kappa,\mu}\left(z\right)</Math> has the same zeros as <Math mode="inline" xml:id="C13.S22.p1.m4">U\left(\tfrac{1}{2}+\mu-\kappa,1+2\mu,z\right)</Math> , hence the results given in §13.9 can be adopted.
</sentence>

</para>
 
<para xml:id="C13.S22.p2">

<sentence sentence-num-in-para="1" sentence-num-in-section="3" xml:id="C13.S22.p2.s1">
Asymptotic approximations to the zeros when the parameters <Math mode="inline" xml:id="C13.S22.p2.m1">\kappa</Math> and/or <Math mode="inline" xml:id="C13.S22.p2.m2">\mu</Math> are large can be found by reversion of the uniform approximations provided in §§13.20 and 13.21.
</sentence>

<sentence sentence-num-in-para="2" sentence-num-in-section="4" xml:id="C13.S22.p2.s2">
For example, if <Math mode="inline" xml:id="C13.S22.p2.m3">\mu(\geq 0)</Math> is fixed and <Math mode="inline" xml:id="C13.S22.p2.m4">\kappa(&gt;0)</Math> is large, then the <Math mode="inline" xml:id="C13.S22.p2.m5">r</Math> th positive zero <Math mode="inline" xml:id="C13.S22.p2.m6">\phi_{r}</Math> of <Math mode="inline" xml:id="C13.S22.p2.m7">M_{\kappa,\mu}\left(z\right)</Math> is given by <Math equation-number="13.22.1" mode="display" xml:id="C13.S22.E1">\phi_{r}=\frac{j_{2\mu,r}^{2}}{4\kappa}+j_{2\mu,r}O\left(\kappa^{-\frac{3}{2}} \right),</Math> where <Math mode="inline" xml:id="C13.S22.p2.m8">j_{2\mu,r}</Math> is the <Math mode="inline" xml:id="C13.S22.p2.m9">r</Math> th positive zero of the Bessel function <Math mode="inline" xml:id="C13.S22.p2.m10">J_{2\mu}\left(x\right)</Math> (§10.21(i)).
</sentence>

<sentence sentence-num-in-para="3" sentence-num-in-section="5" xml:id="C13.S22.p2.s3">
(13.22.1) is a weaker version of (13.9.8).
</sentence>

</para>
  
</section>
