<?xml version="1.0" encoding="UTF-8"?>
<section xml:id="C13.S2">
<title>Definitions and Basic Properties</title>          
<subsection xml:id="C13.S2.SS1">
<title>Differential Equation</title>        
 
<paragraph xml:id="C13.S2.Px1">
<title>Kummer’s Equation</title>     
<para xml:id="C13.S2.Px1.p1">

<sentence sentence-num-in-para="1" sentence-num-in-section="1" xml:id="C13.S2.Px1.p1.s1">
 <Math equation-number="13.2.1" mode="display" xml:id="C13.S2.E1">z\frac{{\mathrm{d}}^{2}w}{{\mathrm{d}z}^{2}}+(b-z)\frac{\mathrm{d}w}{\mathrm{d }z}-aw=0</Math>.
</sentence>

<sentence sentence-num-in-para="2" sentence-num-in-section="2" xml:id="C13.S2.Px1.p1.s2">
This equation has a regular singularity at the origin with indices <Math mode="inline" xml:id="C13.S2.Px1.p1.m1">0</Math> and <Math mode="inline" xml:id="C13.S2.Px1.p1.m2">1-b</Math> , and an irregular singularity at infinity of rank one.
</sentence>

<sentence sentence-num-in-para="3" sentence-num-in-section="3" xml:id="C13.S2.Px1.p1.s3">
It can be regarded as the limiting form of the hypergeometric differential equation (§15.10(i)) that is obtained on replacing <Math mode="inline" xml:id="C13.S2.Px1.p1.m3">z</Math> by <Math mode="inline" xml:id="C13.S2.Px1.p1.m4">\ifrac{z}{b}</Math> , letting <Math mode="inline" xml:id="C13.S2.Px1.p1.m5">b\to\infty</Math> , and subsequently replacing the symbol <Math mode="inline" xml:id="C13.S2.Px1.p1.m6">c</Math> by <Math mode="inline" xml:id="C13.S2.Px1.p1.m7">b</Math>.
</sentence>

<sentence sentence-num-in-para="4" sentence-num-in-section="4" xml:id="C13.S2.Px1.p1.s4">
In effect, the regular singularities of the hypergeometric differential equation at <Math mode="inline" xml:id="C13.S2.Px1.p1.m8">b</Math> and <Math mode="inline" xml:id="C13.S2.Px1.p1.m9">\infty</Math> coalesce into an irregular singularity at <Math mode="inline" xml:id="C13.S2.Px1.p1.m10">\infty</Math>.
</sentence>

</para>
 
</paragraph>
 
<paragraph xml:id="C13.S2.Px2">
<title>Standard Solutions</title>    
<para xml:id="C13.S2.Px2.p1">

<sentence sentence-num-in-para="1" sentence-num-in-section="5" xml:id="C13.S2.Px2.p1.s1">
The first two standard solutions are: <Math equation-number="13.2.2" mode="display" xml:id="C13.S2.E2">M\left(a,b,z\right)=\sum_{s=0}^{\infty}\frac{{\left(a\right)_{s}}}{{\left(b \right)_{s}}s!}z^{s}=1+\frac{a}{b}z+\frac{a(a+1)}{b(b+1)2!}z^{2}+\cdots</Math> , and <Math equation-number="13.2.3" mode="display" xml:id="C13.S2.E3">{\mathbf{M}}\left(a,b,z\right)=\sum_{s=0}^{\infty}\frac{{\left(a\right)_{s}}}{ \Gamma\left(b+s\right)s!}z^{s},</Math> except that <Math mode="inline" xml:id="C13.S2.Px2.p1.m1">M\left(a,b,z\right)</Math> does not exist when <Math mode="inline" xml:id="C13.S2.Px2.p1.m2">b</Math> is a nonpositive integer.
</sentence>

<sentence sentence-num-in-para="2" sentence-num-in-section="6" xml:id="C13.S2.Px2.p1.s2">
In other cases <Math equation-number="13.2.4" mode="display" xml:id="C13.S2.E4">M\left(a,b,z\right)=\Gamma\left(b\right){\mathbf{M}}\left(a,b,z\right)</Math>.
</sentence>

</para>
 
<para xml:id="C13.S2.Px2.p2">

<sentence sentence-num-in-para="1" sentence-num-in-section="7" xml:id="C13.S2.Px2.p2.s1">
The series (13.2.2) and (13.2.3) converge for all <Math mode="inline" xml:id="C13.S2.Px2.p2.m1">z\in\mathbb{C}</Math>.
</sentence>

<sentence sentence-num-in-para="2" sentence-num-in-section="8" xml:id="C13.S2.Px2.p2.s2">
<Math mode="inline" xml:id="C13.S2.Px2.p2.m2">M\left(a,b,z\right)</Math> is entire in <Math mode="inline" xml:id="C13.S2.Px2.p2.m3">z</Math> and <Math mode="inline" xml:id="C13.S2.Px2.p2.m4">a</Math> , and is a meromorphic function of <Math mode="inline" xml:id="C13.S2.Px2.p2.m5">b</Math>.
</sentence>

<sentence sentence-num-in-para="3" sentence-num-in-section="9" xml:id="C13.S2.Px2.p2.s3">
<Math mode="inline" xml:id="C13.S2.Px2.p2.m6">{\mathbf{M}}\left(a,b,z\right)</Math> is entire in <Math mode="inline" xml:id="C13.S2.Px2.p2.m7">z</Math> , <Math mode="inline" xml:id="C13.S2.Px2.p2.m8">a</Math> , and <Math mode="inline" xml:id="C13.S2.Px2.p2.m9">b</Math>.
</sentence>

</para>
  
<para xml:id="C13.S2.Px2.p3">

<sentence sentence-num-in-para="1" sentence-num-in-section="10" xml:id="C13.S2.Px2.p3.s1">
Although <Math mode="inline" xml:id="C13.S2.Px2.p3.m1">M\left(a,b,z\right)</Math> does not exist when <Math mode="inline" xml:id="C13.S2.Px2.p3.m2">b=-n</Math> , <Math mode="inline" xml:id="C13.S2.Px2.p3.m3">n=0,1,2,\dots</Math> , many formulas containing <Math mode="inline" xml:id="C13.S2.Px2.p3.m4">M\left(a,b,z\right)</Math> continue to apply in their limiting form.
</sentence>

<sentence sentence-num-in-para="2" sentence-num-in-section="11" xml:id="C13.S2.Px2.p3.s2">
In particular, <Math equation-number="13.2.5" mode="display" xml:id="C13.S2.E5">\lim_{b\to-n}\frac{M\left(a,b,z\right)}{\Gamma\left(b\right)}={\mathbf{M}} \left(a,-n,z\right)=\frac{{\left(a\right)_{n+1}}}{(n+1)!}z^{n+1}M\left(a+n+1,n +2,z\right)</Math>.
</sentence>

</para>
 
<para xml:id="C13.S2.Px2.p4">

<sentence sentence-num-in-para="1" sentence-num-in-section="12" xml:id="C13.S2.Px2.p4.s1">
When <Math mode="inline" xml:id="C13.S2.Px2.p4.m1">a=-n</Math> , <Math mode="inline" xml:id="C13.S2.Px2.p4.m2">n=0,1,2,\dots</Math> , <Math mode="inline" xml:id="C13.S2.Px2.p4.m3">{\mathbf{M}}\left(a,b,z\right)</Math> is a polynomial in <Math mode="inline" xml:id="C13.S2.Px2.p4.m4">z</Math> of degree not exceeding <Math mode="inline" xml:id="C13.S2.Px2.p4.m5">n</Math> ; this is also true of <Math mode="inline" xml:id="C13.S2.Px2.p4.m6">M\left(a,b,z\right)</Math> provided that <Math mode="inline" xml:id="C13.S2.Px2.p4.m7">b</Math> is not a nonpositive integer.
</sentence>

</para>
 
<para xml:id="C13.S2.Px2.p5">

<sentence sentence-num-in-para="1" sentence-num-in-section="13" xml:id="C13.S2.Px2.p5.s1">
Another standard solution of (13.2.1) is <Math mode="inline" xml:id="C13.S2.Px2.p5.m1">U\left(a,b,z\right)</Math> , which is determined uniquely by the property <Math equation-number="13.2.6" mode="display" xml:id="C13.S2.E6">U\left(a,b,z\right)\sim z^{-a}, if z\to\infty, |\operatorname{ph}z|\leq\frac{3}{2}\pi-\delta,</Math> where <Math mode="inline" xml:id="C13.S2.Px2.p5.m2">\delta</Math> is an arbitrary small positive constant.
</sentence>

<sentence sentence-num-in-para="2" sentence-num-in-section="14" xml:id="C13.S2.Px2.p5.s2">
In general, <Math mode="inline" xml:id="C13.S2.Px2.p5.m3">U\left(a,b,z\right)</Math> has a branch point at <Math mode="inline" xml:id="C13.S2.Px2.p5.m4">z=0</Math>.
</sentence>

<sentence sentence-num-in-para="3" sentence-num-in-section="15" xml:id="C13.S2.Px2.p5.s3">
The principal branch corresponds to the principal value of <Math mode="inline" xml:id="C13.S2.Px2.p5.m5">z^{-a}</Math> in (13.2.6), and has a cut in the <Math mode="inline" xml:id="C13.S2.Px2.p5.m6">z</Math> -plane along the interval <Math mode="inline" xml:id="C13.S2.Px2.p5.m7">(-\infty,0]</Math> ; compare §4.2(i).
</sentence>

</para>
 
<para xml:id="C13.S2.Px2.p6">

<sentence sentence-num-in-para="1" sentence-num-in-section="16" xml:id="C13.S2.Px2.p6.s1">
When <Math mode="inline" xml:id="C13.S2.Px2.p6.m1">a=-m</Math> , <Math mode="inline" xml:id="C13.S2.Px2.p6.m2">m=0,1,2,\dots</Math> , <Math mode="inline" xml:id="C13.S2.Px2.p6.m3">U\left(a,b,z\right)</Math> is a polynomial in <Math mode="inline" xml:id="C13.S2.Px2.p6.m4">z</Math> of degree <Math mode="inline" xml:id="C13.S2.Px2.p6.m5">m</Math> : <Math equation-number="13.2.7" mode="display" xml:id="C13.S2.E7">U\left(-m,b,z\right)=(-1)^{m}{\left(b\right)_{m}}M\left(-m,b,z\right)=(-1)^{m} \sum_{s=0}^{m}\genfrac{(}{)}{0.0pt}{}{m}{s}{\left(b+s\right)_{m-s}}(-z)^{s}</Math>.
</sentence>

<sentence sentence-num-in-para="2" sentence-num-in-section="17" xml:id="C13.S2.Px2.p6.s2">
Similarly, when <Math mode="inline" xml:id="C13.S2.Px2.p6.m6">a-b+1=-n</Math> , <Math mode="inline" xml:id="C13.S2.Px2.p6.m7">n=0,1,2,\ldots</Math> , <Math equation-number="13.2.8" mode="display" xml:id="C13.S2.E8">U\left(a,a+n+1,z\right)=\frac{(-1)^{n}{\left(1-a-n\right)_{n}}}{z^{a+n}}M\left (-n,1-a-n,z\right)=z^{-a}\sum_{s=0}^{n}\genfrac{(}{)}{0.0pt}{}{n}{s}{\left(a \right)_{s}}z^{-s}</Math>.
</sentence>

</para>
   
<para xml:id="C13.S2.Px2.p7">

<sentence sentence-num-in-para="1" sentence-num-in-section="18" xml:id="C13.S2.Px2.p7.s1">
When <Math mode="inline" xml:id="C13.S2.Px2.p7.m1">b=n+1</Math> , <Math mode="inline" xml:id="C13.S2.Px2.p7.m2">n=0,1,2,\dots</Math> , and <Math mode="inline" xml:id="C13.S2.Px2.p7.m3">a\neq 0,-1,-2,\dots</Math> , <Math equation-number="13.2.9" mode="display" xml:id="C13.S2.E9">U\left(a,n+1,z\right)=\frac{(-1)^{n+1}}{n!\Gamma\left(a-n\right)}\sum_{k=0}^{ \infty}\frac{{\left(a\right)_{k}}}{{\left(n+1\right)_{k}}k!}z^{k}\left(\ln z+ \psi\left(a+k\right)-\psi\left(1+k\right)-\psi\left(n+k+1\right)\right)+\frac{ 1}{\Gamma\left(a\right)}\sum_{k=1}^{n}\frac{(k-1)!{\left(1-a+k\right)_{n-k}}}{ (n-k)!}z^{-k}</Math>.
</sentence>

</para>
  
 
<para xml:id="C13.S2.Px2.p8">

<sentence sentence-num-in-para="1" sentence-num-in-section="19" xml:id="C13.S2.Px2.p8.s1">
When <Math mode="inline" xml:id="C13.S2.Px2.p8.m1">b=n+1</Math> , <Math mode="inline" xml:id="C13.S2.Px2.p8.m2">n=0,1,2,\dots</Math> , and <Math mode="inline" xml:id="C13.S2.Px2.p8.m3">a=-m</Math> , <Math mode="inline" xml:id="C13.S2.Px2.p8.m4">m=0,1,2,\dots</Math> , <Math equation-number="13.2.10" mode="display" xml:id="C13.S2.E10">U\left(-m,n+1,z\right)=(-1)^{m}{\left(n+1\right)_{m}}M\left(-m,n+1,z\right)=(- 1)^{m}\sum_{s=0}^{m}\genfrac{(}{)}{0.0pt}{}{m}{s}{\left(n+s+1\right)_{m-s}}(-z )^{s}</Math>.
</sentence>

</para>
 
<para xml:id="C13.S2.Px2.p9">

<sentence sentence-num-in-para="1" sentence-num-in-section="20" xml:id="C13.S2.Px2.p9.s1">
When <Math mode="inline" xml:id="C13.S2.Px2.p9.m1">b=-n</Math> , <Math mode="inline" xml:id="C13.S2.Px2.p9.m2">n=0,1,2,\dots</Math> , the following equation can be combined with (13.2.9) and (13.2.10):
</sentence>

<sentence sentence-num-in-para="2" sentence-num-in-section="21" xml:id="C13.S2.Px2.p9.s2">
<Math equation-number="13.2.11" mode="display" xml:id="C13.S2.E11">U\left(a,-n,z\right)=z^{n+1}U\left(a+n+1,n+2,z\right)</Math>.
</sentence>

</para>
 
</paragraph>
 
</subsection>
 
<subsection xml:id="C13.S2.SS2">
<title>Analytic Continuation</title>          
<para xml:id="C13.S2.SS2.p1">

<sentence sentence-num-in-para="1" sentence-num-in-section="22" xml:id="C13.S2.SS2.p1.s1">
When <Math mode="inline" xml:id="C13.S2.SS2.p1.m1">m\in\mathbb{Z}</Math> , <Math equation-number="13.2.12" mode="display" xml:id="C13.S2.E12">U\left(a,b,ze^{2\pi\mathrm{i}m}\right)=\frac{2\pi\mathrm{i}e^{-\pi\mathrm{i}bm }\sin\left(\pi bm\right)}{\Gamma\left(1+a-b\right)\sin\left(\pi b\right)}{ \mathbf{M}}\left(a,b,z\right)+e^{-2\pi\mathrm{i}bm}U\left(a,b,z\right)</Math>.
</sentence>

</para>

 
<para xml:id="C13.S2.SS2.p2">

<sentence sentence-num-in-para="1" sentence-num-in-section="23" xml:id="C13.S2.SS2.p2.s1">
Except when <Math mode="inline" xml:id="C13.S2.SS2.p2.m1">z=0</Math> each branch of <Math mode="inline" xml:id="C13.S2.SS2.p2.m2">U\left(a,b,z\right)</Math> is entire in <Math mode="inline" xml:id="C13.S2.SS2.p2.m3">a</Math> and <Math mode="inline" xml:id="C13.S2.SS2.p2.m4">b</Math>.
</sentence>

<sentence sentence-num-in-para="2" sentence-num-in-section="24" xml:id="C13.S2.SS2.p2.s2">
Unless specified otherwise, however, <Math mode="inline" xml:id="C13.S2.SS2.p2.m5">U\left(a,b,z\right)</Math> is assumed to have its principal value.
</sentence>

</para>
 
</subsection>
 
<subsection xml:id="C13.S2.SS3">
<title>Limiting Forms as <Math mode="inline" xml:id="C13.S2.SS3.m1">z\to 0</Math></title>          
<para xml:id="C13.S2.SS3.p1">

<sentence sentence-num-in-para="1" sentence-num-in-section="25" xml:id="C13.S2.SS3.p1.s1">
 <Math equation-number="13.2.13" mode="display" xml:id="C13.S2.E13">M\left(a,b,z\right)=1+O\left(z\right)</Math>.
</sentence>

</para>
 
<para xml:id="C13.S2.SS3.p2">

<sentence sentence-num-in-para="1" sentence-num-in-section="26" xml:id="C13.S2.SS3.p2.s1">
Next, in cases when <Math mode="inline" xml:id="C13.S2.SS3.p2.m1">a=-n</Math> or <Math mode="inline" xml:id="C13.S2.SS3.p2.m2">-n+b-1</Math> , where <Math mode="inline" xml:id="C13.S2.SS3.p2.m3">n</Math> is a nonnegative integer, <Math equation-number="13.2.14" mode="display" xml:id="C13.S2.E14">U\left(-n,b,z\right)=(-1)^{n}{\left(b\right)_{n}}+O\left(z\right),</Math> <Math equation-number="13.2.15" mode="display" xml:id="C13.S2.E15">U\left(-n+b-1,b,z\right)=(-1)^{n}{\left(2-b\right)_{n}}z^{1-b}+O\left(z^{2-b} \right)</Math>.
</sentence>

<sentence sentence-num-in-para="2" sentence-num-in-section="27" xml:id="C13.S2.SS3.p2.s2">
In all other cases <Math equation-number="13.2.16" mode="display" xml:id="C13.S2.E16">U\left(a,b,z\right)=\frac{\Gamma\left(b-1\right)}{\Gamma\left(a\right)}z^{1-b} +O\left(z^{2-\Re b}\right), if \Re b\geq 2, b\not=2,</Math> , <Math equation-number="13.2.17" mode="display" xml:id="C13.S2.E17">U\left(a,2,z\right)=\frac{1}{\Gamma\left(a\right)}z^{-1}+O\left(\ln z\right),</Math> , <Math equation-number="13.2.18" mode="display" xml:id="C13.S2.E18">U\left(a,b,z\right)=\frac{\Gamma\left(b-1\right)}{\Gamma\left(a\right)}z^{1-b} +\frac{\Gamma\left(1-b\right)}{\Gamma\left(a-b+1\right)}+O\left(z^{2-\Re b} \right), if 1\leq\Re b&lt;2, b\not=1,</Math> , <Math equation-number="13.2.19" mode="display" xml:id="C13.S2.E19">U\left(a,1,z\right)=-\frac{1}{\Gamma\left(a\right)}\left(\ln z+\psi\left(a \right)+2\gamma\right)+O\left(z\ln z\right),</Math> , <Math equation-number="13.2.20" mode="display" xml:id="C13.S2.E20">U\left(a,b,z\right)=\frac{\Gamma\left(1-b\right)}{\Gamma\left(a-b+1\right)}+O \left(z^{1-\Re b}\right), if 0&lt;\Re b&lt;1,</Math> , <Math equation-number="13.2.21" mode="display" xml:id="C13.S2.E21">U\left(a,0,z\right)=\frac{1}{\Gamma\left(a+1\right)}+O\left(z\ln z\right),</Math> , <Math equation-number="13.2.22" mode="display" xml:id="C13.S2.E22">U\left(a,b,z\right)=\frac{\Gamma\left(1-b\right)}{\Gamma\left(a-b+1\right)}+O \left(z\right), if \Re b\leq 0, b\not=0</Math>.
</sentence>

</para>

 
</subsection>
 
<subsection xml:id="C13.S2.SS4">
<title>Limiting Forms as <Math mode="inline" xml:id="C13.S2.SS4.m1">z\to\infty</Math></title>          
<para xml:id="C13.S2.SS4.p1">

<sentence sentence-num-in-para="1" sentence-num-in-section="28" xml:id="C13.S2.SS4.p1.s1">
Except when <Math mode="inline" xml:id="C13.S2.SS4.p1.m1">a=0,-1,\dots</Math> (polynomial cases), <Math equation-number="13.2.23" mode="display" xml:id="C13.S2.E23">{\mathbf{M}}\left(a,b,z\right)\sim\ifrac{e^{z}z^{a-b}}{\Gamma\left(a\right)}, if \left|\operatorname{ph}z\right|\leq\frac{1}{2}\pi-\delta,</Math> where <Math mode="inline" xml:id="C13.S2.SS4.p1.m2">\delta</Math> is an arbitrary small positive constant.
</sentence>

</para>
 
<para xml:id="C13.S2.SS4.p2">

<sentence sentence-num-in-para="1" sentence-num-in-section="29" xml:id="C13.S2.SS4.p2.s1">
For <Math mode="inline" xml:id="C13.S2.SS4.p2.m1">U\left(a,b,z\right)</Math> see (13.2.6).
</sentence>

</para>
 
</subsection>
 
<subsection xml:id="C13.S2.SS5">
<title>Numerically Satisfactory Solutions</title>          
 
<para xml:id="C13.S2.SS5.p1">

<sentence sentence-num-in-para="1" sentence-num-in-section="30" xml:id="C13.S2.SS5.p1.s1">
Fundamental pairs of solutions of (13.2.1) that are numerically satisfactory (§2.7(iv)) in the neighborhood of infinity are <Math equation-number="13.2.24" mode="display" xml:id="C13.S2.E24">U\left(a,b,z\right), ,e^{z}U\left(b-a,b,e^{-\pi\mathrm{i}}z\right), , if -\tfrac{1}{2}\pi\leq\operatorname{ph}{z}\leq\tfrac{3}{2}\pi,</Math> , <Math equation-number="13.2.25" mode="display" xml:id="C13.S2.E25">U\left(a,b,z\right), ,e^{z}U\left(b-a,b,e^{\pi\mathrm{i}}z\right), , if -\tfrac{3}{2}\pi\leq\operatorname{ph}{z}\leq\tfrac{1}{2}\pi</Math>.
</sentence>

</para>

 
<para xml:id="C13.S2.SS5.p2">

<sentence sentence-num-in-para="1" sentence-num-in-section="31" xml:id="C13.S2.SS5.p2.s1">
A fundamental pair of solutions that is numerically satisfactory near the origin is <Math equation-number="13.2.26" mode="display" xml:id="C13.S2.E26">M\left(a,b,z\right),\quad z^{1-b}M\left(a-b+1,2-b,z\right), if b\not\in\mathbb{Z}</Math>.
</sentence>

</para>
   
<para xml:id="C13.S2.SS5.p3">

<sentence sentence-num-in-para="1" sentence-num-in-section="32" xml:id="C13.S2.SS5.p3.s1">
When <Math mode="inline" xml:id="C13.S2.SS5.p3.m1">b=n+1=1,2,3,\dots</Math> , a fundamental pair that is numerically satisfactory near the origin is <Math mode="inline" xml:id="C13.S2.SS5.p3.m2">M\left(a,n+1,z\right)</Math> and <Math equation-number="13.2.27" mode="display" xml:id="C13.S2.E27">\sum_{k=1}^{n}\frac{n!(k-1)!}{(n-k)!{\left(1-a\right)_{k}}}z^{-k}-\sum_{k=0}^{ \infty}\frac{{\left(a\right)_{k}}}{{\left(n+1\right)_{k}}k!}z^{k}\left(\ln z+ \psi\left(a+k\right)-\psi\left(1+k\right)-\psi\left(n+k+1\right)\right),</Math> if <Math mode="inline" xml:id="C13.S2.SS5.p3.m3">a-n\neq 0,-1,-2,\dots</Math> , or <Math mode="inline" xml:id="C13.S2.SS5.p3.m4">M\left(a,n+1,z\right)</Math> and <Math equation-number="13.2.28" mode="display" xml:id="C13.S2.E28">\sum_{k=1}^{n}\frac{n!(k-1)!}{(n-k)!{\left(1-a\right)_{k}}}z^{-k}-\sum_{k=0}^{ -a}\frac{{\left(a\right)_{k}}}{{\left(n+1\right)_{k}}k!}z^{k}\left(\ln z+\psi \left(1-a-k\right)-\psi\left(1+k\right)-\psi\left(n+k+1\right)\right)+(-1)^{1- a}(-a)!\sum_{k=1-a}^{\infty}\frac{(k-1+a)!}{{\left(n+1\right)_{k}}k!}z^{k}</Math> , if <Math mode="inline" xml:id="C13.S2.SS5.p3.m5">a=0,-1,-2,\dots</Math> , or <Math mode="inline" xml:id="C13.S2.SS5.p3.m6">M\left(a,n+1,z\right)</Math> and <Math equation-number="13.2.29" mode="display" xml:id="C13.S2.E29">\sum_{k=a}^{n}\frac{(k-1)!}{(n-k)!(k-a)!}z^{-k}</Math> , if <Math mode="inline" xml:id="C13.S2.SS5.p3.m7">a=1,2,\dots,n</Math>.
</sentence>

</para>
 
<para xml:id="C13.S2.SS5.p4">

<sentence sentence-num-in-para="1" sentence-num-in-section="33" xml:id="C13.S2.SS5.p4.s1">
When <Math mode="inline" xml:id="C13.S2.SS5.p4.m1">b=-n=0,-1,-2,\dots</Math> , a fundamental pair that is numerically satisfactory near the origin is <Math mode="inline" xml:id="C13.S2.SS5.p4.m2">z^{n+1}\*M\left(a+n+1,n+2,z\right)</Math> and <Math equation-number="13.2.30" mode="display" xml:id="C13.S2.E30">\sum_{k=1}^{n+1}\frac{(n+1)!(k-1)!}{(n-k+1)!{\left(-a-n\right)_{k}}}z^{n-k+1}- \sum_{k=0}^{\infty}\frac{{\left(a+n+1\right)_{k}}}{{\left(n+2\right)_{k}}k!}z^ {n+k+1}\left(\ln z+\psi\left(a+n+k+1\right)-\psi\left(1+k\right)-\psi\left(n+k +2\right)\right),</Math> if <Math mode="inline" xml:id="C13.S2.SS5.p4.m3">a\neq 0,-1,-2,\dots</Math> , or <Math mode="inline" xml:id="C13.S2.SS5.p4.m4">z^{n+1}M\left(a+n+1,n+2,z\right)</Math> and <Math equation-number="13.2.31" mode="display" xml:id="C13.S2.E31">\sum_{k=1}^{n+1}\frac{(n+1)!(k-1)!}{(n-k+1)!{\left(-a-n\right)_{k}}}z^{n-k+1}- \sum_{k=0}^{-a-n-1}\frac{{\left(a+n+1\right)_{k}}}{{\left(n+2\right)_{k}}k!}z^ {n+k+1}\left(\ln z+\psi\left(-a-n-k\right)-\psi\left(1+k\right)-\psi\left(n+k+ 2\right)\right)+(-1)^{n-a}{(-a-n-1)!}\sum_{k=-a-n}^{\infty}\frac{(k+a+n)!}{{ \left(n+2\right)_{k}}k!}z^{n+k+1},</Math> if <Math mode="inline" xml:id="C13.S2.SS5.p4.m5">a=-n-1,-n-2,-n-3,\dots</Math> , or <Math mode="inline" xml:id="C13.S2.SS5.p4.m6">z^{n+1}M\left(a+n+1,n+2,z\right)</Math> and <Math equation-number="13.2.32" mode="display" xml:id="C13.S2.E32">\sum_{k=a+n+1}^{n+1}\frac{(k-1)!}{(n-k+1)!(k-a-n-1)!}z^{n-k+1}</Math> , if <Math mode="inline" xml:id="C13.S2.SS5.p4.m7">a=0,-1,\dots,-n</Math>.
</sentence>

</para>

 
</subsection>
 
<subsection xml:id="C13.S2.SS6">
<title>Wronskians</title>          
<para xml:id="C13.S2.SS6.p1">

<sentence sentence-num-in-para="1" sentence-num-in-section="34" xml:id="C13.S2.SS6.p1.s1">
 <Math equation-number="13.2.33" mode="display" xml:id="C13.S2.E33">\mathscr{W}\left\{{\mathbf{M}}\left(a,b,z\right),z^{1-b}{\mathbf{M}}\left(a-b+ 1,2-b,z\right)\right\}=\sin\left(\pi b\right)z^{-b}e^{z}/\pi,</Math> , <Math equation-number="13.2.34" mode="display" xml:id="C13.S2.E34">\mathscr{W}\left\{{\mathbf{M}}\left(a,b,z\right),U\left(a,b,z\right)\right\}=- \ifrac{z^{-b}e^{z}}{\Gamma\left(a\right)},</Math> , <Math equation-number="13.2.35" mode="display" xml:id="C13.S2.E35">\mathscr{W}\left\{{\mathbf{M}}\left(a,b,z\right),e^{z}U\left(b-a,b,e^{\pm\pi \mathrm{i}}z\right)\right\}=\ifrac{e^{\mp b\pi\mathrm{i}}z^{-b}e^{z}}{\Gamma \left(b-a\right)},</Math> , <Math equation-number="13.2.36" mode="display" xml:id="C13.S2.E36">\mathscr{W}\left\{z^{1-b}{\mathbf{M}}\left(a-b+1,2-b,z\right),U\left(a,b,z \right)\right\}=-\ifrac{z^{-b}e^{z}}{\Gamma\left(a-b+1\right)},</Math> , <Math equation-number="13.2.37" mode="display" xml:id="C13.S2.E37">\mathscr{W}\left\{z^{1-b}{\mathbf{M}}\left(a-b+1,2-b,z\right),e^{z}U\left(b-a, b,e^{\pm\pi\mathrm{i}}z\right)\right\}=-\ifrac{z^{-b}e^{z}}{\Gamma\left(1-a \right)},</Math> , <Math equation-number="13.2.38" mode="display" xml:id="C13.S2.E38">\mathscr{W}\left\{U\left(a,b,z\right),e^{z}U\left(b-a,b,e^{\pm\pi\mathrm{i}}z \right)\right\}=e^{\pm(a-b)\pi\mathrm{i}}z^{-b}e^{z}</Math>.
</sentence>

</para>
 
</subsection>
 
<subsection xml:id="C13.S2.SS7">
<title>Connection Formulas</title>         
 
<paragraph xml:id="C13.S2.Px3">
<title>Kummer’s Transformations</title>      
<para xml:id="C13.S2.Px3.p1">

<sentence sentence-num-in-para="1" sentence-num-in-section="35" xml:id="C13.S2.Px3.p1.s1">
 <Math equation-number="13.2.39" mode="display" xml:id="C13.S2.E39">M\left(a,b,z\right)=e^{z}M\left(b-a,b,-z\right),</Math> , <Math equation-number="13.2.40" mode="display" xml:id="C13.S2.E40">U\left(a,b,z\right)=z^{1-b}U\left(a-b+1,2-b,z\right)</Math>.
</sentence>

<sentence sentence-num-in-para="2" sentence-num-in-section="36" xml:id="C13.S2.Px3.p1.s2">
<Math equation-number="13.2.41" mode="display" xml:id="C13.S2.E41">\frac{1}{\Gamma\left(b\right)}M\left(a,b,z\right)=\frac{e^{\mp a\pi\mathrm{i}} }{\Gamma\left(b-a\right)}U\left(a,b,z\right)+\frac{e^{\pm(b-a)\pi\mathrm{i}}}{ \Gamma\left(a\right)}e^{z}U\left(b-a,b,e^{\pm\pi\mathrm{i}}z\right)</Math>.
</sentence>

</para>
 
<para xml:id="C13.S2.Px3.p2">

<sentence sentence-num-in-para="1" sentence-num-in-section="37" xml:id="C13.S2.Px3.p2.s1">
Also, when <Math mode="inline" xml:id="C13.S2.Px3.p2.m1">b</Math> is not an integer <Math equation-number="13.2.42" mode="display" xml:id="C13.S2.E42">U\left(a,b,z\right)=\frac{\Gamma\left(1-b\right)}{\Gamma\left(a-b+1\right)}M \left(a,b,z\right)+\frac{\Gamma\left(b-1\right)}{\Gamma\left(a\right)}z^{1-b}M \left(a-b+1,2-b,z\right)</Math>.
</sentence>

</para>

 
</paragraph>
 
</subsection>
 
</section>
