<?xml version="1.0" encoding="UTF-8"?>
<section xml:id="C13.S28">
<title>Physical Applications</title>          
<subsection xml:id="C13.S28.SS1">
<title>Exact Solutions of the Wave Equation</title>           
      
<para xml:id="C13.S28.SS1.p1">

<sentence sentence-num-in-para="1" sentence-num-in-section="1" xml:id="C13.S28.SS1.p1.s1">
The reduced wave equation <Math mode="inline" xml:id="C13.S28.SS1.p1.m1">\nabla^{2}w=k^{2}w</Math> in paraboloidal coordinates, <Math mode="inline" xml:id="C13.S28.SS1.p1.m2">x=2\sqrt{\xi\eta}\cos\phi</Math> , <Math mode="inline" xml:id="C13.S28.SS1.p1.m3">y=2\sqrt{\xi\eta}\sin\phi</Math> , <Math mode="inline" xml:id="C13.S28.SS1.p1.m4">z=\xi-\eta</Math> , can be solved via separation of variables <Math mode="inline" xml:id="C13.S28.SS1.p1.m5">w=f_{1}(\xi)f_{2}(\eta)e^{\mathrm{i}p\phi}</Math> , where <Math equation-number="13.28.1" mode="display" xml:id="C13.S28.E1">f_{1}(\xi)=\xi^{-\frac{1}{2}}V_{\kappa,\frac{1}{2}p}^{(1)}(2\mathrm{i}k\xi), ,f_{2}(\eta)=\eta^{-\frac{1}{2}}V_{\kappa,\frac{1}{2}p}^{(2)}(-2\mathrm{i}k\eta), ,</Math> and <Math mode="inline" xml:id="C13.S28.SS1.p1.m6">V^{(j)}_{\kappa,\mu}(z)</Math> , <Math mode="inline" xml:id="C13.S28.SS1.p1.m7">j=1,2</Math> , denotes any pair of solutions of Whittaker’s equation (13.14.1).
</sentence>

<sentence sentence-num-in-para="2" sentence-num-in-section="2" xml:id="C13.S28.SS1.p1.s2">
See Hochstadt (1971, Chapter 7).
</sentence>

</para>
 
<para xml:id="C13.S28.SS1.p2">

<sentence sentence-num-in-para="1" sentence-num-in-section="3" xml:id="C13.S28.SS1.p2.s1">
For potentials in quantum mechanics that are solvable in terms of confluent hypergeometric functions see Negro et al. (2000).
</sentence>

</para>
 
</subsection>
 
<subsection xml:id="C13.S28.SS2">
<title>Coulomb Functions</title>         
  
<para xml:id="C13.S28.SS2.p1">

<sentence sentence-num-in-para="1" sentence-num-in-section="4" xml:id="C13.S28.SS2.p1.s1">
See Chapter 33.
</sentence>

</para>
 
</subsection>
 
<subsection xml:id="C13.S28.SS3">
<title>Other Applications</title>        
     
<para xml:id="C13.S28.SS3.p1">

<sentence sentence-num-in-para="1" sentence-num-in-section="5" xml:id="C13.S28.SS3.p1.s1">
For dynamics of many-body systems see Meden and Schönhammer (1992); for tomography see D’Ariano et al. (1994); for generalized coherent states seeBarut and Girardello (1971); for relativistic cosmology seeCrisóstomo et al. (2004).
</sentence>

</para>
 
</subsection>
 
</section>
