<?xml version="1.0" encoding="UTF-8"?>
<section xml:id="C13.S25">
<title>Products</title>        
  
<para xml:id="C13.S25.p1">

<sentence sentence-num-in-para="1" sentence-num-in-section="1" xml:id="C13.S25.p1.s1">
 <Math equation-number="13.25.1" mode="display" xml:id="C13.S25.E1">M_{\kappa,\mu}\left(z\right)M_{\kappa,-\mu-1}\left(z\right)+\frac{(\frac{1}{2} +\mu+\kappa)(\frac{1}{2}+\mu-\kappa)}{4\mu(1+\mu)(1+2\mu)^{2}}M_{\kappa,\mu+1} \left(z\right)M_{\kappa,-\mu}\left(z\right)=1</Math>.
</sentence>

</para>
 
<para xml:id="C13.S25.p2">

<sentence sentence-num-in-para="1" sentence-num-in-section="2" xml:id="C13.S25.p2.s1">
For integral representations, integrals, and series containing products of <Math mode="inline" xml:id="C13.S25.p2.m1">M_{\kappa,\mu}\left(z\right)</Math> and <Math mode="inline" xml:id="C13.S25.p2.m2">W_{\kappa,\mu}\left(z\right)</Math> seeErdélyi et al. (1953a, §6.15.3).
</sentence>

</para>
 
</section>
