<?xml version="1.0" encoding="UTF-8"?>
<section xml:id="C13.S24">
<title>Series</title>         
 
<subsection xml:id="C13.S24.SS1">
<title>Expansions in Series of Whittaker Functions</title>        
  
<para xml:id="C13.S24.SS1.p1">

<sentence sentence-num-in-para="1" sentence-num-in-section="1" xml:id="C13.S24.SS1.p1.s1">
For expansions of arbitrary functions in series of <Math mode="inline" xml:id="C13.S24.SS1.p1.m1">M_{\kappa,\mu}\left(z\right)</Math> functions see Schäfke (1961b).
</sentence>

</para>
 
</subsection>
 
<subsection xml:id="C13.S24.SS2">
<title>Expansions in Series of Bessel Functions</title>          
<para xml:id="C13.S24.SS2.p1">

<sentence sentence-num-in-para="1" sentence-num-in-section="2" xml:id="C13.S24.SS2.p1.s1">
For <Math mode="inline" xml:id="C13.S24.SS2.p1.m1">z\in\mathbb{C}</Math> , and again with the notation of §§10.2(ii) and 10.25(ii),
</sentence>

<sentence sentence-num-in-para="2" sentence-num-in-section="3" xml:id="C13.S24.SS2.p1.s2">
<Math equation-number="13.24.1" mode="display" xml:id="C13.S24.E1">M_{\kappa,\mu}\left(z\right)=\Gamma\left(\kappa+\mu\right)2^{2\kappa+2\mu}z^{ \frac{1}{2}-\kappa}\*\sum_{s=0}^{\infty}(-1)^{s}\frac{{\left(2\kappa+2\mu \right)_{s}}{\left(2\kappa\right)_{s}}}{{\left(1+2\mu\right)_{s}}s!}\*\left( \kappa+\mu+s\right)I_{\kappa+\mu+s}\left(\tfrac{1}{2}z\right), if 2\mu,\kappa+\mu\neq-1,-2,-3,\dots,</Math> and <Math equation-number="13.24.2" mode="display" xml:id="C13.S24.E2">\frac{1}{\Gamma\left(1+2\mu\right)}M_{\kappa,\mu}\left(z\right)=2^{2\mu}z^{\mu +\frac{1}{2}}\sum_{s=0}^{\infty}p_{s}^{(\mu)}(z)\left(2\sqrt{\kappa z}\right)^ {-2\mu-s}J_{2\mu+s}\left(2\sqrt{\kappa z}\right),</Math> where <Math mode="inline" xml:id="C13.S24.SS2.p1.m2">p_{0}^{(\mu)}(z)=1</Math> , <Math mode="inline" xml:id="C13.S24.SS2.p1.m3">p_{1}^{(\mu)}(z)=\frac{1}{6}z^{2}</Math> , and higher polynomials <Math mode="inline" xml:id="C13.S24.SS2.p1.m4">p_{s}^{(\mu)}(z)</Math> are defined by <Math equation-number="13.24.3" mode="display" xml:id="C13.S24.E3">\exp\left(-\tfrac{1}{2}z\left(\coth t-\frac{1}{t}\right)\right)\left(\frac{t}{ \sinh t}\right)^{1-2\mu}=\sum_{s=0}^{\infty}p_{s}^{(\mu)}(z)\left(-\frac{t}{z} \right)^{s}</Math>.
</sentence>

<sentence sentence-num-in-para="3" sentence-num-in-section="4" xml:id="C13.S24.SS2.p1.s3">
(13.18.8) is a special case of (13.24.1).
</sentence>

</para>
 
<para xml:id="C13.S24.SS2.p2">

<sentence sentence-num-in-para="1" sentence-num-in-section="5" xml:id="C13.S24.SS2.p2.s1">
Additional expansions in terms of Bessel functions are given inLuke (1959).
</sentence>

<sentence sentence-num-in-para="2" sentence-num-in-section="6" xml:id="C13.S24.SS2.p2.s2">
See also López (1999).
</sentence>

</para>
 
<para xml:id="C13.S24.SS2.p3">

<sentence sentence-num-in-para="1" sentence-num-in-section="7" xml:id="C13.S24.SS2.p3.s1">
For other series expansions seePrudnikov et al. (1990, §6.6).
</sentence>

<sentence sentence-num-in-para="2" sentence-num-in-section="8" xml:id="C13.S24.SS2.p3.s2">
See also §13.26.
</sentence>

</para>
  
</subsection>
 
</section>
