<?xml version="1.0" encoding="UTF-8"?>
<section xml:id="C13.S26">
<title>Addition and Multiplication Theorems</title>        
 
<subsection xml:id="C13.S26.SS1">
<title>Addition Theorems for <Math mode="inline" xml:id="C13.S26.SS1.m1">M_{\kappa,\mu}\left(z\right)</Math></title>          
<para xml:id="C13.S26.SS1.p1">

<sentence sentence-num-in-para="1" sentence-num-in-section="1" xml:id="C13.S26.SS1.p1.s1">
The function <Math mode="inline" xml:id="C13.S26.SS1.p1.m1">M_{\kappa,\mu}\left(x+y\right)</Math> has the following expansions: <Math equation-number="13.26.1" mode="display" xml:id="C13.S26.E1">e^{-\frac{1}{2}y}\left(\frac{x}{x+y}\right)^{\mu-\frac{1}{2}}\sum_{n=0}^{ \infty}\frac{{\left(-2\mu\right)_{n}}}{n!}\left(\frac{-y}{\sqrt{x}}\right)^{n} \*M_{\kappa-\frac{1}{2}n,\mu-\frac{1}{2}n}\left(x\right), if |y|&lt;|x|,</Math> , <Math equation-number="13.26.2" mode="display" xml:id="C13.S26.E2">e^{-\frac{1}{2}y}\left(\frac{x+y}{x}\right)^{\mu+\frac{1}{2}}\sum_{n=0}^{ \infty}\frac{{\left(\frac{1}{2}+\mu-\kappa\right)_{n}}}{{\left(1+2\mu\right)_{ n}}n!}\left(\frac{y}{\sqrt{x}}\right)^{n}\*M_{\kappa-\frac{1}{2}n,\mu+\frac{1} {2}n}\left(x\right),</Math> , <Math equation-number="13.26.3" mode="display" xml:id="C13.S26.E3">e^{-\frac{1}{2}y}\left(\frac{x+y}{x}\right)^{\kappa}\sum_{n=0}^{\infty}\frac{{ \left(\frac{1}{2}+\mu-\kappa\right)_{n}}y^{n}}{n!(x+y)^{n}}M_{\kappa-n,\mu} \left(x\right), if \Re(y/x)&gt;-\frac{1}{2},</Math> , <Math equation-number="13.26.4" mode="display" xml:id="C13.S26.E4">e^{\frac{1}{2}y}\left(\frac{x}{x+y}\right)^{\mu-\frac{1}{2}}\sum_{n=0}^{\infty }\frac{{\left(-2\mu\right)_{n}}}{n!}\left(\frac{-y}{\sqrt{x}}\right)^{n}\*M_{ \kappa+\frac{1}{2}n,\mu-\frac{1}{2}n}\left(x\right), if |y|&lt;|x|,</Math> , <Math equation-number="13.26.5" mode="display" xml:id="C13.S26.E5">e^{\frac{1}{2}y}\left(\frac{x+y}{x}\right)^{\mu+\frac{1}{2}}\sum_{n=0}^{\infty }\frac{{\left(\frac{1}{2}+\mu+\kappa\right)_{n}}}{{\left(1+2\mu\right)_{n}}n!} \left(\frac{-y}{\sqrt{x}}\right)^{n}\*M_{\kappa+\frac{1}{2}n,\mu+\frac{1}{2}n} \left(x\right),</Math> , <Math equation-number="13.26.6" mode="display" xml:id="C13.S26.E6">e^{\frac{1}{2}y}\left(\frac{x}{x+y}\right)^{\kappa}\sum_{n=0}^{\infty}\frac{{ \left(\frac{1}{2}+\mu+\kappa\right)_{n}}y^{n}}{n!(x+y)^{n}}M_{\kappa+n,\mu} \left(x\right), if \Re((y+x)/x)&gt;\frac{1}{2}</Math>.
</sentence>

</para>
 
</subsection>
 
<subsection xml:id="C13.S26.SS2">
<title>Addition Theorems for <Math mode="inline" xml:id="C13.S26.SS2.m1">W_{\kappa,\mu}\left(z\right)</Math></title>           
<para xml:id="C13.S26.SS2.p1">

<sentence sentence-num-in-para="1" sentence-num-in-section="2" xml:id="C13.S26.SS2.p1.s1">
The function <Math mode="inline" xml:id="C13.S26.SS2.p1.m1">W_{\kappa,\mu}\left(x+y\right)</Math> has the following expansions: <Math equation-number="13.26.7" mode="display" xml:id="C13.S26.E7">e^{-\frac{1}{2}y}\left(\frac{x}{x+y}\right)^{\mu-\frac{1}{2}}\sum_{n=0}^{ \infty}\frac{{\left(\frac{1}{2}-\mu-\kappa\right)_{n}}}{n!}\left(\frac{-y}{ \sqrt{x}}\right)^{n}\*W_{\kappa-\frac{1}{2}n,\mu-\frac{1}{2}n}\left(x\right), if |y|&lt;|x|,</Math> , <Math equation-number="13.26.8" mode="display" xml:id="C13.S26.E8">e^{-\frac{1}{2}y}\left(\frac{x+y}{x}\right)^{\mu+\frac{1}{2}}\sum_{n=0}^{ \infty}\frac{{\left(\frac{1}{2}+\mu-\kappa\right)_{n}}}{n!}\left(\frac{-y}{ \sqrt{x}}\right)^{n}\*W_{\kappa-\frac{1}{2}n,\mu+\frac{1}{2}n}\left(x\right), if |y|&lt;|x|,</Math> , <Math equation-number="13.26.9" mode="display" xml:id="C13.S26.E9">e^{-\frac{1}{2}y}\left(\frac{x+y}{x}\right)^{\kappa}\sum_{n=0}^{\infty}\frac{{ \left(\frac{1}{2}+\mu-\kappa\right)_{n}}{\left(\frac{1}{2}-\mu-\kappa\right)_{ n}}}{n!}\*\left(\frac{y}{x+y}\right)^{n}W_{\kappa-n,\mu}\left(x\right), if \Re(y/x)&gt;-\frac{1}{2},</Math> , <Math equation-number="13.26.10" mode="display" xml:id="C13.S26.E10">e^{\frac{1}{2}y}\left(\frac{x}{x+y}\right)^{\mu-\frac{1}{2}}\sum_{n=0}^{\infty }\frac{1}{n!}\left(\frac{-y}{\sqrt{x}}\right)^{n}\*W_{\kappa+\frac{1}{2}n,\mu- \frac{1}{2}n}\left(x\right), if |y|&lt;|x|,</Math> , <Math equation-number="13.26.11" mode="display" xml:id="C13.S26.E11">e^{\frac{1}{2}y}\left(\frac{x+y}{x}\right)^{\mu+\frac{1}{2}}\sum_{n=0}^{\infty }\frac{1}{n!}\left(\frac{-y}{\sqrt{x}}\right)^{n}\*W_{\kappa+\frac{1}{2}n,\mu+ \frac{1}{2}n}\left(x\right), if |y|&lt;|x|,</Math> , <Math equation-number="13.26.12" mode="display" xml:id="C13.S26.E12">e^{\frac{1}{2}y}\left(\frac{x}{x+y}\right)^{\kappa}\sum_{n=0}^{\infty}\frac{1} {n!}\left(\frac{-y}{x+y}\right)^{n}W_{\kappa+n,\mu}\left(x\right), if \Re(y/x)&gt;-\frac{1}{2}</Math>.
</sentence>

</para>
 
</subsection>
 
<subsection xml:id="C13.S26.SS3">
<title>Multiplication Theorems for <Math mode="inline" xml:id="C13.S26.SS3.m1">M_{\kappa,\mu}\left(z\right)</Math> and<Math mode="inline" xml:id="C13.S26.SS3.m2">W_{\kappa,\mu}\left(z\right)</Math></title>          
 
<para xml:id="C13.S26.SS3.p1">

<sentence sentence-num-in-para="1" sentence-num-in-section="3" xml:id="C13.S26.SS3.p1.s1">
To obtain similar expansions for <Math mode="inline" xml:id="C13.S26.SS3.p1.m1">M_{\kappa,\mu}\left(xy\right)</Math> and <Math mode="inline" xml:id="C13.S26.SS3.p1.m2">W_{\kappa,\mu}\left(xy\right)</Math> , replace <Math mode="inline" xml:id="C13.S26.SS3.p1.m3">y</Math> in the previous two subsections by <Math mode="inline" xml:id="C13.S26.SS3.p1.m4">(y-1)x</Math>.
</sentence>

</para>

 
</subsection>
 
</section>
