<?xml version="1.0" encoding="UTF-8"?>
<section xml:id="C13.S20">
<title>Uniform Asymptotic Approximations for Large <Math mode="inline" xml:id="C13.S20.m1">\mu</Math></title>        
 
<subsection xml:id="C13.S20.SS1">
<title>Large <Math mode="inline" xml:id="C13.S20.SS1.m1">\mu</Math>, Fixed <Math mode="inline" xml:id="C13.S20.SS1.m2">\kappa</Math></title>           
<para xml:id="C13.S20.SS1.p1">

<sentence sentence-num-in-para="1" sentence-num-in-section="1" xml:id="C13.S20.SS1.p1.s1">
When <Math mode="inline" xml:id="C13.S20.SS1.p1.m1">\mu\to\infty</Math> in the sector <Math mode="inline" xml:id="C13.S20.SS1.p1.m2">|\operatorname{ph}\mu|\leq\tfrac{1}{2}\pi-\delta(&lt;\tfrac{1}{2}\pi)</Math> , with <Math mode="inline" xml:id="C13.S20.SS1.p1.m3">\kappa(\in\mathbb{C})</Math> fixed <Math equation-number="13.20.1" mode="display" xml:id="C13.S20.E1">M_{\kappa,\mu}\left(z\right)=z^{\mu+\frac{1}{2}}\left(1+O\left(\mu^{-1}\right) \right),</Math> uniformly for bounded values of <Math mode="inline" xml:id="C13.S20.SS1.p1.m4">|z|</Math> ; also <Math equation-number="13.20.2" mode="display" xml:id="C13.S20.E2">W_{\kappa,\mu}\left(x\right)=\pi^{-\frac{1}{2}}\Gamma\left(\kappa+\mu\right) \left(\tfrac{1}{4}x\right)^{\frac{1}{2}-\mu}\left(1+O\left(\mu^{-1}\right) \right),</Math> uniformly for bounded positive values of <Math mode="inline" xml:id="C13.S20.SS1.p1.m5">x</Math>.
</sentence>

<sentence sentence-num-in-para="2" sentence-num-in-section="2" xml:id="C13.S20.SS1.p1.s2">
For an extension of (13.20.1) to an asymptotic expansion, together witherror bounds, see Olver (1997b, Chapter 10, Ex. 3.4).
</sentence>

</para>
 
</subsection>
 
<subsection xml:id="C13.S20.SS2">
<title>Large <Math mode="inline" xml:id="C13.S20.SS2.m1">\mu</Math>, <Math mode="inline" xml:id="C13.S20.SS2.m2">0\leq\kappa\leq(1-\delta)\mu</Math></title>         
<para xml:id="C13.S20.SS2.p1">

<sentence sentence-num-in-para="1" sentence-num-in-section="3" xml:id="C13.S20.SS2.p1.s1">
Let <Math equation-number="13.20.3" mode="display" xml:id="C13.S20.E3">X=\sqrt{4\mu^{2}-4\kappa x+x^{2}}</Math>.
</sentence>

<sentence sentence-num-in-para="2" sentence-num-in-section="4" xml:id="C13.S20.SS2.p1.s2">
Then as <Math mode="inline" xml:id="C13.S20.SS2.p1.m1">\mu\to\infty</Math> <Math equation-number="13.20.4" mode="display" xml:id="C13.S20.E4">M_{\kappa,\mu}\left(x\right)=\sqrt{\frac{2\mu x}{X}}\*\left(\frac{4\mu^{2}x}{2 \mu^{2}-\kappa x+\mu X}\right)^{\mu}\*\left(\frac{2(\mu-\kappa)}{X+x-2\kappa} \right)^{\kappa}\*e^{\frac{1}{2}X-\mu}\*\left(1+O\left(\frac{1}{\mu}\right) \right),</Math> <Math equation-number="13.20.5" mode="display" xml:id="C13.S20.E5">W_{\kappa,\mu}\left(x\right)=\sqrt{\frac{x}{X}}\*\left(\frac{2\mu^{2}-\kappa x +\mu X}{(\mu-\kappa)x}\right)^{\mu}\*\left(\frac{X+x-2\kappa}{2}\right)^{ \kappa}\*e^{-\frac{1}{2}X-\kappa}\*\left(1+O\left(\frac{1}{\mu}\right)\right),</Math> uniformly with respect to <Math mode="inline" xml:id="C13.S20.SS2.p1.m2">x\in(0,\infty)</Math> and <Math mode="inline" xml:id="C13.S20.SS2.p1.m3">\kappa\in[0,(1-\delta)\mu]</Math> , where <Math mode="inline" xml:id="C13.S20.SS2.p1.m4">\delta</Math> again denotes an arbitrary small positive constant.
</sentence>

</para>
 
</subsection>
 
<subsection xml:id="C13.S20.SS3">
<title>Large <Math mode="inline" xml:id="C13.S20.SS3.m1">\mu</Math>,<Math mode="inline" xml:id="C13.S20.SS3.m2">-(1-\delta)\mu\leq\kappa\leq\mu</Math></title>         
<para xml:id="C13.S20.SS3.p1">

<sentence sentence-num-in-para="1" sentence-num-in-section="5" xml:id="C13.S20.SS3.p1.s1">
Let <Math equation-number="13.20.6" mode="display" xml:id="C13.S20.E6">\alpha=\sqrt{2|\kappa-\mu|/\mu},</Math> , <Math equation-number="13.20.7" mode="display" xml:id="C13.S20.E7">X=\sqrt{|x^{2}-4\kappa x+4\mu^{2}|},</Math> , <Math equation-number="13.20.8" mode="display" xml:id="C13.S20.E8">\Phi(\kappa,\mu,x)=\left(\frac{\mu^{2}\zeta^{2}-2\kappa\mu+2\mu^{2}}{x^{2}-4 \kappa x+4\mu^{2}}\right)^{\frac{1}{4}}\sqrt{x},</Math> with the variable <Math mode="inline" xml:id="C13.S20.SS3.p1.m1">\zeta</Math> defined implicitly as follows:
</sentence>

</para>
 
<para xml:id="C13.S20.SS3.p2">

<sentence sentence-num-in-para="1" sentence-num-in-section="6" xml:id="C13.S20.SS3.p2.s1">
(a) In the case <Math mode="inline" xml:id="C13.S20.SS3.p2.m1">-\mu&lt;\kappa&lt;\mu</Math> <Math equation-number="13.20.9" mode="display" xml:id="C13.S20.E9">\zeta\sqrt{\zeta^{2}+\alpha^{2}}+\alpha^{2}\operatorname{arcsinh}\left(\frac{ \zeta}{\alpha}\right)=\frac{X}{\mu}-\frac{2\kappa}{\mu}\ln\left(\frac{X+x-2 \kappa}{2\sqrt{\mu^{2}-\kappa^{2}}}\right)-2\ln\left(\frac{\mu X+2\mu^{2}- \kappa x}{x\sqrt{\mu^{2}-\kappa^{2}}}\right)</Math>.
</sentence>

</para>
 
<para xml:id="C13.S20.SS3.p3">

<sentence sentence-num-in-para="1" sentence-num-in-section="7" xml:id="C13.S20.SS3.p3.s1">
(b) In the case <Math mode="inline" xml:id="C13.S20.SS3.p3.m1">\mu=\kappa</Math> <Math equation-number="13.20.10" mode="display" xml:id="C13.S20.E10">\zeta=\pm\sqrt{\frac{x}{\mu}-2-2\ln\left(\frac{x}{2\mu}\right)},</Math> the upper or lower sign being taken according as <Math mode="inline" xml:id="C13.S20.SS3.p3.m2">x\gtrless 2\mu</Math>.
</sentence>

</para>
 
<para xml:id="C13.S20.SS3.p4">

<sentence sentence-num-in-para="1" sentence-num-in-section="8" xml:id="C13.S20.SS3.p4.s1">
(In both cases (a) and (b) the <Math mode="inline" xml:id="C13.S20.SS3.p4.m1">x</Math> -interval <Math mode="inline" xml:id="C13.S20.SS3.p4.m2">(0,\infty)</Math> is mapped one-to-one onto the <Math mode="inline" xml:id="C13.S20.SS3.p4.m3">\zeta</Math> -interval <Math mode="inline" xml:id="C13.S20.SS3.p4.m4">(-\infty,\infty)</Math> , with <Math mode="inline" xml:id="C13.S20.SS3.p4.m5">x=0</Math> and <Math mode="inline" xml:id="C13.S20.SS3.p4.m6">\infty</Math> corresponding to <Math mode="inline" xml:id="C13.S20.SS3.p4.m7">\zeta=-\infty</Math> and <Math mode="inline" xml:id="C13.S20.SS3.p4.m8">\infty</Math> , respectively.)Then as <Math mode="inline" xml:id="C13.S20.SS3.p4.m9">\mu\to\infty</Math> <Math equation-number="13.20.11" mode="display" xml:id="C13.S20.E11">W_{\kappa,\mu}\left(x\right)=\left(\tfrac{1}{2}\mu\right)^{-\frac{1}{4}}\* \left(\frac{\kappa+\mu}{e}\right)^{\frac{1}{2}(\kappa+\mu)}\*\Phi(\kappa,\mu,x )\*U\left(\mu-\kappa,\zeta\sqrt{2\mu}\right)\left(1+O\left(\mu^{-1}\ln\mu \right)\right),</Math> <Math equation-number="13.20.12" mode="display" xml:id="C13.S20.E12">M_{\kappa,\mu}\left(x\right)=\left(8\mu\right)^{\frac{1}{4}}\*\left(\frac{2\mu }{e}\right)^{2\mu}\*\left(\frac{e}{\kappa+\mu}\right)^{\frac{1}{2}(\kappa+\mu) }\*\Phi(\kappa,\mu,x)\*U\left(\mu-\kappa,-\zeta\sqrt{2\mu}\right)\left(1+O \left(\mu^{-1}\ln\mu\right)\right),</Math> uniformly with respect to <Math mode="inline" xml:id="C13.S20.SS3.p4.m10">x\in(0,\infty)</Math> and <Math mode="inline" xml:id="C13.S20.SS3.p4.m11">\kappa\in[-(1-\delta)\mu,\mu]</Math>.
</sentence>

<sentence sentence-num-in-para="2" sentence-num-in-section="9" xml:id="C13.S20.SS3.p4.s2">
For the parabolic cylinder function <Math mode="inline" xml:id="C13.S20.SS3.p4.m12">U</Math> see §12.2.
</sentence>

</para>
 
<para xml:id="C13.S20.SS3.p5">

<sentence sentence-num-in-para="1" sentence-num-in-section="10" xml:id="C13.S20.SS3.p5.s1">
These results are proved in Olver (1980b).
</sentence>

<sentence sentence-num-in-para="2" sentence-num-in-section="11" xml:id="C13.S20.SS3.p5.s2">
This reference also supplies error bounds and corresponding approximations when <Math mode="inline" xml:id="C13.S20.SS3.p5.m1">x</Math> , <Math mode="inline" xml:id="C13.S20.SS3.p5.m2">\kappa</Math> , and <Math mode="inline" xml:id="C13.S20.SS3.p5.m3">\mu</Math> are replaced by <Math mode="inline" xml:id="C13.S20.SS3.p5.m4">\mathrm{i}x</Math> , <Math mode="inline" xml:id="C13.S20.SS3.p5.m5">\mathrm{i}\kappa</Math> , and <Math mode="inline" xml:id="C13.S20.SS3.p5.m6">\mathrm{i}\mu</Math> , respectively.
</sentence>

</para>
 
</subsection>
 
<subsection xml:id="C13.S20.SS4">
<title>Large <Math mode="inline" xml:id="C13.S20.SS4.m1">\mu</Math>, <Math mode="inline" xml:id="C13.S20.SS4.m2">\mu\leq\kappa\leq\mu/\delta</Math></title>         
<para xml:id="C13.S20.SS4.p1">

<sentence sentence-num-in-para="1" sentence-num-in-section="12" xml:id="C13.S20.SS4.p1.s1">
Again define <Math mode="inline" xml:id="C13.S20.SS4.p1.m1">\alpha</Math> , <Math mode="inline" xml:id="C13.S20.SS4.p1.m2">X</Math> , and <Math mode="inline" xml:id="C13.S20.SS4.p1.m3">\Phi(\kappa,\mu,x)</Math> by (13.20.6)–(13.20.8), but with <Math mode="inline" xml:id="C13.S20.SS4.p1.m4">\zeta</Math> now defined by
</sentence>

</para>
  
<para xml:id="C13.S20.SS4.p2">

<sentence sentence-num-in-para="1" sentence-num-in-section="13" xml:id="C13.S20.SS4.p2.s1">
 <Math equation-number="13.20.13" mode="display" xml:id="C13.S20.E13">\zeta\sqrt{\zeta^{2}-\alpha^{2}}-\alpha^{2}\operatorname{arccosh}\left(\frac{ \zeta}{\alpha}\right)=\frac{X}{\mu}-\frac{2\kappa}{\mu}\ln\left(\frac{X+x-2 \kappa}{2\sqrt{\kappa^{2}-\mu^{2}}}\right)-2\ln\left(\frac{\kappa x-\mu X-2\mu ^{2}}{x\sqrt{\kappa^{2}-\mu^{2}}}\right), if x\geq 2\kappa+2\sqrt{\kappa^{2}-\mu^{2}},</Math> , <Math equation-number="13.20.14" mode="display" xml:id="C13.S20.E14">\zeta\sqrt{\alpha^{2}-\zeta^{2}}+\alpha^{2}\operatorname{arcsin}\left(\frac{ \zeta}{\alpha}\right)=\frac{X}{\mu}+\frac{2\kappa}{\mu}\operatorname{arctan} \left(\frac{x-2\kappa}{X}\right)-2\operatorname{arctan}\left(\frac{\kappa x-2 \mu^{2}}{\mu X}\right), if 2\kappa-2\sqrt{\kappa^{2}-\mu^{2}}\leq x\leq 2\kappa+2\sqrt{\kappa^{2}-\mu^{2}},</Math> , <Math equation-number="13.20.15" mode="display" xml:id="C13.S20.E15">-\zeta\sqrt{\zeta^{2}-\alpha^{2}}-\alpha^{2}\operatorname{arccosh}\left(-\frac {\zeta}{\alpha}\right)=-\frac{X}{\mu}+\frac{2\kappa}{\mu}\ln\left(\frac{2 \kappa-X-x}{2\sqrt{\kappa^{2}-\mu^{2}}}\right)+2\ln\left(\frac{\mu X+2\mu^{2}- \kappa x}{x\sqrt{\kappa^{2}-\mu^{2}}}\right), if 0&lt;x\leq 2\kappa-2\sqrt{\kappa^{2}-\mu^{2}},</Math> when <Math mode="inline" xml:id="C13.S20.SS4.p2.m1">\mu&lt;\kappa</Math> , and by (13.20.10) when <Math mode="inline" xml:id="C13.S20.SS4.p2.m2">\mu=\kappa</Math>.
</sentence>

<sentence sentence-num-in-para="2" sentence-num-in-section="14" xml:id="C13.S20.SS4.p2.s2">
(As in §13.20(iii)
</sentence>

<sentence sentence-num-in-para="3" sentence-num-in-section="15" xml:id="C13.S20.SS4.p2.s3">
<Math mode="inline" xml:id="C13.S20.SS4.p2.m3">x=0</Math> and <Math mode="inline" xml:id="C13.S20.SS4.p2.m4">\infty</Math> correspond to <Math mode="inline" xml:id="C13.S20.SS4.p2.m5">\zeta=-\infty</Math> and <Math mode="inline" xml:id="C13.S20.SS4.p2.m6">\infty</Math> , respectively).
</sentence>

<sentence sentence-num-in-para="4" sentence-num-in-section="16" xml:id="C13.S20.SS4.p2.s4">
Then as <Math mode="inline" xml:id="C13.S20.SS4.p2.m7">\mu\to\infty</Math> <Math equation-number="13.20.16" mode="display" xml:id="C13.S20.E16">W_{\kappa,\mu}\left(x\right)=\left(\tfrac{1}{2}\mu\right)^{-\frac{1}{4}}\* \left(\frac{\kappa+\mu}{e}\right)^{\frac{1}{2}(\kappa+\mu)}\*\Phi(\kappa,\mu,x )\*\left(U\left(\mu-\kappa,\zeta\sqrt{2\mu}\right)+\mathrm{env}\mskip-1.0mu U \left(\mu-\kappa,\zeta\sqrt{2\mu}\right)O\left(\mu^{-\frac{2}{3}}\right)\right),</Math> <Math equation-number="13.20.17" mode="display" xml:id="C13.S20.E17">M_{\kappa,\mu}\left(x\right)=\left(8\mu\right)^{\frac{1}{4}}\*\left(\frac{2\mu }{e}\right)^{2\mu}\*\left(\frac{e}{\kappa+\mu}\right)^{\frac{1}{2}(\kappa+\mu) }\*\Phi(\kappa,\mu,x)\*\left(U\left(\mu-\kappa,-\zeta\sqrt{2\mu}\right)+ \mathrm{env}\mskip-1.0mu \overline{U}\left(\mu-\kappa,\zeta\sqrt{2\mu}\right)O \left(\mu^{-\frac{2}{3}}\right)\right),</Math> uniformly with respect to <Math mode="inline" xml:id="C13.S20.SS4.p2.m8">\zeta\in[0,\infty)</Math> and <Math mode="inline" xml:id="C13.S20.SS4.p2.m9">\kappa\in[\mu,\mu/\delta]</Math>.
</sentence>

</para>

 
<para xml:id="C13.S20.SS4.p3">

<sentence sentence-num-in-para="1" sentence-num-in-section="17" xml:id="C13.S20.SS4.p3.s1">
Also, <Math equation-number="13.20.18" mode="display" xml:id="C13.S20.E18">W_{\kappa,\mu}\left(x\right)=\left(\tfrac{1}{2}\mu\right)^{-\frac{1}{4}}\* \left(\frac{\kappa+\mu}{e}\right)^{\frac{1}{2}(\kappa+\mu)}\*\Phi(\kappa,\mu,x )\*\left(U\left(\mu-\kappa,\zeta\sqrt{2\mu}\right)+\mathrm{env}\mskip-1.0mu \overline{U}\left(\mu-\kappa,-\zeta\sqrt{2\mu}\right)O\left(\mu^{-\frac{2}{3}} \right)\right),</Math> <Math equation-number="13.20.19" mode="display" xml:id="C13.S20.E19">M_{\kappa,\mu}\left(x\right)=\left(8\mu\right)^{\frac{1}{4}}\*\left(\frac{2\mu }{e}\right)^{2\mu}\*\left(\frac{e}{\kappa+\mu}\right)^{\frac{1}{2}(\kappa+\mu) }\*\Phi(\kappa,\mu,x)\*\left(U\left(\mu-\kappa,-\zeta\sqrt{2\mu}\right)+ \mathrm{env}\mskip-1.0mu U\left(\mu-\kappa,-\zeta\sqrt{2\mu}\right)O\left(\mu^ {-\frac{2}{3}}\right)\right),</Math> 
</sentence>

</para>
  
<para xml:id="C13.S20.SS4.p4">

<sentence sentence-num-in-para="1" sentence-num-in-section="18" xml:id="C13.S20.SS4.p4.s1">
uniformly with respect to <Math mode="inline" xml:id="C13.S20.SS4.p4.m1">\zeta\in(-\infty,0]</Math> and <Math mode="inline" xml:id="C13.S20.SS4.p4.m2">\kappa\in[\mu,\mu/\delta]</Math>.
</sentence>

</para>
 
<para xml:id="C13.S20.SS4.p5">

<sentence sentence-num-in-para="1" sentence-num-in-section="19" xml:id="C13.S20.SS4.p5.s1">
For the parabolic cylinder functions <Math mode="inline" xml:id="C13.S20.SS4.p5.m1">U</Math> and <Math mode="inline" xml:id="C13.S20.SS4.p5.m2">\overline{U}</Math> see §12.2, and for the <Math mode="inline" xml:id="C13.S20.SS4.p5.m3">\mathrm{env}</Math> functions associated with <Math mode="inline" xml:id="C13.S20.SS4.p5.m4">U</Math> and <Math mode="inline" xml:id="C13.S20.SS4.p5.m5">\overline{U}</Math> see §14.15(v).
</sentence>

</para>
 
<para xml:id="C13.S20.SS4.p6">

<sentence sentence-num-in-para="1" sentence-num-in-section="20" xml:id="C13.S20.SS4.p6.s1">
These results are proved in Olver (1980b).
</sentence>

<sentence sentence-num-in-para="2" sentence-num-in-section="21" xml:id="C13.S20.SS4.p6.s2">
Equations (13.20.17) and (13.20.18) are simpler than (6.10) and (6.11) in this reference.
</sentence>

<sentence sentence-num-in-para="3" sentence-num-in-section="22" xml:id="C13.S20.SS4.p6.s3">
Olver (1980b) also supplies error bounds and corresponding approximations when <Math mode="inline" xml:id="C13.S20.SS4.p6.m1">x</Math> , <Math mode="inline" xml:id="C13.S20.SS4.p6.m2">\kappa</Math> , and <Math mode="inline" xml:id="C13.S20.SS4.p6.m3">\mu</Math> are replaced by <Math mode="inline" xml:id="C13.S20.SS4.p6.m4">\mathrm{i}x</Math> , <Math mode="inline" xml:id="C13.S20.SS4.p6.m5">\mathrm{i}\kappa</Math> , and <Math mode="inline" xml:id="C13.S20.SS4.p6.m6">\mathrm{i}\mu</Math> , respectively.
</sentence>

</para>
 
<para xml:id="C13.S20.SS4.p7">

<sentence sentence-num-in-para="1" sentence-num-in-section="23" xml:id="C13.S20.SS4.p7.s1">
It should be noted that (13.20.11),(13.20.16), and (13.20.18)differ only in the common error terms.
</sentence>

<sentence sentence-num-in-para="2" sentence-num-in-section="24" xml:id="C13.S20.SS4.p7.s2">
Hence without the error terms the approximation holds for <Math mode="inline" xml:id="C13.S20.SS4.p7.m1">-(1-\delta)\mu\leq\kappa\leq\mu/\delta</Math>.
</sentence>

<sentence sentence-num-in-para="3" sentence-num-in-section="25" xml:id="C13.S20.SS4.p7.s3">
Similarly for (13.20.12),(13.20.17), and (13.20.19).
</sentence>

</para>
  
 
</subsection>
 
<subsection xml:id="C13.S20.SS5">
<title>Large <Math mode="inline" xml:id="C13.S20.SS5.m1">\mu</Math>, Other Expansions</title>         
<para xml:id="C13.S20.SS5.p1">

<sentence sentence-num-in-para="1" sentence-num-in-section="26" xml:id="C13.S20.SS5.p1.s1">
For uniform approximations valid when <Math mode="inline" xml:id="C13.S20.SS5.p1.m1">\mu</Math> is large, <Math mode="inline" xml:id="C13.S20.SS5.p1.m2">x/\mathrm{i}\in(0,\infty)</Math> , and <Math mode="inline" xml:id="C13.S20.SS5.p1.m3">\kappa/\mathrm{i}\in[0,\mu/\delta]</Math> , see Olver (1997b, pp. 401–403).
</sentence>

<sentence sentence-num-in-para="2" sentence-num-in-section="27" xml:id="C13.S20.SS5.p1.s2">
These approximations are in terms of Airy functions.
</sentence>

</para>
 
<para xml:id="C13.S20.SS5.p2">

<sentence sentence-num-in-para="1" sentence-num-in-section="28" xml:id="C13.S20.SS5.p2.s1">
For uniform approximations of <Math mode="inline" xml:id="C13.S20.SS5.p2.m1">M_{\kappa,\mathrm{i}\mu}\left(z\right)</Math> and <Math mode="inline" xml:id="C13.S20.SS5.p2.m2">W_{\kappa,\mathrm{i}\mu}\left(z\right)</Math> , <Math mode="inline" xml:id="C13.S20.SS5.p2.m3">\kappa</Math> and <Math mode="inline" xml:id="C13.S20.SS5.p2.m4">\mu</Math> real, one or both large, see Dunster (2003a).
</sentence>

</para>
 
</subsection>
 
</section>
