<?xml version="1.0" encoding="UTF-8"?>
<section xml:id="C13.S30">
<title>Tables</title>         
 
<para xml:id="C13.S30.p1">

<sentence sentence-num-in-para="1" sentence-num-in-section="1" xml:id="C13.S30.p1.s1">
Žurina and Osipova (1964) tabulates <Math mode="inline" xml:id="C13.S30.I1.i1.p1.m1">M\left(a,b,x\right)</Math> and <Math mode="inline" xml:id="C13.S30.I1.i1.p1.m2">U\left(a,b,x\right)</Math> for <Math mode="inline" xml:id="C13.S30.I1.i1.p1.m3">b=2</Math> , <Math mode="inline" xml:id="C13.S30.I1.i1.p1.m4">a=-0.98(.02)1.1</Math> 0, <Math mode="inline" xml:id="C13.S30.I1.i1.p1.m5">x=0(.01)</Math> 4, 7D or 7S. Slater (1960) tabulates <Math mode="inline" xml:id="C13.S30.I1.i2.p1.m1">M\left(a,b,x\right)</Math> for <Math mode="inline" xml:id="C13.S30.I1.i2.p1.m2">a=-1(.1)</Math> 1, <Math mode="inline" xml:id="C13.S30.I1.i2.p1.m3">b=0.1(.1)</Math> 1, and <Math mode="inline" xml:id="C13.S30.I1.i2.p1.m4">x=0.1(.1)1</Math> 0, 7–9S; <Math mode="inline" xml:id="C13.S30.I1.i2.p1.m5">M\left(a,b,1\right)</Math> for <Math mode="inline" xml:id="C13.S30.I1.i2.p1.m6">a=-11(.2)</Math> 2 and <Math mode="inline" xml:id="C13.S30.I1.i2.p1.m7">b=-4(.2)</Math> 1, 7D; the smallest positive <Math mode="inline" xml:id="C13.S30.I1.i2.p1.m8">x</Math> -zero of <Math mode="inline" xml:id="C13.S30.I1.i2.p1.m9">M\left(a,b,x\right)</Math> for <Math mode="inline" xml:id="C13.S30.I1.i2.p1.m10">a=-4(.1){-}0.</Math>
</sentence>

<sentence sentence-num-in-para="2" sentence-num-in-section="2" xml:id="C13.S30.p1.s2">
1 and <Math mode="inline" xml:id="C13.S30.I1.i2.p1.m11">b=0.1(.1)2.</Math>
</sentence>

<sentence sentence-num-in-para="3" sentence-num-in-section="3" xml:id="C13.S30.p1.s3">
5, 7D.
</sentence>

<sentence sentence-num-in-para="4" sentence-num-in-section="4" xml:id="C13.S30.p1.s4">
Abramowitz and Stegun (1964, Chapter 13) tabulates <Math mode="inline" xml:id="C13.S30.I1.i3.p1.m1">M\left(a,b,x\right)</Math> for <Math mode="inline" xml:id="C13.S30.I1.i3.p1.m2">a=-1(.1)</Math> 1, <Math mode="inline" xml:id="C13.S30.I1.i3.p1.m3">b=0.1(.1)</Math> 1, and <Math mode="inline" xml:id="C13.S30.I1.i3.p1.m4">x=0.1(.1)1(1)1</Math> 0, 8S. Also thesmallest positive <Math mode="inline" xml:id="C13.S30.I1.i3.p1.m5">x</Math> -zero of <Math mode="inline" xml:id="C13.S30.I1.i3.p1.m6">M\left(a,b,x\right)</Math> for <Math mode="inline" xml:id="C13.S30.I1.i3.p1.m7">a=-1(.1){-}0.</Math>
</sentence>

<sentence sentence-num-in-para="5" sentence-num-in-section="5" xml:id="C13.S30.p1.s5">
1 and <Math mode="inline" xml:id="C13.S30.I1.i3.p1.m8">b=0.1(.1)</Math> 1, 7D.
</sentence>

<sentence sentence-num-in-para="6" sentence-num-in-section="6" xml:id="C13.S30.p1.s6">
Zhang and Jin (1996, pp. 411–423) tabulates <Math mode="inline" xml:id="C13.S30.I1.i4.p1.m1">M\left(a,b,x\right)</Math> and <Math mode="inline" xml:id="C13.S30.I1.i4.p1.m2">U\left(a,b,x\right)</Math> for <Math mode="inline" xml:id="C13.S30.I1.i4.p1.m3">a=-5(.5)</Math> 5, <Math mode="inline" xml:id="C13.S30.I1.i4.p1.m4">b=0.5(.5)</Math> 5, and <Math mode="inline" xml:id="C13.S30.I1.i4.p1.m5">x=0.1,1,5,10,20,3</Math> 0, 8S (for <Math mode="inline" xml:id="C13.S30.I1.i4.p1.m6">M\left(a,b,x\right)</Math> ) and 7S (for <Math mode="inline" xml:id="C13.S30.I1.i4.p1.m7">U\left(a,b,x\right)</Math> ).
</sentence>

</para>
 
<para xml:id="C13.S30.p2">

<sentence sentence-num-in-para="1" sentence-num-in-section="7" xml:id="C13.S30.p2.s1">
For other tables prior to 1961 see Fletcher et al. (1962) and Lebedev and Fedorova (1960).
</sentence>

</para>
 
</section>
