<?xml version="1.0" encoding="UTF-8"?>
<section xml:id="C13.S5">
<title>Continued Fractions</title>          
<para xml:id="C13.S5.p1">

<sentence sentence-num-in-para="1" sentence-num-in-section="1" xml:id="C13.S5.p1.s1">
If <Math mode="inline" xml:id="C13.S5.p1.m1">a,b\in\mathbb{C}</Math> such that <Math mode="inline" xml:id="C13.S5.p1.m2">a\neq-1,-2,-3,\dots</Math> , and <Math mode="inline" xml:id="C13.S5.p1.m3">a-b\neq 0,1,2,\dots</Math> , then <Math equation-number="13.5.1" mode="display" xml:id="C13.S5.E1">\frac{M\left(a,b,z\right)}{M\left(a+1,b+1,z\right)}=1+\cfrac{u_{1}z}{1+\cfrac{ u_{2}z}{1+\cdots}},</Math> where <Math equation-number="13.5.2" mode="display" xml:id="C13.S5.E2">u_{2n+1}=\frac{a-b-n}{(b+2n)(b+2n+1)}, ,u_{2n}=\frac{a+n}{(b+2n-1)(b+2n)}, </Math>.
</sentence>

<sentence sentence-num-in-para="2" sentence-num-in-section="2" xml:id="C13.S5.p1.s2">
This continued fraction converges to the meromorphic function of <Math mode="inline" xml:id="C13.S5.p1.m4">z</Math> on the left-hand side everywhere in <Math mode="inline" xml:id="C13.S5.p1.m5">\mathbb{C}</Math>.
</sentence>

<sentence sentence-num-in-para="3" sentence-num-in-section="3" xml:id="C13.S5.p1.s3">
For more details on how a continued fraction converges to a meromorphic function seeJones and Thron (1980).
</sentence>

</para>
 
<para xml:id="C13.S5.p2">

<sentence sentence-num-in-para="1" sentence-num-in-section="4" xml:id="C13.S5.p2.s1">
If <Math mode="inline" xml:id="C13.S5.p2.m1">a,b\in\mathbb{C}</Math> such that <Math mode="inline" xml:id="C13.S5.p2.m2">a\neq 0,-1,-2,\dots</Math> , and <Math mode="inline" xml:id="C13.S5.p2.m3">b-a\neq 2,3,4,\dots</Math> , then <Math equation-number="13.5.3" mode="display" xml:id="C13.S5.E3">\frac{U\left(a,b,z\right)}{U\left(a,b-1,z\right)}=1+\cfrac{v_{1}/z}{1+\cfrac{v _{2}/z}{1+\cdots}},</Math> where <Math equation-number="13.5.4" mode="display" xml:id="C13.S5.E4">v_{2n+1}=a+n, ,v_{2n}=a-b+n+1, </Math>.
</sentence>

<sentence sentence-num-in-para="2" sentence-num-in-section="5" xml:id="C13.S5.p2.s2">
This continued fraction converges to the meromorphic function of <Math mode="inline" xml:id="C13.S5.p2.m4">z</Math> on the left-hand side throughout the sector <Math mode="inline" xml:id="C13.S5.p2.m5">|\operatorname{ph}{z}|&lt;\pi</Math>.
</sentence>

</para>
 
<para xml:id="C13.S5.p3">

<sentence sentence-num-in-para="1" sentence-num-in-section="6" xml:id="C13.S5.p3.s1">
See also Cuyt et al. (2008, pp. 322–330).
</sentence>

</para>
 
</section>
