{"expression":{"context-references":{"sentence-num-in-corpus":"1110","sentence-xmlid":"C2.S2.p1.s1","chapter-title":"Asymptotic Approximations","chapter-xmlid":"C2","section-title":"Transcendental Equations","sentence-num-in-chapter":"60","section-xmlid":"C2.S2","sentence-num-in-section":"1","para-num-of-sentences":"2","para-xmlid":"C2.S2.p1"},"xml-id":"C2.S2.p1.m1","tex":"$f(x)$"}}{"expression":{"context-references":{"sentence-num-in-corpus":"1110","sentence-xmlid":"C2.S2.p1.s1","chapter-title":"Asymptotic Approximations","chapter-xmlid":"C2","section-title":"Transcendental Equations","sentence-num-in-chapter":"60","section-xmlid":"C2.S2","sentence-num-in-section":"1","para-num-of-sentences":"2","para-xmlid":"C2.S2.p1"},"xml-id":"C2.S2.p1.m2","tex":"$a<x<\\infty$"}}{"expression":{"context-references":{"chapter-title":"Asymptotic Approximations","chapter-xmlid":"C2"},"xml-id":"C2.S2.XMD1.m1","tex":"$a$"}}{"expression":{"context-references":{"chapter-title":"Asymptotic Approximations","chapter-xmlid":"C2"},"xml-id":"C2.S2.XMD2.m1","tex":"$f(x)$"}}{"equation":{"symbols-used":[{"symbol":{"tex":"$\\sim$","meaning":"asymptotic equality","idref":"C2.S1.E1","content-tex":"$\\asympeq$"}},{"symbol":{"tex":"$f(x)$","meaning":"function","idref":"C2.S2.p1"}}],"context-references":{"sentence-num-in-corpus":"1110","sentence-xmlid":"C2.S2.p1.s1","chapter-title":"Asymptotic Approximations","chapter-xmlid":"C2","section-title":"Transcendental Equations","sentence-num-in-chapter":"60","section-xmlid":"C2.S2","sentence-num-in-section":"1","para-num-of-sentences":"2","para-xmlid":"C2.S2.p1"},"xml-id":"C2.S2.E1","tex":"$f(x)\\sim x,$","permalink":"http:\/\/dlmf.nist.gov\/2.2.E1","equation-number":"2.2.1","constraints":{"tex":"$x\\to\\infty$."},"content-tex":"$f(x)\\asympeq x,$"}}{"expression":{"context-references":{"sentence-num-in-corpus":"1111","sentence-xmlid":"C2.S2.p1.s2","chapter-title":"Asymptotic Approximations","chapter-xmlid":"C2","section-title":"Transcendental Equations","sentence-num-in-chapter":"61","section-xmlid":"C2.S2","sentence-num-in-section":"2","para-num-of-sentences":"2","para-xmlid":"C2.S2.p1"},"xml-id":"C2.S2.p1.m3","tex":"$y>f(a)$"}}{"expression":{"context-references":{"sentence-num-in-corpus":"1111","sentence-xmlid":"C2.S2.p1.s2","chapter-title":"Asymptotic Approximations","chapter-xmlid":"C2","section-title":"Transcendental Equations","sentence-num-in-chapter":"61","section-xmlid":"C2.S2","sentence-num-in-section":"2","para-num-of-sentences":"2","para-xmlid":"C2.S2.p1"},"xml-id":"C2.S2.p1.m4","tex":"$f(x)=y$"}}{"expression":{"context-references":{"sentence-num-in-corpus":"1111","sentence-xmlid":"C2.S2.p1.s2","chapter-title":"Asymptotic Approximations","chapter-xmlid":"C2","section-title":"Transcendental Equations","sentence-num-in-chapter":"61","section-xmlid":"C2.S2","sentence-num-in-section":"2","para-num-of-sentences":"2","para-xmlid":"C2.S2.p1"},"xml-id":"C2.S2.p1.m5","tex":"$x=x(y)$"}}{"expression":{"context-references":{"chapter-title":"Asymptotic Approximations","chapter-xmlid":"C2"},"xml-id":"C2.S2.XMD3.m1","tex":"$y$"}}{"expression":{"context-references":{"sentence-num-in-corpus":"1111","sentence-xmlid":"C2.S2.p1.s2","chapter-title":"Asymptotic Approximations","chapter-xmlid":"C2","section-title":"Transcendental Equations","sentence-num-in-chapter":"61","section-xmlid":"C2.S2","sentence-num-in-section":"2","para-num-of-sentences":"2","para-xmlid":"C2.S2.p1"},"xml-id":"C2.S2.p1.m6","tex":"$(a,\\infty)$"}}{"equation":{"symbols-used":[{"symbol":{"tex":"$\\sim$","meaning":"asymptotic equality","idref":"C2.S1.E1","content-tex":"$\\asympeq$"}},{"symbol":{"tex":"$y$","meaning":"root","idref":"C2.S2.p1"}}],"context-references":{"sentence-num-in-corpus":"1111","sentence-xmlid":"C2.S2.p1.s2","chapter-title":"Asymptotic Approximations","chapter-xmlid":"C2","section-title":"Transcendental Equations","sentence-num-in-chapter":"61","section-xmlid":"C2.S2","sentence-num-in-section":"2","para-num-of-sentences":"2","para-xmlid":"C2.S2.p1"},"xml-id":"C2.S2.E2","tex":"$x(y)\\sim y,$","permalink":"http:\/\/dlmf.nist.gov\/2.2.E2","equation-number":"2.2.2","constraints":{"tex":"$y\\to\\infty$."},"content-tex":"$x(y)\\asympeq y,$"}}{"equation":{"symbols-used":[{"symbol":{"tex":"$\\ln\\NVar{z}$","meaning":"principal branch of logarithm function","idref":"C4.S2.E2","content-tex":"$\\ln@@{\\NVar{z}}$"}},{"symbol":{"tex":"$y$","meaning":"root","idref":"C2.S2.p1"}}],"context-references":{"sentence-num-in-corpus":"1112","sentence-xmlid":"C2.S2.Px1.p1.s1","chapter-title":"Asymptotic Approximations","chapter-xmlid":"C2","paragraph-title":"Example","paragraph-xmlid":"C2.S2.Px1","section-title":"Transcendental Equations","sentence-num-in-chapter":"62","section-xmlid":"C2.S2","sentence-num-in-section":"3","para-num-of-sentences":"6","para-xmlid":"C2.S2.Px1.p1"},"xml-id":"C2.S2.E3","tex":"$t^{2}-\\ln t=y.$","permalink":"http:\/\/dlmf.nist.gov\/2.2.E3","equation-number":"2.2.3","content-tex":"$t^{2}-\\ln@@{t}=y.$"}}{"expression":{"context-references":{"sentence-num-in-corpus":"1113","sentence-xmlid":"C2.S2.Px1.p1.s2","chapter-title":"Asymptotic Approximations","chapter-xmlid":"C2","paragraph-title":"Example","paragraph-xmlid":"C2.S2.Px1","section-title":"Transcendental Equations","sentence-num-in-chapter":"63","section-xmlid":"C2.S2","sentence-num-in-section":"4","para-num-of-sentences":"6","para-xmlid":"C2.S2.Px1.p1"},"xml-id":"C2.S2.Px1.p1.m1","tex":"$x=t^{2}$"}}{"expression":{"context-references":{"sentence-num-in-corpus":"1113","sentence-xmlid":"C2.S2.Px1.p1.s2","chapter-title":"Asymptotic Approximations","chapter-xmlid":"C2","paragraph-title":"Example","paragraph-xmlid":"C2.S2.Px1","section-title":"Transcendental Equations","sentence-num-in-chapter":"63","section-xmlid":"C2.S2","sentence-num-in-section":"4","para-num-of-sentences":"6","para-xmlid":"C2.S2.Px1.p1"},"xml-id":"C2.S2.Px1.p1.m2","tex":"$f(x)=x-\\frac{1}{2}\\ln x$","content-tex":"$f(x)=x-\\frac{1}{2}\\ln@@{x}$"}}{"expression":{"context-references":{"sentence-num-in-corpus":"1114","sentence-xmlid":"C2.S2.Px1.p1.s3","chapter-title":"Asymptotic Approximations","chapter-xmlid":"C2","paragraph-title":"Example","paragraph-xmlid":"C2.S2.Px1","section-title":"Transcendental Equations","sentence-num-in-chapter":"64","section-xmlid":"C2.S2","sentence-num-in-section":"5","para-num-of-sentences":"6","para-xmlid":"C2.S2.Px1.p1"},"xml-id":"C2.S2.Px1.p1.m3","tex":"$a=\\frac{1}{2}$"}}{"equation":{"symbols-used":[{"symbol":{"tex":"$o\\left(\\NVar{x}\\right)$","meaning":"order less than","idref":"C2.S1.E2","content-tex":"$\\littleo@{\\NVar{x}}$"}},{"symbol":{"tex":"$y$","meaning":"root","idref":"C2.S2.p1"}}],"context-references":{"sentence-num-in-corpus":"1115","sentence-xmlid":"C2.S2.Px1.p1.s4","chapter-title":"Asymptotic Approximations","chapter-xmlid":"C2","paragraph-title":"Example","paragraph-xmlid":"C2.S2.Px1","section-title":"Transcendental Equations","sentence-num-in-chapter":"65","section-xmlid":"C2.S2","sentence-num-in-section":"6","para-num-of-sentences":"6","para-xmlid":"C2.S2.Px1.p1"},"xml-id":"C2.S2.E4","tex":"$t=y^{\\frac{1}{2}}\\left(1+o\\left(1\\right)\\right),$","permalink":"http:\/\/dlmf.nist.gov\/2.2.E4","equation-number":"2.2.4","constraints":{"tex":"$y\\to\\infty$."},"content-tex":"$t=y^{\\frac{1}{2}}\\left(1+\\littleo@{1}\\right),$"}}{"equation":{"symbols-used":[{"symbol":{"tex":"$o\\left(\\NVar{x}\\right)$","meaning":"order less than","idref":"C2.S1.E2","content-tex":"$\\littleo@{\\NVar{x}}$"}},{"symbol":{"tex":"$\\ln\\NVar{z}$","meaning":"principal branch of logarithm function","idref":"C4.S2.E2","content-tex":"$\\ln@@{\\NVar{z}}$"}},{"symbol":{"tex":"$y$","meaning":"root","idref":"C2.S2.p1"}}],"context-references":{"sentence-num-in-corpus":"1117","sentence-xmlid":"C2.S2.Px1.p1.s6","chapter-title":"Asymptotic Approximations","chapter-xmlid":"C2","paragraph-title":"Example","paragraph-xmlid":"C2.S2.Px1","section-title":"Transcendental Equations","sentence-num-in-chapter":"67","section-xmlid":"C2.S2","sentence-num-in-section":"8","para-num-of-sentences":"6","para-xmlid":"C2.S2.Px1.p1"},"xml-id":"C2.S2.E5","tex":"$t^{2}=y+\\ln t=y+\\tfrac{1}{2}\\ln y+o\\left(1\\right),$","permalink":"http:\/\/dlmf.nist.gov\/2.2.E5","equation-number":"2.2.5","content-tex":"$t^{2}=y+\\ln@@{t}=y+\\tfrac{1}{2}\\ln@@{y}+\\littleo@{1},$"}}{"equation":{"symbols-used":[{"symbol":{"tex":"$o\\left(\\NVar{x}\\right)$","meaning":"order less than","idref":"C2.S1.E2","content-tex":"$\\littleo@{\\NVar{x}}$"}},{"symbol":{"tex":"$\\ln\\NVar{z}$","meaning":"principal branch of logarithm function","idref":"C4.S2.E2","content-tex":"$\\ln@@{\\NVar{z}}$"}},{"symbol":{"tex":"$y$","meaning":"root","idref":"C2.S2.p1"}}],"context-references":{"sentence-num-in-corpus":"1117","sentence-xmlid":"C2.S2.Px1.p1.s6","chapter-title":"Asymptotic Approximations","chapter-xmlid":"C2","paragraph-title":"Example","paragraph-xmlid":"C2.S2.Px1","section-title":"Transcendental Equations","sentence-num-in-chapter":"67","section-xmlid":"C2.S2","sentence-num-in-section":"8","para-num-of-sentences":"6","para-xmlid":"C2.S2.Px1.p1"},"xml-id":"C2.S2.E6","tex":"$t=y^{\\frac{1}{2}}\\left(1+\\tfrac{1}{4}y^{-1}\\ln y+o\\left(y^{-1}\\right)\\right),$","permalink":"http:\/\/dlmf.nist.gov\/2.2.E6","equation-number":"2.2.6","constraints":{"tex":"$y\\to\\infty$."},"content-tex":"$t=y^{\\frac{1}{2}}\\left(1+\\tfrac{1}{4}y^{-1}\\ln@@{y}+\\littleo@{y^{-1}}\\right),$"}}{"expression":{"context-references":{"chapter-title":"Asymptotic Approximations","chapter-xmlid":"C2"},"xml-id":"C2.S2.XMD4.m1","tex":"$f_{s}$"}}{"equation":{"symbols-used":[{"symbol":{"tex":"$\\sim$","meaning":"Poincaré asymptotic expansion","idref":"C2.S1.SS3.p1","content-tex":"$\\asympexp$"}},{"symbol":{"tex":"$f(x)$","meaning":"function","idref":"C2.S2.p1"}},{"symbol":{"tex":"$f_{s}$","meaning":"coefficients","idref":"C2.S2.Px1.p2"}}],"context-references":{"sentence-num-in-corpus":"1119","sentence-xmlid":"C2.S2.Px1.p2.s2","chapter-title":"Asymptotic Approximations","chapter-xmlid":"C2","paragraph-title":"Example","paragraph-xmlid":"C2.S2.Px1","section-title":"Transcendental Equations","sentence-num-in-chapter":"69","section-xmlid":"C2.S2","sentence-num-in-section":"10","para-num-of-sentences":"6","para-xmlid":"C2.S2.Px1.p2"},"xml-id":"C2.S2.E7","tex":"$f(x)\\sim x+f_{0}+f_{1}x^{-1}+f_{2}x^{-2}+\\cdots,$","permalink":"http:\/\/dlmf.nist.gov\/2.2.E7","equation-number":"2.2.7","constraints":{"tex":"$x\\to\\infty$."},"content-tex":"$f(x)\\asympexp x+f_{0}+f_{1}x^{-1}+f_{2}x^{-2}+\\cdots,$"}}{"equation":{"symbols-used":[{"symbol":{"tex":"$\\sim$","meaning":"Poincaré asymptotic expansion","idref":"C2.S1.SS3.p1","content-tex":"$\\asympexp$"}},{"symbol":{"tex":"$y$","meaning":"root","idref":"C2.S2.p1"}},{"symbol":{"tex":"$F_{s}$","meaning":"coefficients","idref":"C2.S2.Px1.p2"}}],"context-references":{"sentence-num-in-corpus":"1120","sentence-xmlid":"C2.S2.Px1.p2.s3","chapter-title":"Asymptotic Approximations","chapter-xmlid":"C2","paragraph-title":"Example","paragraph-xmlid":"C2.S2.Px1","section-title":"Transcendental Equations","sentence-num-in-chapter":"70","section-xmlid":"C2.S2","sentence-num-in-section":"11","para-num-of-sentences":"6","para-xmlid":"C2.S2.Px1.p2"},"xml-id":"C2.S2.E8","tex":"$x\\sim y-F_{0}-F_{1}y^{-1}-F_{2}y^{-2}-\\cdots,$","permalink":"http:\/\/dlmf.nist.gov\/2.2.E8","equation-number":"2.2.8","constraints":{"tex":"$y\\to\\infty$,"},"content-tex":"$x\\asympexp y-F_{0}-F_{1}y^{-1}-F_{2}y^{-2}-\\cdots,$"}}{"expression":{"context-references":{"chapter-title":"Asymptotic Approximations","chapter-xmlid":"C2"},"xml-id":"C2.S2.XMD5.m1","tex":"$F_{s}$"}}{"expression":{"context-references":{"sentence-num-in-corpus":"1120","sentence-xmlid":"C2.S2.Px1.p2.s3","chapter-title":"Asymptotic Approximations","chapter-xmlid":"C2","paragraph-title":"Example","paragraph-xmlid":"C2.S2.Px1","section-title":"Transcendental Equations","sentence-num-in-chapter":"70","section-xmlid":"C2.S2","sentence-num-in-section":"11","para-num-of-sentences":"6","para-xmlid":"C2.S2.Px1.p2"},"xml-id":"C2.S2.Px1.p2.m1","tex":"$F_{0}=f_{0}$"}}{"expression":{"context-references":{"sentence-num-in-corpus":"1120","sentence-xmlid":"C2.S2.Px1.p2.s3","chapter-title":"Asymptotic Approximations","chapter-xmlid":"C2","paragraph-title":"Example","paragraph-xmlid":"C2.S2.Px1","section-title":"Transcendental Equations","sentence-num-in-chapter":"70","section-xmlid":"C2.S2","sentence-num-in-section":"11","para-num-of-sentences":"6","para-xmlid":"C2.S2.Px1.p2"},"xml-id":"C2.S2.Px1.p2.m2","tex":"$sF_{s}$"}}{"expression":{"context-references":{"sentence-num-in-corpus":"1120","sentence-xmlid":"C2.S2.Px1.p2.s3","chapter-title":"Asymptotic Approximations","chapter-xmlid":"C2","paragraph-title":"Example","paragraph-xmlid":"C2.S2.Px1","section-title":"Transcendental Equations","sentence-num-in-chapter":"70","section-xmlid":"C2.S2","sentence-num-in-section":"11","para-num-of-sentences":"6","para-xmlid":"C2.S2.Px1.p2"},"xml-id":"C2.S2.Px1.p2.m3","tex":"$s\\geq 1$"}}{"expression":{"context-references":{"sentence-num-in-corpus":"1120","sentence-xmlid":"C2.S2.Px1.p2.s3","chapter-title":"Asymptotic Approximations","chapter-xmlid":"C2","paragraph-title":"Example","paragraph-xmlid":"C2.S2.Px1","section-title":"Transcendental Equations","sentence-num-in-chapter":"70","section-xmlid":"C2.S2","sentence-num-in-section":"11","para-num-of-sentences":"6","para-xmlid":"C2.S2.Px1.p2"},"xml-id":"C2.S2.Px1.p2.m4","tex":"$x^{-1}$"}}{"expression":{"context-references":{"sentence-num-in-corpus":"1120","sentence-xmlid":"C2.S2.Px1.p2.s3","chapter-title":"Asymptotic Approximations","chapter-xmlid":"C2","paragraph-title":"Example","paragraph-xmlid":"C2.S2.Px1","section-title":"Transcendental Equations","sentence-num-in-chapter":"70","section-xmlid":"C2.S2","sentence-num-in-section":"11","para-num-of-sentences":"6","para-xmlid":"C2.S2.Px1.p2"},"xml-id":"C2.S2.Px1.p2.m5","tex":"$(f(x))^{s}$"}}{"expression":{"context-references":{"sentence-num-in-corpus":"1121","sentence-xmlid":"C2.S2.Px1.p2.s4","chapter-title":"Asymptotic Approximations","chapter-xmlid":"C2","paragraph-title":"Example","paragraph-xmlid":"C2.S2.Px1","section-title":"Transcendental Equations","sentence-num-in-chapter":"71","section-xmlid":"C2.S2","sentence-num-in-section":"12","para-num-of-sentences":"6","para-xmlid":"C2.S2.Px1.p2"},"xml-id":"C2.S2.Px1.p2.m6","tex":"$\\mathbb{C}$","content-tex":"$\\Complexes$"}}