<?xml version="1.0" encoding="UTF-8"?>
<section xml:id="C18.S10">
<title>Integral Representations</title>        
  
<subsection xml:id="C18.S10.SS1">
<title>Dirichlet-Mehler-Type Integral Representations</title>        
 
<paragraph xml:id="C18.S10.Px1">
<title>Ultraspherical</title>    
<para xml:id="C18.S10.Px1.p1">

<sentence sentence-num-in-para="1" sentence-num-in-section="1" xml:id="C18.S10.Px1.p1.s1">
 <Math equation-number="18.10.1" mode="display" xml:id="C18.S10.E1">\frac{P^{(\alpha,\alpha)}_{n}\left(\cos\theta\right)}{P^{(\alpha,\alpha)}_{n} \left(1\right)}=\frac{C^{(\alpha+\frac{1}{2})}_{n}\left(\cos\theta\right)}{C^{ (\alpha+\frac{1}{2})}_{n}\left(1\right)}=\frac{2^{\alpha+\frac{1}{2}}\Gamma \left(\alpha+1\right)}{\pi^{\frac{1}{2}}\Gamma\left(\alpha+\frac{1}{2}\right)} (\sin\theta)^{-2\alpha}\int_{0}^{\theta}\frac{\cos\left((n+\alpha+\tfrac{1}{2} )\phi\right)}{(\cos\phi-\cos\theta)^{-\alpha+\frac{1}{2}}}\mathrm{d}\phi, if 0&lt;\theta&lt;\pi, \alpha&gt;-\tfrac{1}{2}</Math>.
</sentence>

</para>
 
</paragraph>
 
<paragraph xml:id="C18.S10.Px2">
<title>Legendre</title>   
 
<para xml:id="C18.S10.Px2.p1">

<sentence sentence-num-in-para="1" sentence-num-in-section="2" xml:id="C18.S10.Px2.p1.s1">
 <Math equation-number="18.10.2" mode="display" xml:id="C18.S10.E2">P_{n}\left(\cos\theta\right)=\frac{2^{\frac{1}{2}}}{\pi}\int_{0}^{\theta}\frac {\cos\left((n+\tfrac{1}{2})\phi\right)}{(\cos\phi-\cos\theta)^{\frac{1}{2}}} \mathrm{d}\phi, if 0&lt;\theta&lt;\pi</Math>.
</sentence>

</para>
 
<para xml:id="C18.S10.Px2.p2">

<sentence sentence-num-in-para="1" sentence-num-in-section="3" xml:id="C18.S10.Px2.p2.s1">
Generalizations of (18.10.1) are given inGasper (1975, (6), (8)) and Koornwinder (1975a, (5.7), (5.8)).
</sentence>

</para>
 
</paragraph>
 
</subsection>
 
<subsection xml:id="C18.S10.SS2">
<title>Laplace-Type Integral Representations</title>         
<paragraph xml:id="C18.S10.Px3">
<title>Jacobi</title>    
<para xml:id="C18.S10.Px3.p1">

<sentence sentence-num-in-para="1" sentence-num-in-section="4" xml:id="C18.S10.Px3.p1.s1">
 <Math equation-number="18.10.3" mode="display" xml:id="C18.S10.E3">\frac{P^{(\alpha,\beta)}_{n}\left(\cos\theta\right)}{P^{(\alpha,\beta)}_{n} \left(1\right)}=\frac{2\Gamma\left(\alpha+1\right)}{\pi^{\frac{1}{2}}\Gamma \left(\alpha-\beta\right)\Gamma\left(\beta+\tfrac{1}{2}\right)}\*\int_{0}^{1} \int_{0}^{\pi}\left((\cos\tfrac{1}{2}\theta)^{2}-r^{2}(\sin\tfrac{1}{2}\theta) ^{2}+ir\sin\theta\cos\phi\right)^{n}(1-r^{2})^{\alpha-\beta-1}r^{2\beta+1}( \sin\phi)^{2\beta}\mathrm{d}\phi\mathrm{d}r, if \alpha&gt;\beta&gt;-\tfrac{1}{2}</Math>.
</sentence>

</para>
 
</paragraph>
 
<paragraph xml:id="C18.S10.Px4">
<title>Ultraspherical</title>    
<para xml:id="C18.S10.Px4.p1">

<sentence sentence-num-in-para="1" sentence-num-in-section="5" xml:id="C18.S10.Px4.p1.s1">
 <Math equation-number="18.10.4" mode="display" xml:id="C18.S10.E4">{\frac{P^{(\alpha,\alpha)}_{n}\left(\cos\theta\right)}{P^{(\alpha,\alpha)}_{n} \left(1\right)}=\frac{C^{(\alpha+\frac{1}{2})}_{n}\left(\cos\theta\right)}{C^{ (\alpha+\frac{1}{2})}_{n}\left(1\right)}}=\frac{\Gamma\left(\alpha+1\right)}{ \pi^{\frac{1}{2}}\Gamma{(\alpha+\tfrac{1}{2})}}\*{\int_{0}^{\pi}(\cos\theta+i \sin\theta\cos\phi)^{n}\*(\sin\phi)^{2\alpha}\mathrm{d}\phi}, if \alpha&gt;-\frac{1}{2}</Math>.
</sentence>

</para>
 
</paragraph>
 
<paragraph xml:id="C18.S10.Px5">
<title>Legendre</title>  
 
<para xml:id="C18.S10.Px5.p1">

<sentence sentence-num-in-para="1" sentence-num-in-section="6" xml:id="C18.S10.Px5.p1.s1">
 <Math equation-number="18.10.5" mode="display" xml:id="C18.S10.E5">P_{n}\left(\cos\theta\right)=\frac{1}{\pi}\int_{0}^{\pi}(\cos\theta+i\sin \theta\cos\phi)^{n}\mathrm{d}\phi</Math>.
</sentence>

</para>
 
</paragraph>
 
<paragraph xml:id="C18.S10.Px6">
<title>Laguerre</title>    
<para xml:id="C18.S10.Px6.p1">

<sentence sentence-num-in-para="1" sentence-num-in-section="7" xml:id="C18.S10.Px6.p1.s1">
 <Math equation-number="18.10.6" mode="display" xml:id="C18.S10.E6">L^{(\alpha)}_{n}\left(x^{2}\right)=\frac{2(-1)^{n}}{\pi^{\frac{1}{2}}\Gamma \left(\alpha+\tfrac{1}{2}\right)n!}\*\int_{0}^{\infty}\int_{0}^{\pi}{(x^{2}-r^ {2}+2ixr\cos\phi)^{n}}\*e^{-r^{2}}r^{2\alpha+1}(\sin\phi)^{2\alpha}\mathrm{d} \phi\mathrm{d}r, if \alpha&gt;-\frac{1}{2}</Math>.
</sentence>

</para>

 
</paragraph>
 
<paragraph xml:id="C18.S10.Px7">
<title>Hermite</title>    
<para xml:id="C18.S10.Px7.p1">

<sentence sentence-num-in-para="1" sentence-num-in-section="8" xml:id="C18.S10.Px7.p1.s1">
 <Math equation-number="18.10.7" mode="display" xml:id="C18.S10.E7">H_{n}\left(x\right)=\frac{2^{n}}{\pi^{\frac{1}{2}}}\int_{-\infty}^{\infty}(x+ it)^{n}e^{-t^{2}}\mathrm{d}t</Math>.
</sentence>

</para>
 
</paragraph>
 
</subsection>
 
<subsection xml:id="C18.S10.SS3">
<title>Contour Integral Representations</title>        
 
<para xml:id="C18.S10.SS3.p1">

<sentence sentence-num-in-para="1" sentence-num-in-section="9" xml:id="C18.S10.SS3.p1.s1">
Table 18.10.1 gives contour integral representations of the form <Math equation-number="18.10.8" mode="display" xml:id="C18.S10.E8">p_{n}(x)=\frac{g_{0}(x)}{2\pi i}\int_{C}\left(g_{1}(z,x)\right)^{n}g_{2}(z,x)( z-c)^{-1}\mathrm{d}z</Math> for the Jacobi, Laguerre, and Hermite polynomials.
</sentence>

<sentence sentence-num-in-para="2" sentence-num-in-section="10" xml:id="C18.S10.SS3.p1.s2">
Here <Math mode="inline" xml:id="C18.S10.SS3.p1.m1">C</Math> is a simple closed contour encircling <Math mode="inline" xml:id="C18.S10.SS3.p1.m2">z=c</Math> once in the positive sense.
</sentence>

</para>
         
<sentence sentence-num-in-section="11" xml:id="C18.S10.T1.s1">
Table 18.10.1: Classical OP’s: contour integral representations ( ).
</sentence>       

<sentence sentence-num-in-section="12" sentence-num-in-table="1" xml:id="C18.S10.T1.t1.s1">
<Math mode="inline" xml:id="C18.S10.T1.t1.r1.m1">p_{n}(x)</Math>
</sentence>

<sentence sentence-num-in-section="13" sentence-num-in-table="2" xml:id="C18.S10.T1.t1.s2">
<Math mode="inline" xml:id="C18.S10.T1.t1.r1.m2">g_{0}(x)</Math>
</sentence>

<sentence sentence-num-in-section="14" sentence-num-in-table="3" xml:id="C18.S10.T1.t1.s3">
<Math mode="inline" xml:id="C18.S10.T1.t1.r1.m3">g_{1}(z,x)</Math>
</sentence>

<sentence sentence-num-in-section="15" sentence-num-in-table="4" xml:id="C18.S10.T1.t1.s4">
<Math mode="inline" xml:id="C18.S10.T1.t1.r1.m4">g_{2}(z,x)</Math>
</sentence>

<sentence sentence-num-in-section="16" sentence-num-in-table="5" xml:id="C18.S10.T1.t1.s5">
<Math mode="inline" xml:id="C18.S10.T1.t1.r1.m5">c</Math>
</sentence>

<sentence sentence-num-in-section="17" sentence-num-in-table="6" xml:id="C18.S10.T1.t1.s6">
Conditions
</sentence>

<sentence sentence-num-in-section="18" sentence-num-in-table="7" xml:id="C18.S10.T1.t1.s7">
<Math mode="inline" xml:id="C18.S10.T1.t1.r2.m1">P^{(\alpha,\beta)}_{n}\left(x\right)</Math>
</sentence>

<sentence sentence-num-in-section="19" sentence-num-in-table="8" xml:id="C18.S10.T1.t1.s8">
<Math mode="inline" xml:id="C18.S10.T1.t1.r2.m2">(1-x)^{-\alpha}(1+x)^{-\beta}</Math>
</sentence>

<sentence sentence-num-in-section="20" sentence-num-in-table="9" xml:id="C18.S10.T1.t1.s9">
<Math mode="inline" xml:id="C18.S10.T1.t1.r2.m3">\dfrac{z^{2}-1}{2(z-x)}</Math>
</sentence>

<sentence sentence-num-in-section="21" sentence-num-in-table="10" xml:id="C18.S10.T1.t1.s10">
<Math mode="inline" xml:id="C18.S10.T1.t1.r2.m4">(1-z)^{\alpha}(1+z)^{\beta}</Math>
</sentence>

<sentence sentence-num-in-section="22" sentence-num-in-table="11" xml:id="C18.S10.T1.t1.s11">
<Math mode="inline" xml:id="C18.S10.T1.t1.r2.m5">x</Math>
</sentence>

<sentence sentence-num-in-section="23" sentence-num-in-table="12" xml:id="C18.S10.T1.t1.s12">
<Math mode="inline" xml:id="C18.S10.T1.t1.r2.m6">\pm 1</Math> outside <Math mode="inline" xml:id="C18.S10.T1.t1.r2.m7">C</Math>.
</sentence>

<sentence sentence-num-in-section="24" sentence-num-in-table="13" xml:id="C18.S10.T1.t1.s13">
<Math mode="inline" xml:id="C18.S10.T1.t1.r3.m1">C^{(\lambda)}_{n}\left(x\right)</Math>
</sentence>

<sentence sentence-num-in-section="25" sentence-num-in-table="14" xml:id="C18.S10.T1.t1.s14">
<Math mode="inline" xml:id="C18.S10.T1.t1.r3.m2">1</Math>
</sentence>

<sentence sentence-num-in-section="26" sentence-num-in-table="15" xml:id="C18.S10.T1.t1.s15">
<Math mode="inline" xml:id="C18.S10.T1.t1.r3.m3">z^{-1}</Math>
</sentence>

<sentence sentence-num-in-section="27" sentence-num-in-table="16" xml:id="C18.S10.T1.t1.s16">
<Math mode="inline" xml:id="C18.S10.T1.t1.r3.m4">(1-2xz+z^{2})^{-\lambda}</Math>
</sentence>

<sentence sentence-num-in-section="28" sentence-num-in-table="17" xml:id="C18.S10.T1.t1.s17">
<Math mode="inline" xml:id="C18.S10.T1.t1.r3.m5">0</Math>
</sentence>

<sentence sentence-num-in-section="29" sentence-num-in-table="18" xml:id="C18.S10.T1.t1.s18">
<Math mode="inline" xml:id="C18.S10.T1.t1.r3.m6">e^{\pm i\theta}</Math> outside <Math mode="inline" xml:id="C18.S10.T1.t1.r3.m7">C</Math> (where <Math mode="inline" xml:id="C18.S10.T1.t1.r3.m8">x=\cos\theta</Math>).
</sentence>

<sentence sentence-num-in-section="30" sentence-num-in-table="19" xml:id="C18.S10.T1.t1.s19">
<Math mode="inline" xml:id="C18.S10.T1.t1.r4.m1">T_{n}\left(x\right)</Math>
</sentence>

<sentence sentence-num-in-section="31" sentence-num-in-table="20" xml:id="C18.S10.T1.t1.s20">
<Math mode="inline" xml:id="C18.S10.T1.t1.r4.m2">1</Math>
</sentence>

<sentence sentence-num-in-section="32" sentence-num-in-table="21" xml:id="C18.S10.T1.t1.s21">
<Math mode="inline" xml:id="C18.S10.T1.t1.r4.m3">z^{-1}</Math>
</sentence>

<sentence sentence-num-in-section="33" sentence-num-in-table="22" xml:id="C18.S10.T1.t1.s22">
<Math mode="inline" xml:id="C18.S10.T1.t1.r4.m4">\dfrac{1-xz}{1-2xz+z^{2}}</Math>
</sentence>

<sentence sentence-num-in-section="34" sentence-num-in-table="23" xml:id="C18.S10.T1.t1.s23">
<Math mode="inline" xml:id="C18.S10.T1.t1.r4.m5">0</Math>
</sentence>

<sentence sentence-num-in-section="35" sentence-num-in-table="24" xml:id="C18.S10.T1.t1.s24">
<Math mode="inline" xml:id="C18.S10.T1.t1.r5.m1">U_{n}\left(x\right)</Math>
</sentence>

<sentence sentence-num-in-section="36" sentence-num-in-table="25" xml:id="C18.S10.T1.t1.s25">
<Math mode="inline" xml:id="C18.S10.T1.t1.r5.m2">1</Math>
</sentence>

<sentence sentence-num-in-section="37" sentence-num-in-table="26" xml:id="C18.S10.T1.t1.s26">
<Math mode="inline" xml:id="C18.S10.T1.t1.r5.m3">z^{-1}</Math>
</sentence>

<sentence sentence-num-in-section="38" sentence-num-in-table="27" xml:id="C18.S10.T1.t1.s27">
<Math mode="inline" xml:id="C18.S10.T1.t1.r5.m4">(1-2xz+z^{2})^{-1}</Math>
</sentence>

<sentence sentence-num-in-section="39" sentence-num-in-table="28" xml:id="C18.S10.T1.t1.s28">
<Math mode="inline" xml:id="C18.S10.T1.t1.r5.m5">0</Math>
</sentence>

<sentence sentence-num-in-section="40" sentence-num-in-table="29" xml:id="C18.S10.T1.t1.s29">
<Math mode="inline" xml:id="C18.S10.T1.t1.r6.m1">P_{n}\left(x\right)</Math>
</sentence>

<sentence sentence-num-in-section="41" sentence-num-in-table="30" xml:id="C18.S10.T1.t1.s30">
<Math mode="inline" xml:id="C18.S10.T1.t1.r6.m2">1</Math>
</sentence>

<sentence sentence-num-in-section="42" sentence-num-in-table="31" xml:id="C18.S10.T1.t1.s31">
<Math mode="inline" xml:id="C18.S10.T1.t1.r6.m3">z^{-1}</Math>
</sentence>

<sentence sentence-num-in-section="43" sentence-num-in-table="32" xml:id="C18.S10.T1.t1.s32">
<Math mode="inline" xml:id="C18.S10.T1.t1.r6.m4">(1-2xz+z^{2})^{-\frac{1}{2}}</Math>
</sentence>

<sentence sentence-num-in-section="44" sentence-num-in-table="33" xml:id="C18.S10.T1.t1.s33">
<Math mode="inline" xml:id="C18.S10.T1.t1.r6.m5">0</Math>
</sentence>

<sentence sentence-num-in-section="45" sentence-num-in-table="34" xml:id="C18.S10.T1.t1.s34">
<Math mode="inline" xml:id="C18.S10.T1.t1.r7.m1">P_{n}\left(x\right)</Math>
</sentence>

<sentence sentence-num-in-section="46" sentence-num-in-table="35" xml:id="C18.S10.T1.t1.s35">
<Math mode="inline" xml:id="C18.S10.T1.t1.r7.m2">1</Math>
</sentence>

<sentence sentence-num-in-section="47" sentence-num-in-table="36" xml:id="C18.S10.T1.t1.s36">
<Math mode="inline" xml:id="C18.S10.T1.t1.r7.m3">\dfrac{z^{2}-1}{2(z-x)}</Math>
</sentence>

<sentence sentence-num-in-section="48" sentence-num-in-table="37" xml:id="C18.S10.T1.t1.s37">
<Math mode="inline" xml:id="C18.S10.T1.t1.r7.m4">1</Math>
</sentence>

<sentence sentence-num-in-section="49" sentence-num-in-table="38" xml:id="C18.S10.T1.t1.s38">
<Math mode="inline" xml:id="C18.S10.T1.t1.r7.m5">x</Math>
</sentence>

<sentence sentence-num-in-section="50" sentence-num-in-table="39" xml:id="C18.S10.T1.t1.s39">
<Math mode="inline" xml:id="C18.S10.T1.t1.r8.m1">L^{(\alpha)}_{n}\left(x\right)</Math>
</sentence>

<sentence sentence-num-in-section="51" sentence-num-in-table="40" xml:id="C18.S10.T1.t1.s40">
<Math mode="inline" xml:id="C18.S10.T1.t1.r8.m2">e^{x}x^{-\alpha}</Math>
</sentence>

<sentence sentence-num-in-section="52" sentence-num-in-table="41" xml:id="C18.S10.T1.t1.s41">
<Math mode="inline" xml:id="C18.S10.T1.t1.r8.m3">z(z-x)^{-1}</Math>
</sentence>

<sentence sentence-num-in-section="53" sentence-num-in-table="42" xml:id="C18.S10.T1.t1.s42">
<Math mode="inline" xml:id="C18.S10.T1.t1.r8.m4">z^{\alpha}e^{-z}</Math>
</sentence>

<sentence sentence-num-in-section="54" sentence-num-in-table="43" xml:id="C18.S10.T1.t1.s43">
<Math mode="inline" xml:id="C18.S10.T1.t1.r8.m5">x</Math>
</sentence>

<sentence sentence-num-in-section="55" sentence-num-in-table="44" xml:id="C18.S10.T1.t1.s44">
<Math mode="inline" xml:id="C18.S10.T1.t1.r8.m6">0</Math> outside <Math mode="inline" xml:id="C18.S10.T1.t1.r8.m7">C</Math>.
</sentence>

<sentence sentence-num-in-section="56" sentence-num-in-table="45" xml:id="C18.S10.T1.t1.s45">
<Math mode="inline" xml:id="C18.S10.T1.t1.r9.m1">H_{n}\left(x\right)/n</Math>!
</sentence>

<sentence sentence-num-in-section="57" sentence-num-in-table="46" xml:id="C18.S10.T1.t1.s46">
<Math mode="inline" xml:id="C18.S10.T1.t1.r9.m2">1</Math>
</sentence>

<sentence sentence-num-in-section="58" sentence-num-in-table="47" xml:id="C18.S10.T1.t1.s47">
<Math mode="inline" xml:id="C18.S10.T1.t1.r9.m3">z^{-1}</Math>
</sentence>

<sentence sentence-num-in-section="59" sentence-num-in-table="48" xml:id="C18.S10.T1.t1.s48">
<Math mode="inline" xml:id="C18.S10.T1.t1.r9.m4">e^{2xz-z^{2}}</Math>
</sentence>

<sentence sentence-num-in-section="60" sentence-num-in-table="49" xml:id="C18.S10.T1.t1.s49">
<Math mode="inline" xml:id="C18.S10.T1.t1.r9.m5">0</Math>
</sentence>

<sentence sentence-num-in-section="61" sentence-num-in-table="50" xml:id="C18.S10.T1.t1.s50">
<Math mode="inline" xml:id="C18.S10.T1.t1.r10.m1">\mathit{He}_{n}\left(x\right)/n</Math>!
</sentence>

<sentence sentence-num-in-section="62" sentence-num-in-table="51" xml:id="C18.S10.T1.t1.s51">
<Math mode="inline" xml:id="C18.S10.T1.t1.r10.m2">1</Math>
</sentence>

<sentence sentence-num-in-section="63" sentence-num-in-table="52" xml:id="C18.S10.T1.t1.s52">
<Math mode="inline" xml:id="C18.S10.T1.t1.r10.m3">z^{-1}</Math>
</sentence>

<sentence sentence-num-in-section="64" sentence-num-in-table="53" xml:id="C18.S10.T1.t1.s53">
<Math mode="inline" xml:id="C18.S10.T1.t1.r10.m4">e^{xz-\frac{1}{2}z^{2}}</Math>
</sentence>

<sentence sentence-num-in-section="65" sentence-num-in-table="54" xml:id="C18.S10.T1.t1.s54">
<Math mode="inline" xml:id="C18.S10.T1.t1.r10.m5">0</Math>
</sentence>
 
  
</subsection>
 
<subsection xml:id="C18.S10.SS4">
<title>Other Integral Representations</title>        
 
<paragraph xml:id="C18.S10.Px8">
<title>Laguerre</title>     
<para xml:id="C18.S10.Px8.p1">

<sentence sentence-num-in-para="1" sentence-num-in-section="66" xml:id="C18.S10.Px8.p1.s1">
 <Math equation-number="18.10.9" mode="display" xml:id="C18.S10.E9">L^{(\alpha)}_{n}\left(x\right)=\frac{e^{x}x^{-\frac{1}{2}\alpha}}{n!}\int_{0}^ {\infty}e^{-t}t^{n+\frac{1}{2}\alpha}J_{\alpha}\left(2\sqrt{xt}\right)\mathrm{ d}t, if \alpha&gt;-1</Math>.
</sentence>

<sentence sentence-num-in-para="2" sentence-num-in-section="67" xml:id="C18.S10.Px8.p1.s2">
For the Bessel function <Math mode="inline" xml:id="C18.S10.Px8.p1.m1">J_{\nu}\left(z\right)</Math> see §10.2(ii).
</sentence>

</para>
 
</paragraph>
 
<paragraph xml:id="C18.S10.Px9">
<title>Hermite</title>    
<para xml:id="C18.S10.Px9.p1">

<sentence sentence-num-in-para="1" sentence-num-in-section="68" xml:id="C18.S10.Px9.p1.s1">
 <Math equation-number="18.10.10" mode="display" xml:id="C18.S10.E10">H_{n}\left(x\right)=\frac{(-2i)^{n}e^{x^{2}}}{\pi^{\frac{1}{2}}}\int_{-\infty} ^{\infty}e^{-t^{2}}t^{n}e^{2ixt}\mathrm{d}t=\frac{2^{n+1}}{\pi^{\frac{1}{2}}}e ^{x^{2}}\int_{0}^{\infty}e^{-t^{2}}t^{n}\cos\left(2xt-\tfrac{1}{2}n\pi\right) \mathrm{d}t</Math>.
</sentence>

</para>
 
<para xml:id="C18.S10.Px9.p2">

<sentence sentence-num-in-para="1" sentence-num-in-section="69" xml:id="C18.S10.Px9.p2.s1">
See also §18.17.
</sentence>

</para>

  
</paragraph>
 
</subsection>
 
</section>
