<?xml version="1.0" encoding="UTF-8"?>
<section xml:id="C18.S1">
<title>Notation</title>         
<subsection xml:id="C18.S1.SS1">
<title>Special Notation</title>        
 
<para xml:id="C18.S1.SS1.p1">

<sentence sentence-num-in-para="1" sentence-num-in-section="1" xml:id="C18.S1.SS1.p1.s1">
(For other notation see Notation for the Special Functions.)
</sentence>

</para>

 
<para xml:id="C18.S1.SS1.p2">

<sentence sentence-num-in-para="1" sentence-num-in-section="2" sentence-num-in-table="1" xml:id="C18.S1.SS1.p2.t1.s1">
<Math mode="inline" xml:id="C18.S1.SS1.p2.t1.r1.m1">x,y</Math>
</sentence>

<sentence sentence-num-in-para="2" sentence-num-in-section="3" sentence-num-in-table="2" xml:id="C18.S1.SS1.p2.t1.s2">
real variables.  
</sentence>

<sentence sentence-num-in-para="3" sentence-num-in-section="4" sentence-num-in-table="3" xml:id="C18.S1.SS1.p2.t1.s3">
<Math mode="inline" xml:id="C18.S1.SS1.p2.t1.r2.m1">z(=x+\mathrm{i}y)</Math>
</sentence>

<sentence sentence-num-in-para="4" sentence-num-in-section="5" sentence-num-in-table="4" xml:id="C18.S1.SS1.p2.t1.s4">
complex variable.  
</sentence>

<sentence sentence-num-in-para="5" sentence-num-in-section="6" sentence-num-in-table="5" xml:id="C18.S1.SS1.p2.t1.s5">
<Math mode="inline" xml:id="C18.S1.SS1.p2.t1.r3.m1">q</Math>
</sentence>

<sentence sentence-num-in-para="6" sentence-num-in-section="7" sentence-num-in-table="6" xml:id="C18.S1.SS1.p2.t1.s6">
real variable such that <Math mode="inline" xml:id="C18.S1.SS1.p2.t1.r3.m2">0&lt;q&lt;1</Math>, unless stated otherwise.  
</sentence>

<sentence sentence-num-in-para="7" sentence-num-in-section="8" sentence-num-in-table="7" xml:id="C18.S1.SS1.p2.t1.s7">
<Math mode="inline" xml:id="C18.S1.SS1.p2.t1.r4.m1">\ell,m</Math>
</sentence>

<sentence sentence-num-in-para="8" sentence-num-in-section="9" sentence-num-in-table="8" xml:id="C18.S1.SS1.p2.t1.s8">
nonnegative integers.    
</sentence>

<sentence sentence-num-in-para="9" sentence-num-in-section="10" sentence-num-in-table="9" xml:id="C18.S1.SS1.p2.t1.s9">
<Math mode="inline" xml:id="C18.S1.SS1.p2.t1.r5.m1">n</Math>
</sentence>

<sentence sentence-num-in-para="10" sentence-num-in-section="11" sentence-num-in-table="10" xml:id="C18.S1.SS1.p2.t1.s10">
nonnegative integer, except in §18.30.  
</sentence>

<sentence sentence-num-in-para="11" sentence-num-in-section="12" sentence-num-in-table="11" xml:id="C18.S1.SS1.p2.t1.s11">
<Math mode="inline" xml:id="C18.S1.SS1.p2.t1.r6.m1">N</Math>
</sentence>

<sentence sentence-num-in-para="12" sentence-num-in-section="13" sentence-num-in-table="12" xml:id="C18.S1.SS1.p2.t1.s12">
positive integer.  
</sentence>

<sentence sentence-num-in-para="13" sentence-num-in-section="14" sentence-num-in-table="13" xml:id="C18.S1.SS1.p2.t1.s13">
<Math mode="inline" xml:id="C18.S1.SS1.p2.t1.r7.m1">\delta\left(x-a\right)</Math>
</sentence>

<sentence sentence-num-in-para="14" sentence-num-in-section="15" sentence-num-in-table="14" xml:id="C18.S1.SS1.p2.t1.s14">
Dirac delta (§1.17).
</sentence>

<sentence sentence-num-in-para="15" sentence-num-in-section="16" sentence-num-in-table="15" xml:id="C18.S1.SS1.p2.t1.s15">
<Math mode="inline" xml:id="C18.S1.SS1.p2.t1.r8.m1">\delta</Math>
</sentence>

<sentence sentence-num-in-para="16" sentence-num-in-section="17" sentence-num-in-table="16" xml:id="C18.S1.SS1.p2.t1.s16">
arbitrary small positive constant.  
</sentence>

<sentence sentence-num-in-para="17" sentence-num-in-section="18" sentence-num-in-table="17" xml:id="C18.S1.SS1.p2.t1.s17">
<Math mode="inline" xml:id="C18.S1.SS1.p2.t1.r9.m1">p_{n}(x)</Math>
</sentence>

<sentence sentence-num-in-para="18" sentence-num-in-section="19" sentence-num-in-table="18" xml:id="C18.S1.SS1.p2.t1.s18">
polynomial in <Math mode="inline" xml:id="C18.S1.SS1.p2.t1.r9.m2">x</Math> of degree <Math mode="inline" xml:id="C18.S1.SS1.p2.t1.r9.m3">n</Math>.  
</sentence>

<sentence sentence-num-in-para="19" sentence-num-in-section="20" sentence-num-in-table="19" xml:id="C18.S1.SS1.p2.t1.s19">
<Math mode="inline" xml:id="C18.S1.SS1.p2.t1.r10.m1">p_{-1}(x)</Math>
</sentence>

<sentence sentence-num-in-para="20" sentence-num-in-section="21" sentence-num-in-table="20" xml:id="C18.S1.SS1.p2.t1.s20">
<Math mode="inline" xml:id="C18.S1.SS1.p2.t1.r10.m2">0</Math>.
</sentence>

<sentence sentence-num-in-para="21" sentence-num-in-section="22" sentence-num-in-table="21" xml:id="C18.S1.SS1.p2.t1.s21">
<Math mode="inline" xml:id="C18.S1.SS1.p2.t1.r11.m1">w(x)</Math>
</sentence>

<sentence sentence-num-in-para="22" sentence-num-in-section="23" sentence-num-in-table="22" xml:id="C18.S1.SS1.p2.t1.s22">
weight function <Math mode="inline" xml:id="C18.S1.SS1.p2.t1.r11.m2">(\geq 0)</Math> on an open interval <Math mode="inline" xml:id="C18.S1.SS1.p2.t1.r11.m3">(a,b)</Math>.  
</sentence>

<sentence sentence-num-in-para="23" sentence-num-in-section="24" sentence-num-in-table="23" xml:id="C18.S1.SS1.p2.t1.s23">
<Math mode="inline" xml:id="C18.S1.SS1.p2.t1.r12.m1">w_{x}</Math>
</sentence>

<sentence sentence-num-in-para="24" sentence-num-in-section="25" sentence-num-in-table="24" xml:id="C18.S1.SS1.p2.t1.s24">
weights <Math mode="inline" xml:id="C18.S1.SS1.p2.t1.r12.m2">(&gt;0)</Math> at points <Math mode="inline" xml:id="C18.S1.SS1.p2.t1.r12.m3">x\in X</Math> of a finite or countably infinite subset of <Math mode="inline" xml:id="C18.S1.SS1.p2.t1.r12.m4">\mathbb{R}</Math>.    
</sentence>

<sentence sentence-num-in-para="25" sentence-num-in-section="26" sentence-num-in-table="25" xml:id="C18.S1.SS1.p2.t1.s25">
OP’s
</sentence>

<sentence sentence-num-in-para="26" sentence-num-in-section="27" sentence-num-in-table="26" xml:id="C18.S1.SS1.p2.t1.s26">
orthogonal polynomials.
</sentence>

</para>

 
<paragraph xml:id="C18.S1.Px1">
<title><Math mode="inline" xml:id="C18.S1.Px1.m1">x</Math>-Differences</title>   
 
<para xml:id="C18.S1.Px1.p1">

<sentence sentence-num-in-para="1" sentence-num-in-section="28" xml:id="C18.S1.Px1.p1.s1">
Forward differences: <Math mode="display" xml:id="C18.S1.EGx1">\Delta_{x}\left(f(x)\right)=f(x+1)-f(x),\Delta_{x}^{n+1}\left(f(x)\right)=\Delta_{x}\left(\Delta_{x}^{n}(f(x))\right)</Math>.
</sentence>

</para>
 
<para xml:id="C18.S1.Px1.p2">

<sentence sentence-num-in-para="1" sentence-num-in-section="29" xml:id="C18.S1.Px1.p2.s1">
Backward differences: <Math mode="display" xml:id="C18.S1.EGx2">\nabla_{x}\left(f(x)\right)=f(x)-f(x-1),\nabla_{x}^{n+1}\left(f(x)\right)=\nabla_{x}\left(\nabla_{x}^{n}(f(x))\right)</Math>.
</sentence>

</para>
 
<para xml:id="C18.S1.Px1.p3">

<sentence sentence-num-in-para="1" sentence-num-in-section="30" xml:id="C18.S1.Px1.p3.s1">
Central differences in imaginary direction: <Math mode="display" xml:id="C18.S1.EGx3">\delta_{x}\left(f(x)\right)=\left(f(x+\tfrac{1}{2}\mathrm{i})-f(x-\tfrac{1}{2} \mathrm{i})\right)/\mathrm{i},\delta_{x}^{n+1}\left(f(x)\right)=\delta_{x}\left(\delta_{x}^{n}(f(x))\right)</Math>.
</sentence>

</para>
 
</paragraph>
 
<paragraph xml:id="C18.S1.Px2">
<title><Math mode="inline" xml:id="C18.S1.Px2.m1">q</Math>-Pochhammer Symbol</title>   
 
<para xml:id="C18.S1.Px2.p1">

<sentence sentence-num-in-para="1" sentence-num-in-section="31" xml:id="C18.S1.Px2.p1.s1">
 <Math mode="display" xml:id="C18.S1.EGx4">\left(z;q\right)_{0}=1,\left(z;q\right)_{n}=(1-z)(1-zq)\cdots(1-zq^{n-1}),</Math> <Math mode="display" xml:id="C18.S1.Ex9">\left(z_{1},\dots,z_{k};q\right)_{n}=\left(z_{1};q\right)_{n}\cdots\left(z_{k} ;q\right)_{n}</Math>.
</sentence>

</para>
 
</paragraph>
 
<paragraph xml:id="C18.S1.Px3">
<title>Infinite <Math mode="inline" xml:id="C18.S1.Px3.m1">q</Math>-Product</title>    
<para xml:id="C18.S1.Px3.p1">

<sentence sentence-num-in-para="1" sentence-num-in-section="32" xml:id="C18.S1.Px3.p1.s1">
 <Math mode="display" xml:id="C18.S1.EGx5">\left(z;q\right)_{\infty}=\prod_{j=0}^{\infty}(1-zq^{j}),\left(z_{1},\dots,z_{k};q\right)_{\infty}=\left(z_{1};q\right)_{\infty}\cdots \left(z_{k};q\right)_{\infty}</Math>.
</sentence>

</para>
         
      
</paragraph>
 
</subsection>
 
<subsection xml:id="C18.S1.SS2">
<title>Main Functions</title>        
 
<para xml:id="C18.S1.SS2.p1">

<sentence sentence-num-in-para="1" sentence-num-in-section="33" xml:id="C18.S1.SS2.p1.s1">
The main functions treated in this chapter are:
</sentence>

</para>
 
<paragraph xml:id="C18.S1.Px4">
<title>Classical OP’s</title>           
 
<para xml:id="C18.S1.Px4.p1">

<sentence sentence-num-in-para="1" sentence-num-in-section="34" xml:id="C18.S1.Px4.p1.s1">
Jacobi: <Math mode="inline" xml:id="C18.S1.I1.ix1.p1.m1">P^{(\alpha,\beta)}_{n}\left(x\right)</Math>.
</sentence>

<sentence sentence-num-in-para="2" sentence-num-in-section="35" xml:id="C18.S1.Px4.p1.s2">
Ultraspherical (or Gegenbauer): <Math mode="inline" xml:id="C18.S1.I1.ix2.p1.m1">C^{(\lambda)}_{n}\left(x\right)</Math>.
</sentence>

<sentence sentence-num-in-para="3" sentence-num-in-section="36" xml:id="C18.S1.Px4.p1.s3">
Chebyshev of first, second, third, and fourth kinds: <Math mode="inline" xml:id="C18.S1.I1.ix3.p1.m1">T_{n}\left(x\right)</Math> , <Math mode="inline" xml:id="C18.S1.I1.ix3.p1.m2">U_{n}\left(x\right)</Math> , <Math mode="inline" xml:id="C18.S1.I1.ix3.p1.m3">V_{n}\left(x\right)</Math> , <Math mode="inline" xml:id="C18.S1.I1.ix3.p1.m4">W_{n}\left(x\right)</Math>.
</sentence>

<sentence sentence-num-in-para="4" sentence-num-in-section="37" xml:id="C18.S1.Px4.p1.s4">
Shifted Chebyshev of first and second kinds: <Math mode="inline" xml:id="C18.S1.I1.ix4.p1.m1">T^{*}_{n}\left(x\right)</Math> , <Math mode="inline" xml:id="C18.S1.I1.ix4.p1.m2">U^{*}_{n}\left(x\right)</Math>.
</sentence>

<sentence sentence-num-in-para="5" sentence-num-in-section="38" xml:id="C18.S1.Px4.p1.s5">
Legendre: <Math mode="inline" xml:id="C18.S1.I1.ix5.p1.m1">P_{n}\left(x\right)</Math>.
</sentence>

<sentence sentence-num-in-para="6" sentence-num-in-section="39" xml:id="C18.S1.Px4.p1.s6">
Shifted Legendre: <Math mode="inline" xml:id="C18.S1.I1.ix6.p1.m1">P^{*}_{n}\left(x\right)</Math>.
</sentence>

<sentence sentence-num-in-para="7" sentence-num-in-section="40" xml:id="C18.S1.Px4.p1.s7">
Laguerre: <Math mode="inline" xml:id="C18.S1.I1.ix7.p1.m1">L^{(\alpha)}_{n}\left(x\right)</Math> and <Math mode="inline" xml:id="C18.S1.I1.ix7.p1.m2">L_{n}\left(x\right)=L^{(0)}_{n}\left(x\right)</Math>.
</sentence>

<sentence sentence-num-in-para="8" sentence-num-in-section="41" xml:id="C18.S1.Px4.p1.s8">
( <Math mode="inline" xml:id="C18.S1.I1.ix7.p1.m4">L^{(\alpha)}_{n}\left(x\right)</Math> with <Math mode="inline" xml:id="C18.S1.I1.ix7.p1.m5">\alpha\neq 0</Math> is also called Generalized Laguerre.)Hermite:
</sentence>

<sentence sentence-num-in-para="9" sentence-num-in-section="42" xml:id="C18.S1.Px4.p1.s9">
<Math mode="inline" xml:id="C18.S1.I1.ix8.p1.m1">H_{n}\left(x\right)</Math> , <Math mode="inline" xml:id="C18.S1.I1.ix8.p1.m2">\mathit{He}_{n}\left(x\right)</Math>.
</sentence>

</para>
 
</paragraph>
 
<paragraph xml:id="C18.S1.Px5">
<title>Hahn Class OP’s</title>   
 
<para xml:id="C18.S1.Px5.p1">

<sentence sentence-num-in-para="1" sentence-num-in-section="43" xml:id="C18.S1.Px5.p1.s1">
Hahn: <Math mode="inline" xml:id="C18.S1.I2.ix9.p1.m1">Q_{n}\left(x;\alpha,\beta,N\right)</Math>.
</sentence>

<sentence sentence-num-in-para="2" sentence-num-in-section="44" xml:id="C18.S1.Px5.p1.s2">
Krawtchouk: <Math mode="inline" xml:id="C18.S1.I2.ix10.p1.m1">K_{n}\left(x;p,N\right)</Math>.
</sentence>

<sentence sentence-num-in-para="3" sentence-num-in-section="45" xml:id="C18.S1.Px5.p1.s3">
Meixner: <Math mode="inline" xml:id="C18.S1.I2.ix11.p1.m1">M_{n}\left(x;\beta,c\right)</Math>.
</sentence>

<sentence sentence-num-in-para="4" sentence-num-in-section="46" xml:id="C18.S1.Px5.p1.s4">
Charlier: <Math mode="inline" xml:id="C18.S1.I2.ix12.p1.m1">C_{n}\left(x;a\right)</Math>.
</sentence>

<sentence sentence-num-in-para="5" sentence-num-in-section="47" xml:id="C18.S1.Px5.p1.s5">
Continuous Hahn: <Math mode="inline" xml:id="C18.S1.I2.ix13.p1.m1">p_{n}\left(x;a,b,\overline{a},\overline{b}\right)</Math>.
</sentence>

<sentence sentence-num-in-para="6" sentence-num-in-section="48" xml:id="C18.S1.Px5.p1.s6">
Meixner–Pollaczek: <Math mode="inline" xml:id="C18.S1.I2.ix14.p1.m1">P^{(\lambda)}_{n}\left(x;\phi\right)</Math>.
</sentence>

</para>
 
</paragraph>
 
<paragraph xml:id="C18.S1.Px6">
<title>Wilson Class OP’s</title>   
 
<para xml:id="C18.S1.Px6.p1">

<sentence sentence-num-in-para="1" sentence-num-in-section="49" xml:id="C18.S1.Px6.p1.s1">
Wilson: <Math mode="inline" xml:id="C18.S1.I3.ix15.p1.m1">W_{n}\left(x;a,b,c,d\right)</Math>.
</sentence>

<sentence sentence-num-in-para="2" sentence-num-in-section="50" xml:id="C18.S1.Px6.p1.s2">
Racah: <Math mode="inline" xml:id="C18.S1.I3.ix16.p1.m1">R_{n}\left(x;\alpha,\beta,\gamma,\delta\right)</Math>.
</sentence>

<sentence sentence-num-in-para="3" sentence-num-in-section="51" xml:id="C18.S1.Px6.p1.s3">
Continuous Dual Hahn: <Math mode="inline" xml:id="C18.S1.I3.ix17.p1.m1">S_{n}\left(x;a,b,c\right)</Math>.
</sentence>

<sentence sentence-num-in-para="4" sentence-num-in-section="52" xml:id="C18.S1.Px6.p1.s4">
Dual Hahn: <Math mode="inline" xml:id="C18.S1.I3.ix18.p1.m1">R_{n}\left(x;\gamma,\delta,N\right)</Math>.
</sentence>

</para>
 
</paragraph>
 
<paragraph xml:id="C18.S1.Px7">
<title><Math mode="inline" xml:id="C18.S1.Px7.m1">q</Math>-Hahn Class OP’s</title>  
 
<para xml:id="C18.S1.Px7.p1">

<sentence sentence-num-in-para="1" sentence-num-in-section="53" xml:id="C18.S1.Px7.p1.s1">
 <Math mode="inline" xml:id="C18.S1.I4.ix19.p1.m1">q</Math> -Hahn: <Math mode="inline" xml:id="C18.S1.I4.ix19.p1.m2">Q_{n}\left(x;\alpha,\beta,N;q\right)</Math>.
</sentence>

<sentence sentence-num-in-para="2" sentence-num-in-section="54" xml:id="C18.S1.Px7.p1.s2">
Big <Math mode="inline" xml:id="C18.S1.I4.ix20.p1.m1">q</Math> -Jacobi: <Math mode="inline" xml:id="C18.S1.I4.ix20.p1.m2">P_{n}\left(x;a,b,c;q\right)</Math>.
</sentence>

<sentence sentence-num-in-para="3" sentence-num-in-section="55" xml:id="C18.S1.Px7.p1.s3">
Little <Math mode="inline" xml:id="C18.S1.I4.ix21.p1.m1">q</Math> -Jacobi: <Math mode="inline" xml:id="C18.S1.I4.ix21.p1.m2">p_{n}\left(x;a,b;q\right)</Math>.
</sentence>

<sentence sentence-num-in-para="4" sentence-num-in-section="56" xml:id="C18.S1.Px7.p1.s4">
<Math mode="inline" xml:id="C18.S1.I4.ix22.p1.m1">q</Math> -Laguerre: <Math mode="inline" xml:id="C18.S1.I4.ix22.p1.m2">L^{(\alpha)}_{n}\left(x;q\right)</Math>.
</sentence>

<sentence sentence-num-in-para="5" sentence-num-in-section="57" xml:id="C18.S1.Px7.p1.s5">
Stieltjes–Wigert: <Math mode="inline" xml:id="C18.S1.I4.ix23.p1.m1">S_{n}\left(x;q\right)</Math>.
</sentence>

<sentence sentence-num-in-para="6" sentence-num-in-section="58" xml:id="C18.S1.Px7.p1.s6">
Discrete <Math mode="inline" xml:id="C18.S1.I4.ix24.p1.m1">q</Math> -Hermite I: <Math mode="inline" xml:id="C18.S1.I4.ix24.p1.m2">h_{n}\left(x;q\right)</Math>.
</sentence>

<sentence sentence-num-in-para="7" sentence-num-in-section="59" xml:id="C18.S1.Px7.p1.s7">
Discrete <Math mode="inline" xml:id="C18.S1.I4.ix25.p1.m1">q</Math> -Hermite II: <Math mode="inline" xml:id="C18.S1.I4.ix25.p1.m2">\tilde{h}_{n}\left(x;q\right)</Math>.
</sentence>

</para>
 
</paragraph>
 
<paragraph xml:id="C18.S1.Px8">
<title>Askey–Wilson Class OP’s</title>  
 
<para xml:id="C18.S1.Px8.p1">

<sentence sentence-num-in-para="1" sentence-num-in-section="60" xml:id="C18.S1.Px8.p1.s1">
Askey–Wilson: <Math mode="inline" xml:id="C18.S1.I5.ix26.p1.m1">p_{n}\left(x;a,b,c,d\,|\,q\right)</Math>.
</sentence>

<sentence sentence-num-in-para="2" sentence-num-in-section="61" xml:id="C18.S1.Px8.p1.s2">
Al-Salam–Chihara: <Math mode="inline" xml:id="C18.S1.I5.ix27.p1.m1">Q_{n}\left(x;a,b\,|\,q\right)</Math>.
</sentence>

<sentence sentence-num-in-para="3" sentence-num-in-section="62" xml:id="C18.S1.Px8.p1.s3">
Continuous <Math mode="inline" xml:id="C18.S1.I5.ix28.p1.m1">q</Math> -Ultraspherical: <Math mode="inline" xml:id="C18.S1.I5.ix28.p1.m2">C_{n}\left(x;\beta\,|\,q\right)</Math>.
</sentence>

<sentence sentence-num-in-para="4" sentence-num-in-section="63" xml:id="C18.S1.Px8.p1.s4">
Continuous <Math mode="inline" xml:id="C18.S1.I5.ix29.p1.m1">q</Math> -Hermite: <Math mode="inline" xml:id="C18.S1.I5.ix29.p1.m2">H_{n}\left(x\,|\,q\right)</Math>.
</sentence>

<sentence sentence-num-in-para="5" sentence-num-in-section="64" xml:id="C18.S1.Px8.p1.s5">
Continuous <Math mode="inline" xml:id="C18.S1.I5.ix30.p1.m1">q^{-1}</Math> -Hermite: <Math mode="inline" xml:id="C18.S1.I5.ix30.p1.m2">h_{n}\left(x\,|\,q\right)</Math> <Math mode="inline" xml:id="C18.S1.I5.ix31.p1.m1">q</Math> -Racah: <Math mode="inline" xml:id="C18.S1.I5.ix31.p1.m2">R_{n}\left(x;\alpha,\beta,\gamma,\delta\,|\,q\right)</Math>.
</sentence>

</para>
 
</paragraph>
 
<paragraph xml:id="C18.S1.Px9">
<title>Other OP’s</title>  
 
<para xml:id="C18.S1.Px9.p1">

<sentence sentence-num-in-para="1" sentence-num-in-section="65" xml:id="C18.S1.Px9.p1.s1">
Bessel: <Math mode="inline" xml:id="C18.S1.I6.ix32.p1.m1">y_{n}\left(x;a\right)</Math>.
</sentence>

<sentence sentence-num-in-para="2" sentence-num-in-section="66" xml:id="C18.S1.Px9.p1.s2">
Pollaczek: <Math mode="inline" xml:id="C18.S1.I6.ix33.p1.m1">P^{(\lambda)}_{n}\left(x;a,b\right)</Math>.
</sentence>

</para>
 
</paragraph>
 
<paragraph xml:id="C18.S1.Px10">
<title>Classical OP’s in Two Variables</title>  
 
<para xml:id="C18.S1.Px10.p1">

<sentence sentence-num-in-para="1" sentence-num-in-section="67" xml:id="C18.S1.Px10.p1.s1">
Disk: <Math mode="inline" xml:id="C18.S1.I7.ix34.p1.m1">R^{(\alpha)}_{m,n}\left(z\right)</Math>.
</sentence>

<sentence sentence-num-in-para="2" sentence-num-in-section="68" xml:id="C18.S1.Px10.p1.s2">
Triangle: <Math mode="inline" xml:id="C18.S1.I7.ix35.p1.m1">P^{\alpha,\beta,\gamma}_{m,n}\left(x,y\right)</Math>.
</sentence>

</para>
 
</paragraph>
 
</subsection>
 
<subsection xml:id="C18.S1.SS3">
<title>Other Notations</title>        
 
<para xml:id="C18.S1.SS3.p1">

<sentence sentence-num-in-para="1" sentence-num-in-section="69" xml:id="C18.S1.SS3.p1.s1">
In Szegő (1975, §4.7) the ultraspherical polynomials <Math mode="inline" xml:id="C18.S1.SS3.p1.m1">C^{(\lambda)}_{n}\left(x\right)</Math> are denoted by <Math mode="inline" xml:id="C18.S1.SS3.p1.m2">P_{n}^{(\lambda)}(x)</Math>.
</sentence>

<sentence sentence-num-in-para="2" sentence-num-in-section="70" xml:id="C18.S1.SS3.p1.s2">
Theultraspherical polynomials will not be considered for <Math mode="inline" xml:id="C18.S1.SS3.p1.m4">\lambda=0</Math>.
</sentence>

<sentence sentence-num-in-para="3" sentence-num-in-section="71" xml:id="C18.S1.SS3.p1.s3">
They are defined in the literature by <Math mode="inline" xml:id="C18.S1.SS3.p1.m6">C^{(0)}_{0}\left(x\right)=1</Math> and <Math equation-number="18.1.1" mode="display" xml:id="C18.S1.E1">C^{(0)}_{n}\left(x\right)=\frac{2}{n}T_{n}\left(x\right)=\frac{2(n-1)!}{{\left (\tfrac{1}{2}\right)_{n}}}P^{(-\frac{1}{2},-\frac{1}{2})}_{n}\left(x\right), if n=1,2,3,\dots</Math>.
</sentence>

<sentence sentence-num-in-para="4" sentence-num-in-section="72" xml:id="C18.S1.SS3.p1.s4">
Nor do we consider the shifted Jacobi polynomials: <Math equation-number="18.1.2" mode="display" xml:id="C18.S1.E2">G_{n}\left(p,q,x\right)=\frac{n!}{{\left(n+p\right)_{n}}}P^{(p-q,q-1)}_{n} \left(2x-1\right),</Math> or the dilated Chebyshev polynomials of the first and second kinds: <Math equation-number="18.1.3" mode="display" xml:id="C18.S1.E3">C_{n}\left(x\right)=2T_{n}\left(\tfrac{1}{2}x\right),S_{n}\left(x\right)=U_{n}\left(\tfrac{1}{2}x\right)</Math>.
</sentence>

</para>
 
<para xml:id="C18.S1.SS3.p2">

<sentence sentence-num-in-para="1" sentence-num-in-section="73" xml:id="C18.S1.SS3.p2.s1">
In Koekoek et al. (2010) <Math mode="inline" xml:id="C18.S1.SS3.p2.m1">\delta_{x}</Math> denotes the operator <Math mode="inline" xml:id="C18.S1.SS3.p2.m2">\mathrm{i}\!\delta_{x</Math> }.
</sentence>

</para>
 
<para xml:id="C18.S1.SS3.p3">

<sentence sentence-num-in-para="1" sentence-num-in-section="74" xml:id="C18.S1.SS3.p3.s1">
In Mason and Handscomb (2003), the definitions of the Chebyshev polynomials of the third and fourth kinds <Math mode="inline" xml:id="C18.S1.SS3.p3.m1">V_{n}\left(x\right)</Math> and <Math mode="inline" xml:id="C18.S1.SS3.p3.m2">W_{n}\left(x\right)</Math> are the converse of the definitions in this chapter.
</sentence>

</para>
 
</subsection>
 
</section>
