<?xml version="1.0" encoding="UTF-8"?>
<section xml:id="C18.S26">
<title>Wilson Class: Continued</title>        
 
<subsection xml:id="C18.S26.SS1">
<title>Representations as Generalized Hypergeometric Functions</title>        
   
<para xml:id="C18.S26.SS1.p1">

<sentence sentence-num-in-para="1" sentence-num-in-section="1" xml:id="C18.S26.SS1.p1.s1">
For the definition of generalized hypergeometric functions see §16.2.
</sentence>

</para>
  
<para xml:id="C18.S26.SS1.p2">

<sentence sentence-num-in-para="1" sentence-num-in-section="2" xml:id="C18.S26.SS1.p2.s1">
 <Math equation-number="18.26.1" mode="display" xml:id="C18.S26.E1">W_{n}\left(y^{2};a,b,c,d\right)={\left(a+b\right)_{n}}{\left(a+c\right)_{n}}{ \left(a+d\right)_{n}}\*{{}_{4}F_{3}}\left({-n,n+a+b+c+d-1,a+iy,a-iy\atop a+b,a +c,a+d};1\right)</Math>.
</sentence>

<sentence sentence-num-in-para="2" sentence-num-in-section="3" xml:id="C18.S26.SS1.p2.s2">
<Math equation-number="18.26.2" mode="display" xml:id="C18.S26.E2">\frac{S_{n}\left(y^{2};a,b,c\right)}{{\left(a+b\right)_{n}}{\left(a+c\right)_{ n}}}={{}_{3}F_{2}}\left({-n,a+iy,a-iy\atop a+b,a+c};1\right)</Math>.
</sentence>

<sentence sentence-num-in-para="3" sentence-num-in-section="4" xml:id="C18.S26.SS1.p2.s3">
<Math equation-number="18.26.3" mode="display" xml:id="C18.S26.E3">R_{n}\left(y(y+\gamma+\delta+1);\alpha,\beta,\gamma,\delta\right)={{}_{4}F_{3} }\left({-n,n+\alpha+\beta+1,-y,y+\gamma+\delta+1\atop\alpha+1,\beta+\delta+1, \gamma+1};1\right), if \alpha+1 or \beta+\delta+1 or \gamma+1=-N; n=0,1,\dots,N</Math>.
</sentence>

<sentence sentence-num-in-para="4" sentence-num-in-section="5" xml:id="C18.S26.SS1.p2.s4">
<Math equation-number="18.26.4" mode="display" xml:id="C18.S26.E4">R_{n}\left(y(y+\gamma+\delta+1);\gamma,\delta,N\right)={{}_{3}F_{2}}\left({-n, -y,y+\gamma+\delta+1\atop\gamma+1,-N};1\right), if n=0,1,\dots,N</Math>.
</sentence>

</para>
 
</subsection>
 
<subsection xml:id="C18.S26.SS2">
<title>Limit Relations</title>        
  
<paragraph xml:id="C18.S26.Px1">
<title>Wilson <Math mode="inline" xml:id="C18.S26.Px1.m1">\to</Math> Continuous Dual Hahn</title>   
<para xml:id="C18.S26.Px1.p1">

<sentence sentence-num-in-para="1" sentence-num-in-section="6" xml:id="C18.S26.Px1.p1.s1">
 <Math equation-number="18.26.5" mode="display" xml:id="C18.S26.E5">\lim_{d\to\infty}\frac{W_{n}\left(x;a,b,c,d\right)}{{\left(a+d\right)_{n}}}=S_ {n}\left(x;a,b,c\right)</Math>.
</sentence>

</para>
 
</paragraph>
 
<paragraph xml:id="C18.S26.Px2">
<title>Wilson <Math mode="inline" xml:id="C18.S26.Px2.m1">\to</Math> Continuous Hahn</title>   
<para xml:id="C18.S26.Px2.p1">

<sentence sentence-num-in-para="1" sentence-num-in-section="7" xml:id="C18.S26.Px2.p1.s1">
 <Math equation-number="18.26.6" mode="display" xml:id="C18.S26.E6">\lim_{t\to\infty}\frac{W_{n}\left((x+t)^{2};a-it,b-it,\overline{a}+it, \overline{b}+it\right)}{(-2t)^{n}n!}=p_{n}\left(x;a,b,\overline{a},\overline{b }\right)</Math>.
</sentence>

</para>

 
</paragraph>
 
<paragraph xml:id="C18.S26.Px3">
<title>Wilson <Math mode="inline" xml:id="C18.S26.Px3.m1">\to</Math> Jacobi</title>   
<para xml:id="C18.S26.Px3.p1">

<sentence sentence-num-in-para="1" sentence-num-in-section="8" xml:id="C18.S26.Px3.p1.s1">
 <Math equation-number="18.26.7" mode="display" xml:id="C18.S26.E7">\lim_{t\to\infty}\frac{W_{n}\left(\tfrac{1}{2}(1-x)t^{2};\tfrac{1}{2}\alpha+ \tfrac{1}{2},\tfrac{1}{2}\alpha+\tfrac{1}{2},\tfrac{1}{2}\beta+\tfrac{1}{2}+it ,\tfrac{1}{2}\beta+\tfrac{1}{2}-it\right)}{t^{2n}n!}=P^{(\alpha,\beta)}_{n} \left(x\right)</Math>.
</sentence>

</para>
 
</paragraph>
 
<paragraph xml:id="C18.S26.Px4">
<title>Continuous Dual Hahn <Math mode="inline" xml:id="C18.S26.Px4.m1">\to</Math> Meixner–Pollaczek</title>   
<para xml:id="C18.S26.Px4.p1">

<sentence sentence-num-in-para="1" sentence-num-in-section="9" xml:id="C18.S26.Px4.p1.s1">
 <Math equation-number="18.26.8" mode="display" xml:id="C18.S26.E8">\lim_{t\to\infty}\ifrac{S_{n}\left((x-t)^{2};\lambda+it,\lambda-it,t\cot\phi \right)}{t^{n}}=n!(\csc\phi)^{n}P^{(\lambda)}_{n}\left(x;\phi\right)</Math>.
</sentence>

</para>
 
</paragraph>
 
<paragraph xml:id="C18.S26.Px5">
<title>Racah <Math mode="inline" xml:id="C18.S26.Px5.m1">\to</Math> Dual Hahn</title>   
<para xml:id="C18.S26.Px5.p1">

<sentence sentence-num-in-para="1" sentence-num-in-section="10" xml:id="C18.S26.Px5.p1.s1">
 <Math equation-number="18.26.9" mode="display" xml:id="C18.S26.E9">\lim_{\beta\to\infty}R_{n}\left(x;-N-1,\beta,\gamma,\delta\right)=R_{n}\left(x ;\gamma,\delta,N\right)</Math>.
</sentence>

</para>
 
</paragraph>
 
<paragraph xml:id="C18.S26.Px6">
<title>Racah <Math mode="inline" xml:id="C18.S26.Px6.m1">\to</Math> Hahn</title>   
<para xml:id="C18.S26.Px6.p1">

<sentence sentence-num-in-para="1" sentence-num-in-section="11" xml:id="C18.S26.Px6.p1.s1">
 <Math equation-number="18.26.10" mode="display" xml:id="C18.S26.E10">\lim_{\delta\to\infty}R_{n}\left(x(x+\gamma+\delta+1);\alpha,\beta,-N-1,\delta \right)=Q_{n}\left(x;\alpha,\beta,N\right)</Math>.
</sentence>

</para>
 
</paragraph>
 
<paragraph xml:id="C18.S26.Px7">
<title>Dual Hahn <Math mode="inline" xml:id="C18.S26.Px7.m1">\to</Math> Krawtchouk</title>   
<para xml:id="C18.S26.Px7.p1">

<sentence sentence-num-in-para="1" sentence-num-in-section="12" xml:id="C18.S26.Px7.p1.s1">
 <Math equation-number="18.26.11" mode="display" xml:id="C18.S26.E11">\lim_{t\to\infty}R_{n}\left(x(x+t+1);pt,(1-p)t,N\right)=K_{n}\left(x;p,N\right)</Math>.
</sentence>

</para>
 
</paragraph>
 
<paragraph xml:id="C18.S26.Px8">
<title>Dual Hahn <Math mode="inline" xml:id="C18.S26.Px8.m1">\to</Math> Meixner</title>   
<para xml:id="C18.S26.Px8.p1">

<sentence sentence-num-in-para="1" sentence-num-in-section="13" xml:id="C18.S26.Px8.p1.s1">
With <Math equation-number="18.26.12" mode="display" xml:id="C18.S26.E12">r(x;\beta,c,N)=x(x+\beta+c^{-1}(1-c)N),</Math> <Math equation-number="18.26.13" mode="display" xml:id="C18.S26.E13">\lim_{N\to\infty}R_{n}\left(r(x;\beta,c,N);\beta-1,c^{-1}(1-c)N,N\right)=M_{n} \left(x;\beta,c\right)</Math>.
</sentence>

</para>
 
<para xml:id="C18.S26.Px8.p2">

<sentence sentence-num-in-para="1" sentence-num-in-section="14" xml:id="C18.S26.Px8.p2.s1">
See also Figure 18.21.1.
</sentence>

</para>
  
</paragraph>
 
</subsection>
 
<subsection xml:id="C18.S26.SS3">
<title>Difference Relations</title>        
  
<para xml:id="C18.S26.SS3.p1">

<sentence sentence-num-in-para="1" sentence-num-in-section="15" xml:id="C18.S26.SS3.p1.s1">
For comments on the use of the forward-difference operator <Math mode="inline" xml:id="C18.S26.SS3.p1.m1">\Delta_{x}</Math> , the backward-difference operator <Math mode="inline" xml:id="C18.S26.SS3.p1.m2">\nabla_{x}</Math> , and the central-difference operator <Math mode="inline" xml:id="C18.S26.SS3.p1.m3">\delta_{x}</Math> , see §18.2(ii).
</sentence>

</para>

 
<para xml:id="C18.S26.SS3.p2">

<sentence sentence-num-in-para="1" sentence-num-in-section="16" xml:id="C18.S26.SS3.p2.s1">
For each family only the <Math mode="inline" xml:id="C18.S26.SS3.p2.m1">y</Math> -difference that lowers <Math mode="inline" xml:id="C18.S26.SS3.p2.m2">n</Math> is given.
</sentence>

<sentence sentence-num-in-para="2" sentence-num-in-section="17" xml:id="C18.S26.SS3.p2.s2">
SeeKoekoek et al. (2010, Chapter 9) for further formulas.
</sentence>

</para>

 
<para xml:id="C18.S26.SS3.p3">

<sentence sentence-num-in-para="1" sentence-num-in-section="18" xml:id="C18.S26.SS3.p3.s1">
 <Math equation-number="18.26.14" mode="display" xml:id="C18.S26.E14">\ifrac{\delta_{y}\left(W_{n}\left(y^{2};a,b,c,d\right)\right)}{\delta_{y}(y^{2 })}=-n(n+a+b+c+d-1)\*W_{n-1}\left(y^{2};a+\tfrac{1}{2},b+\tfrac{1}{2},c+\tfrac {1}{2},d+\tfrac{1}{2}\right)</Math>.
</sentence>

<sentence sentence-num-in-para="2" sentence-num-in-section="19" xml:id="C18.S26.SS3.p3.s2">
<Math equation-number="18.26.15" mode="display" xml:id="C18.S26.E15">\ifrac{\delta_{y}\left(S_{n}\left(y^{2};a,b,c\right)\right)}{\delta_{y}(y^{2}) }=-nS_{n-1}\left(y^{2};a+\tfrac{1}{2},b+\tfrac{1}{2},c+\tfrac{1}{2}\right)</Math>.
</sentence>

<sentence sentence-num-in-para="3" sentence-num-in-section="20" xml:id="C18.S26.SS3.p3.s3">
<Math equation-number="18.26.16" mode="display" xml:id="C18.S26.E16">\frac{\Delta_{y}\left(R_{n}\left(y(y+\gamma+\delta+1);\alpha,\beta,\gamma, \delta\right)\right)}{\Delta_{y}\left(y(y+\gamma+\delta+1)\right)}=\frac{n(n+ \alpha+\beta+1)}{(\alpha+1)(\beta+\delta+1)(\gamma+1)}\*R_{n-1}\left(y(y+ \gamma+\delta+2);\alpha+1,\beta+1,\gamma+1,\delta\right)</Math>.
</sentence>

<sentence sentence-num-in-para="4" sentence-num-in-section="21" xml:id="C18.S26.SS3.p3.s4">
<Math equation-number="18.26.17" mode="display" xml:id="C18.S26.E17">\frac{\Delta_{y}\left(R_{n}\left(y(y+\gamma+\delta+1);\gamma,\delta,N\right) \right)}{\Delta_{y}\left(y(y+\gamma+\delta+1)\right)}=-\frac{n}{(\gamma+1)N}\* R_{n-1}\left(y(y+\gamma+\delta+2);\gamma+1,\delta,N-1\right)</Math>.
</sentence>

</para>
 
</subsection>
 
<subsection xml:id="C18.S26.SS4">
<title>Generating Functions</title>        
 
   
<para xml:id="C18.S26.SS4.p1">

<sentence sentence-num-in-para="1" sentence-num-in-section="22" xml:id="C18.S26.SS4.p1.s1">
For the hypergeometric function <Math mode="inline" xml:id="C18.S26.SS4.p1.m1">{{}_{2}F_{1}}</Math> see §§15.1 and15.2(i).
</sentence>

</para>
 
<paragraph xml:id="C18.S26.Px9">
<title>Wilson</title>   
<para xml:id="C18.S26.Px9.p1">

<sentence sentence-num-in-para="1" sentence-num-in-section="23" xml:id="C18.S26.Px9.p1.s1">
 <Math equation-number="18.26.18" mode="display" xml:id="C18.S26.E18">{{}_{2}F_{1}}\left({a+iy,d+iy\atop a+d};z\right){{}_{2}F_{1}}\left({b-iy,c-iy \atop b+c};z\right)=\sum_{n=0}^{\infty}\frac{W_{n}\left(y^{2};a,b,c,d\right)}{ {\left(a+d\right)_{n}}{\left(b+c\right)_{n}}n!}z^{n}, if |z|&lt;1</Math>.
</sentence>

</para>
 
</paragraph>
 
<paragraph xml:id="C18.S26.Px10">
<title>Continuous Dual Hahn</title>   
<para xml:id="C18.S26.Px10.p1">

<sentence sentence-num-in-para="1" sentence-num-in-section="24" xml:id="C18.S26.Px10.p1.s1">
 <Math equation-number="18.26.19" mode="display" xml:id="C18.S26.E19">(1-z)^{-c+iy}{{}_{2}F_{1}}\left({a+iy,b+iy\atop a+b};z\right)=\sum_{n=0}^{ \infty}\frac{S_{n}\left(y^{2};a,b,c\right)}{{\left(a+b\right)_{n}}n!}z^{n}, if |z|&lt;1</Math>.
</sentence>

</para>
 
</paragraph>
 
<paragraph xml:id="C18.S26.Px11">
<title>Racah</title>   
<para xml:id="C18.S26.Px11.p1">

<sentence sentence-num-in-para="1" sentence-num-in-section="25" xml:id="C18.S26.Px11.p1.s1">
 <Math equation-number="18.26.20" mode="display" xml:id="C18.S26.E20">{{}_{2}F_{1}}\left({-y,-y+\beta-\gamma\atop\beta+\delta+1};z\right){{}_{2}F_{1 }}\left({y-N,y+\gamma+1\atop-\delta-N};z\right)=\sum_{n=0}^{N}\frac{{\left(-N \right)_{n}}{\left(\gamma+1\right)_{n}}}{{\left(-\delta-N\right)_{n}}n!}R_{n} \left(y(y+\gamma+\delta+1);-N-1,\beta,\gamma,\delta\right)z^{n}</Math>.
</sentence>

</para>
 
</paragraph>
 
<paragraph xml:id="C18.S26.Px12">
<title>Dual Hahn</title>   
<para xml:id="C18.S26.Px12.p1">

<sentence sentence-num-in-para="1" sentence-num-in-section="26" xml:id="C18.S26.Px12.p1.s1">
 <Math equation-number="18.26.21" mode="display" xml:id="C18.S26.E21">(1-z)^{y}{{}_{2}F_{1}}\left({y-N,y+\gamma+1\atop-\delta-N};z\right)=\sum_{n=0} ^{N}\frac{{\left(\gamma+1\right)_{n}}{\left(-N\right)_{n}}}{{\left(-\delta-N \right)_{n}}n!}\*R_{n}\left(y(y+\gamma+\delta+1);\gamma,\delta,N\right)z^{n}</Math>.
</sentence>

</para>
  
</paragraph>
 
</subsection>
 
<subsection xml:id="C18.S26.SS5">
<title>Asymptotic Approximations</title>        
  
<para xml:id="C18.S26.SS5.p1">

<sentence sentence-num-in-para="1" sentence-num-in-section="27" xml:id="C18.S26.SS5.p1.s1">
For asymptotic expansions of Wilson polynomials of large degree seeWilson (1991), and for asymptotic approximations to their largestzeros see Chen and Ismail (1998).
</sentence>

</para>
 
<para xml:id="C18.S26.SS5.p2">

<sentence sentence-num-in-para="1" sentence-num-in-section="28" xml:id="C18.S26.SS5.p2.s1">
Koornwinder (2009) rescales and reparametrizes Racah polynomials and Wilson polynomials in such a way that they are continuous in their four parameters, provided that these parameters are nonnegative.
</sentence>

<sentence sentence-num-in-para="2" sentence-num-in-section="29" xml:id="C18.S26.SS5.p2.s2">
Moreover, if one or more of the new parameters becomes zero, then the polynomial descends to a lower family in the Askey scheme.
</sentence>

</para>
  
</subsection>
 
</section>
