<?xml version="1.0" encoding="UTF-8"?>
<section xml:id="C18.S22">
<title>Hahn Class: Recurrence Relations and Differences</title>        
 
<subsection xml:id="C18.S22.SS1">
<title>Recurrence Relations in <Math mode="inline" xml:id="C18.S22.SS1.m1">n</Math></title>        
  
<paragraph xml:id="C18.S22.Px1">
<title>Hahn</title>   
<para xml:id="C18.S22.Px1.p1">

<sentence sentence-num-in-para="1" sentence-num-in-section="1" xml:id="C18.S22.Px1.p1.s1">
With <Math equation-number="18.22.1" mode="display" xml:id="C18.S22.E1">p_{n}(x)=Q_{n}\left(x;\alpha,\beta,N\right),</Math> <Math equation-number="18.22.2" mode="display" xml:id="C18.S22.E2">-xp_{n}(x)=A_{n}p_{n+1}(x)-\left(A_{n}+C_{n}\right)p_{n}(x)+C_{n}p_{n-1}(x),</Math> where <Math equation-number="18.22.3" mode="display" xml:id="C18.S22.E3">A_{n}=\frac{(n+\alpha+\beta+1)(n+\alpha+1)(N-n)}{(2n+\alpha+\beta+1)(2n+\alpha +\beta+2)},C_{n}=\frac{n(n+\alpha+\beta+N+1)(n+\beta)}{(2n+\alpha+\beta)(2n+\alpha+\beta+ 1)}</Math>.
</sentence>

</para>
 
</paragraph>
 
<paragraph xml:id="C18.S22.Px2">
<title>Krawtchouk, Meixner, and Charlier</title>  
 
<para xml:id="C18.S22.Px2.p1">

<sentence sentence-num-in-para="1" sentence-num-in-section="2" xml:id="C18.S22.Px2.p1.s1">
These polynomials satisfy (18.22.2) with <Math mode="inline" xml:id="C18.S22.Px2.p1.m1">p_{n}(x)</Math> , <Math mode="inline" xml:id="C18.S22.Px2.p1.m2">A_{n}</Math> , and <Math mode="inline" xml:id="C18.S22.Px2.p1.m3">C_{n}</Math> as in Table 18.22.1.
</sentence>

</para>
         
<sentence sentence-num-in-section="3" xml:id="C18.S22.T1.s1">
Table 18.22.1: Recurrence relations ( ) for Krawtchouk, Meixner, and Charlier polynomials.
</sentence>
       

<sentence sentence-num-in-section="4" sentence-num-in-table="1" xml:id="C18.S22.T1.t1.s1">
<Math mode="inline" xml:id="C18.S22.T1.t1.r1.m1">p_{n}(x)</Math>
</sentence>

<sentence sentence-num-in-section="5" sentence-num-in-table="2" xml:id="C18.S22.T1.t1.s2">
<Math mode="inline" xml:id="C18.S22.T1.t1.r1.m2">A_{n}</Math>
</sentence>

<sentence sentence-num-in-section="6" sentence-num-in-table="3" xml:id="C18.S22.T1.t1.s3">
<Math mode="inline" xml:id="C18.S22.T1.t1.r1.m3">C_{n}</Math>
</sentence>

<sentence sentence-num-in-section="7" sentence-num-in-table="4" xml:id="C18.S22.T1.t1.s4">
<Math mode="inline" xml:id="C18.S22.T1.t1.r2.m1">K_{n}\left(x;p,N\right)</Math>
</sentence>

<sentence sentence-num-in-section="8" sentence-num-in-table="5" xml:id="C18.S22.T1.t1.s5">
<Math mode="inline" xml:id="C18.S22.T1.t1.r2.m2">p(N-n)</Math>
</sentence>

<sentence sentence-num-in-section="9" sentence-num-in-table="6" xml:id="C18.S22.T1.t1.s6">
<Math mode="inline" xml:id="C18.S22.T1.t1.r2.m3">n(1-p)</Math>
</sentence>

<sentence sentence-num-in-section="10" sentence-num-in-table="7" xml:id="C18.S22.T1.t1.s7">
<Math mode="inline" xml:id="C18.S22.T1.t1.r3.m1">M_{n}\left(x;\beta,c\right)</Math>
</sentence>

<sentence sentence-num-in-section="11" sentence-num-in-table="8" xml:id="C18.S22.T1.t1.s8">
<Math mode="inline" xml:id="C18.S22.T1.t1.r3.m2">\dfrac{c(n+\beta)}{1-c}</Math>
</sentence>

<sentence sentence-num-in-section="12" sentence-num-in-table="9" xml:id="C18.S22.T1.t1.s9">
<Math mode="inline" xml:id="C18.S22.T1.t1.r3.m3">\dfrac{n}{1-c}</Math>
</sentence>

<sentence sentence-num-in-section="13" sentence-num-in-table="10" xml:id="C18.S22.T1.t1.s10">
<Math mode="inline" xml:id="C18.S22.T1.t1.r4.m1">C_{n}\left(x;a\right)</Math>
</sentence>

<sentence sentence-num-in-section="14" sentence-num-in-table="11" xml:id="C18.S22.T1.t1.s11">
<Math mode="inline" xml:id="C18.S22.T1.t1.r4.m2">a</Math>
</sentence>

<sentence sentence-num-in-section="15" sentence-num-in-table="12" xml:id="C18.S22.T1.t1.s12">
<Math mode="inline" xml:id="C18.S22.T1.t1.r4.m3">n</Math>
</sentence>
  
</paragraph>
 
<paragraph xml:id="C18.S22.Px3">
<title>Continuous Hahn</title>   
<para xml:id="C18.S22.Px3.p1">

<sentence sentence-num-in-para="1" sentence-num-in-section="16" xml:id="C18.S22.Px3.p1.s1">
With <Math equation-number="18.22.4" mode="display" xml:id="C18.S22.E4">q_{n}(x)=\ifrac{p_{n}\left(x;a,b,\overline{a},\overline{b}\right)}{p_{n}\left( \mathrm{i}a;a,b,\overline{a},\overline{b}\right)},</Math> <Math equation-number="18.22.5" mode="display" xml:id="C18.S22.E5">(a+\mathrm{i}x)q_{n}(x)=\tilde{A}_{n}q_{n+1}(x)-\bigl{(}\tilde{A}_{n}+\tilde{C }_{n}\bigr{)}q_{n}(x)+\tilde{C}_{n}q_{n-1}(x),</Math> where <Math equation-number="18.22.6" mode="display" xml:id="C18.S22.E6">\tilde{A}_{n}=-\frac{(n+2\Re(a+b)-1)(n+a+\overline{a})(n+a+\overline{b})}{(2n+ 2\Re(a+b)-1)(2n+2\Re(a+b))},\tilde{C}_{n}=\frac{n(n+b+\overline{a}-1)(n+b+\overline{b}-1)}{(2n+2\Re(a+b)-2 )(2n+2\Re(a+b)-1)}</Math>.
</sentence>

</para>
 
</paragraph>
 
<paragraph xml:id="C18.S22.Px4">
<title>Meixner–Pollaczek</title>   
<para xml:id="C18.S22.Px4.p1">

<sentence sentence-num-in-para="1" sentence-num-in-section="17" xml:id="C18.S22.Px4.p1.s1">
With <Math equation-number="18.22.7" mode="display" xml:id="C18.S22.E7">p_{n}(x)=P^{(\lambda)}_{n}\left(x;\phi\right),</Math> <Math equation-number="18.22.8" mode="display" xml:id="C18.S22.E8">(n+1)p_{n+1}(x)=2\left(x\sin\phi+(n+\lambda)\cos\phi\right)p_{n}(x)-(n+2 \lambda-1)p_{n-1}(x)</Math>.
</sentence>

</para>
 
</paragraph>
 
</subsection>
 
<subsection xml:id="C18.S22.SS2">
<title>Difference Equations in <Math mode="inline" xml:id="C18.S22.SS2.m1">x</Math></title>        
  
<paragraph xml:id="C18.S22.Px5">
<title>Hahn</title>  
 
<para xml:id="C18.S22.Px5.p1">

<sentence sentence-num-in-para="1" sentence-num-in-section="18" xml:id="C18.S22.Px5.p1.s1">
With <Math equation-number="18.22.9" mode="display" xml:id="C18.S22.E9">p_{n}(x)=Q_{n}\left(x;\alpha,\beta,N\right),</Math> <Math equation-number="18.22.10" mode="display" xml:id="C18.S22.E10">A(x)p_{n}(x+1)-\left(A(x)+C(x)\right)p_{n}(x)+C(x)p_{n}(x-1)-n(n+\alpha+\beta+ 1)p_{n}(x)=0,</Math> where <Math equation-number="18.22.11" mode="display" xml:id="C18.S22.E11">A(x)=(x+\alpha+1)(x-N),C(x)=x(x-\beta-N-1)</Math>.
</sentence>

</para>
 
</paragraph>
 
<paragraph xml:id="C18.S22.Px6">
<title>Krawtchouk, Meixner, and Charlier</title>   
<para xml:id="C18.S22.Px6.p1">

<sentence sentence-num-in-para="1" sentence-num-in-section="19" xml:id="C18.S22.Px6.p1.s1">
 <Math equation-number="18.22.12" mode="display" xml:id="C18.S22.E12">A(x)p_{n}(x+1)-\left(A(x)+C(x)\right)p_{n}(x)+C(x)p_{n}(x-1)+\lambda_{n}p_{n}( x)=0</Math>.
</sentence>

<sentence sentence-num-in-para="2" sentence-num-in-section="20" xml:id="C18.S22.Px6.p1.s2">
For <Math mode="inline" xml:id="C18.S22.Px6.p1.m1">A(x)</Math> , <Math mode="inline" xml:id="C18.S22.Px6.p1.m2">C(x)</Math> , and <Math mode="inline" xml:id="C18.S22.Px6.p1.m3">\lambda_{n}</Math> in (18.22.12)see Table18.22.2.
</sentence>

</para>
                  
<sentence sentence-num-in-section="21" xml:id="C18.S22.T2.s1">
Table 18.22.2: Difference equations ( ) for Krawtchouk, Meixner, and Charlier polynomials.
</sentence>
 

<sentence sentence-num-in-section="22" sentence-num-in-table="1" xml:id="C18.S22.T2.t1.s1">
<Math mode="inline" xml:id="C18.S22.T2.t1.r1.m1">p_{n}(x)</Math>
</sentence>

<sentence sentence-num-in-section="23" sentence-num-in-table="2" xml:id="C18.S22.T2.t1.s2">
<Math mode="inline" xml:id="C18.S22.T2.t1.r1.m2">A(x)</Math>
</sentence>

<sentence sentence-num-in-section="24" sentence-num-in-table="3" xml:id="C18.S22.T2.t1.s3">
<Math mode="inline" xml:id="C18.S22.T2.t1.r1.m3">C(x)</Math>
</sentence>

<sentence sentence-num-in-section="25" sentence-num-in-table="4" xml:id="C18.S22.T2.t1.s4">
<Math mode="inline" xml:id="C18.S22.T2.t1.r1.m4">\lambda_{n}</Math>
</sentence>

<sentence sentence-num-in-section="26" sentence-num-in-table="5" xml:id="C18.S22.T2.t1.s5">
<Math mode="inline" xml:id="C18.S22.T2.t1.r2.m1">K_{n}\left(x;p,N\right)</Math>
</sentence>

<sentence sentence-num-in-section="27" sentence-num-in-table="6" xml:id="C18.S22.T2.t1.s6">
<Math mode="inline" xml:id="C18.S22.T2.t1.r2.m2">p(x-N)</Math>
</sentence>

<sentence sentence-num-in-section="28" sentence-num-in-table="7" xml:id="C18.S22.T2.t1.s7">
<Math mode="inline" xml:id="C18.S22.T2.t1.r2.m3">(p-1)x</Math>
</sentence>

<sentence sentence-num-in-section="29" sentence-num-in-table="8" xml:id="C18.S22.T2.t1.s8">
<Math mode="inline" xml:id="C18.S22.T2.t1.r2.m4">-n</Math>
</sentence>

<sentence sentence-num-in-section="30" sentence-num-in-table="9" xml:id="C18.S22.T2.t1.s9">
<Math mode="inline" xml:id="C18.S22.T2.t1.r3.m1">M_{n}\left(x;\beta,c\right)</Math>
</sentence>

<sentence sentence-num-in-section="31" sentence-num-in-table="10" xml:id="C18.S22.T2.t1.s10">
<Math mode="inline" xml:id="C18.S22.T2.t1.r3.m2">c(x+\beta)</Math>
</sentence>

<sentence sentence-num-in-section="32" sentence-num-in-table="11" xml:id="C18.S22.T2.t1.s11">
<Math mode="inline" xml:id="C18.S22.T2.t1.r3.m3">x</Math>
</sentence>

<sentence sentence-num-in-section="33" sentence-num-in-table="12" xml:id="C18.S22.T2.t1.s12">
<Math mode="inline" xml:id="C18.S22.T2.t1.r3.m4">n(1-c)</Math>
</sentence>

<sentence sentence-num-in-section="34" sentence-num-in-table="13" xml:id="C18.S22.T2.t1.s13">
<Math mode="inline" xml:id="C18.S22.T2.t1.r4.m1">C_{n}\left(x;a\right)</Math>
</sentence>

<sentence sentence-num-in-section="35" sentence-num-in-table="14" xml:id="C18.S22.T2.t1.s14">
<Math mode="inline" xml:id="C18.S22.T2.t1.r4.m2">a</Math>
</sentence>

<sentence sentence-num-in-section="36" sentence-num-in-table="15" xml:id="C18.S22.T2.t1.s15">
<Math mode="inline" xml:id="C18.S22.T2.t1.r4.m3">x</Math>
</sentence>

<sentence sentence-num-in-section="37" sentence-num-in-table="16" xml:id="C18.S22.T2.t1.s16">
<Math mode="inline" xml:id="C18.S22.T2.t1.r4.m4">n</Math>
</sentence>
  
</paragraph>
 
<paragraph xml:id="C18.S22.Px7">
<title>Continuous Hahn</title>   
<para xml:id="C18.S22.Px7.p1">

<sentence sentence-num-in-para="1" sentence-num-in-section="38" xml:id="C18.S22.Px7.p1.s1">
With <Math equation-number="18.22.13" mode="display" xml:id="C18.S22.E13">p_{n}(x)=p_{n}\left(x;a,b,\overline{a},\overline{b}\right),</Math> <Math equation-number="18.22.14" mode="display" xml:id="C18.S22.E14">A(x)p_{n}(x+i)-\left(A(x)+C(x)\right)p_{n}(x)+C(x)p_{n}(x-i)+n(n+2\Re(a+b)-1)p _{n}(x)=0,</Math> where <Math equation-number="18.22.15" mode="display" xml:id="C18.S22.E15">A(x)=(x+\mathrm{i}\overline{a})(x+\mathrm{i}\overline{b}),C(x)=(x-\mathrm{i}a)(x-\mathrm{i}b)</Math>.
</sentence>

</para>
 
</paragraph>
 
<paragraph xml:id="C18.S22.Px8">
<title>Meixner–Pollaczek</title>  
 
<para xml:id="C18.S22.Px8.p1">

<sentence sentence-num-in-para="1" sentence-num-in-section="39" xml:id="C18.S22.Px8.p1.s1">
With <Math equation-number="18.22.16" mode="display" xml:id="C18.S22.E16">p_{n}(x)=P^{(\lambda)}_{n}\left(x;\phi\right),</Math> <Math equation-number="18.22.17" mode="display" xml:id="C18.S22.E17">A(x)p_{n}(x+i)-\left(A(x)+C(x)\right)p_{n}(x)+C(x)p_{n}(x-i)+2n\sin\phi\,p_{n} (x)=0,</Math> where <Math equation-number="18.22.18" mode="display" xml:id="C18.S22.E18">A(x)=e^{\mathrm{i}\phi}(x+\mathrm{i}\lambda),C(x)=e^{-\mathrm{i}\phi}(x-\mathrm{i}\lambda)</Math>.
</sentence>

</para>

 
</paragraph>
 
</subsection>
 
<subsection xml:id="C18.S22.SS3">
<title><Math mode="inline" xml:id="C18.S22.SS3.m1">x</Math>-Differences</title>        
  
<paragraph xml:id="C18.S22.Px9">
<title>Hahn</title>   
<para xml:id="C18.S22.Px9.p1">

<sentence sentence-num-in-para="1" sentence-num-in-section="40" xml:id="C18.S22.Px9.p1.s1">
 <Math equation-number="18.22.19" mode="display" xml:id="C18.S22.E19">\Delta_{x}Q_{n}\left(x;\alpha,\beta,N\right)=-\frac{n(n+\alpha+\beta+1)}{( \alpha+1)N}Q_{n-1}\left(x;\alpha+1,\beta+1,N-1\right),</Math> , <Math equation-number="18.22.20" mode="display" xml:id="C18.S22.E20">\nabla_{x}\left(\frac{{\left(\alpha+1\right)_{x}}{\left(\beta+1\right)_{N-x}}} {x!\;(N-x)!}Q_{n}\left(x;\alpha,\beta,N\right)\right)=\frac{N+1}{\beta}\frac{{ \left(\alpha\right)_{x}}{\left(\beta\right)_{N+1-x}}}{x!\;(N+1-x)!}\*Q_{n+1} \left(x;\alpha-1,\beta-1,N+1\right)</Math>.
</sentence>

</para>
 
</paragraph>
 
<paragraph xml:id="C18.S22.Px10">
<title>Krawtchouk</title>   
<para xml:id="C18.S22.Px10.p1">

<sentence sentence-num-in-para="1" sentence-num-in-section="41" xml:id="C18.S22.Px10.p1.s1">
 <Math equation-number="18.22.21" mode="display" xml:id="C18.S22.E21">\Delta_{x}K_{n}\left(x;p,N\right)=-\frac{n}{pN}K_{n-1}\left(x;p,N-1\right),</Math> , <Math equation-number="18.22.22" mode="display" xml:id="C18.S22.E22">\nabla_{x}\left(\genfrac{(}{)}{0.0pt}{}{N}{x}p^{x}(1-p)^{N-x}K_{n}\left(x;p,N \right)\right)=\genfrac{(}{)}{0.0pt}{}{N+1}{x}p^{x}{(1-p)^{N-x}}K_{n+1}\left(x ;p,N+1\right)</Math>.
</sentence>

</para>
 
</paragraph>
 
<paragraph xml:id="C18.S22.Px11">
<title>Meixner</title>  
 
<para xml:id="C18.S22.Px11.p1">

<sentence sentence-num-in-para="1" sentence-num-in-section="42" xml:id="C18.S22.Px11.p1.s1">
 <Math equation-number="18.22.23" mode="display" xml:id="C18.S22.E23">\Delta_{x}M_{n}\left(x;\beta,c\right)=-\frac{n(1-c)}{\beta c}M_{n-1}\left(x; \beta+1,c\right),</Math> <Math equation-number="18.22.24" mode="display" xml:id="C18.S22.E24">\nabla_{x}\left(\frac{{\left(\beta\right)_{x}}c^{x}}{x!}M_{n}\left(x;\beta,c \right)\right)=\frac{{\left(\beta-1\right)_{x}}c^{x}}{x!}M_{n+1}\left(x;\beta- 1,c\right)</Math>.
</sentence>

</para>
 
</paragraph>
 
<paragraph xml:id="C18.S22.Px12">
<title>Charlier</title>  
 
<para xml:id="C18.S22.Px12.p1">

<sentence sentence-num-in-para="1" sentence-num-in-section="43" xml:id="C18.S22.Px12.p1.s1">
 <Math equation-number="18.22.25" mode="display" xml:id="C18.S22.E25">\Delta_{x}C_{n}\left(x;a\right)=-\frac{n}{a}C_{n-1}\left(x;a\right),</Math> , <Math equation-number="18.22.26" mode="display" xml:id="C18.S22.E26">\nabla_{x}\left(\frac{a^{x}}{x!}C_{n}\left(x;a\right)\right)=\frac{a^{x}}{x!}C _{n+1}\left(x;a\right)</Math>.
</sentence>

</para>
  
</paragraph>
 
<paragraph xml:id="C18.S22.Px13">
<title>Continuous Hahn</title>  
 
<para xml:id="C18.S22.Px13.p1">

<sentence sentence-num-in-para="1" sentence-num-in-section="44" xml:id="C18.S22.Px13.p1.s1">
 <Math equation-number="18.22.27" mode="display" xml:id="C18.S22.E27">\delta_{x}\left(p_{n}\left(x;a,b,\overline{a},\overline{b}\right)\right)=(n+2 \Re(a+b)-1)\*p_{n-1}\left(x;a+\tfrac{1}{2},b+\tfrac{1}{2},\overline{a}+\tfrac{ 1}{2},\overline{b}+\tfrac{1}{2}\right),</Math> <Math equation-number="18.22.28" mode="display" xml:id="C18.S22.E28">\delta_{x}\left(w(x;a+\tfrac{1}{2},b+\tfrac{1}{2},\overline{a}+\tfrac{1}{2}, \overline{b}+\tfrac{1}{2})p_{n}(x;a+\tfrac{1}{2},b+\tfrac{1}{2},\overline{a}+ \tfrac{1}{2},\overline{b}+\tfrac{1}{2})\right)=-(n+1)w(x;a,b,\overline{a}, \overline{b})p_{n+1}(x;a,b,\overline{a},\overline{b})</Math>.
</sentence>

</para>
  
</paragraph>
 
<paragraph xml:id="C18.S22.Px14">
<title>Meixner–Pollaczek</title>  
 
<para xml:id="C18.S22.Px14.p1">

<sentence sentence-num-in-para="1" sentence-num-in-section="45" xml:id="C18.S22.Px14.p1.s1">
 <Math equation-number="18.22.29" mode="display" xml:id="C18.S22.E29">\delta_{x}\left(P^{(\lambda)}_{n}\left(x;\phi\right)\right)=2\sin\phi P^{( \lambda+\frac{1}{2})}_{n-1}\left(x;\phi\right),</Math> <Math equation-number="18.22.30" mode="display" xml:id="C18.S22.E30">\delta_{x}\left(w^{(\lambda+\frac{1}{2})}(x;\phi)P^{(\lambda+\frac{1}{2})}_{n} \left(x;\phi\right)\right)=-(n+1)w^{(\lambda)}(x;\phi)P^{(\lambda)}_{n+1}\left (x;\phi\right)</Math>.
</sentence>

</para>
 
</paragraph>
 
</subsection>
 
</section>
