<?xml version="1.0" encoding="UTF-8"?>
<section xml:id="C18.S24">
<title>Hahn Class: Asymptotic Approximations</title>        
 
 
<paragraph xml:id="C18.S24.Px1">
<title>Hahn</title>   
<para xml:id="C18.S24.Px1.p1">

<sentence sentence-num-in-para="1" sentence-num-in-section="1" xml:id="C18.S24.Px1.p1.s1">
When the parameters <Math mode="inline" xml:id="C18.S24.Px1.p1.m1">\alpha</Math> and <Math mode="inline" xml:id="C18.S24.Px1.p1.m2">\beta</Math> are fixed and the ratio <Math mode="inline" xml:id="C18.S24.Px1.p1.m3">n/N=c</Math> is a constant in the interval(0,1), uniform asymptotic formulas (as <Math mode="inline" xml:id="C18.S24.Px1.p1.m4">n\to\infty</Math> ) of the Hahn polynomials <Math mode="inline" xml:id="C18.S24.Px1.p1.m5">Q_{n}(z;\alpha,\beta,N)</Math> can be found in Lin and Wong (2013) for <Math mode="inline" xml:id="C18.S24.Px1.p1.m6">z</Math> in three overlapping regions, which together cover the entire complex plane.
</sentence>

<sentence sentence-num-in-para="2" sentence-num-in-section="2" xml:id="C18.S24.Px1.p1.s2">
In particular, asymptotic formulas in terms of elementary functions are given when <Math mode="inline" xml:id="C18.S24.Px1.p1.m7">z=x</Math> is real and fixed.
</sentence>

</para>
 
</paragraph>
 
<paragraph xml:id="C18.S24.Px2">
<title>Krawtchouk</title>  
 
<para xml:id="C18.S24.Px2.p1">

<sentence sentence-num-in-para="1" sentence-num-in-section="3" xml:id="C18.S24.Px2.p1.s1">
With <Math mode="inline" xml:id="C18.S24.Px2.p1.m1">x=\lambda N</Math> and <Math mode="inline" xml:id="C18.S24.Px2.p1.m2">\nu=n/N</Math> , Li and Wong (2000) gives an asymptoticexpansion for <Math mode="inline" xml:id="C18.S24.Px2.p1.m3">K_{n}\left(x;p,N\right)</Math> as <Math mode="inline" xml:id="C18.S24.Px2.p1.m4">n\to\infty</Math> , that holds uniformly for <Math mode="inline" xml:id="C18.S24.Px2.p1.m5">\lambda</Math> and <Math mode="inline" xml:id="C18.S24.Px2.p1.m6">\nu</Math> in compact subintervals of <Math mode="inline" xml:id="C18.S24.Px2.p1.m7">(0,1)</Math>.
</sentence>

<sentence sentence-num-in-para="2" sentence-num-in-section="4" xml:id="C18.S24.Px2.p1.s2">
This expansion is in terms of the parabolic cylinder function and its derivative.
</sentence>

</para>
 
<para xml:id="C18.S24.Px2.p2">

<sentence sentence-num-in-para="1" sentence-num-in-section="5" xml:id="C18.S24.Px2.p2.s1">
With <Math mode="inline" xml:id="C18.S24.Px2.p2.m1">\mu=N/n</Math> and <Math mode="inline" xml:id="C18.S24.Px2.p2.m2">x</Math> fixed, Qiu and Wong (2004) gives an asymptotic expansion for <Math mode="inline" xml:id="C18.S24.Px2.p2.m3">K_{n}\left(x;p,N\right)</Math> as <Math mode="inline" xml:id="C18.S24.Px2.p2.m4">n\to\infty</Math> , that holds uniformly for <Math mode="inline" xml:id="C18.S24.Px2.p2.m5">\mu\in[1,\infty)</Math>.
</sentence>

<sentence sentence-num-in-para="2" sentence-num-in-section="6" xml:id="C18.S24.Px2.p2.s2">
This expansion is in terms of confluent hypergeometric functions.
</sentence>

<sentence sentence-num-in-para="3" sentence-num-in-section="7" xml:id="C18.S24.Px2.p2.s3">
Asymptotic approximations are also provided for the zeros of <Math mode="inline" xml:id="C18.S24.Px2.p2.m6">K_{n}\left(x;p,N\right)</Math> in various cases depending on the values of <Math mode="inline" xml:id="C18.S24.Px2.p2.m7">p</Math> and <Math mode="inline" xml:id="C18.S24.Px2.p2.m8">\mu</Math>.
</sentence>

</para>
 
</paragraph>
 
<paragraph xml:id="C18.S24.Px3">
<title>Meixner</title>   
<para xml:id="C18.S24.Px3.p1">

<sentence sentence-num-in-para="1" sentence-num-in-section="8" xml:id="C18.S24.Px3.p1.s1">
For two asymptotic expansions of <Math mode="inline" xml:id="C18.S24.Px3.p1.m1">M_{n}\left(nx;\beta,c\right)</Math> as <Math mode="inline" xml:id="C18.S24.Px3.p1.m2">n\to\infty</Math> , with <Math mode="inline" xml:id="C18.S24.Px3.p1.m3">\beta</Math> and <Math mode="inline" xml:id="C18.S24.Px3.p1.m4">c</Math> fixed, see Jin and Wong (1998) andWang and Wong (2011).
</sentence>

<sentence sentence-num-in-para="2" sentence-num-in-section="9" xml:id="C18.S24.Px3.p1.s2">
The first expansion holds uniformly for <Math mode="inline" xml:id="C18.S24.Px3.p1.m5">\delta\leq x\leq 1+\delta</Math> , and the second for <Math mode="inline" xml:id="C18.S24.Px3.p1.m6">1-\delta\leq x\leq 1+\delta^{-1}</Math> , <Math mode="inline" xml:id="C18.S24.Px3.p1.m7">\delta</Math> being an arbitrary small positive constant.
</sentence>

<sentence sentence-num-in-para="3" sentence-num-in-section="10" xml:id="C18.S24.Px3.p1.s3">
Both expansions are in terms of parabolic cylinder functions.
</sentence>

</para>
 
<para xml:id="C18.S24.Px3.p2">

<sentence sentence-num-in-para="1" sentence-num-in-section="11" xml:id="C18.S24.Px3.p2.s1">
For asymptotic approximations for the zeros of <Math mode="inline" xml:id="C18.S24.Px3.p2.m1">M_{n}\left(nx;\beta,c\right)</Math> in terms of zeros of <Math mode="inline" xml:id="C18.S24.Px3.p2.m2">\mathrm{Ai}\left(x\right)</Math> (§9.9(i)), seeJin and Wong (1999) and Khwaja and Olde Daalhuis (2012).
</sentence>

</para>
 
</paragraph>
 
<paragraph xml:id="C18.S24.Px4">
<title>Charlier</title>   
<para xml:id="C18.S24.Px4.p1">

<sentence sentence-num-in-para="1" sentence-num-in-section="12" xml:id="C18.S24.Px4.p1.s1">
Dunster (2001b) provides various asymptotic expansions for <Math mode="inline" xml:id="C18.S24.Px4.p1.m1">C_{n}\left(x;a\right)</Math> as <Math mode="inline" xml:id="C18.S24.Px4.p1.m2">n\to\infty</Math> , in terms of elementary functions or in terms of Bessel functions.
</sentence>

<sentence sentence-num-in-para="2" sentence-num-in-section="13" xml:id="C18.S24.Px4.p1.s2">
Taken together, these expansions are uniformly valid for <Math mode="inline" xml:id="C18.S24.Px4.p1.m3">-\infty&lt;x&lt;\infty</Math> and for <Math mode="inline" xml:id="C18.S24.Px4.p1.m4">a</Math> in unbounded intervals—each of which contains <Math mode="inline" xml:id="C18.S24.Px4.p1.m5">[0,(1-\delta)n]</Math> , where <Math mode="inline" xml:id="C18.S24.Px4.p1.m6">\delta</Math> again denotes an arbitrary small positive constant.
</sentence>

<sentence sentence-num-in-para="3" sentence-num-in-section="14" xml:id="C18.S24.Px4.p1.s3">
See also Bo and Wong (1994) andGoh (1998).
</sentence>

</para>
 
</paragraph>
 
<paragraph xml:id="C18.S24.Px5">
<title>Meixner–Pollaczek</title>   
<para xml:id="C18.S24.Px5.p1">

<sentence sentence-num-in-para="1" sentence-num-in-section="15" xml:id="C18.S24.Px5.p1.s1">
For an asymptotic expansion of <Math mode="inline" xml:id="C18.S24.Px5.p1.m1">P^{(\lambda)}_{n}\left(nx;\phi\right)</Math> as <Math mode="inline" xml:id="C18.S24.Px5.p1.m2">n\to\infty</Math> , with <Math mode="inline" xml:id="C18.S24.Px5.p1.m3">\phi</Math> fixed, see Li and Wong (2001).
</sentence>

<sentence sentence-num-in-para="2" sentence-num-in-section="16" xml:id="C18.S24.Px5.p1.s2">
This expansion is uniformly valid in any compact <Math mode="inline" xml:id="C18.S24.Px5.p1.m4">x</Math> -interval on the real line and is in terms of parabolic cylinder functions.
</sentence>

<sentence sentence-num-in-para="3" sentence-num-in-section="17" xml:id="C18.S24.Px5.p1.s3">
Corresponding approximations are included for the zeros of <Math mode="inline" xml:id="C18.S24.Px5.p1.m5">P^{(\lambda)}_{n}\left(nx;\phi\right)</Math>.
</sentence>

</para>
 
</paragraph>
 
<paragraph xml:id="C18.S24.Px6">
<title>Approximations in Terms of Laguerre Polynomials</title>   
<para xml:id="C18.S24.Px6.p1">

<sentence sentence-num-in-para="1" sentence-num-in-section="18" xml:id="C18.S24.Px6.p1.s1">
For asymptotic approximations to <Math mode="inline" xml:id="C18.S24.Px6.p1.m1">P^{(\lambda)}_{n}\left(x;\phi\right)</Math> as <Math mode="inline" xml:id="C18.S24.Px6.p1.m2">|x+i\lambda|\to\infty</Math> , with <Math mode="inline" xml:id="C18.S24.Px6.p1.m3">n</Math> fixed, see Temme and López (2001).
</sentence>

<sentence sentence-num-in-para="2" sentence-num-in-section="19" xml:id="C18.S24.Px6.p1.s2">
These approximations are in terms of Laguerre polynomials and hold uniformly for <Math mode="inline" xml:id="C18.S24.Px6.p1.m4">\operatorname{ph}\left(x+i\lambda\right)\in[0,\pi]</Math>.
</sentence>

<sentence sentence-num-in-para="3" sentence-num-in-section="20" xml:id="C18.S24.Px6.p1.s3">
Compare also (18.21.12).
</sentence>

<sentence sentence-num-in-para="4" sentence-num-in-section="21" xml:id="C18.S24.Px6.p1.s4">
Similarapproximations are included for Jacobi, Krawtchouk, and Meixner polynomials.
</sentence>

</para>
   
</paragraph>
 
</section>
