<?xml version="1.0" encoding="UTF-8"?>
<section xml:id="C18.S27">
<title><Math mode="inline" xml:id="C18.S27.m1">q</Math>-Hahn Class</title>        
   
<subsection xml:id="C18.S27.SS1">
<title>Introduction</title>        
  
<para xml:id="C18.S27.SS1.p1">

<sentence sentence-num-in-para="1" sentence-num-in-section="1" xml:id="C18.S27.SS1.p1.s1">
The <Math mode="inline" xml:id="C18.S27.SS1.p1.m1">q</Math> -hypergeometric OP’s comprise the <Math mode="inline" xml:id="C18.S27.SS1.p1.m2">q</Math> -Hahn class OP’s and the Askey–Wilson class OP’s (§18.28).
</sentence>

<sentence sentence-num-in-para="2" sentence-num-in-section="2" xml:id="C18.S27.SS1.p1.s2">
For the notation of <Math mode="inline" xml:id="C18.S27.SS1.p1.m3">q</Math> -hypergeometric functions see §§17.2 and 17.4(i).
</sentence>

</para>

 
<para xml:id="C18.S27.SS1.p2">

<sentence sentence-num-in-para="1" sentence-num-in-section="3" xml:id="C18.S27.SS1.p2.s1">
The <Math mode="inline" xml:id="C18.S27.SS1.p2.m1">q</Math> -Hahn class OP’s comprise systems of OP’s <Math mode="inline" xml:id="C18.S27.SS1.p2.m2">\{p_{n}(x)\}</Math> , <Math mode="inline" xml:id="C18.S27.SS1.p2.m3">n=0,1,\dots,N</Math> , or <Math mode="inline" xml:id="C18.S27.SS1.p2.m4">n=0,1,2,\dots</Math> , that are eigenfunctions of a second-order <Math mode="inline" xml:id="C18.S27.SS1.p2.m7">q</Math> -difference operator.
</sentence>

<sentence sentence-num-in-para="2" sentence-num-in-section="4" xml:id="C18.S27.SS1.p2.s2">
Thus <Math equation-number="18.27.1" mode="display" xml:id="C18.S27.E1">A(x)p_{n}(qx)+B(x)p_{n}(x)+C(x)p_{n}(q^{-1}x)=\lambda_{n}p_{n}(x),</Math> where <Math mode="inline" xml:id="C18.S27.SS1.p2.m8">A(x)</Math> , <Math mode="inline" xml:id="C18.S27.SS1.p2.m9">B(x)</Math> , and <Math mode="inline" xml:id="C18.S27.SS1.p2.m10">C(x)</Math> are independent of <Math mode="inline" xml:id="C18.S27.SS1.p2.m11">n</Math> , and where the <Math mode="inline" xml:id="C18.S27.SS1.p2.m12">\lambda_{n}</Math> are the eigenvalues.
</sentence>

<sentence sentence-num-in-para="3" sentence-num-in-section="5" xml:id="C18.S27.SS1.p2.s3">
In the <Math mode="inline" xml:id="C18.S27.SS1.p2.m13">q</Math> -Hahn class OP’s the role of the operator <Math mode="inline" xml:id="C18.S27.SS1.p2.m14">\ifrac{\mathrm{d}}{\mathrm{d}x}</Math> in the Jacobi, Laguerre, and Hermite cases is played by the <Math mode="inline" xml:id="C18.S27.SS1.p2.m15">q</Math> -derivative <Math mode="inline" xml:id="C18.S27.SS1.p2.m16">\mathcal{D}_{q}</Math> , as defined in (17.2.41).
</sentence>

<sentence sentence-num-in-para="4" sentence-num-in-section="6" xml:id="C18.S27.SS1.p2.s4">
A (nonexhaustive) classification of such systems of OP’s was made byHahn (1949).
</sentence>

<sentence sentence-num-in-para="5" sentence-num-in-section="7" xml:id="C18.S27.SS1.p2.s5">
There are 18 families of OP’s of <Math mode="inline" xml:id="C18.S27.SS1.p2.m17">q</Math> -Hahn class.
</sentence>

<sentence sentence-num-in-para="6" sentence-num-in-section="8" xml:id="C18.S27.SS1.p2.s6">
These families depend on further parameters, in addition to <Math mode="inline" xml:id="C18.S27.SS1.p2.m18">q</Math>.
</sentence>

<sentence sentence-num-in-para="7" sentence-num-in-section="9" xml:id="C18.S27.SS1.p2.s7">
The generic (top level) cases are the <Math mode="inline" xml:id="C18.S27.SS1.p2.m19">q</Math> -Hahn polynomials and the big <Math mode="inline" xml:id="C18.S27.SS1.p2.m20">q</Math> -Jacobi polynomials, each of which depends on three further parameters.
</sentence>

</para>
 
<para xml:id="C18.S27.SS1.p3">

<sentence sentence-num-in-para="1" sentence-num-in-section="10" xml:id="C18.S27.SS1.p3.s1">
All these systems of OP’s have orthogonality properties of the form <Math equation-number="18.27.2" mode="display" xml:id="C18.S27.E2">\sum_{x\in X}p_{n}(x)p_{m}(x)\,|x|\,v_{x}=h_{n}\delta_{n,m},</Math> where <Math mode="inline" xml:id="C18.S27.SS1.p3.m2">X</Math> is given by <Math mode="inline" xml:id="C18.S27.SS1.p3.m3">X=\{aq^{y}\}_{y\in I_{+}}</Math> or <Math mode="inline" xml:id="C18.S27.SS1.p3.m4">X=\{aq^{y}\}_{y\in I_{+}}\cup\{-bq^{y}\}_{y\in I_{-}}</Math>.
</sentence>

<sentence sentence-num-in-para="2" sentence-num-in-section="11" xml:id="C18.S27.SS1.p3.s2">
Here <Math mode="inline" xml:id="C18.S27.SS1.p3.m5">a,b</Math> are fixed positive real numbers, and <Math mode="inline" xml:id="C18.S27.SS1.p3.m6">I_{+}</Math> and <Math mode="inline" xml:id="C18.S27.SS1.p3.m7">I_{-}</Math> are sequences of successive integers, finite or unbounded in one direction, or unbounded in both directions.
</sentence>

<sentence sentence-num-in-para="3" sentence-num-in-section="12" xml:id="C18.S27.SS1.p3.s3">
If <Math mode="inline" xml:id="C18.S27.SS1.p3.m8">I_{+}</Math> and <Math mode="inline" xml:id="C18.S27.SS1.p3.m9">I_{-}</Math> are both nonempty, then they are both unbounded to the right.
</sentence>

<sentence sentence-num-in-para="4" sentence-num-in-section="13" xml:id="C18.S27.SS1.p3.s4">
Some of the systems of OP’s that occur in the classification do not have a unique orthogonality property.
</sentence>

<sentence sentence-num-in-para="5" sentence-num-in-section="14" xml:id="C18.S27.SS1.p3.s5">
Thus in addition to a relation of the form (18.27.2), such systems may also satisfy orthogonality relations with respect to a continuous weight function on some interval.
</sentence>

</para>
 
<para xml:id="C18.S27.SS1.p4">

<sentence sentence-num-in-para="1" sentence-num-in-section="15" xml:id="C18.S27.SS1.p4.s1">
Here only a few families are mentioned. They are defined by their <Math mode="inline" xml:id="C18.S27.SS1.p4.m1">q</Math> -hypergeometric representations, followed by their orthogonality properties.
</sentence>

<sentence sentence-num-in-para="2" sentence-num-in-section="16" xml:id="C18.S27.SS1.p4.s2">
For other formulas, including <Math mode="inline" xml:id="C18.S27.SS1.p4.m2">q</Math> -difference equations, recurrence relations, duality formulas, special cases, and limit relations, seeKoekoek et al. (2010, Chapter 14).
</sentence>

<sentence sentence-num-in-para="3" sentence-num-in-section="17" xml:id="C18.S27.SS1.p4.s3">
See alsoGasper and Rahman (2004, pp. 195–199, 228–230) andIsmail (2005, Chapters 13, 18, 21).
</sentence>

</para>
 
</subsection>
 
<subsection xml:id="C18.S27.SS2">
<title><Math mode="inline" xml:id="C18.S27.SS2.m1">q</Math>-Hahn Polynomials</title>        
  
 
<para xml:id="C18.S27.SS2.p1">

<sentence sentence-num-in-para="1" sentence-num-in-section="18" xml:id="C18.S27.SS2.p1.s1">
 <Math equation-number="18.27.3" mode="display" xml:id="C18.S27.E3">Q_{n}(x)=Q_{n}\left(x;\alpha,\beta,N;q\right)={{}_{3}\phi_{2}}\left({q^{-n}, \alpha\beta q^{n+1},x\atop\alpha q,q^{-N}};q,q\right), if n=0,1,\dots,N</Math>.
</sentence>

<sentence sentence-num-in-para="2" sentence-num-in-section="19" xml:id="C18.S27.SS2.p1.s2">
<Math equation-number="18.27.4" mode="display" xml:id="C18.S27.E4">\sum_{y=0}^{N}Q_{n}(q^{-y})Q_{m}(q^{-y})\frac{(\alpha q,q^{-N};q)_{y}(\alpha \beta q)^{-y}}{(q,\beta^{-1}q^{-N};q)_{y}}=h_{n}\delta_{n,m}, if n,m=0,1,\ldots,N</Math>.
</sentence>

<sentence sentence-num-in-para="3" sentence-num-in-section="20" xml:id="C18.S27.SS2.p1.s3">
For <Math mode="inline" xml:id="C18.S27.SS2.p1.m1">h_{n}</Math> see Koekoek et al. (2010, Eq. (14.6.2)).
</sentence>

</para>
 
</subsection>
 
<subsection xml:id="C18.S27.SS3">
<title>Big <Math mode="inline" xml:id="C18.S27.SS3.m1">q</Math>-Jacobi Polynomials</title>        
  
 
<para xml:id="C18.S27.SS3.p1">

<sentence sentence-num-in-para="1" sentence-num-in-section="21" xml:id="C18.S27.SS3.p1.s1">
 <Math equation-number="18.27.5" mode="display" xml:id="C18.S27.E5">P_{n}\left(x;a,b,c;q\right)={{}_{3}\phi_{2}}\left({q^{-n},abq^{n+1},x\atop aq, cq};q,q\right),</Math> and <Math equation-number="18.27.6" mode="display" xml:id="C18.S27.E6">P^{(\alpha,\beta)}_{n}\left(x;c,d;q\right)=\frac{c^{n}q^{-(\alpha+1)n}\left(q^ {\alpha+1},-q^{\alpha+1}c^{-1}d;q\right)_{n}}{\left(q,-q;q\right)_{n}}\*P_{n} \left(q^{\alpha+1}c^{-1}x;q^{\alpha},q^{\beta},-q^{\alpha}c^{-1}d;q\right)</Math>.
</sentence>

<sentence sentence-num-in-para="2" sentence-num-in-section="22" xml:id="C18.S27.SS3.p1.s2">
The orthogonality relations are given by (18.27.2), with <Math equation-number="18.27.7" mode="display" xml:id="C18.S27.E7">p_{n}(x)=P_{n}\left(x;a,b,c;q\right),</Math> <Math equation-number="18.27.8" mode="display" xml:id="C18.S27.E8">{X=\{aq^{\ell+1}\}_{\ell=0,1,2,\ldots}\cup\{cq^{\ell+1}\}_{\ell=0,1,2,\ldots}},</Math> <Math equation-number="18.27.9" mode="display" xml:id="C18.S27.E9">v_{x}=\frac{(a^{-1}x,c^{-1}x;q)_{\infty}}{(x,bc^{-1}x;q)_{\infty}}, if 0&lt;a&lt;q^{-1}, 0&lt;b&lt;q^{-1}, c&lt;0,</Math> and <Math equation-number="18.27.10" mode="display" xml:id="C18.S27.E10">p_{n}(x)=P^{(\alpha,\beta)}_{n}\left(x;c,d;q\right)</Math> <Math equation-number="18.27.11" mode="display" xml:id="C18.S27.E11">X=\{cq^{\ell}\}_{\ell=0,1,2,\ldots}\cup\{-dq^{\ell}\}_{\ell=0,1,2,\ldots},</Math> <Math equation-number="18.27.12" mode="display" xml:id="C18.S27.E12">v_{x}=\frac{(qx/c,-qx/d;q)_{\infty}}{(q^{\alpha+1}x/c,-q^{\beta+1}x/d;q)_{ \infty}}, if \alpha,\beta&gt;-1, c,d&gt;0</Math>.
</sentence>

<sentence sentence-num-in-para="3" sentence-num-in-section="23" xml:id="C18.S27.SS3.p1.s3">
For <Math mode="inline" xml:id="C18.S27.SS3.p1.m1">h_{n}</Math> see Koekoek et al. (2010, Eq. (14.5.2)).
</sentence>

</para>
 
</subsection>
 
<subsection xml:id="C18.S27.SS4">
<title>Little <Math mode="inline" xml:id="C18.S27.SS4.m1">q</Math>-Jacobi Polynomials</title>          
 
<para xml:id="C18.S27.SS4.p1">

<sentence sentence-num-in-para="1" sentence-num-in-section="24" xml:id="C18.S27.SS4.p1.s1">
 <Math equation-number="18.27.13" mode="display" xml:id="C18.S27.E13">p_{n}(x)=p_{n}\left(x;a,b;q\right)={{}_{2}\phi_{1}}\left({q^{-n},abq^{n+1} \atop aq};q,qx\right)</Math>.
</sentence>

<sentence sentence-num-in-para="2" sentence-num-in-section="25" xml:id="C18.S27.SS4.p1.s2">
<Math equation-number="18.27.14" mode="display" xml:id="C18.S27.E14">\sum_{y=0}^{\infty}p_{n}(q^{y})p_{m}(q^{y})\frac{\left(bq;q\right)_{y}(aq)^{y} }{\left(q;q\right)_{y}}=h_{n}\delta_{n,m}, if 0&lt;a&lt;q^{-1},b&lt;q^{-1} </Math>.
</sentence>

<sentence sentence-num-in-para="3" sentence-num-in-section="26" xml:id="C18.S27.SS4.p1.s3">
For <Math mode="inline" xml:id="C18.S27.SS4.p1.m1">h_{n}</Math> see Koekoek et al. (2010, Eq. (14.12.2)).
</sentence>

</para>
 
<para xml:id="C18.S27.SS4.p2">

<sentence sentence-num-in-para="1" sentence-num-in-section="27" xml:id="C18.S27.SS4.p2.s1">
Bounds for the extreme zeros are given in Driver and Jordaan (2013).
</sentence>

</para>
 
</subsection>
 
<subsection xml:id="C18.S27.SS5">
<title><Math mode="inline" xml:id="C18.S27.SS5.m1">q</Math>-Laguerre Polynomials</title>          
 
<para xml:id="C18.S27.SS5.p1">

<sentence sentence-num-in-para="1" sentence-num-in-section="28" xml:id="C18.S27.SS5.p1.s1">
 <Math equation-number="18.27.15" mode="display" xml:id="C18.S27.E15">L^{(\alpha)}_{n}\left(x;q\right)=\frac{\left(q^{\alpha+1};q\right)_{n}}{\left( q;q\right)_{n}}{{}_{1}\phi_{1}}\left({q^{-n}\atop q^{\alpha+1}};q,-xq^{n+ \alpha+1}\right)</Math>.
</sentence>

</para>
 
<para xml:id="C18.S27.SS5.p2">

<sentence sentence-num-in-para="1" sentence-num-in-section="29" xml:id="C18.S27.SS5.p2.s1">
The measure is not uniquely determined: <Math equation-number="18.27.16" mode="display" xml:id="C18.S27.E16">\int_{0}^{\infty}L^{(\alpha)}_{n}\left(x;q\right)L^{(\alpha)}_{m}\left(x;q \right)\frac{x^{\alpha}}{\left(-x;q\right)_{\infty}}\mathrm{d}x=\frac{\left(q^ {\alpha+1};q\right)_{n}}{\left(q;q\right)_{n}q^{n}}h_{0}^{(1)}\delta_{n,m}, if \alpha&gt;-1,</Math> where <Math mode="inline" xml:id="C18.S27.SS5.p2.m1">h_{0}^{(1)}</Math> is given in Koekoek et al. (2010, Eq. (14.21.2)), and <Math equation-number="18.27.17" mode="display" xml:id="C18.S27.E17">\sum_{y=-\infty}^{\infty}L^{(\alpha)}_{n}\left(cq^{y};q\right)L^{(\alpha)}_{m} \left(cq^{y};q\right)\frac{q^{y(\alpha+1)}}{\left(-cq^{y};q\right)_{\infty}}= \frac{\left(q^{\alpha+1};q\right)_{n}}{\left(q;q\right)_{n}q^{n}}h_{0}^{(2)} \delta_{n,m}, if \alpha&gt;-1, c&gt;0,</Math> where <Math mode="inline" xml:id="C18.S27.SS5.p2.m2">h_{0}^{(2)}</Math> is given in Koekoek et al. (2010, Eq. (14.21.3)).
</sentence>

</para>
 
<para xml:id="C18.S27.SS5.p3">

<sentence sentence-num-in-para="1" sentence-num-in-section="30" xml:id="C18.S27.SS5.p3.s1">
Bounds for the extreme zeros are given in Driver and Jordaan (2013).
</sentence>

</para>
 
</subsection>
 
<subsection xml:id="C18.S27.SS6">
<title>Stieltjes–Wigert Polynomials</title>        
  
 
<para xml:id="C18.S27.SS6.p1">

<sentence sentence-num-in-para="1" sentence-num-in-section="31" xml:id="C18.S27.SS6.p1.s1">
 <Math equation-number="18.27.18" mode="display" xml:id="C18.S27.E18">S_{n}\left(x;q\right)=\sum_{\ell=0}^{n}\frac{q^{\ell^{2}}(-x)^{\ell}}{\left(q; q\right)_{\ell}\left(q;q\right)_{n-\ell}}=\frac{1}{\left(q;q\right)_{n}}{{}_{1 }\phi_{1}}\left({q^{-n}\atop 0};q,-q^{n+1}x\right)</Math>.
</sentence>

<sentence sentence-num-in-para="2" sentence-num-in-section="32" xml:id="C18.S27.SS6.p1.s2">
(Sometimes in the literature <Math mode="inline" xml:id="C18.S27.SS6.p1.m1">x</Math> is replaced by <Math mode="inline" xml:id="C18.S27.SS6.p1.m2">q^{\frac{1}{2}}x</Math>.
</sentence>

<sentence sentence-num-in-para="3" sentence-num-in-section="33" xml:id="C18.S27.SS6.p1.s3">
)
</sentence>

</para>
 
<para xml:id="C18.S27.SS6.p2">

<sentence sentence-num-in-para="1" sentence-num-in-section="34" xml:id="C18.S27.SS6.p2.s1">
The measure is not uniquely determined: <Math equation-number="18.27.19" mode="display" xml:id="C18.S27.E19">\int_{0}^{\infty}\frac{S_{n}\left(x;q\right)S_{m}\left(x;q\right)}{\left(-x,- qx^{-1};q\right)_{\infty}}\mathrm{d}x=\frac{\ln\left(q^{-1}\right)}{q^{n}} \frac{\left(q;q\right)_{\infty}}{\left(q;q\right)_{n}}\delta_{n,m},</Math> and <Math equation-number="18.27.20" mode="display" xml:id="C18.S27.E20">\int_{0}^{\infty}S_{n}\left(q^{\frac{1}{2}}x;q\right)S_{m}\left(q^{\frac{1}{2} }x;q\right)\exp\left(-\frac{(\ln x)^{2}}{2\ln\left(q^{-1}\right)}\right) \mathrm{d}x=\frac{\sqrt{2\pi q^{-1}\ln\left(q^{-1}\right)}}{q^{n}\left(q;q \right)_{n}}\delta_{n,m}</Math>.
</sentence>

</para>
 
</subsection>
 
<subsection xml:id="C18.S27.SS7">
<title>Discrete <Math mode="inline" xml:id="C18.S27.SS7.m1">q</Math>-Hermite I and II Polynomials</title>        
   
<paragraph xml:id="C18.S27.Px1">
<title>Discrete <Math mode="inline" xml:id="C18.S27.Px1.m1">q</Math>-Hermite I</title>   
<para xml:id="C18.S27.Px1.p1">

<sentence sentence-num-in-para="1" sentence-num-in-section="35" xml:id="C18.S27.Px1.p1.s1">
 <Math equation-number="18.27.21" mode="display" xml:id="C18.S27.E21">h_{n}\left(x;q\right)=\left(q;q\right)_{n}\sum_{\ell=0}^{\left\lfloor n/2 \right\rfloor}\frac{(-1)^{\ell}q^{\ell(\ell-1)}x^{n-2\ell}}{\left(q^{2};q^{2} \right)_{\ell}\left(q;q\right)_{n-2\ell}}=x^{n}{{}_{2}\phi_{0}}\left({q^{-n},q ^{-n+1}\atop-};q^{2},x^{-2}q^{2n-1}\right)</Math>.
</sentence>

<sentence sentence-num-in-para="2" sentence-num-in-section="36" xml:id="C18.S27.Px1.p1.s2">
<Math equation-number="18.27.22" mode="display" xml:id="C18.S27.E22">\sum_{\ell=0}^{\infty}\left(h_{n}\left(q^{\ell};q\right)h_{m}\left(q^{\ell};q \right)+h_{n}\left(-q^{\ell};q\right)h_{m}\left(-q^{\ell};q\right)\right)\* \left(q^{\ell+1},-q^{\ell+1};q\right)_{\infty}q^{\ell}=\left(q;q\right)_{n} \left({q,-1,-q};q\right)_{\infty}q^{n(n-1)/2}\delta_{n,m}</Math>.
</sentence>

</para>
    
</paragraph>
 
<paragraph xml:id="C18.S27.Px2">
<title>Discrete <Math mode="inline" xml:id="C18.S27.Px2.m1">q</Math>-Hermite II</title>    
<para xml:id="C18.S27.Px2.p1">

<sentence sentence-num-in-para="1" sentence-num-in-section="37" xml:id="C18.S27.Px2.p1.s1">
 <Math equation-number="18.27.23" mode="display" xml:id="C18.S27.E23">\tilde{h}_{n}\left(x;q\right)=\left(q;q\right)_{n}\sum_{\ell=0}^{\left\lfloor n /2\right\rfloor}\frac{(-1)^{\ell}q^{-2n\ell}q^{\ell(2\ell+1)}x^{n-2\ell}}{ \left(q^{2};q^{2}\right)_{\ell}\left(q;q\right)_{n-2\ell}}=x^{n}{{}_{2}\phi_{1 }}\left({q^{-n},q^{-n+1}\atop 0};q^{2},-x^{-2}q^{2}\right)</Math>.
</sentence>

<sentence sentence-num-in-para="2" sentence-num-in-section="38" xml:id="C18.S27.Px2.p1.s2">
<Math equation-number="18.27.24" mode="display" xml:id="C18.S27.E24">\sum_{\ell=-\infty}^{\infty}\left(\tilde{h}_{n}\left(cq^{\ell};q\right)\tilde{ h}_{m}\left(cq^{\ell};q\right)+\tilde{h}_{n}\left(-cq^{\ell};q\right)\tilde{h} _{m}\left(-cq^{\ell};q\right)\right)\frac{q^{\ell}}{\left(-c^{2}q^{2\ell};q^{2 }\right)_{\infty}}=2\frac{\left(q^{2},-c^{2}q,-c^{-2}q;q^{2}\right)_{\infty}}{ \left(q,-c^{2},-c^{-2}q^{2};q^{2}\right)_{\infty}}\frac{\left(q;q\right)_{n}}{ q^{n^{2}}}\delta_{n,m}, if c&gt;0</Math>.
</sentence>

<sentence sentence-num-in-para="3" sentence-num-in-section="39" xml:id="C18.S27.Px2.p1.s3">
(For discrete <Math mode="inline" xml:id="C18.S27.Px2.p1.m1">q</Math> -Hermite II polynomials the measure is not uniquely determined.)
</sentence>

</para>
   
</paragraph>
 
</subsection>
 
</section>
