<?xml version="1.0" encoding="UTF-8"?>
<section xml:id="C18.S29">
<title>Asymptotic Approximations for <Math mode="inline" xml:id="C18.S29.m1">q</Math>-Hahn and Askey–Wilson Classes</title>        
   
 
<para xml:id="C18.S29.p1">

<sentence sentence-num-in-para="1" sentence-num-in-section="1" xml:id="C18.S29.p1.s1">
Ismail (1986) gives asymptotic expansions as <Math mode="inline" xml:id="C18.S29.p1.m1">n\to\infty</Math> , with <Math mode="inline" xml:id="C18.S29.p1.m2">x</Math> and other parameters fixed, for continuous <Math mode="inline" xml:id="C18.S29.p1.m3">q</Math> -ultraspherical, big and little <Math mode="inline" xml:id="C18.S29.p1.m4">q</Math> -Jacobi, and Askey–Wilson polynomials.
</sentence>

<sentence sentence-num-in-para="2" sentence-num-in-section="2" xml:id="C18.S29.p1.s2">
These asymptotic expansions are in fact convergent expansions.
</sentence>

<sentence sentence-num-in-para="3" sentence-num-in-section="3" xml:id="C18.S29.p1.s3">
For Askey–Wilson <Math mode="inline" xml:id="C18.S29.p1.m5">p_{n}\left(\cos\theta;a,b,c,d\,|\,q\right)</Math> the leading term is given by <Math equation-number="18.29.1" mode="display" xml:id="C18.S29.E1">\left(bc,bd,cd;q\right)_{n}\*\left(Q_{n}(e^{\mathrm{i}\theta};a,b,c,d\mid q)+Q _{n}(e^{-\mathrm{i}\theta};a,b,c,d\mid q)\right),</Math> where with <Math mode="inline" xml:id="C18.S29.p1.m6">z=e^{\pm\mathrm{i}\theta}</Math> , <Math equation-number="18.29.2" mode="display" xml:id="C18.S29.E2">Q_{n}(z;a,b,c,d\mid q)\sim\frac{z^{n}\left(az^{-1},bz^{-1},cz^{-1},dz^{-1};q \right)_{\infty}}{\left(z^{-2},bc,bd,cd;q\right)_{\infty}}, if n\to\infty; z,a,b,c,d,q fixed</Math>.
</sentence>

</para>
  
<para xml:id="C18.S29.p2">

<sentence sentence-num-in-para="1" sentence-num-in-section="4" xml:id="C18.S29.p2.s1">
For a uniform asymptotic expansion of the Stieltjes–Wigert polynomials, seeWang and Wong (2006).
</sentence>

</para>
   
<para xml:id="C18.S29.p3">

<sentence sentence-num-in-para="1" sentence-num-in-section="5" xml:id="C18.S29.p3.s1">
For asymptotic approximations to the largest zeros of the <Math mode="inline" xml:id="C18.S29.p3.m1">q</Math> -Laguerre and continuous <Math mode="inline" xml:id="C18.S29.p3.m2">q^{-1}</Math> -Hermite polynomials see Chen and Ismail (1998).
</sentence>

</para>
 
</section>
