<?xml version="1.0" encoding="UTF-8"?>
<section xml:id="C18.S21">
<title>Hahn Class: Interrelations</title>        
  
<subsection xml:id="C18.S21.SS1">
<title>Dualities</title>        
   
<paragraph xml:id="C18.S21.Px1">
<title>Duality of Hahn and Dual Hahn</title>  
 
<para xml:id="C18.S21.Px1.p1">

<sentence sentence-num-in-para="1" sentence-num-in-section="1" xml:id="C18.S21.Px1.p1.s1">
 <Math equation-number="18.21.1" mode="display" xml:id="C18.S21.E1">Q_{n}\left(x;\alpha,\beta,N\right)=R_{x}\left(n(n+\alpha+\beta+1);\alpha,\beta ,N\right), if n,x=0,1,\dots,N</Math>.
</sentence>

<sentence sentence-num-in-para="2" sentence-num-in-section="2" xml:id="C18.S21.Px1.p1.s2">
For the dual Hahn polynomial <Math mode="inline" xml:id="C18.S21.Px1.p1.m1">R_{n}\left(x;\gamma,\delta,N\right)</Math> see §18.25.
</sentence>

</para>
 
</paragraph>
 
<paragraph xml:id="C18.S21.Px2">
<title>Self-Dualities</title>  
 
<para xml:id="C18.S21.Px2.p1">

<sentence sentence-num-in-para="1" sentence-num-in-section="3" xml:id="C18.S21.Px2.p1.s1">
 <Math equation-number="18.21.2" mode="display" xml:id="C18.S21.E2">K_{n}\left(x;p,N\right)=K_{x}\left(n;p,N\right), if n,x=0,1,\dots,N. //// M_{n}\left(x;\beta,c\right)=M_{x}\left(n;\beta,c\right), if n,x=0,1,2,\dots. //// C_{n}\left(x;a\right)=C_{x}\left(n;a\right), if n,x=0,1,2,\dots</Math>.
</sentence>

</para>
 
</paragraph>
 
</subsection>
 
<subsection xml:id="C18.S21.SS2">
<title>Limit Relations and Special Cases</title>        
   
<paragraph xml:id="C18.S21.Px3">
<title>Hahn <Math mode="inline" xml:id="C18.S21.Px3.m1">\to</Math> Krawtchouk</title>   
<para xml:id="C18.S21.Px3.p1">

<sentence sentence-num-in-para="1" sentence-num-in-section="4" xml:id="C18.S21.Px3.p1.s1">
 <Math equation-number="18.21.3" mode="display" xml:id="C18.S21.E3">\lim_{t\to\infty}Q_{n}\left(x;pt,(1-p)t,N\right)=K_{n}\left(x;p,N\right)</Math>.
</sentence>

</para>
 
</paragraph>
 
<paragraph xml:id="C18.S21.Px4">
<title>Hahn <Math mode="inline" xml:id="C18.S21.Px4.m1">\to</Math> Meixner</title>   
<para xml:id="C18.S21.Px4.p1">

<sentence sentence-num-in-para="1" sentence-num-in-section="5" xml:id="C18.S21.Px4.p1.s1">
 <Math equation-number="18.21.4" mode="display" xml:id="C18.S21.E4">\lim_{N\to\infty}Q_{n}\left(x;b-1,N(c^{-1}-1),N\right)=M_{n}\left(x;b,c\right)</Math>.
</sentence>

</para>
 
</paragraph>
 
<paragraph xml:id="C18.S21.Px5">
<title>Hahn <Math mode="inline" xml:id="C18.S21.Px5.m1">\to</Math> Jacobi</title>    
<para xml:id="C18.S21.Px5.p1">

<sentence sentence-num-in-para="1" sentence-num-in-section="6" xml:id="C18.S21.Px5.p1.s1">
 <Math equation-number="18.21.5" mode="display" xml:id="C18.S21.E5">\lim_{N\to\infty}Q_{n}\left(Nx;\alpha,\beta,N\right)=\frac{P^{(\alpha,\beta)}_ {n}\left(1-2x\right)}{P^{(\alpha,\beta)}_{n}\left(1\right)}</Math>.
</sentence>

</para>
 
</paragraph>
 
<paragraph xml:id="C18.S21.Px6">
<title>Krawtchouk <Math mode="inline" xml:id="C18.S21.Px6.m1">\to</Math> Charlier</title>   
<para xml:id="C18.S21.Px6.p1">

<sentence sentence-num-in-para="1" sentence-num-in-section="7" xml:id="C18.S21.Px6.p1.s1">
 <Math equation-number="18.21.6" mode="display" xml:id="C18.S21.E6">\lim_{N\to\infty}K_{n}\left(x;N^{-1}a,N\right)=C_{n}\left(x;a\right)</Math>.
</sentence>

</para>
 
</paragraph>
 
<paragraph xml:id="C18.S21.Px7">
<title>Meixner <Math mode="inline" xml:id="C18.S21.Px7.m1">\to</Math> Charlier</title>  
 
<para xml:id="C18.S21.Px7.p1">

<sentence sentence-num-in-para="1" sentence-num-in-section="8" xml:id="C18.S21.Px7.p1.s1">
 <Math equation-number="18.21.7" mode="display" xml:id="C18.S21.E7">\lim_{\beta\to\infty}M_{n}\left(x;\beta,a(a+\beta)^{-1}\right)=C_{n}\left(x;a \right)</Math>.
</sentence>

</para>
 
</paragraph>
 
<paragraph xml:id="C18.S21.Px8">
<title>Meixner <Math mode="inline" xml:id="C18.S21.Px8.m1">\to</Math> Laguerre</title>    
<para xml:id="C18.S21.Px8.p1">

<sentence sentence-num-in-para="1" sentence-num-in-section="9" xml:id="C18.S21.Px8.p1.s1">
 <Math equation-number="18.21.8" mode="display" xml:id="C18.S21.E8">\lim_{c\to 1}M_{n}\left((1-c)^{-1}x;\alpha+1,c\right)=\frac{L^{(\alpha)}_{n} \left(x\right)}{L^{(\alpha)}_{n}\left(0\right)}</Math>.
</sentence>

</para>
 
</paragraph>
 
<paragraph xml:id="C18.S21.Px9">
<title>Charlier <Math mode="inline" xml:id="C18.S21.Px9.m1">\to</Math> Hermite</title>    
<para xml:id="C18.S21.Px9.p1">

<sentence sentence-num-in-para="1" sentence-num-in-section="10" xml:id="C18.S21.Px9.p1.s1">
 <Math equation-number="18.21.9" mode="display" xml:id="C18.S21.E9">\lim_{a\to\infty}(2a)^{\frac{1}{2}n}C_{n}\left((2a)^{\frac{1}{2}}x+a;a\right)= (-1)^{n}H_{n}\left(x\right)</Math>.
</sentence>

</para>
 
</paragraph>
 
<paragraph xml:id="C18.S21.Px10">
<title>Continuous Hahn <Math mode="inline" xml:id="C18.S21.Px10.m1">\to</Math> Meixner–Pollaczek</title>  
 
<para xml:id="C18.S21.Px10.p1">

<sentence sentence-num-in-para="1" sentence-num-in-section="11" xml:id="C18.S21.Px10.p1.s1">
 <Math equation-number="18.21.10" mode="display" xml:id="C18.S21.E10">\lim_{t\to\infty}t^{-n}p_{n}\left(x-t;\lambda+it,-t\tan\phi,\lambda-it,-t\tan \phi\right)=\frac{(-1)^{n}}{(\cos\phi)^{n}}P^{(\lambda)}_{n}\left(x;\phi\right)</Math>.
</sentence>

<sentence sentence-num-in-para="2" sentence-num-in-section="12" xml:id="C18.S21.Px10.p1.s2">
<Math equation-number="18.21.11" mode="display" xml:id="C18.S21.E11">p_{n}\left(x;a,a+\tfrac{1}{2},a,a+\tfrac{1}{2}\right)=2^{-2n}{\left(4a+n\right )_{n}}P^{(2a)}_{n}\left(2x;\tfrac{1}{2}\pi\right)</Math>.
</sentence>

</para>
 
</paragraph>
 
<paragraph xml:id="C18.S21.Px11">
<title>Meixner–Pollaczek <Math mode="inline" xml:id="C18.S21.Px11.m1">\to</Math> Laguerre</title>    
<para xml:id="C18.S21.Px11.p1">

<sentence sentence-num-in-para="1" sentence-num-in-section="13" xml:id="C18.S21.Px11.p1.s1">
 <Math equation-number="18.21.12" mode="display" xml:id="C18.S21.E12">\lim_{\phi\to 0}P^{(\frac{1}{2}\alpha+\frac{1}{2})}_{n}\left(-(2\phi)^{-1}x; \phi\right)=L^{(\alpha)}_{n}\left(x\right)</Math>.
</sentence>

</para>
 
<para xml:id="C18.S21.Px11.p2">

<sentence sentence-num-in-para="1" sentence-num-in-section="14" xml:id="C18.S21.Px11.p2.s1">
A graphical representation of limits in §§18.7(iii),18.21(ii), and 18.26(ii) is provided by the Askey scheme depicted in Figure 18.21.1.
</sentence>

</para>
           
<sentence sentence-num-in-section="15" xml:id="C18.S21.F1.s1">
Figure 18.21.1: Askey scheme. The number of free real parameters is zero for Hermite polynomials. It increases by one for each row ascended in the scheme, culminating with four free real parameters for the Wilson and Racah polynomials. (This is with the convention that the real and imaginary parts of the parameters are counted separately in the case of the continuous Hahn polynomials.)
</sentence>         
  
</paragraph>
 
</subsection>
 
</section>
