<?xml version="1.0" encoding="UTF-8"?>
<section xml:id="C18.S32">
<title>OP’s with Respect to Freud Weights</title>        
    
<para xml:id="C18.S32.p1">

<sentence sentence-num-in-para="1" sentence-num-in-section="1" xml:id="C18.S32.p1.s1">
A Freud weight is a weight function of the form <Math equation-number="18.32.1" mode="display" xml:id="C18.S32.E1">{w(x)=\exp\left(-Q(x)\right)}, if -\infty&lt;x&lt;\infty,</Math> where <Math mode="inline" xml:id="C18.S32.p1.m1">Q(x)</Math> is real, even, nonnegative, and continuously differentiable.
</sentence>

<sentence sentence-num-in-para="2" sentence-num-in-section="2" xml:id="C18.S32.p1.s2">
Of special interest are the cases <Math mode="inline" xml:id="C18.S32.p1.m2">Q(x)=x^{2m}</Math> , <Math mode="inline" xml:id="C18.S32.p1.m3">m=1,2,\dots</Math>.
</sentence>

<sentence sentence-num-in-para="3" sentence-num-in-section="3" xml:id="C18.S32.p1.s3">
No explicit expressions for the corresponding OP’s are available.
</sentence>

<sentence sentence-num-in-para="4" sentence-num-in-section="4" xml:id="C18.S32.p1.s4">
However, for asymptotic approximations in terms of elementary functions for the OP’s, and also for their largest zeros, see Levin and Lubinsky (2001) and Nevai (1986).
</sentence>

<sentence sentence-num-in-para="5" sentence-num-in-section="5" xml:id="C18.S32.p1.s5">
For a uniform asymptotic expansion in terms of Airy functions (§9.2) for the OP’s in the case <Math mode="inline" xml:id="C18.S32.p1.m4">Q(x)=x^{4}</Math> see Bo and Wong (1999).
</sentence>

</para>
 
<para xml:id="C18.S32.p2">

<sentence sentence-num-in-para="1" sentence-num-in-section="6" xml:id="C18.S32.p2.s1">
For asymptotic approximations to OP’s that correspond to Freud weights with more general functions <Math mode="inline" xml:id="C18.S32.p2.m1">Q(x)</Math> see Deift et al. (1999a, b), Bleher and Its (1999), and Kriecherbauer and McLaughlin (1999).
</sentence>

</para>
 
</section>
