<?xml version="1.0" encoding="UTF-8"?>
<section xml:id="C18.S36">
<title>Miscellaneous Polynomials</title>         
<subsection xml:id="C18.S36.SS1">
<title>Jacobi-Type Polynomials</title>          
<para xml:id="C18.S36.SS1.p1">

<sentence sentence-num-in-para="1" sentence-num-in-section="1" xml:id="C18.S36.SS1.p1.s1">
These are OP’s on the interval <Math mode="inline" xml:id="C18.S36.SS1.p1.m1">(-1,1)</Math> with respect to an orthogonality measure obtained by adding constant multiples of “Dirac delta weights” at <Math mode="inline" xml:id="C18.S36.SS1.p1.m2">-1</Math> and <Math mode="inline" xml:id="C18.S36.SS1.p1.m3">1</Math> to the weight function for the Jacobi polynomials.
</sentence>

<sentence sentence-num-in-para="2" sentence-num-in-section="2" xml:id="C18.S36.SS1.p1.s2">
For further information see Koornwinder (1984b) and Kwon et al. (2006).
</sentence>

</para>
 
<para xml:id="C18.S36.SS1.p2">

<sentence sentence-num-in-para="1" sentence-num-in-section="3" xml:id="C18.S36.SS1.p2.s1">
Similar OP’s can also be constructed for the Laguerre polynomials; seeKoornwinder (1984b, (4.8)).
</sentence>

</para>
 
</subsection>
 
<subsection xml:id="C18.S36.SS2">
<title>Sobolev OP’s</title>         
 
<para xml:id="C18.S36.SS2.p1">

<sentence sentence-num-in-para="1" sentence-num-in-section="4" xml:id="C18.S36.SS2.p1.s1">
Sobolev OP’s are orthogonal with respect to an inner product involving derivatives.
</sentence>

<sentence sentence-num-in-para="2" sentence-num-in-section="5" xml:id="C18.S36.SS2.p1.s2">
For an introductory survey to this subject, seeMarcellán et al. (1993).
</sentence>

<sentence sentence-num-in-para="3" sentence-num-in-section="6" xml:id="C18.S36.SS2.p1.s3">
Other relevant references includeIserles et al. (1991) and Koekoek et al. (1998).
</sentence>

</para>
 
</subsection>
 
<subsection xml:id="C18.S36.SS3">
<title>Multiple OP’s</title>          
<para xml:id="C18.S36.SS3.p1">

<sentence sentence-num-in-para="1" sentence-num-in-section="7" xml:id="C18.S36.SS3.p1.s1">
These are polynomials in one variable that are orthogonal with respect to a number of different measures.
</sentence>

<sentence sentence-num-in-para="2" sentence-num-in-section="8" xml:id="C18.S36.SS3.p1.s2">
They are related to Hermite-Padé approximation and can be used for proofs of irrationality or transcendence of interesting numbers.
</sentence>

<sentence sentence-num-in-para="3" sentence-num-in-section="9" xml:id="C18.S36.SS3.p1.s3">
For further information see Ismail (2005, Chapter 23).
</sentence>

</para>
 
</subsection>
 
<subsection xml:id="C18.S36.SS4">
<title>Orthogonal Matrix Polynomials</title>          
<para xml:id="C18.S36.SS4.p1">

<sentence sentence-num-in-para="1" sentence-num-in-section="10" xml:id="C18.S36.SS4.p1.s1">
These are matrix-valued polynomials that are orthogonal with respect to a square matrix of measures on the real line.
</sentence>

<sentence sentence-num-in-para="2" sentence-num-in-section="11" xml:id="C18.S36.SS4.p1.s2">
Classes of such polynomials have been found that generalize the classical OP’s in the sense that they satisfy second-order matrix differential equations with coefficients independent of the degree.
</sentence>

<sentence sentence-num-in-para="3" sentence-num-in-section="12" xml:id="C18.S36.SS4.p1.s3">
For further information see Durán and Grünbaum (2005).
</sentence>

</para>

 
</subsection>
 
</section>
