<?xml version="1.0" encoding="UTF-8"?>
<section xml:id="C18.S31">
<title>Bernstein–Szegő Polynomials</title>        
  
<para xml:id="C18.S31.p1">

<sentence sentence-num-in-para="1" sentence-num-in-section="1" xml:id="C18.S31.p1.s1">
Let <Math mode="inline" xml:id="C18.S31.p1.m1">\rho(x)</Math> be a polynomial of degree <Math mode="inline" xml:id="C18.S31.p1.m2">\ell</Math> and positive when <Math mode="inline" xml:id="C18.S31.p1.m3">-1\leq x\leq 1</Math>.
</sentence>

<sentence sentence-num-in-para="2" sentence-num-in-section="2" xml:id="C18.S31.p1.s2">
The Bernstein–Szegő polynomials <Math mode="inline" xml:id="C18.S31.p1.m4">\{p_{n}(x)\}</Math> , <Math mode="inline" xml:id="C18.S31.p1.m5">n=0,1,\dots</Math> , are orthogonal on <Math mode="inline" xml:id="C18.S31.p1.m6">(-1,1)</Math> with respect to three types of weight function: <Math mode="inline" xml:id="C18.S31.p1.m7">(1-x^{2})^{-\frac{1}{2}}(\rho(x))^{-1}</Math> , <Math mode="inline" xml:id="C18.S31.p1.m8">(1-x^{2})^{\frac{1}{2}}(\rho(x))^{-1}</Math> , <Math mode="inline" xml:id="C18.S31.p1.m9">(1-x)^{\frac{1}{2}}(1+x)^{-\frac{1}{2}}(\rho(x))^{-1}</Math>.
</sentence>

<sentence sentence-num-in-para="3" sentence-num-in-section="3" xml:id="C18.S31.p1.s3">
In consequence, <Math mode="inline" xml:id="C18.S31.p1.m10">p_{n}(\cos\theta)</Math> can be given explicitly in terms of <Math mode="inline" xml:id="C18.S31.p1.m11">\rho(\cos\theta)</Math> and sines and cosines, provided that <Math mode="inline" xml:id="C18.S31.p1.m12">\ell&lt;2n</Math> in the first case, <Math mode="inline" xml:id="C18.S31.p1.m13">\ell&lt;2n+2</Math> in the second case, and <Math mode="inline" xml:id="C18.S31.p1.m14">\ell&lt;2n+1</Math> in the third case.
</sentence>

<sentence sentence-num-in-para="4" sentence-num-in-section="4" xml:id="C18.S31.p1.s4">
See Szegő (1975, §2.6).
</sentence>

</para>
 
</section>
