<?xml version="1.0" encoding="UTF-8"?>
<section xml:id="C18.S39">
<title>Physical Applications</title>        
  
<subsection xml:id="C18.S39.SS1">
<title>Quantum Mechanics</title>        
     
<para xml:id="C18.S39.SS1.p1">

<sentence sentence-num-in-para="1" sentence-num-in-section="1" xml:id="C18.S39.SS1.p1.s1">
Classical OP’s appear when the time-dependent Schrödinger equation is solved by separation of variables.
</sentence>

<sentence sentence-num-in-para="2" sentence-num-in-section="2" xml:id="C18.S39.SS1.p1.s2">
Consider, for example, the one-dimensional form of this equation for a particle of mass <Math mode="inline" xml:id="C18.S39.SS1.p1.m1">m</Math> with potential energy <Math mode="inline" xml:id="C18.S39.SS1.p1.m2">V(x)</Math> : <Math equation-number="18.39.1" mode="display" xml:id="C18.S39.E1">\left(\frac{-\hbar^{2}}{2m}\frac{{\partial}^{2}}{{\partial x}^{2}}+V(x)\right) \psi(x,t)=i\hbar\frac{\partial}{\partial t}\psi(x,t),</Math> where <Math mode="inline" xml:id="C18.S39.SS1.p1.m3">\hbar</Math> is the reduced Planck’s constant.
</sentence>

<sentence sentence-num-in-para="3" sentence-num-in-section="3" xml:id="C18.S39.SS1.p1.s3">
On substituting <Math mode="inline" xml:id="C18.S39.SS1.p1.m4">\psi(x,t)=\eta(x)\zeta(t)</Math> , we obtain two ordinary differential equations, each of which involve the same constant <Math mode="inline" xml:id="C18.S39.SS1.p1.m5">E</Math>.
</sentence>

<sentence sentence-num-in-para="4" sentence-num-in-section="4" xml:id="C18.S39.SS1.p1.s4">
The equation for <Math mode="inline" xml:id="C18.S39.SS1.p1.m6">\eta(x)</Math> is <Math equation-number="18.39.2" mode="display" xml:id="C18.S39.E2">\frac{{\mathrm{d}}^{2}\eta}{{\mathrm{d}x}^{2}}+\frac{2m}{\hbar^{2}}\left(E-V(x )\right)\eta=0</Math>.
</sentence>

<sentence sentence-num-in-para="5" sentence-num-in-section="5" xml:id="C18.S39.SS1.p1.s5">
For a harmonic oscillator, the potential energy is given by <Math equation-number="18.39.3" mode="display" xml:id="C18.S39.E3">V(x)=\tfrac{1}{2}m\omega^{2}x^{2},</Math> where <Math mode="inline" xml:id="C18.S39.SS1.p1.m7">\omega</Math> is the angular frequency.
</sentence>

<sentence sentence-num-in-para="6" sentence-num-in-section="6" xml:id="C18.S39.SS1.p1.s6">
For (18.39.2) to have a nontrivial bounded solution in the interval <Math mode="inline" xml:id="C18.S39.SS1.p1.m8">-\infty&lt;x&lt;\infty</Math> , the constant <Math mode="inline" xml:id="C18.S39.SS1.p1.m9">E</Math> (the total energy of the particle) must satisfy <Math equation-number="18.39.4" mode="display" xml:id="C18.S39.E4">E=E_{n}=\left(n+\tfrac{1}{2}\right)\hbar\omega, if n=0,1,2,\dots</Math>.
</sentence>

<sentence sentence-num-in-para="7" sentence-num-in-section="7" xml:id="C18.S39.SS1.p1.s7">
The corresponding eigenfunctions are <Math equation-number="18.39.5" mode="display" xml:id="C18.S39.E5">\eta_{n}(x)=\pi^{-\frac{1}{4}}2^{-\frac{1}{2}n}(n!\,b)^{-\frac{1}{2}}H_{n} \left(x/b\right)e^{-x^{2}/2b^{2}},</Math> where <Math mode="inline" xml:id="C18.S39.SS1.p1.m10">b=(\hbar/m\omega)^{1/2}</Math> , and <Math mode="inline" xml:id="C18.S39.SS1.p1.m11">H_{n}</Math> is the Hermite polynomial.
</sentence>

<sentence sentence-num-in-para="8" sentence-num-in-section="8" xml:id="C18.S39.SS1.p1.s8">
For further details, see Seaborn (1991, p. 224) orNikiforov and Uvarov (1988, pp. 71-72).
</sentence>

</para>
 
<para xml:id="C18.S39.SS1.p2">

<sentence sentence-num-in-para="1" sentence-num-in-section="9" xml:id="C18.S39.SS1.p2.s1">
A second example is provided by the three-dimensional time-independentSchrödinger equation <Math equation-number="18.39.6" mode="display" xml:id="C18.S39.E6">\nabla^{2}\psi+\frac{2m}{\hbar^{2}}\left(E-V(\mathbf{x})\right)\psi=0,</Math> when this is solved by separation of variables in spherical coordinates (§1.5(ii)).
</sentence>

<sentence sentence-num-in-para="2" sentence-num-in-section="10" xml:id="C18.S39.SS1.p2.s2">
The eigenfunctions of one of the separated ordinary differential equations are Legendre polynomials.
</sentence>

<sentence sentence-num-in-para="3" sentence-num-in-section="11" xml:id="C18.S39.SS1.p2.s3">
SeeSeaborn (1991, pp. 69-75).
</sentence>

</para>
  
<para xml:id="C18.S39.SS1.p3">

<sentence sentence-num-in-para="1" sentence-num-in-section="12" xml:id="C18.S39.SS1.p3.s1">
For a third example, one in which the eigenfunctions are Laguerre polynomials, see Seaborn (1991, pp. 87-93) andNikiforov and Uvarov (1988, pp. 76-80 and 320-323).
</sentence>

</para>
   
 
</subsection>
 
<subsection xml:id="C18.S39.SS2">
<title>Other Applications</title>        
  
<para xml:id="C18.S39.SS2.p1">

<sentence sentence-num-in-para="1" sentence-num-in-section="13" xml:id="C18.S39.SS2.p1.s1">
For applications of Legendre polynomials in fluid dynamics to study the flow around the outside of a puff of hot gas rising through the air, seePaterson (1983).
</sentence>

</para>
 
<para xml:id="C18.S39.SS2.p2">

<sentence sentence-num-in-para="1" sentence-num-in-section="14" xml:id="C18.S39.SS2.p2.s1">
For applications and an extension of the Szegő–Szász inequality (18.14.20) for Legendre polynomials ( <Math mode="inline" xml:id="C18.S39.SS2.p2.m1">\alpha=\beta=0</Math> ) to obtain global bounds on the variation of the phase of an elastic scattering amplitude, see Cornille and Martin (1972, 1974).
</sentence>

</para>
 
<para xml:id="C18.S39.SS2.p3">

<sentence sentence-num-in-para="1" sentence-num-in-section="15" xml:id="C18.S39.SS2.p3.s1">
For physical applications of <Math mode="inline" xml:id="C18.S39.SS2.p3.m1">q</Math> -Laguerre polynomials see §17.17.
</sentence>

</para>
  
<para xml:id="C18.S39.SS2.p4">

<sentence sentence-num-in-para="1" sentence-num-in-section="16" xml:id="C18.S39.SS2.p4.s1">
For interpretations of zeros of classical OP’s as equilibrium positions of charges in electrostatic problems (assuming logarithmic interaction), seeIsmail (2000a, b).
</sentence>

</para>
 
</subsection>
 
</section>
