<?xml version="1.0" encoding="UTF-8"?>
<section xml:id="C18.S34">
<title>Bessel Polynomials</title>        
  
<subsection xml:id="C18.S34.SS1">
<title>Definitions and Recurrence Relation</title>           
 
<para xml:id="C18.S34.SS1.p1">

<sentence sentence-num-in-para="1" sentence-num-in-section="1" xml:id="C18.S34.SS1.p1.s1">
For the confluent hypergeometric function <Math mode="inline" xml:id="C18.S34.SS1.p1.m1">{{}_{1}F_{1}}</Math> and the generalized hypergeometric function <Math mode="inline" xml:id="C18.S34.SS1.p1.m2">{{}_{2}F_{0}}</Math> see §16.2(ii) and §16.2(iv).
</sentence>

</para>

 
<para xml:id="C18.S34.SS1.p2">

<sentence sentence-num-in-para="1" sentence-num-in-section="2" xml:id="C18.S34.SS1.p2.s1">
 <Math equation-number="18.34.1" mode="display" xml:id="C18.S34.E1">y_{n}\left(x;a\right)={{}_{2}F_{0}}\left({-n,n+a-1\atop-};-\frac{x}{2}\right)= {\left(n+a-1\right)_{n}}\left(\frac{x}{2}\right)^{n}{{}_{1}F_{1}}\left({-n \atop-2n-a+2};\frac{2}{x}\right)</Math>.
</sentence>

</para>
 
<para xml:id="C18.S34.SS1.p3">

<sentence sentence-num-in-para="1" sentence-num-in-section="3" xml:id="C18.S34.SS1.p3.s1">
Other notations in use are given by <Math equation-number="18.34.2" mode="display" xml:id="C18.S34.E2">y_{n}(x)=y_{n}\left(x;2\right),\theta_{n}(x)=x^{n}y_{n}(x^{-1}),</Math> and <Math equation-number="18.34.3" mode="display" xml:id="C18.S34.E3">y_{n}(x;a,b)=y_{n}\left(2x/b;a\right),\theta_{n}(x;a,b)=x^{n}y_{n}(x^{-1};a,b)</Math>.
</sentence>

<sentence sentence-num-in-para="2" sentence-num-in-section="4" xml:id="C18.S34.SS1.p3.s2">
Often only the polynomials (18.34.2) are called Bessel polynomials, while the polynomials (18.34.1) and (18.34.3) are called generalized Bessel polynomials.
</sentence>

<sentence sentence-num-in-para="3" sentence-num-in-section="5" xml:id="C18.S34.SS1.p3.s3">
See also §10.49(ii).
</sentence>

<sentence sentence-num-in-para="4" sentence-num-in-section="6" xml:id="C18.S34.SS1.p3.s4">
<Math equation-number="18.34.4" mode="display" xml:id="C18.S34.E4">y_{n+1}\left(x;a\right)=(A_{n}x+B_{n})y_{n}\left(x;a\right)-C_{n}y_{n-1}\left( x;a\right),</Math> where <Math equation-number="18.34.5" mode="display" xml:id="C18.S34.E5">A_{n}=\frac{(2n+a)(2n+a-1)}{2(n+a-1)},B_{n}=\frac{(a-2)(2n+a-1)}{(n+a-1)(2n+a-2)},C_{n}=\frac{-n(2n+a)}{(n+a-1)(2n+a-2)}</Math>.
</sentence>

</para>
 
</subsection>
 
<subsection xml:id="C18.S34.SS2">
<title>Orthogonality</title>        
 
 
<para xml:id="C18.S34.SS2.p1">

<sentence sentence-num-in-para="1" sentence-num-in-section="7" xml:id="C18.S34.SS2.p1.s1">
Because the coefficients <Math mode="inline" xml:id="C18.S34.SS2.p1.m1">C_{n}</Math> in (18.34.4) are not all positive, the polynomials <Math mode="inline" xml:id="C18.S34.SS2.p1.m2">y_{n}\left(x;a\right)</Math> cannot be orthogonal on the line with respect to a positive weight function.
</sentence>

<sentence sentence-num-in-para="2" sentence-num-in-section="8" xml:id="C18.S34.SS2.p1.s2">
There is orthogonality on the unit circle, however: <Math equation-number="18.34.6" mode="display" xml:id="C18.S34.E6">\frac{1}{2\pi\mathrm{i}}\int_{|z|=1}z^{a-2}y_{n}\left(z;a\right)y_{m}\left(z;a \right)e^{-2/z}\mathrm{d}z=\frac{(-1)^{n+a-1}n!\,2^{a-1}}{(n+a-2)!(2n+a-1)} \delta_{n,m}, if a=1,2,\dots,</Math> the integration path being taken in the positive rotational sense.
</sentence>

</para>
 
<para xml:id="C18.S34.SS2.p2">

<sentence sentence-num-in-para="1" sentence-num-in-section="9" xml:id="C18.S34.SS2.p2.s1">
Orthogonality can also be expressed in terms of moment functionals; seeDurán (1993), Evans et al. (1993), and Maroni (1995).
</sentence>

</para>
 
</subsection>
 
<subsection xml:id="C18.S34.SS3">
<title>Other Properties</title>        
 
 
<para xml:id="C18.S34.SS3.p1">

<sentence sentence-num-in-para="1" sentence-num-in-section="10" xml:id="C18.S34.SS3.p1.s1">
 <Math equation-number="18.34.7" mode="display" xml:id="C18.S34.E7">x^{2}y_{n}''\left(x;a\right)+(ax+2)y_{n}'\left(x;a\right)-n(n+a-1)y_{n}\left(x ;a\right)=0,</Math> where primes denote derivatives with respect to <Math mode="inline" xml:id="C18.S34.SS3.p1.m1">x</Math>.
</sentence>

<sentence sentence-num-in-para="2" sentence-num-in-section="11" xml:id="C18.S34.SS3.p1.s2">
<Math equation-number="18.34.8" mode="display" xml:id="C18.S34.E8">\lim_{\alpha\to\infty}\frac{P^{(\alpha,a-\alpha-2)}_{n}\left(1+\alpha x\right) }{P^{(\alpha,a-\alpha-2)}_{n}\left(1\right)}=y_{n}\left(x;a\right)</Math>.
</sentence>

</para>
  
<para xml:id="C18.S34.SS3.p2">

<sentence sentence-num-in-para="1" sentence-num-in-section="12" xml:id="C18.S34.SS3.p2.s1">
For uniform asymptotic expansions of <Math mode="inline" xml:id="C18.S34.SS3.p2.m1">y_{n}\left(x;a\right)</Math> as <Math mode="inline" xml:id="C18.S34.SS3.p2.m2">n\to\infty</Math> in terms of Airy functions (§9.2) see Wong and Zhang (1997) andDunster (2001c).
</sentence>

<sentence sentence-num-in-para="2" sentence-num-in-section="13" xml:id="C18.S34.SS3.p2.s2">
For uniform asymptotic expansions in terms ofHermite polynomials see López and Temme (1999b).
</sentence>

</para>
 
<para xml:id="C18.S34.SS3.p3">

<sentence sentence-num-in-para="1" sentence-num-in-section="14" xml:id="C18.S34.SS3.p3.s1">
For further information on Bessel polynomials see §10.49(ii).
</sentence>

</para>
  
</subsection>
 
</section>
