<?xml version="1.0" encoding="UTF-8"?>
<section xml:id="C18.S41">
<title>Tables</title>        
 
<subsection xml:id="C18.S41.SS1">
<title>Polynomials</title>         
<para xml:id="C18.S41.SS1.p1">

<sentence sentence-num-in-para="1" sentence-num-in-section="1" xml:id="C18.S41.SS1.p1.s1">
For <Math mode="inline" xml:id="C18.S41.SS1.p1.m1">P_{n}\left(x\right)</Math> ( <Math mode="inline" xml:id="C18.S41.SS1.p1.m2">=\mathsf{P}_{n}\left(x\right)</Math> ) see §14.33.
</sentence>

</para>
      
<para xml:id="C18.S41.SS1.p2">

<sentence sentence-num-in-para="1" sentence-num-in-section="2" xml:id="C18.S41.SS1.p2.s1">
Abramowitz and Stegun (1964, Tables 22.4, 22.6, 22.11, and 22.13) tabulates <Math mode="inline" xml:id="C18.S41.SS1.p2.m1">T_{n}\left(x\right)</Math> , <Math mode="inline" xml:id="C18.S41.SS1.p2.m2">U_{n}\left(x\right)</Math> , <Math mode="inline" xml:id="C18.S41.SS1.p2.m3">L_{n}\left(x\right)</Math> , and <Math mode="inline" xml:id="C18.S41.SS1.p2.m4">H_{n}\left(x\right)</Math> for <Math mode="inline" xml:id="C18.S41.SS1.p2.m5">n=0(1)12</Math>.
</sentence>

<sentence sentence-num-in-para="2" sentence-num-in-section="3" xml:id="C18.S41.SS1.p2.s2">
The ranges of <Math mode="inline" xml:id="C18.S41.SS1.p2.m6">x</Math> are <Math mode="inline" xml:id="C18.S41.SS1.p2.m7">0.2(.2)</Math> 1 for <Math mode="inline" xml:id="C18.S41.SS1.p2.m8">T_{n}\left(x\right)</Math> and <Math mode="inline" xml:id="C18.S41.SS1.p2.m9">U_{n}\left(x\right)</Math> , and <Math mode="inline" xml:id="C18.S41.SS1.p2.m10">0.5,1,3,5,10</Math> for <Math mode="inline" xml:id="C18.S41.SS1.p2.m11">L_{n}\left(x\right)</Math> and <Math mode="inline" xml:id="C18.S41.SS1.p2.m12">H_{n}\left(x\right)</Math>.
</sentence>

<sentence sentence-num-in-para="3" sentence-num-in-section="4" xml:id="C18.S41.SS1.p2.s3">
The precision is 10D, except for <Math mode="inline" xml:id="C18.S41.SS1.p2.m13">H_{n}\left(x\right)</Math> whichis 6-11S.
</sentence>

</para>
 
</subsection>
 
<subsection xml:id="C18.S41.SS2">
<title>Zeros</title>         
<para xml:id="C18.S41.SS2.p1">

<sentence sentence-num-in-para="1" sentence-num-in-section="5" xml:id="C18.S41.SS2.p1.s1">
For <Math mode="inline" xml:id="C18.S41.SS2.p1.m1">P_{n}\left(x\right)</Math> , <Math mode="inline" xml:id="C18.S41.SS2.p1.m2">L_{n}\left(x\right)</Math> , and <Math mode="inline" xml:id="C18.S41.SS2.p1.m3">H_{n}\left(x\right)</Math> see §3.5(v).
</sentence>

<sentence sentence-num-in-para="2" sentence-num-in-section="6" xml:id="C18.S41.SS2.p1.s2">
See alsoAbramowitz and Stegun (1964, Tables 25.4, 25.9, and 25.10).
</sentence>

</para>
 
</subsection>
 
<subsection xml:id="C18.S41.SS3">
<title>Other Tables</title>         
<para xml:id="C18.S41.SS3.p1">

<sentence sentence-num-in-para="1" sentence-num-in-section="7" xml:id="C18.S41.SS3.p1.s1">
For tables prior to 1961 see Fletcher et al. (1962) andLebedev and Fedorova (1960).
</sentence>

</para>
 
</subsection>
 
</section>
