<?xml version="1.0" encoding="UTF-8"?>
<section xml:id="C18.S4">
<title>Graphics</title>         
<subsection xml:id="C18.S4.SS1">
<title>Graphs</title>        
          
<sentence sentence-num-in-section="1" xml:id="C18.S4.F1.s1">
Figure 18.4.1: Jacobi polynomials <Math mode="inline" xml:id="C18.S4.F1.m3">P^{(1.5,-0.5)}_{n}\left(x\right</Math>) , <Math mode="inline" xml:id="C18.S4.F1.m4">n=1,2,3,4,5</Math> .
</sentence>
  
            
<sentence sentence-num-in-section="2" xml:id="C18.S4.F2.s1">
Figure 18.4.2: Jacobi polynomials <Math mode="inline" xml:id="C18.S4.F2.m3">P^{(1.25,0.75)}_{n}\left(x\right</Math>) , <Math mode="inline" xml:id="C18.S4.F2.m4">n=7,8</Math> . This illustrates inequalities for extrema of a Jacobi polynomial; see ( ). See also .
</sentence>
            
<sentence sentence-num-in-section="3" xml:id="C18.S4.F3.s1">
Figure 18.4.3: Chebyshev polynomials <Math mode="inline" xml:id="C18.S4.F3.m3">T_{n}\left(x\right)</Math> , <Math mode="inline" xml:id="C18.S4.F3.m4">n=1,2,3,4,5</Math> .
</sentence>
    
           
<sentence sentence-num-in-section="4" xml:id="C18.S4.F4.s1">
Figure 18.4.4: Legendre polynomials <Math mode="inline" xml:id="C18.S4.F4.m3">P_{n}\left(x\right)</Math> , <Math mode="inline" xml:id="C18.S4.F4.m4">n=1,2,3,4,5</Math> .
</sentence>
            
<sentence sentence-num-in-section="5" xml:id="C18.S4.F5.s1">
Figure 18.4.5: Laguerre polynomials <Math mode="inline" xml:id="C18.S4.F5.m3">L_{n}\left(x\right)</Math> , <Math mode="inline" xml:id="C18.S4.F5.m4">n=1,2,3,4,5</Math> .
</sentence>
              
<sentence sentence-num-in-section="6" xml:id="C18.S4.F6.s1">
Figure 18.4.6: Laguerre polynomials <Math mode="inline" xml:id="C18.S4.F6.m3">L^{(\alpha)}_{3}\left(x\right)</Math> , <Math mode="inline" xml:id="C18.S4.F6.m4">\alpha=0,1,2,3,4</Math> .
</sentence>
          
  
<sentence sentence-num-in-section="7" xml:id="C18.S4.F7.s1">
Figure 18.4.7: Monic Hermite polynomials <Math mode="inline" xml:id="C18.S4.F7.m3">h_{n}(x)=2^{-n}H_{n}\left(x\right)</Math> , <Math mode="inline" xml:id="C18.S4.F7.m4">n=1,2,3,4,5</Math> .
</sentence>
     
</subsection>
 
<subsection xml:id="C18.S4.SS2">
<title>Surfaces</title>        
         
  
<sentence sentence-num-in-section="8" xml:id="C18.S4.F8.s1">
Figure 18.4.8: Laguerre polynomials <Math mode="inline" xml:id="C18.S4.F8.m4">L^{(\alpha)}_{3}\left(x\right)</Math> , <Math mode="inline" xml:id="C18.S4.F8.m5">0\leq\alpha\leq 3</Math> , <Math mode="inline" xml:id="C18.S4.F8.m6">0\leq x\leq 10</Math> .
</sentence>
           
<sentence sentence-num-in-section="9" xml:id="C18.S4.F9.s1">
Figure 18.4.9: Laguerre polynomials <Math mode="inline" xml:id="C18.S4.F9.m4">L^{(\alpha)}_{4}\left(x\right)</Math> , <Math mode="inline" xml:id="C18.S4.F9.m5">0\leq\alpha\leq 3</Math> , <Math mode="inline" xml:id="C18.S4.F9.m6">0\leq x\leq 10</Math> .
</sentence>
   
 
 
</subsection>
 
</section>
