<?xml version="1.0" encoding="UTF-8"?>
<section xml:id="C18.S42">
<title>Software</title>         
<para xml:id="C18.S42.p1">

</para>

 
<para xml:id="C18.S42.p2">

<sentence sentence-num-in-para="1" sentence-num-in-section="1" xml:id="C18.S42.p2.s1">
In this section we provide links to the research literature describing the implementation of algorithms in software for the evaluation of functions described in this chapter.
</sentence>

<sentence sentence-num-in-para="2" sentence-num-in-section="2" xml:id="C18.S42.p2.s2">
Also included is a website (CAOP) operated by a university department.
</sentence>

<sentence sentence-num-in-para="3" sentence-num-in-section="3" xml:id="C18.S42.p2.s3">
Citations in the bulleted list refer to papers for which research software has been made available and can be downloaded via the Web.
</sentence>

</para>
 
<para xml:id="C18.S42.p3">

<sentence sentence-num-in-para="1" sentence-num-in-section="4" xml:id="C18.S42.p3.s1">
A more complete list of available software for computing these functions, and for generating formulas symbolically, is found in the Software Index.
</sentence>

<sentence sentence-num-in-para="2" sentence-num-in-section="5" xml:id="C18.S42.p3.s2">
For another listing of Web-accessible software for the functions in this chapter, see .
</sentence>

</para>

 
<para xml:id="C18.S42.p4">

<sentence sentence-num-in-para="1" sentence-num-in-section="6" xml:id="C18.S42.p4.s1">
CAOP (website).
</sentence>

<sentence sentence-num-in-para="2" sentence-num-in-section="7" xml:id="C18.S42.p4.s2">
Computer Algebra and Orthogonal Polynomials.
</sentence>

<sentence sentence-num-in-para="3" sentence-num-in-section="8" xml:id="C18.S42.p4.s3">
Gautschi (1994).
</sentence>

<sentence sentence-num-in-para="4" sentence-num-in-section="9" xml:id="C18.S42.p4.s4">
Fortran.
</sentence>

<sentence sentence-num-in-para="5" sentence-num-in-section="10" xml:id="C18.S42.p4.s5">
Gautschi (2004).
</sentence>

<sentence sentence-num-in-para="6" sentence-num-in-section="11" xml:id="C18.S42.p4.s6">
MATLAB.
</sentence>

</para>

 
</section>
