<?xml version="1.0" encoding="UTF-8"?>
<section xml:id="C18.S5">
<title>Explicit Representations</title>        
    
 
<subsection xml:id="C18.S5.SS1">
<title>Trigonometric Functions</title>         
<paragraph xml:id="C18.S5.Px1">
<title>Chebyshev</title>     
<para xml:id="C18.S5.Px1.p1">

<sentence sentence-num-in-para="1" sentence-num-in-section="1" xml:id="C18.S5.Px1.p1.s1">
With <Math mode="inline" xml:id="C18.S5.Px1.p1.m1">x=\cos\theta</Math> , <Math equation-number="18.5.1" mode="display" xml:id="C18.S5.E1">T_{n}\left(x\right)=\cos\left(n\theta\right),</Math> , <Math equation-number="18.5.2" mode="display" xml:id="C18.S5.E2">U_{n}\left(x\right)=\ifrac{(\sin(n+1)\theta)}{\sin\theta},</Math> , <Math equation-number="18.5.3" mode="display" xml:id="C18.S5.E3">V_{n}\left(x\right)=\ifrac{(\sin(n+\tfrac{1}{2})\theta)}{\sin\left(\tfrac{1}{2 }\theta\right)},</Math> , <Math equation-number="18.5.4" mode="display" xml:id="C18.S5.E4">W_{n}\left(x\right)=\ifrac{(\cos(n+\tfrac{1}{2})\theta)}{\cos\left(\tfrac{1}{2 }\theta\right)}</Math>.
</sentence>

</para>
 
</paragraph>
 
</subsection>
 
<subsection xml:id="C18.S5.SS2">
<title>Rodrigues Formulas</title>        
 
<para xml:id="C18.S5.SS2.p1">

<sentence sentence-num-in-para="1" sentence-num-in-section="2" xml:id="C18.S5.SS2.p1.s1">
 <Math equation-number="18.5.5" mode="display" xml:id="C18.S5.E5">p_{n}(x)=\frac{1}{\kappa_{n}w(x)}\frac{{\mathrm{d}}^{n}}{{\mathrm{d}x}^{n}} \left(w(x)(F(x))^{n}\right)</Math>.
</sentence>

<sentence sentence-num-in-para="2" sentence-num-in-section="3" xml:id="C18.S5.SS2.p1.s2">
In this equation <Math mode="inline" xml:id="C18.S5.SS2.p1.m1">w(x)</Math> is as in Table 18.3.1,and
</sentence>

<sentence sentence-num-in-para="3" sentence-num-in-section="4" xml:id="C18.S5.SS2.p1.s3">
<Math mode="inline" xml:id="C18.S5.SS2.p1.m2">F(x)</Math> , <Math mode="inline" xml:id="C18.S5.SS2.p1.m3">\kappa_{n}</Math> are as in Table 18.5.1.
</sentence>

</para>

         
<sentence sentence-num-in-section="5" xml:id="C18.S5.T1.s1">
Table 18.5.1: Classical OP’s: Rodrigues formulas ( ).
</sentence>       
 

<sentence sentence-num-in-section="6" sentence-num-in-table="1" xml:id="C18.S5.T1.t1.s1">
<Math mode="inline" xml:id="C18.S5.T1.t1.r1.m1">p_{n}(x)</Math>
</sentence>

<sentence sentence-num-in-section="7" sentence-num-in-table="2" xml:id="C18.S5.T1.t1.s2">
<Math mode="inline" xml:id="C18.S5.T1.t1.r1.m2">F(x)</Math>
</sentence>

<sentence sentence-num-in-section="8" sentence-num-in-table="3" xml:id="C18.S5.T1.t1.s3">
<Math mode="inline" xml:id="C18.S5.T1.t1.r1.m3">\kappa_{n}</Math>
</sentence>

<sentence sentence-num-in-section="9" sentence-num-in-table="4" xml:id="C18.S5.T1.t1.s4">
<Math mode="inline" xml:id="C18.S5.T1.t1.r2.m1">P^{(\alpha,\beta)}_{n}\left(x\right)</Math>
</sentence>

<sentence sentence-num-in-section="10" sentence-num-in-table="5" xml:id="C18.S5.T1.t1.s5">
<Math mode="inline" xml:id="C18.S5.T1.t1.r2.m2">1-x^{2}</Math>
</sentence>

<sentence sentence-num-in-section="11" sentence-num-in-table="6" xml:id="C18.S5.T1.t1.s6">
<Math mode="inline" xml:id="C18.S5.T1.t1.r2.m3">(-2)^{n}n</Math>!
</sentence>

<sentence sentence-num-in-section="12" sentence-num-in-table="7" xml:id="C18.S5.T1.t1.s7">
<Math mode="inline" xml:id="C18.S5.T1.t1.r3.m1">C^{(\lambda)}_{n}\left(x\right)</Math>
</sentence>

<sentence sentence-num-in-section="13" sentence-num-in-table="8" xml:id="C18.S5.T1.t1.s8">
<Math mode="inline" xml:id="C18.S5.T1.t1.r3.m2">1-x^{2}</Math>
</sentence>

<sentence sentence-num-in-section="14" sentence-num-in-table="9" xml:id="C18.S5.T1.t1.s9">
<Math mode="inline" xml:id="C18.S5.T1.t1.r3.m3">\dfrac{(-2)^{n}{\left(\lambda+\frac{1}{2}\right)_{n}}n!}{{\left(2\lambda\right )_{n}}}</Math>
</sentence>

<sentence sentence-num-in-section="15" sentence-num-in-table="10" xml:id="C18.S5.T1.t1.s10">
<Math mode="inline" xml:id="C18.S5.T1.t1.r4.m1">T_{n}\left(x\right)</Math>
</sentence>

<sentence sentence-num-in-section="16" sentence-num-in-table="11" xml:id="C18.S5.T1.t1.s11">
<Math mode="inline" xml:id="C18.S5.T1.t1.r4.m2">1-x^{2}</Math>
</sentence>

<sentence sentence-num-in-section="17" sentence-num-in-table="12" xml:id="C18.S5.T1.t1.s12">
<Math mode="inline" xml:id="C18.S5.T1.t1.r4.m3">(-2)^{n}{\left(\frac{1}{2}\right)_{n}}</Math>
</sentence>

<sentence sentence-num-in-section="18" sentence-num-in-table="13" xml:id="C18.S5.T1.t1.s13">
<Math mode="inline" xml:id="C18.S5.T1.t1.r5.m1">U_{n}\left(x\right)</Math>
</sentence>

<sentence sentence-num-in-section="19" sentence-num-in-table="14" xml:id="C18.S5.T1.t1.s14">
<Math mode="inline" xml:id="C18.S5.T1.t1.r5.m2">1-x^{2}</Math>
</sentence>

<sentence sentence-num-in-section="20" sentence-num-in-table="15" xml:id="C18.S5.T1.t1.s15">
<Math mode="inline" xml:id="C18.S5.T1.t1.r5.m3">\dfrac{(-2)^{n}{\left(\frac{3}{2}\right)_{n}}}{n+1}</Math>
</sentence>

<sentence sentence-num-in-section="21" sentence-num-in-table="16" xml:id="C18.S5.T1.t1.s16">
<Math mode="inline" xml:id="C18.S5.T1.t1.r6.m1">V_{n}\left(x\right)</Math>
</sentence>

<sentence sentence-num-in-section="22" sentence-num-in-table="17" xml:id="C18.S5.T1.t1.s17">
<Math mode="inline" xml:id="C18.S5.T1.t1.r6.m2">1-x^{2}</Math>
</sentence>

<sentence sentence-num-in-section="23" sentence-num-in-table="18" xml:id="C18.S5.T1.t1.s18">
<Math mode="inline" xml:id="C18.S5.T1.t1.r6.m3">\dfrac{(-2)^{n}{\left(\frac{3}{2}\right)_{n}}}{2n+1}</Math>
</sentence>

<sentence sentence-num-in-section="24" sentence-num-in-table="19" xml:id="C18.S5.T1.t1.s19">
<Math mode="inline" xml:id="C18.S5.T1.t1.r7.m1">W_{n}\left(x\right)</Math>
</sentence>

<sentence sentence-num-in-section="25" sentence-num-in-table="20" xml:id="C18.S5.T1.t1.s20">
<Math mode="inline" xml:id="C18.S5.T1.t1.r7.m2">1-x^{2}</Math>
</sentence>

<sentence sentence-num-in-section="26" sentence-num-in-table="21" xml:id="C18.S5.T1.t1.s21">
<Math mode="inline" xml:id="C18.S5.T1.t1.r7.m3">(-2)^{n}{\left(\frac{1}{2}\right)_{n}}</Math>
</sentence>

<sentence sentence-num-in-section="27" sentence-num-in-table="22" xml:id="C18.S5.T1.t1.s22">
<Math mode="inline" xml:id="C18.S5.T1.t1.r8.m1">P_{n}\left(x\right)</Math>
</sentence>

<sentence sentence-num-in-section="28" sentence-num-in-table="23" xml:id="C18.S5.T1.t1.s23">
<Math mode="inline" xml:id="C18.S5.T1.t1.r8.m2">1-x^{2}</Math>
</sentence>

<sentence sentence-num-in-section="29" sentence-num-in-table="24" xml:id="C18.S5.T1.t1.s24">
<Math mode="inline" xml:id="C18.S5.T1.t1.r8.m3">(-2)^{n}n</Math>!
</sentence>

<sentence sentence-num-in-section="30" sentence-num-in-table="25" xml:id="C18.S5.T1.t1.s25">
<Math mode="inline" xml:id="C18.S5.T1.t1.r9.m1">L^{(\alpha)}_{n}\left(x\right)</Math>
</sentence>

<sentence sentence-num-in-section="31" sentence-num-in-table="26" xml:id="C18.S5.T1.t1.s26">
<Math mode="inline" xml:id="C18.S5.T1.t1.r9.m2">x</Math>
</sentence>

<sentence sentence-num-in-section="32" sentence-num-in-table="27" xml:id="C18.S5.T1.t1.s27">
<Math mode="inline" xml:id="C18.S5.T1.t1.r9.m3">n!</Math>
</sentence>

<sentence sentence-num-in-section="33" sentence-num-in-table="28" xml:id="C18.S5.T1.t1.s28">
<Math mode="inline" xml:id="C18.S5.T1.t1.r10.m1">H_{n}\left(x\right)</Math>
</sentence>

<sentence sentence-num-in-section="34" sentence-num-in-table="29" xml:id="C18.S5.T1.t1.s29">
<Math mode="inline" xml:id="C18.S5.T1.t1.r10.m2">1</Math>
</sentence>

<sentence sentence-num-in-section="35" sentence-num-in-table="30" xml:id="C18.S5.T1.t1.s30">
<Math mode="inline" xml:id="C18.S5.T1.t1.r10.m3">(-1)^{n}</Math>
</sentence>

<sentence sentence-num-in-section="36" sentence-num-in-table="31" xml:id="C18.S5.T1.t1.s31">
<Math mode="inline" xml:id="C18.S5.T1.t1.r11.m1">\mathit{He}_{n}\left(x\right)</Math>
</sentence>

<sentence sentence-num-in-section="37" sentence-num-in-table="32" xml:id="C18.S5.T1.t1.s32">
<Math mode="inline" xml:id="C18.S5.T1.t1.r11.m2">1</Math>
</sentence>

<sentence sentence-num-in-section="38" sentence-num-in-table="33" xml:id="C18.S5.T1.t1.s33">
<Math mode="inline" xml:id="C18.S5.T1.t1.r11.m3">(-1)^{n}</Math>
</sentence>
 
 
<para xml:id="C18.S5.SS2.p2">

<sentence sentence-num-in-para="1" sentence-num-in-section="39" xml:id="C18.S5.SS2.p2.s1">
Related formula: <Math equation-number="18.5.6" mode="display" xml:id="C18.S5.E6">L^{(\alpha)}_{n}\left(\frac{1}{x}\right)=\frac{(-1)^{n}}{n!}x^{n+\alpha+1}e^{ \ifrac{1}{x}}\frac{{\mathrm{d}}^{n}}{{\mathrm{d}x}^{n}}\left(x^{-\alpha-1}e^{- \ifrac{1}{x}}\right)</Math>.
</sentence>

</para>

 
</subsection>
 
<subsection xml:id="C18.S5.SS3">
<title>Finite Power Series, the Hypergeometric Function, and Generalized Hypergeometric Functions</title>          
       
<para xml:id="C18.S5.SS3.p1">

<sentence sentence-num-in-para="1" sentence-num-in-section="40" xml:id="C18.S5.SS3.p1.s1">
For the definitions of <Math mode="inline" xml:id="C18.S5.SS3.p1.m1">{{}_{2}F_{1}}</Math> , <Math mode="inline" xml:id="C18.S5.SS3.p1.m2">{{}_{1}F_{1}}</Math> , and <Math mode="inline" xml:id="C18.S5.SS3.p1.m3">{{}_{2}F_{0}}</Math> see §16.2.
</sentence>

</para>
 
<paragraph xml:id="C18.S5.Px2">
<title>Jacobi</title>   
<para xml:id="C18.S5.Px2.p1">

<sentence sentence-num-in-para="1" sentence-num-in-section="41" xml:id="C18.S5.Px2.p1.s1">
 <Math equation-number="18.5.7" mode="display" xml:id="C18.S5.E7">P^{(\alpha,\beta)}_{n}\left(x\right)=\sum_{\ell=0}^{n}\frac{{\left(n+\alpha+ \beta+1\right)_{\ell}}{\left(\alpha+\ell+1\right)_{n-\ell}}}{\ell!\;(n-\ell)!} \left(\frac{x-1}{2}\right)^{\ell}=\frac{{\left(\alpha+1\right)_{n}}}{n!}{{}_{2 }F_{1}}\left({-n,n+\alpha+\beta+1\atop\alpha+1};\frac{1-x}{2}\right),</Math> <Math equation-number="18.5.8" mode="display" xml:id="C18.S5.E8">P^{(\alpha,\beta)}_{n}\left(x\right)=2^{-n}\sum_{\ell=0}^{n}\genfrac{(}{)}{0.0 pt}{}{n+\alpha}{\ell}\genfrac{(}{)}{0.0pt}{}{n+\beta}{n-\ell}(x-1)^{n-\ell}(x+ 1)^{\ell}=\frac{{\left(\alpha+1\right)_{n}}}{n!}\left(\frac{x+1}{2}\right)^{n} {{}_{2}F_{1}}\left({-n,-n-\beta\atop\alpha+1};\frac{x-1}{x+1}\right),</Math> and two similar formulas by symmetry; compare the second row in Table18.6.1.
</sentence>

</para>
 
</paragraph>
 
<paragraph xml:id="C18.S5.Px3">
<title>Ultraspherical</title>   
<para xml:id="C18.S5.Px3.p1">

<sentence sentence-num-in-para="1" sentence-num-in-section="42" xml:id="C18.S5.Px3.p1.s1">
 <Math equation-number="18.5.9" mode="display" xml:id="C18.S5.E9">C^{(\lambda)}_{n}\left(x\right)=\frac{{\left(2\lambda\right)_{n}}}{n!}{{}_{2}F _{1}}\left({-n,n+2\lambda\atop\lambda+\tfrac{1}{2}};\frac{1-x}{2}\right),</Math> <Math equation-number="18.5.10" mode="display" xml:id="C18.S5.E10">C^{(\lambda)}_{n}\left(x\right)=\sum_{\ell=0}^{\left\lfloor n/2\right\rfloor} \frac{(-1)^{\ell}{\left(\lambda\right)_{n-\ell}}}{\ell!\;(n-2\ell)!}(2x)^{n-2 \ell}=(2x)^{n}\frac{{\left(\lambda\right)_{n}}}{n!}{{}_{2}F_{1}}\left({-\tfrac {1}{2}n,-\tfrac{1}{2}n+\tfrac{1}{2}\atop 1-\lambda-n};\frac{1}{x^{2}}\right),</Math> <Math equation-number="18.5.11" mode="display" xml:id="C18.S5.E11">C^{(\lambda)}_{n}\left(\cos\theta\right)=\sum_{\ell=0}^{n}\frac{{\left(\lambda \right)_{\ell}}{\left(\lambda\right)_{n-\ell}}}{\ell!\;(n-\ell)!}\cos\left((n- 2\ell)\theta\right)=e^{\mathrm{i}n\theta}\frac{{\left(\lambda\right)_{n}}}{n!} {{}_{2}F_{1}}\left({-n,\lambda\atop 1-\lambda-n};e^{-2\mathrm{i}\theta}\right)</Math>.
</sentence>

</para>
   
 
</paragraph>
 
<paragraph xml:id="C18.S5.Px4">
<title>Laguerre</title>    
<para xml:id="C18.S5.Px4.p1">

<sentence sentence-num-in-para="1" sentence-num-in-section="43" xml:id="C18.S5.Px4.p1.s1">
 <Math equation-number="18.5.12" mode="display" xml:id="C18.S5.E12">L^{(\alpha)}_{n}\left(x\right)=\sum_{\ell=0}^{n}\frac{{\left(\alpha+\ell+1 \right)_{n-\ell}}}{(n-\ell)!\;\ell!}(-x)^{\ell}=\frac{{\left(\alpha+1\right)_{ n}}}{n!}{{}_{1}F_{1}}\left({-n\atop\alpha+1};x\right)</Math>.
</sentence>

</para>
 
</paragraph>
 
<paragraph xml:id="C18.S5.Px5">
<title>Hermite</title>    
<para xml:id="C18.S5.Px5.p1">

<sentence sentence-num-in-para="1" sentence-num-in-section="44" xml:id="C18.S5.Px5.p1.s1">
 <Math equation-number="18.5.13" mode="display" xml:id="C18.S5.E13">H_{n}\left(x\right)=n!\sum_{\ell=0}^{\left\lfloor n/2\right\rfloor}\frac{(-1)^ {\ell}(2x)^{n-2\ell}}{\ell!\;(n-2\ell)!}=(2x)^{n}{{}_{2}F_{0}}\left({-\tfrac{1 }{2}n,-\tfrac{1}{2}n+\tfrac{1}{2}\atop-};-\frac{1}{x^{2}}\right)</Math>.
</sentence>

</para>
 
<para xml:id="C18.S5.Px5.p2">

<sentence sentence-num-in-para="1" sentence-num-in-section="45" xml:id="C18.S5.Px5.p2.s1">
For corresponding formulas for Chebyshev, Legendre, and the Hermite <Math mode="inline" xml:id="C18.S5.Px5.p2.m1">\mathit{He}_{n}</Math> polynomials apply (18.7.3)–(18.7.6), (18.7.9), and (18.7.11).
</sentence>

</para>
    
<para xml:id="C18.S5.Px5.p3">

<sentence sentence-num-in-para="1" sentence-num-in-section="46" xml:id="C18.S5.Px5.p3.s1">
Note.
</sentence>

<sentence sentence-num-in-para="2" sentence-num-in-section="47" xml:id="C18.S5.Px5.p3.s2">
The first of each of equations (18.5.7) and (18.5.8) can be regarded as definitions of <Math mode="inline" xml:id="C18.S5.Px5.p3.m1">P^{(\alpha,\beta)}_{n}\left(x\right)</Math> when the conditions <Math mode="inline" xml:id="C18.S5.Px5.p3.m2">\alpha&gt;-1</Math> and <Math mode="inline" xml:id="C18.S5.Px5.p3.m3">\beta&gt;-1</Math> are not satisfied. However, in these circumstances the orthogonality property (18.2.1) disappears.
</sentence>

<sentence sentence-num-in-para="3" sentence-num-in-section="48" xml:id="C18.S5.Px5.p3.s3">
For this reason, and also in the interest of simplicity, in the case of the Jacobi polynomials <Math mode="inline" xml:id="C18.S5.Px5.p3.m4">P^{(\alpha,\beta)}_{n}\left(x\right)</Math> we assume throughout this chapter that <Math mode="inline" xml:id="C18.S5.Px5.p3.m5">\alpha&gt;-1</Math> and <Math mode="inline" xml:id="C18.S5.Px5.p3.m6">\beta&gt;-1</Math> , unless stated otherwise.
</sentence>

<sentence sentence-num-in-para="4" sentence-num-in-section="49" xml:id="C18.S5.Px5.p3.s4">
Similarly in the cases of the ultraspherical polynomials <Math mode="inline" xml:id="C18.S5.Px5.p3.m7">C^{(\lambda)}_{n}\left(x\right)</Math> and the Laguerre polynomials <Math mode="inline" xml:id="C18.S5.Px5.p3.m8">L^{(\alpha)}_{n}\left(x\right)</Math> we assume that <Math mode="inline" xml:id="C18.S5.Px5.p3.m9">\lambda&gt;-\tfrac{1}{2},\lambda\neq 0</Math> , and <Math mode="inline" xml:id="C18.S5.Px5.p3.m10">\alpha&gt;-1</Math> , unless stated otherwise.
</sentence>

</para>
 
</paragraph>
 
</subsection>
 
<subsection xml:id="C18.S5.SS4">
<title>Numerical Coefficients</title>         
<paragraph xml:id="C18.S5.Px6">
<title>Chebyshev</title>   
<para xml:id="C18.S5.Px6.p1">

<sentence sentence-num-in-para="1" sentence-num-in-section="50" xml:id="C18.S5.Px6.p1.s1">
 <Math equation-number="18.5.14" mode="display" xml:id="C18.S5.E14">T_{0}\left(x\right)=1,T_{1}\left(x\right)=x,T_{2}\left(x\right)=2x^{2}-1,T_{3}\left(x\right)=4x^{3}-3x,T_{4}\left(x\right)=8x^{4}-8x^{2}+1,T_{5}\left(x\right)=16x^{5}-20x^{3}+5x,T_{6}\left(x\right)=32x^{6}-48x^{4}+18x^{2}-1</Math>.
</sentence>

<sentence sentence-num-in-para="2" sentence-num-in-section="51" xml:id="C18.S5.Px6.p1.s2">
<Math equation-number="18.5.15" mode="display" xml:id="C18.S5.E15">U_{0}\left(x\right)=1,U_{1}\left(x\right)=2x,U_{2}\left(x\right)=4x^{2}-1,U_{3}\left(x\right)=8x^{3}-4x,U_{4}\left(x\right)=16x^{4}-12x^{2}+1,U_{5}\left(x\right)=32x^{5}-32x^{3}+6x,U_{6}\left(x\right)=64x^{6}-80x^{4}+24x^{2}-1</Math>.
</sentence>

</para>
 
</paragraph>
 
<paragraph xml:id="C18.S5.Px7">
<title>Legendre</title>   
<para xml:id="C18.S5.Px7.p1">

<sentence sentence-num-in-para="1" sentence-num-in-section="52" xml:id="C18.S5.Px7.p1.s1">
 <Math equation-number="18.5.16" mode="display" xml:id="C18.S5.E16">P_{0}\left(x\right)=1,P_{1}\left(x\right)=x,P_{2}\left(x\right)=\tfrac{3}{2}x^{2}-\tfrac{1}{2},P_{3}\left(x\right)=\tfrac{5}{2}x^{3}-\tfrac{3}{2}x,P_{4}\left(x\right)=\tfrac{35}{8}x^{4}-\tfrac{15}{4}x^{2}+\tfrac{3}{8},P_{5}\left(x\right)=\tfrac{63}{8}x^{5}-\tfrac{35}{4}x^{3}+\tfrac{15}{8}x,P_{6}\left(x\right)=\tfrac{231}{16}x^{6}-\tfrac{315}{16}x^{4}+\tfrac{105}{16}x ^{2}-\tfrac{5}{16}</Math>.
</sentence>

</para>
 
</paragraph>
 
<paragraph xml:id="C18.S5.Px8">
<title>Laguerre</title>   
<para xml:id="C18.S5.Px8.p1">

<sentence sentence-num-in-para="1" sentence-num-in-section="53" xml:id="C18.S5.Px8.p1.s1">
 <Math equation-number="18.5.17" mode="display" xml:id="C18.S5.E17">L_{0}\left(x\right)=1,L_{1}\left(x\right)=-x+1,L_{2}\left(x\right)=\tfrac{1}{2}x^{2}-2x+1,L_{3}\left(x\right)=-\tfrac{1}{6}x^{3}+\tfrac{3}{2}x^{2}-3x+1,L_{4}\left(x\right)=\tfrac{1}{24}x^{4}-\tfrac{2}{3}x^{3}+3x^{2}-4x+1,L_{5}\left(x\right)=-\tfrac{1}{120}x^{5}+\tfrac{5}{24}x^{4}-\tfrac{5}{3}x^{3}+ 5x^{2}-5x+1,L_{6}\left(x\right)=\tfrac{1}{720}x^{6}-\tfrac{1}{20}x^{5}+\tfrac{5}{8}x^{4}- \tfrac{10}{3}x^{3}+\tfrac{15}{2}x^{2}-6x+1</Math>.
</sentence>

</para>
 
</paragraph>
 
<paragraph xml:id="C18.S5.Px9">
<title>Hermite</title>   
<para xml:id="C18.S5.Px9.p1">

<sentence sentence-num-in-para="1" sentence-num-in-section="54" xml:id="C18.S5.Px9.p1.s1">
 <Math equation-number="18.5.18" mode="display" xml:id="C18.S5.E18">H_{0}\left(x\right)=1,H_{1}\left(x\right)=2x,H_{2}\left(x\right)=4x^{2}-2,H_{3}\left(x\right)=8x^{3}-12x,H_{4}\left(x\right)=16x^{4}-48x^{2}+12,H_{5}\left(x\right)=32x^{5}-160x^{3}+120x,H_{6}\left(x\right)=64x^{6}-480x^{4}+720x^{2}-120</Math>.
</sentence>

<sentence sentence-num-in-para="2" sentence-num-in-section="55" xml:id="C18.S5.Px9.p1.s2">
<Math equation-number="18.5.19" mode="display" xml:id="C18.S5.E19">\mathit{He}_{0}\left(x\right)=1,\mathit{He}_{1}\left(x\right)=x,\mathit{He}_{2}\left(x\right)=x^{2}-1,\mathit{He}_{3}\left(x\right)=x^{3}-3x,\mathit{He}_{4}\left(x\right)=x^{4}-6x^{2}+3,\mathit{He}_{5}\left(x\right)=x^{5}-10x^{3}+15x,\mathit{He}_{6}\left(x\right)=x^{6}-15x^{4}+45x^{2}-15</Math>.
</sentence>

</para>
 
<para xml:id="C18.S5.Px9.p2">

<sentence sentence-num-in-para="1" sentence-num-in-section="56" xml:id="C18.S5.Px9.p2.s1">
For the corresponding polynomials of degrees 7 through 12 see Abramowitz and Stegun (1964, Tables 22.3, 22.5, 22.9, 22.10, 22.12).
</sentence>

</para>
 
</paragraph>
 
</subsection>
 
</section>
