<?xml version="1.0" encoding="UTF-8"?>
<section xml:id="C18.S6">
<title>Symmetry, Special Values, and Limits to Monomials</title>        
 
<subsection xml:id="C18.S6.SS1">
<title>Symmetry and Special Values</title>        
 
<para xml:id="C18.S6.SS1.p1">

<sentence sentence-num-in-para="1" sentence-num-in-section="1" xml:id="C18.S6.SS1.p1.s1">
For Jacobi, ultraspherical, Chebyshev, Legendre, and Hermite polynomials, see Table 18.6.1.
</sentence>

</para>
 
<paragraph xml:id="C18.S6.Px1">
<title>Laguerre</title>   
 
<para xml:id="C18.S6.Px1.p1">

<sentence sentence-num-in-para="1" sentence-num-in-section="2" xml:id="C18.S6.Px1.p1.s1">
 <Math equation-number="18.6.1" mode="display" xml:id="C18.S6.E1">L^{(\alpha)}_{n}\left(0\right)=\frac{{\left(\alpha+1\right)_{n}}}{n!}</Math>.
</sentence>

</para>
  
         
<sentence sentence-num-in-section="3" xml:id="C18.S6.T1.s1">
Table 18.6.1: Classical OP’s: symmetry and special values.
</sentence>
          
 

<sentence sentence-num-in-section="4" sentence-num-in-table="1" xml:id="C18.S6.T1.t1.s1">
<Math mode="inline" xml:id="C18.S6.T1.t1.r1.m1">p_{n}(x)</Math>
</sentence>

<sentence sentence-num-in-section="5" sentence-num-in-table="2" xml:id="C18.S6.T1.t1.s2">
<Math mode="inline" xml:id="C18.S6.T1.t1.r1.m2">p_{n}(-x)</Math>
</sentence>

<sentence sentence-num-in-section="6" sentence-num-in-table="3" xml:id="C18.S6.T1.t1.s3">
<Math mode="inline" xml:id="C18.S6.T1.t1.r1.m3">p_{n}(1)</Math>
</sentence>

<sentence sentence-num-in-section="7" sentence-num-in-table="4" xml:id="C18.S6.T1.t1.s4">
<Math mode="inline" xml:id="C18.S6.T1.t1.r1.m4">p_{2n}(0)</Math>
</sentence>

<sentence sentence-num-in-section="8" sentence-num-in-table="5" xml:id="C18.S6.T1.t1.s5">
<Math mode="inline" xml:id="C18.S6.T1.t1.r1.m5">p_{2n+1}^{\prime}(0)</Math>
</sentence>

<sentence sentence-num-in-section="9" sentence-num-in-table="6" xml:id="C18.S6.T1.t1.s6">
<Math mode="inline" xml:id="C18.S6.T1.t1.r2.m1">P^{(\alpha,\beta)}_{n}\left(x\right)</Math>
</sentence>

<sentence sentence-num-in-section="10" sentence-num-in-table="7" xml:id="C18.S6.T1.t1.s7">
<Math mode="inline" xml:id="C18.S6.T1.t1.r2.m2">(-1)^{n}P^{(\beta,\alpha)}_{n}\left(x\right)</Math>
</sentence>

<sentence sentence-num-in-section="11" sentence-num-in-table="8" xml:id="C18.S6.T1.t1.s8">
<Math mode="inline" xml:id="C18.S6.T1.t1.r2.m3">\ifrac{{\left(\alpha+1\right)_{n}}}{n!</Math>}
</sentence>

<sentence sentence-num-in-section="12" sentence-num-in-table="9" xml:id="C18.S6.T1.t1.s9">
<Math mode="inline" xml:id="C18.S6.T1.t1.r3.m1">P^{(\alpha,\alpha)}_{n}\left(x\right)</Math>
</sentence>

<sentence sentence-num-in-section="13" sentence-num-in-table="10" xml:id="C18.S6.T1.t1.s10">
<Math mode="inline" xml:id="C18.S6.T1.t1.r3.m2">(-1)^{n}P^{(\alpha,\alpha)}_{n}\left(x\right)</Math>
</sentence>

<sentence sentence-num-in-section="14" sentence-num-in-table="11" xml:id="C18.S6.T1.t1.s11">
<Math mode="inline" xml:id="C18.S6.T1.t1.r3.m3">\ifrac{{\left(\alpha+1\right)_{n}}}{n!</Math>}
</sentence>

<sentence sentence-num-in-section="15" sentence-num-in-table="12" xml:id="C18.S6.T1.t1.s12">
<Math mode="inline" xml:id="C18.S6.T1.t1.r3.m4">\ifrac{(-\tfrac{1}{4})^{n}{\left(n+\alpha+1\right)_{n}}}{n!</Math>}
</sentence>

<sentence sentence-num-in-section="16" sentence-num-in-table="13" xml:id="C18.S6.T1.t1.s13">
<Math mode="inline" xml:id="C18.S6.T1.t1.r3.m5">\ifrac{(-\tfrac{1}{4})^{n}{\left(n+\alpha+1\right)_{n+1}}}{n!</Math>}
</sentence>

<sentence sentence-num-in-section="17" sentence-num-in-table="14" xml:id="C18.S6.T1.t1.s14">
<Math mode="inline" xml:id="C18.S6.T1.t1.r4.m1">C^{(\lambda)}_{n}\left(x\right)</Math>
</sentence>

<sentence sentence-num-in-section="18" sentence-num-in-table="15" xml:id="C18.S6.T1.t1.s15">
<Math mode="inline" xml:id="C18.S6.T1.t1.r4.m2">(-1)^{n}C^{(\lambda)}_{n}\left(x\right)</Math>
</sentence>

<sentence sentence-num-in-section="19" sentence-num-in-table="16" xml:id="C18.S6.T1.t1.s16">
<Math mode="inline" xml:id="C18.S6.T1.t1.r4.m3">\ifrac{{\left(2\lambda\right)_{n}}}{n!</Math>}
</sentence>

<sentence sentence-num-in-section="20" sentence-num-in-table="17" xml:id="C18.S6.T1.t1.s17">
<Math mode="inline" xml:id="C18.S6.T1.t1.r4.m4">\ifrac{(-1)^{n}{\left(\lambda\right)_{n}}}{n!</Math>}
</sentence>

<sentence sentence-num-in-section="21" sentence-num-in-table="18" xml:id="C18.S6.T1.t1.s18">
<Math mode="inline" xml:id="C18.S6.T1.t1.r4.m5">\ifrac{2(-1)^{n}{\left(\lambda\right)_{n+1}}}{n!</Math>}
</sentence>

<sentence sentence-num-in-section="22" sentence-num-in-table="19" xml:id="C18.S6.T1.t1.s19">
<Math mode="inline" xml:id="C18.S6.T1.t1.r5.m1">T_{n}\left(x\right)</Math>
</sentence>

<sentence sentence-num-in-section="23" sentence-num-in-table="20" xml:id="C18.S6.T1.t1.s20">
<Math mode="inline" xml:id="C18.S6.T1.t1.r5.m2">(-1)^{n}T_{n}\left(x\right)</Math>
</sentence>

<sentence sentence-num-in-section="24" sentence-num-in-table="21" xml:id="C18.S6.T1.t1.s21">
<Math mode="inline" xml:id="C18.S6.T1.t1.r5.m3">1</Math>
</sentence>

<sentence sentence-num-in-section="25" sentence-num-in-table="22" xml:id="C18.S6.T1.t1.s22">
<Math mode="inline" xml:id="C18.S6.T1.t1.r5.m4">(-1)^{n}</Math>
</sentence>

<sentence sentence-num-in-section="26" sentence-num-in-table="23" xml:id="C18.S6.T1.t1.s23">
<Math mode="inline" xml:id="C18.S6.T1.t1.r5.m5">(-1)^{n}(2n+1)</Math>
</sentence>

<sentence sentence-num-in-section="27" sentence-num-in-table="24" xml:id="C18.S6.T1.t1.s24">
<Math mode="inline" xml:id="C18.S6.T1.t1.r6.m1">U_{n}\left(x\right)</Math>
</sentence>

<sentence sentence-num-in-section="28" sentence-num-in-table="25" xml:id="C18.S6.T1.t1.s25">
<Math mode="inline" xml:id="C18.S6.T1.t1.r6.m2">(-1)^{n}U_{n}\left(x\right)</Math>
</sentence>

<sentence sentence-num-in-section="29" sentence-num-in-table="26" xml:id="C18.S6.T1.t1.s26">
<Math mode="inline" xml:id="C18.S6.T1.t1.r6.m3">n+1</Math>
</sentence>

<sentence sentence-num-in-section="30" sentence-num-in-table="27" xml:id="C18.S6.T1.t1.s27">
<Math mode="inline" xml:id="C18.S6.T1.t1.r6.m4">(-1)^{n}</Math>
</sentence>

<sentence sentence-num-in-section="31" sentence-num-in-table="28" xml:id="C18.S6.T1.t1.s28">
<Math mode="inline" xml:id="C18.S6.T1.t1.r6.m5">(-1)^{n}(2n+2)</Math>
</sentence>

<sentence sentence-num-in-section="32" sentence-num-in-table="29" xml:id="C18.S6.T1.t1.s29">
<Math mode="inline" xml:id="C18.S6.T1.t1.r7.m1">V_{n}\left(x\right)</Math>
</sentence>

<sentence sentence-num-in-section="33" sentence-num-in-table="30" xml:id="C18.S6.T1.t1.s30">
<Math mode="inline" xml:id="C18.S6.T1.t1.r7.m2">(-1)^{n}W_{n}\left(x\right)</Math>
</sentence>

<sentence sentence-num-in-section="34" sentence-num-in-table="31" xml:id="C18.S6.T1.t1.s31">
<Math mode="inline" xml:id="C18.S6.T1.t1.r7.m3">2n+1</Math>
</sentence>

<sentence sentence-num-in-section="35" sentence-num-in-table="32" xml:id="C18.S6.T1.t1.s32">
<Math mode="inline" xml:id="C18.S6.T1.t1.r7.m4">(-1)^{n}</Math>
</sentence>

<sentence sentence-num-in-section="36" sentence-num-in-table="33" xml:id="C18.S6.T1.t1.s33">
<Math mode="inline" xml:id="C18.S6.T1.t1.r7.m5">(-1)^{n}(2n+2)</Math>
</sentence>

<sentence sentence-num-in-section="37" sentence-num-in-table="34" xml:id="C18.S6.T1.t1.s34">
<Math mode="inline" xml:id="C18.S6.T1.t1.r8.m1">W_{n}\left(x\right)</Math>
</sentence>

<sentence sentence-num-in-section="38" sentence-num-in-table="35" xml:id="C18.S6.T1.t1.s35">
<Math mode="inline" xml:id="C18.S6.T1.t1.r8.m2">(-1)^{n}V_{n}\left(x\right)</Math>
</sentence>

<sentence sentence-num-in-section="39" sentence-num-in-table="36" xml:id="C18.S6.T1.t1.s36">
<Math mode="inline" xml:id="C18.S6.T1.t1.r8.m3">1</Math>
</sentence>

<sentence sentence-num-in-section="40" sentence-num-in-table="37" xml:id="C18.S6.T1.t1.s37">
<Math mode="inline" xml:id="C18.S6.T1.t1.r8.m4">(-1)^{n}</Math>
</sentence>

<sentence sentence-num-in-section="41" sentence-num-in-table="38" xml:id="C18.S6.T1.t1.s38">
<Math mode="inline" xml:id="C18.S6.T1.t1.r8.m5">(-1)^{n}(2n+2)</Math>
</sentence>

<sentence sentence-num-in-section="42" sentence-num-in-table="39" xml:id="C18.S6.T1.t1.s39">
<Math mode="inline" xml:id="C18.S6.T1.t1.r9.m1">P_{n}\left(x\right)</Math>
</sentence>

<sentence sentence-num-in-section="43" sentence-num-in-table="40" xml:id="C18.S6.T1.t1.s40">
<Math mode="inline" xml:id="C18.S6.T1.t1.r9.m2">(-1)^{n}P_{n}\left(x\right)</Math>
</sentence>

<sentence sentence-num-in-section="44" sentence-num-in-table="41" xml:id="C18.S6.T1.t1.s41">
<Math mode="inline" xml:id="C18.S6.T1.t1.r9.m3">1</Math>
</sentence>

<sentence sentence-num-in-section="45" sentence-num-in-table="42" xml:id="C18.S6.T1.t1.s42">
<Math mode="inline" xml:id="C18.S6.T1.t1.r9.m4">\ifrac{(-1)^{n}{\left(\tfrac{1}{2}\right)_{n}}}{n!</Math>}
</sentence>

<sentence sentence-num-in-section="46" sentence-num-in-table="43" xml:id="C18.S6.T1.t1.s43">
<Math mode="inline" xml:id="C18.S6.T1.t1.r9.m5">\ifrac{2(-1)^{n}{\left(\tfrac{1}{2}\right)_{n+1}}}{n!</Math>}
</sentence>

<sentence sentence-num-in-section="47" sentence-num-in-table="44" xml:id="C18.S6.T1.t1.s44">
<Math mode="inline" xml:id="C18.S6.T1.t1.r10.m1">H_{n}\left(x\right)</Math>
</sentence>

<sentence sentence-num-in-section="48" sentence-num-in-table="45" xml:id="C18.S6.T1.t1.s45">
<Math mode="inline" xml:id="C18.S6.T1.t1.r10.m2">(-1)^{n}H_{n}\left(x\right)</Math>
</sentence>

<sentence sentence-num-in-section="49" sentence-num-in-table="46" xml:id="C18.S6.T1.t1.s46">
<Math mode="inline" xml:id="C18.S6.T1.t1.r10.m3">(-1)^{n}{\left(n+1\right)_{n}}</Math>
</sentence>

<sentence sentence-num-in-section="50" sentence-num-in-table="47" xml:id="C18.S6.T1.t1.s47">
<Math mode="inline" xml:id="C18.S6.T1.t1.r10.m4">2(-1)^{n}{\left(n+1\right)_{n+1}}</Math>
</sentence>

<sentence sentence-num-in-section="51" sentence-num-in-table="48" xml:id="C18.S6.T1.t1.s48">
<Math mode="inline" xml:id="C18.S6.T1.t1.r11.m1">\mathit{He}_{n}\left(x\right)</Math>
</sentence>

<sentence sentence-num-in-section="52" sentence-num-in-table="49" xml:id="C18.S6.T1.t1.s49">
<Math mode="inline" xml:id="C18.S6.T1.t1.r11.m2">(-1)^{n}\mathit{He}_{n}\left(x\right)</Math>
</sentence>

<sentence sentence-num-in-section="53" sentence-num-in-table="50" xml:id="C18.S6.T1.t1.s50">
<Math mode="inline" xml:id="C18.S6.T1.t1.r11.m3">(-\tfrac{1}{2})^{n}{\left(n+1\right)_{n}}</Math>
</sentence>

<sentence sentence-num-in-section="54" sentence-num-in-table="51" xml:id="C18.S6.T1.t1.s51">
<Math mode="inline" xml:id="C18.S6.T1.t1.r11.m4">(-\tfrac{1}{2})^{n}{\left(n+1\right)_{n+1}}</Math>
</sentence>
   
</paragraph>
 
</subsection>
 
<subsection xml:id="C18.S6.SS2">
<title>Limits to Monomials</title>            
<para xml:id="C18.S6.SS2.p1">

<sentence sentence-num-in-para="1" sentence-num-in-section="55" xml:id="C18.S6.SS2.p1.s1">
 <Math equation-number="18.6.2" mode="display" xml:id="C18.S6.E2">\lim_{\alpha\to\infty}\frac{P^{(\alpha,\beta)}_{n}\left(x\right)}{P^{(\alpha, \beta)}_{n}\left(1\right)}=\left(\frac{1+x}{2}\right)^{n},</Math> , <Math equation-number="18.6.3" mode="display" xml:id="C18.S6.E3">\lim_{\beta\to\infty}\frac{P^{(\alpha,\beta)}_{n}\left(x\right)}{P^{(\alpha, \beta)}_{n}\left(-1\right)}=\left(\frac{1-x}{2}\right)^{n},</Math> , <Math equation-number="18.6.4" mode="display" xml:id="C18.S6.E4">\lim_{\lambda\to\infty}\frac{C^{(\lambda)}_{n}\left(x\right)}{C^{(\lambda)}_{n }\left(1\right)}=x^{n},</Math> , <Math equation-number="18.6.5" mode="display" xml:id="C18.S6.E5">\lim_{\alpha\to\infty}\frac{L^{(\alpha)}_{n}\left(\alpha x\right)}{L^{(\alpha) }_{n}\left(0\right)}=(1-x)^{n}</Math>.
</sentence>

</para>
 
</subsection>
 
</section>
