<?xml version="1.0" encoding="UTF-8"?>
<section xml:id="C18.S7">
<title>Interrelations and Limit Relations</title>        
     
<subsection xml:id="C18.S7.SS1">
<title>Linear Transformations</title>        
 
 
<paragraph xml:id="C18.S7.Px1">
<title>Ultraspherical and Jacobi</title>   
<para xml:id="C18.S7.Px1.p1">

<sentence sentence-num-in-para="1" sentence-num-in-section="1" xml:id="C18.S7.Px1.p1.s1">
 <Math equation-number="18.7.1" mode="display" xml:id="C18.S7.E1">C^{(\lambda)}_{n}\left(x\right)=\frac{{\left(2\lambda\right)_{n}}}{{\left( \lambda+\frac{1}{2}\right)_{n}}}P^{(\lambda-\frac{1}{2},\lambda-\frac{1}{2})}_ {n}\left(x\right),</Math> , <Math equation-number="18.7.2" mode="display" xml:id="C18.S7.E2">P^{(\alpha,\alpha)}_{n}\left(x\right)=\frac{{\left(\alpha+1\right)_{n}}}{{ \left(2\alpha+1\right)_{n}}}C^{(\alpha+\frac{1}{2})}_{n}\left(x\right)</Math>.
</sentence>

</para>
 
</paragraph>
 
<paragraph xml:id="C18.S7.Px2">
<title>Chebyshev, Ultraspherical, and Jacobi</title>   
 
<para xml:id="C18.S7.Px2.p1">

<sentence sentence-num-in-para="1" sentence-num-in-section="2" xml:id="C18.S7.Px2.p1.s1">
 <Math equation-number="18.7.3" mode="display" xml:id="C18.S7.E3">T_{n}\left(x\right)=\ifrac{P^{(-\frac{1}{2},-\frac{1}{2})}_{n}\left(x\right)}{ P^{(-\frac{1}{2},-\frac{1}{2})}_{n}\left(1\right)},</Math> <Math equation-number="18.7.4" mode="display" xml:id="C18.S7.E4">U_{n}\left(x\right)=C^{(1)}_{n}\left(x\right)=\ifrac{(n+1)P^{(\frac{1}{2}, \frac{1}{2})}_{n}\left(x\right)}{P^{(\frac{1}{2},\frac{1}{2})}_{n}\left(1 \right)},</Math> <Math equation-number="18.7.5" mode="display" xml:id="C18.S7.E5">V_{n}\left(x\right)=\ifrac{(2n+1)P^{(\frac{1}{2},-\frac{1}{2})}_{n}\left(x \right)}{P^{(\frac{1}{2},-\frac{1}{2})}_{n}\left(1\right)},</Math> <Math equation-number="18.7.6" mode="display" xml:id="C18.S7.E6">W_{n}\left(x\right)=\ifrac{P^{(-\frac{1}{2},\frac{1}{2})}_{n}\left(x\right)}{P ^{(-\frac{1}{2},\frac{1}{2})}_{n}\left(1\right)}</Math>.
</sentence>

<sentence sentence-num-in-para="2" sentence-num-in-section="3" xml:id="C18.S7.Px2.p1.s2">
<Math equation-number="18.7.7" mode="display" xml:id="C18.S7.E7">T^{*}_{n}\left(x\right)=T_{n}\left(2x-1\right),</Math> , <Math equation-number="18.7.8" mode="display" xml:id="C18.S7.E8">U^{*}_{n}\left(x\right)=U_{n}\left(2x-1\right)</Math>.
</sentence>

<sentence sentence-num-in-para="3" sentence-num-in-section="4" xml:id="C18.S7.Px2.p1.s3">
See also (18.9.9)–(18.9.12).
</sentence>

</para>
 
</paragraph>
 
<paragraph xml:id="C18.S7.Px3">
<title>Legendre, Ultraspherical, and Jacobi</title>    
<para xml:id="C18.S7.Px3.p1">

<sentence sentence-num-in-para="1" sentence-num-in-section="5" xml:id="C18.S7.Px3.p1.s1">
 <Math equation-number="18.7.9" mode="display" xml:id="C18.S7.E9">P_{n}\left(x\right)=C^{(\frac{1}{2})}_{n}\left(x\right)=P^{(0,0)}_{n}\left(x \right)</Math>.
</sentence>

<sentence sentence-num-in-para="2" sentence-num-in-section="6" xml:id="C18.S7.Px3.p1.s2">
<Math equation-number="18.7.10" mode="display" xml:id="C18.S7.E10">P^{*}_{n}\left(x\right)=P_{n}\left(2x-1\right)</Math>.
</sentence>

</para>
 
</paragraph>
 
<paragraph xml:id="C18.S7.Px4">
<title>Hermite</title>   
<para xml:id="C18.S7.Px4.p1">

<sentence sentence-num-in-para="1" sentence-num-in-section="7" xml:id="C18.S7.Px4.p1.s1">
 <Math equation-number="18.7.11" mode="display" xml:id="C18.S7.E11">\mathit{He}_{n}\left(x\right)=2^{-\frac{1}{2}n}H_{n}\left(2^{-\frac{1}{2}}x \right),</Math> , <Math equation-number="18.7.12" mode="display" xml:id="C18.S7.E12">H_{n}\left(x\right)=2^{\frac{1}{2}n}\mathit{He}_{n}\left(2^{\frac{1}{2}}x \right)</Math>.
</sentence>

</para>

   
 
</paragraph>
 
</subsection>
 
<subsection xml:id="C18.S7.SS2">
<title>Quadratic Transformations</title>        
  
<para xml:id="C18.S7.SS2.p1">

<sentence sentence-num-in-para="1" sentence-num-in-section="8" xml:id="C18.S7.SS2.p1.s1">
 <Math equation-number="18.7.13" mode="display" xml:id="C18.S7.E13">\frac{P^{(\alpha,\alpha)}_{2n}\left(x\right)}{P^{(\alpha,\alpha)}_{2n}\left(1 \right)}=\frac{P^{(\alpha,-\frac{1}{2})}_{n}\left(2x^{2}-1\right)}{P^{(\alpha, -\frac{1}{2})}_{n}\left(1\right)},</Math> , <Math equation-number="18.7.14" mode="display" xml:id="C18.S7.E14">\frac{P^{(\alpha,\alpha)}_{2n+1}\left(x\right)}{P^{(\alpha,\alpha)}_{2n+1} \left(1\right)}=\frac{xP^{(\alpha,\frac{1}{2})}_{n}\left(2x^{2}-1\right)}{P^{( \alpha,\frac{1}{2})}_{n}\left(1\right)}</Math>.
</sentence>

<sentence sentence-num-in-para="2" sentence-num-in-section="9" xml:id="C18.S7.SS2.p1.s2">
<Math equation-number="18.7.15" mode="display" xml:id="C18.S7.E15">C^{(\lambda)}_{2n}\left(x\right)=\frac{{\left(\lambda\right)_{n}}}{{\left( \tfrac{1}{2}\right)_{n}}}P^{(\lambda-\frac{1}{2},-\frac{1}{2})}_{n}\left(2x^{2 }-1\right),</Math> , <Math equation-number="18.7.16" mode="display" xml:id="C18.S7.E16">C^{(\lambda)}_{2n+1}\left(x\right)=\frac{{\left(\lambda\right)_{n+1}}}{{\left( \frac{1}{2}\right)_{n+1}}}xP^{(\lambda-\frac{1}{2},\frac{1}{2})}_{n}\left(2x^{ 2}-1\right)</Math>.
</sentence>

<sentence sentence-num-in-para="3" sentence-num-in-section="10" xml:id="C18.S7.SS2.p1.s3">
<Math equation-number="18.7.17" mode="display" xml:id="C18.S7.E17">U_{2n}\left(x\right)=V_{n}\left(2x^{2}-1\right),</Math> , <Math equation-number="18.7.18" mode="display" xml:id="C18.S7.E18">T_{2n+1}\left(x\right)=xW_{n}\left(2x^{2}-1\right)</Math>.
</sentence>

<sentence sentence-num-in-para="4" sentence-num-in-section="11" xml:id="C18.S7.SS2.p1.s4">
<Math equation-number="18.7.19" mode="display" xml:id="C18.S7.E19">H_{2n}\left(x\right)=(-1)^{n}2^{2n}n!L^{(-\frac{1}{2})}_{n}\left(x^{2}\right),</Math> , <Math equation-number="18.7.20" mode="display" xml:id="C18.S7.E20">H_{2n+1}\left(x\right)=(-1)^{n}2^{2n+1}n!\,xL^{(\frac{1}{2})}_{n}\left(x^{2} \right)</Math>.
</sentence>

</para>
 
</subsection>
 
<subsection xml:id="C18.S7.SS3">
<title>Limit Relations</title>        
  
<paragraph xml:id="C18.S7.Px5">
<title>Jacobi <Math mode="inline" xml:id="C18.S7.Px5.m1">\to</Math> Laguerre</title>    
<para xml:id="C18.S7.Px5.p1">

<sentence sentence-num-in-para="1" sentence-num-in-section="12" xml:id="C18.S7.Px5.p1.s1">
 <Math equation-number="18.7.21" mode="display" xml:id="C18.S7.E21">\lim_{\beta\to\infty}P^{(\alpha,\beta)}_{n}\left(1-(\ifrac{2x}{\beta})\right)= L^{(\alpha)}_{n}\left(x\right)</Math>.
</sentence>

<sentence sentence-num-in-para="2" sentence-num-in-section="13" xml:id="C18.S7.Px5.p1.s2">
<Math equation-number="18.7.22" mode="display" xml:id="C18.S7.E22">\lim_{\alpha\to\infty}P^{(\alpha,\beta)}_{n}\left((2x/\alpha)-1\right)=(-1)^{n }L^{(\beta)}_{n}\left(x\right)</Math>.
</sentence>

</para>
 
</paragraph>
 
<paragraph xml:id="C18.S7.Px6">
<title>Jacobi <Math mode="inline" xml:id="C18.S7.Px6.m1">\to</Math> Hermite</title>   
<para xml:id="C18.S7.Px6.p1">

<sentence sentence-num-in-para="1" sentence-num-in-section="14" xml:id="C18.S7.Px6.p1.s1">
 <Math equation-number="18.7.23" mode="display" xml:id="C18.S7.E23">\lim_{\alpha\to\infty}\alpha^{-\frac{1}{2}n}P^{(\alpha,\alpha)}_{n}\left( \alpha^{-\frac{1}{2}}x\right)=\frac{H_{n}\left(x\right)}{2^{n}n!}</Math>.
</sentence>

</para>
 
</paragraph>
 
<paragraph xml:id="C18.S7.Px7">
<title>Ultraspherical <Math mode="inline" xml:id="C18.S7.Px7.m1">\to</Math> Hermite</title>   
<para xml:id="C18.S7.Px7.p1">

<sentence sentence-num-in-para="1" sentence-num-in-section="15" xml:id="C18.S7.Px7.p1.s1">
 <Math equation-number="18.7.24" mode="display" xml:id="C18.S7.E24">\lim_{\lambda\to\infty}\lambda^{-\frac{1}{2}n}C^{(\lambda)}_{n}\left(\lambda^{ -\frac{1}{2}}x\right)=\frac{H_{n}\left(x\right)}{n!}</Math>.
</sentence>

<sentence sentence-num-in-para="2" sentence-num-in-section="16" xml:id="C18.S7.Px7.p1.s2">
<Math equation-number="18.7.25" mode="display" xml:id="C18.S7.E25">\lim_{\lambda\to 0}\frac{1}{\lambda}C^{(\lambda)}_{n}\left(x\right)=\frac{2}{n }T_{n}\left(x\right), if n\geq 1</Math>.
</sentence>

</para>
 
</paragraph>
 
<paragraph xml:id="C18.S7.Px8">
<title>Laguerre <Math mode="inline" xml:id="C18.S7.Px8.m1">\to</Math> Hermite</title>    
<para xml:id="C18.S7.Px8.p1">

<sentence sentence-num-in-para="1" sentence-num-in-section="17" xml:id="C18.S7.Px8.p1.s1">
 <Math equation-number="18.7.26" mode="display" xml:id="C18.S7.E26">\lim_{\alpha\to\infty}\left(\frac{2}{\alpha}\right)^{\frac{1}{2}n}L^{(\alpha)} _{n}\left((2\alpha)^{\frac{1}{2}}x+\alpha\right)=\frac{(-1)^{n}}{n!}H_{n}\left (x\right)</Math>.
</sentence>

</para>
 
<para xml:id="C18.S7.Px8.p2">

<sentence sentence-num-in-para="1" sentence-num-in-section="18" xml:id="C18.S7.Px8.p2.s1">
See Figure 18.21.1 for the Askey schematic representation of most of these limits.
</sentence>

</para>

 
</paragraph>
 
</subsection>
 
</section>
