{"expression":{"context-references":{"sentence-num-in-corpus":"11358","sentence-xmlid":"C19.S17.p2.s1","chapter-title":"Elliptic Integrals","chapter-xmlid":"C19","section-title":"Graphics","sentence-num-in-chapter":"261","section-xmlid":"C19.S17","sentence-num-in-section":"2","para-num-of-sentences":"4","para-xmlid":"C19.S17.p2"},"xml-id":"C19.S17.p2.m1","tex":"$R$"}}{"expression":{"context-references":{"sentence-num-in-corpus":"11358","sentence-xmlid":"C19.S17.p2.s1","chapter-title":"Elliptic Integrals","chapter-xmlid":"C19","section-title":"Graphics","sentence-num-in-chapter":"261","section-xmlid":"C19.S17","sentence-num-in-section":"2","para-num-of-sentences":"4","para-xmlid":"C19.S17.p2"},"xml-id":"C19.S17.p2.m2","tex":"$1$"}}{"expression":{"context-references":{"sentence-num-in-corpus":"11358","sentence-xmlid":"C19.S17.p2.s1","chapter-title":"Elliptic Integrals","chapter-xmlid":"C19","section-title":"Graphics","sentence-num-in-chapter":"261","section-xmlid":"C19.S17","sentence-num-in-section":"2","para-num-of-sentences":"4","para-xmlid":"C19.S17.p2"},"xml-id":"C19.S17.p2.m3","tex":"$-1$"}}{"expression":{"context-references":{"sentence-num-in-corpus":"11359","sentence-xmlid":"C19.S17.p2.s2","chapter-title":"Elliptic Integrals","chapter-xmlid":"C19","section-title":"Graphics","sentence-num-in-chapter":"262","section-xmlid":"C19.S17","sentence-num-in-section":"3","para-num-of-sentences":"4","para-xmlid":"C19.S17.p2"},"xml-id":"C19.S17.p2.m4","tex":"$R_{F}$","content-tex":"$\\CarlsonsymellintRF$"}}{"expression":{"context-references":{"sentence-num-in-corpus":"11359","sentence-xmlid":"C19.S17.p2.s2","chapter-title":"Elliptic Integrals","chapter-xmlid":"C19","section-title":"Graphics","sentence-num-in-chapter":"262","section-xmlid":"C19.S17","sentence-num-in-section":"3","para-num-of-sentences":"4","para-xmlid":"C19.S17.p2"},"xml-id":"C19.S17.p2.m5","tex":"$R_{G}$","content-tex":"$\\CarlsonsymellintRG$"}}{"expression":{"context-references":{"sentence-num-in-corpus":"11359","sentence-xmlid":"C19.S17.p2.s2","chapter-title":"Elliptic Integrals","chapter-xmlid":"C19","section-title":"Graphics","sentence-num-in-chapter":"262","section-xmlid":"C19.S17","sentence-num-in-section":"3","para-num-of-sentences":"4","para-xmlid":"C19.S17.p2"},"xml-id":"C19.S17.p2.m6","tex":"$R_{J}$","content-tex":"$\\CarlsonsymellintRJ$"}}{"expression":{"context-references":{"sentence-num-in-corpus":"11359","sentence-xmlid":"C19.S17.p2.s2","chapter-title":"Elliptic Integrals","chapter-xmlid":"C19","section-title":"Graphics","sentence-num-in-chapter":"262","section-xmlid":"C19.S17","sentence-num-in-section":"3","para-num-of-sentences":"4","para-xmlid":"C19.S17.p2"},"xml-id":"C19.S17.p2.m7","tex":"$x,y,z$"}}{"expression":{"context-references":{"sentence-num-in-corpus":"11359","sentence-xmlid":"C19.S17.p2.s2","chapter-title":"Elliptic Integrals","chapter-xmlid":"C19","section-title":"Graphics","sentence-num-in-chapter":"262","section-xmlid":"C19.S17","sentence-num-in-section":"3","para-num-of-sentences":"4","para-xmlid":"C19.S17.p2"},"xml-id":"C19.S17.p2.m8","tex":"$z$"}}{"expression":{"context-references":{"sentence-num-in-corpus":"11359","sentence-xmlid":"C19.S17.p2.s2","chapter-title":"Elliptic Integrals","chapter-xmlid":"C19","section-title":"Graphics","sentence-num-in-chapter":"262","section-xmlid":"C19.S17","sentence-num-in-section":"3","para-num-of-sentences":"4","para-xmlid":"C19.S17.p2"},"xml-id":"C19.S17.p2.m9","tex":"$x,y,z$"}}{"expression":{"context-references":{"sentence-num-in-corpus":"11359","sentence-xmlid":"C19.S17.p2.s2","chapter-title":"Elliptic Integrals","chapter-xmlid":"C19","section-title":"Graphics","sentence-num-in-chapter":"262","section-xmlid":"C19.S17","sentence-num-in-section":"3","para-num-of-sentences":"4","para-xmlid":"C19.S17.p2"},"xml-id":"C19.S17.p2.m10","tex":"$z=1$"}}{"expression":{"context-references":{"sentence-num-in-corpus":"11359","sentence-xmlid":"C19.S17.p2.s2","chapter-title":"Elliptic Integrals","chapter-xmlid":"C19","section-title":"Graphics","sentence-num-in-chapter":"262","section-xmlid":"C19.S17","sentence-num-in-section":"3","para-num-of-sentences":"4","para-xmlid":"C19.S17.p2"},"xml-id":"C19.S17.p2.m11","tex":"$0\\leq x\\leq 1$"}}{"expression":{"context-references":{"sentence-num-in-corpus":"11359","sentence-xmlid":"C19.S17.p2.s2","chapter-title":"Elliptic Integrals","chapter-xmlid":"C19","section-title":"Graphics","sentence-num-in-chapter":"262","section-xmlid":"C19.S17","sentence-num-in-section":"3","para-num-of-sentences":"4","para-xmlid":"C19.S17.p2"},"xml-id":"C19.S17.p2.m12","tex":"$0\\leq y\\leq 1$"}}{"expression":{"context-references":{"sentence-num-in-corpus":"11360","sentence-xmlid":"C19.S17.p2.s3","chapter-title":"Elliptic Integrals","chapter-xmlid":"C19","section-title":"Graphics","sentence-num-in-chapter":"263","section-xmlid":"C19.S17","sentence-num-in-section":"4","para-num-of-sentences":"4","para-xmlid":"C19.S17.p2"},"xml-id":"C19.S17.p2.m13","tex":"$x=0$"}}{"expression":{"context-references":{"sentence-num-in-corpus":"11360","sentence-xmlid":"C19.S17.p2.s3","chapter-title":"Elliptic Integrals","chapter-xmlid":"C19","section-title":"Graphics","sentence-num-in-chapter":"263","section-xmlid":"C19.S17","sentence-num-in-section":"4","para-num-of-sentences":"4","para-xmlid":"C19.S17.p2"},"xml-id":"C19.S17.p2.m14","tex":"$y=0$"}}{"expression":{"context-references":{"sentence-num-in-corpus":"11361","sentence-xmlid":"C19.S17.p2.s4","chapter-title":"Elliptic Integrals","chapter-xmlid":"C19","section-title":"Graphics","sentence-num-in-chapter":"264","section-xmlid":"C19.S17","sentence-num-in-section":"5","para-num-of-sentences":"4","para-xmlid":"C19.S17.p2"},"xml-id":"C19.S17.p2.m15","tex":"$y=1$"}}{"expression":{"context-references":{"sentence-num-in-corpus":"11362","sentence-xmlid":"C19.S17.p4.s1","chapter-title":"Elliptic Integrals","chapter-xmlid":"C19","section-title":"Graphics","sentence-num-in-chapter":"265","section-xmlid":"C19.S17","sentence-num-in-section":"6","para-num-of-sentences":"1","para-xmlid":"C19.S17.p4"},"xml-id":"C19.S17.p4.m1","tex":"$R_{F}\\left(0,y,1\\right)$","content-tex":"$\\CarlsonsymellintRF@{0}{y}{1}$"}}{"expression":{"context-references":{"sentence-num-in-corpus":"11362","sentence-xmlid":"C19.S17.p4.s1","chapter-title":"Elliptic Integrals","chapter-xmlid":"C19","section-title":"Graphics","sentence-num-in-chapter":"265","section-xmlid":"C19.S17","sentence-num-in-section":"6","para-num-of-sentences":"1","para-xmlid":"C19.S17.p4"},"xml-id":"C19.S17.p4.m2","tex":"$2R_{G}\\left(0,y,1\\right)$","content-tex":"$2\\CarlsonsymellintRG@{0}{y}{1}$"}}{"expression":{"context-references":{"sentence-num-in-corpus":"11362","sentence-xmlid":"C19.S17.p4.s1","chapter-title":"Elliptic Integrals","chapter-xmlid":"C19","section-title":"Graphics","sentence-num-in-chapter":"265","section-xmlid":"C19.S17","sentence-num-in-section":"6","para-num-of-sentences":"1","para-xmlid":"C19.S17.p4"},"xml-id":"C19.S17.p4.m3","tex":"$y$"}}{"expression":{"context-references":{"sentence-num-in-corpus":"11362","sentence-xmlid":"C19.S17.p4.s1","chapter-title":"Elliptic Integrals","chapter-xmlid":"C19","section-title":"Graphics","sentence-num-in-chapter":"265","section-xmlid":"C19.S17","sentence-num-in-section":"6","para-num-of-sentences":"1","para-xmlid":"C19.S17.p4"},"xml-id":"C19.S17.p4.m4","tex":"$y=1-k^{2}$"}}{"expression":{"context-references":{"chapter-title":"Elliptic Integrals","chapter-xmlid":"C19"},"xml-id":"C19.S2.E17.m2adec","tex":"$R_{C}\\left(\\NVar{x},\\NVar{y}\\right)$","content-tex":"$\\CarlsonellintRC@{\\NVar{x}}{\\NVar{y}}$"}}{"expression":{"context-references":{"chapter-title":"Elliptic Integrals","chapter-xmlid":"C19"},"xml-id":"C19.S16.E1.m2adec","tex":"$R_{F}\\left(\\NVar{x},\\NVar{y},\\NVar{z}\\right)$","content-tex":"$\\CarlsonsymellintRF@{\\NVar{x}}{\\NVar{y}}{\\NVar{z}}$"}}{"expression":{"context-references":{"chapter-title":"Elliptic Integrals","chapter-xmlid":"C19"},"xml-id":"C19.S17.F1.m1","tex":"$R_{F}\\left(x,y,1\\right)$","content-tex":"$\\CarlsonsymellintRF@{x}{y}{1}$"}}{"expression":{"context-references":{"chapter-title":"Elliptic Integrals","chapter-xmlid":"C19"},"xml-id":"C19.S17.F1.m2","tex":"$0\\leq x\\leq 1$"}}{"expression":{"context-references":{"chapter-title":"Elliptic Integrals","chapter-xmlid":"C19"},"xml-id":"C19.S17.F1.m3","tex":"$y=0,\\,0.1,\\,0.5,\\,1$"}}{"expression":{"context-references":{"sentence-num-in-corpus":"11363","sentence-xmlid":"C19.S17.F1.s1","chapter-title":"Elliptic Integrals","chapter-xmlid":"C19","section-title":"Graphics","sentence-num-in-chapter":"266","section-xmlid":"C19.S17","sentence-num-in-section":"7"},"xml-id":"C19.S17.F1.m4","tex":"$R_{F}\\left(x,y,1\\right)$","content-tex":"$\\CarlsonsymellintRF@{x}{y}{1}$"}}{"expression":{"context-references":{"sentence-num-in-corpus":"11363","sentence-xmlid":"C19.S17.F1.s1","chapter-title":"Elliptic Integrals","chapter-xmlid":"C19","section-title":"Graphics","sentence-num-in-chapter":"266","section-xmlid":"C19.S17","sentence-num-in-section":"7"},"xml-id":"C19.S17.F1.m5","tex":"$0\\leq x\\leq 1$"}}{"expression":{"context-references":{"sentence-num-in-corpus":"11363","sentence-xmlid":"C19.S17.F1.s1","chapter-title":"Elliptic Integrals","chapter-xmlid":"C19","section-title":"Graphics","sentence-num-in-chapter":"266","section-xmlid":"C19.S17","sentence-num-in-section":"7"},"xml-id":"C19.S17.F1.m6","tex":"$y=0,\\,0.1,\\,0.5,\\,1$"}}{"expression":{"context-references":{"sentence-num-in-corpus":"11363","sentence-xmlid":"C19.S17.F1.s1","chapter-title":"Elliptic Integrals","chapter-xmlid":"C19","section-title":"Graphics","sentence-num-in-chapter":"266","section-xmlid":"C19.S17","sentence-num-in-section":"7"},"xml-id":"C19.S17.F1.m7","tex":"$y=1$"}}{"expression":{"context-references":{"sentence-num-in-corpus":"11363","sentence-xmlid":"C19.S17.F1.s1","chapter-title":"Elliptic Integrals","chapter-xmlid":"C19","section-title":"Graphics","sentence-num-in-chapter":"266","section-xmlid":"C19.S17","sentence-num-in-section":"7"},"xml-id":"C19.S17.F1.m8","tex":"$R_{C}\\left(x,1\\right)$","content-tex":"$\\CarlsonellintRC@{x}{1}$"}}{"expression":{"context-references":{"chapter-title":"Elliptic Integrals","chapter-xmlid":"C19"},"xml-id":"C19.S2.E17.m2aadec","tex":"$R_{C}\\left(\\NVar{x},\\NVar{y}\\right)$","content-tex":"$\\CarlsonellintRC@{\\NVar{x}}{\\NVar{y}}$"}}{"expression":{"context-references":{"chapter-title":"Elliptic Integrals","chapter-xmlid":"C19"},"xml-id":"C19.S16.E3.m2adec","tex":"$R_{G}\\left(\\NVar{x},\\NVar{y},\\NVar{z}\\right)$","content-tex":"$\\CarlsonsymellintRG@{\\NVar{x}}{\\NVar{y}}{\\NVar{z}}$"}}{"expression":{"context-references":{"chapter-title":"Elliptic Integrals","chapter-xmlid":"C19"},"xml-id":"C19.S17.F2.m1","tex":"$R_{G}\\left(x,y,1\\right)$","content-tex":"$\\CarlsonsymellintRG@{x}{y}{1}$"}}{"expression":{"context-references":{"chapter-title":"Elliptic Integrals","chapter-xmlid":"C19"},"xml-id":"C19.S17.F2.m2","tex":"$0\\leq x\\leq 1$"}}{"expression":{"context-references":{"chapter-title":"Elliptic Integrals","chapter-xmlid":"C19"},"xml-id":"C19.S17.F2.m3","tex":"$y=0,\\,0.1,\\,0.5,\\,1$"}}{"expression":{"context-references":{"sentence-num-in-corpus":"11364","sentence-xmlid":"C19.S17.F2.s1","chapter-title":"Elliptic Integrals","chapter-xmlid":"C19","section-title":"Graphics","sentence-num-in-chapter":"267","section-xmlid":"C19.S17","sentence-num-in-section":"8"},"xml-id":"C19.S17.F2.m4","tex":"$R_{G}\\left(x,y,1\\right)$","content-tex":"$\\CarlsonsymellintRG@{x}{y}{1}$"}}{"expression":{"context-references":{"sentence-num-in-corpus":"11364","sentence-xmlid":"C19.S17.F2.s1","chapter-title":"Elliptic Integrals","chapter-xmlid":"C19","section-title":"Graphics","sentence-num-in-chapter":"267","section-xmlid":"C19.S17","sentence-num-in-section":"8"},"xml-id":"C19.S17.F2.m5","tex":"$0\\leq x\\leq 1$"}}{"expression":{"context-references":{"sentence-num-in-corpus":"11364","sentence-xmlid":"C19.S17.F2.s1","chapter-title":"Elliptic Integrals","chapter-xmlid":"C19","section-title":"Graphics","sentence-num-in-chapter":"267","section-xmlid":"C19.S17","sentence-num-in-section":"8"},"xml-id":"C19.S17.F2.m6","tex":"$y=0,\\,0.1,\\,0.5,\\,1$"}}{"expression":{"context-references":{"sentence-num-in-corpus":"11364","sentence-xmlid":"C19.S17.F2.s1","chapter-title":"Elliptic Integrals","chapter-xmlid":"C19","section-title":"Graphics","sentence-num-in-chapter":"267","section-xmlid":"C19.S17","sentence-num-in-section":"8"},"xml-id":"C19.S17.F2.m7","tex":"$y=1$"}}{"expression":{"context-references":{"sentence-num-in-corpus":"11364","sentence-xmlid":"C19.S17.F2.s1","chapter-title":"Elliptic Integrals","chapter-xmlid":"C19","section-title":"Graphics","sentence-num-in-chapter":"267","section-xmlid":"C19.S17","sentence-num-in-section":"8"},"xml-id":"C19.S17.F2.m8","tex":"$\\frac{1}{2}(R_{C}\\left(x,1\\right)+\\sqrt{x})$","content-tex":"$\\frac{1}{2}(\\CarlsonellintRC@{x}{1}+\\sqrt{x})$"}}{"expression":{"context-references":{"sentence-num-in-corpus":"11365","sentence-xmlid":"C19.S17.p5.s1","chapter-title":"Elliptic Integrals","chapter-xmlid":"C19","section-title":"Graphics","sentence-num-in-chapter":"268","section-xmlid":"C19.S17","sentence-num-in-section":"9","para-num-of-sentences":"1","para-xmlid":"C19.S17.p5"},"xml-id":"C19.S17.p5.m1","tex":"$R_{F}\\left(0,y,1\\right)$","content-tex":"$\\CarlsonsymellintRF@{0}{y}{1}$"}}{"expression":{"context-references":{"sentence-num-in-corpus":"11365","sentence-xmlid":"C19.S17.p5.s1","chapter-title":"Elliptic Integrals","chapter-xmlid":"C19","section-title":"Graphics","sentence-num-in-chapter":"268","section-xmlid":"C19.S17","sentence-num-in-section":"9","para-num-of-sentences":"1","para-xmlid":"C19.S17.p5"},"xml-id":"C19.S17.p5.m2","tex":"$2R_{G}\\left(0,y,1\\right)$","content-tex":"$2\\CarlsonsymellintRG@{0}{y}{1}$"}}{"expression":{"context-references":{"sentence-num-in-corpus":"11365","sentence-xmlid":"C19.S17.p5.s1","chapter-title":"Elliptic Integrals","chapter-xmlid":"C19","section-title":"Graphics","sentence-num-in-chapter":"268","section-xmlid":"C19.S17","sentence-num-in-section":"9","para-num-of-sentences":"1","para-xmlid":"C19.S17.p5"},"xml-id":"C19.S17.p5.m3","tex":"$y$"}}{"expression":{"context-references":{"sentence-num-in-corpus":"11365","sentence-xmlid":"C19.S17.p5.s1","chapter-title":"Elliptic Integrals","chapter-xmlid":"C19","section-title":"Graphics","sentence-num-in-chapter":"268","section-xmlid":"C19.S17","sentence-num-in-section":"9","para-num-of-sentences":"1","para-xmlid":"C19.S17.p5"},"xml-id":"C19.S17.p5.m4","tex":"$y=1-k^{2}$"}}{"expression":{"context-references":{"chapter-title":"Elliptic Integrals","chapter-xmlid":"C19"},"xml-id":"C19.S2.E17.m2abdec","tex":"$R_{C}\\left(\\NVar{x},\\NVar{y}\\right)$","content-tex":"$\\CarlsonellintRC@{\\NVar{x}}{\\NVar{y}}$"}}{"expression":{"context-references":{"chapter-title":"Elliptic Integrals","chapter-xmlid":"C19"},"xml-id":"C19.S16.E5.m2adec","tex":"$R_{D}\\left(\\NVar{x},\\NVar{y},\\NVar{z}\\right)$","content-tex":"$\\CarlsonsymellintRD@{\\NVar{x}}{\\NVar{y}}{\\NVar{z}}$"}}{"expression":{"context-references":{"chapter-title":"Elliptic Integrals","chapter-xmlid":"C19"},"xml-id":"C19.S17.F3.m1","tex":"$R_{D}\\left(x,y,1\\right)$","content-tex":"$\\CarlsonsymellintRD@{x}{y}{1}$"}}{"expression":{"context-references":{"chapter-title":"Elliptic Integrals","chapter-xmlid":"C19"},"xml-id":"C19.S17.F3.m2","tex":"$0\\leq x\\leq 2$"}}{"expression":{"context-references":{"chapter-title":"Elliptic Integrals","chapter-xmlid":"C19"},"xml-id":"C19.S17.F3.m3","tex":"$y=0,\\,0.1,\\,1,\\,5,\\,25$"}}{"expression":{"context-references":{"sentence-num-in-corpus":"11366","sentence-xmlid":"C19.S17.F3.s1","chapter-title":"Elliptic Integrals","chapter-xmlid":"C19","section-title":"Graphics","sentence-num-in-chapter":"269","section-xmlid":"C19.S17","sentence-num-in-section":"10"},"xml-id":"C19.S17.F3.m4","tex":"$R_{D}\\left(x,y,1\\right)$","content-tex":"$\\CarlsonsymellintRD@{x}{y}{1}$"}}{"expression":{"context-references":{"sentence-num-in-corpus":"11366","sentence-xmlid":"C19.S17.F3.s1","chapter-title":"Elliptic Integrals","chapter-xmlid":"C19","section-title":"Graphics","sentence-num-in-chapter":"269","section-xmlid":"C19.S17","sentence-num-in-section":"10"},"xml-id":"C19.S17.F3.m5","tex":"$0\\leq x\\leq 2$"}}{"expression":{"context-references":{"sentence-num-in-corpus":"11366","sentence-xmlid":"C19.S17.F3.s1","chapter-title":"Elliptic Integrals","chapter-xmlid":"C19","section-title":"Graphics","sentence-num-in-chapter":"269","section-xmlid":"C19.S17","sentence-num-in-section":"10"},"xml-id":"C19.S17.F3.m6","tex":"$y=0,\\,0.1,\\,1,\\,5,\\,25$"}}{"expression":{"context-references":{"sentence-num-in-corpus":"11366","sentence-xmlid":"C19.S17.F3.s1","chapter-title":"Elliptic Integrals","chapter-xmlid":"C19","section-title":"Graphics","sentence-num-in-chapter":"269","section-xmlid":"C19.S17","sentence-num-in-section":"10"},"xml-id":"C19.S17.F3.m7","tex":"$y=1$"}}{"expression":{"context-references":{"sentence-num-in-corpus":"11366","sentence-xmlid":"C19.S17.F3.s1","chapter-title":"Elliptic Integrals","chapter-xmlid":"C19","section-title":"Graphics","sentence-num-in-chapter":"269","section-xmlid":"C19.S17","sentence-num-in-section":"10"},"xml-id":"C19.S17.F3.m8","tex":"$\\frac{3}{2}(R_{C}\\left(x,1\\right)-\\sqrt{x})\/(1-x)$","content-tex":"$\\frac{3}{2}(\\CarlsonellintRC@{x}{1}-\\sqrt{x})\/(1-x)$"}}{"expression":{"context-references":{"sentence-num-in-corpus":"11366","sentence-xmlid":"C19.S17.F3.s1","chapter-title":"Elliptic Integrals","chapter-xmlid":"C19","section-title":"Graphics","sentence-num-in-chapter":"269","section-xmlid":"C19.S17","sentence-num-in-section":"10"},"xml-id":"C19.S17.F3.m9","tex":"$x\\neq 1$"}}{"expression":{"context-references":{"chapter-title":"Elliptic Integrals","chapter-xmlid":"C19"},"xml-id":"C19.S2.E17.m2acdec","tex":"$R_{C}\\left(\\NVar{x},\\NVar{y}\\right)$","content-tex":"$\\CarlsonellintRC@{\\NVar{x}}{\\NVar{y}}$"}}{"expression":{"context-references":{"chapter-title":"Elliptic Integrals","chapter-xmlid":"C19"},"xml-id":"C19.S16.E2.m2adec","tex":"$R_{J}\\left(\\NVar{x},\\NVar{y},\\NVar{z},\\NVar{p}\\right)$","content-tex":"$\\CarlsonsymellintRJ@{\\NVar{x}}{\\NVar{y}}{\\NVar{z}}{\\NVar{p}}$"}}{"expression":{"context-references":{"chapter-title":"Elliptic Integrals","chapter-xmlid":"C19"},"xml-id":"C19.S17.F4.m1","tex":"$R_{J}\\left(x,y,1,2\\right)$","content-tex":"$\\CarlsonsymellintRJ@{x}{y}{1}{2}$"}}{"expression":{"context-references":{"chapter-title":"Elliptic Integrals","chapter-xmlid":"C19"},"xml-id":"C19.S17.F4.m2","tex":"$0\\leq x\\leq 1$"}}{"expression":{"context-references":{"chapter-title":"Elliptic Integrals","chapter-xmlid":"C19"},"xml-id":"C19.S17.F4.m3","tex":"$y=0,\\,0.1,\\,0.5,\\,1$"}}{"expression":{"context-references":{"sentence-num-in-corpus":"11367","sentence-xmlid":"C19.S17.F4.s1","chapter-title":"Elliptic Integrals","chapter-xmlid":"C19","section-title":"Graphics","sentence-num-in-chapter":"270","section-xmlid":"C19.S17","sentence-num-in-section":"11"},"xml-id":"C19.S17.F4.m4","tex":"$R_{J}\\left(x,y,1,2\\right)$","content-tex":"$\\CarlsonsymellintRJ@{x}{y}{1}{2}$"}}{"expression":{"context-references":{"sentence-num-in-corpus":"11367","sentence-xmlid":"C19.S17.F4.s1","chapter-title":"Elliptic Integrals","chapter-xmlid":"C19","section-title":"Graphics","sentence-num-in-chapter":"270","section-xmlid":"C19.S17","sentence-num-in-section":"11"},"xml-id":"C19.S17.F4.m5","tex":"$0\\leq x\\leq 1$"}}{"expression":{"context-references":{"sentence-num-in-corpus":"11367","sentence-xmlid":"C19.S17.F4.s1","chapter-title":"Elliptic Integrals","chapter-xmlid":"C19","section-title":"Graphics","sentence-num-in-chapter":"270","section-xmlid":"C19.S17","sentence-num-in-section":"11"},"xml-id":"C19.S17.F4.m6","tex":"$y=0,\\,0.1,\\,0.5,\\,1$"}}{"expression":{"context-references":{"sentence-num-in-corpus":"11367","sentence-xmlid":"C19.S17.F4.s1","chapter-title":"Elliptic Integrals","chapter-xmlid":"C19","section-title":"Graphics","sentence-num-in-chapter":"270","section-xmlid":"C19.S17","sentence-num-in-section":"11"},"xml-id":"C19.S17.F4.m7","tex":"$y=1$"}}{"expression":{"context-references":{"sentence-num-in-corpus":"11367","sentence-xmlid":"C19.S17.F4.s1","chapter-title":"Elliptic Integrals","chapter-xmlid":"C19","section-title":"Graphics","sentence-num-in-chapter":"270","section-xmlid":"C19.S17","sentence-num-in-section":"11"},"xml-id":"C19.S17.F4.m8","tex":"$3(R_{C}\\left(x,1\\right)-R_{C}\\left(x,2\\right))$","content-tex":"$3(\\CarlsonellintRC@{x}{1}-\\CarlsonellintRC@{x}{2})$"}}{"expression":{"context-references":{"chapter-title":"Elliptic Integrals","chapter-xmlid":"C19"},"xml-id":"C19.S2.E17.m2addec","tex":"$R_{C}\\left(\\NVar{x},\\NVar{y}\\right)$","content-tex":"$\\CarlsonellintRC@{\\NVar{x}}{\\NVar{y}}$"}}{"expression":{"context-references":{"chapter-title":"Elliptic Integrals","chapter-xmlid":"C19"},"xml-id":"C19.S16.E2.m2aadec","tex":"$R_{J}\\left(\\NVar{x},\\NVar{y},\\NVar{z},\\NVar{p}\\right)$","content-tex":"$\\CarlsonsymellintRJ@{\\NVar{x}}{\\NVar{y}}{\\NVar{z}}{\\NVar{p}}$"}}{"expression":{"context-references":{"chapter-title":"Elliptic Integrals","chapter-xmlid":"C19"},"xml-id":"C19.S17.F5.m1","tex":"$R_{J}\\left(x,y,1,0.5\\right)$","content-tex":"$\\CarlsonsymellintRJ@{x}{y}{1}{0.5}$"}}{"expression":{"context-references":{"chapter-title":"Elliptic Integrals","chapter-xmlid":"C19"},"xml-id":"C19.S17.F5.m2","tex":"$0\\leq x\\leq 1$"}}{"expression":{"context-references":{"chapter-title":"Elliptic Integrals","chapter-xmlid":"C19"},"xml-id":"C19.S17.F5.m3","tex":"$y=0,\\,0.1,\\,0.5,\\,1$"}}{"expression":{"context-references":{"sentence-num-in-corpus":"11368","sentence-xmlid":"C19.S17.F5.s1","chapter-title":"Elliptic Integrals","chapter-xmlid":"C19","section-title":"Graphics","sentence-num-in-chapter":"271","section-xmlid":"C19.S17","sentence-num-in-section":"12"},"xml-id":"C19.S17.F5.m4","tex":"$R_{J}\\left(x,y,1,0.5\\right)$","content-tex":"$\\CarlsonsymellintRJ@{x}{y}{1}{0.5}$"}}{"expression":{"context-references":{"sentence-num-in-corpus":"11368","sentence-xmlid":"C19.S17.F5.s1","chapter-title":"Elliptic Integrals","chapter-xmlid":"C19","section-title":"Graphics","sentence-num-in-chapter":"271","section-xmlid":"C19.S17","sentence-num-in-section":"12"},"xml-id":"C19.S17.F5.m5","tex":"$0\\leq x\\leq 1$"}}{"expression":{"context-references":{"sentence-num-in-corpus":"11368","sentence-xmlid":"C19.S17.F5.s1","chapter-title":"Elliptic Integrals","chapter-xmlid":"C19","section-title":"Graphics","sentence-num-in-chapter":"271","section-xmlid":"C19.S17","sentence-num-in-section":"12"},"xml-id":"C19.S17.F5.m6","tex":"$y=0,\\,0.1,\\,0.5,\\,1$"}}{"expression":{"context-references":{"sentence-num-in-corpus":"11368","sentence-xmlid":"C19.S17.F5.s1","chapter-title":"Elliptic Integrals","chapter-xmlid":"C19","section-title":"Graphics","sentence-num-in-chapter":"271","section-xmlid":"C19.S17","sentence-num-in-section":"12"},"xml-id":"C19.S17.F5.m7","tex":"$y=1$"}}{"expression":{"context-references":{"sentence-num-in-corpus":"11368","sentence-xmlid":"C19.S17.F5.s1","chapter-title":"Elliptic Integrals","chapter-xmlid":"C19","section-title":"Graphics","sentence-num-in-chapter":"271","section-xmlid":"C19.S17","sentence-num-in-section":"12"},"xml-id":"C19.S17.F5.m8","tex":"$6(R_{C}\\left(x,0.5\\right)-R_{C}\\left(x,1\\right))$","content-tex":"$6(\\CarlsonellintRC@{x}{0.5}-\\CarlsonellintRC@{x}{1})$"}}{"expression":{"context-references":{"chapter-title":"Elliptic Integrals","chapter-xmlid":"C19"},"xml-id":"C19.S2.E17.m2aedec","tex":"$R_{C}\\left(\\NVar{x},\\NVar{y}\\right)$","content-tex":"$\\CarlsonellintRC@{\\NVar{x}}{\\NVar{y}}$"}}{"expression":{"context-references":{"chapter-title":"Elliptic Integrals","chapter-xmlid":"C19"},"xml-id":"C19.S16.E2.m2abdec","tex":"$R_{J}\\left(\\NVar{x},\\NVar{y},\\NVar{z},\\NVar{p}\\right)$","content-tex":"$\\CarlsonsymellintRJ@{\\NVar{x}}{\\NVar{y}}{\\NVar{z}}{\\NVar{p}}$"}}{"expression":{"context-references":{"chapter-title":"Elliptic Integrals","chapter-xmlid":"C19"},"xml-id":"C19.S17.F6.m1","tex":"$R_{J}\\left(x,y,1,-0.5\\right)$","content-tex":"$\\CarlsonsymellintRJ@{x}{y}{1}{-0.5}$"}}{"expression":{"context-references":{"chapter-title":"Elliptic Integrals","chapter-xmlid":"C19"},"xml-id":"C19.S17.F6.m2","tex":"$0\\leq x\\leq 1$"}}{"expression":{"context-references":{"chapter-title":"Elliptic Integrals","chapter-xmlid":"C19"},"xml-id":"C19.S17.F6.m3","tex":"$y=0,\\,0.1,\\,0.5,\\,1$"}}{"expression":{"context-references":{"sentence-num-in-corpus":"11369","sentence-xmlid":"C19.S17.F6.s1","chapter-title":"Elliptic Integrals","chapter-xmlid":"C19","section-title":"Graphics","sentence-num-in-chapter":"272","section-xmlid":"C19.S17","sentence-num-in-section":"13"},"xml-id":"C19.S17.F6.m4","tex":"$R_{J}\\left(x,y,1,-0.5\\right)$","content-tex":"$\\CarlsonsymellintRJ@{x}{y}{1}{-0.5}$"}}{"expression":{"context-references":{"sentence-num-in-corpus":"11369","sentence-xmlid":"C19.S17.F6.s1","chapter-title":"Elliptic Integrals","chapter-xmlid":"C19","section-title":"Graphics","sentence-num-in-chapter":"272","section-xmlid":"C19.S17","sentence-num-in-section":"13"},"xml-id":"C19.S17.F6.m5","tex":"$0\\leq x\\leq 1$"}}{"expression":{"context-references":{"sentence-num-in-corpus":"11369","sentence-xmlid":"C19.S17.F6.s1","chapter-title":"Elliptic Integrals","chapter-xmlid":"C19","section-title":"Graphics","sentence-num-in-chapter":"272","section-xmlid":"C19.S17","sentence-num-in-section":"13"},"xml-id":"C19.S17.F6.m6","tex":"$y=0,\\,0.1,\\,0.5,\\,1$"}}{"expression":{"context-references":{"sentence-num-in-corpus":"11369","sentence-xmlid":"C19.S17.F6.s1","chapter-title":"Elliptic Integrals","chapter-xmlid":"C19","section-title":"Graphics","sentence-num-in-chapter":"272","section-xmlid":"C19.S17","sentence-num-in-section":"13"},"xml-id":"C19.S17.F6.m7","tex":"$y=1$"}}{"expression":{"context-references":{"sentence-num-in-corpus":"11369","sentence-xmlid":"C19.S17.F6.s1","chapter-title":"Elliptic Integrals","chapter-xmlid":"C19","section-title":"Graphics","sentence-num-in-chapter":"272","section-xmlid":"C19.S17","sentence-num-in-section":"13"},"xml-id":"C19.S17.F6.m8","tex":"$2(R_{C}\\left(x,-0.5\\right)-R_{C}\\left(x,1\\right))$","content-tex":"$2(\\CarlsonellintRC@{x}{-0.5}-\\CarlsonellintRC@{x}{1})$"}}{"expression":{"context-references":{"chapter-title":"Elliptic Integrals","chapter-xmlid":"C19"},"xml-id":"C19.S2.E17.m2afdec","tex":"$R_{C}\\left(\\NVar{x},\\NVar{y}\\right)$","content-tex":"$\\CarlsonellintRC@{\\NVar{x}}{\\NVar{y}}$"}}{"expression":{"context-references":{"chapter-title":"Elliptic Integrals","chapter-xmlid":"C19"},"xml-id":"C19.S16.E2.m2acdec","tex":"$R_{J}\\left(\\NVar{x},\\NVar{y},\\NVar{z},\\NVar{p}\\right)$","content-tex":"$\\CarlsonsymellintRJ@{\\NVar{x}}{\\NVar{y}}{\\NVar{z}}{\\NVar{p}}$"}}{"expression":{"context-references":{"chapter-title":"Elliptic Integrals","chapter-xmlid":"C19"},"xml-id":"C3.S12.E1.m2adec","tex":"$\\pi$","content-tex":"$\\cpi$"}}{"expression":{"context-references":{"chapter-title":"Elliptic Integrals","chapter-xmlid":"C19"},"xml-id":"C19.S17.F7.m1","tex":"$R_{J}\\left(0.5,y,1,p\\right)$","content-tex":"$\\CarlsonsymellintRJ@{0.5}{y}{1}{p}$"}}{"expression":{"context-references":{"chapter-title":"Elliptic Integrals","chapter-xmlid":"C19"},"xml-id":"C19.S17.F7.m2","tex":"$y=0,\\,0.01,\\,0.05,\\,0.2,\\,1$"}}{"expression":{"context-references":{"chapter-title":"Elliptic Integrals","chapter-xmlid":"C19"},"xml-id":"C19.S17.F7.m3","tex":"$-1\\leq p<0$"}}{"expression":{"context-references":{"sentence-num-in-corpus":"11370","sentence-xmlid":"C19.S17.F7.s1","chapter-title":"Elliptic Integrals","chapter-xmlid":"C19","section-title":"Graphics","sentence-num-in-chapter":"273","section-xmlid":"C19.S17","sentence-num-in-section":"14"},"xml-id":"C19.S17.F7.m4","tex":"$R_{J}\\left(0.5,y,1,p\\right)$","content-tex":"$\\CarlsonsymellintRJ@{0.5}{y}{1}{p}$"}}{"expression":{"context-references":{"sentence-num-in-corpus":"11370","sentence-xmlid":"C19.S17.F7.s1","chapter-title":"Elliptic Integrals","chapter-xmlid":"C19","section-title":"Graphics","sentence-num-in-chapter":"273","section-xmlid":"C19.S17","sentence-num-in-section":"14"},"xml-id":"C19.S17.F7.m5","tex":"$y=0,\\,0.01,\\,0.05,\\,0.2,\\,1$"}}{"expression":{"context-references":{"sentence-num-in-corpus":"11370","sentence-xmlid":"C19.S17.F7.s1","chapter-title":"Elliptic Integrals","chapter-xmlid":"C19","section-title":"Graphics","sentence-num-in-chapter":"273","section-xmlid":"C19.S17","sentence-num-in-section":"14"},"xml-id":"C19.S17.F7.m6","tex":"$-1\\leq p<0$"}}{"expression":{"context-references":{"sentence-num-in-corpus":"11370","sentence-xmlid":"C19.S17.F7.s1","chapter-title":"Elliptic Integrals","chapter-xmlid":"C19","section-title":"Graphics","sentence-num-in-chapter":"273","section-xmlid":"C19.S17","sentence-num-in-section":"14"},"xml-id":"C19.S17.F7.m7","tex":"$y=1$"}}{"expression":{"context-references":{"sentence-num-in-corpus":"11370","sentence-xmlid":"C19.S17.F7.s1","chapter-title":"Elliptic Integrals","chapter-xmlid":"C19","section-title":"Graphics","sentence-num-in-chapter":"273","section-xmlid":"C19.S17","sentence-num-in-section":"14"},"xml-id":"C19.S17.F7.m8","tex":"$3(R_{C}\\left(0.5,p\\right)-(\\pi\/\\sqrt{8}))\/(1-p)$","content-tex":"$3(\\CarlsonellintRC@{0.5}{p}-(\\pi\/\\sqrt{8}))\/(1-p)$"}}{"expression":{"context-references":{"sentence-num-in-corpus":"11370","sentence-xmlid":"C19.S17.F7.s1","chapter-title":"Elliptic Integrals","chapter-xmlid":"C19","section-title":"Graphics","sentence-num-in-chapter":"273","section-xmlid":"C19.S17","sentence-num-in-section":"14"},"xml-id":"C19.S17.F7.m9","tex":"$p\\to 0$"}}{"expression":{"context-references":{"sentence-num-in-corpus":"11370","sentence-xmlid":"C19.S17.F7.s1","chapter-title":"Elliptic Integrals","chapter-xmlid":"C19","section-title":"Graphics","sentence-num-in-chapter":"273","section-xmlid":"C19.S17","sentence-num-in-section":"14"},"xml-id":"C19.S17.F7.m10","tex":"$y=0$"}}{"expression":{"context-references":{"sentence-num-in-corpus":"11370","sentence-xmlid":"C19.S17.F7.s1","chapter-title":"Elliptic Integrals","chapter-xmlid":"C19","section-title":"Graphics","sentence-num-in-chapter":"273","section-xmlid":"C19.S17","sentence-num-in-section":"14"},"xml-id":"C19.S17.F7.m11","tex":"$-8.10386\\dots$"}}{"expression":{"context-references":{"chapter-title":"Elliptic Integrals","chapter-xmlid":"C19"},"xml-id":"C19.S16.E5.m2aadec","tex":"$R_{D}\\left(\\NVar{x},\\NVar{y},\\NVar{z}\\right)$","content-tex":"$\\CarlsonsymellintRD@{\\NVar{x}}{\\NVar{y}}{\\NVar{z}}$"}}{"expression":{"context-references":{"chapter-title":"Elliptic Integrals","chapter-xmlid":"C19"},"xml-id":"C19.S16.E3.m2aadec","tex":"$R_{G}\\left(\\NVar{x},\\NVar{y},\\NVar{z}\\right)$","content-tex":"$\\CarlsonsymellintRG@{\\NVar{x}}{\\NVar{y}}{\\NVar{z}}$"}}{"expression":{"context-references":{"chapter-title":"Elliptic Integrals","chapter-xmlid":"C19"},"xml-id":"C19.S16.E2.m2addec","tex":"$R_{J}\\left(\\NVar{x},\\NVar{y},\\NVar{z},\\NVar{p}\\right)$","content-tex":"$\\CarlsonsymellintRJ@{\\NVar{x}}{\\NVar{y}}{\\NVar{z}}{\\NVar{p}}$"}}{"expression":{"context-references":{"chapter-title":"Elliptic Integrals","chapter-xmlid":"C19"},"xml-id":"C3.S12.E1.m2aadec","tex":"$\\pi$","content-tex":"$\\cpi$"}}{"expression":{"context-references":{"chapter-title":"Elliptic Integrals","chapter-xmlid":"C19"},"xml-id":"C4.S2.E2.m2adec","tex":"$\\ln\\NVar{z}$","content-tex":"$\\ln@@{\\NVar{z}}$"}}{"expression":{"context-references":{"chapter-title":"Elliptic Integrals","chapter-xmlid":"C19"},"xml-id":"C19.S17.F8.m1","tex":"$R_{J}\\left(0,y,1,p\\right)$","content-tex":"$\\CarlsonsymellintRJ@{0}{y}{1}{p}$"}}{"expression":{"context-references":{"chapter-title":"Elliptic Integrals","chapter-xmlid":"C19"},"xml-id":"C19.S17.F8.m2","tex":"$0\\leq y\\leq 1$"}}{"expression":{"context-references":{"chapter-title":"Elliptic Integrals","chapter-xmlid":"C19"},"xml-id":"C19.S17.F8.m3","tex":"$-1\\leq p\\leq 2$"}}{"expression":{"context-references":{"sentence-num-in-corpus":"11371","sentence-xmlid":"C19.S17.F8.s1","chapter-title":"Elliptic Integrals","chapter-xmlid":"C19","section-title":"Graphics","sentence-num-in-chapter":"274","section-xmlid":"C19.S17","sentence-num-in-section":"15"},"xml-id":"C19.S17.F8.m4","tex":"$R_{J}\\left(0,y,1,p\\right)$","content-tex":"$\\CarlsonsymellintRJ@{0}{y}{1}{p}$"}}{"expression":{"context-references":{"sentence-num-in-corpus":"11371","sentence-xmlid":"C19.S17.F8.s1","chapter-title":"Elliptic Integrals","chapter-xmlid":"C19","section-title":"Graphics","sentence-num-in-chapter":"274","section-xmlid":"C19.S17","sentence-num-in-section":"15"},"xml-id":"C19.S17.F8.m5","tex":"$0\\leq y\\leq 1$"}}{"expression":{"context-references":{"sentence-num-in-corpus":"11371","sentence-xmlid":"C19.S17.F8.s1","chapter-title":"Elliptic Integrals","chapter-xmlid":"C19","section-title":"Graphics","sentence-num-in-chapter":"274","section-xmlid":"C19.S17","sentence-num-in-section":"15"},"xml-id":"C19.S17.F8.m6","tex":"$-1\\leq p\\leq 2$"}}{"expression":{"context-references":{"sentence-num-in-corpus":"11371","sentence-xmlid":"C19.S17.F8.s1","chapter-title":"Elliptic Integrals","chapter-xmlid":"C19","section-title":"Graphics","sentence-num-in-chapter":"274","section-xmlid":"C19.S17","sentence-num-in-section":"15"},"xml-id":"C19.S17.F8.m7","tex":"$p<0$"}}{"expression":{"context-references":{"sentence-num-in-corpus":"11371","sentence-xmlid":"C19.S17.F8.s1","chapter-title":"Elliptic Integrals","chapter-xmlid":"C19","section-title":"Graphics","sentence-num-in-chapter":"274","section-xmlid":"C19.S17","sentence-num-in-section":"15"},"xml-id":"C19.S17.F8.m8","tex":"$\\frac{3}{2}\\pi\/\\sqrt{yp}$"}}{"expression":{"context-references":{"sentence-num-in-corpus":"11371","sentence-xmlid":"C19.S17.F8.s1","chapter-title":"Elliptic Integrals","chapter-xmlid":"C19","section-title":"Graphics","sentence-num-in-chapter":"274","section-xmlid":"C19.S17","sentence-num-in-section":"15"},"xml-id":"C19.S17.F8.m9","tex":"$p\\to 0+$"}}{"expression":{"context-references":{"sentence-num-in-corpus":"11371","sentence-xmlid":"C19.S17.F8.s1","chapter-title":"Elliptic Integrals","chapter-xmlid":"C19","section-title":"Graphics","sentence-num-in-chapter":"274","section-xmlid":"C19.S17","sentence-num-in-section":"15"},"xml-id":"C19.S17.F8.m10","tex":"$(\\frac{3}{2}\/p)\\ln\\left(16\/y\\right)$","content-tex":"$(\\frac{3}{2}\/p)\\ln@{16\/y}$"}}{"expression":{"context-references":{"sentence-num-in-corpus":"11371","sentence-xmlid":"C19.S17.F8.s1","chapter-title":"Elliptic Integrals","chapter-xmlid":"C19","section-title":"Graphics","sentence-num-in-chapter":"274","section-xmlid":"C19.S17","sentence-num-in-section":"15"},"xml-id":"C19.S17.F8.m11","tex":"$y\\to 0+$"}}{"expression":{"context-references":{"sentence-num-in-corpus":"11371","sentence-xmlid":"C19.S17.F8.s1","chapter-title":"Elliptic Integrals","chapter-xmlid":"C19","section-title":"Graphics","sentence-num-in-chapter":"274","section-xmlid":"C19.S17","sentence-num-in-section":"15"},"xml-id":"C19.S17.F8.m12","tex":"$p\\to 0-$"}}{"expression":{"context-references":{"sentence-num-in-corpus":"11371","sentence-xmlid":"C19.S17.F8.s1","chapter-title":"Elliptic Integrals","chapter-xmlid":"C19","section-title":"Graphics","sentence-num-in-chapter":"274","section-xmlid":"C19.S17","sentence-num-in-section":"15"},"xml-id":"C19.S17.F8.m13","tex":"$(-6\/y)R_{G}\\left(0,y,1\\right)$","content-tex":"$(-6\/y)\\CarlsonsymellintRG@{0}{y}{1}$"}}{"expression":{"context-references":{"sentence-num-in-corpus":"11371","sentence-xmlid":"C19.S17.F8.s1","chapter-title":"Elliptic Integrals","chapter-xmlid":"C19","section-title":"Graphics","sentence-num-in-chapter":"274","section-xmlid":"C19.S17","sentence-num-in-section":"15"},"xml-id":"C19.S17.F8.m14","tex":"$p=1$"}}{"expression":{"context-references":{"sentence-num-in-corpus":"11371","sentence-xmlid":"C19.S17.F8.s1","chapter-title":"Elliptic Integrals","chapter-xmlid":"C19","section-title":"Graphics","sentence-num-in-chapter":"274","section-xmlid":"C19.S17","sentence-num-in-section":"15"},"xml-id":"C19.S17.F8.m15","tex":"$R_{D}\\left(0,y,1\\right)$","content-tex":"$\\CarlsonsymellintRD@{0}{y}{1}$"}}{"expression":{"context-references":{"sentence-num-in-corpus":"11371","sentence-xmlid":"C19.S17.F8.s1","chapter-title":"Elliptic Integrals","chapter-xmlid":"C19","section-title":"Graphics","sentence-num-in-chapter":"274","section-xmlid":"C19.S17","sentence-num-in-section":"15"},"xml-id":"C19.S17.F8.m16","tex":"$y=1$"}}{"expression":{"context-references":{"sentence-num-in-corpus":"11371","sentence-xmlid":"C19.S17.F8.s1","chapter-title":"Elliptic Integrals","chapter-xmlid":"C19","section-title":"Graphics","sentence-num-in-chapter":"274","section-xmlid":"C19.S17","sentence-num-in-section":"15"},"xml-id":"C19.S17.F8.m17","tex":"$\\frac{3}{2}\\pi\/(p+\\sqrt{p})$"}}{"expression":{"context-references":{"sentence-num-in-corpus":"11371","sentence-xmlid":"C19.S17.F8.s1","chapter-title":"Elliptic Integrals","chapter-xmlid":"C19","section-title":"Graphics","sentence-num-in-chapter":"274","section-xmlid":"C19.S17","sentence-num-in-section":"15"},"xml-id":"C19.S17.F8.m18","tex":"$p>0$"}}{"expression":{"context-references":{"sentence-num-in-corpus":"11371","sentence-xmlid":"C19.S17.F8.s1","chapter-title":"Elliptic Integrals","chapter-xmlid":"C19","section-title":"Graphics","sentence-num-in-chapter":"274","section-xmlid":"C19.S17","sentence-num-in-section":"15"},"xml-id":"C19.S17.F8.m19","tex":"$\\frac{3}{2}\\pi\/(p-1)$"}}{"expression":{"context-references":{"sentence-num-in-corpus":"11371","sentence-xmlid":"C19.S17.F8.s1","chapter-title":"Elliptic Integrals","chapter-xmlid":"C19","section-title":"Graphics","sentence-num-in-chapter":"274","section-xmlid":"C19.S17","sentence-num-in-section":"15"},"xml-id":"C19.S17.F8.m20","tex":"$p<0$"}}{"expression":{"context-references":{"sentence-num-in-corpus":"11371","sentence-xmlid":"C19.S17.F8.s1","chapter-title":"Elliptic Integrals","chapter-xmlid":"C19","section-title":"Graphics","sentence-num-in-chapter":"274","section-xmlid":"C19.S17","sentence-num-in-section":"15"},"xml-id":"C19.S17.F8.m21","tex":"$p\\to 0\\pm$"}}{"expression":{"context-references":{"sentence-num-in-corpus":"11371","sentence-xmlid":"C19.S17.F8.s1","chapter-title":"Elliptic Integrals","chapter-xmlid":"C19","section-title":"Graphics","sentence-num-in-chapter":"274","section-xmlid":"C19.S17","sentence-num-in-section":"15"},"xml-id":"C19.S17.F8.m22","tex":"$y\\to 0+$"}}{"expression":{"context-references":{"sentence-num-in-corpus":"11371","sentence-xmlid":"C19.S17.F8.s1","chapter-title":"Elliptic Integrals","chapter-xmlid":"C19","section-title":"Graphics","sentence-num-in-chapter":"274","section-xmlid":"C19.S17","sentence-num-in-section":"15"},"xml-id":"C19.S17.F8.m23","tex":"$y=1$"}}{"expression":{"context-references":{"chapter-title":"Elliptic Integrals","chapter-xmlid":"C19"},"xml-id":"C19.S17.F1.m1.maga","tex":"$R_{F}\\left(x,y,1\\right)$","content-tex":"$\\CarlsonsymellintRF@{x}{y}{1}$"}}{"expression":{"context-references":{"chapter-title":"Elliptic Integrals","chapter-xmlid":"C19"},"xml-id":"C19.S17.F1.m2.maga","tex":"$0\\leq x\\leq 1$"}}{"expression":{"context-references":{"chapter-title":"Elliptic Integrals","chapter-xmlid":"C19"},"xml-id":"C19.S17.F1.m3.maga","tex":"$y=0,\\,0.1,\\,0.5,\\,1$"}}{"expression":{"context-references":{"chapter-title":"Elliptic Integrals","chapter-xmlid":"C19"},"xml-id":"C19.S17.F2.m1.maga","tex":"$R_{G}\\left(x,y,1\\right)$","content-tex":"$\\CarlsonsymellintRG@{x}{y}{1}$"}}{"expression":{"context-references":{"chapter-title":"Elliptic Integrals","chapter-xmlid":"C19"},"xml-id":"C19.S17.F2.m2.maga","tex":"$0\\leq x\\leq 1$"}}{"expression":{"context-references":{"chapter-title":"Elliptic Integrals","chapter-xmlid":"C19"},"xml-id":"C19.S17.F2.m3.maga","tex":"$y=0,\\,0.1,\\,0.5,\\,1$"}}{"expression":{"context-references":{"chapter-title":"Elliptic Integrals","chapter-xmlid":"C19"},"xml-id":"C19.S17.F3.m1.maga","tex":"$R_{D}\\left(x,y,1\\right)$","content-tex":"$\\CarlsonsymellintRD@{x}{y}{1}$"}}{"expression":{"context-references":{"chapter-title":"Elliptic Integrals","chapter-xmlid":"C19"},"xml-id":"C19.S17.F3.m2.maga","tex":"$0\\leq x\\leq 2$"}}{"expression":{"context-references":{"chapter-title":"Elliptic Integrals","chapter-xmlid":"C19"},"xml-id":"C19.S17.F3.m3.maga","tex":"$y=0,\\,0.1,\\,1,\\,5,\\,25$"}}{"expression":{"context-references":{"chapter-title":"Elliptic Integrals","chapter-xmlid":"C19"},"xml-id":"C19.S17.F4.m1.maga","tex":"$R_{J}\\left(x,y,1,2\\right)$","content-tex":"$\\CarlsonsymellintRJ@{x}{y}{1}{2}$"}}{"expression":{"context-references":{"chapter-title":"Elliptic Integrals","chapter-xmlid":"C19"},"xml-id":"C19.S17.F4.m2.maga","tex":"$0\\leq x\\leq 1$"}}{"expression":{"context-references":{"chapter-title":"Elliptic Integrals","chapter-xmlid":"C19"},"xml-id":"C19.S17.F4.m3.maga","tex":"$y=0,\\,0.1,\\,0.5,\\,1$"}}{"expression":{"context-references":{"chapter-title":"Elliptic Integrals","chapter-xmlid":"C19"},"xml-id":"C19.S17.F5.m1.maga","tex":"$R_{J}\\left(x,y,1,0.5\\right)$","content-tex":"$\\CarlsonsymellintRJ@{x}{y}{1}{0.5}$"}}{"expression":{"context-references":{"chapter-title":"Elliptic Integrals","chapter-xmlid":"C19"},"xml-id":"C19.S17.F5.m2.maga","tex":"$0\\leq x\\leq 1$"}}{"expression":{"context-references":{"chapter-title":"Elliptic Integrals","chapter-xmlid":"C19"},"xml-id":"C19.S17.F5.m3.maga","tex":"$y=0,\\,0.1,\\,0.5,\\,1$"}}{"expression":{"context-references":{"chapter-title":"Elliptic Integrals","chapter-xmlid":"C19"},"xml-id":"C19.S17.F6.m1.maga","tex":"$R_{J}\\left(x,y,1,-0.5\\right)$","content-tex":"$\\CarlsonsymellintRJ@{x}{y}{1}{-0.5}$"}}{"expression":{"context-references":{"chapter-title":"Elliptic Integrals","chapter-xmlid":"C19"},"xml-id":"C19.S17.F6.m2.maga","tex":"$0\\leq x\\leq 1$"}}{"expression":{"context-references":{"chapter-title":"Elliptic Integrals","chapter-xmlid":"C19"},"xml-id":"C19.S17.F6.m3.maga","tex":"$y=0,\\,0.1,\\,0.5,\\,1$"}}{"expression":{"context-references":{"chapter-title":"Elliptic Integrals","chapter-xmlid":"C19"},"xml-id":"C19.S17.F7.m1.maga","tex":"$R_{J}\\left(0.5,y,1,p\\right)$","content-tex":"$\\CarlsonsymellintRJ@{0.5}{y}{1}{p}$"}}{"expression":{"context-references":{"chapter-title":"Elliptic Integrals","chapter-xmlid":"C19"},"xml-id":"C19.S17.F7.m2.maga","tex":"$y=0,\\,0.01,\\,0.05,\\,0.2,\\,1$"}}{"expression":{"context-references":{"chapter-title":"Elliptic Integrals","chapter-xmlid":"C19"},"xml-id":"C19.S17.F7.m3.maga","tex":"$-1\\leq p<0$"}}{"expression":{"context-references":{"chapter-title":"Elliptic Integrals","chapter-xmlid":"C19"},"xml-id":"C19.S17.F8.m1.maga","tex":"$R_{J}\\left(0,y,1,p\\right)$","content-tex":"$\\CarlsonsymellintRJ@{0}{y}{1}{p}$"}}{"expression":{"context-references":{"chapter-title":"Elliptic Integrals","chapter-xmlid":"C19"},"xml-id":"C19.S17.F8.m2.maga","tex":"$0\\leq y\\leq 1$"}}{"expression":{"context-references":{"chapter-title":"Elliptic Integrals","chapter-xmlid":"C19"},"xml-id":"C19.S17.F8.m3.maga","tex":"$-1\\leq p\\leq 2$"}}