{"expression":{"xml-id":"C19.S20.SS1.m1","tex":"$R_{F}\\left(x,y,z\\right)$","context":{"subsection-xmlid":"C19.S20.SS1","chapter-title":"Elliptic Integrals","chapter-xmlid":"C19","section-title":"Special Cases","section-xmlid":"C19.S20","subsection-title":"<Math mode=\"inline\" xml:id=\"C19.S20.SS1.m1\">R_{F}\\left(x,y,z\\right)<\/Math>"},"content-tex":"$\\CarlsonsymellintRF@{x}{y}{z}$"}}{"expression":{"xml-id":"C19.S20.SS1.m2","tex":"$R_{F}\\left(x,y,z\\right)$","context":{"chapter-title":"Elliptic Integrals","chapter-xmlid":"C19"},"content-tex":"$\\CarlsonsymellintRF@{x}{y}{z}$"}}{"expression":{"xml-id":"C19.S20.SS1.info.m1","tex":"$t=1\/\\sqrt{s+1}$","context":{"chapter-title":"Elliptic Integrals","chapter-xmlid":"C19"}}}{"expression":{"xml-id":"C19.S20.SS1.info.m2","tex":"$t^{4}$","context":{"chapter-title":"Elliptic Integrals","chapter-xmlid":"C19"}}}{"expression":{"xml-id":"C19.S20.SS1.info.m3","tex":"$t$","context":{"chapter-title":"Elliptic Integrals","chapter-xmlid":"C19"}}}{"expression":{"xml-id":"C19.S20.SS1.p1.m1","tex":"$R$","context":{"sentence-num-in-corpus":"11401","subsection-xmlid":"C19.S20.SS1","sentence-xmlid":"C19.S20.SS1.p1.s1","chapter-title":"Elliptic Integrals","chapter-xmlid":"C19","section-title":"Special Cases","sentence-num-in-chapter":"304","section-xmlid":"C19.S20","sentence-num-in-section":"1","para-num-of-sentences":"1","para-xmlid":"C19.S20.SS1.p1","subsection-title":"<Math mode=\"inline\" xml:id=\"C19.S20.SS1.m1\">R_{F}\\left(x,y,z\\right)<\/Math>"}}}{"equation":{"symbols-used":[{"symbol":{"tex":"$R_{C}\\left(\\NVar{x},\\NVar{y}\\right)$","meaning":"Carlson\u2019s combination of inverse circular and inverse hyperbolic functions","idref":"C19.S2.E17","content-tex":"$\\CarlsonellintRC@{\\NVar{x}}{\\NVar{y}}$"}},{"symbol":{"tex":"$R_{F}\\left(\\NVar{x},\\NVar{y},\\NVar{z}\\right)$","meaning":"symmetric elliptic integral of first kind","idref":"C19.S16.E1","content-tex":"$\\CarlsonsymellintRF@{\\NVar{x}}{\\NVar{y}}{\\NVar{z}}$"}},{"symbol":{"tex":"$\\pi$","meaning":"the ratio of the circumference of a circle to its diameter","idref":"C3.S12.E1","content-tex":"$\\cpi$"}}],"context":{"sentence-num-in-corpus":"11401","subsection-xmlid":"C19.S20.SS1","sentence-xmlid":"C19.S20.SS1.p1.s1","chapter-title":"Elliptic Integrals","chapter-xmlid":"C19","section-title":"Special Cases","sentence-num-in-chapter":"304","section-xmlid":"C19.S20","sentence-num-in-section":"1","para-num-of-sentences":"1","para-xmlid":"C19.S20.SS1.p1","subsection-title":"<Math mode=\"inline\" xml:id=\"C19.S20.SS1.m1\">R_{F}\\left(x,y,z\\right)<\/Math>"},"permalink":"http:\/\/dlmf.nist.gov\/19.20.E1","equation-number":"19.20.1","subequations":[{"subequation":{"xml-id":"C19.S20.Ex1","tex":"$R_{F}\\left(x,x,x\\right)=x^{-1\/2},$","context":{"chapter-title":"Elliptic Integrals","chapter-xmlid":"C19"},"content-tex":"$\\CarlsonsymellintRF@{x}{x}{x}=x^{-1\/2},$"}},{"subequation":{"xml-id":"C19.S20.Ex2","tex":"$R_{F}\\left(\\lambda x,\\lambda y,\\lambda z\\right)=\\lambda^{-1\/2}R_{F}\\left(x,y,z \\right),$","context":{"chapter-title":"Elliptic Integrals","chapter-xmlid":"C19"},"content-tex":"$\\CarlsonsymellintRF@{\\lambda x}{\\lambda y}{\\lambda z}=\\lambda^{-1\/2} \\CarlsonsymellintRF@{x}{y}{z},$"}},{"subequation":{"xml-id":"C19.S20.Ex3","tex":"$R_{F}\\left(x,y,y\\right)=R_{C}\\left(x,y\\right),$","context":{"chapter-title":"Elliptic Integrals","chapter-xmlid":"C19"},"content-tex":"$\\CarlsonsymellintRF@{x}{y}{y}=\\CarlsonellintRC@{x}{y},$"}},{"subequation":{"xml-id":"C19.S20.Ex4","tex":"$R_{F}\\left(0,y,y\\right)=\\tfrac{1}{2}\\pi y^{-1\/2},$","context":{"chapter-title":"Elliptic Integrals","chapter-xmlid":"C19"},"content-tex":"$\\CarlsonsymellintRF@{0}{y}{y}=\\tfrac{1}{2}\\pi y^{-1\/2},$"}},{"subequation":{"xml-id":"C19.S20.Ex5","tex":"$R_{F}\\left(0,0,z\\right)=\\infty.$","context":{"chapter-title":"Elliptic Integrals","chapter-xmlid":"C19"},"content-tex":"$\\CarlsonsymellintRF@{0}{0}{z}=\\infty.$"}}]}}{"expression":{"xml-id":"C19.S2.E17.m2adec","tex":"$R_{C}\\left(\\NVar{x},\\NVar{y}\\right)$","context":{"chapter-title":"Elliptic Integrals","chapter-xmlid":"C19"},"content-tex":"$\\CarlsonellintRC@{\\NVar{x}}{\\NVar{y}}$"}}{"expression":{"xml-id":"C19.S16.E1.m2adec","tex":"$R_{F}\\left(\\NVar{x},\\NVar{y},\\NVar{z}\\right)$","context":{"chapter-title":"Elliptic Integrals","chapter-xmlid":"C19"},"content-tex":"$\\CarlsonsymellintRF@{\\NVar{x}}{\\NVar{y}}{\\NVar{z}}$"}}{"expression":{"xml-id":"C3.S12.E1.m2adec","tex":"$\\pi$","context":{"chapter-title":"Elliptic Integrals","chapter-xmlid":"C19"},"content-tex":"$\\cpi$"}}{"equation":{"symbols-used":[{"symbol":{"tex":"$R_{F}\\left(\\NVar{x},\\NVar{y},\\NVar{z}\\right)$","meaning":"symmetric elliptic integral of first kind","idref":"C19.S16.E1","content-tex":"$\\CarlsonsymellintRF@{\\NVar{x}}{\\NVar{y}}{\\NVar{z}}$"}},{"symbol":{"tex":"$\\Gamma\\left(\\NVar{z}\\right)$","meaning":"gamma function","idref":"C5.S2.E1","content-tex":"$\\EulerGamma@{\\NVar{z}}$"}},{"symbol":{"tex":"$\\pi$","meaning":"the ratio of the circumference of a circle to its diameter","idref":"C3.S12.E1","content-tex":"$\\cpi$"}},{"symbol":{"tex":"$\\mathrm{d}\\NVar{x}$","meaning":"differential of $x$","idref":"C1.S4.SS4","content-tex":"$\\diff{\\NVar{x}}$"}},{"symbol":{"tex":"$\\int$","meaning":"integral","idref":"C1.S4.SS4"}}],"xml-id":"C19.S20.E2","tex":"$\\int_{0}^{1}\\frac{\\mathrm{d}t}{\\sqrt{1-t^{4}}}=R_{F}\\left(0,1,2\\right)=\\frac{ \\left(\\Gamma\\left(\\frac{1}{4}\\right)\\right)^{2}}{4(2\\pi)^{1\/2}}=1.31102\\;87771 \\;46059\\;90523\\;\\dots.$","context":{"sentence-num-in-corpus":"11402","subsection-xmlid":"C19.S20.SS1","sentence-xmlid":"C19.S20.SS1.p2.s1","chapter-title":"Elliptic Integrals","chapter-xmlid":"C19","section-title":"Special Cases","sentence-num-in-chapter":"305","section-xmlid":"C19.S20","sentence-num-in-section":"2","para-num-of-sentences":"3","para-xmlid":"C19.S20.SS1.p2","subsection-title":"<Math mode=\"inline\" xml:id=\"C19.S20.SS1.m1\">R_{F}\\left(x,y,z\\right)<\/Math>"},"permalink":"http:\/\/dlmf.nist.gov\/19.20.E2","equation-number":"19.20.2","content-tex":"$\\int_{0}^{1}\\frac{\\diff{t}}{\\sqrt{1-t^{4}}}=\\CarlsonsymellintRF@{0}{1}{2}= \\frac{\\left(\\EulerGamma@{\\frac{1}{4}}\\right)^{2}}{4(2\\pi)^{1\/2}}=1.31102\\;8777 1\\;46059\\;90523\\;\\dots.$"}}{"equation":{"symbols-used":[{"symbol":{"tex":"$R_{\\NVar{-a}}\\left(\\NVar{b_{1}},\\dots,\\NVar{b_{n}};\\NVar{z_{1}},\\dots,\\NVar{z_ {n}}\\right)$","meaning":"multivariate hypergeometric function","idref":"C19.S16.E9","content-tex":"$\\Carlsonmultivarhyper{\\NVar{-a}}@{\\NVar{b_{1}},\\dots,\\NVar{b_{n}}}{\\NVar{z_{1} },\\dots,\\NVar{z_{n}}}$"}},{"symbol":{"tex":"$R_{F}\\left(\\NVar{x},\\NVar{y},\\NVar{z}\\right)$","meaning":"symmetric elliptic integral of first kind","idref":"C19.S16.E1","content-tex":"$\\CarlsonsymellintRF@{\\NVar{x}}{\\NVar{y}}{\\NVar{z}}$"}}],"xml-id":"C19.S20.E3","tex":"$R_{F}\\left(x,a,y\\right)=R_{-\\frac{1}{4}}\\left(\\tfrac{3}{4},\\tfrac{1}{2};a^{2}, xy\\right),$","context":{"sentence-num-in-corpus":"11404","subsection-xmlid":"C19.S20.SS1","sentence-xmlid":"C19.S20.SS1.p2.s3","chapter-title":"Elliptic Integrals","chapter-xmlid":"C19","section-title":"Special Cases","sentence-num-in-chapter":"307","section-xmlid":"C19.S20","sentence-num-in-section":"4","para-num-of-sentences":"3","para-xmlid":"C19.S20.SS1.p2","subsection-title":"<Math mode=\"inline\" xml:id=\"C19.S20.SS1.m1\">R_{F}\\left(x,y,z\\right)<\/Math>"},"permalink":"http:\/\/dlmf.nist.gov\/19.20.E3","equation-number":"19.20.3","constraints":{"tex":"$a=\\frac{1}{2}(x+y)$."},"content-tex":"$\\CarlsonsymellintRF@{x}{a}{y}=\\Carlsonmultivarhyper{-\\frac{1}{4}}@{\\tfrac{3}{4 },\\tfrac{1}{2}}{a^{2},xy},$"}}{"expression":{"xml-id":"C19.S20.SS2.m1","tex":"$R_{G}\\left(x,y,z\\right)$","context":{"subsection-xmlid":"C19.S20.SS2","chapter-title":"Elliptic Integrals","chapter-xmlid":"C19","section-title":"Special Cases","section-xmlid":"C19.S20","subsection-title":"<Math mode=\"inline\" xml:id=\"C19.S20.SS2.m1\">R_{G}\\left(x,y,z\\right)<\/Math>"},"content-tex":"$\\CarlsonsymellintRG@{x}{y}{z}$"}}{"expression":{"xml-id":"C19.S20.SS2.m2","tex":"$R_{G}\\left(x,y,z\\right)$","context":{"chapter-title":"Elliptic Integrals","chapter-xmlid":"C19"},"content-tex":"$\\CarlsonsymellintRG@{x}{y}{z}$"}}{"expression":{"xml-id":"C19.S20.SS2.info.m1","tex":"$z=y$","context":{"chapter-title":"Elliptic Integrals","chapter-xmlid":"C19"}}}{"equation":{"symbols-used":[{"symbol":{"tex":"$R_{G}\\left(\\NVar{x},\\NVar{y},\\NVar{z}\\right)$","meaning":"symmetric elliptic integral of second kind","idref":"C19.S16.E3","content-tex":"$\\CarlsonsymellintRG@{\\NVar{x}}{\\NVar{y}}{\\NVar{z}}$"}},{"symbol":{"tex":"$\\pi$","meaning":"the ratio of the circumference of a circle to its diameter","idref":"C3.S12.E1","content-tex":"$\\cpi$"}}],"context":{"sentence-num-in-corpus":"11405","subsection-xmlid":"C19.S20.SS2","sentence-xmlid":"C19.S20.SS2.p1.s1","chapter-title":"Elliptic Integrals","chapter-xmlid":"C19","section-title":"Special Cases","sentence-num-in-chapter":"308","section-xmlid":"C19.S20","sentence-num-in-section":"5","para-num-of-sentences":"1","para-xmlid":"C19.S20.SS2.p1","subsection-title":"<Math mode=\"inline\" xml:id=\"C19.S20.SS2.m1\">R_{G}\\left(x,y,z\\right)<\/Math>"},"permalink":"http:\/\/dlmf.nist.gov\/19.20.E4","equation-number":"19.20.4","subequations":[{"subequation":{"xml-id":"C19.S20.Ex6","tex":"$R_{G}\\left(x,x,x\\right)=x^{1\/2},$","context":{"chapter-title":"Elliptic Integrals","chapter-xmlid":"C19"},"content-tex":"$\\CarlsonsymellintRG@{x}{x}{x}=x^{1\/2},$"}},{"subequation":{"xml-id":"C19.S20.Ex7","tex":"$R_{G}\\left(\\lambda x,\\lambda y,\\lambda z\\right)=\\lambda^{1\/2}R_{G}\\left(x,y,z \\right),$","context":{"chapter-title":"Elliptic Integrals","chapter-xmlid":"C19"},"content-tex":"$\\CarlsonsymellintRG@{\\lambda x}{\\lambda y}{\\lambda z}=\\lambda^{1\/2} \\CarlsonsymellintRG@{x}{y}{z},$"}},{"subequation":{"xml-id":"C19.S20.Ex8","tex":"$R_{G}\\left(0,y,y\\right)=\\tfrac{1}{4}\\pi y^{1\/2},$","context":{"chapter-title":"Elliptic Integrals","chapter-xmlid":"C19"},"content-tex":"$\\CarlsonsymellintRG@{0}{y}{y}=\\tfrac{1}{4}\\pi y^{1\/2},$"}},{"subequation":{"xml-id":"C19.S20.Ex9","tex":"$R_{G}\\left(0,0,z\\right)=\\tfrac{1}{2}z^{1\/2},$","context":{"chapter-title":"Elliptic Integrals","chapter-xmlid":"C19"},"content-tex":"$\\CarlsonsymellintRG@{0}{0}{z}=\\tfrac{1}{2}z^{1\/2},$"}}]}}{"expression":{"xml-id":"C19.S16.E3.m2adec","tex":"$R_{G}\\left(\\NVar{x},\\NVar{y},\\NVar{z}\\right)$","context":{"chapter-title":"Elliptic Integrals","chapter-xmlid":"C19"},"content-tex":"$\\CarlsonsymellintRG@{\\NVar{x}}{\\NVar{y}}{\\NVar{z}}$"}}{"expression":{"xml-id":"C3.S12.E1.m2abdec","tex":"$\\pi$","context":{"chapter-title":"Elliptic Integrals","chapter-xmlid":"C19"},"content-tex":"$\\cpi$"}}{"equation":{"symbols-used":[{"symbol":{"tex":"$R_{C}\\left(\\NVar{x},\\NVar{y}\\right)$","meaning":"Carlson\u2019s combination of inverse circular and inverse hyperbolic functions","idref":"C19.S2.E17","content-tex":"$\\CarlsonellintRC@{\\NVar{x}}{\\NVar{y}}$"}},{"symbol":{"tex":"$R_{G}\\left(\\NVar{x},\\NVar{y},\\NVar{z}\\right)$","meaning":"symmetric elliptic integral of second kind","idref":"C19.S16.E3","content-tex":"$\\CarlsonsymellintRG@{\\NVar{x}}{\\NVar{y}}{\\NVar{z}}$"}}],"xml-id":"C19.S20.E5","tex":"$2R_{G}\\left(x,y,y\\right)=yR_{C}\\left(x,y\\right)+\\sqrt{x}.$","context":{"sentence-num-in-corpus":"11405","subsection-xmlid":"C19.S20.SS2","sentence-xmlid":"C19.S20.SS2.p1.s1","chapter-title":"Elliptic Integrals","chapter-xmlid":"C19","section-title":"Special Cases","sentence-num-in-chapter":"308","section-xmlid":"C19.S20","sentence-num-in-section":"5","para-num-of-sentences":"1","para-xmlid":"C19.S20.SS2.p1","subsection-title":"<Math mode=\"inline\" xml:id=\"C19.S20.SS2.m1\">R_{G}\\left(x,y,z\\right)<\/Math>"},"permalink":"http:\/\/dlmf.nist.gov\/19.20.E5","equation-number":"19.20.5","content-tex":"$2\\CarlsonsymellintRG@{x}{y}{y}=y\\CarlsonellintRC@{x}{y}+\\sqrt{x}.$"}}{"expression":{"xml-id":"C19.S20.SS3.m1","tex":"$R_{J}\\left(x,y,z,p\\right)$","context":{"subsection-xmlid":"C19.S20.SS3","chapter-title":"Elliptic Integrals","chapter-xmlid":"C19","section-title":"Special Cases","section-xmlid":"C19.S20","subsection-title":"<Math mode=\"inline\" xml:id=\"C19.S20.SS3.m1\">R_{J}\\left(x,y,z,p\\right)<\/Math>"},"content-tex":"$\\CarlsonsymellintRJ@{x}{y}{z}{p}$"}}{"expression":{"xml-id":"C19.S20.SS3.m2","tex":"$R_{J}\\left(x,y,z,p\\right)$","context":{"chapter-title":"Elliptic Integrals","chapter-xmlid":"C19"},"content-tex":"$\\CarlsonsymellintRJ@{x}{y}{z}{p}$"}}{"expression":{"xml-id":"C19.S20.SS3.info.m1","tex":"$p\\rightarrow 0+$","context":{"chapter-title":"Elliptic Integrals","chapter-xmlid":"C19"}}}{"expression":{"xml-id":"C19.S20.SS3.info.m2","tex":"$p\\rightarrow 0-$","context":{"chapter-title":"Elliptic Integrals","chapter-xmlid":"C19"}}}{"expression":{"xml-id":"C19.S20.SS3.info.m3","tex":"$x=0$","context":{"chapter-title":"Elliptic Integrals","chapter-xmlid":"C19"}}}{"expression":{"xml-id":"C19.S20.SS3.info.m4","tex":"$x$","context":{"chapter-title":"Elliptic Integrals","chapter-xmlid":"C19"}}}{"expression":{"xml-id":"C19.S20.SS3.info.m5","tex":"$z$","context":{"chapter-title":"Elliptic Integrals","chapter-xmlid":"C19"}}}{"expression":{"xml-id":"C19.S20.SS3.info.m6","tex":"$q=p$","context":{"chapter-title":"Elliptic Integrals","chapter-xmlid":"C19"}}}{"expression":{"xml-id":"C19.S20.SS3.info.m7","tex":"$x$","context":{"chapter-title":"Elliptic Integrals","chapter-xmlid":"C19"}}}{"expression":{"xml-id":"C19.S20.SS3.info.m8","tex":"$z$","context":{"chapter-title":"Elliptic Integrals","chapter-xmlid":"C19"}}}{"equation":{"symbols-used":[{"symbol":{"tex":"$R_{C}\\left(\\NVar{x},\\NVar{y}\\right)$","meaning":"Carlson\u2019s combination of inverse circular and inverse hyperbolic functions","idref":"C19.S2.E17","content-tex":"$\\CarlsonellintRC@{\\NVar{x}}{\\NVar{y}}$"}},{"symbol":{"tex":"$R_{D}\\left(\\NVar{x},\\NVar{y},\\NVar{z}\\right)$","meaning":"elliptic integral symmetric in only two variables","idref":"C19.S16.E5","content-tex":"$\\CarlsonsymellintRD@{\\NVar{x}}{\\NVar{y}}{\\NVar{z}}$"}},{"symbol":{"tex":"$R_{J}\\left(\\NVar{x},\\NVar{y},\\NVar{z},\\NVar{p}\\right)$","meaning":"symmetric elliptic integral of third kind","idref":"C19.S16.E2","content-tex":"$\\CarlsonsymellintRJ@{\\NVar{x}}{\\NVar{y}}{\\NVar{z}}{\\NVar{p}}$"}}],"context":{"sentence-num-in-corpus":"11406","subsection-xmlid":"C19.S20.SS3","sentence-xmlid":"C19.S20.SS3.p1.s1","chapter-title":"Elliptic Integrals","chapter-xmlid":"C19","section-title":"Special Cases","sentence-num-in-chapter":"309","section-xmlid":"C19.S20","sentence-num-in-section":"6","para-num-of-sentences":"8","para-xmlid":"C19.S20.SS3.p1","subsection-title":"<Math mode=\"inline\" xml:id=\"C19.S20.SS3.m1\">R_{J}\\left(x,y,z,p\\right)<\/Math>"},"permalink":"http:\/\/dlmf.nist.gov\/19.20.E6","equation-number":"19.20.6","subequations":[{"subequation":{"xml-id":"C19.S20.Ex10","tex":"$R_{J}\\left(x,x,x,x\\right)=x^{-3\/2},$","context":{"chapter-title":"Elliptic Integrals","chapter-xmlid":"C19"},"content-tex":"$\\CarlsonsymellintRJ@{x}{x}{x}{x}=x^{-3\/2},$"}},{"subequation":{"xml-id":"C19.S20.Ex11","tex":"$R_{J}\\left(\\lambda x,\\lambda y,\\lambda z,\\lambda p\\right)=\\lambda^{-3\/2}R_{J} \\left(x,y,z,p\\right),$","context":{"chapter-title":"Elliptic Integrals","chapter-xmlid":"C19"},"content-tex":"$\\CarlsonsymellintRJ@{\\lambda x}{\\lambda y}{\\lambda z}{\\lambda p}=\\lambda^{-3\/2 }\\CarlsonsymellintRJ@{x}{y}{z}{p},$"}},{"subequation":{"xml-id":"C19.S20.Ex12","tex":"$R_{J}\\left(x,y,z,z\\right)=R_{D}\\left(x,y,z\\right),$","context":{"chapter-title":"Elliptic Integrals","chapter-xmlid":"C19"},"content-tex":"$\\CarlsonsymellintRJ@{x}{y}{z}{z}=\\CarlsonsymellintRD@{x}{y}{z},$"}},{"subequation":{"xml-id":"C19.S20.Ex13","tex":"$R_{J}\\left(0,0,z,p\\right)=\\infty,$","context":{"chapter-title":"Elliptic Integrals","chapter-xmlid":"C19"},"content-tex":"$\\CarlsonsymellintRJ@{0}{0}{z}{p}=\\infty,$"}},{"subequation":{"xml-id":"C19.S20.Ex14","tex":"$R_{J}\\left(x,x,x,p\\right)=R_{D}\\left(p,p,x\\right)=\\frac{3}{x-p}\\left(R_{C} \\left(x,p\\right)-\\frac{1}{\\sqrt{x}}\\right),$","context":{"chapter-title":"Elliptic Integrals","chapter-xmlid":"C19"},"constraints":{"tex":"$x\\neq p$, $xp\\neq 0$."},"content-tex":"$\\CarlsonsymellintRJ@{x}{x}{x}{p}=\\CarlsonsymellintRD@{p}{p}{x}=\\frac{3}{x-p} \\left(\\CarlsonellintRC@{x}{p}-\\frac{1}{\\sqrt{x}}\\right),$"}}]}}{"expression":{"xml-id":"C19.S2.E17.m2abdec","tex":"$R_{C}\\left(\\NVar{x},\\NVar{y}\\right)$","context":{"chapter-title":"Elliptic Integrals","chapter-xmlid":"C19"},"content-tex":"$\\CarlsonellintRC@{\\NVar{x}}{\\NVar{y}}$"}}{"expression":{"xml-id":"C19.S16.E5.m2adec","tex":"$R_{D}\\left(\\NVar{x},\\NVar{y},\\NVar{z}\\right)$","context":{"chapter-title":"Elliptic Integrals","chapter-xmlid":"C19"},"content-tex":"$\\CarlsonsymellintRD@{\\NVar{x}}{\\NVar{y}}{\\NVar{z}}$"}}{"expression":{"xml-id":"C19.S16.E2.m2adec","tex":"$R_{J}\\left(\\NVar{x},\\NVar{y},\\NVar{z},\\NVar{p}\\right)$","context":{"chapter-title":"Elliptic Integrals","chapter-xmlid":"C19"},"content-tex":"$\\CarlsonsymellintRJ@{\\NVar{x}}{\\NVar{y}}{\\NVar{z}}{\\NVar{p}}$"}}{"equation":{"symbols-used":[{"symbol":{"tex":"$R_{J}\\left(\\NVar{x},\\NVar{y},\\NVar{z},\\NVar{p}\\right)$","meaning":"symmetric elliptic integral of third kind","idref":"C19.S16.E2","content-tex":"$\\CarlsonsymellintRJ@{\\NVar{x}}{\\NVar{y}}{\\NVar{z}}{\\NVar{p}}$"}}],"xml-id":"C19.S20.E7","tex":"$R_{J}\\left(x,y,z,p\\right)\\to+\\infty,$","context":{"sentence-num-in-corpus":"11407","subsection-xmlid":"C19.S20.SS3","sentence-xmlid":"C19.S20.SS3.p1.s2","chapter-title":"Elliptic Integrals","chapter-xmlid":"C19","section-title":"Special Cases","sentence-num-in-chapter":"310","section-xmlid":"C19.S20","sentence-num-in-section":"7","para-num-of-sentences":"8","para-xmlid":"C19.S20.SS3.p1","subsection-title":"<Math mode=\"inline\" xml:id=\"C19.S20.SS3.m1\">R_{J}\\left(x,y,z,p\\right)<\/Math>"},"permalink":"http:\/\/dlmf.nist.gov\/19.20.E7","equation-number":"19.20.7","constraints":{"tex":"$p\\to 0+$ or $0-$; $x,y,z>0$."},"content-tex":"$\\CarlsonsymellintRJ@{x}{y}{z}{p}\\to+\\infty,$"}}{"equation":{"symbols-used":[{"symbol":{"tex":"$R_{C}\\left(\\NVar{x},\\NVar{y}\\right)$","meaning":"Carlson\u2019s combination of inverse circular and inverse hyperbolic functions","idref":"C19.S2.E17","content-tex":"$\\CarlsonellintRC@{\\NVar{x}}{\\NVar{y}}$"}},{"symbol":{"tex":"$R_{D}\\left(\\NVar{x},\\NVar{y},\\NVar{z}\\right)$","meaning":"elliptic integral symmetric in only two variables","idref":"C19.S16.E5","content-tex":"$\\CarlsonsymellintRD@{\\NVar{x}}{\\NVar{y}}{\\NVar{z}}$"}},{"symbol":{"tex":"$R_{J}\\left(\\NVar{x},\\NVar{y},\\NVar{z},\\NVar{p}\\right)$","meaning":"symmetric elliptic integral of third kind","idref":"C19.S16.E2","content-tex":"$\\CarlsonsymellintRJ@{\\NVar{x}}{\\NVar{y}}{\\NVar{z}}{\\NVar{p}}$"}},{"symbol":{"tex":"$\\pi$","meaning":"the ratio of the circumference of a circle to its diameter","idref":"C3.S12.E1","content-tex":"$\\cpi$"}}],"context":{"sentence-num-in-corpus":"11408","subsection-xmlid":"C19.S20.SS3","sentence-xmlid":"C19.S20.SS3.p1.s3","chapter-title":"Elliptic Integrals","chapter-xmlid":"C19","section-title":"Special Cases","sentence-num-in-chapter":"311","section-xmlid":"C19.S20","sentence-num-in-section":"8","para-num-of-sentences":"8","para-xmlid":"C19.S20.SS3.p1","subsection-title":"<Math mode=\"inline\" xml:id=\"C19.S20.SS3.m1\">R_{J}\\left(x,y,z,p\\right)<\/Math>"},"permalink":"http:\/\/dlmf.nist.gov\/19.20.E8","equation-number":"19.20.8","subequations":[{"subequation":{"xml-id":"C19.S20.Ex15","tex":"$R_{J}\\left(0,y,y,p\\right)=\\frac{3\\pi}{2(y\\sqrt{p}+p\\sqrt{y})},$","context":{"chapter-title":"Elliptic Integrals","chapter-xmlid":"C19"},"constraints":{"tex":"$p>0$,"},"content-tex":"$\\CarlsonsymellintRJ@{0}{y}{y}{p}=\\frac{3\\pi}{2(y\\sqrt{p}+p\\sqrt{y})},$"}},{"subequation":{"xml-id":"C19.S20.Ex16","tex":"$R_{J}\\left(0,y,y,-q\\right)=\\frac{-3\\pi}{2\\sqrt{y}(y+q)},$","context":{"chapter-title":"Elliptic Integrals","chapter-xmlid":"C19"},"constraints":{"tex":"$q>0$,"},"content-tex":"$\\CarlsonsymellintRJ@{0}{y}{y}{-q}=\\frac{-3\\pi}{2\\sqrt{y}(y+q)},$"}},{"subequation":{"xml-id":"C19.S20.Ex17","tex":"$R_{J}\\left(x,y,y,p\\right)=\\frac{3}{p-y}(R_{C}\\left(x,y\\right)-R_{C}\\left(x,p \\right)),$","context":{"chapter-title":"Elliptic Integrals","chapter-xmlid":"C19"},"constraints":{"tex":"$p\\neq y$,"},"content-tex":"$\\CarlsonsymellintRJ@{x}{y}{y}{p}=\\frac{3}{p-y}(\\CarlsonellintRC@{x}{y}- \\CarlsonellintRC@{x}{p}),$"}},{"subequation":{"xml-id":"C19.S20.Ex18","tex":"$R_{J}\\left(x,y,y,y\\right)=R_{D}\\left(x,y,y\\right).$","context":{"chapter-title":"Elliptic Integrals","chapter-xmlid":"C19"},"content-tex":"$\\CarlsonsymellintRJ@{x}{y}{y}{y}=\\CarlsonsymellintRD@{x}{y}{y}.$"}}]}}{"expression":{"xml-id":"C19.S2.E17.m2acdec","tex":"$R_{C}\\left(\\NVar{x},\\NVar{y}\\right)$","context":{"chapter-title":"Elliptic Integrals","chapter-xmlid":"C19"},"content-tex":"$\\CarlsonellintRC@{\\NVar{x}}{\\NVar{y}}$"}}{"expression":{"xml-id":"C19.S16.E5.m2aadec","tex":"$R_{D}\\left(\\NVar{x},\\NVar{y},\\NVar{z}\\right)$","context":{"chapter-title":"Elliptic Integrals","chapter-xmlid":"C19"},"content-tex":"$\\CarlsonsymellintRD@{\\NVar{x}}{\\NVar{y}}{\\NVar{z}}$"}}{"expression":{"xml-id":"C19.S16.E2.m2abdec","tex":"$R_{J}\\left(\\NVar{x},\\NVar{y},\\NVar{z},\\NVar{p}\\right)$","context":{"chapter-title":"Elliptic Integrals","chapter-xmlid":"C19"},"content-tex":"$\\CarlsonsymellintRJ@{\\NVar{x}}{\\NVar{y}}{\\NVar{z}}{\\NVar{p}}$"}}{"expression":{"xml-id":"C3.S12.E1.m2acdec","tex":"$\\pi$","context":{"chapter-title":"Elliptic Integrals","chapter-xmlid":"C19"},"content-tex":"$\\cpi$"}}{"equation":{"symbols-used":[{"symbol":{"tex":"$R_{F}\\left(\\NVar{x},\\NVar{y},\\NVar{z}\\right)$","meaning":"symmetric elliptic integral of first kind","idref":"C19.S16.E1","content-tex":"$\\CarlsonsymellintRF@{\\NVar{x}}{\\NVar{y}}{\\NVar{z}}$"}},{"symbol":{"tex":"$R_{J}\\left(\\NVar{x},\\NVar{y},\\NVar{z},\\NVar{p}\\right)$","meaning":"symmetric elliptic integral of third kind","idref":"C19.S16.E2","content-tex":"$\\CarlsonsymellintRJ@{\\NVar{x}}{\\NVar{y}}{\\NVar{z}}{\\NVar{p}}$"}}],"xml-id":"C19.S20.E9","tex":"$R_{J}\\left(0,y,z,\\pm\\sqrt{yz}\\right)=\\pm\\frac{3}{2\\sqrt{yz}}R_{F}\\left(0,y,z \\right).$","context":{"sentence-num-in-corpus":"11409","subsection-xmlid":"C19.S20.SS3","sentence-xmlid":"C19.S20.SS3.p1.s4","chapter-title":"Elliptic Integrals","chapter-xmlid":"C19","section-title":"Special Cases","sentence-num-in-chapter":"312","section-xmlid":"C19.S20","sentence-num-in-section":"9","para-num-of-sentences":"8","para-xmlid":"C19.S20.SS3.p1","subsection-title":"<Math mode=\"inline\" xml:id=\"C19.S20.SS3.m1\">R_{J}\\left(x,y,z,p\\right)<\/Math>"},"permalink":"http:\/\/dlmf.nist.gov\/19.20.E9","equation-number":"19.20.9","content-tex":"$\\CarlsonsymellintRJ@{0}{y}{z}{\\pm\\sqrt{yz}}=\\pm\\frac{3}{2\\sqrt{yz}} \\CarlsonsymellintRF@{0}{y}{z}.$"}}{"equation":{"symbols-used":[{"symbol":{"tex":"$R_{D}\\left(\\NVar{x},\\NVar{y},\\NVar{z}\\right)$","meaning":"elliptic integral symmetric in only two variables","idref":"C19.S16.E5","content-tex":"$\\CarlsonsymellintRD@{\\NVar{x}}{\\NVar{y}}{\\NVar{z}}$"}},{"symbol":{"tex":"$R_{G}\\left(\\NVar{x},\\NVar{y},\\NVar{z}\\right)$","meaning":"symmetric elliptic integral of second kind","idref":"C19.S16.E3","content-tex":"$\\CarlsonsymellintRG@{\\NVar{x}}{\\NVar{y}}{\\NVar{z}}$"}},{"symbol":{"tex":"$R_{J}\\left(\\NVar{x},\\NVar{y},\\NVar{z},\\NVar{p}\\right)$","meaning":"symmetric elliptic integral of third kind","idref":"C19.S16.E2","content-tex":"$\\CarlsonsymellintRJ@{\\NVar{x}}{\\NVar{y}}{\\NVar{z}}{\\NVar{p}}$"}},{"symbol":{"tex":"$\\pi$","meaning":"the ratio of the circumference of a circle to its diameter","idref":"C3.S12.E1","content-tex":"$\\cpi$"}}],"context":{"sentence-num-in-corpus":"11410","subsection-xmlid":"C19.S20.SS3","sentence-xmlid":"C19.S20.SS3.p1.s5","chapter-title":"Elliptic Integrals","chapter-xmlid":"C19","section-title":"Special Cases","sentence-num-in-chapter":"313","section-xmlid":"C19.S20","sentence-num-in-section":"10","para-num-of-sentences":"8","para-xmlid":"C19.S20.SS3.p1","subsection-title":"<Math mode=\"inline\" xml:id=\"C19.S20.SS3.m1\">R_{J}\\left(x,y,z,p\\right)<\/Math>"},"permalink":"http:\/\/dlmf.nist.gov\/19.20.E10","equation-number":"19.20.10","subequations":[{"subequation":{"xml-id":"C19.S20.Ex19","tex":"$\\lim_{p\\to 0+}\\sqrt{p}R_{J}\\left(0,y,z,p\\right)=\\frac{3\\pi}{2\\sqrt{yz}},$","context":{"chapter-title":"Elliptic Integrals","chapter-xmlid":"C19"},"content-tex":"$\\lim_{p\\to 0+}\\sqrt{p}\\CarlsonsymellintRJ@{0}{y}{z}{p}=\\frac{3\\pi}{2\\sqrt{yz}},$"}},{"subequation":{"xml-id":"C19.S20.Ex20","tex":"$\\lim_{p\\to 0-}R_{J}\\left(0,y,z,p\\right)={-R_{D}\\left(0,y,z\\right)-R_{D}\\left(0 ,z,y\\right)}=\\frac{-6}{yz}R_{G}\\left(0,y,z\\right).$","context":{"chapter-title":"Elliptic Integrals","chapter-xmlid":"C19"},"content-tex":"$\\lim_{p\\to 0-}\\CarlsonsymellintRJ@{0}{y}{z}{p}={-\\CarlsonsymellintRD@{0}{y}{z} -\\CarlsonsymellintRD@{0}{z}{y}}=\\frac{-6}{yz}\\CarlsonsymellintRG@{0}{y}{z}.$"}}]}}{"expression":{"xml-id":"C19.S16.E5.m2abdec","tex":"$R_{D}\\left(\\NVar{x},\\NVar{y},\\NVar{z}\\right)$","context":{"chapter-title":"Elliptic Integrals","chapter-xmlid":"C19"},"content-tex":"$\\CarlsonsymellintRD@{\\NVar{x}}{\\NVar{y}}{\\NVar{z}}$"}}{"expression":{"xml-id":"C19.S16.E3.m2abdec","tex":"$R_{G}\\left(\\NVar{x},\\NVar{y},\\NVar{z}\\right)$","context":{"chapter-title":"Elliptic Integrals","chapter-xmlid":"C19"},"content-tex":"$\\CarlsonsymellintRG@{\\NVar{x}}{\\NVar{y}}{\\NVar{z}}$"}}{"expression":{"xml-id":"C19.S16.E2.m2addec","tex":"$R_{J}\\left(\\NVar{x},\\NVar{y},\\NVar{z},\\NVar{p}\\right)$","context":{"chapter-title":"Elliptic Integrals","chapter-xmlid":"C19"},"content-tex":"$\\CarlsonsymellintRJ@{\\NVar{x}}{\\NVar{y}}{\\NVar{z}}{\\NVar{p}}$"}}{"expression":{"xml-id":"C3.S12.E1.m2addec","tex":"$\\pi$","context":{"chapter-title":"Elliptic Integrals","chapter-xmlid":"C19"},"content-tex":"$\\cpi$"}}{"equation":{"symbols-used":[{"symbol":{"tex":"$R_{J}\\left(\\NVar{x},\\NVar{y},\\NVar{z},\\NVar{p}\\right)$","meaning":"symmetric elliptic integral of third kind","idref":"C19.S16.E2","content-tex":"$\\CarlsonsymellintRJ@{\\NVar{x}}{\\NVar{y}}{\\NVar{z}}{\\NVar{p}}$"}},{"symbol":{"tex":"$\\sim$","meaning":"asymptotic equality","idref":"C2.S1.E1","content-tex":"$\\asympeq$"}},{"symbol":{"tex":"$\\ln\\NVar{z}$","meaning":"principal branch of logarithm function","idref":"C4.S2.E2","content-tex":"$\\ln@@{\\NVar{z}}$"}}],"xml-id":"C19.S20.E11","tex":"$R_{J}\\left(0,y,z,p\\right)\\sim\\frac{3}{2p\\sqrt{z}}\\ln\\left(\\frac{16z}{y}\\right),$","context":{"sentence-num-in-corpus":"11411","subsection-xmlid":"C19.S20.SS3","sentence-xmlid":"C19.S20.SS3.p1.s6","chapter-title":"Elliptic Integrals","chapter-xmlid":"C19","section-title":"Special Cases","sentence-num-in-chapter":"314","section-xmlid":"C19.S20","sentence-num-in-section":"11","para-num-of-sentences":"8","para-xmlid":"C19.S20.SS3.p1","subsection-title":"<Math mode=\"inline\" xml:id=\"C19.S20.SS3.m1\">R_{J}\\left(x,y,z,p\\right)<\/Math>"},"permalink":"http:\/\/dlmf.nist.gov\/19.20.E11","equation-number":"19.20.11","constraints":{"tex":"$y\\to 0+$; $p$ ($\\neq 0$) real."},"content-tex":"$\\CarlsonsymellintRJ@{0}{y}{z}{p}\\asympeq\\frac{3}{2p\\sqrt{z}}\\ln@@{\\left(\\frac{ 16z}{y}\\right)},$"}}{"equation":{"symbols-used":[{"symbol":{"tex":"$R_{F}\\left(\\NVar{x},\\NVar{y},\\NVar{z}\\right)$","meaning":"symmetric elliptic integral of first kind","idref":"C19.S16.E1","content-tex":"$\\CarlsonsymellintRF@{\\NVar{x}}{\\NVar{y}}{\\NVar{z}}$"}},{"symbol":{"tex":"$R_{J}\\left(\\NVar{x},\\NVar{y},\\NVar{z},\\NVar{p}\\right)$","meaning":"symmetric elliptic integral of third kind","idref":"C19.S16.E2","content-tex":"$\\CarlsonsymellintRJ@{\\NVar{x}}{\\NVar{y}}{\\NVar{z}}{\\NVar{p}}$"}}],"xml-id":"C19.S20.E12","tex":"$\\lim_{p\\to\\pm\\infty}pR_{J}\\left(x,y,z,p\\right)=3R_{F}\\left(x,y,z\\right).$","context":{"sentence-num-in-corpus":"11412","subsection-xmlid":"C19.S20.SS3","sentence-xmlid":"C19.S20.SS3.p1.s7","chapter-title":"Elliptic Integrals","chapter-xmlid":"C19","section-title":"Special Cases","sentence-num-in-chapter":"315","section-xmlid":"C19.S20","sentence-num-in-section":"12","para-num-of-sentences":"8","para-xmlid":"C19.S20.SS3.p1","subsection-title":"<Math mode=\"inline\" xml:id=\"C19.S20.SS3.m1\">R_{J}\\left(x,y,z,p\\right)<\/Math>"},"permalink":"http:\/\/dlmf.nist.gov\/19.20.E12","equation-number":"19.20.12","content-tex":"$\\lim_{p\\to\\pm\\infty}p\\CarlsonsymellintRJ@{x}{y}{z}{p}=3\\CarlsonsymellintRF@{x} {y}{z}.$"}}{"equation":{"symbols-used":[{"symbol":{"tex":"$R_{C}\\left(\\NVar{x},\\NVar{y}\\right)$","meaning":"Carlson\u2019s combination of inverse circular and inverse hyperbolic functions","idref":"C19.S2.E17","content-tex":"$\\CarlsonellintRC@{\\NVar{x}}{\\NVar{y}}$"}},{"symbol":{"tex":"$R_{F}\\left(\\NVar{x},\\NVar{y},\\NVar{z}\\right)$","meaning":"symmetric elliptic integral of first kind","idref":"C19.S16.E1","content-tex":"$\\CarlsonsymellintRF@{\\NVar{x}}{\\NVar{y}}{\\NVar{z}}$"}},{"symbol":{"tex":"$R_{J}\\left(\\NVar{x},\\NVar{y},\\NVar{z},\\NVar{p}\\right)$","meaning":"symmetric elliptic integral of third kind","idref":"C19.S16.E2","content-tex":"$\\CarlsonsymellintRJ@{\\NVar{x}}{\\NVar{y}}{\\NVar{z}}{\\NVar{p}}$"}}],"xml-id":"C19.S20.E13","tex":"$2(p-x)R_{J}\\left(x,y,z,p\\right)=3R_{F}\\left(x,y,z\\right)-3\\sqrt{x}R_{C}\\left( yz,p^{2}\\right),$","context":{"sentence-num-in-corpus":"11413","subsection-xmlid":"C19.S20.SS3","sentence-xmlid":"C19.S20.SS3.p1.s8","chapter-title":"Elliptic Integrals","chapter-xmlid":"C19","section-title":"Special Cases","sentence-num-in-chapter":"316","section-xmlid":"C19.S20","sentence-num-in-section":"13","para-num-of-sentences":"8","para-xmlid":"C19.S20.SS3.p1","subsection-title":"<Math mode=\"inline\" xml:id=\"C19.S20.SS3.m1\">R_{J}\\left(x,y,z,p\\right)<\/Math>"},"permalink":"http:\/\/dlmf.nist.gov\/19.20.E13","equation-number":"19.20.13","constraints":{"tex":"$p=x\\pm\\sqrt{(y-x)(z-x)}$,"},"content-tex":"$2(p-x)\\CarlsonsymellintRJ@{x}{y}{z}{p}=3\\CarlsonsymellintRF@{x}{y}{z}-3\\sqrt{x }\\CarlsonellintRC@{yz}{p^{2}},$"}}{"expression":{"xml-id":"C19.S20.SS3.p1.m1","tex":"$x,y,z$","context":{"sentence-num-in-corpus":"11413","subsection-xmlid":"C19.S20.SS3","sentence-xmlid":"C19.S20.SS3.p1.s8","chapter-title":"Elliptic Integrals","chapter-xmlid":"C19","section-title":"Special Cases","sentence-num-in-chapter":"316","section-xmlid":"C19.S20","sentence-num-in-section":"13","para-num-of-sentences":"8","para-xmlid":"C19.S20.SS3.p1","subsection-title":"<Math mode=\"inline\" xml:id=\"C19.S20.SS3.m1\">R_{J}\\left(x,y,z,p\\right)<\/Math>"}}}{"expression":{"xml-id":"C19.S20.SS3.p2.m1","tex":"$R_{J}\\left(x,y,z,p\\right)$","context":{"sentence-num-in-corpus":"11414","subsection-xmlid":"C19.S20.SS3","sentence-xmlid":"C19.S20.SS3.p2.s1","chapter-title":"Elliptic Integrals","chapter-xmlid":"C19","section-title":"Special Cases","sentence-num-in-chapter":"317","section-xmlid":"C19.S20","sentence-num-in-section":"14","para-num-of-sentences":"5","para-xmlid":"C19.S20.SS3.p2","subsection-title":"<Math mode=\"inline\" xml:id=\"C19.S20.SS3.m1\">R_{J}\\left(x,y,z,p\\right)<\/Math>"},"content-tex":"$\\CarlsonsymellintRJ@{x}{y}{z}{p}$"}}{"expression":{"xml-id":"C19.S20.SS3.p2.m2","tex":"$(p-x)(p-y)(p-z)$","context":{"sentence-num-in-corpus":"11414","subsection-xmlid":"C19.S20.SS3","sentence-xmlid":"C19.S20.SS3.p2.s1","chapter-title":"Elliptic Integrals","chapter-xmlid":"C19","section-title":"Special Cases","sentence-num-in-chapter":"317","section-xmlid":"C19.S20","sentence-num-in-section":"14","para-num-of-sentences":"5","para-xmlid":"C19.S20.SS3.p2","subsection-title":"<Math mode=\"inline\" xml:id=\"C19.S20.SS3.m1\">R_{J}\\left(x,y,z,p\\right)<\/Math>"}}}{"expression":{"xml-id":"C19.S20.SS3.p2.m3","tex":"$x,y,z$","context":{"sentence-num-in-corpus":"11416","subsection-xmlid":"C19.S20.SS3","sentence-xmlid":"C19.S20.SS3.p2.s3","chapter-title":"Elliptic Integrals","chapter-xmlid":"C19","section-title":"Special Cases","sentence-num-in-chapter":"319","section-xmlid":"C19.S20","sentence-num-in-section":"16","para-num-of-sentences":"5","para-xmlid":"C19.S20.SS3.p2","subsection-title":"<Math mode=\"inline\" xml:id=\"C19.S20.SS3.m1\">R_{J}\\left(x,y,z,p\\right)<\/Math>"}}}{"expression":{"xml-id":"C19.S20.SS3.p2.m4","tex":"$0\\leq x<y<z$","context":{"sentence-num-in-corpus":"11416","subsection-xmlid":"C19.S20.SS3","sentence-xmlid":"C19.S20.SS3.p2.s3","chapter-title":"Elliptic Integrals","chapter-xmlid":"C19","section-title":"Special Cases","sentence-num-in-chapter":"319","section-xmlid":"C19.S20","sentence-num-in-section":"16","para-num-of-sentences":"5","para-xmlid":"C19.S20.SS3.p2","subsection-title":"<Math mode=\"inline\" xml:id=\"C19.S20.SS3.m1\">R_{J}\\left(x,y,z,p\\right)<\/Math>"}}}{"expression":{"xml-id":"C19.S20.SS3.p2.m5","tex":"$R_{J}$","context":{"sentence-num-in-corpus":"11416","subsection-xmlid":"C19.S20.SS3","sentence-xmlid":"C19.S20.SS3.p2.s3","chapter-title":"Elliptic Integrals","chapter-xmlid":"C19","section-title":"Special Cases","sentence-num-in-chapter":"319","section-xmlid":"C19.S20","sentence-num-in-section":"16","para-num-of-sentences":"5","para-xmlid":"C19.S20.SS3.p2","subsection-title":"<Math mode=\"inline\" xml:id=\"C19.S20.SS3.m1\">R_{J}\\left(x,y,z,p\\right)<\/Math>"},"content-tex":"$\\CarlsonsymellintRJ$"}}{"equation":{"symbols-used":[{"symbol":{"tex":"$R_{C}\\left(\\NVar{x},\\NVar{y}\\right)$","meaning":"Carlson\u2019s combination of inverse circular and inverse hyperbolic functions","idref":"C19.S2.E17","content-tex":"$\\CarlsonellintRC@{\\NVar{x}}{\\NVar{y}}$"}},{"symbol":{"tex":"$R_{F}\\left(\\NVar{x},\\NVar{y},\\NVar{z}\\right)$","meaning":"symmetric elliptic integral of first kind","idref":"C19.S16.E1","content-tex":"$\\CarlsonsymellintRF@{\\NVar{x}}{\\NVar{y}}{\\NVar{z}}$"}},{"symbol":{"tex":"$R_{J}\\left(\\NVar{x},\\NVar{y},\\NVar{z},\\NVar{p}\\right)$","meaning":"symmetric elliptic integral of third kind","idref":"C19.S16.E2","content-tex":"$\\CarlsonsymellintRJ@{\\NVar{x}}{\\NVar{y}}{\\NVar{z}}{\\NVar{p}}$"}}],"xml-id":"C19.S20.E14","tex":"$(q+z)R_{J}\\left(x,y,z,-q\\right)=(p-z)R_{J}\\left(x,y,z,p\\right)-3R_{F}\\left(x,y ,z\\right)+3\\left(\\frac{xyz}{xy+pq}\\right)^{1\/2}R_{C}\\left(xy+pq,pq\\right),$","context":{"sentence-num-in-corpus":"11416","subsection-xmlid":"C19.S20.SS3","sentence-xmlid":"C19.S20.SS3.p2.s3","chapter-title":"Elliptic Integrals","chapter-xmlid":"C19","section-title":"Special Cases","sentence-num-in-chapter":"319","section-xmlid":"C19.S20","sentence-num-in-section":"16","para-num-of-sentences":"5","para-xmlid":"C19.S20.SS3.p2","subsection-title":"<Math mode=\"inline\" xml:id=\"C19.S20.SS3.m1\">R_{J}\\left(x,y,z,p\\right)<\/Math>"},"permalink":"http:\/\/dlmf.nist.gov\/19.20.E14","equation-number":"19.20.14","content-tex":"$(q+z)\\CarlsonsymellintRJ@{x}{y}{z}{-q}=(p-z)\\CarlsonsymellintRJ@{x}{y}{z}{p}-3 \\CarlsonsymellintRF@{x}{y}{z}+3\\left(\\frac{xyz}{xy+pq}\\right)^{1\/2} \\CarlsonellintRC@{xy+pq}{pq},$"}}{"equation":{"context":{"sentence-num-in-corpus":"11416","subsection-xmlid":"C19.S20.SS3","sentence-xmlid":"C19.S20.SS3.p2.s3","chapter-title":"Elliptic Integrals","chapter-xmlid":"C19","section-title":"Special Cases","sentence-num-in-chapter":"319","section-xmlid":"C19.S20","sentence-num-in-section":"16","para-num-of-sentences":"5","para-xmlid":"C19.S20.SS3.p2","subsection-title":"<Math mode=\"inline\" xml:id=\"C19.S20.SS3.m1\">R_{J}\\left(x,y,z,p\\right)<\/Math>"},"permalink":"http:\/\/dlmf.nist.gov\/19.20.E15","equation-number":"19.20.15","subequations":[{"subequation":{"xml-id":"C19.S20.Ex21","tex":"$q>0,$","context":{"chapter-title":"Elliptic Integrals","chapter-xmlid":"C19"}}},{"subequation":{"xml-id":"C19.S20.Ex22","tex":"$p=\\frac{z(x+y+q)-xy}{z+q},$","context":{"chapter-title":"Elliptic Integrals","chapter-xmlid":"C19"}}}]}}{"equation":{"context":{"sentence-num-in-corpus":"11416","subsection-xmlid":"C19.S20.SS3","sentence-xmlid":"C19.S20.SS3.p2.s3","chapter-title":"Elliptic Integrals","chapter-xmlid":"C19","section-title":"Special Cases","sentence-num-in-chapter":"319","section-xmlid":"C19.S20","sentence-num-in-section":"16","para-num-of-sentences":"5","para-xmlid":"C19.S20.SS3.p2","subsection-title":"<Math mode=\"inline\" xml:id=\"C19.S20.SS3.m1\">R_{J}\\left(x,y,z,p\\right)<\/Math>"},"permalink":"http:\/\/dlmf.nist.gov\/19.20.E16","equation-number":"19.20.16","subequations":[{"subequation":{"xml-id":"C19.S20.Ex23","tex":"$p=wy+(1-w)z,$","context":{"chapter-title":"Elliptic Integrals","chapter-xmlid":"C19"}}},{"subequation":{"xml-id":"C19.S20.Ex24","tex":"$w=\\frac{z-x}{z+q},$","context":{"chapter-title":"Elliptic Integrals","chapter-xmlid":"C19"}}},{"subequation":{"xml-id":"C19.S20.Ex25","tex":"$0<w<1.$","context":{"chapter-title":"Elliptic Integrals","chapter-xmlid":"C19"}}}]}}{"expression":{"xml-id":"C19.S20.SS3.p2.m6","tex":"$x<y<p<z$","context":{"sentence-num-in-corpus":"11417","subsection-xmlid":"C19.S20.SS3","sentence-xmlid":"C19.S20.SS3.p2.s4","chapter-title":"Elliptic Integrals","chapter-xmlid":"C19","section-title":"Special Cases","sentence-num-in-chapter":"320","section-xmlid":"C19.S20","sentence-num-in-section":"17","para-num-of-sentences":"5","para-xmlid":"C19.S20.SS3.p2","subsection-title":"<Math mode=\"inline\" xml:id=\"C19.S20.SS3.m1\">R_{J}\\left(x,y,z,p\\right)<\/Math>"}}}{"expression":{"xml-id":"C19.S20.SS3.p2.m7","tex":"$p$","context":{"sentence-num-in-corpus":"11417","subsection-xmlid":"C19.S20.SS3","sentence-xmlid":"C19.S20.SS3.p2.s4","chapter-title":"Elliptic Integrals","chapter-xmlid":"C19","section-title":"Special Cases","sentence-num-in-chapter":"320","section-xmlid":"C19.S20","sentence-num-in-section":"17","para-num-of-sentences":"5","para-xmlid":"C19.S20.SS3.p2","subsection-title":"<Math mode=\"inline\" xml:id=\"C19.S20.SS3.m1\">R_{J}\\left(x,y,z,p\\right)<\/Math>"}}}{"expression":{"xml-id":"C19.S20.SS3.p2.m8","tex":"$x=0$","context":{"sentence-num-in-corpus":"11418","subsection-xmlid":"C19.S20.SS3","sentence-xmlid":"C19.S20.SS3.p2.s5","chapter-title":"Elliptic Integrals","chapter-xmlid":"C19","section-title":"Special Cases","sentence-num-in-chapter":"321","section-xmlid":"C19.S20","sentence-num-in-section":"18","para-num-of-sentences":"5","para-xmlid":"C19.S20.SS3.p2","subsection-title":"<Math mode=\"inline\" xml:id=\"C19.S20.SS3.m1\">R_{J}\\left(x,y,z,p\\right)<\/Math>"}}}{"equation":{"symbols-used":[{"symbol":{"tex":"$R_{F}\\left(\\NVar{x},\\NVar{y},\\NVar{z}\\right)$","meaning":"symmetric elliptic integral of first kind","idref":"C19.S16.E1","content-tex":"$\\CarlsonsymellintRF@{\\NVar{x}}{\\NVar{y}}{\\NVar{z}}$"}},{"symbol":{"tex":"$R_{J}\\left(\\NVar{x},\\NVar{y},\\NVar{z},\\NVar{p}\\right)$","meaning":"symmetric elliptic integral of third kind","idref":"C19.S16.E2","content-tex":"$\\CarlsonsymellintRJ@{\\NVar{x}}{\\NVar{y}}{\\NVar{z}}{\\NVar{p}}$"}}],"xml-id":"C19.S20.E17","tex":"$(q+z)R_{J}\\left(0,y,z,-q\\right)=(p-z)R_{J}\\left(0,y,z,p\\right)-3R_{F}\\left(0,y ,z\\right),$","context":{"sentence-num-in-corpus":"11418","subsection-xmlid":"C19.S20.SS3","sentence-xmlid":"C19.S20.SS3.p2.s5","chapter-title":"Elliptic Integrals","chapter-xmlid":"C19","section-title":"Special Cases","sentence-num-in-chapter":"321","section-xmlid":"C19.S20","sentence-num-in-section":"18","para-num-of-sentences":"5","para-xmlid":"C19.S20.SS3.p2","subsection-title":"<Math mode=\"inline\" xml:id=\"C19.S20.SS3.m1\">R_{J}\\left(x,y,z,p\\right)<\/Math>"},"permalink":"http:\/\/dlmf.nist.gov\/19.20.E17","equation-number":"19.20.17","constraints":{"tex":"$p=z(y+q)\/(z+q)$, $w=z\/(z+q)$."},"content-tex":"$(q+z)\\CarlsonsymellintRJ@{0}{y}{z}{-q}=(p-z)\\CarlsonsymellintRJ@{0}{y}{z}{p}-3 \\CarlsonsymellintRF@{0}{y}{z},$"}}{"expression":{"xml-id":"C19.S20.SS4.m1","tex":"$R_{D}\\left(x,y,z\\right)$","context":{"subsection-xmlid":"C19.S20.SS4","chapter-title":"Elliptic Integrals","chapter-xmlid":"C19","section-title":"Special Cases","section-xmlid":"C19.S20","subsection-title":"<Math mode=\"inline\" xml:id=\"C19.S20.SS4.m1\">R_{D}\\left(x,y,z\\right)<\/Math>"},"content-tex":"$\\CarlsonsymellintRD@{x}{y}{z}$"}}{"expression":{"xml-id":"C19.S20.SS4.m2","tex":"$R_{D}\\left(x,y,z\\right)$","context":{"chapter-title":"Elliptic Integrals","chapter-xmlid":"C19"},"content-tex":"$\\CarlsonsymellintRD@{x}{y}{z}$"}}{"expression":{"xml-id":"C19.S20.SS4.info.m1","tex":"$t=y{\\tan^{2}}\\theta$","context":{"chapter-title":"Elliptic Integrals","chapter-xmlid":"C19"},"content-tex":"$t=y\\tan^{2}@@{\\theta}$"}}{"expression":{"xml-id":"C19.S20.SS4.info.m2","tex":"$t=1\/\\sqrt{s+1}$","context":{"chapter-title":"Elliptic Integrals","chapter-xmlid":"C19"}}}{"expression":{"xml-id":"C19.S20.SS4.info.m3","tex":"$t^{4}$","context":{"chapter-title":"Elliptic Integrals","chapter-xmlid":"C19"}}}{"expression":{"xml-id":"C19.S20.SS4.info.m4","tex":"$t$","context":{"chapter-title":"Elliptic Integrals","chapter-xmlid":"C19"}}}{"equation":{"symbols-used":[{"symbol":{"tex":"$R_{D}\\left(\\NVar{x},\\NVar{y},\\NVar{z}\\right)$","meaning":"elliptic integral symmetric in only two variables","idref":"C19.S16.E5","content-tex":"$\\CarlsonsymellintRD@{\\NVar{x}}{\\NVar{y}}{\\NVar{z}}$"}},{"symbol":{"tex":"$\\pi$","meaning":"the ratio of the circumference of a circle to its diameter","idref":"C3.S12.E1","content-tex":"$\\cpi$"}}],"context":{"sentence-num-in-corpus":"11419","subsection-xmlid":"C19.S20.SS4","sentence-xmlid":"C19.S20.SS4.p1.s1","chapter-title":"Elliptic Integrals","chapter-xmlid":"C19","section-title":"Special Cases","sentence-num-in-chapter":"322","section-xmlid":"C19.S20","sentence-num-in-section":"19","para-num-of-sentences":"3","para-xmlid":"C19.S20.SS4.p1","subsection-title":"<Math mode=\"inline\" xml:id=\"C19.S20.SS4.m1\">R_{D}\\left(x,y,z\\right)<\/Math>"},"permalink":"http:\/\/dlmf.nist.gov\/19.20.E18","equation-number":"19.20.18","subequations":[{"subequation":{"xml-id":"C19.S20.Ex26","tex":"$R_{D}\\left(x,x,x\\right)=x^{-3\/2},$","context":{"chapter-title":"Elliptic Integrals","chapter-xmlid":"C19"},"content-tex":"$\\CarlsonsymellintRD@{x}{x}{x}=x^{-3\/2},$"}},{"subequation":{"xml-id":"C19.S20.Ex27","tex":"$R_{D}\\left(\\lambda x,\\lambda y,\\lambda z\\right)=\\lambda^{-3\/2}R_{D}\\left(x,y,z \\right),$","context":{"chapter-title":"Elliptic Integrals","chapter-xmlid":"C19"},"content-tex":"$\\CarlsonsymellintRD@{\\lambda x}{\\lambda y}{\\lambda z}=\\lambda^{-3\/2} \\CarlsonsymellintRD@{x}{y}{z},$"}},{"subequation":{"xml-id":"C19.S20.Ex28","tex":"$R_{D}\\left(0,y,y\\right)=\\tfrac{3}{4}\\pi\\,y^{-3\/2},$","context":{"chapter-title":"Elliptic Integrals","chapter-xmlid":"C19"},"content-tex":"$\\CarlsonsymellintRD@{0}{y}{y}=\\tfrac{3}{4}\\pi\\,y^{-3\/2},$"}},{"subequation":{"xml-id":"C19.S20.Ex29","tex":"$R_{D}\\left(0,0,z\\right)=\\infty.$","context":{"chapter-title":"Elliptic Integrals","chapter-xmlid":"C19"},"content-tex":"$\\CarlsonsymellintRD@{0}{0}{z}=\\infty.$"}}]}}{"expression":{"xml-id":"C19.S16.E5.m2acdec","tex":"$R_{D}\\left(\\NVar{x},\\NVar{y},\\NVar{z}\\right)$","context":{"chapter-title":"Elliptic Integrals","chapter-xmlid":"C19"},"content-tex":"$\\CarlsonsymellintRD@{\\NVar{x}}{\\NVar{y}}{\\NVar{z}}$"}}{"expression":{"xml-id":"C3.S12.E1.m2aedec","tex":"$\\pi$","context":{"chapter-title":"Elliptic Integrals","chapter-xmlid":"C19"},"content-tex":"$\\cpi$"}}{"equation":{"symbols-used":[{"symbol":{"tex":"$R_{D}\\left(\\NVar{x},\\NVar{y},\\NVar{z}\\right)$","meaning":"elliptic integral symmetric in only two variables","idref":"C19.S16.E5","content-tex":"$\\CarlsonsymellintRD@{\\NVar{x}}{\\NVar{y}}{\\NVar{z}}$"}},{"symbol":{"tex":"$\\sim$","meaning":"asymptotic equality","idref":"C2.S1.E1","content-tex":"$\\asympeq$"}}],"xml-id":"C19.S20.E19","tex":"$R_{D}\\left(x,y,z\\right)\\sim 3(xyz)^{-1\/2},$","context":{"sentence-num-in-corpus":"11420","subsection-xmlid":"C19.S20.SS4","sentence-xmlid":"C19.S20.SS4.p1.s2","chapter-title":"Elliptic Integrals","chapter-xmlid":"C19","section-title":"Special Cases","sentence-num-in-chapter":"323","section-xmlid":"C19.S20","sentence-num-in-section":"20","para-num-of-sentences":"3","para-xmlid":"C19.S20.SS4.p1","subsection-title":"<Math mode=\"inline\" xml:id=\"C19.S20.SS4.m1\">R_{D}\\left(x,y,z\\right)<\/Math>"},"permalink":"http:\/\/dlmf.nist.gov\/19.20.E19","equation-number":"19.20.19","constraints":{"tex":"$z\/\\sqrt{xy}\\to 0$."},"content-tex":"$\\CarlsonsymellintRD@{x}{y}{z}\\asympeq 3(xyz)^{-1\/2},$"}}{"equation":{"symbols-used":[{"symbol":{"tex":"$R_{C}\\left(\\NVar{x},\\NVar{y}\\right)$","meaning":"Carlson\u2019s combination of inverse circular and inverse hyperbolic functions","idref":"C19.S2.E17","content-tex":"$\\CarlsonellintRC@{\\NVar{x}}{\\NVar{y}}$"}},{"symbol":{"tex":"$R_{D}\\left(\\NVar{x},\\NVar{y},\\NVar{z}\\right)$","meaning":"elliptic integral symmetric in only two variables","idref":"C19.S16.E5","content-tex":"$\\CarlsonsymellintRD@{\\NVar{x}}{\\NVar{y}}{\\NVar{z}}$"}}],"xml-id":"C19.S20.E20","tex":"$R_{D}\\left(x,y,y\\right)=\\frac{3}{2(y-x)}\\left(R_{C}\\left(x,y\\right)-\\frac{ \\sqrt{x}}{y}\\right),$","context":{"sentence-num-in-corpus":"11421","subsection-xmlid":"C19.S20.SS4","sentence-xmlid":"C19.S20.SS4.p1.s3","chapter-title":"Elliptic Integrals","chapter-xmlid":"C19","section-title":"Special Cases","sentence-num-in-chapter":"324","section-xmlid":"C19.S20","sentence-num-in-section":"21","para-num-of-sentences":"3","para-xmlid":"C19.S20.SS4.p1","subsection-title":"<Math mode=\"inline\" xml:id=\"C19.S20.SS4.m1\">R_{D}\\left(x,y,z\\right)<\/Math>"},"permalink":"http:\/\/dlmf.nist.gov\/19.20.E20","equation-number":"19.20.20","constraints":{"tex":"$x\\neq y$, $y\\neq 0$,"},"content-tex":"$\\CarlsonsymellintRD@{x}{y}{y}=\\frac{3}{2(y-x)}\\left(\\CarlsonellintRC@{x}{y}- \\frac{\\sqrt{x}}{y}\\right),$"}}{"equation":{"symbols-used":[{"symbol":{"tex":"$R_{C}\\left(\\NVar{x},\\NVar{y}\\right)$","meaning":"Carlson\u2019s combination of inverse circular and inverse hyperbolic functions","idref":"C19.S2.E17","content-tex":"$\\CarlsonellintRC@{\\NVar{x}}{\\NVar{y}}$"}},{"symbol":{"tex":"$R_{D}\\left(\\NVar{x},\\NVar{y},\\NVar{z}\\right)$","meaning":"elliptic integral symmetric in only two variables","idref":"C19.S16.E5","content-tex":"$\\CarlsonsymellintRD@{\\NVar{x}}{\\NVar{y}}{\\NVar{z}}$"}}],"xml-id":"C19.S20.E21","tex":"$R_{D}\\left(x,x,z\\right)=\\frac{3}{z-x}\\left(R_{C}\\left(z,x\\right)-\\frac{1}{ \\sqrt{z}}\\right),$","context":{"sentence-num-in-corpus":"11421","subsection-xmlid":"C19.S20.SS4","sentence-xmlid":"C19.S20.SS4.p1.s3","chapter-title":"Elliptic Integrals","chapter-xmlid":"C19","section-title":"Special Cases","sentence-num-in-chapter":"324","section-xmlid":"C19.S20","sentence-num-in-section":"21","para-num-of-sentences":"3","para-xmlid":"C19.S20.SS4.p1","subsection-title":"<Math mode=\"inline\" xml:id=\"C19.S20.SS4.m1\">R_{D}\\left(x,y,z\\right)<\/Math>"},"permalink":"http:\/\/dlmf.nist.gov\/19.20.E21","equation-number":"19.20.21","constraints":{"tex":"$x\\neq z$, $xz\\neq 0$."},"content-tex":"$\\CarlsonsymellintRD@{x}{x}{z}=\\frac{3}{z-x}\\left(\\CarlsonellintRC@{z}{x}-\\frac {1}{\\sqrt{z}}\\right),$"}}{"equation":{"symbols-used":[{"symbol":{"tex":"$R_{D}\\left(\\NVar{x},\\NVar{y},\\NVar{z}\\right)$","meaning":"elliptic integral symmetric in only two variables","idref":"C19.S16.E5","content-tex":"$\\CarlsonsymellintRD@{\\NVar{x}}{\\NVar{y}}{\\NVar{z}}$"}},{"symbol":{"tex":"$\\Gamma\\left(\\NVar{z}\\right)$","meaning":"gamma function","idref":"C5.S2.E1","content-tex":"$\\EulerGamma@{\\NVar{z}}$"}},{"symbol":{"tex":"$\\pi$","meaning":"the ratio of the circumference of a circle to its diameter","idref":"C3.S12.E1","content-tex":"$\\cpi$"}},{"symbol":{"tex":"$\\mathrm{d}\\NVar{x}$","meaning":"differential of $x$","idref":"C1.S4.SS4","content-tex":"$\\diff{\\NVar{x}}$"}},{"symbol":{"tex":"$\\int$","meaning":"integral","idref":"C1.S4.SS4"}}],"xml-id":"C19.S20.E22","tex":"$\\int_{0}^{1}\\frac{t^{2}\\mathrm{d}t}{\\sqrt{1-t^{4}}}=\\tfrac{1}{3}R_{D}\\left(0,2 ,1\\right)=\\frac{\\left(\\Gamma\\left(\\frac{3}{4}\\right)\\right)^{2}}{(2\\pi)^{1\/2}} =0.59907\\;01173\\;67796\\;10371\\dots.$","context":{"sentence-num-in-corpus":"11422","subsection-xmlid":"C19.S20.SS4","sentence-xmlid":"C19.S20.SS4.p2.s1","chapter-title":"Elliptic Integrals","chapter-xmlid":"C19","section-title":"Special Cases","sentence-num-in-chapter":"325","section-xmlid":"C19.S20","sentence-num-in-section":"22","para-num-of-sentences":"4","para-xmlid":"C19.S20.SS4.p2","subsection-title":"<Math mode=\"inline\" xml:id=\"C19.S20.SS4.m1\">R_{D}\\left(x,y,z\\right)<\/Math>"},"permalink":"http:\/\/dlmf.nist.gov\/19.20.E22","equation-number":"19.20.22","content-tex":"$\\int_{0}^{1}\\frac{t^{2}\\diff{t}}{\\sqrt{1-t^{4}}}=\\tfrac{1}{3} \\CarlsonsymellintRD@{0}{2}{1}=\\frac{\\left(\\EulerGamma@{\\frac{3}{4}}\\right)^{2} }{(2\\pi)^{1\/2}}=0.59907\\;01173\\;67796\\;10371\\dots.$"}}{"equation":{"symbols-used":[{"symbol":{"tex":"$R_{\\NVar{-a}}\\left(\\NVar{b_{1}},\\dots,\\NVar{b_{n}};\\NVar{z_{1}},\\dots,\\NVar{z_ {n}}\\right)$","meaning":"multivariate hypergeometric function","idref":"C19.S16.E9","content-tex":"$\\Carlsonmultivarhyper{\\NVar{-a}}@{\\NVar{b_{1}},\\dots,\\NVar{b_{n}}}{\\NVar{z_{1} },\\dots,\\NVar{z_{n}}}$"}},{"symbol":{"tex":"$R_{D}\\left(\\NVar{x},\\NVar{y},\\NVar{z}\\right)$","meaning":"elliptic integral symmetric in only two variables","idref":"C19.S16.E5","content-tex":"$\\CarlsonsymellintRD@{\\NVar{x}}{\\NVar{y}}{\\NVar{z}}$"}}],"xml-id":"C19.S20.E23","tex":"$R_{D}\\left(x,y,a\\right)=R_{-\\frac{3}{4}}\\left(\\tfrac{5}{4},\\tfrac{1}{2};a^{2}, xy\\right),$","context":{"sentence-num-in-corpus":"11425","subsection-xmlid":"C19.S20.SS4","sentence-xmlid":"C19.S20.SS4.p2.s4","chapter-title":"Elliptic Integrals","chapter-xmlid":"C19","section-title":"Special Cases","sentence-num-in-chapter":"328","section-xmlid":"C19.S20","sentence-num-in-section":"25","para-num-of-sentences":"4","para-xmlid":"C19.S20.SS4.p2","subsection-title":"<Math mode=\"inline\" xml:id=\"C19.S20.SS4.m1\">R_{D}\\left(x,y,z\\right)<\/Math>"},"permalink":"http:\/\/dlmf.nist.gov\/19.20.E23","equation-number":"19.20.23","constraints":{"tex":"$a=\\tfrac{1}{2}x+\\tfrac{1}{2}y$."},"content-tex":"$\\CarlsonsymellintRD@{x}{y}{a}=\\Carlsonmultivarhyper{-\\frac{3}{4}}@{\\tfrac{5}{4 },\\tfrac{1}{2}}{a^{2},xy},$"}}{"expression":{"xml-id":"C19.S20.SS5.m1","tex":"$R_{-a}\\left(\\mathbf{b};\\mathbf{z}\\right)$","context":{"subsection-xmlid":"C19.S20.SS5","chapter-title":"Elliptic Integrals","chapter-xmlid":"C19","section-title":"Special Cases","section-xmlid":"C19.S20","subsection-title":"<Math mode=\"inline\" xml:id=\"C19.S20.SS5.m1\">R_{-a}\\left(\\mathbf{b};\\mathbf{z}\\right)<\/Math>"},"content-tex":"$\\Carlsonmultivarhyper{-a}@{\\mathbf{b}}{\\mathbf{z}}$"}}{"expression":{"xml-id":"C19.S20.SS5.m2","tex":"$R_{-a}\\left(\\mathbf{b};\\mathbf{z}\\right)$","context":{"chapter-title":"Elliptic Integrals","chapter-xmlid":"C19"},"content-tex":"$\\Carlsonmultivarhyper{-a}@{\\mathbf{b}}{\\mathbf{z}}$"}}{"expression":{"xml-id":"C19.S20.SS5.p1.m1","tex":"$c=\\sum_{j=1}^{n}b_{j}$","context":{"sentence-num-in-corpus":"11426","subsection-xmlid":"C19.S20.SS5","sentence-xmlid":"C19.S20.SS5.p1.s1","chapter-title":"Elliptic Integrals","chapter-xmlid":"C19","section-title":"Special Cases","sentence-num-in-chapter":"329","section-xmlid":"C19.S20","sentence-num-in-section":"26","para-num-of-sentences":"4","para-xmlid":"C19.S20.SS5.p1","subsection-title":"<Math mode=\"inline\" xml:id=\"C19.S20.SS5.m1\">R_{-a}\\left(\\mathbf{b};\\mathbf{z}\\right)<\/Math>"}}}{"equation":{"symbols-used":[{"symbol":{"tex":"$R_{\\NVar{-a}}\\left(\\NVar{b_{1}},\\dots,\\NVar{b_{n}};\\NVar{z_{1}},\\dots,\\NVar{z_ {n}}\\right)$","meaning":"multivariate hypergeometric function","idref":"C19.S16.E9","content-tex":"$\\Carlsonmultivarhyper{\\NVar{-a}}@{\\NVar{b_{1}},\\dots,\\NVar{b_{n}}}{\\NVar{z_{1} },\\dots,\\NVar{z_{n}}}$"}},{"symbol":{"tex":"${\\left(\\NVar{a}\\right)_{\\NVar{n}}}$","meaning":"Pochhammer\u2019s symbol (or shifted factorial)","idref":"C5.S2.SS3","content-tex":"$\\Pochhammersym{\\NVar{a}}{\\NVar{n}}$"}},{"symbol":{"tex":"$!$","meaning":"factorial (as in $n!$ )","idref":"introduction.Sx4.p1.t1.r15"}},{"symbol":{"tex":"$T_{N}(\\mathbf{b},\\mathbf{z})$","meaning":"polynomial","idref":"C19.S19.p1"}}],"context":{"sentence-num-in-corpus":"11427","subsection-xmlid":"C19.S20.SS5","sentence-xmlid":"C19.S20.SS5.p1.s2","chapter-title":"Elliptic Integrals","chapter-xmlid":"C19","section-title":"Special Cases","sentence-num-in-chapter":"330","section-xmlid":"C19.S20","sentence-num-in-section":"27","para-num-of-sentences":"4","para-xmlid":"C19.S20.SS5.p1","subsection-title":"<Math mode=\"inline\" xml:id=\"C19.S20.SS5.m1\">R_{-a}\\left(\\mathbf{b};\\mathbf{z}\\right)<\/Math>"},"permalink":"http:\/\/dlmf.nist.gov\/19.20.E24","equation-number":"19.20.24","subequations":[{"subequation":{"xml-id":"C19.S20.Ex30","tex":"$R_{0}\\left(\\mathbf{b};\\mathbf{z}\\right)=1,$","context":{"chapter-title":"Elliptic Integrals","chapter-xmlid":"C19"},"content-tex":"$\\Carlsonmultivarhyper{0}@{\\mathbf{b}}{\\mathbf{z}}=1,$"}},{"subequation":{"xml-id":"C19.S20.Ex31","tex":"$R_{N}\\left(\\mathbf{b};\\mathbf{z}\\right)=\\frac{N!}{{\\left(c\\right)_{N}}}T_{N}( \\mathbf{b},\\mathbf{z}),$","context":{"chapter-title":"Elliptic Integrals","chapter-xmlid":"C19"},"constraints":{"tex":"$N=0,1,2,\\dots$,"},"content-tex":"$\\Carlsonmultivarhyper{N}@{\\mathbf{b}}{\\mathbf{z}}=\\frac{N!}{\\Pochhammersym{c}{ N}}T_{N}(\\mathbf{b},\\mathbf{z}),$"}}]}}{"expression":{"xml-id":"C19.S16.E9.m2abdec","tex":"$R_{\\NVar{-a}}\\left(\\NVar{b_{1}},\\dots,\\NVar{b_{n}};\\NVar{z_{1}},\\dots,\\NVar{z_ {n}}\\right)$","context":{"chapter-title":"Elliptic Integrals","chapter-xmlid":"C19"},"content-tex":"$\\Carlsonmultivarhyper{\\NVar{-a}}@{\\NVar{b_{1}},\\dots,\\NVar{b_{n}}}{\\NVar{z_{1} },\\dots,\\NVar{z_{n}}}$"}}{"expression":{"xml-id":"C19.S16.E9.m3abdec","tex":"$R_{\\NVar{-a}}\\left(\\NVar{\\mathbf{b}};\\NVar{\\mathbf{z}}\\right)$","context":{"chapter-title":"Elliptic Integrals","chapter-xmlid":"C19"},"content-tex":"$\\Carlsonmultivarhyper{\\NVar{-a}}@{\\NVar{\\mathbf{b}}}{\\NVar{\\mathbf{z}}}$"}}{"expression":{"xml-id":"C5.S2.SS3.m1adec","tex":"${\\left(\\NVar{a}\\right)_{\\NVar{n}}}$","context":{"chapter-title":"Elliptic Integrals","chapter-xmlid":"C19"},"content-tex":"$\\Pochhammersym{\\NVar{a}}{\\NVar{n}}$"}}{"expression":{"xml-id":"introduction.Sx4.p1.t1.r15.m5adec","tex":"$!$","context":{"chapter-title":"Elliptic Integrals","chapter-xmlid":"C19"}}}{"expression":{"xml-id":"introduction.Sx4.p1.t1.r15.m6adec","tex":"$n!$","context":{"chapter-title":"Elliptic Integrals","chapter-xmlid":"C19"}}}{"expression":{"xml-id":"C19.S19.XMD2.m1dec","tex":"$T_{N}(\\mathbf{b},\\mathbf{z})$","context":{"chapter-title":"Elliptic Integrals","chapter-xmlid":"C19"}}}{"expression":{"xml-id":"C19.S20.SS5.p1.m2","tex":"$T_{N}$","context":{"sentence-num-in-corpus":"11427","subsection-xmlid":"C19.S20.SS5","sentence-xmlid":"C19.S20.SS5.p1.s2","chapter-title":"Elliptic Integrals","chapter-xmlid":"C19","section-title":"Special Cases","sentence-num-in-chapter":"330","section-xmlid":"C19.S20","sentence-num-in-section":"27","para-num-of-sentences":"4","para-xmlid":"C19.S20.SS5.p1","subsection-title":"<Math mode=\"inline\" xml:id=\"C19.S20.SS5.m1\">R_{-a}\\left(\\mathbf{b};\\mathbf{z}\\right)<\/Math>"}}}{"equation":{"symbols-used":[{"symbol":{"tex":"$R_{\\NVar{-a}}\\left(\\NVar{b_{1}},\\dots,\\NVar{b_{n}};\\NVar{z_{1}},\\dots,\\NVar{z_ {n}}\\right)$","meaning":"multivariate hypergeometric function","idref":"C19.S16.E9","content-tex":"$\\Carlsonmultivarhyper{\\NVar{-a}}@{\\NVar{b_{1}},\\dots,\\NVar{b_{n}}}{\\NVar{z_{1} },\\dots,\\NVar{z_{n}}}$"}},{"symbol":{"tex":"$n$","meaning":"nonnegative integer","idref":"C19.S1.p1.t1.r1"}}],"xml-id":"C19.S20.E25","tex":"$R_{-c}\\left(\\mathbf{b};\\mathbf{z}\\right)=\\prod_{j=1}^{n}z_{j}^{-b_{j}},$","context":{"sentence-num-in-corpus":"11428","subsection-xmlid":"C19.S20.SS5","sentence-xmlid":"C19.S20.SS5.p1.s3","chapter-title":"Elliptic Integrals","chapter-xmlid":"C19","section-title":"Special Cases","sentence-num-in-chapter":"331","section-xmlid":"C19.S20","sentence-num-in-section":"28","para-num-of-sentences":"4","para-xmlid":"C19.S20.SS5.p1","subsection-title":"<Math mode=\"inline\" xml:id=\"C19.S20.SS5.m1\">R_{-a}\\left(\\mathbf{b};\\mathbf{z}\\right)<\/Math>"},"permalink":"http:\/\/dlmf.nist.gov\/19.20.E25","equation-number":"19.20.25","content-tex":"$\\Carlsonmultivarhyper{-c}@{\\mathbf{b}}{\\mathbf{z}}=\\prod_{j=1}^{n}z_{j}^{-b_{j }},$"}}{"equation":{"symbols-used":[{"symbol":{"tex":"$R_{\\NVar{-a}}\\left(\\NVar{b_{1}},\\dots,\\NVar{b_{n}};\\NVar{z_{1}},\\dots,\\NVar{z_ {n}}\\right)$","meaning":"multivariate hypergeometric function","idref":"C19.S16.E9","content-tex":"$\\Carlsonmultivarhyper{\\NVar{-a}}@{\\NVar{b_{1}},\\dots,\\NVar{b_{n}}}{\\NVar{z_{1} },\\dots,\\NVar{z_{n}}}$"}},{"symbol":{"tex":"$n$","meaning":"nonnegative integer","idref":"C19.S1.p1.t1.r1"}}],"xml-id":"C19.S20.E26","tex":"$R_{-a}\\left(\\mathbf{b};\\mathbf{z}\\right)=\\prod_{j=1}^{n}z_{j}^{-b_{j}}R_{-a^{ \\prime}}\\left(\\mathbf{b};\\boldsymbol{{z^{-1}}}\\right),$","context":{"sentence-num-in-corpus":"11428","subsection-xmlid":"C19.S20.SS5","sentence-xmlid":"C19.S20.SS5.p1.s3","chapter-title":"Elliptic Integrals","chapter-xmlid":"C19","section-title":"Special Cases","sentence-num-in-chapter":"331","section-xmlid":"C19.S20","sentence-num-in-section":"28","para-num-of-sentences":"4","para-xmlid":"C19.S20.SS5.p1","subsection-title":"<Math mode=\"inline\" xml:id=\"C19.S20.SS5.m1\">R_{-a}\\left(\\mathbf{b};\\mathbf{z}\\right)<\/Math>"},"permalink":"http:\/\/dlmf.nist.gov\/19.20.E26","equation-number":"19.20.26","constraints":{"tex":"$a+a^{\\prime}=c$, $\\boldsymbol{{z^{-1}}}=(z_{1}^{-1},\\dots,z_{n}^{-1})$."},"content-tex":"$\\Carlsonmultivarhyper{-a}@{\\mathbf{b}}{\\mathbf{z}}=\\prod_{j=1}^{n}z_{j}^{-b_{j }}\\Carlsonmultivarhyper{-a^{\\prime}}@{\\mathbf{b}}{\\boldsymbol{{z^{-1}}}},$"}}