{"expression":{"context-references":{"chapter-title":"Elliptic Integrals","chapter-xmlid":"C19"},"xml-id":"C19.S22.SS1.info.m1","tex":"$z=0$"}}{"expression":{"context-references":{"chapter-title":"Elliptic Integrals","chapter-xmlid":"C19"},"xml-id":"C19.S22.SS1.info.m2","tex":"$p=y$"}}{"expression":{"context-references":{"chapter-title":"Elliptic Integrals","chapter-xmlid":"C19"},"xml-id":"C19.S22.SS1.info.m3","tex":"$(\\pi\/4)R_{L}(y,z,p)=R_{F}\\left(0,y,z\\right)-(p\/3)R_{J}\\left(0,y,z,p\\right)$","content-tex":"$(\\pi\/4)R_{L}(y,z,p)=\\CarlsonsymellintRF@{0}{y}{z}-(p\/3)\\CarlsonsymellintRJ@{0} {y}{z}{p}$"}}{"expression":{"context-references":{"sentence-num-in-corpus":"11450","subsection-xmlid":"C19.S22.SS1","sentence-xmlid":"C19.S22.SS1.p1.s1","chapter-title":"Elliptic Integrals","chapter-xmlid":"C19","section-title":"Quadratic Transformations","sentence-num-in-chapter":"353","section-xmlid":"C19.S22","sentence-num-in-section":"1","para-num-of-sentences":"3","para-xmlid":"C19.S22.SS1.p1","subsection-title":"Complete Integrals"},"xml-id":"C19.S22.SS1.p1.m1","tex":"$\\Re x>0$","content-tex":"$\\realpart@@{x}>0$"}}{"expression":{"context-references":{"sentence-num-in-corpus":"11450","subsection-xmlid":"C19.S22.SS1","sentence-xmlid":"C19.S22.SS1.p1.s1","chapter-title":"Elliptic Integrals","chapter-xmlid":"C19","section-title":"Quadratic Transformations","sentence-num-in-chapter":"353","section-xmlid":"C19.S22","sentence-num-in-section":"1","para-num-of-sentences":"3","para-xmlid":"C19.S22.SS1.p1","subsection-title":"Complete Integrals"},"xml-id":"C19.S22.SS1.p1.m2","tex":"$\\Re y>0$","content-tex":"$\\realpart@@{y}>0$"}}{"expression":{"context-references":{"sentence-num-in-corpus":"11450","subsection-xmlid":"C19.S22.SS1","sentence-xmlid":"C19.S22.SS1.p1.s1","chapter-title":"Elliptic Integrals","chapter-xmlid":"C19","section-title":"Quadratic Transformations","sentence-num-in-chapter":"353","section-xmlid":"C19.S22","sentence-num-in-section":"1","para-num-of-sentences":"3","para-xmlid":"C19.S22.SS1.p1","subsection-title":"Complete Integrals"},"xml-id":"C19.S22.SS1.p1.m3","tex":"$a=(x+y)\/2$"}}{"expression":{"context-references":{"sentence-num-in-corpus":"11450","subsection-xmlid":"C19.S22.SS1","sentence-xmlid":"C19.S22.SS1.p1.s1","chapter-title":"Elliptic Integrals","chapter-xmlid":"C19","section-title":"Quadratic Transformations","sentence-num-in-chapter":"353","section-xmlid":"C19.S22","sentence-num-in-section":"1","para-num-of-sentences":"3","para-xmlid":"C19.S22.SS1.p1","subsection-title":"Complete Integrals"},"xml-id":"C19.S22.SS1.p1.m4","tex":"$p\\neq 0$"}}{"equation":{"symbols-used":[{"symbol":{"tex":"$R_{F}\\left(\\NVar{x},\\NVar{y},\\NVar{z}\\right)$","meaning":"symmetric elliptic integral of first kind","idref":"C19.S16.E1","content-tex":"$\\CarlsonsymellintRF@{\\NVar{x}}{\\NVar{y}}{\\NVar{z}}$"}}],"context-references":{"sentence-num-in-corpus":"11451","subsection-xmlid":"C19.S22.SS1","sentence-xmlid":"C19.S22.SS1.p1.s2","chapter-title":"Elliptic Integrals","chapter-xmlid":"C19","section-title":"Quadratic Transformations","sentence-num-in-chapter":"354","section-xmlid":"C19.S22","sentence-num-in-section":"2","para-num-of-sentences":"3","para-xmlid":"C19.S22.SS1.p1","subsection-title":"Complete Integrals"},"xml-id":"C19.S22.E1","tex":"$R_{F}\\left(0,x^{2},y^{2}\\right)=R_{F}\\left(0,xy,a^{2}\\right),$","permalink":"http:\/\/dlmf.nist.gov\/19.22.E1","equation-number":"19.22.1","content-tex":"$\\CarlsonsymellintRF@{0}{x^{2}}{y^{2}}=\\CarlsonsymellintRF@{0}{xy}{a^{2}},$"}}{"equation":{"symbols-used":[{"symbol":{"tex":"$R_{F}\\left(\\NVar{x},\\NVar{y},\\NVar{z}\\right)$","meaning":"symmetric elliptic integral of first kind","idref":"C19.S16.E1","content-tex":"$\\CarlsonsymellintRF@{\\NVar{x}}{\\NVar{y}}{\\NVar{z}}$"}},{"symbol":{"tex":"$R_{G}\\left(\\NVar{x},\\NVar{y},\\NVar{z}\\right)$","meaning":"symmetric elliptic integral of second kind","idref":"C19.S16.E3","content-tex":"$\\CarlsonsymellintRG@{\\NVar{x}}{\\NVar{y}}{\\NVar{z}}$"}}],"context-references":{"sentence-num-in-corpus":"11451","subsection-xmlid":"C19.S22.SS1","sentence-xmlid":"C19.S22.SS1.p1.s2","chapter-title":"Elliptic Integrals","chapter-xmlid":"C19","section-title":"Quadratic Transformations","sentence-num-in-chapter":"354","section-xmlid":"C19.S22","sentence-num-in-section":"2","para-num-of-sentences":"3","para-xmlid":"C19.S22.SS1.p1","subsection-title":"Complete Integrals"},"xml-id":"C19.S22.E2","tex":"$2R_{G}\\left(0,x^{2},y^{2}\\right)=4R_{G}\\left(0,xy,a^{2}\\right)-xyR_{F}\\left(0, xy,a^{2}\\right),$","permalink":"http:\/\/dlmf.nist.gov\/19.22.E2","equation-number":"19.22.2","content-tex":"$2\\CarlsonsymellintRG@{0}{x^{2}}{y^{2}}=4\\CarlsonsymellintRG@{0}{xy}{a^{2}}-xy \\CarlsonsymellintRF@{0}{xy}{a^{2}},$"}}{"equation":{"symbols-used":[{"symbol":{"tex":"$R_{D}\\left(\\NVar{x},\\NVar{y},\\NVar{z}\\right)$","meaning":"elliptic integral symmetric in only two variables","idref":"C19.S16.E5","content-tex":"$\\CarlsonsymellintRD@{\\NVar{x}}{\\NVar{y}}{\\NVar{z}}$"}},{"symbol":{"tex":"$R_{F}\\left(\\NVar{x},\\NVar{y},\\NVar{z}\\right)$","meaning":"symmetric elliptic integral of first kind","idref":"C19.S16.E1","content-tex":"$\\CarlsonsymellintRF@{\\NVar{x}}{\\NVar{y}}{\\NVar{z}}$"}}],"context-references":{"sentence-num-in-corpus":"11451","subsection-xmlid":"C19.S22.SS1","sentence-xmlid":"C19.S22.SS1.p1.s2","chapter-title":"Elliptic Integrals","chapter-xmlid":"C19","section-title":"Quadratic Transformations","sentence-num-in-chapter":"354","section-xmlid":"C19.S22","sentence-num-in-section":"2","para-num-of-sentences":"3","para-xmlid":"C19.S22.SS1.p1","subsection-title":"Complete Integrals"},"xml-id":"C19.S22.E3","tex":"$2y^{2}R_{D}\\left(0,x^{2},y^{2}\\right)=\\tfrac{1}{4}(y^{2}-x^{2})R_{D}\\left(0,xy ,a^{2}\\right)+3R_{F}\\left(0,xy,a^{2}\\right).$","permalink":"http:\/\/dlmf.nist.gov\/19.22.E3","equation-number":"19.22.3","content-tex":"$2y^{2}\\CarlsonsymellintRD@{0}{x^{2}}{y^{2}}=\\tfrac{1}{4}(y^{2}-x^{2}) \\CarlsonsymellintRD@{0}{xy}{a^{2}}+3\\CarlsonsymellintRF@{0}{xy}{a^{2}}.$"}}{"equation":{"symbols-used":[{"symbol":{"tex":"$R_{F}\\left(\\NVar{x},\\NVar{y},\\NVar{z}\\right)$","meaning":"symmetric elliptic integral of first kind","idref":"C19.S16.E1","content-tex":"$\\CarlsonsymellintRF@{\\NVar{x}}{\\NVar{y}}{\\NVar{z}}$"}},{"symbol":{"tex":"$R_{J}\\left(\\NVar{x},\\NVar{y},\\NVar{z},\\NVar{p}\\right)$","meaning":"symmetric elliptic integral of third kind","idref":"C19.S16.E2","content-tex":"$\\CarlsonsymellintRJ@{\\NVar{x}}{\\NVar{y}}{\\NVar{z}}{\\NVar{p}}$"}},{"symbol":{"tex":"$\\pi$","meaning":"the ratio of the circumference of a circle to its diameter","idref":"C3.S12.E1","content-tex":"$\\cpi$"}}],"context-references":{"sentence-num-in-corpus":"11452","subsection-xmlid":"C19.S22.SS1","sentence-xmlid":"C19.S22.SS1.p1.s3","chapter-title":"Elliptic Integrals","chapter-xmlid":"C19","section-title":"Quadratic Transformations","sentence-num-in-chapter":"355","section-xmlid":"C19.S22","sentence-num-in-section":"3","para-num-of-sentences":"3","para-xmlid":"C19.S22.SS1.p1","subsection-title":"Complete Integrals"},"xml-id":"C19.S22.E4","tex":"$(p_{\\pm}^{2}-p_{\\mp}^{2})R_{J}\\left(0,x^{2},y^{2},p^{2}\\right)=2(p_{\\pm}^{2}-a ^{2})R_{J}\\left(0,xy,a^{2},p_{\\pm}^{2}\\right)-3R_{F}\\left(0,xy,a^{2}\\right)+3 \\pi\/(2p),$","permalink":"http:\/\/dlmf.nist.gov\/19.22.E4","equation-number":"19.22.4","content-tex":"$(p_{\\pm}^{2}-p_{\\mp}^{2})\\CarlsonsymellintRJ@{0}{x^{2}}{y^{2}}{p^{2}}=2(p_{\\pm }^{2}-a^{2})\\CarlsonsymellintRJ@{0}{xy}{a^{2}}{p_{\\pm}^{2}}-3 \\CarlsonsymellintRF@{0}{xy}{a^{2}}+3\\pi\/(2p),$"}}{"equation":{"context-references":{"sentence-num-in-corpus":"11452","subsection-xmlid":"C19.S22.SS1","sentence-xmlid":"C19.S22.SS1.p1.s3","chapter-title":"Elliptic Integrals","chapter-xmlid":"C19","section-title":"Quadratic Transformations","sentence-num-in-chapter":"355","section-xmlid":"C19.S22","sentence-num-in-section":"3","para-num-of-sentences":"3","para-xmlid":"C19.S22.SS1.p1","subsection-title":"Complete Integrals"},"xml-id":"C19.S22.E5","tex":"$2p_{\\pm}=\\sqrt{(p+x)(p+y)}\\pm\\sqrt{(p-x)(p-y)},$","permalink":"http:\/\/dlmf.nist.gov\/19.22.E5","equation-number":"19.22.5"}}{"equation":{"context-references":{"sentence-num-in-corpus":"11452","subsection-xmlid":"C19.S22.SS1","sentence-xmlid":"C19.S22.SS1.p1.s3","chapter-title":"Elliptic Integrals","chapter-xmlid":"C19","section-title":"Quadratic Transformations","sentence-num-in-chapter":"355","section-xmlid":"C19.S22","sentence-num-in-section":"3","para-num-of-sentences":"3","para-xmlid":"C19.S22.SS1.p1","subsection-title":"Complete Integrals"},"xml-id":"C19.S22.E6","permalink":"http:\/\/dlmf.nist.gov\/19.22.E6","equation-number":"19.22.6","subequations":[{"subequation":{"xml-id":"C19.S22.Ex1","tex":"$p_{+}p_{-}=pa,$"}},{"subequation":{"xml-id":"C19.S22.Ex2","tex":"$p_{+}^{2}+p_{-}^{2}=p^{2}+xy,$"}},{"subequation":{"xml-id":"C19.S22.Ex3","tex":"$p_{+}^{2}-p_{-}^{2}=\\sqrt{(p^{2}-x^{2})(p^{2}-y^{2})},$"}},{"subequation":{"xml-id":"C19.S22.Ex4","tex":"$4(p_{\\pm}^{2}-a^{2})=(\\sqrt{p^{2}-x^{2}}\\pm\\sqrt{p^{2}-y^{2}})^{2}.$"}}]}}{"equation":{"symbols-used":[{"symbol":{"tex":"$R_{F}\\left(\\NVar{x},\\NVar{y},\\NVar{z}\\right)$","meaning":"symmetric elliptic integral of first kind","idref":"C19.S16.E1","content-tex":"$\\CarlsonsymellintRF@{\\NVar{x}}{\\NVar{y}}{\\NVar{z}}$"}},{"symbol":{"tex":"$R_{J}\\left(\\NVar{x},\\NVar{y},\\NVar{z},\\NVar{p}\\right)$","meaning":"symmetric elliptic integral of third kind","idref":"C19.S16.E2","content-tex":"$\\CarlsonsymellintRJ@{\\NVar{x}}{\\NVar{y}}{\\NVar{z}}{\\NVar{p}}$"}}],"context-references":{"sentence-num-in-corpus":"11453","sentence-xmlid":"C19.S22.Px1.p1.s1","chapter-title":"Elliptic Integrals","chapter-xmlid":"C19","paragraph-xmlid":"C19.S22.Px1","sentence-num-in-chapter":"356","section-xmlid":"C19.S22","sentence-num-in-section":"4","para-xmlid":"C19.S22.Px1.p1","subsection-title":"Complete Integrals","subsection-xmlid":"C19.S22.SS1","paragraph-title":"Bartky\u2019s Transformation","section-title":"Quadratic Transformations","para-num-of-sentences":"3"},"xml-id":"C19.S22.E7","tex":"$2p^{2}R_{J}\\left(0,x^{2},y^{2},p^{2}\\right)=v_{+}v_{-}R_{J}\\left(0,xy,a^{2},v^ {2}_{+}\\right)+3R_{F}\\left(0,xy,a^{2}\\right),$","permalink":"http:\/\/dlmf.nist.gov\/19.22.E7","equation-number":"19.22.7","constraints":{"tex":"$v_{\\pm}=(p^{2}\\pm xy)\/(2p)$."},"content-tex":"$2p^{2}\\CarlsonsymellintRJ@{0}{x^{2}}{y^{2}}{p^{2}}=v_{+}v_{-} \\CarlsonsymellintRJ@{0}{xy}{a^{2}}{v^{2}_{+}}+3\\CarlsonsymellintRF@{0}{xy}{a^{ 2}},$"}}{"expression":{"context-references":{"sentence-num-in-corpus":"11454","sentence-xmlid":"C19.S22.Px1.p1.s2","chapter-title":"Elliptic Integrals","chapter-xmlid":"C19","paragraph-xmlid":"C19.S22.Px1","sentence-num-in-chapter":"357","section-xmlid":"C19.S22","sentence-num-in-section":"5","para-xmlid":"C19.S22.Px1.p1","subsection-title":"Complete Integrals","subsection-xmlid":"C19.S22.SS1","paragraph-title":"Bartky\u2019s Transformation","section-title":"Quadratic Transformations","para-num-of-sentences":"3"},"xml-id":"C19.S22.Px1.p1.m1","tex":"$p=y$"}}{"expression":{"context-references":{"sentence-num-in-corpus":"11454","sentence-xmlid":"C19.S22.Px1.p1.s2","chapter-title":"Elliptic Integrals","chapter-xmlid":"C19","paragraph-xmlid":"C19.S22.Px1","sentence-num-in-chapter":"357","section-xmlid":"C19.S22","sentence-num-in-section":"5","para-xmlid":"C19.S22.Px1.p1","subsection-title":"Complete Integrals","subsection-xmlid":"C19.S22.SS1","paragraph-title":"Bartky\u2019s Transformation","section-title":"Quadratic Transformations","para-num-of-sentences":"3"},"xml-id":"C19.S22.Px1.p1.m2","tex":"$p=x$"}}{"expression":{"context-references":{"sentence-num-in-corpus":"11454","sentence-xmlid":"C19.S22.Px1.p1.s2","chapter-title":"Elliptic Integrals","chapter-xmlid":"C19","paragraph-xmlid":"C19.S22.Px1","sentence-num-in-chapter":"357","section-xmlid":"C19.S22","sentence-num-in-section":"5","para-xmlid":"C19.S22.Px1.p1","subsection-title":"Complete Integrals","subsection-xmlid":"C19.S22.SS1","paragraph-title":"Bartky\u2019s Transformation","section-title":"Quadratic Transformations","para-num-of-sentences":"3"},"xml-id":"C19.S22.Px1.p1.m3","tex":"$p=y$"}}{"expression":{"context-references":{"sentence-num-in-corpus":"11455","sentence-xmlid":"C19.S22.Px1.p1.s3","chapter-title":"Elliptic Integrals","chapter-xmlid":"C19","paragraph-xmlid":"C19.S22.Px1","sentence-num-in-chapter":"358","section-xmlid":"C19.S22","sentence-num-in-section":"6","para-xmlid":"C19.S22.Px1.p1","subsection-title":"Complete Integrals","subsection-xmlid":"C19.S22.SS1","paragraph-title":"Bartky\u2019s Transformation","section-title":"Quadratic Transformations","para-num-of-sentences":"3"},"xml-id":"C19.S22.Px1.p1.m4","tex":"$x<p<y$"}}{"expression":{"context-references":{"sentence-num-in-corpus":"11455","sentence-xmlid":"C19.S22.Px1.p1.s3","chapter-title":"Elliptic Integrals","chapter-xmlid":"C19","paragraph-xmlid":"C19.S22.Px1","sentence-num-in-chapter":"358","section-xmlid":"C19.S22","sentence-num-in-section":"6","para-xmlid":"C19.S22.Px1.p1","subsection-title":"Complete Integrals","subsection-xmlid":"C19.S22.SS1","paragraph-title":"Bartky\u2019s Transformation","section-title":"Quadratic Transformations","para-num-of-sentences":"3"},"xml-id":"C19.S22.Px1.p1.m5","tex":"$y<p<x$"}}{"expression":{"context-references":{"sentence-num-in-corpus":"11455","sentence-xmlid":"C19.S22.Px1.p1.s3","chapter-title":"Elliptic Integrals","chapter-xmlid":"C19","paragraph-xmlid":"C19.S22.Px1","sentence-num-in-chapter":"358","section-xmlid":"C19.S22","sentence-num-in-section":"6","para-xmlid":"C19.S22.Px1.p1","subsection-title":"Complete Integrals","subsection-xmlid":"C19.S22.SS1","paragraph-title":"Bartky\u2019s Transformation","section-title":"Quadratic Transformations","para-num-of-sentences":"3"},"xml-id":"C19.S22.Px1.p1.m6","tex":"$p_{+}$"}}{"expression":{"context-references":{"sentence-num-in-corpus":"11455","sentence-xmlid":"C19.S22.Px1.p1.s3","chapter-title":"Elliptic Integrals","chapter-xmlid":"C19","paragraph-xmlid":"C19.S22.Px1","sentence-num-in-chapter":"358","section-xmlid":"C19.S22","sentence-num-in-section":"6","para-xmlid":"C19.S22.Px1.p1","subsection-title":"Complete Integrals","subsection-xmlid":"C19.S22.SS1","paragraph-title":"Bartky\u2019s Transformation","section-title":"Quadratic Transformations","para-num-of-sentences":"3"},"xml-id":"C19.S22.Px1.p1.m7","tex":"$p_{-}$"}}{"expression":{"context-references":{"sentence-num-in-corpus":"11456","subsection-xmlid":"C19.S22.SS2","sentence-xmlid":"C19.S22.SS2.p1.s1","chapter-title":"Elliptic Integrals","chapter-xmlid":"C19","section-title":"Quadratic Transformations","sentence-num-in-chapter":"359","section-xmlid":"C19.S22","sentence-num-in-section":"7","para-num-of-sentences":"8","para-xmlid":"C19.S22.SS2.p1","subsection-title":"Gauss\u2019s Arithmetic-Geometric Mean (AGM)"},"xml-id":"C19.S22.SS2.p1.m1","tex":"$M\\left(a_{0},g_{0}\\right)$","content-tex":"$\\AGM@{a_{0}}{g_{0}}$"}}{"expression":{"context-references":{"sentence-num-in-corpus":"11456","subsection-xmlid":"C19.S22.SS2","sentence-xmlid":"C19.S22.SS2.p1.s1","chapter-title":"Elliptic Integrals","chapter-xmlid":"C19","section-title":"Quadratic Transformations","sentence-num-in-chapter":"359","section-xmlid":"C19.S22","sentence-num-in-section":"7","para-num-of-sentences":"8","para-xmlid":"C19.S22.SS2.p1","subsection-title":"Gauss\u2019s Arithmetic-Geometric Mean (AGM)"},"xml-id":"C19.S22.SS2.p1.m2","tex":"$a_{0}$"}}{"expression":{"context-references":{"sentence-num-in-corpus":"11456","subsection-xmlid":"C19.S22.SS2","sentence-xmlid":"C19.S22.SS2.p1.s1","chapter-title":"Elliptic Integrals","chapter-xmlid":"C19","section-title":"Quadratic Transformations","sentence-num-in-chapter":"359","section-xmlid":"C19.S22","sentence-num-in-section":"7","para-num-of-sentences":"8","para-xmlid":"C19.S22.SS2.p1","subsection-title":"Gauss\u2019s Arithmetic-Geometric Mean (AGM)"},"xml-id":"C19.S22.SS2.p1.m3","tex":"$g_{0}$"}}{"expression":{"context-references":{"sentence-num-in-corpus":"11457","subsection-xmlid":"C19.S22.SS2","sentence-xmlid":"C19.S22.SS2.p1.s2","chapter-title":"Elliptic Integrals","chapter-xmlid":"C19","section-title":"Quadratic Transformations","sentence-num-in-chapter":"360","section-xmlid":"C19.S22","sentence-num-in-section":"8","para-num-of-sentences":"8","para-xmlid":"C19.S22.SS2.p1","subsection-title":"Gauss\u2019s Arithmetic-Geometric Mean (AGM)"},"xml-id":"C19.S22.SS2.p1.m4","tex":"$a_{0}\\geq g_{0}$"}}{"expression":{"context-references":{"sentence-num-in-corpus":"11457","subsection-xmlid":"C19.S22.SS2","sentence-xmlid":"C19.S22.SS2.p1.s2","chapter-title":"Elliptic Integrals","chapter-xmlid":"C19","section-title":"Quadratic Transformations","sentence-num-in-chapter":"360","section-xmlid":"C19.S22","sentence-num-in-section":"8","para-num-of-sentences":"8","para-xmlid":"C19.S22.SS2.p1","subsection-title":"Gauss\u2019s Arithmetic-Geometric Mean (AGM)"},"xml-id":"C19.S22.SS2.p1.m5","tex":"$c_{n}=\\sqrt{a_{n}^{2}-g_{n}^{2}}$"}}{"equation":{"symbols-used":[{"symbol":{"tex":"$R_{F}\\left(\\NVar{x},\\NVar{y},\\NVar{z}\\right)$","meaning":"symmetric elliptic integral of first kind","idref":"C19.S16.E1","content-tex":"$\\CarlsonsymellintRF@{\\NVar{x}}{\\NVar{y}}{\\NVar{z}}$"}},{"symbol":{"tex":"$M\\left(\\NVar{a},\\NVar{g}\\right)$","meaning":"arithmetic-geometric mean","idref":"C19.S8.SS1.p1","content-tex":"$\\AGM@{\\NVar{a}}{\\NVar{g}}$"}},{"symbol":{"tex":"$\\pi$","meaning":"the ratio of the circumference of a circle to its diameter","idref":"C3.S12.E1","content-tex":"$\\cpi$"}},{"symbol":{"tex":"$a_{n}$","meaning":"iterate","idref":"C19.S8.SS1.p1"}},{"symbol":{"tex":"$g_{n}$","meaning":"iterate","idref":"C19.S8.SS1.p1"}}],"context-references":{"sentence-num-in-corpus":"11458","subsection-xmlid":"C19.S22.SS2","sentence-xmlid":"C19.S22.SS2.p1.s3","chapter-title":"Elliptic Integrals","chapter-xmlid":"C19","section-title":"Quadratic Transformations","sentence-num-in-chapter":"361","section-xmlid":"C19.S22","sentence-num-in-section":"9","para-num-of-sentences":"8","para-xmlid":"C19.S22.SS2.p1","subsection-title":"Gauss\u2019s Arithmetic-Geometric Mean (AGM)"},"xml-id":"C19.S22.E8","tex":"$\\frac{2}{\\pi}R_{F}\\left(0,a_{0}^{2},g_{0}^{2}\\right)=\\frac{1}{M\\left(a_{0},g_{ 0}\\right)},$","permalink":"http:\/\/dlmf.nist.gov\/19.22.E8","equation-number":"19.22.8","content-tex":"$\\frac{2}{\\pi}\\CarlsonsymellintRF@{0}{a_{0}^{2}}{g_{0}^{2}}=\\frac{1}{\\AGM@{a_{0 }}{g_{0}}},$"}}{"equation":{"symbols-used":[{"symbol":{"tex":"$R_{G}\\left(\\NVar{x},\\NVar{y},\\NVar{z}\\right)$","meaning":"symmetric elliptic integral of second kind","idref":"C19.S16.E3","content-tex":"$\\CarlsonsymellintRG@{\\NVar{x}}{\\NVar{y}}{\\NVar{z}}$"}},{"symbol":{"tex":"$M\\left(\\NVar{a},\\NVar{g}\\right)$","meaning":"arithmetic-geometric mean","idref":"C19.S8.SS1.p1","content-tex":"$\\AGM@{\\NVar{a}}{\\NVar{g}}$"}},{"symbol":{"tex":"$\\pi$","meaning":"the ratio of the circumference of a circle to its diameter","idref":"C3.S12.E1","content-tex":"$\\cpi$"}},{"symbol":{"tex":"$n$","meaning":"nonnegative integer","idref":"C19.S1.p1.t1.r1"}},{"symbol":{"tex":"$a_{n}$","meaning":"iterate","idref":"C19.S8.SS1.p1"}},{"symbol":{"tex":"$g_{n}$","meaning":"iterate","idref":"C19.S8.SS1.p1"}}],"context-references":{"sentence-num-in-corpus":"11458","subsection-xmlid":"C19.S22.SS2","sentence-xmlid":"C19.S22.SS2.p1.s3","chapter-title":"Elliptic Integrals","chapter-xmlid":"C19","section-title":"Quadratic Transformations","sentence-num-in-chapter":"361","section-xmlid":"C19.S22","sentence-num-in-section":"9","para-num-of-sentences":"8","para-xmlid":"C19.S22.SS2.p1","subsection-title":"Gauss\u2019s Arithmetic-Geometric Mean (AGM)"},"xml-id":"C19.S22.E9","tex":"$\\frac{4}{\\pi}R_{G}\\left(0,a_{0}^{2},g_{0}^{2}\\right)=\\frac{1}{M\\left(a_{0},g_{ 0}\\right)}\\left(a_{0}^{2}-\\sum_{n=0}^{\\infty}2^{n-1}c_{n}^{2}\\right)=\\frac{1}{ M\\left(a_{0},g_{0}\\right)}\\left(a_{1}^{2}-\\sum_{n=2}^{\\infty}2^{n-1}c_{n}^{2} \\right),$","permalink":"http:\/\/dlmf.nist.gov\/19.22.E9","equation-number":"19.22.9","content-tex":"$\\frac{4}{\\pi}\\CarlsonsymellintRG@{0}{a_{0}^{2}}{g_{0}^{2}}=\\frac{1}{\\AGM@{a_{0 }}{g_{0}}}\\left(a_{0}^{2}-\\sum_{n=0}^{\\infty}2^{n-1}c_{n}^{2}\\right)=\\frac{1}{ \\AGM@{a_{0}}{g_{0}}}\\left(a_{1}^{2}-\\sum_{n=2}^{\\infty}2^{n-1}c_{n}^{2}\\right),$"}}{"equation":{"symbols-used":[{"symbol":{"tex":"$R_{D}\\left(\\NVar{x},\\NVar{y},\\NVar{z}\\right)$","meaning":"elliptic integral symmetric in only two variables","idref":"C19.S16.E5","content-tex":"$\\CarlsonsymellintRD@{\\NVar{x}}{\\NVar{y}}{\\NVar{z}}$"}},{"symbol":{"tex":"$M\\left(\\NVar{a},\\NVar{g}\\right)$","meaning":"arithmetic-geometric mean","idref":"C19.S8.SS1.p1","content-tex":"$\\AGM@{\\NVar{a}}{\\NVar{g}}$"}},{"symbol":{"tex":"$\\pi$","meaning":"the ratio of the circumference of a circle to its diameter","idref":"C3.S12.E1","content-tex":"$\\cpi$"}},{"symbol":{"tex":"$n$","meaning":"nonnegative integer","idref":"C19.S1.p1.t1.r1"}},null,{"symbol":{"tex":"$a_{n}$","meaning":"iterate","idref":"C19.S8.SS1.p1"}},{"symbol":{"tex":"$g_{n}$","meaning":"iterate","idref":"C19.S8.SS1.p1"}}],"context-references":{"sentence-num-in-corpus":"11458","subsection-xmlid":"C19.S22.SS2","sentence-xmlid":"C19.S22.SS2.p1.s3","chapter-title":"Elliptic Integrals","chapter-xmlid":"C19","section-title":"Quadratic Transformations","sentence-num-in-chapter":"361","section-xmlid":"C19.S22","sentence-num-in-section":"9","para-num-of-sentences":"8","para-xmlid":"C19.S22.SS2.p1","subsection-title":"Gauss\u2019s Arithmetic-Geometric Mean (AGM)"},"xml-id":"C19.S22.E10","tex":"$R_{D}\\left(0,g_{0}^{2},a_{0}^{2}\\right)=\\frac{3\\pi}{4M\\left(a_{0},g_{0}\\right) a_{0}^{2}}\\sum_{n=0}^{\\infty}Q_{n},$","permalink":"http:\/\/dlmf.nist.gov\/19.22.E10","equation-number":"19.22.10","content-tex":"$\\CarlsonsymellintRD@{0}{g_{0}^{2}}{a_{0}^{2}}=\\frac{3\\pi}{4\\AGM@{a_{0}}{g_{0}} a_{0}^{2}}\\sum_{n=0}^{\\infty}Q_{n},$"}}{"expression":{"context-references":{"chapter-title":"Elliptic Integrals","chapter-xmlid":"C19"},"xml-id":"C19.S22.XMD1.m1","tex":"$Q_{n}$"}}{"equation":{"symbols-used":[{"symbol":{"tex":"$n$","meaning":"nonnegative integer","idref":"C19.S1.p1.t1.r1"}},null,{"symbol":{"tex":"$a_{n}$","meaning":"iterate","idref":"C19.S8.SS1.p1"}},{"symbol":{"tex":"$g_{n}$","meaning":"iterate","idref":"C19.S8.SS1.p1"}}],"context-references":{"sentence-num-in-corpus":"11458","subsection-xmlid":"C19.S22.SS2","sentence-xmlid":"C19.S22.SS2.p1.s3","chapter-title":"Elliptic Integrals","chapter-xmlid":"C19","section-title":"Quadratic Transformations","sentence-num-in-chapter":"361","section-xmlid":"C19.S22","sentence-num-in-section":"9","para-num-of-sentences":"8","para-xmlid":"C19.S22.SS2.p1","subsection-title":"Gauss\u2019s Arithmetic-Geometric Mean (AGM)"},"xml-id":"C19.S22.E11","permalink":"http:\/\/dlmf.nist.gov\/19.22.E11","equation-number":"19.22.11","subequations":[{"subequation":{"xml-id":"C19.S22.Ex5","tex":"$Q_{0}=1,$"}},{"subequation":{"xml-id":"C19.S22.Ex6","tex":"$Q_{n+1}=\\tfrac{1}{2}Q_{n}\\frac{a_{n}-g_{n}}{a_{n}+g_{n}}.$"}}]}}{"expression":{"context-references":{"chapter-title":"Elliptic Integrals","chapter-xmlid":"C19"},"xml-id":"C19.S1.XMD3.m1bdec","tex":"$n$"}}{"expression":{"context-references":{"chapter-title":"Elliptic Integrals","chapter-xmlid":"C19"},"xml-id":"C19.S22.XMD1.m1adec","tex":"$Q_{n}$"}}{"expression":{"context-references":{"chapter-title":"Elliptic Integrals","chapter-xmlid":"C19"},"xml-id":"C19.S8.XMD1.m1cdec","tex":"$a_{n}$"}}{"expression":{"context-references":{"chapter-title":"Elliptic Integrals","chapter-xmlid":"C19"},"xml-id":"C19.S8.XMD2.m1cdec","tex":"$g_{n}$"}}{"expression":{"context-references":{"sentence-num-in-corpus":"11459","subsection-xmlid":"C19.S22.SS2","sentence-xmlid":"C19.S22.SS2.p1.s4","chapter-title":"Elliptic Integrals","chapter-xmlid":"C19","section-title":"Quadratic Transformations","sentence-num-in-chapter":"362","section-xmlid":"C19.S22","sentence-num-in-section":"10","para-num-of-sentences":"8","para-xmlid":"C19.S22.SS2.p1","subsection-title":"Gauss\u2019s Arithmetic-Geometric Mean (AGM)"},"xml-id":"C19.S22.SS2.p1.m6","tex":"$Q_{n}$"}}{"expression":{"context-references":{"sentence-num-in-corpus":"11459","subsection-xmlid":"C19.S22.SS2","sentence-xmlid":"C19.S22.SS2.p1.s4","chapter-title":"Elliptic Integrals","chapter-xmlid":"C19","section-title":"Quadratic Transformations","sentence-num-in-chapter":"362","section-xmlid":"C19.S22","sentence-num-in-section":"10","para-num-of-sentences":"8","para-xmlid":"C19.S22.SS2.p1","subsection-title":"Gauss\u2019s Arithmetic-Geometric Mean (AGM)"},"xml-id":"C19.S22.SS2.p1.m7","tex":"$a_{0}-g_{0}$"}}{"expression":{"context-references":{"sentence-num-in-corpus":"11459","subsection-xmlid":"C19.S22.SS2","sentence-xmlid":"C19.S22.SS2.p1.s4","chapter-title":"Elliptic Integrals","chapter-xmlid":"C19","section-title":"Quadratic Transformations","sentence-num-in-chapter":"362","section-xmlid":"C19.S22","sentence-num-in-section":"10","para-num-of-sentences":"8","para-xmlid":"C19.S22.SS2.p1","subsection-title":"Gauss\u2019s Arithmetic-Geometric Mean (AGM)"},"xml-id":"C19.S22.SS2.p1.m8","tex":"$n\\geq 1$"}}{"equation":{"symbols-used":[{"symbol":{"tex":"$R_{J}\\left(\\NVar{x},\\NVar{y},\\NVar{z},\\NVar{p}\\right)$","meaning":"symmetric elliptic integral of third kind","idref":"C19.S16.E2","content-tex":"$\\CarlsonsymellintRJ@{\\NVar{x}}{\\NVar{y}}{\\NVar{z}}{\\NVar{p}}$"}},{"symbol":{"tex":"$M\\left(\\NVar{a},\\NVar{g}\\right)$","meaning":"arithmetic-geometric mean","idref":"C19.S8.SS1.p1","content-tex":"$\\AGM@{\\NVar{a}}{\\NVar{g}}$"}},{"symbol":{"tex":"$\\pi$","meaning":"the ratio of the circumference of a circle to its diameter","idref":"C3.S12.E1","content-tex":"$\\cpi$"}},{"symbol":{"tex":"$n$","meaning":"nonnegative integer","idref":"C19.S1.p1.t1.r1"}},null,{"symbol":{"tex":"$a_{n}$","meaning":"iterate","idref":"C19.S8.SS1.p1"}},{"symbol":{"tex":"$g_{n}$","meaning":"iterate","idref":"C19.S8.SS1.p1"}}],"context-references":{"sentence-num-in-corpus":"11460","subsection-xmlid":"C19.S22.SS2","sentence-xmlid":"C19.S22.SS2.p1.s5","chapter-title":"Elliptic Integrals","chapter-xmlid":"C19","section-title":"Quadratic Transformations","sentence-num-in-chapter":"363","section-xmlid":"C19.S22","sentence-num-in-section":"11","para-num-of-sentences":"8","para-xmlid":"C19.S22.SS2.p1","subsection-title":"Gauss\u2019s Arithmetic-Geometric Mean (AGM)"},"xml-id":"C19.S22.E12","tex":"$R_{J}\\left(0,g_{0}^{2},a_{0}^{2},p_{0}^{2}\\right)=\\frac{3\\pi}{4M\\left(a_{0},g_ {0}\\right)p_{0}^{2}}\\sum_{n=0}^{\\infty}Q_{n},$","permalink":"http:\/\/dlmf.nist.gov\/19.22.E12","equation-number":"19.22.12","content-tex":"$\\CarlsonsymellintRJ@{0}{g_{0}^{2}}{a_{0}^{2}}{p_{0}^{2}}=\\frac{3\\pi}{4\\AGM@{a_ {0}}{g_{0}}p_{0}^{2}}\\sum_{n=0}^{\\infty}Q_{n},$"}}{"expression":{"context-references":{"sentence-num-in-corpus":"11460","subsection-xmlid":"C19.S22.SS2","sentence-xmlid":"C19.S22.SS2.p1.s5","chapter-title":"Elliptic Integrals","chapter-xmlid":"C19","section-title":"Quadratic Transformations","sentence-num-in-chapter":"363","section-xmlid":"C19.S22","sentence-num-in-section":"11","para-num-of-sentences":"8","para-xmlid":"C19.S22.SS2.p1","subsection-title":"Gauss\u2019s Arithmetic-Geometric Mean (AGM)"},"xml-id":"C19.S22.SS2.p1.m9","tex":"$p_{0}>0$"}}{"expression":{"context-references":{"chapter-title":"Elliptic Integrals","chapter-xmlid":"C19"},"xml-id":"C19.S22.XMD2.m1","tex":"$\\varepsilon_{n}$"}}{"equation":{"symbols-used":[{"symbol":{"tex":"$n$","meaning":"nonnegative integer","idref":"C19.S1.p1.t1.r1"}},null,null,{"symbol":{"tex":"$a_{n}$","meaning":"iterate","idref":"C19.S8.SS1.p1"}},{"symbol":{"tex":"$g_{n}$","meaning":"iterate","idref":"C19.S8.SS1.p1"}}],"context-references":{"sentence-num-in-corpus":"11460","subsection-xmlid":"C19.S22.SS2","sentence-xmlid":"C19.S22.SS2.p1.s5","chapter-title":"Elliptic Integrals","chapter-xmlid":"C19","section-title":"Quadratic Transformations","sentence-num-in-chapter":"363","section-xmlid":"C19.S22","sentence-num-in-section":"11","para-num-of-sentences":"8","para-xmlid":"C19.S22.SS2.p1","subsection-title":"Gauss\u2019s Arithmetic-Geometric Mean (AGM)"},"xml-id":"C19.S22.E13","permalink":"http:\/\/dlmf.nist.gov\/19.22.E13","equation-number":"19.22.13","subequations":[{"subequation":{"xml-id":"C19.S22.Ex7","tex":"$p_{n+1}=\\frac{p_{n}^{2}+a_{n}g_{n}}{2p_{n}},$"}},{"subequation":{"xml-id":"C19.S22.Ex8","tex":"$\\varepsilon_{n}=\\frac{p_{n}^{2}-a_{n}g_{n}}{p_{n}^{2}+a_{n}g_{n}},$"}},{"subequation":{"xml-id":"C19.S22.Ex9","tex":"$Q_{0}=1,$"}},{"subequation":{"xml-id":"C19.S22.Ex10","tex":"$Q_{n+1}=\\tfrac{1}{2}Q_{n}\\varepsilon_{n}.$"}}]}}{"expression":{"context-references":{"chapter-title":"Elliptic Integrals","chapter-xmlid":"C19"},"xml-id":"C19.S1.XMD3.m1ddec","tex":"$n$"}}{"expression":{"context-references":{"chapter-title":"Elliptic Integrals","chapter-xmlid":"C19"},"xml-id":"C19.S22.XMD1.m1cdec","tex":"$Q_{n}$"}}{"expression":{"context-references":{"chapter-title":"Elliptic Integrals","chapter-xmlid":"C19"},"xml-id":"C19.S22.XMD2.m1dec","tex":"$\\varepsilon_{n}$"}}{"expression":{"context-references":{"chapter-title":"Elliptic Integrals","chapter-xmlid":"C19"},"xml-id":"C19.S8.XMD1.m1edec","tex":"$a_{n}$"}}{"expression":{"context-references":{"chapter-title":"Elliptic Integrals","chapter-xmlid":"C19"},"xml-id":"C19.S8.XMD2.m1edec","tex":"$g_{n}$"}}{"expression":{"context-references":{"sentence-num-in-corpus":"11461","subsection-xmlid":"C19.S22.SS2","sentence-xmlid":"C19.S22.SS2.p1.s6","chapter-title":"Elliptic Integrals","chapter-xmlid":"C19","section-title":"Quadratic Transformations","sentence-num-in-chapter":"364","section-xmlid":"C19.S22","sentence-num-in-section":"12","para-num-of-sentences":"8","para-xmlid":"C19.S22.SS2.p1","subsection-title":"Gauss\u2019s Arithmetic-Geometric Mean (AGM)"},"xml-id":"C19.S22.SS2.p1.m10","tex":"$p_{0}=a_{0}$"}}{"expression":{"context-references":{"sentence-num-in-corpus":"11461","subsection-xmlid":"C19.S22.SS2","sentence-xmlid":"C19.S22.SS2.p1.s6","chapter-title":"Elliptic Integrals","chapter-xmlid":"C19","section-title":"Quadratic Transformations","sentence-num-in-chapter":"364","section-xmlid":"C19.S22","sentence-num-in-section":"12","para-num-of-sentences":"8","para-xmlid":"C19.S22.SS2.p1","subsection-title":"Gauss\u2019s Arithmetic-Geometric Mean (AGM)"},"xml-id":"C19.S22.SS2.p1.m11","tex":"$p_{n}=a_{n}$"}}{"expression":{"context-references":{"sentence-num-in-corpus":"11462","subsection-xmlid":"C19.S22.SS2","sentence-xmlid":"C19.S22.SS2.p1.s7","chapter-title":"Elliptic Integrals","chapter-xmlid":"C19","section-title":"Quadratic Transformations","sentence-num-in-chapter":"365","section-xmlid":"C19.S22","sentence-num-in-section":"13","para-num-of-sentences":"8","para-xmlid":"C19.S22.SS2.p1","subsection-title":"Gauss\u2019s Arithmetic-Geometric Mean (AGM)"},"xml-id":"C19.S22.SS2.p1.m12","tex":"$n\\to\\infty$"}}{"expression":{"context-references":{"sentence-num-in-corpus":"11462","subsection-xmlid":"C19.S22.SS2","sentence-xmlid":"C19.S22.SS2.p1.s7","chapter-title":"Elliptic Integrals","chapter-xmlid":"C19","section-title":"Quadratic Transformations","sentence-num-in-chapter":"365","section-xmlid":"C19.S22","sentence-num-in-section":"13","para-num-of-sentences":"8","para-xmlid":"C19.S22.SS2.p1","subsection-title":"Gauss\u2019s Arithmetic-Geometric Mean (AGM)"},"xml-id":"C19.S22.SS2.p1.m13","tex":"$p_{n}$"}}{"expression":{"context-references":{"sentence-num-in-corpus":"11462","subsection-xmlid":"C19.S22.SS2","sentence-xmlid":"C19.S22.SS2.p1.s7","chapter-title":"Elliptic Integrals","chapter-xmlid":"C19","section-title":"Quadratic Transformations","sentence-num-in-chapter":"365","section-xmlid":"C19.S22","sentence-num-in-section":"13","para-num-of-sentences":"8","para-xmlid":"C19.S22.SS2.p1","subsection-title":"Gauss\u2019s Arithmetic-Geometric Mean (AGM)"},"xml-id":"C19.S22.SS2.p1.m14","tex":"$\\varepsilon_{n}$"}}{"expression":{"context-references":{"sentence-num-in-corpus":"11462","subsection-xmlid":"C19.S22.SS2","sentence-xmlid":"C19.S22.SS2.p1.s7","chapter-title":"Elliptic Integrals","chapter-xmlid":"C19","section-title":"Quadratic Transformations","sentence-num-in-chapter":"365","section-xmlid":"C19.S22","sentence-num-in-section":"13","para-num-of-sentences":"8","para-xmlid":"C19.S22.SS2.p1","subsection-title":"Gauss\u2019s Arithmetic-Geometric Mean (AGM)"},"xml-id":"C19.S22.SS2.p1.m15","tex":"$M\\left(a_{0},g_{0}\\right)$","content-tex":"$\\AGM@{a_{0}}{g_{0}}$"}}{"expression":{"context-references":{"sentence-num-in-corpus":"11462","subsection-xmlid":"C19.S22.SS2","sentence-xmlid":"C19.S22.SS2.p1.s7","chapter-title":"Elliptic Integrals","chapter-xmlid":"C19","section-title":"Quadratic Transformations","sentence-num-in-chapter":"365","section-xmlid":"C19.S22","sentence-num-in-section":"13","para-num-of-sentences":"8","para-xmlid":"C19.S22.SS2.p1","subsection-title":"Gauss\u2019s Arithmetic-Geometric Mean (AGM)"},"xml-id":"C19.S22.SS2.p1.m16","tex":"$Q_{n}$"}}{"expression":{"context-references":{"sentence-num-in-corpus":"11463","subsection-xmlid":"C19.S22.SS2","sentence-xmlid":"C19.S22.SS2.p1.s8","chapter-title":"Elliptic Integrals","chapter-xmlid":"C19","section-title":"Quadratic Transformations","sentence-num-in-chapter":"366","section-xmlid":"C19.S22","sentence-num-in-section":"14","para-num-of-sentences":"8","para-xmlid":"C19.S22.SS2.p1","subsection-title":"Gauss\u2019s Arithmetic-Geometric Mean (AGM)"},"xml-id":"C19.S22.SS2.p1.m17","tex":"$R_{J}$","content-tex":"$\\CarlsonsymellintRJ$"}}{"equation":{"symbols-used":[{"symbol":{"tex":"$R_{J}\\left(\\NVar{x},\\NVar{y},\\NVar{z},\\NVar{p}\\right)$","meaning":"symmetric elliptic integral of third kind","idref":"C19.S16.E2","content-tex":"$\\CarlsonsymellintRJ@{\\NVar{x}}{\\NVar{y}}{\\NVar{z}}{\\NVar{p}}$"}},{"symbol":{"tex":"$M\\left(\\NVar{a},\\NVar{g}\\right)$","meaning":"arithmetic-geometric mean","idref":"C19.S8.SS1.p1","content-tex":"$\\AGM@{\\NVar{a}}{\\NVar{g}}$"}},{"symbol":{"tex":"$\\pi$","meaning":"the ratio of the circumference of a circle to its diameter","idref":"C3.S12.E1","content-tex":"$\\cpi$"}},{"symbol":{"tex":"$n$","meaning":"nonnegative integer","idref":"C19.S1.p1.t1.r1"}},null,{"symbol":{"tex":"$a_{n}$","meaning":"iterate","idref":"C19.S8.SS1.p1"}},{"symbol":{"tex":"$g_{n}$","meaning":"iterate","idref":"C19.S8.SS1.p1"}}],"context-references":{"sentence-num-in-corpus":"11463","subsection-xmlid":"C19.S22.SS2","sentence-xmlid":"C19.S22.SS2.p1.s8","chapter-title":"Elliptic Integrals","chapter-xmlid":"C19","section-title":"Quadratic Transformations","sentence-num-in-chapter":"366","section-xmlid":"C19.S22","sentence-num-in-section":"14","para-num-of-sentences":"8","para-xmlid":"C19.S22.SS2.p1","subsection-title":"Gauss\u2019s Arithmetic-Geometric Mean (AGM)"},"xml-id":"C19.S22.E14","tex":"$R_{J}\\left(0,g_{0}^{2},a_{0}^{2},-q_{0}^{2}\\right)=\\frac{-3\\pi}{4M\\left(a_{0}, g_{0}\\right)(q_{0}^{2}+a_{0}^{2})}\\*\\left(2+\\frac{a_{0}^{2}-g_{0}^{2}}{q_{0}^{ 2}+g_{0}^{2}}\\sum_{n=0}^{\\infty}Q_{n}\\right),$","permalink":"http:\/\/dlmf.nist.gov\/19.22.E14","equation-number":"19.22.14","content-tex":"$\\CarlsonsymellintRJ@{0}{g_{0}^{2}}{a_{0}^{2}}{-q_{0}^{2}}=\\frac{-3\\pi}{4\\AGM@{ a_{0}}{g_{0}}(q_{0}^{2}+a_{0}^{2})}\\*\\left(2+\\frac{a_{0}^{2}-g_{0}^{2}}{q_{0}^ {2}+g_{0}^{2}}\\sum_{n=0}^{\\infty}Q_{n}\\right),$"}}{"equation":{"symbols-used":[{"symbol":{"tex":"$a_{n}$","meaning":"iterate","idref":"C19.S8.SS1.p1"}},{"symbol":{"tex":"$g_{n}$","meaning":"iterate","idref":"C19.S8.SS1.p1"}}],"context-references":{"sentence-num-in-corpus":"11463","subsection-xmlid":"C19.S22.SS2","sentence-xmlid":"C19.S22.SS2.p1.s8","chapter-title":"Elliptic Integrals","chapter-xmlid":"C19","section-title":"Quadratic Transformations","sentence-num-in-chapter":"366","section-xmlid":"C19.S22","sentence-num-in-section":"14","para-num-of-sentences":"8","para-xmlid":"C19.S22.SS2.p1","subsection-title":"Gauss\u2019s Arithmetic-Geometric Mean (AGM)"},"xml-id":"C19.S22.E15","tex":"$p_{0}^{2}=a_{0}^{2}(q_{0}^{2}+g_{0}^{2})\/(q_{0}^{2}+a_{0}^{2}).$","permalink":"http:\/\/dlmf.nist.gov\/19.22.E15","equation-number":"19.22.15"}}{"expression":{"context-references":{"chapter-title":"Elliptic Integrals","chapter-xmlid":"C19"},"xml-id":"C19.S22.SS3.info.m1","tex":"$p=z$"}}{"expression":{"context-references":{"chapter-title":"Elliptic Integrals","chapter-xmlid":"C19"},"xml-id":"C19.S22.SS3.info.m2","tex":"$z=y$"}}{"expression":{"context-references":{"chapter-title":"Elliptic Integrals","chapter-xmlid":"C19"},"xml-id":"C19.S22.SS3.info.m3","tex":"$k^{2}=(z_{+}^{2}-z_{-}^{2})\/(z_{+}^{2}-a^{2})$"}}{"expression":{"context-references":{"chapter-title":"Elliptic Integrals","chapter-xmlid":"C19"},"xml-id":"C19.S22.SS3.info.m4","tex":"$k_{1}^{2}=(z^{2}-y^{2})\/(z^{2}-x^{2})$"}}{"expression":{"context-references":{"chapter-title":"Elliptic Integrals","chapter-xmlid":"C19"},"xml-id":"C19.S22.SS3.info.m5","tex":"$k_{1}^{2}=(a^{2}-z_{-}^{2})\/(a^{2}-z_{+}^{2})$"}}{"expression":{"context-references":{"chapter-title":"Elliptic Integrals","chapter-xmlid":"C19"},"xml-id":"C19.S22.SS3.info.m6","tex":"$k^{2}=(z^{2}-y^{2})\/(z^{2}-x^{2})$"}}{"expression":{"context-references":{"sentence-num-in-corpus":"11464","subsection-xmlid":"C19.S22.SS3","sentence-xmlid":"C19.S22.SS3.p1.s1","chapter-title":"Elliptic Integrals","chapter-xmlid":"C19","section-title":"Quadratic Transformations","sentence-num-in-chapter":"367","section-xmlid":"C19.S22","sentence-num-in-section":"15","para-num-of-sentences":"3","para-xmlid":"C19.S22.SS3.p1","subsection-title":"Incomplete Integrals"},"xml-id":"C19.S22.SS3.p1.m1","tex":"$x$"}}{"expression":{"context-references":{"sentence-num-in-corpus":"11464","subsection-xmlid":"C19.S22.SS3","sentence-xmlid":"C19.S22.SS3.p1.s1","chapter-title":"Elliptic Integrals","chapter-xmlid":"C19","section-title":"Quadratic Transformations","sentence-num-in-chapter":"367","section-xmlid":"C19.S22","sentence-num-in-section":"15","para-num-of-sentences":"3","para-xmlid":"C19.S22.SS3.p1","subsection-title":"Incomplete Integrals"},"xml-id":"C19.S22.SS3.p1.m2","tex":"$y$"}}{"expression":{"context-references":{"sentence-num-in-corpus":"11464","subsection-xmlid":"C19.S22.SS3","sentence-xmlid":"C19.S22.SS3.p1.s1","chapter-title":"Elliptic Integrals","chapter-xmlid":"C19","section-title":"Quadratic Transformations","sentence-num-in-chapter":"367","section-xmlid":"C19.S22","sentence-num-in-section":"15","para-num-of-sentences":"3","para-xmlid":"C19.S22.SS3.p1","subsection-title":"Incomplete Integrals"},"xml-id":"C19.S22.SS3.p1.m3","tex":"$z$"}}{"expression":{"context-references":{"sentence-num-in-corpus":"11464","subsection-xmlid":"C19.S22.SS3","sentence-xmlid":"C19.S22.SS3.p1.s1","chapter-title":"Elliptic Integrals","chapter-xmlid":"C19","section-title":"Quadratic Transformations","sentence-num-in-chapter":"367","section-xmlid":"C19.S22","sentence-num-in-section":"15","para-num-of-sentences":"3","para-xmlid":"C19.S22.SS3.p1","subsection-title":"Incomplete Integrals"},"xml-id":"C19.S22.SS3.p1.m4","tex":"$p\\neq 0$"}}{"equation":{"context-references":{"sentence-num-in-corpus":"11465","subsection-xmlid":"C19.S22.SS3","sentence-xmlid":"C19.S22.SS3.p1.s2","chapter-title":"Elliptic Integrals","chapter-xmlid":"C19","section-title":"Quadratic Transformations","sentence-num-in-chapter":"368","section-xmlid":"C19.S22","sentence-num-in-section":"16","para-num-of-sentences":"3","para-xmlid":"C19.S22.SS3.p1","subsection-title":"Incomplete Integrals"},"xml-id":"C19.S22.E16","permalink":"http:\/\/dlmf.nist.gov\/19.22.E16","equation-number":"19.22.16","subequations":[{"subequation":{"xml-id":"C19.S22.Ex11","tex":"$a=(x+y)\/2,$"}},{"subequation":{"xml-id":"C19.S22.Ex12","tex":"$2z_{\\pm}=\\sqrt{(z+x)(z+y)}\\pm\\sqrt{(z-x)(z-y)},$"}}]}}{"equation":{"context-references":{"sentence-num-in-corpus":"11465","subsection-xmlid":"C19.S22.SS3","sentence-xmlid":"C19.S22.SS3.p1.s2","chapter-title":"Elliptic Integrals","chapter-xmlid":"C19","section-title":"Quadratic Transformations","sentence-num-in-chapter":"368","section-xmlid":"C19.S22","sentence-num-in-section":"16","para-num-of-sentences":"3","para-xmlid":"C19.S22.SS3.p1","subsection-title":"Incomplete Integrals"},"xml-id":"C19.S22.E17","permalink":"http:\/\/dlmf.nist.gov\/19.22.E17","equation-number":"19.22.17","subequations":[{"subequation":{"xml-id":"C19.S22.Ex13","tex":"$z_{+}z_{-}=za,$"}},{"subequation":{"xml-id":"C19.S22.Ex14","tex":"$z_{+}^{2}+z_{-}^{2}=z^{2}+xy,$"}},{"subequation":{"xml-id":"C19.S22.Ex15","tex":"$z_{+}^{2}-z_{-}^{2}=\\sqrt{(z^{2}-x^{2})(z^{2}-y^{2})},$"}},{"subequation":{"xml-id":"C19.S22.Ex16","tex":"$4(z_{\\pm}^{2}-a^{2})=(\\sqrt{z^{2}-x^{2}}\\pm\\sqrt{z^{2}-y^{2}})^{2}.$"}}]}}{"equation":{"symbols-used":[{"symbol":{"tex":"$R_{F}\\left(\\NVar{x},\\NVar{y},\\NVar{z}\\right)$","meaning":"symmetric elliptic integral of first kind","idref":"C19.S16.E1","content-tex":"$\\CarlsonsymellintRF@{\\NVar{x}}{\\NVar{y}}{\\NVar{z}}$"}}],"context-references":{"sentence-num-in-corpus":"11466","subsection-xmlid":"C19.S22.SS3","sentence-xmlid":"C19.S22.SS3.p1.s3","chapter-title":"Elliptic Integrals","chapter-xmlid":"C19","section-title":"Quadratic Transformations","sentence-num-in-chapter":"369","section-xmlid":"C19.S22","sentence-num-in-section":"17","para-num-of-sentences":"3","para-xmlid":"C19.S22.SS3.p1","subsection-title":"Incomplete Integrals"},"xml-id":"C19.S22.E18","tex":"$R_{F}\\left(x^{2},y^{2},z^{2}\\right)=R_{F}\\left(a^{2},z_{-}^{2},z_{+}^{2}\\right),$","permalink":"http:\/\/dlmf.nist.gov\/19.22.E18","equation-number":"19.22.18","content-tex":"$\\CarlsonsymellintRF@{x^{2}}{y^{2}}{z^{2}}=\\CarlsonsymellintRF@{a^{2}}{z_{-}^{2 }}{z_{+}^{2}},$"}}{"equation":{"symbols-used":[{"symbol":{"tex":"$R_{D}\\left(\\NVar{x},\\NVar{y},\\NVar{z}\\right)$","meaning":"elliptic integral symmetric in only two variables","idref":"C19.S16.E5","content-tex":"$\\CarlsonsymellintRD@{\\NVar{x}}{\\NVar{y}}{\\NVar{z}}$"}},{"symbol":{"tex":"$R_{F}\\left(\\NVar{x},\\NVar{y},\\NVar{z}\\right)$","meaning":"symmetric elliptic integral of first kind","idref":"C19.S16.E1","content-tex":"$\\CarlsonsymellintRF@{\\NVar{x}}{\\NVar{y}}{\\NVar{z}}$"}}],"context-references":{"sentence-num-in-corpus":"11466","subsection-xmlid":"C19.S22.SS3","sentence-xmlid":"C19.S22.SS3.p1.s3","chapter-title":"Elliptic Integrals","chapter-xmlid":"C19","section-title":"Quadratic Transformations","sentence-num-in-chapter":"369","section-xmlid":"C19.S22","sentence-num-in-section":"17","para-num-of-sentences":"3","para-xmlid":"C19.S22.SS3.p1","subsection-title":"Incomplete Integrals"},"xml-id":"C19.S22.E19","tex":"$(z_{\\pm}^{2}-z_{\\mp}^{2})R_{D}\\left(x^{2},y^{2},z^{2}\\right)={2(z_{\\pm}^{2}-a^ {2})}R_{D}\\left(a^{2},z_{\\mp}^{2},z_{\\pm}^{2}\\right)-3R_{F}\\left(x^{2},y^{2},z ^{2}\\right)+(3\/z),$","permalink":"http:\/\/dlmf.nist.gov\/19.22.E19","equation-number":"19.22.19","content-tex":"$(z_{\\pm}^{2}-z_{\\mp}^{2})\\CarlsonsymellintRD@{x^{2}}{y^{2}}{z^{2}}={2(z_{\\pm}^ {2}-a^{2})}\\CarlsonsymellintRD@{a^{2}}{z_{\\mp}^{2}}{z_{\\pm}^{2}}-3 \\CarlsonsymellintRF@{x^{2}}{y^{2}}{z^{2}}+(3\/z),$"}}{"equation":{"symbols-used":[{"symbol":{"tex":"$R_{C}\\left(\\NVar{x},\\NVar{y}\\right)$","meaning":"Carlson\u2019s combination of inverse circular and inverse hyperbolic functions","idref":"C19.S2.E17","content-tex":"$\\CarlsonellintRC@{\\NVar{x}}{\\NVar{y}}$"}},{"symbol":{"tex":"$R_{F}\\left(\\NVar{x},\\NVar{y},\\NVar{z}\\right)$","meaning":"symmetric elliptic integral of first kind","idref":"C19.S16.E1","content-tex":"$\\CarlsonsymellintRF@{\\NVar{x}}{\\NVar{y}}{\\NVar{z}}$"}},{"symbol":{"tex":"$R_{J}\\left(\\NVar{x},\\NVar{y},\\NVar{z},\\NVar{p}\\right)$","meaning":"symmetric elliptic integral of third kind","idref":"C19.S16.E2","content-tex":"$\\CarlsonsymellintRJ@{\\NVar{x}}{\\NVar{y}}{\\NVar{z}}{\\NVar{p}}$"}}],"context-references":{"sentence-num-in-corpus":"11466","subsection-xmlid":"C19.S22.SS3","sentence-xmlid":"C19.S22.SS3.p1.s3","chapter-title":"Elliptic Integrals","chapter-xmlid":"C19","section-title":"Quadratic Transformations","sentence-num-in-chapter":"369","section-xmlid":"C19.S22","sentence-num-in-section":"17","para-num-of-sentences":"3","para-xmlid":"C19.S22.SS3.p1","subsection-title":"Incomplete Integrals"},"xml-id":"C19.S22.E20","tex":"$(p_{\\pm}^{2}-p_{\\mp}^{2})R_{J}\\left(x^{2},y^{2},z^{2},p^{2}\\right)=2(p_{\\pm}^{ 2}-a^{2})R_{J}\\left(a^{2},z_{+}^{2},z_{-}^{2},p_{\\pm}^{2}\\right)-3R_{F}\\left(x ^{2},y^{2},z^{2}\\right)+3R_{C}\\left(z^{2},p^{2}\\right),$","permalink":"http:\/\/dlmf.nist.gov\/19.22.E20","equation-number":"19.22.20","content-tex":"$(p_{\\pm}^{2}-p_{\\mp}^{2})\\CarlsonsymellintRJ@{x^{2}}{y^{2}}{z^{2}}{p^{2}}=2(p_ {\\pm}^{2}-a^{2})\\CarlsonsymellintRJ@{a^{2}}{z_{+}^{2}}{z_{-}^{2}}{p_{\\pm}^{2}} -3\\CarlsonsymellintRF@{x^{2}}{y^{2}}{z^{2}}+3\\CarlsonellintRC@{z^{2}}{p^{2}},$"}}{"equation":{"symbols-used":[{"symbol":{"tex":"$R_{F}\\left(\\NVar{x},\\NVar{y},\\NVar{z}\\right)$","meaning":"symmetric elliptic integral of first kind","idref":"C19.S16.E1","content-tex":"$\\CarlsonsymellintRF@{\\NVar{x}}{\\NVar{y}}{\\NVar{z}}$"}},{"symbol":{"tex":"$R_{G}\\left(\\NVar{x},\\NVar{y},\\NVar{z}\\right)$","meaning":"symmetric elliptic integral of second kind","idref":"C19.S16.E3","content-tex":"$\\CarlsonsymellintRG@{\\NVar{x}}{\\NVar{y}}{\\NVar{z}}$"}}],"context-references":{"sentence-num-in-corpus":"11466","subsection-xmlid":"C19.S22.SS3","sentence-xmlid":"C19.S22.SS3.p1.s3","chapter-title":"Elliptic Integrals","chapter-xmlid":"C19","section-title":"Quadratic Transformations","sentence-num-in-chapter":"369","section-xmlid":"C19.S22","sentence-num-in-section":"17","para-num-of-sentences":"3","para-xmlid":"C19.S22.SS3.p1","subsection-title":"Incomplete Integrals"},"xml-id":"C19.S22.E21","tex":"$2R_{G}\\left(x^{2},y^{2},z^{2}\\right)=4R_{G}\\left(a^{2},z_{+}^{2},z_{-}^{2} \\right)-xyR_{F}\\left(x^{2},y^{2},z^{2}\\right)-z,$","permalink":"http:\/\/dlmf.nist.gov\/19.22.E21","equation-number":"19.22.21","content-tex":"$2\\CarlsonsymellintRG@{x^{2}}{y^{2}}{z^{2}}=4\\CarlsonsymellintRG@{a^{2}}{z_{+}^ {2}}{z_{-}^{2}}-xy\\CarlsonsymellintRF@{x^{2}}{y^{2}}{z^{2}}-z,$"}}{"equation":{"symbols-used":[{"symbol":{"tex":"$R_{C}\\left(\\NVar{x},\\NVar{y}\\right)$","meaning":"Carlson\u2019s combination of inverse circular and inverse hyperbolic functions","idref":"C19.S2.E17","content-tex":"$\\CarlsonellintRC@{\\NVar{x}}{\\NVar{y}}$"}}],"context-references":{"sentence-num-in-corpus":"11466","subsection-xmlid":"C19.S22.SS3","sentence-xmlid":"C19.S22.SS3.p1.s3","chapter-title":"Elliptic Integrals","chapter-xmlid":"C19","section-title":"Quadratic Transformations","sentence-num-in-chapter":"369","section-xmlid":"C19.S22","sentence-num-in-section":"17","para-num-of-sentences":"3","para-xmlid":"C19.S22.SS3.p1","subsection-title":"Incomplete Integrals"},"xml-id":"C19.S22.E22","tex":"$R_{C}\\left(x^{2},y^{2}\\right)=R_{C}\\left(a^{2},ay\\right).$","permalink":"http:\/\/dlmf.nist.gov\/19.22.E22","equation-number":"19.22.22","content-tex":"$\\CarlsonellintRC@{x^{2}}{y^{2}}=\\CarlsonellintRC@{a^{2}}{ay}.$"}}{"expression":{"context-references":{"sentence-num-in-corpus":"11467","subsection-xmlid":"C19.S22.SS3","sentence-xmlid":"C19.S22.SS3.p2.s1","chapter-title":"Elliptic Integrals","chapter-xmlid":"C19","section-title":"Quadratic Transformations","sentence-num-in-chapter":"370","section-xmlid":"C19.S22","sentence-num-in-section":"18","para-num-of-sentences":"2","para-xmlid":"C19.S22.SS3.p2","subsection-title":"Incomplete Integrals"},"xml-id":"C19.S22.SS3.p2.m1","tex":"$x,y,z$"}}{"expression":{"context-references":{"sentence-num-in-corpus":"11467","subsection-xmlid":"C19.S22.SS3","sentence-xmlid":"C19.S22.SS3.p2.s1","chapter-title":"Elliptic Integrals","chapter-xmlid":"C19","section-title":"Quadratic Transformations","sentence-num-in-chapter":"370","section-xmlid":"C19.S22","sentence-num-in-section":"18","para-num-of-sentences":"2","para-xmlid":"C19.S22.SS3.p2","subsection-title":"Incomplete Integrals"},"xml-id":"C19.S22.SS3.p2.m2","tex":"$x,y<z$"}}{"expression":{"context-references":{"sentence-num-in-corpus":"11467","subsection-xmlid":"C19.S22.SS3","sentence-xmlid":"C19.S22.SS3.p2.s1","chapter-title":"Elliptic Integrals","chapter-xmlid":"C19","section-title":"Quadratic Transformations","sentence-num-in-chapter":"370","section-xmlid":"C19.S22","sentence-num-in-section":"18","para-num-of-sentences":"2","para-xmlid":"C19.S22.SS3.p2","subsection-title":"Incomplete Integrals"},"xml-id":"C19.S22.SS3.p2.m3","tex":"$a<z_{-}<z_{+}$"}}{"expression":{"context-references":{"sentence-num-in-corpus":"11467","subsection-xmlid":"C19.S22.SS3","sentence-xmlid":"C19.S22.SS3.p2.s1","chapter-title":"Elliptic Integrals","chapter-xmlid":"C19","section-title":"Quadratic Transformations","sentence-num-in-chapter":"370","section-xmlid":"C19.S22","sentence-num-in-section":"18","para-num-of-sentences":"2","para-xmlid":"C19.S22.SS3.p2","subsection-title":"Incomplete Integrals"},"xml-id":"C19.S22.SS3.p2.m4","tex":"$z<x,y$"}}{"expression":{"context-references":{"sentence-num-in-corpus":"11467","subsection-xmlid":"C19.S22.SS3","sentence-xmlid":"C19.S22.SS3.p2.s1","chapter-title":"Elliptic Integrals","chapter-xmlid":"C19","section-title":"Quadratic Transformations","sentence-num-in-chapter":"370","section-xmlid":"C19.S22","sentence-num-in-section":"18","para-num-of-sentences":"2","para-xmlid":"C19.S22.SS3.p2","subsection-title":"Incomplete Integrals"},"xml-id":"C19.S22.SS3.p2.m5","tex":"$z_{+}<z_{-}<a$"}}{"expression":{"context-references":{"sentence-num-in-corpus":"11467","subsection-xmlid":"C19.S22.SS3","sentence-xmlid":"C19.S22.SS3.p2.s1","chapter-title":"Elliptic Integrals","chapter-xmlid":"C19","section-title":"Quadratic Transformations","sentence-num-in-chapter":"370","section-xmlid":"C19.S22","sentence-num-in-section":"18","para-num-of-sentences":"2","para-xmlid":"C19.S22.SS3.p2","subsection-title":"Incomplete Integrals"},"xml-id":"C19.S22.SS3.p2.m6","tex":"$k$"}}{"expression":{"context-references":{"sentence-num-in-corpus":"11469","subsection-xmlid":"C19.S22.SS3","sentence-xmlid":"C19.S22.SS3.p3.s1","chapter-title":"Elliptic Integrals","chapter-xmlid":"C19","section-title":"Quadratic Transformations","sentence-num-in-chapter":"372","section-xmlid":"C19.S22","sentence-num-in-section":"20","para-num-of-sentences":"2","para-xmlid":"C19.S22.SS3.p3","subsection-title":"Incomplete Integrals"},"xml-id":"C19.S22.SS3.p3.m1","tex":"$p=x$"}}{"expression":{"context-references":{"sentence-num-in-corpus":"11469","subsection-xmlid":"C19.S22.SS3","sentence-xmlid":"C19.S22.SS3.p3.s1","chapter-title":"Elliptic Integrals","chapter-xmlid":"C19","section-title":"Quadratic Transformations","sentence-num-in-chapter":"372","section-xmlid":"C19.S22","sentence-num-in-section":"20","para-num-of-sentences":"2","para-xmlid":"C19.S22.SS3.p3","subsection-title":"Incomplete Integrals"},"xml-id":"C19.S22.SS3.p3.m2","tex":"$p=y$"}}{"expression":{"context-references":{"sentence-num-in-corpus":"11469","subsection-xmlid":"C19.S22.SS3","sentence-xmlid":"C19.S22.SS3.p3.s1","chapter-title":"Elliptic Integrals","chapter-xmlid":"C19","section-title":"Quadratic Transformations","sentence-num-in-chapter":"372","section-xmlid":"C19.S22","sentence-num-in-section":"20","para-num-of-sentences":"2","para-xmlid":"C19.S22.SS3.p3","subsection-title":"Incomplete Integrals"},"xml-id":"C19.S22.SS3.p3.m3","tex":"$0=0$"}}{"expression":{"context-references":{"sentence-num-in-corpus":"11469","subsection-xmlid":"C19.S22.SS3","sentence-xmlid":"C19.S22.SS3.p3.s1","chapter-title":"Elliptic Integrals","chapter-xmlid":"C19","section-title":"Quadratic Transformations","sentence-num-in-chapter":"372","section-xmlid":"C19.S22","sentence-num-in-section":"20","para-num-of-sentences":"2","para-xmlid":"C19.S22.SS3.p3","subsection-title":"Incomplete Integrals"},"xml-id":"C19.S22.SS3.p3.m4","tex":"$z=x$"}}{"expression":{"context-references":{"sentence-num-in-corpus":"11469","subsection-xmlid":"C19.S22.SS3","sentence-xmlid":"C19.S22.SS3.p3.s1","chapter-title":"Elliptic Integrals","chapter-xmlid":"C19","section-title":"Quadratic Transformations","sentence-num-in-chapter":"372","section-xmlid":"C19.S22","sentence-num-in-section":"20","para-num-of-sentences":"2","para-xmlid":"C19.S22.SS3.p3","subsection-title":"Incomplete Integrals"},"xml-id":"C19.S22.SS3.p3.m5","tex":"$z=y$"}}{"expression":{"context-references":{"sentence-num-in-corpus":"11469","subsection-xmlid":"C19.S22.SS3","sentence-xmlid":"C19.S22.SS3.p3.s1","chapter-title":"Elliptic Integrals","chapter-xmlid":"C19","section-title":"Quadratic Transformations","sentence-num-in-chapter":"372","section-xmlid":"C19.S22","sentence-num-in-section":"20","para-num-of-sentences":"2","para-xmlid":"C19.S22.SS3.p3","subsection-title":"Incomplete Integrals"},"xml-id":"C19.S22.SS3.p3.m6","tex":"$0=0$"}}{"expression":{"context-references":{"sentence-num-in-corpus":"11470","subsection-xmlid":"C19.S22.SS3","sentence-xmlid":"C19.S22.SS3.p3.s2","chapter-title":"Elliptic Integrals","chapter-xmlid":"C19","section-title":"Quadratic Transformations","sentence-num-in-chapter":"373","section-xmlid":"C19.S22","sentence-num-in-section":"21","para-num-of-sentences":"2","para-xmlid":"C19.S22.SS3.p3","subsection-title":"Incomplete Integrals"},"xml-id":"C19.S22.SS3.p3.m7","tex":"$x<z<y$"}}{"expression":{"context-references":{"sentence-num-in-corpus":"11470","subsection-xmlid":"C19.S22.SS3","sentence-xmlid":"C19.S22.SS3.p3.s2","chapter-title":"Elliptic Integrals","chapter-xmlid":"C19","section-title":"Quadratic Transformations","sentence-num-in-chapter":"373","section-xmlid":"C19.S22","sentence-num-in-section":"21","para-num-of-sentences":"2","para-xmlid":"C19.S22.SS3.p3","subsection-title":"Incomplete Integrals"},"xml-id":"C19.S22.SS3.p3.m8","tex":"$y<z<x$"}}{"expression":{"context-references":{"sentence-num-in-corpus":"11470","subsection-xmlid":"C19.S22.SS3","sentence-xmlid":"C19.S22.SS3.p3.s2","chapter-title":"Elliptic Integrals","chapter-xmlid":"C19","section-title":"Quadratic Transformations","sentence-num-in-chapter":"373","section-xmlid":"C19.S22","sentence-num-in-section":"21","para-num-of-sentences":"2","para-xmlid":"C19.S22.SS3.p3","subsection-title":"Incomplete Integrals"},"xml-id":"C19.S22.SS3.p3.m9","tex":"$z_{+}$"}}{"expression":{"context-references":{"sentence-num-in-corpus":"11470","subsection-xmlid":"C19.S22.SS3","sentence-xmlid":"C19.S22.SS3.p3.s2","chapter-title":"Elliptic Integrals","chapter-xmlid":"C19","section-title":"Quadratic Transformations","sentence-num-in-chapter":"373","section-xmlid":"C19.S22","sentence-num-in-section":"21","para-num-of-sentences":"2","para-xmlid":"C19.S22.SS3.p3","subsection-title":"Incomplete Integrals"},"xml-id":"C19.S22.SS3.p3.m10","tex":"$z_{-}$"}}{"expression":{"context-references":{"sentence-num-in-corpus":"11470","subsection-xmlid":"C19.S22.SS3","sentence-xmlid":"C19.S22.SS3.p3.s2","chapter-title":"Elliptic Integrals","chapter-xmlid":"C19","section-title":"Quadratic Transformations","sentence-num-in-chapter":"373","section-xmlid":"C19.S22","sentence-num-in-section":"21","para-num-of-sentences":"2","para-xmlid":"C19.S22.SS3.p3","subsection-title":"Incomplete Integrals"},"xml-id":"C19.S22.SS3.p3.m11","tex":"$x$"}}{"expression":{"context-references":{"sentence-num-in-corpus":"11470","subsection-xmlid":"C19.S22.SS3","sentence-xmlid":"C19.S22.SS3.p3.s2","chapter-title":"Elliptic Integrals","chapter-xmlid":"C19","section-title":"Quadratic Transformations","sentence-num-in-chapter":"373","section-xmlid":"C19.S22","sentence-num-in-section":"21","para-num-of-sentences":"2","para-xmlid":"C19.S22.SS3.p3","subsection-title":"Incomplete Integrals"},"xml-id":"C19.S22.SS3.p3.m12","tex":"$y$"}}{"expression":{"context-references":{"sentence-num-in-corpus":"11470","subsection-xmlid":"C19.S22.SS3","sentence-xmlid":"C19.S22.SS3.p3.s2","chapter-title":"Elliptic Integrals","chapter-xmlid":"C19","section-title":"Quadratic Transformations","sentence-num-in-chapter":"373","section-xmlid":"C19.S22","sentence-num-in-section":"21","para-num-of-sentences":"2","para-xmlid":"C19.S22.SS3.p3","subsection-title":"Incomplete Integrals"},"xml-id":"C19.S22.SS3.p3.m13","tex":"$z$"}}{"expression":{"context-references":{"sentence-num-in-corpus":"11470","subsection-xmlid":"C19.S22.SS3","sentence-xmlid":"C19.S22.SS3.p3.s2","chapter-title":"Elliptic Integrals","chapter-xmlid":"C19","section-title":"Quadratic Transformations","sentence-num-in-chapter":"373","section-xmlid":"C19.S22","sentence-num-in-section":"21","para-num-of-sentences":"2","para-xmlid":"C19.S22.SS3.p3","subsection-title":"Incomplete Integrals"},"xml-id":"C19.S22.SS3.p3.m14","tex":"$p$"}}{"expression":{"context-references":{"sentence-num-in-corpus":"11470","subsection-xmlid":"C19.S22.SS3","sentence-xmlid":"C19.S22.SS3.p3.s2","chapter-title":"Elliptic Integrals","chapter-xmlid":"C19","section-title":"Quadratic Transformations","sentence-num-in-chapter":"373","section-xmlid":"C19.S22","sentence-num-in-section":"21","para-num-of-sentences":"2","para-xmlid":"C19.S22.SS3.p3","subsection-title":"Incomplete Integrals"},"xml-id":"C19.S22.SS3.p3.m15","tex":"$p_{\\pm}^{2}-p_{\\mp}^{2}=\\pm|p^{2}-x^{2}|\\neq 0$"}}{"equation":{"context-references":{"sentence-num-in-corpus":"11472","subsection-xmlid":"C19.S22.SS3","sentence-xmlid":"C19.S22.SS3.p4.s2","chapter-title":"Elliptic Integrals","chapter-xmlid":"C19","section-title":"Quadratic Transformations","sentence-num-in-chapter":"375","section-xmlid":"C19.S22","sentence-num-in-section":"23","para-num-of-sentences":"3","para-xmlid":"C19.S22.SS3.p4","subsection-title":"Incomplete Integrals"},"xml-id":"C19.S22.E23","permalink":"http:\/\/dlmf.nist.gov\/19.22.E23","equation-number":"19.22.23","subequations":[{"subequation":{"xml-id":"C19.S22.Ex17","tex":"$x+y=2a,$"}},{"subequation":{"xml-id":"C19.S22.Ex18","tex":"$x-y=(\\ifrac{2}{a})\\sqrt{(a^{2}-z_{+}^{2})(a^{2}-z_{-}^{2})},$"}},{"subequation":{"xml-id":"C19.S22.Ex19","tex":"$z=\\ifrac{z_{+}z_{-}}{a},$"}}]}}{"expression":{"context-references":{"sentence-num-in-corpus":"11472","subsection-xmlid":"C19.S22.SS3","sentence-xmlid":"C19.S22.SS3.p4.s2","chapter-title":"Elliptic Integrals","chapter-xmlid":"C19","section-title":"Quadratic Transformations","sentence-num-in-chapter":"375","section-xmlid":"C19.S22","sentence-num-in-section":"23","para-num-of-sentences":"3","para-xmlid":"C19.S22.SS3.p4","subsection-title":"Incomplete Integrals"},"xml-id":"C19.S22.SS3.p4.m1","tex":"$z$"}}{"expression":{"context-references":{"sentence-num-in-corpus":"11472","subsection-xmlid":"C19.S22.SS3","sentence-xmlid":"C19.S22.SS3.p4.s2","chapter-title":"Elliptic Integrals","chapter-xmlid":"C19","section-title":"Quadratic Transformations","sentence-num-in-chapter":"375","section-xmlid":"C19.S22","sentence-num-in-section":"23","para-num-of-sentences":"3","para-xmlid":"C19.S22.SS3.p4","subsection-title":"Incomplete Integrals"},"xml-id":"C19.S22.SS3.p4.m2","tex":"$z_{+}$"}}{"expression":{"context-references":{"sentence-num-in-corpus":"11472","subsection-xmlid":"C19.S22.SS3","sentence-xmlid":"C19.S22.SS3.p4.s2","chapter-title":"Elliptic Integrals","chapter-xmlid":"C19","section-title":"Quadratic Transformations","sentence-num-in-chapter":"375","section-xmlid":"C19.S22","sentence-num-in-section":"23","para-num-of-sentences":"3","para-xmlid":"C19.S22.SS3.p4","subsection-title":"Incomplete Integrals"},"xml-id":"C19.S22.SS3.p4.m3","tex":"$z_{-}$"}}{"expression":{"context-references":{"sentence-num-in-corpus":"11472","subsection-xmlid":"C19.S22.SS3","sentence-xmlid":"C19.S22.SS3.p4.s2","chapter-title":"Elliptic Integrals","chapter-xmlid":"C19","section-title":"Quadratic Transformations","sentence-num-in-chapter":"375","section-xmlid":"C19.S22","sentence-num-in-section":"23","para-num-of-sentences":"3","para-xmlid":"C19.S22.SS3.p4","subsection-title":"Incomplete Integrals"},"xml-id":"C19.S22.SS3.p4.m4","tex":"$p$"}}{"expression":{"context-references":{"sentence-num-in-corpus":"11472","subsection-xmlid":"C19.S22.SS3","sentence-xmlid":"C19.S22.SS3.p4.s2","chapter-title":"Elliptic Integrals","chapter-xmlid":"C19","section-title":"Quadratic Transformations","sentence-num-in-chapter":"375","section-xmlid":"C19.S22","sentence-num-in-section":"23","para-num-of-sentences":"3","para-xmlid":"C19.S22.SS3.p4","subsection-title":"Incomplete Integrals"},"xml-id":"C19.S22.SS3.p4.m5","tex":"$p_{+}$"}}{"expression":{"context-references":{"sentence-num-in-corpus":"11472","subsection-xmlid":"C19.S22.SS3","sentence-xmlid":"C19.S22.SS3.p4.s2","chapter-title":"Elliptic Integrals","chapter-xmlid":"C19","section-title":"Quadratic Transformations","sentence-num-in-chapter":"375","section-xmlid":"C19.S22","sentence-num-in-section":"23","para-num-of-sentences":"3","para-xmlid":"C19.S22.SS3.p4","subsection-title":"Incomplete Integrals"},"xml-id":"C19.S22.SS3.p4.m6","tex":"$p_{-}$"}}{"expression":{"context-references":{"sentence-num-in-corpus":"11473","subsection-xmlid":"C19.S22.SS3","sentence-xmlid":"C19.S22.SS3.p4.s3","chapter-title":"Elliptic Integrals","chapter-xmlid":"C19","section-title":"Quadratic Transformations","sentence-num-in-chapter":"376","section-xmlid":"C19.S22","sentence-num-in-section":"24","para-num-of-sentences":"3","para-xmlid":"C19.S22.SS3.p4","subsection-title":"Incomplete Integrals"},"xml-id":"C19.S22.SS3.p4.m7","tex":"$y$"}}{"expression":{"context-references":{"sentence-num-in-corpus":"11473","subsection-xmlid":"C19.S22.SS3","sentence-xmlid":"C19.S22.SS3.p4.s3","chapter-title":"Elliptic Integrals","chapter-xmlid":"C19","section-title":"Quadratic Transformations","sentence-num-in-chapter":"376","section-xmlid":"C19.S22","sentence-num-in-section":"24","para-num-of-sentences":"3","para-xmlid":"C19.S22.SS3.p4","subsection-title":"Incomplete Integrals"},"xml-id":"C19.S22.SS3.p4.m8","tex":"$0<a<z_{+}z_{-}\\left(z_{+}^{2}+z_{-}^{2}\\right)^{-1\/2}$"}}