{"expression":{"xml-id":"C19.S21.SS1.info.m1","tex":"$x=0$","context":{"chapter-title":"Elliptic Integrals","chapter-xmlid":"C19"}}}{"expression":{"xml-id":"C19.S21.SS1.info.m2","tex":"$x=0$","context":{"chapter-title":"Elliptic Integrals","chapter-xmlid":"C19"}}}{"equation":{"symbols-used":[{"symbol":{"tex":"$R_{D}\\left(\\NVar{x},\\NVar{y},\\NVar{z}\\right)$","meaning":"elliptic integral symmetric in only two variables","idref":"C19.S16.E5","content-tex":"$\\CarlsonsymellintRD@{\\NVar{x}}{\\NVar{y}}{\\NVar{z}}$"}},{"symbol":{"tex":"$R_{F}\\left(\\NVar{x},\\NVar{y},\\NVar{z}\\right)$","meaning":"symmetric elliptic integral of first kind","idref":"C19.S16.E1","content-tex":"$\\CarlsonsymellintRF@{\\NVar{x}}{\\NVar{y}}{\\NVar{z}}$"}},{"symbol":{"tex":"$\\pi$","meaning":"the ratio of the circumference of a circle to its diameter","idref":"C3.S12.E1","content-tex":"$\\cpi$"}},{"symbol":{"tex":"$\\mathbb{C}$","meaning":"complex plane","idref":"introduction.Sx4.p1.t1.r1","content-tex":"$\\Complexes$"}},{"symbol":{"tex":"$\\in$","meaning":"element of","idref":"introduction.Sx4.p1.t1.r10"}},{"symbol":{"tex":"$(\\NVar{a},\\NVar{b}]$","meaning":"half-closed interval","idref":"introduction.Sx4.p2.t1.r1"}},{"symbol":{"tex":"$\\setminus$","meaning":"set subtraction","idref":"introduction.Sx4.p2.t1.r19"}}],"xml-id":"C19.S21.E1","tex":"$R_{F}\\left(0,z+1,z\\right)R_{D}\\left(0,z+1,1\\right)+R_{D}\\left(0,z+1,z\\right)R_ {F}\\left(0,z+1,1\\right)=3\\pi\/(2z),$","context":{"sentence-num-in-corpus":"11430","subsection-xmlid":"C19.S21.SS1","sentence-xmlid":"C19.S21.SS1.p1.s1","chapter-title":"Elliptic Integrals","chapter-xmlid":"C19","section-title":"Connection Formulas","sentence-num-in-chapter":"333","section-xmlid":"C19.S21","sentence-num-in-section":"1","para-num-of-sentences":"4","para-xmlid":"C19.S21.SS1.p1","subsection-title":"Complete Integrals"},"permalink":"http:\/\/dlmf.nist.gov\/19.21.E1","equation-number":"19.21.1","constraints":{"tex":"$z\\in\\mathbb{C}\\setminus(-\\infty,0]$.","content-tex":"$z\\in\\Complexes\\setminus(-\\infty,0]$."},"content-tex":"$\\CarlsonsymellintRF@{0}{z+1}{z}\\CarlsonsymellintRD@{0}{z+1}{1}+ \\CarlsonsymellintRD@{0}{z+1}{z}\\CarlsonsymellintRF@{0}{z+1}{1}=3\\pi\/(2z),$"}}{"expression":{"xml-id":"C19.S21.SS1.p1.m1","tex":"$z=1$","context":{"sentence-num-in-corpus":"11431","subsection-xmlid":"C19.S21.SS1","sentence-xmlid":"C19.S21.SS1.p1.s2","chapter-title":"Elliptic Integrals","chapter-xmlid":"C19","section-title":"Connection Formulas","sentence-num-in-chapter":"334","section-xmlid":"C19.S21","sentence-num-in-section":"2","para-num-of-sentences":"4","para-xmlid":"C19.S21.SS1.p1","subsection-title":"Complete Integrals"}}}{"expression":{"xml-id":"C19.S21.SS1.p1.m2","tex":"$\\pi\/4$","context":{"sentence-num-in-corpus":"11431","subsection-xmlid":"C19.S21.SS1","sentence-xmlid":"C19.S21.SS1.p1.s2","chapter-title":"Elliptic Integrals","chapter-xmlid":"C19","section-title":"Connection Formulas","sentence-num-in-chapter":"334","section-xmlid":"C19.S21","sentence-num-in-section":"2","para-num-of-sentences":"4","para-xmlid":"C19.S21.SS1.p1","subsection-title":"Complete Integrals"}}}{"equation":{"symbols-used":[{"symbol":{"tex":"$R_{D}\\left(\\NVar{x},\\NVar{y},\\NVar{z}\\right)$","meaning":"elliptic integral symmetric in only two variables","idref":"C19.S16.E5","content-tex":"$\\CarlsonsymellintRD@{\\NVar{x}}{\\NVar{y}}{\\NVar{z}}$"}},{"symbol":{"tex":"$R_{F}\\left(\\NVar{x},\\NVar{y},\\NVar{z}\\right)$","meaning":"symmetric elliptic integral of first kind","idref":"C19.S16.E1","content-tex":"$\\CarlsonsymellintRF@{\\NVar{x}}{\\NVar{y}}{\\NVar{z}}$"}}],"xml-id":"C19.S21.E2","tex":"$3R_{F}\\left(0,y,z\\right)=zR_{D}\\left(0,y,z\\right)+yR_{D}\\left(0,z,y\\right).$","context":{"sentence-num-in-corpus":"11432","subsection-xmlid":"C19.S21.SS1","sentence-xmlid":"C19.S21.SS1.p1.s3","chapter-title":"Elliptic Integrals","chapter-xmlid":"C19","section-title":"Connection Formulas","sentence-num-in-chapter":"335","section-xmlid":"C19.S21","sentence-num-in-section":"3","para-num-of-sentences":"4","para-xmlid":"C19.S21.SS1.p1","subsection-title":"Complete Integrals"},"permalink":"http:\/\/dlmf.nist.gov\/19.21.E2","equation-number":"19.21.2","content-tex":"$3\\CarlsonsymellintRF@{0}{y}{z}=z\\CarlsonsymellintRD@{0}{y}{z}+y \\CarlsonsymellintRD@{0}{z}{y}.$"}}{"equation":{"symbols-used":[{"symbol":{"tex":"$R_{D}\\left(\\NVar{x},\\NVar{y},\\NVar{z}\\right)$","meaning":"elliptic integral symmetric in only two variables","idref":"C19.S16.E5","content-tex":"$\\CarlsonsymellintRD@{\\NVar{x}}{\\NVar{y}}{\\NVar{z}}$"}},{"symbol":{"tex":"$R_{F}\\left(\\NVar{x},\\NVar{y},\\NVar{z}\\right)$","meaning":"symmetric elliptic integral of first kind","idref":"C19.S16.E1","content-tex":"$\\CarlsonsymellintRF@{\\NVar{x}}{\\NVar{y}}{\\NVar{z}}$"}},{"symbol":{"tex":"$R_{G}\\left(\\NVar{x},\\NVar{y},\\NVar{z}\\right)$","meaning":"symmetric elliptic integral of second kind","idref":"C19.S16.E3","content-tex":"$\\CarlsonsymellintRG@{\\NVar{x}}{\\NVar{y}}{\\NVar{z}}$"}}],"xml-id":"C19.S21.E3","tex":"$6R_{G}\\left(0,y,z\\right)=yz(R_{D}\\left(0,y,z\\right)+R_{D}\\left(0,z,y\\right))=3 zR_{F}\\left(0,y,z\\right)+z(y-z)R_{D}\\left(0,y,z\\right).$","context":{"sentence-num-in-corpus":"11433","subsection-xmlid":"C19.S21.SS1","sentence-xmlid":"C19.S21.SS1.p1.s4","chapter-title":"Elliptic Integrals","chapter-xmlid":"C19","section-title":"Connection Formulas","sentence-num-in-chapter":"336","section-xmlid":"C19.S21","sentence-num-in-section":"4","para-num-of-sentences":"4","para-xmlid":"C19.S21.SS1.p1","subsection-title":"Complete Integrals"},"permalink":"http:\/\/dlmf.nist.gov\/19.21.E3","equation-number":"19.21.3","content-tex":"$6\\CarlsonsymellintRG@{0}{y}{z}=yz(\\CarlsonsymellintRD@{0}{y}{z}+ \\CarlsonsymellintRD@{0}{z}{y})=3z\\CarlsonsymellintRF@{0}{y}{z}+z(y-z) \\CarlsonsymellintRD@{0}{y}{z}.$"}}{"expression":{"xml-id":"C19.S21.SS1.p2.m1","tex":"$R_{F}$","context":{"sentence-num-in-corpus":"11434","subsection-xmlid":"C19.S21.SS1","sentence-xmlid":"C19.S21.SS1.p2.s1","chapter-title":"Elliptic Integrals","chapter-xmlid":"C19","section-title":"Connection Formulas","sentence-num-in-chapter":"337","section-xmlid":"C19.S21","sentence-num-in-section":"5","para-num-of-sentences":"2","para-xmlid":"C19.S21.SS1.p2","subsection-title":"Complete Integrals"},"content-tex":"$\\CarlsonsymellintRF$"}}{"expression":{"xml-id":"C19.S21.SS1.p2.m2","tex":"$R_{G}$","context":{"sentence-num-in-corpus":"11434","subsection-xmlid":"C19.S21.SS1","sentence-xmlid":"C19.S21.SS1.p2.s1","chapter-title":"Elliptic Integrals","chapter-xmlid":"C19","section-title":"Connection Formulas","sentence-num-in-chapter":"337","section-xmlid":"C19.S21","sentence-num-in-section":"5","para-num-of-sentences":"2","para-xmlid":"C19.S21.SS1.p2","subsection-title":"Complete Integrals"},"content-tex":"$\\CarlsonsymellintRG$"}}{"expression":{"xml-id":"C19.S21.SS1.p2.m3","tex":"$0<\\operatorname{ph}z<\\pi$","context":{"sentence-num-in-corpus":"11435","subsection-xmlid":"C19.S21.SS1","sentence-xmlid":"C19.S21.SS1.p2.s2","chapter-title":"Elliptic Integrals","chapter-xmlid":"C19","section-title":"Connection Formulas","sentence-num-in-chapter":"338","section-xmlid":"C19.S21","sentence-num-in-section":"6","para-num-of-sentences":"2","para-xmlid":"C19.S21.SS1.p2","subsection-title":"Complete Integrals"},"content-tex":"$0<\\phase@@{z}<\\pi$"}}{"expression":{"xml-id":"C19.S21.SS1.p2.m4","tex":"$-\\pi<\\operatorname{ph}z<0$","context":{"sentence-num-in-corpus":"11435","subsection-xmlid":"C19.S21.SS1","sentence-xmlid":"C19.S21.SS1.p2.s2","chapter-title":"Elliptic Integrals","chapter-xmlid":"C19","section-title":"Connection Formulas","sentence-num-in-chapter":"338","section-xmlid":"C19.S21","sentence-num-in-section":"6","para-num-of-sentences":"2","para-xmlid":"C19.S21.SS1.p2","subsection-title":"Complete Integrals"},"content-tex":"$-\\pi<\\phase@@{z}<0$"}}{"equation":{"symbols-used":[{"symbol":{"tex":"$R_{F}\\left(\\NVar{x},\\NVar{y},\\NVar{z}\\right)$","meaning":"symmetric elliptic integral of first kind","idref":"C19.S16.E1","content-tex":"$\\CarlsonsymellintRF@{\\NVar{x}}{\\NVar{y}}{\\NVar{z}}$"}},{"symbol":{"tex":"$\\mathrm{i}$","meaning":"imaginary unit","idref":"C1.S9.E1","content-tex":"$\\iunit$"}}],"xml-id":"C19.S21.E4","tex":"$R_{F}\\left(0,z-1,z\\right)=R_{F}\\left(0,1-z,1\\right)\\mp\\mathrm{i}R_{F}\\left(0,z ,1\\right),$","context":{"sentence-num-in-corpus":"11435","subsection-xmlid":"C19.S21.SS1","sentence-xmlid":"C19.S21.SS1.p2.s2","chapter-title":"Elliptic Integrals","chapter-xmlid":"C19","section-title":"Connection Formulas","sentence-num-in-chapter":"338","section-xmlid":"C19.S21","sentence-num-in-section":"6","para-num-of-sentences":"2","para-xmlid":"C19.S21.SS1.p2","subsection-title":"Complete Integrals"},"permalink":"http:\/\/dlmf.nist.gov\/19.21.E4","equation-number":"19.21.4","content-tex":"$\\CarlsonsymellintRF@{0}{z-1}{z}=\\CarlsonsymellintRF@{0}{1-z}{1}\\mp\\iunit \\CarlsonsymellintRF@{0}{z}{1},$"}}{"equation":{"symbols-used":[{"symbol":{"tex":"$R_{F}\\left(\\NVar{x},\\NVar{y},\\NVar{z}\\right)$","meaning":"symmetric elliptic integral of first kind","idref":"C19.S16.E1","content-tex":"$\\CarlsonsymellintRF@{\\NVar{x}}{\\NVar{y}}{\\NVar{z}}$"}},{"symbol":{"tex":"$R_{G}\\left(\\NVar{x},\\NVar{y},\\NVar{z}\\right)$","meaning":"symmetric elliptic integral of second kind","idref":"C19.S16.E3","content-tex":"$\\CarlsonsymellintRG@{\\NVar{x}}{\\NVar{y}}{\\NVar{z}}$"}},{"symbol":{"tex":"$\\mathrm{i}$","meaning":"imaginary unit","idref":"C1.S9.E1","content-tex":"$\\iunit$"}}],"xml-id":"C19.S21.E5","tex":"$2R_{G}\\left(0,z-1,z\\right)=2R_{G}\\left(0,1-z,1\\right)\\pm\\mathrm{i}2R_{G}\\left( 0,z,1\\right)+(z-1)R_{F}\\left(0,1-z,1\\right)\\mp\\mathrm{i}zR_{F}\\left(0,z,1 \\right).$","context":{"sentence-num-in-corpus":"11435","subsection-xmlid":"C19.S21.SS1","sentence-xmlid":"C19.S21.SS1.p2.s2","chapter-title":"Elliptic Integrals","chapter-xmlid":"C19","section-title":"Connection Formulas","sentence-num-in-chapter":"338","section-xmlid":"C19.S21","sentence-num-in-section":"6","para-num-of-sentences":"2","para-xmlid":"C19.S21.SS1.p2","subsection-title":"Complete Integrals"},"permalink":"http:\/\/dlmf.nist.gov\/19.21.E5","equation-number":"19.21.5","content-tex":"$2\\CarlsonsymellintRG@{0}{z-1}{z}=2\\CarlsonsymellintRG@{0}{1-z}{1}\\pm\\iunit 2 \\CarlsonsymellintRG@{0}{z}{1}+(z-1)\\CarlsonsymellintRF@{0}{1-z}{1}\\mp\\iunit z \\CarlsonsymellintRF@{0}{z}{1}.$"}}{"expression":{"xml-id":"C19.S21.SS1.p3.m1","tex":"$y$","context":{"sentence-num-in-corpus":"11436","subsection-xmlid":"C19.S21.SS1","sentence-xmlid":"C19.S21.SS1.p3.s1","chapter-title":"Elliptic Integrals","chapter-xmlid":"C19","section-title":"Connection Formulas","sentence-num-in-chapter":"339","section-xmlid":"C19.S21","sentence-num-in-section":"7","para-num-of-sentences":"3","para-xmlid":"C19.S21.SS1.p3","subsection-title":"Complete Integrals"}}}{"expression":{"xml-id":"C19.S21.SS1.p3.m2","tex":"$z$","context":{"sentence-num-in-corpus":"11436","subsection-xmlid":"C19.S21.SS1","sentence-xmlid":"C19.S21.SS1.p3.s1","chapter-title":"Elliptic Integrals","chapter-xmlid":"C19","section-title":"Connection Formulas","sentence-num-in-chapter":"339","section-xmlid":"C19.S21","sentence-num-in-section":"7","para-num-of-sentences":"3","para-xmlid":"C19.S21.SS1.p3","subsection-title":"Complete Integrals"}}}{"expression":{"xml-id":"C19.S21.SS1.p3.m3","tex":"$p$","context":{"sentence-num-in-corpus":"11436","subsection-xmlid":"C19.S21.SS1","sentence-xmlid":"C19.S21.SS1.p3.s1","chapter-title":"Elliptic Integrals","chapter-xmlid":"C19","section-title":"Connection Formulas","sentence-num-in-chapter":"339","section-xmlid":"C19.S21","sentence-num-in-section":"7","para-num-of-sentences":"3","para-xmlid":"C19.S21.SS1.p3","subsection-title":"Complete Integrals"}}}{"expression":{"xml-id":"C19.S21.SS1.p3.m4","tex":"$y$","context":{"sentence-num-in-corpus":"11436","subsection-xmlid":"C19.S21.SS1","sentence-xmlid":"C19.S21.SS1.p3.s1","chapter-title":"Elliptic Integrals","chapter-xmlid":"C19","section-title":"Connection Formulas","sentence-num-in-chapter":"339","section-xmlid":"C19.S21","sentence-num-in-section":"7","para-num-of-sentences":"3","para-xmlid":"C19.S21.SS1.p3","subsection-title":"Complete Integrals"}}}{"expression":{"xml-id":"C19.S21.SS1.p3.m5","tex":"$z$","context":{"sentence-num-in-corpus":"11436","subsection-xmlid":"C19.S21.SS1","sentence-xmlid":"C19.S21.SS1.p3.s1","chapter-title":"Elliptic Integrals","chapter-xmlid":"C19","section-title":"Connection Formulas","sentence-num-in-chapter":"339","section-xmlid":"C19.S21","sentence-num-in-section":"7","para-num-of-sentences":"3","para-xmlid":"C19.S21.SS1.p3","subsection-title":"Complete Integrals"}}}{"expression":{"xml-id":"C19.S21.SS1.p3.m6","tex":"$y$","context":{"sentence-num-in-corpus":"11436","subsection-xmlid":"C19.S21.SS1","sentence-xmlid":"C19.S21.SS1.p3.s1","chapter-title":"Elliptic Integrals","chapter-xmlid":"C19","section-title":"Connection Formulas","sentence-num-in-chapter":"339","section-xmlid":"C19.S21","sentence-num-in-section":"7","para-num-of-sentences":"3","para-xmlid":"C19.S21.SS1.p3","subsection-title":"Complete Integrals"}}}{"expression":{"xml-id":"C19.S21.SS1.p3.m7","tex":"$z$","context":{"sentence-num-in-corpus":"11436","subsection-xmlid":"C19.S21.SS1","sentence-xmlid":"C19.S21.SS1.p3.s1","chapter-title":"Elliptic Integrals","chapter-xmlid":"C19","section-title":"Connection Formulas","sentence-num-in-chapter":"339","section-xmlid":"C19.S21","sentence-num-in-section":"7","para-num-of-sentences":"3","para-xmlid":"C19.S21.SS1.p3","subsection-title":"Complete Integrals"}}}{"expression":{"xml-id":"C19.S21.SS1.p3.m8","tex":"$p$","context":{"sentence-num-in-corpus":"11436","subsection-xmlid":"C19.S21.SS1","sentence-xmlid":"C19.S21.SS1.p3.s1","chapter-title":"Elliptic Integrals","chapter-xmlid":"C19","section-title":"Connection Formulas","sentence-num-in-chapter":"339","section-xmlid":"C19.S21","sentence-num-in-section":"7","para-num-of-sentences":"3","para-xmlid":"C19.S21.SS1.p3","subsection-title":"Complete Integrals"}}}{"expression":{"xml-id":"C19.S21.SS1.p3.m9","tex":"$R_{J}$","context":{"sentence-num-in-corpus":"11437","subsection-xmlid":"C19.S21.SS1","sentence-xmlid":"C19.S21.SS1.p3.s2","chapter-title":"Elliptic Integrals","chapter-xmlid":"C19","section-title":"Connection Formulas","sentence-num-in-chapter":"340","section-xmlid":"C19.S21","sentence-num-in-section":"8","para-num-of-sentences":"3","para-xmlid":"C19.S21.SS1.p3","subsection-title":"Complete Integrals"},"content-tex":"$\\CarlsonsymellintRJ$"}}{"expression":{"xml-id":"C19.S21.SS1.p3.m10","tex":"$R_{F}$","context":{"sentence-num-in-corpus":"11437","subsection-xmlid":"C19.S21.SS1","sentence-xmlid":"C19.S21.SS1.p3.s2","chapter-title":"Elliptic Integrals","chapter-xmlid":"C19","section-title":"Connection Formulas","sentence-num-in-chapter":"340","section-xmlid":"C19.S21","sentence-num-in-section":"8","para-num-of-sentences":"3","para-xmlid":"C19.S21.SS1.p3","subsection-title":"Complete Integrals"},"content-tex":"$\\CarlsonsymellintRF$"}}{"expression":{"xml-id":"C19.S21.SS1.p3.m11","tex":"$R_{D}$","context":{"sentence-num-in-corpus":"11437","subsection-xmlid":"C19.S21.SS1","sentence-xmlid":"C19.S21.SS1.p3.s2","chapter-title":"Elliptic Integrals","chapter-xmlid":"C19","section-title":"Connection Formulas","sentence-num-in-chapter":"340","section-xmlid":"C19.S21","sentence-num-in-section":"8","para-num-of-sentences":"3","para-xmlid":"C19.S21.SS1.p3","subsection-title":"Complete Integrals"},"content-tex":"$\\CarlsonsymellintRD$"}}{"equation":{"symbols-used":[{"symbol":{"tex":"$R_{D}\\left(\\NVar{x},\\NVar{y},\\NVar{z}\\right)$","meaning":"elliptic integral symmetric in only two variables","idref":"C19.S16.E5","content-tex":"$\\CarlsonsymellintRD@{\\NVar{x}}{\\NVar{y}}{\\NVar{z}}$"}},{"symbol":{"tex":"$R_{F}\\left(\\NVar{x},\\NVar{y},\\NVar{z}\\right)$","meaning":"symmetric elliptic integral of first kind","idref":"C19.S16.E1","content-tex":"$\\CarlsonsymellintRF@{\\NVar{x}}{\\NVar{y}}{\\NVar{z}}$"}},{"symbol":{"tex":"$R_{J}\\left(\\NVar{x},\\NVar{y},\\NVar{z},\\NVar{p}\\right)$","meaning":"symmetric elliptic integral of third kind","idref":"C19.S16.E2","content-tex":"$\\CarlsonsymellintRJ@{\\NVar{x}}{\\NVar{y}}{\\NVar{z}}{\\NVar{p}}$"}}],"xml-id":"C19.S21.E6","tex":"$(\\sqrt{rp}\/z)R_{J}\\left(0,y,z,p\\right)={(r-1)}R_{F}\\left(0,y,z\\right)R_{D} \\left(p,rz,z\\right)+R_{D}\\left(0,y,z\\right)R_{F}\\left(p,rz,z\\right),$","context":{"sentence-num-in-corpus":"11437","subsection-xmlid":"C19.S21.SS1","sentence-xmlid":"C19.S21.SS1.p3.s2","chapter-title":"Elliptic Integrals","chapter-xmlid":"C19","section-title":"Connection Formulas","sentence-num-in-chapter":"340","section-xmlid":"C19.S21","sentence-num-in-section":"8","para-num-of-sentences":"3","para-xmlid":"C19.S21.SS1.p3","subsection-title":"Complete Integrals"},"permalink":"http:\/\/dlmf.nist.gov\/19.21.E6","equation-number":"19.21.6","constraints":{"tex":"$r=(y-p)\/(y-z)>0$."},"content-tex":"$(\\sqrt{rp}\/z)\\CarlsonsymellintRJ@{0}{y}{z}{p}={(r-1)}\\CarlsonsymellintRF@{0}{y }{z}\\CarlsonsymellintRD@{p}{rz}{z}+\\CarlsonsymellintRD@{0}{y}{z} \\CarlsonsymellintRF@{p}{rz}{z},$"}}{"expression":{"xml-id":"C19.S21.SS1.p3.m12","tex":"$0<p<z$","context":{"sentence-num-in-corpus":"11438","subsection-xmlid":"C19.S21.SS1","sentence-xmlid":"C19.S21.SS1.p3.s3","chapter-title":"Elliptic Integrals","chapter-xmlid":"C19","section-title":"Connection Formulas","sentence-num-in-chapter":"341","section-xmlid":"C19.S21","sentence-num-in-section":"9","para-num-of-sentences":"3","para-xmlid":"C19.S21.SS1.p3","subsection-title":"Complete Integrals"}}}{"expression":{"xml-id":"C19.S21.SS1.p3.m13","tex":"$y=z+1$","context":{"sentence-num-in-corpus":"11438","subsection-xmlid":"C19.S21.SS1","sentence-xmlid":"C19.S21.SS1.p3.s3","chapter-title":"Elliptic Integrals","chapter-xmlid":"C19","section-title":"Connection Formulas","sentence-num-in-chapter":"341","section-xmlid":"C19.S21","sentence-num-in-section":"9","para-num-of-sentences":"3","para-xmlid":"C19.S21.SS1.p3","subsection-title":"Complete Integrals"}}}{"expression":{"xml-id":"C19.S21.SS1.p3.m14","tex":"$p\\to 0$","context":{"sentence-num-in-corpus":"11438","subsection-xmlid":"C19.S21.SS1","sentence-xmlid":"C19.S21.SS1.p3.s3","chapter-title":"Elliptic Integrals","chapter-xmlid":"C19","section-title":"Connection Formulas","sentence-num-in-chapter":"341","section-xmlid":"C19.S21","sentence-num-in-section":"9","para-num-of-sentences":"3","para-xmlid":"C19.S21.SS1.p3","subsection-title":"Complete Integrals"}}}{"expression":{"xml-id":"C19.S21.SS2.info.m1","tex":"$R_{D}\\left(z,x,y\\right)$","context":{"chapter-title":"Elliptic Integrals","chapter-xmlid":"C19"},"content-tex":"$\\CarlsonsymellintRD@{z}{x}{y}$"}}{"expression":{"xml-id":"C19.S21.SS2.info.m2","tex":"$xt\/(t+x)=x-(x^{2}\/(t+x))$","context":{"chapter-title":"Elliptic Integrals","chapter-xmlid":"C19"}}}{"expression":{"xml-id":"C19.S21.SS2.info.m3","tex":"$y$","context":{"chapter-title":"Elliptic Integrals","chapter-xmlid":"C19"}}}{"expression":{"xml-id":"C19.S21.SS2.info.m4","tex":"$z$","context":{"chapter-title":"Elliptic Integrals","chapter-xmlid":"C19"}}}{"expression":{"xml-id":"C19.S21.SS2.p1.m1","tex":"$R_{D}\\left(x,y,z\\right)$","context":{"sentence-num-in-corpus":"11439","subsection-xmlid":"C19.S21.SS2","sentence-xmlid":"C19.S21.SS2.p1.s1","chapter-title":"Elliptic Integrals","chapter-xmlid":"C19","section-title":"Connection Formulas","sentence-num-in-chapter":"342","section-xmlid":"C19.S21","sentence-num-in-section":"10","para-num-of-sentences":"4","para-xmlid":"C19.S21.SS2.p1","subsection-title":"Incomplete Integrals"},"content-tex":"$\\CarlsonsymellintRD@{x}{y}{z}$"}}{"expression":{"xml-id":"C19.S21.SS2.p1.m2","tex":"$x$","context":{"sentence-num-in-corpus":"11439","subsection-xmlid":"C19.S21.SS2","sentence-xmlid":"C19.S21.SS2.p1.s1","chapter-title":"Elliptic Integrals","chapter-xmlid":"C19","section-title":"Connection Formulas","sentence-num-in-chapter":"342","section-xmlid":"C19.S21","sentence-num-in-section":"10","para-num-of-sentences":"4","para-xmlid":"C19.S21.SS2.p1","subsection-title":"Incomplete Integrals"}}}{"expression":{"xml-id":"C19.S21.SS2.p1.m3","tex":"$y$","context":{"sentence-num-in-corpus":"11439","subsection-xmlid":"C19.S21.SS2","sentence-xmlid":"C19.S21.SS2.p1.s1","chapter-title":"Elliptic Integrals","chapter-xmlid":"C19","section-title":"Connection Formulas","sentence-num-in-chapter":"342","section-xmlid":"C19.S21","sentence-num-in-section":"10","para-num-of-sentences":"4","para-xmlid":"C19.S21.SS2.p1","subsection-title":"Incomplete Integrals"}}}{"expression":{"xml-id":"C19.S21.SS2.p1.m4","tex":"$x$","context":{"sentence-num-in-corpus":"11439","subsection-xmlid":"C19.S21.SS2","sentence-xmlid":"C19.S21.SS2.p1.s1","chapter-title":"Elliptic Integrals","chapter-xmlid":"C19","section-title":"Connection Formulas","sentence-num-in-chapter":"342","section-xmlid":"C19.S21","sentence-num-in-section":"10","para-num-of-sentences":"4","para-xmlid":"C19.S21.SS2.p1","subsection-title":"Incomplete Integrals"}}}{"expression":{"xml-id":"C19.S21.SS2.p1.m5","tex":"$y$","context":{"sentence-num-in-corpus":"11439","subsection-xmlid":"C19.S21.SS2","sentence-xmlid":"C19.S21.SS2.p1.s1","chapter-title":"Elliptic Integrals","chapter-xmlid":"C19","section-title":"Connection Formulas","sentence-num-in-chapter":"342","section-xmlid":"C19.S21","sentence-num-in-section":"10","para-num-of-sentences":"4","para-xmlid":"C19.S21.SS2.p1","subsection-title":"Incomplete Integrals"}}}{"equation":{"symbols-used":[{"symbol":{"tex":"$R_{D}\\left(\\NVar{x},\\NVar{y},\\NVar{z}\\right)$","meaning":"elliptic integral symmetric in only two variables","idref":"C19.S16.E5","content-tex":"$\\CarlsonsymellintRD@{\\NVar{x}}{\\NVar{y}}{\\NVar{z}}$"}},{"symbol":{"tex":"$R_{F}\\left(\\NVar{x},\\NVar{y},\\NVar{z}\\right)$","meaning":"symmetric elliptic integral of first kind","idref":"C19.S16.E1","content-tex":"$\\CarlsonsymellintRF@{\\NVar{x}}{\\NVar{y}}{\\NVar{z}}$"}}],"xml-id":"C19.S21.E7","tex":"$(x-y)R_{D}\\left(y,z,x\\right)+(z-y)R_{D}\\left(x,y,z\\right)=3R_{F}\\left(x,y,z \\right)-3\\sqrt{y\/(xz)},$","context":{"sentence-num-in-corpus":"11439","subsection-xmlid":"C19.S21.SS2","sentence-xmlid":"C19.S21.SS2.p1.s1","chapter-title":"Elliptic Integrals","chapter-xmlid":"C19","section-title":"Connection Formulas","sentence-num-in-chapter":"342","section-xmlid":"C19.S21","sentence-num-in-section":"10","para-num-of-sentences":"4","para-xmlid":"C19.S21.SS2.p1","subsection-title":"Incomplete Integrals"},"permalink":"http:\/\/dlmf.nist.gov\/19.21.E7","equation-number":"19.21.7","content-tex":"$(x-y)\\CarlsonsymellintRD@{y}{z}{x}+(z-y)\\CarlsonsymellintRD@{x}{y}{z}=3 \\CarlsonsymellintRF@{x}{y}{z}-3\\sqrt{y\/(xz)},$"}}{"expression":{"xml-id":"C19.S21.SS2.p1.m6","tex":"$x$","context":{"sentence-num-in-corpus":"11439","subsection-xmlid":"C19.S21.SS2","sentence-xmlid":"C19.S21.SS2.p1.s1","chapter-title":"Elliptic Integrals","chapter-xmlid":"C19","section-title":"Connection Formulas","sentence-num-in-chapter":"342","section-xmlid":"C19.S21","sentence-num-in-section":"10","para-num-of-sentences":"4","para-xmlid":"C19.S21.SS2.p1","subsection-title":"Incomplete Integrals"}}}{"expression":{"xml-id":"C19.S21.SS2.p1.m7","tex":"$y$","context":{"sentence-num-in-corpus":"11439","subsection-xmlid":"C19.S21.SS2","sentence-xmlid":"C19.S21.SS2.p1.s1","chapter-title":"Elliptic Integrals","chapter-xmlid":"C19","section-title":"Connection Formulas","sentence-num-in-chapter":"342","section-xmlid":"C19.S21","sentence-num-in-section":"10","para-num-of-sentences":"4","para-xmlid":"C19.S21.SS2.p1","subsection-title":"Incomplete Integrals"}}}{"equation":{"symbols-used":[{"symbol":{"tex":"$R_{D}\\left(\\NVar{x},\\NVar{y},\\NVar{z}\\right)$","meaning":"elliptic integral symmetric in only two variables","idref":"C19.S16.E5","content-tex":"$\\CarlsonsymellintRD@{\\NVar{x}}{\\NVar{y}}{\\NVar{z}}$"}}],"xml-id":"C19.S21.E8","tex":"$R_{D}\\left(y,z,x\\right)+R_{D}\\left(z,x,y\\right)+R_{D}\\left(x,y,z\\right)=3(xyz) ^{-1\/2},$","context":{"sentence-num-in-corpus":"11439","subsection-xmlid":"C19.S21.SS2","sentence-xmlid":"C19.S21.SS2.p1.s1","chapter-title":"Elliptic Integrals","chapter-xmlid":"C19","section-title":"Connection Formulas","sentence-num-in-chapter":"342","section-xmlid":"C19.S21","sentence-num-in-section":"10","para-num-of-sentences":"4","para-xmlid":"C19.S21.SS2.p1","subsection-title":"Incomplete Integrals"},"permalink":"http:\/\/dlmf.nist.gov\/19.21.E8","equation-number":"19.21.8","content-tex":"$\\CarlsonsymellintRD@{y}{z}{x}+\\CarlsonsymellintRD@{z}{x}{y}+ \\CarlsonsymellintRD@{x}{y}{z}=3(xyz)^{-1\/2},$"}}{"equation":{"symbols-used":[{"symbol":{"tex":"$R_{D}\\left(\\NVar{x},\\NVar{y},\\NVar{z}\\right)$","meaning":"elliptic integral symmetric in only two variables","idref":"C19.S16.E5","content-tex":"$\\CarlsonsymellintRD@{\\NVar{x}}{\\NVar{y}}{\\NVar{z}}$"}},{"symbol":{"tex":"$R_{F}\\left(\\NVar{x},\\NVar{y},\\NVar{z}\\right)$","meaning":"symmetric elliptic integral of first kind","idref":"C19.S16.E1","content-tex":"$\\CarlsonsymellintRF@{\\NVar{x}}{\\NVar{y}}{\\NVar{z}}$"}}],"xml-id":"C19.S21.E9","tex":"$xR_{D}\\left(y,z,x\\right)+yR_{D}\\left(z,x,y\\right)+zR_{D}\\left(x,y,z\\right)=3R_ {F}\\left(x,y,z\\right).$","context":{"sentence-num-in-corpus":"11439","subsection-xmlid":"C19.S21.SS2","sentence-xmlid":"C19.S21.SS2.p1.s1","chapter-title":"Elliptic Integrals","chapter-xmlid":"C19","section-title":"Connection Formulas","sentence-num-in-chapter":"342","section-xmlid":"C19.S21","sentence-num-in-section":"10","para-num-of-sentences":"4","para-xmlid":"C19.S21.SS2.p1","subsection-title":"Incomplete Integrals"},"permalink":"http:\/\/dlmf.nist.gov\/19.21.E9","equation-number":"19.21.9","content-tex":"$x\\CarlsonsymellintRD@{y}{z}{x}+y\\CarlsonsymellintRD@{z}{x}{y}+z \\CarlsonsymellintRD@{x}{y}{z}=3\\CarlsonsymellintRF@{x}{y}{z}.$"}}{"equation":{"symbols-used":[{"symbol":{"tex":"$R_{D}\\left(\\NVar{x},\\NVar{y},\\NVar{z}\\right)$","meaning":"elliptic integral symmetric in only two variables","idref":"C19.S16.E5","content-tex":"$\\CarlsonsymellintRD@{\\NVar{x}}{\\NVar{y}}{\\NVar{z}}$"}},{"symbol":{"tex":"$R_{F}\\left(\\NVar{x},\\NVar{y},\\NVar{z}\\right)$","meaning":"symmetric elliptic integral of first kind","idref":"C19.S16.E1","content-tex":"$\\CarlsonsymellintRF@{\\NVar{x}}{\\NVar{y}}{\\NVar{z}}$"}},{"symbol":{"tex":"$R_{G}\\left(\\NVar{x},\\NVar{y},\\NVar{z}\\right)$","meaning":"symmetric elliptic integral of second kind","idref":"C19.S16.E3","content-tex":"$\\CarlsonsymellintRG@{\\NVar{x}}{\\NVar{y}}{\\NVar{z}}$"}}],"xml-id":"C19.S21.E10","tex":"$2R_{G}\\left(x,y,z\\right)=zR_{F}\\left(x,y,z\\right)-\\tfrac{1}{3}(x-z)(y-z)R_{D} \\left(x,y,z\\right)+\\sqrt{xy\/z},$","context":{"sentence-num-in-corpus":"11440","subsection-xmlid":"C19.S21.SS2","sentence-xmlid":"C19.S21.SS2.p1.s2","chapter-title":"Elliptic Integrals","chapter-xmlid":"C19","section-title":"Connection Formulas","sentence-num-in-chapter":"343","section-xmlid":"C19.S21","sentence-num-in-section":"11","para-num-of-sentences":"4","para-xmlid":"C19.S21.SS2.p1","subsection-title":"Incomplete Integrals"},"permalink":"http:\/\/dlmf.nist.gov\/19.21.E10","equation-number":"19.21.10","constraints":{"tex":"$z\\neq 0$."},"content-tex":"$2\\CarlsonsymellintRG@{x}{y}{z}=z\\CarlsonsymellintRF@{x}{y}{z}-\\tfrac{1}{3}(x-z )(y-z)\\CarlsonsymellintRD@{x}{y}{z}+\\sqrt{xy\/z},$"}}{"expression":{"xml-id":"C19.S21.SS2.p1.m8","tex":"$R_{G}$","context":{"sentence-num-in-corpus":"11441","subsection-xmlid":"C19.S21.SS2","sentence-xmlid":"C19.S21.SS2.p1.s3","chapter-title":"Elliptic Integrals","chapter-xmlid":"C19","section-title":"Connection Formulas","sentence-num-in-chapter":"344","section-xmlid":"C19.S21","sentence-num-in-section":"12","para-num-of-sentences":"4","para-xmlid":"C19.S21.SS2.p1","subsection-title":"Incomplete Integrals"},"content-tex":"$\\CarlsonsymellintRG$"}}{"expression":{"xml-id":"C19.S21.SS2.p1.m9","tex":"$x,y,z$","context":{"sentence-num-in-corpus":"11441","subsection-xmlid":"C19.S21.SS2","sentence-xmlid":"C19.S21.SS2.p1.s3","chapter-title":"Elliptic Integrals","chapter-xmlid":"C19","section-title":"Connection Formulas","sentence-num-in-chapter":"344","section-xmlid":"C19.S21","sentence-num-in-section":"12","para-num-of-sentences":"4","para-xmlid":"C19.S21.SS2.p1","subsection-title":"Incomplete Integrals"}}}{"expression":{"xml-id":"C19.S21.SS2.p1.m10","tex":"$(x-z)(y-z)\\leq 0$","context":{"sentence-num-in-corpus":"11441","subsection-xmlid":"C19.S21.SS2","sentence-xmlid":"C19.S21.SS2.p1.s3","chapter-title":"Elliptic Integrals","chapter-xmlid":"C19","section-title":"Connection Formulas","sentence-num-in-chapter":"344","section-xmlid":"C19.S21","sentence-num-in-section":"12","para-num-of-sentences":"4","para-xmlid":"C19.S21.SS2.p1","subsection-title":"Incomplete Integrals"}}}{"expression":{"xml-id":"C19.S21.SS2.p1.m11","tex":"$R_{G}$","context":{"sentence-num-in-corpus":"11441","subsection-xmlid":"C19.S21.SS2","sentence-xmlid":"C19.S21.SS2.p1.s3","chapter-title":"Elliptic Integrals","chapter-xmlid":"C19","section-title":"Connection Formulas","sentence-num-in-chapter":"344","section-xmlid":"C19.S21","sentence-num-in-section":"12","para-num-of-sentences":"4","para-xmlid":"C19.S21.SS2.p1","subsection-title":"Incomplete Integrals"},"content-tex":"$\\CarlsonsymellintRG$"}}{"expression":{"xml-id":"C19.S21.SS2.p1.m12","tex":"$R_{F}$","context":{"sentence-num-in-corpus":"11441","subsection-xmlid":"C19.S21.SS2","sentence-xmlid":"C19.S21.SS2.p1.s3","chapter-title":"Elliptic Integrals","chapter-xmlid":"C19","section-title":"Connection Formulas","sentence-num-in-chapter":"344","section-xmlid":"C19.S21","sentence-num-in-section":"12","para-num-of-sentences":"4","para-xmlid":"C19.S21.SS2.p1","subsection-title":"Incomplete Integrals"},"content-tex":"$\\CarlsonsymellintRF$"}}{"expression":{"xml-id":"C19.S21.SS2.p1.m13","tex":"$R_{D}$","context":{"sentence-num-in-corpus":"11441","subsection-xmlid":"C19.S21.SS2","sentence-xmlid":"C19.S21.SS2.p1.s3","chapter-title":"Elliptic Integrals","chapter-xmlid":"C19","section-title":"Connection Formulas","sentence-num-in-chapter":"344","section-xmlid":"C19.S21","sentence-num-in-section":"12","para-num-of-sentences":"4","para-xmlid":"C19.S21.SS2.p1","subsection-title":"Incomplete Integrals"},"content-tex":"$\\CarlsonsymellintRD$"}}{"equation":{"symbols-used":[{"symbol":{"tex":"$R_{D}\\left(\\NVar{x},\\NVar{y},\\NVar{z}\\right)$","meaning":"elliptic integral symmetric in only two variables","idref":"C19.S16.E5","content-tex":"$\\CarlsonsymellintRD@{\\NVar{x}}{\\NVar{y}}{\\NVar{z}}$"}},{"symbol":{"tex":"$R_{F}\\left(\\NVar{x},\\NVar{y},\\NVar{z}\\right)$","meaning":"symmetric elliptic integral of first kind","idref":"C19.S16.E1","content-tex":"$\\CarlsonsymellintRF@{\\NVar{x}}{\\NVar{y}}{\\NVar{z}}$"}},{"symbol":{"tex":"$R_{G}\\left(\\NVar{x},\\NVar{y},\\NVar{z}\\right)$","meaning":"symmetric elliptic integral of second kind","idref":"C19.S16.E3","content-tex":"$\\CarlsonsymellintRG@{\\NVar{x}}{\\NVar{y}}{\\NVar{z}}$"}}],"xml-id":"C19.S21.E11","tex":"$6R_{G}\\left(x,y,z\\right)=3(x+y+z)R_{F}\\left(x,y,z\\right)-\\sum x^{2}R_{D}\\left( y,z,x\\right)=\\sum x(y+z)R_{D}\\left(y,z,x\\right),$","context":{"sentence-num-in-corpus":"11442","subsection-xmlid":"C19.S21.SS2","sentence-xmlid":"C19.S21.SS2.p1.s4","chapter-title":"Elliptic Integrals","chapter-xmlid":"C19","section-title":"Connection Formulas","sentence-num-in-chapter":"345","section-xmlid":"C19.S21","sentence-num-in-section":"13","para-num-of-sentences":"4","para-xmlid":"C19.S21.SS2.p1","subsection-title":"Incomplete Integrals"},"permalink":"http:\/\/dlmf.nist.gov\/19.21.E11","equation-number":"19.21.11","content-tex":"$6\\CarlsonsymellintRG@{x}{y}{z}=3(x+y+z)\\CarlsonsymellintRF@{x}{y}{z}-\\sum x^{2 }\\CarlsonsymellintRD@{y}{z}{x}=\\sum x(y+z)\\CarlsonsymellintRD@{y}{z}{x},$"}}{"expression":{"xml-id":"C19.S21.SS2.p1.m14","tex":"$x,y,z$","context":{"sentence-num-in-corpus":"11442","subsection-xmlid":"C19.S21.SS2","sentence-xmlid":"C19.S21.SS2.p1.s4","chapter-title":"Elliptic Integrals","chapter-xmlid":"C19","section-title":"Connection Formulas","sentence-num-in-chapter":"345","section-xmlid":"C19.S21","sentence-num-in-section":"13","para-num-of-sentences":"4","para-xmlid":"C19.S21.SS2.p1","subsection-title":"Incomplete Integrals"}}}{"expression":{"xml-id":"C19.S21.SS2.p2.m1","tex":"$R_{-a}\\left(\\mathbf{b};\\mathbf{z}\\right)$","context":{"sentence-num-in-corpus":"11443","subsection-xmlid":"C19.S21.SS2","sentence-xmlid":"C19.S21.SS2.p2.s1","chapter-title":"Elliptic Integrals","chapter-xmlid":"C19","section-title":"Connection Formulas","sentence-num-in-chapter":"346","section-xmlid":"C19.S21","sentence-num-in-section":"14","para-num-of-sentences":"1","para-xmlid":"C19.S21.SS2.p2","subsection-title":"Incomplete Integrals"},"content-tex":"$\\Carlsonmultivarhyper{-a}@{\\mathbf{b}}{\\mathbf{z}}$"}}{"expression":{"xml-id":"C19.S21.SS3.m1","tex":"$R_{J}$","context":{"subsection-xmlid":"C19.S21.SS3","chapter-title":"Elliptic Integrals","chapter-xmlid":"C19","section-title":"Connection Formulas","section-xmlid":"C19.S21","subsection-title":"Change of Parameter of <Math mode=\"inline\" xml:id=\"C19.S21.SS3.m1\">R_{J}<\/Math>"},"content-tex":"$\\CarlsonsymellintRJ$"}}{"expression":{"xml-id":"C19.S21.SS3.m2","tex":"$R_{J}$","context":{"chapter-title":"Elliptic Integrals","chapter-xmlid":"C19"},"content-tex":"$\\CarlsonsymellintRJ$"}}{"expression":{"xml-id":"C19.S21.SS3.info.m1","tex":"$R_{J}$","context":{"chapter-title":"Elliptic Integrals","chapter-xmlid":"C19"},"content-tex":"$\\CarlsonsymellintRJ$"}}{"expression":{"xml-id":"C19.S21.SS3.m3","tex":"$R_{J}$","context":{"chapter-title":"Elliptic Integrals","chapter-xmlid":"C19"},"content-tex":"$\\CarlsonsymellintRJ$"}}{"expression":{"xml-id":"C19.S21.SS3.p1.m1","tex":"$x,y,z$","context":{"sentence-num-in-corpus":"11444","subsection-xmlid":"C19.S21.SS3","sentence-xmlid":"C19.S21.SS3.p1.s1","chapter-title":"Elliptic Integrals","chapter-xmlid":"C19","section-title":"Connection Formulas","sentence-num-in-chapter":"347","section-xmlid":"C19.S21","sentence-num-in-section":"15","para-num-of-sentences":"3","para-xmlid":"C19.S21.SS3.p1","subsection-title":"Change of Parameter of <Math mode=\"inline\" xml:id=\"C19.S21.SS3.m1\">R_{J}<\/Math>"}}}{"expression":{"xml-id":"C19.S21.SS3.p1.m2","tex":"$p$","context":{"sentence-num-in-corpus":"11444","subsection-xmlid":"C19.S21.SS3","sentence-xmlid":"C19.S21.SS3.p1.s1","chapter-title":"Elliptic Integrals","chapter-xmlid":"C19","section-title":"Connection Formulas","sentence-num-in-chapter":"347","section-xmlid":"C19.S21","sentence-num-in-section":"15","para-num-of-sentences":"3","para-xmlid":"C19.S21.SS3.p1","subsection-title":"Change of Parameter of <Math mode=\"inline\" xml:id=\"C19.S21.SS3.m1\">R_{J}<\/Math>"}}}{"expression":{"xml-id":"C19.S21.SS3.p1.m3","tex":"$R_{J}$","context":{"sentence-num-in-corpus":"11444","subsection-xmlid":"C19.S21.SS3","sentence-xmlid":"C19.S21.SS3.p1.s1","chapter-title":"Elliptic Integrals","chapter-xmlid":"C19","section-title":"Connection Formulas","sentence-num-in-chapter":"347","section-xmlid":"C19.S21","sentence-num-in-section":"15","para-num-of-sentences":"3","para-xmlid":"C19.S21.SS3.p1","subsection-title":"Change of Parameter of <Math mode=\"inline\" xml:id=\"C19.S21.SS3.m1\">R_{J}<\/Math>"},"content-tex":"$\\CarlsonsymellintRJ$"}}{"equation":{"symbols-used":[{"symbol":{"tex":"$R_{C}\\left(\\NVar{x},\\NVar{y}\\right)$","meaning":"Carlson\u2019s combination of inverse circular and inverse hyperbolic functions","idref":"C19.S2.E17","content-tex":"$\\CarlsonellintRC@{\\NVar{x}}{\\NVar{y}}$"}},{"symbol":{"tex":"$R_{F}\\left(\\NVar{x},\\NVar{y},\\NVar{z}\\right)$","meaning":"symmetric elliptic integral of first kind","idref":"C19.S16.E1","content-tex":"$\\CarlsonsymellintRF@{\\NVar{x}}{\\NVar{y}}{\\NVar{z}}$"}},{"symbol":{"tex":"$R_{J}\\left(\\NVar{x},\\NVar{y},\\NVar{z},\\NVar{p}\\right)$","meaning":"symmetric elliptic integral of third kind","idref":"C19.S16.E2","content-tex":"$\\CarlsonsymellintRJ@{\\NVar{x}}{\\NVar{y}}{\\NVar{z}}{\\NVar{p}}$"}},null,null],"xml-id":"C19.S21.E12","tex":"$(p-x)R_{J}\\left(x,y,z,p\\right)+(q-x)R_{J}\\left(x,y,z,q\\right)=3R_{F}\\left(x,y, z\\right)-3R_{C}\\left(\\xi,\\eta\\right),$","context":{"sentence-num-in-corpus":"11446","subsection-xmlid":"C19.S21.SS3","sentence-xmlid":"C19.S21.SS3.p1.s3","chapter-title":"Elliptic Integrals","chapter-xmlid":"C19","section-title":"Connection Formulas","sentence-num-in-chapter":"349","section-xmlid":"C19.S21","sentence-num-in-section":"17","para-num-of-sentences":"3","para-xmlid":"C19.S21.SS3.p1","subsection-title":"Change of Parameter of <Math mode=\"inline\" xml:id=\"C19.S21.SS3.m1\">R_{J}<\/Math>"},"permalink":"http:\/\/dlmf.nist.gov\/19.21.E12","equation-number":"19.21.12","content-tex":"$(p-x)\\CarlsonsymellintRJ@{x}{y}{z}{p}+(q-x)\\CarlsonsymellintRJ@{x}{y}{z}{q}=3 \\CarlsonsymellintRF@{x}{y}{z}-3\\CarlsonellintRC@{\\xi}{\\eta},$"}}{"expression":{"xml-id":"C19.S21.XMD1.m1","tex":"$\\xi$","context":{"chapter-title":"Elliptic Integrals","chapter-xmlid":"C19"}}}{"expression":{"xml-id":"C19.S21.XMD2.m1","tex":"$\\eta$","context":{"chapter-title":"Elliptic Integrals","chapter-xmlid":"C19"}}}{"equation":{"symbols-used":[null,null],"context":{"sentence-num-in-corpus":"11446","subsection-xmlid":"C19.S21.SS3","sentence-xmlid":"C19.S21.SS3.p1.s3","chapter-title":"Elliptic Integrals","chapter-xmlid":"C19","section-title":"Connection Formulas","sentence-num-in-chapter":"349","section-xmlid":"C19.S21","sentence-num-in-section":"17","para-num-of-sentences":"3","para-xmlid":"C19.S21.SS3.p1","subsection-title":"Change of Parameter of <Math mode=\"inline\" xml:id=\"C19.S21.SS3.m1\">R_{J}<\/Math>"},"permalink":"http:\/\/dlmf.nist.gov\/19.21.E13","equation-number":"19.21.13","subequations":[{"subequation":{"xml-id":"C19.S21.Ex1","tex":"$(p-x)(q-x)=(y-x)(z-x),$","context":{"chapter-title":"Elliptic Integrals","chapter-xmlid":"C19"}}},{"subequation":{"xml-id":"C19.S21.Ex2","tex":"$\\xi=yz\/x,$","context":{"chapter-title":"Elliptic Integrals","chapter-xmlid":"C19"}}},{"subequation":{"xml-id":"C19.S21.Ex3","tex":"$\\eta=pq\/x,$","context":{"chapter-title":"Elliptic Integrals","chapter-xmlid":"C19"}}}]}}{"expression":{"xml-id":"C19.S21.XMD1.m1adec","tex":"$\\xi$","context":{"chapter-title":"Elliptic Integrals","chapter-xmlid":"C19"}}}{"expression":{"xml-id":"C19.S21.XMD2.m1adec","tex":"$\\eta$","context":{"chapter-title":"Elliptic Integrals","chapter-xmlid":"C19"}}}{"expression":{"xml-id":"C19.S21.SS3.p1.m4","tex":"$x,y,z$","context":{"sentence-num-in-corpus":"11446","subsection-xmlid":"C19.S21.SS3","sentence-xmlid":"C19.S21.SS3.p1.s3","chapter-title":"Elliptic Integrals","chapter-xmlid":"C19","section-title":"Connection Formulas","sentence-num-in-chapter":"349","section-xmlid":"C19.S21","sentence-num-in-section":"17","para-num-of-sentences":"3","para-xmlid":"C19.S21.SS3.p1","subsection-title":"Change of Parameter of <Math mode=\"inline\" xml:id=\"C19.S21.SS3.m1\">R_{J}<\/Math>"}}}{"equation":{"symbols-used":[null,null],"xml-id":"C19.S21.E14","tex":"$\\eta-\\xi=p+q-y-z=\\frac{(p-y)(p-z)}{p-x}=\\frac{(q-y)(q-z)}{q-x}=\\frac{(p-y)(q-y )}{x-y}=\\frac{(p-z)(q-z)}{x-z}.$","context":{"sentence-num-in-corpus":"11446","subsection-xmlid":"C19.S21.SS3","sentence-xmlid":"C19.S21.SS3.p1.s3","chapter-title":"Elliptic Integrals","chapter-xmlid":"C19","section-title":"Connection Formulas","sentence-num-in-chapter":"349","section-xmlid":"C19.S21","sentence-num-in-section":"17","para-num-of-sentences":"3","para-xmlid":"C19.S21.SS3.p1","subsection-title":"Change of Parameter of <Math mode=\"inline\" xml:id=\"C19.S21.SS3.m1\">R_{J}<\/Math>"},"permalink":"http:\/\/dlmf.nist.gov\/19.21.E14","equation-number":"19.21.14"}}{"expression":{"xml-id":"C19.S21.SS3.p2.m1","tex":"$p$","context":{"sentence-num-in-corpus":"11447","subsection-xmlid":"C19.S21.SS3","sentence-xmlid":"C19.S21.SS3.p2.s1","chapter-title":"Elliptic Integrals","chapter-xmlid":"C19","section-title":"Connection Formulas","sentence-num-in-chapter":"350","section-xmlid":"C19.S21","sentence-num-in-section":"18","para-num-of-sentences":"3","para-xmlid":"C19.S21.SS3.p2","subsection-title":"Change of Parameter of <Math mode=\"inline\" xml:id=\"C19.S21.SS3.m1\">R_{J}<\/Math>"}}}{"expression":{"xml-id":"C19.S21.SS3.p2.m2","tex":"$x,y,z$","context":{"sentence-num-in-corpus":"11447","subsection-xmlid":"C19.S21.SS3","sentence-xmlid":"C19.S21.SS3.p2.s1","chapter-title":"Elliptic Integrals","chapter-xmlid":"C19","section-title":"Connection Formulas","sentence-num-in-chapter":"350","section-xmlid":"C19.S21","sentence-num-in-section":"18","para-num-of-sentences":"3","para-xmlid":"C19.S21.SS3.p2","subsection-title":"Change of Parameter of <Math mode=\"inline\" xml:id=\"C19.S21.SS3.m1\">R_{J}<\/Math>"}}}{"expression":{"xml-id":"C19.S21.SS3.p2.m3","tex":"$q$","context":{"sentence-num-in-corpus":"11447","subsection-xmlid":"C19.S21.SS3","sentence-xmlid":"C19.S21.SS3.p2.s1","chapter-title":"Elliptic Integrals","chapter-xmlid":"C19","section-title":"Connection Formulas","sentence-num-in-chapter":"350","section-xmlid":"C19.S21","sentence-num-in-section":"18","para-num-of-sentences":"3","para-xmlid":"C19.S21.SS3.p2","subsection-title":"Change of Parameter of <Math mode=\"inline\" xml:id=\"C19.S21.SS3.m1\">R_{J}<\/Math>"}}}{"expression":{"xml-id":"C19.S21.SS3.p2.m4","tex":"$p$","context":{"sentence-num-in-corpus":"11447","subsection-xmlid":"C19.S21.SS3","sentence-xmlid":"C19.S21.SS3.p2.s1","chapter-title":"Elliptic Integrals","chapter-xmlid":"C19","section-title":"Connection Formulas","sentence-num-in-chapter":"350","section-xmlid":"C19.S21","sentence-num-in-section":"18","para-num-of-sentences":"3","para-xmlid":"C19.S21.SS3.p2","subsection-title":"Change of Parameter of <Math mode=\"inline\" xml:id=\"C19.S21.SS3.m1\">R_{J}<\/Math>"}}}{"expression":{"xml-id":"C19.S21.SS3.p2.m5","tex":"$x$","context":{"sentence-num-in-corpus":"11448","subsection-xmlid":"C19.S21.SS3","sentence-xmlid":"C19.S21.SS3.p2.s2","chapter-title":"Elliptic Integrals","chapter-xmlid":"C19","section-title":"Connection Formulas","sentence-num-in-chapter":"351","section-xmlid":"C19.S21","sentence-num-in-section":"19","para-num-of-sentences":"3","para-xmlid":"C19.S21.SS3.p2","subsection-title":"Change of Parameter of <Math mode=\"inline\" xml:id=\"C19.S21.SS3.m1\">R_{J}<\/Math>"}}}{"expression":{"xml-id":"C19.S21.SS3.p2.m6","tex":"$x,y$","context":{"sentence-num-in-corpus":"11448","subsection-xmlid":"C19.S21.SS3","sentence-xmlid":"C19.S21.SS3.p2.s2","chapter-title":"Elliptic Integrals","chapter-xmlid":"C19","section-title":"Connection Formulas","sentence-num-in-chapter":"351","section-xmlid":"C19.S21","sentence-num-in-section":"19","para-num-of-sentences":"3","para-xmlid":"C19.S21.SS3.p2","subsection-title":"Change of Parameter of <Math mode=\"inline\" xml:id=\"C19.S21.SS3.m1\">R_{J}<\/Math>"}}}{"expression":{"xml-id":"C19.S21.SS3.p2.m7","tex":"$z$","context":{"sentence-num-in-corpus":"11448","subsection-xmlid":"C19.S21.SS3","sentence-xmlid":"C19.S21.SS3.p2.s2","chapter-title":"Elliptic Integrals","chapter-xmlid":"C19","section-title":"Connection Formulas","sentence-num-in-chapter":"351","section-xmlid":"C19.S21","sentence-num-in-section":"19","para-num-of-sentences":"3","para-xmlid":"C19.S21.SS3.p2","subsection-title":"Change of Parameter of <Math mode=\"inline\" xml:id=\"C19.S21.SS3.m1\">R_{J}<\/Math>"}}}{"expression":{"xml-id":"C19.S21.SS3.p2.m8","tex":"$p$","context":{"sentence-num-in-corpus":"11448","subsection-xmlid":"C19.S21.SS3","sentence-xmlid":"C19.S21.SS3.p2.s2","chapter-title":"Elliptic Integrals","chapter-xmlid":"C19","section-title":"Connection Formulas","sentence-num-in-chapter":"351","section-xmlid":"C19.S21","sentence-num-in-section":"19","para-num-of-sentences":"3","para-xmlid":"C19.S21.SS3.p2","subsection-title":"Change of Parameter of <Math mode=\"inline\" xml:id=\"C19.S21.SS3.m1\">R_{J}<\/Math>"}}}{"expression":{"xml-id":"C19.S21.SS3.p2.m9","tex":"$q$","context":{"sentence-num-in-corpus":"11448","subsection-xmlid":"C19.S21.SS3","sentence-xmlid":"C19.S21.SS3.p2.s2","chapter-title":"Elliptic Integrals","chapter-xmlid":"C19","section-title":"Connection Formulas","sentence-num-in-chapter":"351","section-xmlid":"C19.S21","sentence-num-in-section":"19","para-num-of-sentences":"3","para-xmlid":"C19.S21.SS3.p2","subsection-title":"Change of Parameter of <Math mode=\"inline\" xml:id=\"C19.S21.SS3.m1\">R_{J}<\/Math>"}}}{"expression":{"xml-id":"C19.S21.SS3.p2.m10","tex":"$p$","context":{"sentence-num-in-corpus":"11448","subsection-xmlid":"C19.S21.SS3","sentence-xmlid":"C19.S21.SS3.p2.s2","chapter-title":"Elliptic Integrals","chapter-xmlid":"C19","section-title":"Connection Formulas","sentence-num-in-chapter":"351","section-xmlid":"C19.S21","sentence-num-in-section":"19","para-num-of-sentences":"3","para-xmlid":"C19.S21.SS3.p2","subsection-title":"Change of Parameter of <Math mode=\"inline\" xml:id=\"C19.S21.SS3.m1\">R_{J}<\/Math>"}}}{"expression":{"xml-id":"C19.S21.SS3.p2.m11","tex":"$q$","context":{"sentence-num-in-corpus":"11448","subsection-xmlid":"C19.S21.SS3","sentence-xmlid":"C19.S21.SS3.p2.s2","chapter-title":"Elliptic Integrals","chapter-xmlid":"C19","section-title":"Connection Formulas","sentence-num-in-chapter":"351","section-xmlid":"C19.S21","sentence-num-in-section":"19","para-num-of-sentences":"3","para-xmlid":"C19.S21.SS3.p2","subsection-title":"Change of Parameter of <Math mode=\"inline\" xml:id=\"C19.S21.SS3.m1\">R_{J}<\/Math>"}}}{"expression":{"xml-id":"C19.S21.SS3.p2.m12","tex":"$x=0$","context":{"sentence-num-in-corpus":"11449","subsection-xmlid":"C19.S21.SS3","sentence-xmlid":"C19.S21.SS3.p2.s3","chapter-title":"Elliptic Integrals","chapter-xmlid":"C19","section-title":"Connection Formulas","sentence-num-in-chapter":"352","section-xmlid":"C19.S21","sentence-num-in-section":"20","para-num-of-sentences":"3","para-xmlid":"C19.S21.SS3.p2","subsection-title":"Change of Parameter of <Math mode=\"inline\" xml:id=\"C19.S21.SS3.m1\">R_{J}<\/Math>"}}}{"expression":{"xml-id":"C19.S21.SS3.p2.m13","tex":"$\\xi=\\eta=\\infty$","context":{"sentence-num-in-corpus":"11449","subsection-xmlid":"C19.S21.SS3","sentence-xmlid":"C19.S21.SS3.p2.s3","chapter-title":"Elliptic Integrals","chapter-xmlid":"C19","section-title":"Connection Formulas","sentence-num-in-chapter":"352","section-xmlid":"C19.S21","sentence-num-in-section":"20","para-num-of-sentences":"3","para-xmlid":"C19.S21.SS3.p2","subsection-title":"Change of Parameter of <Math mode=\"inline\" xml:id=\"C19.S21.SS3.m1\">R_{J}<\/Math>"}}}{"expression":{"xml-id":"C19.S21.SS3.p2.m14","tex":"$R_{C}\\left(\\xi,\\eta\\right)=0$","context":{"sentence-num-in-corpus":"11449","subsection-xmlid":"C19.S21.SS3","sentence-xmlid":"C19.S21.SS3.p2.s3","chapter-title":"Elliptic Integrals","chapter-xmlid":"C19","section-title":"Connection Formulas","sentence-num-in-chapter":"352","section-xmlid":"C19.S21","sentence-num-in-section":"20","para-num-of-sentences":"3","para-xmlid":"C19.S21.SS3.p2","subsection-title":"Change of Parameter of <Math mode=\"inline\" xml:id=\"C19.S21.SS3.m1\">R_{J}<\/Math>"},"content-tex":"$\\CarlsonellintRC@{\\xi}{\\eta}=0$"}}{"equation":{"symbols-used":[{"symbol":{"tex":"$R_{F}\\left(\\NVar{x},\\NVar{y},\\NVar{z}\\right)$","meaning":"symmetric elliptic integral of first kind","idref":"C19.S16.E1","content-tex":"$\\CarlsonsymellintRF@{\\NVar{x}}{\\NVar{y}}{\\NVar{z}}$"}},{"symbol":{"tex":"$R_{J}\\left(\\NVar{x},\\NVar{y},\\NVar{z},\\NVar{p}\\right)$","meaning":"symmetric elliptic integral of third kind","idref":"C19.S16.E2","content-tex":"$\\CarlsonsymellintRJ@{\\NVar{x}}{\\NVar{y}}{\\NVar{z}}{\\NVar{p}}$"}}],"xml-id":"C19.S21.E15","tex":"$pR_{J}\\left(0,y,z,p\\right)+qR_{J}\\left(0,y,z,q\\right)=3R_{F}\\left(0,y,z\\right),$","context":{"sentence-num-in-corpus":"11449","subsection-xmlid":"C19.S21.SS3","sentence-xmlid":"C19.S21.SS3.p2.s3","chapter-title":"Elliptic Integrals","chapter-xmlid":"C19","section-title":"Connection Formulas","sentence-num-in-chapter":"352","section-xmlid":"C19.S21","sentence-num-in-section":"20","para-num-of-sentences":"3","para-xmlid":"C19.S21.SS3.p2","subsection-title":"Change of Parameter of <Math mode=\"inline\" xml:id=\"C19.S21.SS3.m1\">R_{J}<\/Math>"},"permalink":"http:\/\/dlmf.nist.gov\/19.21.E15","equation-number":"19.21.15","constraints":{"tex":"$pq=yz$."},"content-tex":"$p\\CarlsonsymellintRJ@{0}{y}{z}{p}+q\\CarlsonsymellintRJ@{0}{y}{z}{q}=3 \\CarlsonsymellintRF@{0}{y}{z},$"}}