{"expression":{"xml-id":"C19.S29.SS1.info.m1","tex":"$(p,q,r)=(n,d,c)$","context":{"chapter-title":"Elliptic Integrals","chapter-xmlid":"C19"}}}{"expression":{"xml-id":"C19.S29.SS1.info.m2","tex":"$R_{D}$","context":{"chapter-title":"Elliptic Integrals","chapter-xmlid":"C19"},"content-tex":"$\\CarlsonsymellintRD$"}}{"expression":{"xml-id":"C19.S29.SS1.p1.m1","tex":"$(y,x)$","context":{"sentence-num-in-corpus":"11602","subsection-xmlid":"C19.S29.SS1","sentence-xmlid":"C19.S29.SS1.p1.s1","chapter-title":"Elliptic Integrals","chapter-xmlid":"C19","section-title":"Reduction of General Elliptic Integrals","sentence-num-in-chapter":"505","section-xmlid":"C19.S29","sentence-num-in-section":"1","para-num-of-sentences":"9","para-xmlid":"C19.S29.SS1.p1","subsection-title":"Reduction Theorems"}}}{"expression":{"xml-id":"C19.S29.SS1.p1.m2","tex":"$(0,\\infty)$","context":{"sentence-num-in-corpus":"11602","subsection-xmlid":"C19.S29.SS1","sentence-xmlid":"C19.S29.SS1.p1.s1","chapter-title":"Elliptic Integrals","chapter-xmlid":"C19","section-title":"Reduction of General Elliptic Integrals","sentence-num-in-chapter":"505","section-xmlid":"C19.S29","sentence-num-in-section":"1","para-num-of-sentences":"9","para-xmlid":"C19.S29.SS1.p1","subsection-title":"Reduction Theorems"}}}{"expression":{"xml-id":"C19.S29.XMD1.m1","tex":"$X_{\\alpha}$","context":{"chapter-title":"Elliptic Integrals","chapter-xmlid":"C19"}}}{"expression":{"xml-id":"C19.S29.XMD2.m1","tex":"$Y_{\\alpha}$","context":{"chapter-title":"Elliptic Integrals","chapter-xmlid":"C19"}}}{"equation":{"symbols-used":[null,null,{"symbol":{"tex":"$\\alpha$","meaning":"parameter","idref":"C19.S29.SS1.p1"}}],"context":{"sentence-num-in-corpus":"11603","subsection-xmlid":"C19.S29.SS1","sentence-xmlid":"C19.S29.SS1.p1.s2","chapter-title":"Elliptic Integrals","chapter-xmlid":"C19","section-title":"Reduction of General Elliptic Integrals","sentence-num-in-chapter":"506","section-xmlid":"C19.S29","sentence-num-in-section":"2","para-num-of-sentences":"9","para-xmlid":"C19.S29.SS1.p1","subsection-title":"Reduction Theorems"},"permalink":"http:\/\/dlmf.nist.gov\/19.29.E1","equation-number":"19.29.1","subequations":[{"subequation":{"xml-id":"C19.S29.Ex1","tex":"$X_{\\alpha}=\\sqrt{a_{\\alpha}+b_{\\alpha}x},$","context":{"chapter-title":"Elliptic Integrals","chapter-xmlid":"C19"}}},{"subequation":{"xml-id":"C19.S29.Ex2","tex":"$Y_{\\alpha}=\\sqrt{a_{\\alpha}+b_{\\alpha}y},$","context":{"chapter-title":"Elliptic Integrals","chapter-xmlid":"C19"},"constraints":{"tex":"$x>y$, $1\\leq\\alpha\\leq 5$,"}}}]}}{"expression":{"xml-id":"C19.S29.XMD1.m1dec","tex":"$X_{\\alpha}$","context":{"chapter-title":"Elliptic Integrals","chapter-xmlid":"C19"}}}{"expression":{"xml-id":"C19.S29.XMD2.m1dec","tex":"$Y_{\\alpha}$","context":{"chapter-title":"Elliptic Integrals","chapter-xmlid":"C19"}}}{"expression":{"xml-id":"C19.S29.XMD5.m1dec","tex":"$\\alpha$","context":{"chapter-title":"Elliptic Integrals","chapter-xmlid":"C19"}}}{"expression":{"xml-id":"C19.S29.XMD3.m1","tex":"$d_{\\alpha\\beta}$","context":{"chapter-title":"Elliptic Integrals","chapter-xmlid":"C19"}}}{"equation":{"symbols-used":[null,{"symbol":{"tex":"$\\alpha$","meaning":"parameter","idref":"C19.S29.SS1.p1"}},{"symbol":{"tex":"$\\beta$","meaning":"parameter","idref":"C19.S29.SS1.p1"}}],"xml-id":"C19.S29.E2","tex":"$d_{\\alpha\\beta}=a_{\\alpha}b_{\\beta}-a_{\\beta}b_{\\alpha},$","context":{"sentence-num-in-corpus":"11603","subsection-xmlid":"C19.S29.SS1","sentence-xmlid":"C19.S29.SS1.p1.s2","chapter-title":"Elliptic Integrals","chapter-xmlid":"C19","section-title":"Reduction of General Elliptic Integrals","sentence-num-in-chapter":"506","section-xmlid":"C19.S29","sentence-num-in-section":"2","para-num-of-sentences":"9","para-xmlid":"C19.S29.SS1.p1","subsection-title":"Reduction Theorems"},"permalink":"http:\/\/dlmf.nist.gov\/19.29.E2","equation-number":"19.29.2","constraints":{"tex":"$d_{\\alpha\\beta}\\neq 0$ if $\\alpha\\neq\\beta$,"}}}{"expression":{"xml-id":"C19.S29.SS1.p1.m3","tex":"$a_{\\alpha}+b_{\\alpha}x$","context":{"sentence-num-in-corpus":"11603","subsection-xmlid":"C19.S29.SS1","sentence-xmlid":"C19.S29.SS1.p1.s2","chapter-title":"Elliptic Integrals","chapter-xmlid":"C19","section-title":"Reduction of General Elliptic Integrals","sentence-num-in-chapter":"506","section-xmlid":"C19.S29","sentence-num-in-section":"2","para-num-of-sentences":"9","para-xmlid":"C19.S29.SS1.p1","subsection-title":"Reduction Theorems"}}}{"expression":{"xml-id":"C19.S29.SS1.p1.m4","tex":"$a_{\\alpha}+b_{\\alpha}y$","context":{"sentence-num-in-corpus":"11603","subsection-xmlid":"C19.S29.SS1","sentence-xmlid":"C19.S29.SS1.p1.s2","chapter-title":"Elliptic Integrals","chapter-xmlid":"C19","section-title":"Reduction of General Elliptic Integrals","sentence-num-in-chapter":"506","section-xmlid":"C19.S29","sentence-num-in-section":"2","para-num-of-sentences":"9","para-xmlid":"C19.S29.SS1.p1","subsection-title":"Reduction Theorems"}}}{"expression":{"xml-id":"C19.S29.SS1.p1.m5","tex":"$\\mathbb{C}\\setminus(-\\infty,0)$","context":{"sentence-num-in-corpus":"11603","subsection-xmlid":"C19.S29.SS1","sentence-xmlid":"C19.S29.SS1.p1.s2","chapter-title":"Elliptic Integrals","chapter-xmlid":"C19","section-title":"Reduction of General Elliptic Integrals","sentence-num-in-chapter":"506","section-xmlid":"C19.S29","sentence-num-in-section":"2","para-num-of-sentences":"9","para-xmlid":"C19.S29.SS1.p1","subsection-title":"Reduction Theorems"},"content-tex":"$\\Complexes\\setminus(-\\infty,0)$"}}{"expression":{"xml-id":"C19.S29.SS1.p1.m6","tex":"$1\\leq\\alpha\\leq 4$","context":{"sentence-num-in-corpus":"11603","subsection-xmlid":"C19.S29.SS1","sentence-xmlid":"C19.S29.SS1.p1.s2","chapter-title":"Elliptic Integrals","chapter-xmlid":"C19","section-title":"Reduction of General Elliptic Integrals","sentence-num-in-chapter":"506","section-xmlid":"C19.S29","sentence-num-in-section":"2","para-num-of-sentences":"9","para-xmlid":"C19.S29.SS1.p1","subsection-title":"Reduction Theorems"}}}{"expression":{"xml-id":"C19.S29.XMD4.m1","tex":"$s(t)$","context":{"chapter-title":"Elliptic Integrals","chapter-xmlid":"C19"}}}{"equation":{"symbols-used":[{"symbol":{"tex":"$s(t)$","meaning":"product","idref":"C19.S29.SS1.p1"}},{"symbol":{"tex":"$\\alpha$","meaning":"parameter","idref":"C19.S29.SS1.p1"}}],"xml-id":"C19.S29.E3","tex":"$s(t)=\\prod_{\\alpha=1}^{4}\\sqrt{a_{\\alpha}+b_{\\alpha}t}$","context":{"sentence-num-in-corpus":"11604","subsection-xmlid":"C19.S29.SS1","sentence-xmlid":"C19.S29.SS1.p1.s3","chapter-title":"Elliptic Integrals","chapter-xmlid":"C19","section-title":"Reduction of General Elliptic Integrals","sentence-num-in-chapter":"507","section-xmlid":"C19.S29","sentence-num-in-section":"3","para-num-of-sentences":"9","para-xmlid":"C19.S29.SS1.p1","subsection-title":"Reduction Theorems"},"permalink":"http:\/\/dlmf.nist.gov\/19.29.E3","equation-number":"19.29.3"}}{"expression":{"xml-id":"C19.S29.XMD5.m1","tex":"$\\alpha$","context":{"chapter-title":"Elliptic Integrals","chapter-xmlid":"C19"}}}{"expression":{"xml-id":"C19.S29.XMD6.m1","tex":"$\\beta$","context":{"chapter-title":"Elliptic Integrals","chapter-xmlid":"C19"}}}{"expression":{"xml-id":"C19.S29.XMD7.m1","tex":"$\\gamma$","context":{"chapter-title":"Elliptic Integrals","chapter-xmlid":"C19"}}}{"expression":{"xml-id":"C19.S29.XMD8.m1","tex":"$\\delta$","context":{"chapter-title":"Elliptic Integrals","chapter-xmlid":"C19"}}}{"expression":{"xml-id":"C19.S29.SS1.p1.m7","tex":"$\\alpha,\\beta,\\gamma,\\delta$","context":{"sentence-num-in-corpus":"11604","subsection-xmlid":"C19.S29.SS1","sentence-xmlid":"C19.S29.SS1.p1.s3","chapter-title":"Elliptic Integrals","chapter-xmlid":"C19","section-title":"Reduction of General Elliptic Integrals","sentence-num-in-chapter":"507","section-xmlid":"C19.S29","sentence-num-in-section":"3","para-num-of-sentences":"9","para-xmlid":"C19.S29.SS1.p1","subsection-title":"Reduction Theorems"}}}{"expression":{"xml-id":"C19.S29.SS1.p1.m8","tex":"$1,2,3,4$","context":{"sentence-num-in-corpus":"11604","subsection-xmlid":"C19.S29.SS1","sentence-xmlid":"C19.S29.SS1.p1.s3","chapter-title":"Elliptic Integrals","chapter-xmlid":"C19","section-title":"Reduction of General Elliptic Integrals","sentence-num-in-chapter":"507","section-xmlid":"C19.S29","sentence-num-in-section":"3","para-num-of-sentences":"9","para-xmlid":"C19.S29.SS1.p1","subsection-title":"Reduction Theorems"}}}{"equation":{"symbols-used":[{"symbol":{"tex":"$R_{F}\\left(\\NVar{x},\\NVar{y},\\NVar{z}\\right)$","meaning":"symmetric elliptic integral of first kind","idref":"C19.S16.E1","content-tex":"$\\CarlsonsymellintRF@{\\NVar{x}}{\\NVar{y}}{\\NVar{z}}$"}},{"symbol":{"tex":"$\\mathrm{d}\\NVar{x}$","meaning":"differential of $x$","idref":"C1.S4.SS4","content-tex":"$\\diff{\\NVar{x}}$"}},{"symbol":{"tex":"$\\int$","meaning":"integral","idref":"C1.S4.SS4"}},null,{"symbol":{"tex":"$s(t)$","meaning":"product","idref":"C19.S29.SS1.p1"}}],"xml-id":"C19.S29.E4","tex":"$\\int_{y}^{x}\\frac{\\mathrm{d}t}{s(t)}=2R_{F}\\left(U_{12}^{2},U_{13}^{2},U_{23}^ {2}\\right),$","context":{"sentence-num-in-corpus":"11604","subsection-xmlid":"C19.S29.SS1","sentence-xmlid":"C19.S29.SS1.p1.s3","chapter-title":"Elliptic Integrals","chapter-xmlid":"C19","section-title":"Reduction of General Elliptic Integrals","sentence-num-in-chapter":"507","section-xmlid":"C19.S29","sentence-num-in-section":"3","para-num-of-sentences":"9","para-xmlid":"C19.S29.SS1.p1","subsection-title":"Reduction Theorems"},"permalink":"http:\/\/dlmf.nist.gov\/19.29.E4","equation-number":"19.29.4","content-tex":"$\\int_{y}^{x}\\frac{\\diff{t}}{s(t)}=2\\CarlsonsymellintRF@{U_{12}^{2}}{U_{13}^{2} }{U_{23}^{2}},$"}}{"expression":{"xml-id":"C19.S29.XMD9.m1","tex":"$U_{\\alpha\\beta}$","context":{"chapter-title":"Elliptic Integrals","chapter-xmlid":"C19"}}}{"equation":{"symbols-used":[null,null,null,null,{"symbol":{"tex":"$\\alpha$","meaning":"parameter","idref":"C19.S29.SS1.p1"}},{"symbol":{"tex":"$\\beta$","meaning":"parameter","idref":"C19.S29.SS1.p1"}},{"symbol":{"tex":"$\\gamma$","meaning":"parameter","idref":"C19.S29.SS1.p1"}},{"symbol":{"tex":"$\\delta$","meaning":"parameter","idref":"C19.S29.SS1.p1"}}],"context":{"sentence-num-in-corpus":"11604","subsection-xmlid":"C19.S29.SS1","sentence-xmlid":"C19.S29.SS1.p1.s3","chapter-title":"Elliptic Integrals","chapter-xmlid":"C19","section-title":"Reduction of General Elliptic Integrals","sentence-num-in-chapter":"507","section-xmlid":"C19.S29","sentence-num-in-section":"3","para-num-of-sentences":"9","para-xmlid":"C19.S29.SS1.p1","subsection-title":"Reduction Theorems"},"permalink":"http:\/\/dlmf.nist.gov\/19.29.E5","equation-number":"19.29.5","subequations":[{"subequation":{"xml-id":"C19.S29.Ex3","tex":"$U_{\\alpha\\beta}=(X_{\\alpha}X_{\\beta}Y_{\\gamma}Y_{\\delta}+Y_{\\alpha}Y_{\\beta}X_ {\\gamma}X_{\\delta})\/(x-y),$","context":{"chapter-title":"Elliptic Integrals","chapter-xmlid":"C19"}}},{"subequation":{"xml-id":"C19.S29.Ex4","tex":"$U_{\\alpha\\beta}=U_{\\beta\\alpha}=U_{\\gamma\\delta}=U_{\\delta\\gamma},$","context":{"chapter-title":"Elliptic Integrals","chapter-xmlid":"C19"}}},{"subequation":{"xml-id":"C19.S29.Ex5","tex":"$U_{\\alpha\\beta}^{2}-U_{\\alpha\\gamma}^{2}=d_{\\alpha\\delta}d_{\\beta\\gamma}.$","context":{"chapter-title":"Elliptic Integrals","chapter-xmlid":"C19"}}}]}}{"expression":{"xml-id":"C19.S29.XMD1.m1adec","tex":"$X_{\\alpha}$","context":{"chapter-title":"Elliptic Integrals","chapter-xmlid":"C19"}}}{"expression":{"xml-id":"C19.S29.XMD10.m1adec","tex":"$U_{n}$","context":{"chapter-title":"Elliptic Integrals","chapter-xmlid":"C19"}}}{"expression":{"xml-id":"C19.S29.XMD2.m1adec","tex":"$Y_{\\alpha}$","context":{"chapter-title":"Elliptic Integrals","chapter-xmlid":"C19"}}}{"expression":{"xml-id":"C19.S29.XMD3.m1adec","tex":"$d_{\\alpha\\beta}$","context":{"chapter-title":"Elliptic Integrals","chapter-xmlid":"C19"}}}{"expression":{"xml-id":"C19.S29.XMD5.m1cdec","tex":"$\\alpha$","context":{"chapter-title":"Elliptic Integrals","chapter-xmlid":"C19"}}}{"expression":{"xml-id":"C19.S29.XMD6.m1adec","tex":"$\\beta$","context":{"chapter-title":"Elliptic Integrals","chapter-xmlid":"C19"}}}{"expression":{"xml-id":"C19.S29.XMD7.m1dec","tex":"$\\gamma$","context":{"chapter-title":"Elliptic Integrals","chapter-xmlid":"C19"}}}{"expression":{"xml-id":"C19.S29.XMD8.m1dec","tex":"$\\delta$","context":{"chapter-title":"Elliptic Integrals","chapter-xmlid":"C19"}}}{"expression":{"xml-id":"C19.S29.SS1.p1.m9","tex":"$U$","context":{"sentence-num-in-corpus":"11605","subsection-xmlid":"C19.S29.SS1","sentence-xmlid":"C19.S29.SS1.p1.s4","chapter-title":"Elliptic Integrals","chapter-xmlid":"C19","section-title":"Reduction of General Elliptic Integrals","sentence-num-in-chapter":"508","section-xmlid":"C19.S29","sentence-num-in-section":"4","para-num-of-sentences":"9","para-xmlid":"C19.S29.SS1.p1","subsection-title":"Reduction Theorems"}}}{"expression":{"xml-id":"C19.S29.SS1.p1.m10","tex":"$\\leq 4$","context":{"sentence-num-in-corpus":"11605","subsection-xmlid":"C19.S29.SS1","sentence-xmlid":"C19.S29.SS1.p1.s4","chapter-title":"Elliptic Integrals","chapter-xmlid":"C19","section-title":"Reduction of General Elliptic Integrals","sentence-num-in-chapter":"508","section-xmlid":"C19.S29","sentence-num-in-section":"4","para-num-of-sentences":"9","para-xmlid":"C19.S29.SS1.p1","subsection-title":"Reduction Theorems"}}}{"expression":{"xml-id":"C19.S29.SS1.p1.m11","tex":"$d$","context":{"sentence-num-in-corpus":"11605","subsection-xmlid":"C19.S29.SS1","sentence-xmlid":"C19.S29.SS1.p1.s4","chapter-title":"Elliptic Integrals","chapter-xmlid":"C19","section-title":"Reduction of General Elliptic Integrals","sentence-num-in-chapter":"508","section-xmlid":"C19.S29","sentence-num-in-section":"4","para-num-of-sentences":"9","para-xmlid":"C19.S29.SS1.p1","subsection-title":"Reduction Theorems"}}}{"equation":{"symbols-used":[null,null,null,{"symbol":{"tex":"$\\alpha$","meaning":"parameter","idref":"C19.S29.SS1.p1"}},{"symbol":{"tex":"$\\beta$","meaning":"parameter","idref":"C19.S29.SS1.p1"}},{"symbol":{"tex":"$\\gamma$","meaning":"parameter","idref":"C19.S29.SS1.p1"}},{"symbol":{"tex":"$\\delta$","meaning":"parameter","idref":"C19.S29.SS1.p1"}}],"context":{"sentence-num-in-corpus":"11606","subsection-xmlid":"C19.S29.SS1","sentence-xmlid":"C19.S29.SS1.p1.s5","chapter-title":"Elliptic Integrals","chapter-xmlid":"C19","section-title":"Reduction of General Elliptic Integrals","sentence-num-in-chapter":"509","section-xmlid":"C19.S29","sentence-num-in-section":"5","para-num-of-sentences":"9","para-xmlid":"C19.S29.SS1.p1","subsection-title":"Reduction Theorems"},"permalink":"http:\/\/dlmf.nist.gov\/19.29.E6","equation-number":"19.29.6","subequations":[{"subequation":{"xml-id":"C19.S29.Ex6","tex":"${U_{\\alpha\\beta}=\\sqrt{b_{\\alpha}}\\sqrt{b_{\\beta}}Y_{\\gamma}Y_{\\delta}+Y_{ \\alpha}Y_{\\beta}\\sqrt{b_{\\gamma}}\\sqrt{b_{\\delta}},}$","context":{"chapter-title":"Elliptic Integrals","chapter-xmlid":"C19"},"constraints":{"tex":"$x=\\infty$,"}}},{"subequation":{"xml-id":"C19.S29.Ex7","tex":"$U_{\\alpha\\beta}=X_{\\alpha}X_{\\beta}\\sqrt{-b_{\\gamma}}\\sqrt{-b_{\\delta}}+\\sqrt{ -b_{\\alpha}}\\sqrt{-b_{\\beta}}X_{\\gamma}X_{\\delta},$","context":{"chapter-title":"Elliptic Integrals","chapter-xmlid":"C19"},"constraints":{"tex":"$y=-\\infty$."}}}]}}{"expression":{"xml-id":"C19.S29.XMD1.m1bdec","tex":"$X_{\\alpha}$","context":{"chapter-title":"Elliptic Integrals","chapter-xmlid":"C19"}}}{"expression":{"xml-id":"C19.S29.XMD10.m1bdec","tex":"$U_{n}$","context":{"chapter-title":"Elliptic Integrals","chapter-xmlid":"C19"}}}{"expression":{"xml-id":"C19.S29.XMD2.m1bdec","tex":"$Y_{\\alpha}$","context":{"chapter-title":"Elliptic Integrals","chapter-xmlid":"C19"}}}{"expression":{"xml-id":"C19.S29.XMD5.m1ddec","tex":"$\\alpha$","context":{"chapter-title":"Elliptic Integrals","chapter-xmlid":"C19"}}}{"expression":{"xml-id":"C19.S29.XMD6.m1bdec","tex":"$\\beta$","context":{"chapter-title":"Elliptic Integrals","chapter-xmlid":"C19"}}}{"expression":{"xml-id":"C19.S29.XMD7.m1adec","tex":"$\\gamma$","context":{"chapter-title":"Elliptic Integrals","chapter-xmlid":"C19"}}}{"expression":{"xml-id":"C19.S29.XMD8.m1adec","tex":"$\\delta$","context":{"chapter-title":"Elliptic Integrals","chapter-xmlid":"C19"}}}{"equation":{"symbols-used":[{"symbol":{"tex":"$R_{D}\\left(\\NVar{x},\\NVar{y},\\NVar{z}\\right)$","meaning":"elliptic integral symmetric in only two variables","idref":"C19.S16.E5","content-tex":"$\\CarlsonsymellintRD@{\\NVar{x}}{\\NVar{y}}{\\NVar{z}}$"}},{"symbol":{"tex":"$\\mathrm{d}\\NVar{x}$","meaning":"differential of $x$","idref":"C1.S4.SS4","content-tex":"$\\diff{\\NVar{x}}$"}},{"symbol":{"tex":"$\\int$","meaning":"integral","idref":"C1.S4.SS4"}},null,null,null,null,{"symbol":{"tex":"$s(t)$","meaning":"product","idref":"C19.S29.SS1.p1"}},{"symbol":{"tex":"$\\alpha$","meaning":"parameter","idref":"C19.S29.SS1.p1"}},{"symbol":{"tex":"$\\beta$","meaning":"parameter","idref":"C19.S29.SS1.p1"}},{"symbol":{"tex":"$\\gamma$","meaning":"parameter","idref":"C19.S29.SS1.p1"}},{"symbol":{"tex":"$\\delta$","meaning":"parameter","idref":"C19.S29.SS1.p1"}}],"xml-id":"C19.S29.E7","tex":"$\\int_{y}^{x}\\frac{a_{\\alpha}+b_{\\alpha}t}{a_{\\delta}+b_{\\delta}t}\\frac{\\mathrm {d}t}{s(t)}=\\tfrac{2}{3}d_{\\alpha\\beta}d_{\\alpha\\gamma}R_{D}\\left(U_{\\alpha \\beta}^{2},U_{\\alpha\\gamma}^{2},U_{\\alpha\\delta}^{2}\\right)+\\frac{2X_{\\alpha}Y _{\\alpha}}{X_{\\delta}Y_{\\delta}U_{\\alpha\\delta}},$","context":{"sentence-num-in-corpus":"11607","subsection-xmlid":"C19.S29.SS1","sentence-xmlid":"C19.S29.SS1.p1.s6","chapter-title":"Elliptic Integrals","chapter-xmlid":"C19","section-title":"Reduction of General Elliptic Integrals","sentence-num-in-chapter":"510","section-xmlid":"C19.S29","sentence-num-in-section":"6","para-num-of-sentences":"9","para-xmlid":"C19.S29.SS1.p1","subsection-title":"Reduction Theorems"},"permalink":"http:\/\/dlmf.nist.gov\/19.29.E7","equation-number":"19.29.7","constraints":{"tex":"$U_{\\alpha\\delta}\\neq 0$."},"content-tex":"$\\int_{y}^{x}\\frac{a_{\\alpha}+b_{\\alpha}t}{a_{\\delta}+b_{\\delta}t}\\frac{\\diff{t }}{s(t)}=\\tfrac{2}{3}d_{\\alpha\\beta}d_{\\alpha\\gamma}\\CarlsonsymellintRD@{U_{ \\alpha\\beta}^{2}}{U_{\\alpha\\gamma}^{2}}{U_{\\alpha\\delta}^{2}}+\\frac{2X_{\\alpha }Y_{\\alpha}}{X_{\\delta}Y_{\\delta}U_{\\alpha\\delta}},$"}}{"equation":{"symbols-used":[{"symbol":{"tex":"$R_{C}\\left(\\NVar{x},\\NVar{y}\\right)$","meaning":"Carlson\u2019s combination of inverse circular and inverse hyperbolic functions","idref":"C19.S2.E17","content-tex":"$\\CarlsonellintRC@{\\NVar{x}}{\\NVar{y}}$"}},{"symbol":{"tex":"$R_{J}\\left(\\NVar{x},\\NVar{y},\\NVar{z},\\NVar{p}\\right)$","meaning":"symmetric elliptic integral of third kind","idref":"C19.S16.E2","content-tex":"$\\CarlsonsymellintRJ@{\\NVar{x}}{\\NVar{y}}{\\NVar{z}}{\\NVar{p}}$"}},{"symbol":{"tex":"$\\mathbb{C}$","meaning":"complex plane","idref":"introduction.Sx4.p1.t1.r1","content-tex":"$\\Complexes$"}},{"symbol":{"tex":"$\\mathrm{d}\\NVar{x}$","meaning":"differential of $x$","idref":"C1.S4.SS4","content-tex":"$\\diff{\\NVar{x}}$"}},{"symbol":{"tex":"$\\in$","meaning":"element of","idref":"introduction.Sx4.p1.t1.r10"}},{"symbol":{"tex":"$\\int$","meaning":"integral","idref":"C1.S4.SS4"}},{"symbol":{"tex":"$(\\NVar{a},\\NVar{b})$","meaning":"open interval","idref":"introduction.Sx4.p1.t1.r29"}},{"symbol":{"tex":"$\\setminus$","meaning":"set subtraction","idref":"introduction.Sx4.p2.t1.r19"}},null,null,null,null,{"symbol":{"tex":"$s(t)$","meaning":"product","idref":"C19.S29.SS1.p1"}},{"symbol":{"tex":"$\\alpha$","meaning":"parameter","idref":"C19.S29.SS1.p1"}},{"symbol":{"tex":"$\\beta$","meaning":"parameter","idref":"C19.S29.SS1.p1"}},{"symbol":{"tex":"$\\gamma$","meaning":"parameter","idref":"C19.S29.SS1.p1"}},{"symbol":{"tex":"$\\delta$","meaning":"parameter","idref":"C19.S29.SS1.p1"}}],"xml-id":"C19.S29.E8","tex":"$\\int_{y}^{x}\\frac{a_{\\alpha}+b_{\\alpha}t}{a_{5}+b_{5}t}\\frac{\\mathrm{d}t}{s(t) }=\\frac{2}{3}\\frac{d_{\\alpha\\beta}d_{\\alpha\\gamma}d_{\\alpha\\delta}}{d_{\\alpha 5 }}R_{J}\\left(U_{12}^{2},U_{13}^{2},U_{23}^{2},U_{\\alpha 5}^{2}\\right)+2R_{C} \\left(S_{\\alpha 5}^{2},Q_{\\alpha 5}^{2}\\right),$","context":{"sentence-num-in-corpus":"11608","subsection-xmlid":"C19.S29.SS1","sentence-xmlid":"C19.S29.SS1.p1.s7","chapter-title":"Elliptic Integrals","chapter-xmlid":"C19","section-title":"Reduction of General Elliptic Integrals","sentence-num-in-chapter":"511","section-xmlid":"C19.S29","sentence-num-in-section":"7","para-num-of-sentences":"9","para-xmlid":"C19.S29.SS1.p1","subsection-title":"Reduction Theorems"},"permalink":"http:\/\/dlmf.nist.gov\/19.29.E8","equation-number":"19.29.8","constraints":{"tex":"$S_{\\alpha 5}^{2}\\in\\mathbb{C}\\setminus(-\\infty,0)$,","content-tex":"$S_{\\alpha 5}^{2}\\in\\Complexes\\setminus(-\\infty,0)$,"},"content-tex":"$\\int_{y}^{x}\\frac{a_{\\alpha}+b_{\\alpha}t}{a_{5}+b_{5}t}\\frac{\\diff{t}}{s(t)}= \\frac{2}{3}\\frac{d_{\\alpha\\beta}d_{\\alpha\\gamma}d_{\\alpha\\delta}}{d_{\\alpha 5} }\\CarlsonsymellintRJ@{U_{12}^{2}}{U_{13}^{2}}{U_{23}^{2}}{U_{\\alpha 5}^{2}}+2 \\CarlsonellintRC@{S_{\\alpha 5}^{2}}{Q_{\\alpha 5}^{2}},$"}}{"expression":{"xml-id":"C19.S29.XMD10.m1","tex":"$U_{n}$","context":{"chapter-title":"Elliptic Integrals","chapter-xmlid":"C19"}}}{"expression":{"xml-id":"C19.S29.XMD11.m1","tex":"$S_{n}$","context":{"chapter-title":"Elliptic Integrals","chapter-xmlid":"C19"}}}{"expression":{"xml-id":"C19.S29.XMD12.m1","tex":"$Q_{\\alpha\\beta}$","context":{"chapter-title":"Elliptic Integrals","chapter-xmlid":"C19"}}}{"equation":{"symbols-used":[null,null,null,null,null,null,{"symbol":{"tex":"$\\alpha$","meaning":"parameter","idref":"C19.S29.SS1.p1"}},{"symbol":{"tex":"$\\beta$","meaning":"parameter","idref":"C19.S29.SS1.p1"}},{"symbol":{"tex":"$\\gamma$","meaning":"parameter","idref":"C19.S29.SS1.p1"}},{"symbol":{"tex":"$\\delta$","meaning":"parameter","idref":"C19.S29.SS1.p1"}}],"context":{"sentence-num-in-corpus":"11608","subsection-xmlid":"C19.S29.SS1","sentence-xmlid":"C19.S29.SS1.p1.s7","chapter-title":"Elliptic Integrals","chapter-xmlid":"C19","section-title":"Reduction of General Elliptic Integrals","sentence-num-in-chapter":"511","section-xmlid":"C19.S29","sentence-num-in-section":"7","para-num-of-sentences":"9","para-xmlid":"C19.S29.SS1.p1","subsection-title":"Reduction Theorems"},"permalink":"http:\/\/dlmf.nist.gov\/19.29.E9","equation-number":"19.29.9","subequations":[{"subequation":{"xml-id":"C19.S29.Ex8","tex":"$U_{\\alpha 5}^{2}=U_{\\alpha\\beta}^{2}-\\frac{d_{\\alpha\\gamma}d_{\\alpha\\delta}d_{ \\beta 5}}{d_{\\alpha 5}}=U_{\\beta\\gamma}^{2}-\\frac{d_{\\alpha\\beta}d_{\\alpha \\gamma}d_{\\delta 5}}{d_{\\alpha 5}}\\neq 0,$","context":{"chapter-title":"Elliptic Integrals","chapter-xmlid":"C19"}}},{"subequation":{"xml-id":"C19.S29.Ex9","tex":"$S_{\\alpha 5}=\\frac{1}{x-y}\\left(\\frac{X_{\\beta}X_{\\gamma}X_{\\delta}}{X_{\\alpha }}Y_{5}^{2}+\\frac{Y_{\\beta}Y_{\\gamma}Y_{\\delta}}{Y_{\\alpha}}X_{5}^{2}\\right),$","context":{"chapter-title":"Elliptic Integrals","chapter-xmlid":"C19"}}},{"subequation":{"xml-id":"C19.S29.Ex10","tex":"$Q_{\\alpha 5}=\\frac{X_{5}Y_{5}}{X_{\\alpha}Y_{\\alpha}}U_{\\alpha 5}\\neq 0,$","context":{"chapter-title":"Elliptic Integrals","chapter-xmlid":"C19"}}},{"subequation":{"xml-id":"C19.S29.Ex11","tex":"$S_{\\alpha 5}^{2}-Q_{\\alpha 5}^{2}=\\frac{d_{\\beta 5}d_{\\gamma 5}d_{\\delta 5}}{d _{\\alpha 5}}.$","context":{"chapter-title":"Elliptic Integrals","chapter-xmlid":"C19"}}}]}}{"expression":{"xml-id":"C19.S29.XMD1.m1ddec","tex":"$X_{\\alpha}$","context":{"chapter-title":"Elliptic Integrals","chapter-xmlid":"C19"}}}{"expression":{"xml-id":"C19.S29.XMD10.m1edec","tex":"$U_{n}$","context":{"chapter-title":"Elliptic Integrals","chapter-xmlid":"C19"}}}{"expression":{"xml-id":"C19.S29.XMD11.m1adec","tex":"$S_{n}$","context":{"chapter-title":"Elliptic Integrals","chapter-xmlid":"C19"}}}{"expression":{"xml-id":"C19.S29.XMD12.m1adec","tex":"$Q_{\\alpha\\beta}$","context":{"chapter-title":"Elliptic Integrals","chapter-xmlid":"C19"}}}{"expression":{"xml-id":"C19.S29.XMD2.m1ddec","tex":"$Y_{\\alpha}$","context":{"chapter-title":"Elliptic Integrals","chapter-xmlid":"C19"}}}{"expression":{"xml-id":"C19.S29.XMD3.m1ddec","tex":"$d_{\\alpha\\beta}$","context":{"chapter-title":"Elliptic Integrals","chapter-xmlid":"C19"}}}{"expression":{"xml-id":"C19.S29.XMD5.m1gdec","tex":"$\\alpha$","context":{"chapter-title":"Elliptic Integrals","chapter-xmlid":"C19"}}}{"expression":{"xml-id":"C19.S29.XMD6.m1edec","tex":"$\\beta$","context":{"chapter-title":"Elliptic Integrals","chapter-xmlid":"C19"}}}{"expression":{"xml-id":"C19.S29.XMD7.m1ddec","tex":"$\\gamma$","context":{"chapter-title":"Elliptic Integrals","chapter-xmlid":"C19"}}}{"expression":{"xml-id":"C19.S29.XMD8.m1ddec","tex":"$\\delta$","context":{"chapter-title":"Elliptic Integrals","chapter-xmlid":"C19"}}}{"expression":{"xml-id":"C19.S29.SS1.p1.m12","tex":"$U_{\\alpha 5}^{2}$","context":{"sentence-num-in-corpus":"11609","subsection-xmlid":"C19.S29.SS1","sentence-xmlid":"C19.S29.SS1.p1.s8","chapter-title":"Elliptic Integrals","chapter-xmlid":"C19","section-title":"Reduction of General Elliptic Integrals","sentence-num-in-chapter":"512","section-xmlid":"C19.S29","sentence-num-in-section":"8","para-num-of-sentences":"9","para-xmlid":"C19.S29.SS1.p1","subsection-title":"Reduction Theorems"}}}{"expression":{"xml-id":"C19.S29.SS1.p1.m13","tex":"$Q_{\\alpha 5}^{2}$","context":{"sentence-num-in-corpus":"11609","subsection-xmlid":"C19.S29.SS1","sentence-xmlid":"C19.S29.SS1.p1.s8","chapter-title":"Elliptic Integrals","chapter-xmlid":"C19","section-title":"Reduction of General Elliptic Integrals","sentence-num-in-chapter":"512","section-xmlid":"C19.S29","sentence-num-in-section":"8","para-num-of-sentences":"9","para-xmlid":"C19.S29.SS1.p1","subsection-title":"Reduction Theorems"}}}{"expression":{"xml-id":"C19.S29.SS1.p2.m1","tex":"$8+8+12=28$","context":{"sentence-num-in-corpus":"11611","subsection-xmlid":"C19.S29.SS1","sentence-xmlid":"C19.S29.SS1.p2.s1","chapter-title":"Elliptic Integrals","chapter-xmlid":"C19","section-title":"Reduction of General Elliptic Integrals","sentence-num-in-chapter":"514","section-xmlid":"C19.S29","sentence-num-in-section":"10","para-num-of-sentences":"4","para-xmlid":"C19.S29.SS1.p2","subsection-title":"Reduction Theorems"}}}{"expression":{"xml-id":"C19.S29.SS1.p2.m2","tex":"$x^{2}$","context":{"sentence-num-in-corpus":"11611","subsection-xmlid":"C19.S29.SS1","sentence-xmlid":"C19.S29.SS1.p2.s1","chapter-title":"Elliptic Integrals","chapter-xmlid":"C19","section-title":"Reduction of General Elliptic Integrals","sentence-num-in-chapter":"514","section-xmlid":"C19.S29","sentence-num-in-section":"10","para-num-of-sentences":"4","para-xmlid":"C19.S29.SS1.p2","subsection-title":"Reduction Theorems"}}}{"expression":{"xml-id":"C19.S29.SS1.p2.m3","tex":"$18+36+18=72$","context":{"sentence-num-in-corpus":"11613","subsection-xmlid":"C19.S29.SS1","sentence-xmlid":"C19.S29.SS1.p2.s3","chapter-title":"Elliptic Integrals","chapter-xmlid":"C19","section-title":"Reduction of General Elliptic Integrals","sentence-num-in-chapter":"516","section-xmlid":"C19.S29","sentence-num-in-section":"12","para-num-of-sentences":"4","para-xmlid":"C19.S29.SS1.p2","subsection-title":"Reduction Theorems"}}}{"equation":{"symbols-used":[{"symbol":{"tex":"$R_{D}\\left(\\NVar{x},\\NVar{y},\\NVar{z}\\right)$","meaning":"elliptic integral symmetric in only two variables","idref":"C19.S16.E5","content-tex":"$\\CarlsonsymellintRD@{\\NVar{x}}{\\NVar{y}}{\\NVar{z}}$"}},{"symbol":{"tex":"$\\mathrm{d}\\NVar{x}$","meaning":"differential of $x$","idref":"C1.S4.SS4","content-tex":"$\\diff{\\NVar{x}}$"}},{"symbol":{"tex":"$\\int$","meaning":"integral","idref":"C1.S4.SS4"}}],"xml-id":"C19.S29.E10","tex":"$\\int_{u}^{b}\\sqrt{\\frac{a-t}{(b-t)(t-c)^{3}}}\\mathrm{d}t=-\\tfrac{2}{3}{(a-b)}{ (b-u)}^{3\/2}R_{D}+\\frac{2}{b-c}\\sqrt{\\frac{(a-u)(b-u)}{u-c}},$","context":{"sentence-num-in-corpus":"11614","subsection-xmlid":"C19.S29.SS1","sentence-xmlid":"C19.S29.SS1.p2.s4","chapter-title":"Elliptic Integrals","chapter-xmlid":"C19","section-title":"Reduction of General Elliptic Integrals","sentence-num-in-chapter":"517","section-xmlid":"C19.S29","sentence-num-in-section":"13","para-num-of-sentences":"4","para-xmlid":"C19.S29.SS1.p2","subsection-title":"Reduction Theorems"},"permalink":"http:\/\/dlmf.nist.gov\/19.29.E10","equation-number":"19.29.10","constraints":{"tex":"$a>b>u>c$,"},"content-tex":"$\\int_{u}^{b}\\sqrt{\\frac{a-t}{(b-t)(t-c)^{3}}}\\diff{t}=-\\tfrac{2}{3}{(a-b)}{(b- u)}^{3\/2}\\CarlsonsymellintRD@@{(a-b)(u-c)}{(b-c)(a-u)}{(a-b)(b-c)}+\\frac{2}{b- c}\\sqrt{\\frac{(a-u)(b-u)}{u-c}},$"}}{"expression":{"xml-id":"C19.S29.SS1.p2.m4","tex":"$R_{D}$","context":{"sentence-num-in-corpus":"11614","subsection-xmlid":"C19.S29.SS1","sentence-xmlid":"C19.S29.SS1.p2.s4","chapter-title":"Elliptic Integrals","chapter-xmlid":"C19","section-title":"Reduction of General Elliptic Integrals","sentence-num-in-chapter":"517","section-xmlid":"C19.S29","sentence-num-in-section":"13","para-num-of-sentences":"4","para-xmlid":"C19.S29.SS1.p2","subsection-title":"Reduction Theorems"},"content-tex":"$\\CarlsonsymellintRD$"}}{"expression":{"xml-id":"C19.S29.SS1.p2.m5","tex":"$(a-b)(u-c)$","context":{"sentence-num-in-corpus":"11614","subsection-xmlid":"C19.S29.SS1","sentence-xmlid":"C19.S29.SS1.p2.s4","chapter-title":"Elliptic Integrals","chapter-xmlid":"C19","section-title":"Reduction of General Elliptic Integrals","sentence-num-in-chapter":"517","section-xmlid":"C19.S29","sentence-num-in-section":"13","para-num-of-sentences":"4","para-xmlid":"C19.S29.SS1.p2","subsection-title":"Reduction Theorems"}}}{"expression":{"xml-id":"C19.S29.SS1.p2.m6","tex":"$(b-c)(a-u)$","context":{"sentence-num-in-corpus":"11614","subsection-xmlid":"C19.S29.SS1","sentence-xmlid":"C19.S29.SS1.p2.s4","chapter-title":"Elliptic Integrals","chapter-xmlid":"C19","section-title":"Reduction of General Elliptic Integrals","sentence-num-in-chapter":"517","section-xmlid":"C19.S29","sentence-num-in-section":"13","para-num-of-sentences":"4","para-xmlid":"C19.S29.SS1.p2","subsection-title":"Reduction Theorems"}}}{"expression":{"xml-id":"C19.S29.SS1.p2.m7","tex":"$(a-b)(b-c)$","context":{"sentence-num-in-corpus":"11614","subsection-xmlid":"C19.S29.SS1","sentence-xmlid":"C19.S29.SS1.p2.s4","chapter-title":"Elliptic Integrals","chapter-xmlid":"C19","section-title":"Reduction of General Elliptic Integrals","sentence-num-in-chapter":"517","section-xmlid":"C19.S29","sentence-num-in-section":"13","para-num-of-sentences":"4","para-xmlid":"C19.S29.SS1.p2","subsection-title":"Reduction Theorems"}}}{"expression":{"xml-id":"C19.S29.XMD13.m1","tex":"$I(\\mathbf{m})$","context":{"chapter-title":"Elliptic Integrals","chapter-xmlid":"C19"}}}{"expression":{"xml-id":"C19.S29.SS2.p1.m1","tex":"$I(\\NVar{\\mathbf{m}})$","context":{"chapter-title":"Elliptic Integrals","chapter-xmlid":"C19"}}}{"equation":{"symbols-used":[{"symbol":{"tex":"$\\mathrm{d}\\NVar{x}$","meaning":"differential of $x$","idref":"C1.S4.SS4","content-tex":"$\\diff{\\NVar{x}}$"}},{"symbol":{"tex":"$\\int$","meaning":"integral","idref":"C1.S4.SS4"}},{"symbol":{"tex":"$m$","meaning":"nonnegative integer","idref":"C19.S1.p1.t1.r1"}},{"symbol":{"tex":"$n$","meaning":"nonnegative integer","idref":"C19.S1.p1.t1.r1"}},{"symbol":{"tex":"$I(\\mathbf{m})$","meaning":"integral","idref":"C19.S29.SS2.p1"}},{"symbol":{"tex":"$\\alpha$","meaning":"parameter","idref":"C19.S29.SS1.p1"}}],"xml-id":"C19.S29.E11","tex":"$I(\\mathbf{m})=\\int_{y}^{x}\\prod_{\\alpha=1}^{h}(a_{\\alpha}+b_{\\alpha}t)^{-1\/2} \\prod_{j=1}^{n}(a_{j}+b_{j}t)^{m_{j}}\\mathrm{d}t,$","context":{"sentence-num-in-corpus":"11615","subsection-xmlid":"C19.S29.SS2","sentence-xmlid":"C19.S29.SS2.p1.s1","chapter-title":"Elliptic Integrals","chapter-xmlid":"C19","section-title":"Reduction of General Elliptic Integrals","sentence-num-in-chapter":"518","section-xmlid":"C19.S29","sentence-num-in-section":"14","para-num-of-sentences":"4","para-xmlid":"C19.S29.SS2.p1","subsection-title":"Reduction to Basic Integrals"},"permalink":"http:\/\/dlmf.nist.gov\/19.29.E11","equation-number":"19.29.11","content-tex":"$I(\\mathbf{m})=\\int_{y}^{x}\\prod_{\\alpha=1}^{h}(a_{\\alpha}+b_{\\alpha}t)^{-1\/2} \\prod_{j=1}^{n}(a_{j}+b_{j}t)^{m_{j}}\\diff{t},$"}}{"expression":{"xml-id":"C19.S29.SS2.p1.m2","tex":"$x>y$","context":{"sentence-num-in-corpus":"11615","subsection-xmlid":"C19.S29.SS2","sentence-xmlid":"C19.S29.SS2.p1.s1","chapter-title":"Elliptic Integrals","chapter-xmlid":"C19","section-title":"Reduction of General Elliptic Integrals","sentence-num-in-chapter":"518","section-xmlid":"C19.S29","sentence-num-in-section":"14","para-num-of-sentences":"4","para-xmlid":"C19.S29.SS2.p1","subsection-title":"Reduction to Basic Integrals"}}}{"expression":{"xml-id":"C19.S29.SS2.p1.m3","tex":"$h=3$","context":{"sentence-num-in-corpus":"11615","subsection-xmlid":"C19.S29.SS2","sentence-xmlid":"C19.S29.SS2.p1.s1","chapter-title":"Elliptic Integrals","chapter-xmlid":"C19","section-title":"Reduction of General Elliptic Integrals","sentence-num-in-chapter":"518","section-xmlid":"C19.S29","sentence-num-in-section":"14","para-num-of-sentences":"4","para-xmlid":"C19.S29.SS2.p1","subsection-title":"Reduction to Basic Integrals"}}}{"expression":{"xml-id":"C19.S29.SS2.p1.m4","tex":"$n\\geq h$","context":{"sentence-num-in-corpus":"11615","subsection-xmlid":"C19.S29.SS2","sentence-xmlid":"C19.S29.SS2.p1.s1","chapter-title":"Elliptic Integrals","chapter-xmlid":"C19","section-title":"Reduction of General Elliptic Integrals","sentence-num-in-chapter":"518","section-xmlid":"C19.S29","sentence-num-in-section":"14","para-num-of-sentences":"4","para-xmlid":"C19.S29.SS2.p1","subsection-title":"Reduction to Basic Integrals"}}}{"expression":{"xml-id":"C19.S29.SS2.p1.m5","tex":"$m_{j}$","context":{"sentence-num-in-corpus":"11615","subsection-xmlid":"C19.S29.SS2","sentence-xmlid":"C19.S29.SS2.p1.s1","chapter-title":"Elliptic Integrals","chapter-xmlid":"C19","section-title":"Reduction of General Elliptic Integrals","sentence-num-in-chapter":"518","section-xmlid":"C19.S29","sentence-num-in-section":"14","para-num-of-sentences":"4","para-xmlid":"C19.S29.SS2.p1","subsection-title":"Reduction to Basic Integrals"}}}{"equation":{"symbols-used":[{"symbol":{"tex":"$m$","meaning":"nonnegative integer","idref":"C19.S1.p1.t1.r1"}},{"symbol":{"tex":"$n$","meaning":"nonnegative integer","idref":"C19.S1.p1.t1.r1"}}],"xml-id":"C19.S29.E12","tex":"$\\mathbf{m}=(m_{1},\\dots,m_{n})=\\sum_{j=1}^{n}m_{j}\\mathbf{e}_{j},$","context":{"sentence-num-in-corpus":"11616","subsection-xmlid":"C19.S29.SS2","sentence-xmlid":"C19.S29.SS2.p1.s2","chapter-title":"Elliptic Integrals","chapter-xmlid":"C19","section-title":"Reduction of General Elliptic Integrals","sentence-num-in-chapter":"519","section-xmlid":"C19.S29","sentence-num-in-section":"15","para-num-of-sentences":"4","para-xmlid":"C19.S29.SS2.p1","subsection-title":"Reduction to Basic Integrals"},"permalink":"http:\/\/dlmf.nist.gov\/19.29.E12","equation-number":"19.29.12"}}{"expression":{"xml-id":"C19.S29.SS2.p1.m6","tex":"$\\mathbf{e}_{j}$","context":{"sentence-num-in-corpus":"11616","subsection-xmlid":"C19.S29.SS2","sentence-xmlid":"C19.S29.SS2.p1.s2","chapter-title":"Elliptic Integrals","chapter-xmlid":"C19","section-title":"Reduction of General Elliptic Integrals","sentence-num-in-chapter":"519","section-xmlid":"C19.S29","sentence-num-in-section":"15","para-num-of-sentences":"4","para-xmlid":"C19.S29.SS2.p1","subsection-title":"Reduction to Basic Integrals"}}}{"expression":{"xml-id":"C19.S29.SS2.p1.m7","tex":"$n$","context":{"sentence-num-in-corpus":"11616","subsection-xmlid":"C19.S29.SS2","sentence-xmlid":"C19.S29.SS2.p1.s2","chapter-title":"Elliptic Integrals","chapter-xmlid":"C19","section-title":"Reduction of General Elliptic Integrals","sentence-num-in-chapter":"519","section-xmlid":"C19.S29","sentence-num-in-section":"15","para-num-of-sentences":"4","para-xmlid":"C19.S29.SS2.p1","subsection-title":"Reduction to Basic Integrals"}}}{"expression":{"xml-id":"C19.S29.SS2.p1.m8","tex":"$j$","context":{"sentence-num-in-corpus":"11616","subsection-xmlid":"C19.S29.SS2","sentence-xmlid":"C19.S29.SS2.p1.s2","chapter-title":"Elliptic Integrals","chapter-xmlid":"C19","section-title":"Reduction of General Elliptic Integrals","sentence-num-in-chapter":"519","section-xmlid":"C19.S29","sentence-num-in-section":"15","para-num-of-sentences":"4","para-xmlid":"C19.S29.SS2.p1","subsection-title":"Reduction to Basic Integrals"}}}{"expression":{"xml-id":"C19.S29.SS2.p1.m9","tex":"$\\boldsymbol{{0}}=(0,\\dots,0)$","context":{"sentence-num-in-corpus":"11617","subsection-xmlid":"C19.S29.SS2","sentence-xmlid":"C19.S29.SS2.p1.s3","chapter-title":"Elliptic Integrals","chapter-xmlid":"C19","section-title":"Reduction of General Elliptic Integrals","sentence-num-in-chapter":"520","section-xmlid":"C19.S29","sentence-num-in-section":"16","para-num-of-sentences":"4","para-xmlid":"C19.S29.SS2.p1","subsection-title":"Reduction to Basic Integrals"}}}{"expression":{"xml-id":"C19.S29.SS2.p1.m10","tex":"$I(\\boldsymbol{{0}})$","context":{"sentence-num-in-corpus":"11618","subsection-xmlid":"C19.S29.SS2","sentence-xmlid":"C19.S29.SS2.p1.s4","chapter-title":"Elliptic Integrals","chapter-xmlid":"C19","section-title":"Reduction of General Elliptic Integrals","sentence-num-in-chapter":"521","section-xmlid":"C19.S29","sentence-num-in-section":"17","para-num-of-sentences":"4","para-xmlid":"C19.S29.SS2.p1","subsection-title":"Reduction to Basic Integrals"}}}{"expression":{"xml-id":"C19.S29.SS2.p1.m11","tex":"$I(\\mathbf{e}_{\\alpha}-\\mathbf{e}_{\\delta})$","context":{"sentence-num-in-corpus":"11618","subsection-xmlid":"C19.S29.SS2","sentence-xmlid":"C19.S29.SS2.p1.s4","chapter-title":"Elliptic Integrals","chapter-xmlid":"C19","section-title":"Reduction of General Elliptic Integrals","sentence-num-in-chapter":"521","section-xmlid":"C19.S29","sentence-num-in-section":"17","para-num-of-sentences":"4","para-xmlid":"C19.S29.SS2.p1","subsection-title":"Reduction to Basic Integrals"}}}{"expression":{"xml-id":"C19.S29.SS2.p1.m12","tex":"$I(\\mathbf{e}_{\\alpha}-\\mathbf{e}_{5})$","context":{"sentence-num-in-corpus":"11618","subsection-xmlid":"C19.S29.SS2","sentence-xmlid":"C19.S29.SS2.p1.s4","chapter-title":"Elliptic Integrals","chapter-xmlid":"C19","section-title":"Reduction of General Elliptic Integrals","sentence-num-in-chapter":"521","section-xmlid":"C19.S29","sentence-num-in-section":"17","para-num-of-sentences":"4","para-xmlid":"C19.S29.SS2.p1","subsection-title":"Reduction to Basic Integrals"}}}{"expression":{"xml-id":"C19.S29.SS2.p2.m1","tex":"$I(\\mathbf{m})$","context":{"sentence-num-in-corpus":"11619","subsection-xmlid":"C19.S29.SS2","sentence-xmlid":"C19.S29.SS2.p2.s1","chapter-title":"Elliptic Integrals","chapter-xmlid":"C19","section-title":"Reduction of General Elliptic Integrals","sentence-num-in-chapter":"522","section-xmlid":"C19.S29","sentence-num-in-section":"18","para-num-of-sentences":"3","para-xmlid":"C19.S29.SS2.p2","subsection-title":"Reduction to Basic Integrals"}}}{"expression":{"xml-id":"C19.S29.SS2.p2.m2","tex":"$h=3$","context":{"sentence-num-in-corpus":"11619","subsection-xmlid":"C19.S29.SS2","sentence-xmlid":"C19.S29.SS2.p2.s1","chapter-title":"Elliptic Integrals","chapter-xmlid":"C19","section-title":"Reduction of General Elliptic Integrals","sentence-num-in-chapter":"522","section-xmlid":"C19.S29","sentence-num-in-section":"18","para-num-of-sentences":"3","para-xmlid":"C19.S29.SS2.p2","subsection-title":"Reduction to Basic Integrals"}}}{"expression":{"xml-id":"C19.S29.SS2.p2.m3","tex":"$\\mathbf{m}=\\boldsymbol{{0}}$","context":{"sentence-num-in-corpus":"11619","subsection-xmlid":"C19.S29.SS2","sentence-xmlid":"C19.S29.SS2.p2.s1","chapter-title":"Elliptic Integrals","chapter-xmlid":"C19","section-title":"Reduction of General Elliptic Integrals","sentence-num-in-chapter":"522","section-xmlid":"C19.S29","sentence-num-in-section":"18","para-num-of-sentences":"3","para-xmlid":"C19.S29.SS2.p2","subsection-title":"Reduction to Basic Integrals"}}}{"expression":{"xml-id":"C19.S29.SS2.p2.m4","tex":"$m_{j}$","context":{"sentence-num-in-corpus":"11620","subsection-xmlid":"C19.S29.SS2","sentence-xmlid":"C19.S29.SS2.p2.s2","chapter-title":"Elliptic Integrals","chapter-xmlid":"C19","section-title":"Reduction of General Elliptic Integrals","sentence-num-in-chapter":"523","section-xmlid":"C19.S29","sentence-num-in-section":"19","para-num-of-sentences":"3","para-xmlid":"C19.S29.SS2.p2","subsection-title":"Reduction to Basic Integrals"}}}{"expression":{"xml-id":"C19.S29.SS2.p2.m5","tex":"$j>h$","context":{"sentence-num-in-corpus":"11620","subsection-xmlid":"C19.S29.SS2","sentence-xmlid":"C19.S29.SS2.p2.s2","chapter-title":"Elliptic Integrals","chapter-xmlid":"C19","section-title":"Reduction of General Elliptic Integrals","sentence-num-in-chapter":"523","section-xmlid":"C19.S29","sentence-num-in-section":"19","para-num-of-sentences":"3","para-xmlid":"C19.S29.SS2.p2","subsection-title":"Reduction to Basic Integrals"}}}{"expression":{"xml-id":"C19.S29.SS2.p2.m6","tex":"$h=4$","context":{"sentence-num-in-corpus":"11620","subsection-xmlid":"C19.S29.SS2","sentence-xmlid":"C19.S29.SS2.p2.s2","chapter-title":"Elliptic Integrals","chapter-xmlid":"C19","section-title":"Reduction of General Elliptic Integrals","sentence-num-in-chapter":"523","section-xmlid":"C19.S29","sentence-num-in-section":"19","para-num-of-sentences":"3","para-xmlid":"C19.S29.SS2.p2","subsection-title":"Reduction to Basic Integrals"}}}{"expression":{"xml-id":"C19.S29.SS2.p2.m7","tex":"$\\sum_{j=1}^{n}m_{j}$","context":{"sentence-num-in-corpus":"11620","subsection-xmlid":"C19.S29.SS2","sentence-xmlid":"C19.S29.SS2.p2.s2","chapter-title":"Elliptic Integrals","chapter-xmlid":"C19","section-title":"Reduction of General Elliptic Integrals","sentence-num-in-chapter":"523","section-xmlid":"C19.S29","sentence-num-in-section":"19","para-num-of-sentences":"3","para-xmlid":"C19.S29.SS2.p2","subsection-title":"Reduction to Basic Integrals"}}}{"expression":{"xml-id":"C19.S29.SS2.p3.m1","tex":"$I(\\mathbf{m})$","context":{"sentence-num-in-corpus":"11622","subsection-xmlid":"C19.S29.SS2","sentence-xmlid":"C19.S29.SS2.p3.s1","chapter-title":"Elliptic Integrals","chapter-xmlid":"C19","section-title":"Reduction of General Elliptic Integrals","sentence-num-in-chapter":"525","section-xmlid":"C19.S29","sentence-num-in-section":"21","para-num-of-sentences":"4","para-xmlid":"C19.S29.SS2.p3","subsection-title":"Reduction to Basic Integrals"}}}{"expression":{"xml-id":"C19.S29.SS2.p3.m2","tex":"$h=3$","context":{"sentence-num-in-corpus":"11623","subsection-xmlid":"C19.S29.SS2","sentence-xmlid":"C19.S29.SS2.p3.s2","chapter-title":"Elliptic Integrals","chapter-xmlid":"C19","section-title":"Reduction of General Elliptic Integrals","sentence-num-in-chapter":"526","section-xmlid":"C19.S29","sentence-num-in-section":"22","para-num-of-sentences":"4","para-xmlid":"C19.S29.SS2.p3","subsection-title":"Reduction to Basic Integrals"}}}{"equation":{"symbols-used":[{"symbol":{"tex":"$n$","meaning":"nonnegative integer","idref":"C19.S1.p1.t1.r1"}},{"symbol":{"tex":"$I(\\mathbf{m})$","meaning":"integral","idref":"C19.S29.SS2.p1"}}],"context":{"sentence-num-in-corpus":"11623","subsection-xmlid":"C19.S29.SS2","sentence-xmlid":"C19.S29.SS2.p3.s2","chapter-title":"Elliptic Integrals","chapter-xmlid":"C19","section-title":"Reduction of General Elliptic Integrals","sentence-num-in-chapter":"526","section-xmlid":"C19.S29","sentence-num-in-section":"22","para-num-of-sentences":"4","para-xmlid":"C19.S29.SS2.p3","subsection-title":"Reduction to Basic Integrals"},"permalink":"http:\/\/dlmf.nist.gov\/19.29.E13","equation-number":"19.29.13","subequations":[{"subequation":{"xml-id":"C19.S29.Ex12","tex":"$I(\\boldsymbol{{0}});$","context":{"chapter-title":"Elliptic Integrals","chapter-xmlid":"C19"}}},{"subequation":{"xml-id":"C19.S29.Ex13","tex":"$I(-\\mathbf{e}_{j}),$","context":{"chapter-title":"Elliptic Integrals","chapter-xmlid":"C19"},"constraints":{"tex":"$1\\leq j\\leq n$."}}}]}}{"expression":{"xml-id":"C19.S1.XMD3.m1bdec","tex":"$n$","context":{"chapter-title":"Elliptic Integrals","chapter-xmlid":"C19"}}}{"expression":{"xml-id":"C19.S29.XMD13.m1adec","tex":"$I(\\mathbf{m})$","context":{"chapter-title":"Elliptic Integrals","chapter-xmlid":"C19"}}}{"expression":{"xml-id":"C19.S29.SS2.p3.m3","tex":"$h=4$","context":{"sentence-num-in-corpus":"11624","subsection-xmlid":"C19.S29.SS2","sentence-xmlid":"C19.S29.SS2.p3.s3","chapter-title":"Elliptic Integrals","chapter-xmlid":"C19","section-title":"Reduction of General Elliptic Integrals","sentence-num-in-chapter":"527","section-xmlid":"C19.S29","sentence-num-in-section":"23","para-num-of-sentences":"4","para-xmlid":"C19.S29.SS2.p3","subsection-title":"Reduction to Basic Integrals"}}}{"equation":{"symbols-used":[{"symbol":{"tex":"$n$","meaning":"nonnegative integer","idref":"C19.S1.p1.t1.r1"}},{"symbol":{"tex":"$I(\\mathbf{m})$","meaning":"integral","idref":"C19.S29.SS2.p1"}},{"symbol":{"tex":"$\\alpha$","meaning":"parameter","idref":"C19.S29.SS1.p1"}}],"context":{"sentence-num-in-corpus":"11624","subsection-xmlid":"C19.S29.SS2","sentence-xmlid":"C19.S29.SS2.p3.s3","chapter-title":"Elliptic Integrals","chapter-xmlid":"C19","section-title":"Reduction of General Elliptic Integrals","sentence-num-in-chapter":"527","section-xmlid":"C19.S29","sentence-num-in-section":"23","para-num-of-sentences":"4","para-xmlid":"C19.S29.SS2.p3","subsection-title":"Reduction to Basic Integrals"},"permalink":"http:\/\/dlmf.nist.gov\/19.29.E14","equation-number":"19.29.14","subequations":[{"subequation":{"xml-id":"C19.S29.Ex14","tex":"$I(\\boldsymbol{{0}});$","context":{"chapter-title":"Elliptic Integrals","chapter-xmlid":"C19"}}},{"subequation":{"xml-id":"C19.S29.Ex15","tex":"$I(-\\mathbf{e}_{j}),$","context":{"chapter-title":"Elliptic Integrals","chapter-xmlid":"C19"},"constraints":{"tex":"$1\\leq j\\leq n$;"}}},{"subequation":{"xml-id":"C19.S29.Ex16","tex":"$I(\\mathbf{e}_{\\alpha}),$","context":{"chapter-title":"Elliptic Integrals","chapter-xmlid":"C19"},"constraints":{"tex":"$1\\leq\\alpha\\leq 4$."}}}]}}{"expression":{"xml-id":"C19.S1.XMD3.m1cdec","tex":"$n$","context":{"chapter-title":"Elliptic Integrals","chapter-xmlid":"C19"}}}{"expression":{"xml-id":"C19.S29.XMD13.m1bdec","tex":"$I(\\mathbf{m})$","context":{"chapter-title":"Elliptic Integrals","chapter-xmlid":"C19"}}}{"expression":{"xml-id":"C19.S29.XMD5.m1idec","tex":"$\\alpha$","context":{"chapter-title":"Elliptic Integrals","chapter-xmlid":"C19"}}}{"expression":{"xml-id":"C19.S29.SS2.p3.m4","tex":"$I(-\\mathbf{e}_{j})$","context":{"sentence-num-in-corpus":"11625","subsection-xmlid":"C19.S29.SS2","sentence-xmlid":"C19.S29.SS2.p3.s4","chapter-title":"Elliptic Integrals","chapter-xmlid":"C19","section-title":"Reduction of General Elliptic Integrals","sentence-num-in-chapter":"528","section-xmlid":"C19.S29","sentence-num-in-section":"24","para-num-of-sentences":"4","para-xmlid":"C19.S29.SS2.p3","subsection-title":"Reduction to Basic Integrals"}}}{"expression":{"xml-id":"C19.S29.SS2.p3.m5","tex":"$1\\leq j\\leq h$","context":{"sentence-num-in-corpus":"11625","subsection-xmlid":"C19.S29.SS2","sentence-xmlid":"C19.S29.SS2.p3.s4","chapter-title":"Elliptic Integrals","chapter-xmlid":"C19","section-title":"Reduction of General Elliptic Integrals","sentence-num-in-chapter":"528","section-xmlid":"C19.S29","sentence-num-in-section":"24","para-num-of-sentences":"4","para-xmlid":"C19.S29.SS2.p3","subsection-title":"Reduction to Basic Integrals"}}}{"expression":{"xml-id":"C19.S29.SS2.p3.m6","tex":"$I(\\mathbf{e}_{j})$","context":{"sentence-num-in-corpus":"11625","subsection-xmlid":"C19.S29.SS2","sentence-xmlid":"C19.S29.SS2.p3.s4","chapter-title":"Elliptic Integrals","chapter-xmlid":"C19","section-title":"Reduction of General Elliptic Integrals","sentence-num-in-chapter":"528","section-xmlid":"C19.S29","sentence-num-in-section":"24","para-num-of-sentences":"4","para-xmlid":"C19.S29.SS2.p3","subsection-title":"Reduction to Basic Integrals"}}}{"expression":{"xml-id":"C19.S29.SS2.p3.m7","tex":"$1\\leq j\\leq 4$","context":{"sentence-num-in-corpus":"11625","subsection-xmlid":"C19.S29.SS2","sentence-xmlid":"C19.S29.SS2.p3.s4","chapter-title":"Elliptic Integrals","chapter-xmlid":"C19","section-title":"Reduction of General Elliptic Integrals","sentence-num-in-chapter":"528","section-xmlid":"C19.S29","sentence-num-in-section":"24","para-num-of-sentences":"4","para-xmlid":"C19.S29.SS2.p3","subsection-title":"Reduction to Basic Integrals"}}}{"expression":{"xml-id":"C19.S29.SS2.p4.m1","tex":"$I(\\mathbf{m})$","context":{"sentence-num-in-corpus":"11626","subsection-xmlid":"C19.S29.SS2","sentence-xmlid":"C19.S29.SS2.p4.s1","chapter-title":"Elliptic Integrals","chapter-xmlid":"C19","section-title":"Reduction of General Elliptic Integrals","sentence-num-in-chapter":"529","section-xmlid":"C19.S29","sentence-num-in-section":"25","para-num-of-sentences":"5","para-xmlid":"C19.S29.SS2.p4","subsection-title":"Reduction to Basic Integrals"}}}{"expression":{"xml-id":"C19.S29.SS2.p4.m2","tex":"$\\mathbf{m}$","context":{"sentence-num-in-corpus":"11628","subsection-xmlid":"C19.S29.SS2","sentence-xmlid":"C19.S29.SS2.p4.s3","chapter-title":"Elliptic Integrals","chapter-xmlid":"C19","section-title":"Reduction of General Elliptic Integrals","sentence-num-in-chapter":"531","section-xmlid":"C19.S29","sentence-num-in-section":"27","para-num-of-sentences":"5","para-xmlid":"C19.S29.SS2.p4","subsection-title":"Reduction to Basic Integrals"}}}{"equation":{"symbols-used":[{"symbol":{"tex":"$l$","meaning":"nonnegative integer","idref":"C19.S1.p1.t1.r1"}},{"symbol":{"tex":"$n$","meaning":"nonnegative integer","idref":"C19.S1.p1.t1.r1"}},{"symbol":{"tex":"$I(\\mathbf{m})$","meaning":"integral","idref":"C19.S29.SS2.p1"}},null],"xml-id":"C19.S29.E15","tex":"$b_{j}I(\\mathbf{e}_{l}-\\mathbf{e}_{j})=d_{lj}I(-\\mathbf{e}_{j})+b_{l}I( \\boldsymbol{{0}}),$","context":{"sentence-num-in-corpus":"11629","subsection-xmlid":"C19.S29.SS2","sentence-xmlid":"C19.S29.SS2.p4.s4","chapter-title":"Elliptic Integrals","chapter-xmlid":"C19","section-title":"Reduction of General Elliptic Integrals","sentence-num-in-chapter":"532","section-xmlid":"C19.S29","sentence-num-in-section":"28","para-num-of-sentences":"5","para-xmlid":"C19.S29.SS2.p4","subsection-title":"Reduction to Basic Integrals"},"permalink":"http:\/\/dlmf.nist.gov\/19.29.E15","equation-number":"19.29.15","constraints":{"tex":"$j,l=1,2,\\dots,n$,"}}}{"expression":{"xml-id":"C19.S29.SS2.p4.m3","tex":"$I(-\\mathbf{e}_{j})$","context":{"sentence-num-in-corpus":"11629","subsection-xmlid":"C19.S29.SS2","sentence-xmlid":"C19.S29.SS2.p4.s4","chapter-title":"Elliptic Integrals","chapter-xmlid":"C19","section-title":"Reduction of General Elliptic Integrals","sentence-num-in-chapter":"532","section-xmlid":"C19.S29","sentence-num-in-section":"28","para-num-of-sentences":"5","para-xmlid":"C19.S29.SS2.p4","subsection-title":"Reduction to Basic Integrals"}}}{"expression":{"xml-id":"C19.S29.SS2.p4.m4","tex":"$x^{2}=t$","context":{"sentence-num-in-corpus":"11630","subsection-xmlid":"C19.S29.SS2","sentence-xmlid":"C19.S29.SS2.p4.s5","chapter-title":"Elliptic Integrals","chapter-xmlid":"C19","section-title":"Reduction of General Elliptic Integrals","sentence-num-in-chapter":"533","section-xmlid":"C19.S29","sentence-num-in-section":"29","para-num-of-sentences":"5","para-xmlid":"C19.S29.SS2.p4","subsection-title":"Reduction to Basic Integrals"}}}{"expression":{"xml-id":"C19.S29.SS2.p5.m1","tex":"$h=3$","context":{"sentence-num-in-corpus":"11631","subsection-xmlid":"C19.S29.SS2","sentence-xmlid":"C19.S29.SS2.p5.s1","chapter-title":"Elliptic Integrals","chapter-xmlid":"C19","section-title":"Reduction of General Elliptic Integrals","sentence-num-in-chapter":"534","section-xmlid":"C19.S29","sentence-num-in-section":"30","para-num-of-sentences":"3","para-xmlid":"C19.S29.SS2.p5","subsection-title":"Reduction to Basic Integrals"}}}{"equation":{"symbols-used":[{"symbol":{"tex":"$I(\\mathbf{m})$","meaning":"integral","idref":"C19.S29.SS2.p1"}},{"symbol":{"tex":"$s(t)$","meaning":"product","idref":"C19.S29.SS2.p5"}},null,{"symbol":{"tex":"$\\alpha$","meaning":"parameter","idref":"C19.S29.SS1.p1"}},{"symbol":{"tex":"$\\beta$","meaning":"parameter","idref":"C19.S29.SS1.p1"}},{"symbol":{"tex":"$\\gamma$","meaning":"parameter","idref":"C19.S29.SS1.p1"}}],"xml-id":"C19.S29.E16","tex":"$b_{\\beta}b_{\\gamma}I(\\mathbf{e}_{\\alpha})=d_{\\alpha\\beta}d_{\\alpha\\gamma}I(- \\mathbf{e}_{\\alpha})+2b_{\\alpha}\\left(\\frac{s(x)}{a_{\\alpha}+b_{\\alpha}x}- \\frac{s(y)}{a_{\\alpha}+b_{\\alpha}y}\\right),$","context":{"sentence-num-in-corpus":"11631","subsection-xmlid":"C19.S29.SS2","sentence-xmlid":"C19.S29.SS2.p5.s1","chapter-title":"Elliptic Integrals","chapter-xmlid":"C19","section-title":"Reduction of General Elliptic Integrals","sentence-num-in-chapter":"534","section-xmlid":"C19.S29","sentence-num-in-section":"30","para-num-of-sentences":"3","para-xmlid":"C19.S29.SS2.p5","subsection-title":"Reduction to Basic Integrals"},"permalink":"http:\/\/dlmf.nist.gov\/19.29.E16","equation-number":"19.29.16"}}{"expression":{"xml-id":"C19.S29.SS2.p5.m2","tex":"$\\alpha,\\beta,\\gamma$","context":{"sentence-num-in-corpus":"11631","subsection-xmlid":"C19.S29.SS2","sentence-xmlid":"C19.S29.SS2.p5.s1","chapter-title":"Elliptic Integrals","chapter-xmlid":"C19","section-title":"Reduction of General Elliptic Integrals","sentence-num-in-chapter":"534","section-xmlid":"C19.S29","sentence-num-in-section":"30","para-num-of-sentences":"3","para-xmlid":"C19.S29.SS2.p5","subsection-title":"Reduction to Basic Integrals"}}}{"expression":{"xml-id":"C19.S29.SS2.p5.m3","tex":"$1,2,3$","context":{"sentence-num-in-corpus":"11631","subsection-xmlid":"C19.S29.SS2","sentence-xmlid":"C19.S29.SS2.p5.s1","chapter-title":"Elliptic Integrals","chapter-xmlid":"C19","section-title":"Reduction of General Elliptic Integrals","sentence-num-in-chapter":"534","section-xmlid":"C19.S29","sentence-num-in-section":"30","para-num-of-sentences":"3","para-xmlid":"C19.S29.SS2.p5","subsection-title":"Reduction to Basic Integrals"}}}{"expression":{"xml-id":"C19.S29.XMD14.m1","tex":"$s(t)$","context":{"chapter-title":"Elliptic Integrals","chapter-xmlid":"C19"}}}{"equation":{"symbols-used":[{"symbol":{"tex":"$s(t)$","meaning":"product","idref":"C19.S29.SS2.p5"}},{"symbol":{"tex":"$\\alpha$","meaning":"parameter","idref":"C19.S29.SS1.p1"}}],"xml-id":"C19.S29.E17","tex":"$s(t)=\\prod_{\\alpha=1}^{3}\\sqrt{a_{\\alpha}+b_{\\alpha}t}.$","context":{"sentence-num-in-corpus":"11631","subsection-xmlid":"C19.S29.SS2","sentence-xmlid":"C19.S29.SS2.p5.s1","chapter-title":"Elliptic Integrals","chapter-xmlid":"C19","section-title":"Reduction of General Elliptic Integrals","sentence-num-in-chapter":"534","section-xmlid":"C19.S29","sentence-num-in-section":"30","para-num-of-sentences":"3","para-xmlid":"C19.S29.SS2.p5","subsection-title":"Reduction to Basic Integrals"},"permalink":"http:\/\/dlmf.nist.gov\/19.29.E17","equation-number":"19.29.17"}}{"expression":{"xml-id":"C19.S29.SS2.p5.m4","tex":"$I(\\mathbf{e}_{\\alpha})$","context":{"sentence-num-in-corpus":"11632","subsection-xmlid":"C19.S29.SS2","sentence-xmlid":"C19.S29.SS2.p5.s2","chapter-title":"Elliptic Integrals","chapter-xmlid":"C19","section-title":"Reduction of General Elliptic Integrals","sentence-num-in-chapter":"535","section-xmlid":"C19.S29","sentence-num-in-section":"31","para-num-of-sentences":"3","para-xmlid":"C19.S29.SS2.p5","subsection-title":"Reduction to Basic Integrals"}}}{"expression":{"xml-id":"C19.S29.SS2.p5.m5","tex":"$I(2\\mathbf{e}_{\\alpha})$","context":{"sentence-num-in-corpus":"11632","subsection-xmlid":"C19.S29.SS2","sentence-xmlid":"C19.S29.SS2.p5.s2","chapter-title":"Elliptic Integrals","chapter-xmlid":"C19","section-title":"Reduction of General Elliptic Integrals","sentence-num-in-chapter":"535","section-xmlid":"C19.S29","sentence-num-in-section":"31","para-num-of-sentences":"3","para-xmlid":"C19.S29.SS2.p5","subsection-title":"Reduction to Basic Integrals"}}}{"expression":{"xml-id":"C19.S29.SS2.p5.m6","tex":"$I(\\mathbf{e}_{\\alpha})$","context":{"sentence-num-in-corpus":"11632","subsection-xmlid":"C19.S29.SS2","sentence-xmlid":"C19.S29.SS2.p5.s2","chapter-title":"Elliptic Integrals","chapter-xmlid":"C19","section-title":"Reduction of General Elliptic Integrals","sentence-num-in-chapter":"535","section-xmlid":"C19.S29","sentence-num-in-section":"31","para-num-of-sentences":"3","para-xmlid":"C19.S29.SS2.p5","subsection-title":"Reduction to Basic Integrals"}}}{"expression":{"xml-id":"C19.S29.SS2.p5.m7","tex":"$1\\leq\\alpha\\leq 4$","context":{"sentence-num-in-corpus":"11632","subsection-xmlid":"C19.S29.SS2","sentence-xmlid":"C19.S29.SS2.p5.s2","chapter-title":"Elliptic Integrals","chapter-xmlid":"C19","section-title":"Reduction of General Elliptic Integrals","sentence-num-in-chapter":"535","section-xmlid":"C19.S29","sentence-num-in-section":"31","para-num-of-sentences":"3","para-xmlid":"C19.S29.SS2.p5","subsection-title":"Reduction to Basic Integrals"}}}{"expression":{"xml-id":"C19.S29.SS2.p5.m8","tex":"$a_{5}=1$","context":{"sentence-num-in-corpus":"11633","subsection-xmlid":"C19.S29.SS2","sentence-xmlid":"C19.S29.SS2.p5.s3","chapter-title":"Elliptic Integrals","chapter-xmlid":"C19","section-title":"Reduction of General Elliptic Integrals","sentence-num-in-chapter":"536","section-xmlid":"C19.S29","sentence-num-in-section":"32","para-num-of-sentences":"3","para-xmlid":"C19.S29.SS2.p5","subsection-title":"Reduction to Basic Integrals"}}}{"expression":{"xml-id":"C19.S29.SS2.p5.m9","tex":"$b_{5}=0$","context":{"sentence-num-in-corpus":"11633","subsection-xmlid":"C19.S29.SS2","sentence-xmlid":"C19.S29.SS2.p5.s3","chapter-title":"Elliptic Integrals","chapter-xmlid":"C19","section-title":"Reduction of General Elliptic Integrals","sentence-num-in-chapter":"536","section-xmlid":"C19.S29","sentence-num-in-section":"32","para-num-of-sentences":"3","para-xmlid":"C19.S29.SS2.p5","subsection-title":"Reduction to Basic Integrals"}}}{"equation":{"symbols-used":[{"symbol":{"tex":"$\\genfrac{(}{)}{0.0pt}{}{\\NVar{m}}{\\NVar{n}}$","meaning":"binomial coefficient","idref":"C1.S2.SS1","content-tex":"$\\binom{\\NVar{m}}{\\NVar{n}}$"}},{"symbol":{"tex":"$l$","meaning":"nonnegative integer","idref":"C19.S1.p1.t1.r1"}},{"symbol":{"tex":"$n$","meaning":"nonnegative integer","idref":"C19.S1.p1.t1.r1"}},{"symbol":{"tex":"$I(\\mathbf{m})$","meaning":"integral","idref":"C19.S29.SS2.p1"}},null],"xml-id":"C19.S29.E18","tex":"$b_{j}^{q}I(q\\mathbf{e}_{l})=\\sum_{r=0}^{q}\\genfrac{(}{)}{0.0pt}{}{q}{r}b_{l}^{ r}d_{lj}^{q-r}I(r\\mathbf{e}_{j}),$","context":{"sentence-num-in-corpus":"11634","subsection-xmlid":"C19.S29.SS2","sentence-xmlid":"C19.S29.SS2.p6.s1","chapter-title":"Elliptic Integrals","chapter-xmlid":"C19","section-title":"Reduction of General Elliptic Integrals","sentence-num-in-chapter":"537","section-xmlid":"C19.S29","sentence-num-in-section":"33","para-num-of-sentences":"2","para-xmlid":"C19.S29.SS2.p6","subsection-title":"Reduction to Basic Integrals"},"permalink":"http:\/\/dlmf.nist.gov\/19.29.E18","equation-number":"19.29.18","constraints":{"tex":"$j,l=1,2,\\dots,n$;"},"content-tex":"$b_{j}^{q}I(q\\mathbf{e}_{l})=\\sum_{r=0}^{q}\\binom{q}{r}b_{l}^{r}d_{lj}^{q-r}I(r \\mathbf{e}_{j}),$"}}{"expression":{"xml-id":"C19.S29.SS2.p7.m1","tex":"$I(\\mathbf{m})$","context":{"sentence-num-in-corpus":"11636","subsection-xmlid":"C19.S29.SS2","sentence-xmlid":"C19.S29.SS2.p7.s1","chapter-title":"Elliptic Integrals","chapter-xmlid":"C19","section-title":"Reduction of General Elliptic Integrals","sentence-num-in-chapter":"539","section-xmlid":"C19.S29","sentence-num-in-section":"35","para-num-of-sentences":"1","para-xmlid":"C19.S29.SS2.p7","subsection-title":"Reduction to Basic Integrals"}}}{"expression":{"xml-id":"C19.S29.SS3.info.m1","tex":"$t^{2}$","context":{"chapter-title":"Elliptic Integrals","chapter-xmlid":"C19"}}}{"expression":{"xml-id":"C19.S29.SS3.info.m2","tex":"$a_{\\alpha}+b_{\\alpha}t=t$","context":{"chapter-title":"Elliptic Integrals","chapter-xmlid":"C19"}}}{"expression":{"xml-id":"C19.S29.SS3.info.m3","tex":"$a_{\\delta}+b_{\\delta}t=1$","context":{"chapter-title":"Elliptic Integrals","chapter-xmlid":"C19"}}}{"expression":{"xml-id":"C19.S29.SS3.info.m4","tex":"$a_{\\alpha}+b_{\\alpha}t=1$","context":{"chapter-title":"Elliptic Integrals","chapter-xmlid":"C19"}}}{"expression":{"xml-id":"C19.S29.SS3.info.m5","tex":"$a_{\\delta}+b_{\\delta}t=t$","context":{"chapter-title":"Elliptic Integrals","chapter-xmlid":"C19"}}}{"expression":{"xml-id":"C19.S29.XMD15.m1","tex":"$Q_{j}(t)$","context":{"chapter-title":"Elliptic Integrals","chapter-xmlid":"C19"}}}{"expression":{"xml-id":"C19.S29.SS3.p1.m1","tex":"$Q_{j}(t)=a_{j}+b_{j}t^{2}$","context":{"sentence-num-in-corpus":"11640","subsection-xmlid":"C19.S29.SS3","sentence-xmlid":"C19.S29.SS3.p1.s2","chapter-title":"Elliptic Integrals","chapter-xmlid":"C19","section-title":"Reduction of General Elliptic Integrals","sentence-num-in-chapter":"543","section-xmlid":"C19.S29","sentence-num-in-section":"39","para-num-of-sentences":"6","para-xmlid":"C19.S29.SS3.p1","subsection-title":"Examples"}}}{"expression":{"xml-id":"C19.S29.SS3.p1.m2","tex":"$j=1,2$","context":{"sentence-num-in-corpus":"11640","subsection-xmlid":"C19.S29.SS3","sentence-xmlid":"C19.S29.SS3.p1.s2","chapter-title":"Elliptic Integrals","chapter-xmlid":"C19","section-title":"Reduction of General Elliptic Integrals","sentence-num-in-chapter":"543","section-xmlid":"C19.S29","sentence-num-in-section":"39","para-num-of-sentences":"6","para-xmlid":"C19.S29.SS3.p1","subsection-title":"Examples"}}}{"expression":{"xml-id":"C19.S29.SS3.p1.m3","tex":"$Q$","context":{"sentence-num-in-corpus":"11640","subsection-xmlid":"C19.S29.SS3","sentence-xmlid":"C19.S29.SS3.p1.s2","chapter-title":"Elliptic Integrals","chapter-xmlid":"C19","section-title":"Reduction of General Elliptic Integrals","sentence-num-in-chapter":"543","section-xmlid":"C19.S29","sentence-num-in-section":"39","para-num-of-sentences":"6","para-xmlid":"C19.S29.SS3.p1","subsection-title":"Examples"}}}{"expression":{"xml-id":"C19.S29.SS3.p1.m4","tex":"$0\\leq y<t<x$","context":{"sentence-num-in-corpus":"11640","subsection-xmlid":"C19.S29.SS3","sentence-xmlid":"C19.S29.SS3.p1.s2","chapter-title":"Elliptic Integrals","chapter-xmlid":"C19","section-title":"Reduction of General Elliptic Integrals","sentence-num-in-chapter":"543","section-xmlid":"C19.S29","sentence-num-in-section":"39","para-num-of-sentences":"6","para-xmlid":"C19.S29.SS3.p1","subsection-title":"Examples"}}}{"equation":{"symbols-used":[{"symbol":{"tex":"$R_{F}\\left(\\NVar{x},\\NVar{y},\\NVar{z}\\right)$","meaning":"symmetric elliptic integral of first kind","idref":"C19.S16.E1","content-tex":"$\\CarlsonsymellintRF@{\\NVar{x}}{\\NVar{y}}{\\NVar{z}}$"}},{"symbol":{"tex":"$\\mathrm{d}\\NVar{x}$","meaning":"differential of $x$","idref":"C1.S4.SS4","content-tex":"$\\diff{\\NVar{x}}$"}},{"symbol":{"tex":"$\\int$","meaning":"integral","idref":"C1.S4.SS4"}},null,null],"xml-id":"C19.S29.E19","tex":"$\\int_{y}^{x}\\frac{\\mathrm{d}t}{\\sqrt{Q_{1}(t)Q_{2}(t)}}=R_{F}\\left(U^{2}+a_{1} b_{2},U^{2}+a_{2}b_{1},U^{2}\\right),$","context":{"sentence-num-in-corpus":"11641","subsection-xmlid":"C19.S29.SS3","sentence-xmlid":"C19.S29.SS3.p1.s3","chapter-title":"Elliptic Integrals","chapter-xmlid":"C19","section-title":"Reduction of General Elliptic Integrals","sentence-num-in-chapter":"544","section-xmlid":"C19.S29","sentence-num-in-section":"40","para-num-of-sentences":"6","para-xmlid":"C19.S29.SS3.p1","subsection-title":"Examples"},"permalink":"http:\/\/dlmf.nist.gov\/19.29.E19","equation-number":"19.29.19","content-tex":"$\\int_{y}^{x}\\frac{\\diff{t}}{\\sqrt{Q_{1}(t)Q_{2}(t)}}=\\CarlsonsymellintRF@{U^{2 }+a_{1}b_{2}}{U^{2}+a_{2}b_{1}}{U^{2}},$"}}{"equation":{"symbols-used":[{"symbol":{"tex":"$R_{D}\\left(\\NVar{x},\\NVar{y},\\NVar{z}\\right)$","meaning":"elliptic integral symmetric in only two variables","idref":"C19.S16.E5","content-tex":"$\\CarlsonsymellintRD@{\\NVar{x}}{\\NVar{y}}{\\NVar{z}}$"}},{"symbol":{"tex":"$\\mathrm{d}\\NVar{x}$","meaning":"differential of $x$","idref":"C1.S4.SS4","content-tex":"$\\diff{\\NVar{x}}$"}},{"symbol":{"tex":"$\\int$","meaning":"integral","idref":"C1.S4.SS4"}},null,null],"xml-id":"C19.S29.E20","tex":"$\\int_{y}^{x}\\frac{t^{2}\\mathrm{d}t}{\\sqrt{Q_{1}(t)Q_{2}(t)}}=\\tfrac{1}{3}a_{1} a_{2}R_{D}\\left(U^{2}+a_{1}b_{2},U^{2}+a_{2}b_{1},U^{2}\\right)+(xy\/U),$","context":{"sentence-num-in-corpus":"11641","subsection-xmlid":"C19.S29.SS3","sentence-xmlid":"C19.S29.SS3.p1.s3","chapter-title":"Elliptic Integrals","chapter-xmlid":"C19","section-title":"Reduction of General Elliptic Integrals","sentence-num-in-chapter":"544","section-xmlid":"C19.S29","sentence-num-in-section":"40","para-num-of-sentences":"6","para-xmlid":"C19.S29.SS3.p1","subsection-title":"Examples"},"permalink":"http:\/\/dlmf.nist.gov\/19.29.E20","equation-number":"19.29.20","content-tex":"$\\int_{y}^{x}\\frac{t^{2}\\diff{t}}{\\sqrt{Q_{1}(t)Q_{2}(t)}}=\\tfrac{1}{3}a_{1}a_{ 2}\\CarlsonsymellintRD@{U^{2}+a_{1}b_{2}}{U^{2}+a_{2}b_{1}}{U^{2}}+(xy\/U),$"}}{"equation":{"symbols-used":[{"symbol":{"tex":"$R_{D}\\left(\\NVar{x},\\NVar{y},\\NVar{z}\\right)$","meaning":"elliptic integral symmetric in only two variables","idref":"C19.S16.E5","content-tex":"$\\CarlsonsymellintRD@{\\NVar{x}}{\\NVar{y}}{\\NVar{z}}$"}},{"symbol":{"tex":"$\\mathrm{d}\\NVar{x}$","meaning":"differential of $x$","idref":"C1.S4.SS4","content-tex":"$\\diff{\\NVar{x}}$"}},{"symbol":{"tex":"$\\int$","meaning":"integral","idref":"C1.S4.SS4"}},null,null],"xml-id":"C19.S29.E21","tex":"$\\int_{y}^{x}\\frac{\\mathrm{d}t}{t^{2}\\sqrt{Q_{1}(t)Q_{2}(t)}}=\\tfrac{1}{3}b_{1} b_{2}R_{D}\\left(U^{2}+a_{1}b_{2},U^{2}+a_{2}b_{1},U^{2}\\right)+(xyU)^{-1},$","context":{"sentence-num-in-corpus":"11641","subsection-xmlid":"C19.S29.SS3","sentence-xmlid":"C19.S29.SS3.p1.s3","chapter-title":"Elliptic Integrals","chapter-xmlid":"C19","section-title":"Reduction of General Elliptic Integrals","sentence-num-in-chapter":"544","section-xmlid":"C19.S29","sentence-num-in-section":"40","para-num-of-sentences":"6","para-xmlid":"C19.S29.SS3.p1","subsection-title":"Examples"},"permalink":"http:\/\/dlmf.nist.gov\/19.29.E21","equation-number":"19.29.21","content-tex":"$\\int_{y}^{x}\\frac{\\diff{t}}{t^{2}\\sqrt{Q_{1}(t)Q_{2}(t)}}=\\tfrac{1}{3}b_{1}b_{ 2}\\CarlsonsymellintRD@{U^{2}+a_{1}b_{2}}{U^{2}+a_{2}b_{1}}{U^{2}}+(xyU)^{-1},$"}}{"expression":{"xml-id":"C19.S29.XMD16.m1","tex":"$U$","context":{"chapter-title":"Elliptic Integrals","chapter-xmlid":"C19"}}}{"equation":{"symbols-used":[null,null],"xml-id":"C19.S29.E22","tex":"$(x^{2}-y^{2})U=x\\sqrt{Q_{1}(y)Q_{2}(y)}+y\\sqrt{Q_{1}(x)Q_{2}(x)}.$","context":{"sentence-num-in-corpus":"11641","subsection-xmlid":"C19.S29.SS3","sentence-xmlid":"C19.S29.SS3.p1.s3","chapter-title":"Elliptic Integrals","chapter-xmlid":"C19","section-title":"Reduction of General Elliptic Integrals","sentence-num-in-chapter":"544","section-xmlid":"C19.S29","sentence-num-in-section":"40","para-num-of-sentences":"6","para-xmlid":"C19.S29.SS3.p1","subsection-title":"Examples"},"permalink":"http:\/\/dlmf.nist.gov\/19.29.E22","equation-number":"19.29.22"}}{"expression":{"xml-id":"C19.S29.SS3.p1.m5","tex":"$R_{G}\\left(a_{1}b_{2},a_{2}b_{1},0\\right)$","context":{"sentence-num-in-corpus":"11642","subsection-xmlid":"C19.S29.SS3","sentence-xmlid":"C19.S29.SS3.p1.s4","chapter-title":"Elliptic Integrals","chapter-xmlid":"C19","section-title":"Reduction of General Elliptic Integrals","sentence-num-in-chapter":"545","section-xmlid":"C19.S29","sentence-num-in-section":"41","para-num-of-sentences":"6","para-xmlid":"C19.S29.SS3.p1","subsection-title":"Examples"},"content-tex":"$\\CarlsonsymellintRG@{a_{1}b_{2}}{a_{2}b_{1}}{0}$"}}{"expression":{"xml-id":"C19.S29.SS3.p1.m6","tex":"$-2\/(b_{1}b_{2})$","context":{"sentence-num-in-corpus":"11642","subsection-xmlid":"C19.S29.SS3","sentence-xmlid":"C19.S29.SS3.p1.s4","chapter-title":"Elliptic Integrals","chapter-xmlid":"C19","section-title":"Reduction of General Elliptic Integrals","sentence-num-in-chapter":"545","section-xmlid":"C19.S29","sentence-num-in-section":"41","para-num-of-sentences":"6","para-xmlid":"C19.S29.SS3.p1","subsection-title":"Examples"}}}{"expression":{"xml-id":"C19.S29.SS3.p1.m7","tex":"$-2\/(a_{1}a_{2})$","context":{"sentence-num-in-corpus":"11642","subsection-xmlid":"C19.S29.SS3","sentence-xmlid":"C19.S29.SS3.p1.s4","chapter-title":"Elliptic Integrals","chapter-xmlid":"C19","section-title":"Reduction of General Elliptic Integrals","sentence-num-in-chapter":"545","section-xmlid":"C19.S29","sentence-num-in-section":"41","para-num-of-sentences":"6","para-xmlid":"C19.S29.SS3.p1","subsection-title":"Examples"}}}{"expression":{"xml-id":"C19.S29.SS3.p1.m8","tex":"$x=\\infty$","context":{"sentence-num-in-corpus":"11643","subsection-xmlid":"C19.S29.SS3","sentence-xmlid":"C19.S29.SS3.p1.s5","chapter-title":"Elliptic Integrals","chapter-xmlid":"C19","section-title":"Reduction of General Elliptic Integrals","sentence-num-in-chapter":"546","section-xmlid":"C19.S29","sentence-num-in-section":"42","para-num-of-sentences":"6","para-xmlid":"C19.S29.SS3.p1","subsection-title":"Examples"}}}{"expression":{"xml-id":"C19.S29.SS3.p1.m9","tex":"$U$","context":{"sentence-num-in-corpus":"11643","subsection-xmlid":"C19.S29.SS3","sentence-xmlid":"C19.S29.SS3.p1.s5","chapter-title":"Elliptic Integrals","chapter-xmlid":"C19","section-title":"Reduction of General Elliptic Integrals","sentence-num-in-chapter":"546","section-xmlid":"C19.S29","sentence-num-in-section":"42","para-num-of-sentences":"6","para-xmlid":"C19.S29.SS3.p1","subsection-title":"Examples"}}}{"equation":{"symbols-used":[{"symbol":{"tex":"$R_{F}\\left(\\NVar{x},\\NVar{y},\\NVar{z}\\right)$","meaning":"symmetric elliptic integral of first kind","idref":"C19.S16.E1","content-tex":"$\\CarlsonsymellintRF@{\\NVar{x}}{\\NVar{y}}{\\NVar{z}}$"}},{"symbol":{"tex":"$\\mathrm{d}\\NVar{x}$","meaning":"differential of $x$","idref":"C1.S4.SS4","content-tex":"$\\diff{\\NVar{x}}$"}},{"symbol":{"tex":"$\\int$","meaning":"integral","idref":"C1.S4.SS4"}}],"xml-id":"C19.S29.E23","tex":"$\\int_{y}^{\\infty}\\frac{\\mathrm{d}t}{\\sqrt{(t^{2}+a^{2})(t^{2}-b^{2})}}=R_{F} \\left(y^{2}+a^{2},y^{2}-b^{2},y^{2}\\right).$","context":{"sentence-num-in-corpus":"11644","subsection-xmlid":"C19.S29.SS3","sentence-xmlid":"C19.S29.SS3.p1.s6","chapter-title":"Elliptic Integrals","chapter-xmlid":"C19","section-title":"Reduction of General Elliptic Integrals","sentence-num-in-chapter":"547","section-xmlid":"C19.S29","sentence-num-in-section":"43","para-num-of-sentences":"6","para-xmlid":"C19.S29.SS3.p1","subsection-title":"Examples"},"permalink":"http:\/\/dlmf.nist.gov\/19.29.E23","equation-number":"19.29.23","content-tex":"$\\int_{y}^{\\infty}\\frac{\\diff{t}}{\\sqrt{(t^{2}+a^{2})(t^{2}-b^{2})}}= \\CarlsonsymellintRF@{y^{2}+a^{2}}{y^{2}-b^{2}}{y^{2}}.$"}}{"expression":{"xml-id":"C19.S29.SS3.p2.m1","tex":"$j=1,2$","context":{"sentence-num-in-corpus":"11645","subsection-xmlid":"C19.S29.SS3","sentence-xmlid":"C19.S29.SS3.p2.s1","chapter-title":"Elliptic Integrals","chapter-xmlid":"C19","section-title":"Reduction of General Elliptic Integrals","sentence-num-in-chapter":"548","section-xmlid":"C19.S29","sentence-num-in-section":"44","para-num-of-sentences":"5","para-xmlid":"C19.S29.SS3.p2","subsection-title":"Examples"}}}{"expression":{"xml-id":"C19.S29.SS3.p2.m2","tex":"$Q_{j}(t)=f_{j}+g_{j}t+h_{j}t^{2}$","context":{"sentence-num-in-corpus":"11645","subsection-xmlid":"C19.S29.SS3","sentence-xmlid":"C19.S29.SS3.p2.s1","chapter-title":"Elliptic Integrals","chapter-xmlid":"C19","section-title":"Reduction of General Elliptic Integrals","sentence-num-in-chapter":"548","section-xmlid":"C19.S29","sentence-num-in-section":"44","para-num-of-sentences":"5","para-xmlid":"C19.S29.SS3.p2","subsection-title":"Examples"}}}{"expression":{"xml-id":"C19.S29.SS3.p2.m3","tex":"$Q$","context":{"sentence-num-in-corpus":"11645","subsection-xmlid":"C19.S29.SS3","sentence-xmlid":"C19.S29.SS3.p2.s1","chapter-title":"Elliptic Integrals","chapter-xmlid":"C19","section-title":"Reduction of General Elliptic Integrals","sentence-num-in-chapter":"548","section-xmlid":"C19.S29","sentence-num-in-section":"44","para-num-of-sentences":"5","para-xmlid":"C19.S29.SS3.p2","subsection-title":"Examples"}}}{"expression":{"xml-id":"C19.S29.XMD17.m1","tex":"$Q_{j}(t)$","context":{"chapter-title":"Elliptic Integrals","chapter-xmlid":"C19"}}}{"expression":{"xml-id":"C19.S29.XMD18.m1","tex":"$f_{j}$","context":{"chapter-title":"Elliptic Integrals","chapter-xmlid":"C19"}}}{"expression":{"xml-id":"C19.S29.XMD19.m1","tex":"$g_{j}$","context":{"chapter-title":"Elliptic Integrals","chapter-xmlid":"C19"}}}{"expression":{"xml-id":"C19.S29.XMD20.m1","tex":"$h_{j}$","context":{"chapter-title":"Elliptic Integrals","chapter-xmlid":"C19"}}}{"expression":{"xml-id":"C19.S29.SS3.p2.m4","tex":"$y<t<x$","context":{"sentence-num-in-corpus":"11645","subsection-xmlid":"C19.S29.SS3","sentence-xmlid":"C19.S29.SS3.p2.s1","chapter-title":"Elliptic Integrals","chapter-xmlid":"C19","section-title":"Reduction of General Elliptic Integrals","sentence-num-in-chapter":"548","section-xmlid":"C19.S29","sentence-num-in-section":"44","para-num-of-sentences":"5","para-xmlid":"C19.S29.SS3.p2","subsection-title":"Examples"}}}{"equation":{"symbols-used":[{"symbol":{"tex":"$R_{F}\\left(\\NVar{x},\\NVar{y},\\NVar{z}\\right)$","meaning":"symmetric elliptic integral of first kind","idref":"C19.S16.E1","content-tex":"$\\CarlsonsymellintRF@{\\NVar{x}}{\\NVar{y}}{\\NVar{z}}$"}},{"symbol":{"tex":"$\\mathrm{d}\\NVar{x}$","meaning":"differential of $x$","idref":"C1.S4.SS4","content-tex":"$\\diff{\\NVar{x}}$"}},{"symbol":{"tex":"$\\int$","meaning":"integral","idref":"C1.S4.SS4"}},null,null,null,null],"xml-id":"C19.S29.E24","tex":"$\\int_{y}^{x}\\frac{\\mathrm{d}t}{\\sqrt{Q_{1}(t)Q_{2}(t)}}=4R_{F}\\left(U,U+D_{12} +V,U+D_{12}-V\\right),$","context":{"sentence-num-in-corpus":"11646","subsection-xmlid":"C19.S29.SS3","sentence-xmlid":"C19.S29.SS3.p2.s2","chapter-title":"Elliptic Integrals","chapter-xmlid":"C19","section-title":"Reduction of General Elliptic Integrals","sentence-num-in-chapter":"549","section-xmlid":"C19.S29","sentence-num-in-section":"45","para-num-of-sentences":"5","para-xmlid":"C19.S29.SS3.p2","subsection-title":"Examples"},"permalink":"http:\/\/dlmf.nist.gov\/19.29.E24","equation-number":"19.29.24","content-tex":"$\\int_{y}^{x}\\frac{\\diff{t}}{\\sqrt{Q_{1}(t)Q_{2}(t)}}=4\\CarlsonsymellintRF@{U}{ U+D_{12}+V}{U+D_{12}-V},$"}}{"expression":{"xml-id":"C19.S29.XMD21.m1","tex":"$D_{jl}$","context":{"chapter-title":"Elliptic Integrals","chapter-xmlid":"C19"}}}{"expression":{"xml-id":"C19.S29.XMD22.m1","tex":"$S_{j}$","context":{"chapter-title":"Elliptic Integrals","chapter-xmlid":"C19"}}}{"expression":{"xml-id":"C19.S29.XMD23.m1","tex":"$V$","context":{"chapter-title":"Elliptic Integrals","chapter-xmlid":"C19"}}}{"equation":{"symbols-used":[{"symbol":{"tex":"$l$","meaning":"nonnegative integer","idref":"C19.S1.p1.t1.r1"}},null,null,null,null,null,{"symbol":{"tex":"$f$","meaning":"coefficient","idref":"C19.S29.SS3.p4"}},{"symbol":{"tex":"$g$","meaning":"coefficient","idref":"C19.S29.SS3.p4"}},{"symbol":{"tex":"$h$","meaning":"coefficient","idref":"C19.S29.SS3.p4"}}],"context":{"sentence-num-in-corpus":"11646","subsection-xmlid":"C19.S29.SS3","sentence-xmlid":"C19.S29.SS3.p2.s2","chapter-title":"Elliptic Integrals","chapter-xmlid":"C19","section-title":"Reduction of General Elliptic Integrals","sentence-num-in-chapter":"549","section-xmlid":"C19.S29","sentence-num-in-section":"45","para-num-of-sentences":"5","para-xmlid":"C19.S29.SS3.p2","subsection-title":"Examples"},"permalink":"http:\/\/dlmf.nist.gov\/19.29.E25","equation-number":"19.29.25","subequations":[{"subequation":{"xml-id":"C19.S29.Ex17","tex":"$(x-y)^{2}U=S_{1}S_{2},$","context":{"chapter-title":"Elliptic Integrals","chapter-xmlid":"C19"}}},{"subequation":{"xml-id":"C19.S29.Ex18","tex":"$S_{j}=\\left(\\sqrt{Q_{j}(x)}+\\sqrt{Q_{j}(y)}\\right)^{2}-h_{j}(x-y)^{2},$","context":{"chapter-title":"Elliptic Integrals","chapter-xmlid":"C19"}}},{"subequation":{"xml-id":"C19.S29.Ex19","tex":"$D_{jl}=2f_{j}h_{l}+2h_{j}f_{l}-g_{j}g_{l},$","context":{"chapter-title":"Elliptic Integrals","chapter-xmlid":"C19"}}},{"subequation":{"xml-id":"C19.S29.Ex20","tex":"$V=\\sqrt{D_{12}^{2}-D_{11}D_{22}}.$","context":{"chapter-title":"Elliptic Integrals","chapter-xmlid":"C19"}}}]}}{"expression":{"xml-id":"C19.S1.XMD1.m1bdec","tex":"$l$","context":{"chapter-title":"Elliptic Integrals","chapter-xmlid":"C19"}}}{"expression":{"xml-id":"C19.S29.XMD16.m1edec","tex":"$U$","context":{"chapter-title":"Elliptic Integrals","chapter-xmlid":"C19"}}}{"expression":{"xml-id":"C19.S29.XMD21.m1adec","tex":"$D_{jl}$","context":{"chapter-title":"Elliptic Integrals","chapter-xmlid":"C19"}}}{"expression":{"xml-id":"C19.S29.XMD22.m1dec","tex":"$S_{j}$","context":{"chapter-title":"Elliptic Integrals","chapter-xmlid":"C19"}}}{"expression":{"xml-id":"C19.S29.XMD23.m1adec","tex":"$V$","context":{"chapter-title":"Elliptic Integrals","chapter-xmlid":"C19"}}}{"expression":{"xml-id":"C19.S29.XMD24.m1edec","tex":"$Q(t^{2})$","context":{"chapter-title":"Elliptic Integrals","chapter-xmlid":"C19"}}}{"expression":{"xml-id":"C19.S29.XMD25.m1dec","tex":"$f$","context":{"chapter-title":"Elliptic Integrals","chapter-xmlid":"C19"}}}{"expression":{"xml-id":"C19.S29.XMD26.m1dec","tex":"$g$","context":{"chapter-title":"Elliptic Integrals","chapter-xmlid":"C19"}}}{"expression":{"xml-id":"C19.S29.XMD27.m1dec","tex":"$h$","context":{"chapter-title":"Elliptic Integrals","chapter-xmlid":"C19"}}}{"expression":{"xml-id":"C19.S29.SS3.p2.m5","tex":"$R_{F}$","context":{"sentence-num-in-corpus":"11647","subsection-xmlid":"C19.S29.SS3","sentence-xmlid":"C19.S29.SS3.p2.s3","chapter-title":"Elliptic Integrals","chapter-xmlid":"C19","section-title":"Reduction of General Elliptic Integrals","sentence-num-in-chapter":"550","section-xmlid":"C19.S29","sentence-num-in-section":"46","para-num-of-sentences":"5","para-xmlid":"C19.S29.SS3.p2","subsection-title":"Examples"},"content-tex":"$\\CarlsonsymellintRF$"}}{"expression":{"xml-id":"C19.S29.SS3.p2.m6","tex":"$Q$","context":{"sentence-num-in-corpus":"11647","subsection-xmlid":"C19.S29.SS3","sentence-xmlid":"C19.S29.SS3.p2.s3","chapter-title":"Elliptic Integrals","chapter-xmlid":"C19","section-title":"Reduction of General Elliptic Integrals","sentence-num-in-chapter":"550","section-xmlid":"C19.S29","sentence-num-in-section":"46","para-num-of-sentences":"5","para-xmlid":"C19.S29.SS3.p2","subsection-title":"Examples"}}}{"expression":{"xml-id":"C19.S29.SS3.p2.m7","tex":"$Q_{1}$","context":{"sentence-num-in-corpus":"11647","subsection-xmlid":"C19.S29.SS3","sentence-xmlid":"C19.S29.SS3.p2.s3","chapter-title":"Elliptic Integrals","chapter-xmlid":"C19","section-title":"Reduction of General Elliptic Integrals","sentence-num-in-chapter":"550","section-xmlid":"C19.S29","sentence-num-in-section":"46","para-num-of-sentences":"5","para-xmlid":"C19.S29.SS3.p2","subsection-title":"Examples"}}}{"expression":{"xml-id":"C19.S29.SS3.p2.m8","tex":"$Q_{2}$","context":{"sentence-num-in-corpus":"11647","subsection-xmlid":"C19.S29.SS3","sentence-xmlid":"C19.S29.SS3.p2.s3","chapter-title":"Elliptic Integrals","chapter-xmlid":"C19","section-title":"Reduction of General Elliptic Integrals","sentence-num-in-chapter":"550","section-xmlid":"C19.S29","sentence-num-in-section":"46","para-num-of-sentences":"5","para-xmlid":"C19.S29.SS3.p2","subsection-title":"Examples"}}}{"expression":{"xml-id":"C19.S29.SS3.p2.m9","tex":"$Q_{1}(t)=(a_{1}+b_{1}t)(a_{2}+b_{2}t)$","context":{"sentence-num-in-corpus":"11648","subsection-xmlid":"C19.S29.SS3","sentence-xmlid":"C19.S29.SS3.p2.s4","chapter-title":"Elliptic Integrals","chapter-xmlid":"C19","section-title":"Reduction of General Elliptic Integrals","sentence-num-in-chapter":"551","section-xmlid":"C19.S29","sentence-num-in-section":"47","para-num-of-sentences":"5","para-xmlid":"C19.S29.SS3.p2","subsection-title":"Examples"}}}{"expression":{"xml-id":"C19.S29.SS3.p2.m10","tex":"$y<t<x$","context":{"sentence-num-in-corpus":"11648","subsection-xmlid":"C19.S29.SS3","sentence-xmlid":"C19.S29.SS3.p2.s4","chapter-title":"Elliptic Integrals","chapter-xmlid":"C19","section-title":"Reduction of General Elliptic Integrals","sentence-num-in-chapter":"551","section-xmlid":"C19.S29","sentence-num-in-section":"47","para-num-of-sentences":"5","para-xmlid":"C19.S29.SS3.p2","subsection-title":"Examples"}}}{"expression":{"xml-id":"C19.S29.SS3.p2.m11","tex":"$Q_{2}(t)=f_{2}+g_{2}t+h_{2}t^{2}$","context":{"sentence-num-in-corpus":"11648","subsection-xmlid":"C19.S29.SS3","sentence-xmlid":"C19.S29.SS3.p2.s4","chapter-title":"Elliptic Integrals","chapter-xmlid":"C19","section-title":"Reduction of General Elliptic Integrals","sentence-num-in-chapter":"551","section-xmlid":"C19.S29","sentence-num-in-section":"47","para-num-of-sentences":"5","para-xmlid":"C19.S29.SS3.p2","subsection-title":"Examples"}}}{"equation":{"symbols-used":[null,null,null,null,{"symbol":{"tex":"$f$","meaning":"coefficient","idref":"C19.S29.SS3.p4"}},{"symbol":{"tex":"$g$","meaning":"coefficient","idref":"C19.S29.SS3.p4"}},{"symbol":{"tex":"$h$","meaning":"coefficient","idref":"C19.S29.SS3.p4"}},null],"context":{"sentence-num-in-corpus":"11648","subsection-xmlid":"C19.S29.SS3","sentence-xmlid":"C19.S29.SS3.p2.s4","chapter-title":"Elliptic Integrals","chapter-xmlid":"C19","section-title":"Reduction of General Elliptic Integrals","sentence-num-in-chapter":"551","section-xmlid":"C19.S29","sentence-num-in-section":"47","para-num-of-sentences":"5","para-xmlid":"C19.S29.SS3.p2","subsection-title":"Examples"},"permalink":"http:\/\/dlmf.nist.gov\/19.29.E26","equation-number":"19.29.26","subequations":[{"subequation":{"xml-id":"C19.S29.Ex21","tex":"$S_{1}=(X_{1}Y_{2}+Y_{1}X_{2})^{2},$","context":{"chapter-title":"Elliptic Integrals","chapter-xmlid":"C19"}}},{"subequation":{"xml-id":"C19.S29.Ex22","tex":"$X_{j}=\\sqrt{a_{j}+b_{j}x},$","context":{"chapter-title":"Elliptic Integrals","chapter-xmlid":"C19"}}},{"subequation":{"xml-id":"C19.S29.Ex23","tex":"$Y_{j}=\\sqrt{a_{j}+b_{j}y},$","context":{"chapter-title":"Elliptic Integrals","chapter-xmlid":"C19"}}},{"subequation":{"xml-id":"C19.S29.Ex24","tex":"$D_{12}=2a_{1}a_{2}h_{2}+2b_{1}b_{2}f_{2}-(a_{1}b_{2}+a_{2}b_{1})g_{2},$","context":{"chapter-title":"Elliptic Integrals","chapter-xmlid":"C19"}}},{"subequation":{"xml-id":"C19.S29.Ex25","tex":"$D_{11}=-(a_{1}b_{2}-a_{2}b_{1})^{2}=-d_{12}^{2},$","context":{"chapter-title":"Elliptic Integrals","chapter-xmlid":"C19"}}}]}}{"expression":{"xml-id":"C19.S29.XMD1.m1edec","tex":"$X_{\\alpha}$","context":{"chapter-title":"Elliptic Integrals","chapter-xmlid":"C19"}}}{"expression":{"xml-id":"C19.S29.XMD2.m1edec","tex":"$Y_{\\alpha}$","context":{"chapter-title":"Elliptic Integrals","chapter-xmlid":"C19"}}}{"expression":{"xml-id":"C19.S29.XMD21.m1bdec","tex":"$D_{jl}$","context":{"chapter-title":"Elliptic Integrals","chapter-xmlid":"C19"}}}{"expression":{"xml-id":"C19.S29.XMD22.m1adec","tex":"$S_{j}$","context":{"chapter-title":"Elliptic Integrals","chapter-xmlid":"C19"}}}{"expression":{"xml-id":"C19.S29.XMD25.m1adec","tex":"$f$","context":{"chapter-title":"Elliptic Integrals","chapter-xmlid":"C19"}}}{"expression":{"xml-id":"C19.S29.XMD26.m1adec","tex":"$g$","context":{"chapter-title":"Elliptic Integrals","chapter-xmlid":"C19"}}}{"expression":{"xml-id":"C19.S29.XMD27.m1adec","tex":"$h$","context":{"chapter-title":"Elliptic Integrals","chapter-xmlid":"C19"}}}{"expression":{"xml-id":"C19.S29.XMD3.m1hdec","tex":"$d_{\\alpha\\beta}$","context":{"chapter-title":"Elliptic Integrals","chapter-xmlid":"C19"}}}{"expression":{"xml-id":"C19.S29.SS3.p2.m12","tex":"$a_{2}=1$","context":{"sentence-num-in-corpus":"11649","subsection-xmlid":"C19.S29.SS3","sentence-xmlid":"C19.S29.SS3.p2.s5","chapter-title":"Elliptic Integrals","chapter-xmlid":"C19","section-title":"Reduction of General Elliptic Integrals","sentence-num-in-chapter":"552","section-xmlid":"C19.S29","sentence-num-in-section":"48","para-num-of-sentences":"5","para-xmlid":"C19.S29.SS3.p2","subsection-title":"Examples"}}}{"expression":{"xml-id":"C19.S29.SS3.p2.m13","tex":"$b_{2}=0$","context":{"sentence-num-in-corpus":"11649","subsection-xmlid":"C19.S29.SS3","sentence-xmlid":"C19.S29.SS3.p2.s5","chapter-title":"Elliptic Integrals","chapter-xmlid":"C19","section-title":"Reduction of General Elliptic Integrals","sentence-num-in-chapter":"552","section-xmlid":"C19.S29","sentence-num-in-section":"48","para-num-of-sentences":"5","para-xmlid":"C19.S29.SS3.p2","subsection-title":"Examples"}}}{"equation":{"symbols-used":[null,null,null,null,{"symbol":{"tex":"$g$","meaning":"coefficient","idref":"C19.S29.SS3.p4"}},{"symbol":{"tex":"$h$","meaning":"coefficient","idref":"C19.S29.SS3.p4"}}],"context":{"sentence-num-in-corpus":"11649","subsection-xmlid":"C19.S29.SS3","sentence-xmlid":"C19.S29.SS3.p2.s5","chapter-title":"Elliptic Integrals","chapter-xmlid":"C19","section-title":"Reduction of General Elliptic Integrals","sentence-num-in-chapter":"552","section-xmlid":"C19.S29","sentence-num-in-section":"48","para-num-of-sentences":"5","para-xmlid":"C19.S29.SS3.p2","subsection-title":"Examples"},"permalink":"http:\/\/dlmf.nist.gov\/19.29.E27","equation-number":"19.29.27","subequations":[{"subequation":{"xml-id":"C19.S29.Ex26","tex":"$S_{1}=(X_{1}+Y_{1})^{2},$","context":{"chapter-title":"Elliptic Integrals","chapter-xmlid":"C19"}}},{"subequation":{"xml-id":"C19.S29.Ex27","tex":"$D_{12}=2a_{1}h_{2}-b_{1}g_{2},$","context":{"chapter-title":"Elliptic Integrals","chapter-xmlid":"C19"}}},{"subequation":{"xml-id":"C19.S29.Ex28","tex":"$D_{11}=-b_{1}^{2}.$","context":{"chapter-title":"Elliptic Integrals","chapter-xmlid":"C19"}}}]}}{"expression":{"xml-id":"C19.S29.XMD1.m1fdec","tex":"$X_{\\alpha}$","context":{"chapter-title":"Elliptic Integrals","chapter-xmlid":"C19"}}}{"expression":{"xml-id":"C19.S29.XMD2.m1fdec","tex":"$Y_{\\alpha}$","context":{"chapter-title":"Elliptic Integrals","chapter-xmlid":"C19"}}}{"expression":{"xml-id":"C19.S29.XMD21.m1cdec","tex":"$D_{jl}$","context":{"chapter-title":"Elliptic Integrals","chapter-xmlid":"C19"}}}{"expression":{"xml-id":"C19.S29.XMD22.m1bdec","tex":"$S_{j}$","context":{"chapter-title":"Elliptic Integrals","chapter-xmlid":"C19"}}}{"expression":{"xml-id":"C19.S29.XMD26.m1bdec","tex":"$g$","context":{"chapter-title":"Elliptic Integrals","chapter-xmlid":"C19"}}}{"expression":{"xml-id":"C19.S29.XMD27.m1bdec","tex":"$h$","context":{"chapter-title":"Elliptic Integrals","chapter-xmlid":"C19"}}}{"expression":{"xml-id":"C19.S29.SS3.p3.m1","tex":"$t^{3}-a^{3}=(t-a)(t^{2}+at+a^{2})$","context":{"sentence-num-in-corpus":"11650","subsection-xmlid":"C19.S29.SS3","sentence-xmlid":"C19.S29.SS3.p3.s1","chapter-title":"Elliptic Integrals","chapter-xmlid":"C19","section-title":"Reduction of General Elliptic Integrals","sentence-num-in-chapter":"553","section-xmlid":"C19.S29","sentence-num-in-section":"49","para-num-of-sentences":"1","para-xmlid":"C19.S29.SS3.p3","subsection-title":"Examples"}}}{"expression":{"xml-id":"C19.S29.SS3.p3.m2","tex":"$0\\leq a\\leq y<x$","context":{"sentence-num-in-corpus":"11650","subsection-xmlid":"C19.S29.SS3","sentence-xmlid":"C19.S29.SS3.p3.s1","chapter-title":"Elliptic Integrals","chapter-xmlid":"C19","section-title":"Reduction of General Elliptic Integrals","sentence-num-in-chapter":"553","section-xmlid":"C19.S29","sentence-num-in-section":"49","para-num-of-sentences":"1","para-xmlid":"C19.S29.SS3.p3","subsection-title":"Examples"}}}{"equation":{"symbols-used":[{"symbol":{"tex":"$R_{F}\\left(\\NVar{x},\\NVar{y},\\NVar{z}\\right)$","meaning":"symmetric elliptic integral of first kind","idref":"C19.S16.E1","content-tex":"$\\CarlsonsymellintRF@{\\NVar{x}}{\\NVar{y}}{\\NVar{z}}$"}},{"symbol":{"tex":"$\\mathrm{d}\\NVar{x}$","meaning":"differential of $x$","idref":"C1.S4.SS4","content-tex":"$\\diff{\\NVar{x}}$"}},{"symbol":{"tex":"$\\int$","meaning":"integral","idref":"C1.S4.SS4"}},null],"xml-id":"C19.S29.E28","tex":"$\\int_{y}^{x}\\frac{\\mathrm{d}t}{\\sqrt{t^{3}-a^{3}}}=4R_{F}\\left(U,U-3a+2\\sqrt{3 }a,U-3a-2\\sqrt{3}a\\right),$","context":{"sentence-num-in-corpus":"11650","subsection-xmlid":"C19.S29.SS3","sentence-xmlid":"C19.S29.SS3.p3.s1","chapter-title":"Elliptic Integrals","chapter-xmlid":"C19","section-title":"Reduction of General Elliptic Integrals","sentence-num-in-chapter":"553","section-xmlid":"C19.S29","sentence-num-in-section":"49","para-num-of-sentences":"1","para-xmlid":"C19.S29.SS3.p3","subsection-title":"Examples"},"permalink":"http:\/\/dlmf.nist.gov\/19.29.E28","equation-number":"19.29.28","content-tex":"$\\int_{y}^{x}\\frac{\\diff{t}}{\\sqrt{t^{3}-a^{3}}}=4\\CarlsonsymellintRF@{U}{U-3a+ 2\\sqrt{3}a}{U-3a-2\\sqrt{3}a},$"}}{"equation":{"symbols-used":[null],"context":{"sentence-num-in-corpus":"11650","subsection-xmlid":"C19.S29.SS3","sentence-xmlid":"C19.S29.SS3.p3.s1","chapter-title":"Elliptic Integrals","chapter-xmlid":"C19","section-title":"Reduction of General Elliptic Integrals","sentence-num-in-chapter":"553","section-xmlid":"C19.S29","sentence-num-in-section":"49","para-num-of-sentences":"1","para-xmlid":"C19.S29.SS3.p3","subsection-title":"Examples"},"permalink":"http:\/\/dlmf.nist.gov\/19.29.E29","equation-number":"19.29.29","subequations":[{"subequation":{"xml-id":"C19.S29.Ex29","tex":"$(x-y)^{2}U=(\\sqrt{x-a}+\\sqrt{y-a})^{2}\\left((\\xi+\\eta)^{2}-(x-y)^{2}\\right),$","context":{"chapter-title":"Elliptic Integrals","chapter-xmlid":"C19"}}},{"subequation":{"xml-id":"C19.S29.Ex30","tex":"$\\xi=\\sqrt{x^{2}+ax+a^{2}},$","context":{"chapter-title":"Elliptic Integrals","chapter-xmlid":"C19"}}},{"subequation":{"xml-id":"C19.S29.Ex31","tex":"$\\eta=\\sqrt{y^{2}+ay+a^{2}}.$","context":{"chapter-title":"Elliptic Integrals","chapter-xmlid":"C19"}}}]}}{"expression":{"xml-id":"C19.S29.XMD16.m1gdec","tex":"$U$","context":{"chapter-title":"Elliptic Integrals","chapter-xmlid":"C19"}}}{"expression":{"xml-id":"C19.S29.SS3.p4.m1","tex":"$Q(t^{2})=f+gt^{2}+ht^{4}$","context":{"sentence-num-in-corpus":"11651","subsection-xmlid":"C19.S29.SS3","sentence-xmlid":"C19.S29.SS3.p4.s1","chapter-title":"Elliptic Integrals","chapter-xmlid":"C19","section-title":"Reduction of General Elliptic Integrals","sentence-num-in-chapter":"554","section-xmlid":"C19.S29","sentence-num-in-section":"50","para-num-of-sentences":"3","para-xmlid":"C19.S29.SS3.p4","subsection-title":"Examples"}}}{"expression":{"xml-id":"C19.S29.SS3.p4.m2","tex":"$Q(t^{2})$","context":{"sentence-num-in-corpus":"11651","subsection-xmlid":"C19.S29.SS3","sentence-xmlid":"C19.S29.SS3.p4.s1","chapter-title":"Elliptic Integrals","chapter-xmlid":"C19","section-title":"Reduction of General Elliptic Integrals","sentence-num-in-chapter":"554","section-xmlid":"C19.S29","sentence-num-in-section":"50","para-num-of-sentences":"3","para-xmlid":"C19.S29.SS3.p4","subsection-title":"Examples"}}}{"expression":{"xml-id":"C19.S29.XMD24.m1","tex":"$Q(t^{2})$","context":{"chapter-title":"Elliptic Integrals","chapter-xmlid":"C19"}}}{"expression":{"xml-id":"C19.S29.XMD25.m1","tex":"$f$","context":{"chapter-title":"Elliptic Integrals","chapter-xmlid":"C19"}}}{"expression":{"xml-id":"C19.S29.XMD26.m1","tex":"$g$","context":{"chapter-title":"Elliptic Integrals","chapter-xmlid":"C19"}}}{"expression":{"xml-id":"C19.S29.XMD27.m1","tex":"$h$","context":{"chapter-title":"Elliptic Integrals","chapter-xmlid":"C19"}}}{"expression":{"xml-id":"C19.S29.SS3.p4.m3","tex":"$y<t<x$","context":{"sentence-num-in-corpus":"11651","subsection-xmlid":"C19.S29.SS3","sentence-xmlid":"C19.S29.SS3.p4.s1","chapter-title":"Elliptic Integrals","chapter-xmlid":"C19","section-title":"Reduction of General Elliptic Integrals","sentence-num-in-chapter":"554","section-xmlid":"C19.S29","sentence-num-in-section":"50","para-num-of-sentences":"3","para-xmlid":"C19.S29.SS3.p4","subsection-title":"Examples"}}}{"equation":{"symbols-used":[{"symbol":{"tex":"$R_{F}\\left(\\NVar{x},\\NVar{y},\\NVar{z}\\right)$","meaning":"symmetric elliptic integral of first kind","idref":"C19.S16.E1","content-tex":"$\\CarlsonsymellintRF@{\\NVar{x}}{\\NVar{y}}{\\NVar{z}}$"}},{"symbol":{"tex":"$\\mathrm{d}\\NVar{x}$","meaning":"differential of $x$","idref":"C1.S4.SS4","content-tex":"$\\diff{\\NVar{x}}$"}},{"symbol":{"tex":"$\\int$","meaning":"integral","idref":"C1.S4.SS4"}},null,null,{"symbol":{"tex":"$f$","meaning":"coefficient","idref":"C19.S29.SS3.p4"}},{"symbol":{"tex":"$g$","meaning":"coefficient","idref":"C19.S29.SS3.p4"}},{"symbol":{"tex":"$h$","meaning":"coefficient","idref":"C19.S29.SS3.p4"}}],"xml-id":"C19.S29.E30","tex":"$\\int_{y}^{x}\\frac{\\mathrm{d}t}{\\sqrt{Q(t^{2})}}=2R_{F}\\left(U,U-g+2\\sqrt{fh},U -g-2\\sqrt{fh}\\right),$","context":{"sentence-num-in-corpus":"11652","subsection-xmlid":"C19.S29.SS3","sentence-xmlid":"C19.S29.SS3.p4.s2","chapter-title":"Elliptic Integrals","chapter-xmlid":"C19","section-title":"Reduction of General Elliptic Integrals","sentence-num-in-chapter":"555","section-xmlid":"C19.S29","sentence-num-in-section":"51","para-num-of-sentences":"3","para-xmlid":"C19.S29.SS3.p4","subsection-title":"Examples"},"permalink":"http:\/\/dlmf.nist.gov\/19.29.E30","equation-number":"19.29.30","content-tex":"$\\int_{y}^{x}\\frac{\\diff{t}}{\\sqrt{Q(t^{2})}}=2\\CarlsonsymellintRF@{U}{U-g+2 \\sqrt{fh}}{U-g-2\\sqrt{fh}},$"}}{"equation":{"symbols-used":[null,null,{"symbol":{"tex":"$h$","meaning":"coefficient","idref":"C19.S29.SS3.p4"}}],"xml-id":"C19.S29.E31","tex":"$(x-y)^{2}U=\\left(\\sqrt{Q(x^{2})}+\\sqrt{Q(y^{2})}\\right)^{2}-h(x^{2}-y^{2})^{2}.$","context":{"sentence-num-in-corpus":"11652","subsection-xmlid":"C19.S29.SS3","sentence-xmlid":"C19.S29.SS3.p4.s2","chapter-title":"Elliptic Integrals","chapter-xmlid":"C19","section-title":"Reduction of General Elliptic Integrals","sentence-num-in-chapter":"555","section-xmlid":"C19.S29","sentence-num-in-section":"51","para-num-of-sentences":"3","para-xmlid":"C19.S29.SS3.p4","subsection-title":"Examples"},"permalink":"http:\/\/dlmf.nist.gov\/19.29.E31","equation-number":"19.29.31"}}{"expression":{"xml-id":"C19.S29.SS3.p4.m4","tex":"$0\\leq y\\leq x$","context":{"sentence-num-in-corpus":"11653","subsection-xmlid":"C19.S29.SS3","sentence-xmlid":"C19.S29.SS3.p4.s3","chapter-title":"Elliptic Integrals","chapter-xmlid":"C19","section-title":"Reduction of General Elliptic Integrals","sentence-num-in-chapter":"556","section-xmlid":"C19.S29","sentence-num-in-section":"52","para-num-of-sentences":"3","para-xmlid":"C19.S29.SS3.p4","subsection-title":"Examples"}}}{"expression":{"xml-id":"C19.S29.SS3.p4.m5","tex":"$a^{4}\\geq 0$","context":{"sentence-num-in-corpus":"11653","subsection-xmlid":"C19.S29.SS3","sentence-xmlid":"C19.S29.SS3.p4.s3","chapter-title":"Elliptic Integrals","chapter-xmlid":"C19","section-title":"Reduction of General Elliptic Integrals","sentence-num-in-chapter":"556","section-xmlid":"C19.S29","sentence-num-in-section":"52","para-num-of-sentences":"3","para-xmlid":"C19.S29.SS3.p4","subsection-title":"Examples"}}}{"equation":{"symbols-used":[{"symbol":{"tex":"$R_{F}\\left(\\NVar{x},\\NVar{y},\\NVar{z}\\right)$","meaning":"symmetric elliptic integral of first kind","idref":"C19.S16.E1","content-tex":"$\\CarlsonsymellintRF@{\\NVar{x}}{\\NVar{y}}{\\NVar{z}}$"}},{"symbol":{"tex":"$\\mathrm{d}\\NVar{x}$","meaning":"differential of $x$","idref":"C1.S4.SS4","content-tex":"$\\diff{\\NVar{x}}$"}},{"symbol":{"tex":"$\\int$","meaning":"integral","idref":"C1.S4.SS4"}},null],"xml-id":"C19.S29.E32","tex":"$\\int_{y}^{x}\\frac{\\mathrm{d}t}{\\sqrt{t^{4}+a^{4}}}=2R_{F}\\left(U,U+2a^{2},U-2a ^{2}\\right),$","context":{"sentence-num-in-corpus":"11653","subsection-xmlid":"C19.S29.SS3","sentence-xmlid":"C19.S29.SS3.p4.s3","chapter-title":"Elliptic Integrals","chapter-xmlid":"C19","section-title":"Reduction of General Elliptic Integrals","sentence-num-in-chapter":"556","section-xmlid":"C19.S29","sentence-num-in-section":"52","para-num-of-sentences":"3","para-xmlid":"C19.S29.SS3.p4","subsection-title":"Examples"},"permalink":"http:\/\/dlmf.nist.gov\/19.29.E32","equation-number":"19.29.32","content-tex":"$\\int_{y}^{x}\\frac{\\diff{t}}{\\sqrt{t^{4}+a^{4}}}=2\\CarlsonsymellintRF@{U}{U+2a^ {2}}{U-2a^{2}},$"}}{"equation":{"symbols-used":[null],"xml-id":"C19.S29.E33","tex":"$(x-y)^{2}U=\\left(\\sqrt{x^{4}+a^{4}}+\\sqrt{y^{4}+a^{4}}\\right)^{2}-(x^{2}-y^{2} )^{2}.$","context":{"sentence-num-in-corpus":"11653","subsection-xmlid":"C19.S29.SS3","sentence-xmlid":"C19.S29.SS3.p4.s3","chapter-title":"Elliptic Integrals","chapter-xmlid":"C19","section-title":"Reduction of General Elliptic Integrals","sentence-num-in-chapter":"556","section-xmlid":"C19.S29","sentence-num-in-section":"52","para-num-of-sentences":"3","para-xmlid":"C19.S29.SS3.p4","subsection-title":"Examples"},"permalink":"http:\/\/dlmf.nist.gov\/19.29.E33","equation-number":"19.29.33"}}