{"expression":{"context-references":{"chapter-title":"Elliptic Integrals","chapter-xmlid":"C19"},"xml-id":"C19.S32.XMD1.m1","tex":"$z(p)$"}}{"equation":{"symbols-used":[{"symbol":{"tex":"$R_{F}\\left(\\NVar{x},\\NVar{y},\\NVar{z}\\right)$","meaning":"symmetric elliptic integral of first kind","idref":"C19.S16.E1","content-tex":"$\\CarlsonsymellintRF@{\\NVar{x}}{\\NVar{y}}{\\NVar{z}}$"}},{"symbol":{"tex":"$z(p)$","meaning":"function","idref":"C19.S32.p1"}}],"context-references":{"sentence-num-in-corpus":"11674","sentence-xmlid":"C19.S32.p1.s1","chapter-title":"Elliptic Integrals","chapter-xmlid":"C19","section-title":"Conformal Map onto a Rectangle","sentence-num-in-chapter":"577","section-xmlid":"C19.S32","sentence-num-in-section":"1","para-num-of-sentences":"3","para-xmlid":"C19.S32.p1"},"xml-id":"C19.S32.E1","tex":"$z(p)=R_{F}\\left(p-x_{1},p-x_{2},p-x_{3}\\right),$","permalink":"http:\/\/dlmf.nist.gov\/19.32.E1","equation-number":"19.32.1","content-tex":"$z(p)=\\CarlsonsymellintRF@{p-x_{1}}{p-x_{2}}{p-x_{3}},$"}}{"expression":{"context-references":{"sentence-num-in-corpus":"11674","sentence-xmlid":"C19.S32.p1.s1","chapter-title":"Elliptic Integrals","chapter-xmlid":"C19","section-title":"Conformal Map onto a Rectangle","sentence-num-in-chapter":"577","section-xmlid":"C19.S32","sentence-num-in-section":"1","para-num-of-sentences":"3","para-xmlid":"C19.S32.p1"},"xml-id":"C19.S32.p1.m1","tex":"$x_{1},x_{2},x_{3}$"}}{"equation":{"symbols-used":[{"symbol":{"tex":"$\\pi$","meaning":"the ratio of the circumference of a circle to its diameter","idref":"C3.S12.E1","content-tex":"$\\cpi$"}},{"symbol":{"tex":"$\\mathrm{d}\\NVar{x}$","meaning":"differential of $x$","idref":"C1.S4.SS4","content-tex":"$\\diff{\\NVar{x}}$"}},{"symbol":{"tex":"$\\Im$","meaning":"imaginary part","idref":"C1.S9.E2","content-tex":"$\\imagpart@@$"}},{"symbol":{"tex":"$\\operatorname{ph}$","meaning":"phase","idref":"C1.S9.E7","content-tex":"$\\phase$"}},{"symbol":{"tex":"$z(p)$","meaning":"function","idref":"C19.S32.p1"}}],"context-references":{"sentence-num-in-corpus":"11674","sentence-xmlid":"C19.S32.p1.s1","chapter-title":"Elliptic Integrals","chapter-xmlid":"C19","section-title":"Conformal Map onto a Rectangle","sentence-num-in-chapter":"577","section-xmlid":"C19.S32","sentence-num-in-section":"1","para-num-of-sentences":"3","para-xmlid":"C19.S32.p1"},"xml-id":"C19.S32.E2","tex":"$\\mathrm{d}z=-\\frac{1}{2}\\left(\\prod_{j=1}^{3}(p-x_{j})^{-1\/2}\\right)\\mathrm{d}p,$","permalink":"http:\/\/dlmf.nist.gov\/19.32.E2","equation-number":"19.32.2","constraints":{"tex":"$\\Im p>0$; $0<\\operatorname{ph}\\left(p-x_{j}\\right)<\\pi$, $j=1,2,3$.","content-tex":"$\\imagpart@@{p}>0$; $0<\\phase@{p-x_{j}}<\\pi$, $j=1,2,3$."},"content-tex":"$\\diff{z}=-\\frac{1}{2}\\left(\\prod_{j=1}^{3}(p-x_{j})^{-1\/2}\\right)\\diff{p},$"}}{"equation":{"context-references":{"sentence-num-in-corpus":"11675","sentence-xmlid":"C19.S32.p1.s2","chapter-title":"Elliptic Integrals","chapter-xmlid":"C19","section-title":"Conformal Map onto a Rectangle","sentence-num-in-chapter":"578","section-xmlid":"C19.S32","sentence-num-in-section":"2","para-num-of-sentences":"3","para-xmlid":"C19.S32.p1"},"xml-id":"C19.S32.E3","tex":"$x_{1}>x_{2}>x_{3},$","permalink":"http:\/\/dlmf.nist.gov\/19.32.E3","equation-number":"19.32.3"}}{"expression":{"context-references":{"sentence-num-in-corpus":"11675","sentence-xmlid":"C19.S32.p1.s2","chapter-title":"Elliptic Integrals","chapter-xmlid":"C19","section-title":"Conformal Map onto a Rectangle","sentence-num-in-chapter":"578","section-xmlid":"C19.S32","sentence-num-in-section":"2","para-num-of-sentences":"3","para-xmlid":"C19.S32.p1"},"xml-id":"C19.S32.p1.m2","tex":"$z(p)$"}}{"expression":{"context-references":{"sentence-num-in-corpus":"11675","sentence-xmlid":"C19.S32.p1.s2","chapter-title":"Elliptic Integrals","chapter-xmlid":"C19","section-title":"Conformal Map onto a Rectangle","sentence-num-in-chapter":"578","section-xmlid":"C19.S32","sentence-num-in-section":"2","para-num-of-sentences":"3","para-xmlid":"C19.S32.p1"},"xml-id":"C19.S32.p1.m3","tex":"$p$"}}{"expression":{"context-references":{"sentence-num-in-corpus":"11675","sentence-xmlid":"C19.S32.p1.s2","chapter-title":"Elliptic Integrals","chapter-xmlid":"C19","section-title":"Conformal Map onto a Rectangle","sentence-num-in-chapter":"578","section-xmlid":"C19.S32","sentence-num-in-section":"2","para-num-of-sentences":"3","para-xmlid":"C19.S32.p1"},"xml-id":"C19.S32.p1.m4","tex":"$z$"}}{"equation":{"symbols-used":[{"symbol":{"tex":"$R_{F}\\left(\\NVar{x},\\NVar{y},\\NVar{z}\\right)$","meaning":"symmetric elliptic integral of first kind","idref":"C19.S16.E1","content-tex":"$\\CarlsonsymellintRF@{\\NVar{x}}{\\NVar{y}}{\\NVar{z}}$"}},{"symbol":{"tex":"$\\mathrm{i}$","meaning":"imaginary unit","idref":"C1.S9.E1","content-tex":"$\\iunit$"}},{"symbol":{"tex":"$z(p)$","meaning":"function","idref":"C19.S32.p1"}}],"context-references":{"sentence-num-in-corpus":"11675","sentence-xmlid":"C19.S32.p1.s2","chapter-title":"Elliptic Integrals","chapter-xmlid":"C19","section-title":"Conformal Map onto a Rectangle","sentence-num-in-chapter":"578","section-xmlid":"C19.S32","sentence-num-in-section":"2","para-num-of-sentences":"3","para-xmlid":"C19.S32.p1"},"xml-id":"C19.S32.E4","permalink":"http:\/\/dlmf.nist.gov\/19.32.E4","equation-number":"19.32.4","subequations":[{"subequation":{"xml-id":"C19.S32.Ex1","tex":"$z(\\infty)=0,$"}},{"subequation":{"xml-id":"C19.S32.Ex2","tex":"$z(x_{1})=R_{F}\\left(0,x_{1}-x_{2},x_{1}-x_{3}\\right)\\quad\\text{($>0$)},$","content-tex":"$z(x_{1})=\\CarlsonsymellintRF@{0}{x_{1}-x_{2}}{x_{1}-x_{3}}\\quad\\text{($>0$)},$"}},{"subequation":{"xml-id":"C19.S32.Ex3","tex":"$z(x_{2})=z(x_{1})+z(x_{3}),$"}},{"subequation":{"xml-id":"C19.S32.Ex4","tex":"$z(x_{3})=R_{F}\\left(x_{3}-x_{1},x_{3}-x_{2},0\\right)=-iR_{F}\\left(0,x_{1}-x_{3 },x_{2}-x_{3}\\right).$","content-tex":"$z(x_{3})=\\CarlsonsymellintRF@{x_{3}-x_{1}}{x_{3}-x_{2}}{0}=-i \\CarlsonsymellintRF@{0}{x_{1}-x_{3}}{x_{2}-x_{3}}.$"}}]}}{"expression":{"context-references":{"chapter-title":"Elliptic Integrals","chapter-xmlid":"C19"},"xml-id":"C19.S16.E1.m2aadec","tex":"$R_{F}\\left(\\NVar{x},\\NVar{y},\\NVar{z}\\right)$","content-tex":"$\\CarlsonsymellintRF@{\\NVar{x}}{\\NVar{y}}{\\NVar{z}}$"}}{"expression":{"context-references":{"chapter-title":"Elliptic Integrals","chapter-xmlid":"C19"},"xml-id":"C1.S9.E1.m2adec","tex":"$\\mathrm{i}$","content-tex":"$\\iunit$"}}{"expression":{"context-references":{"chapter-title":"Elliptic Integrals","chapter-xmlid":"C19"},"xml-id":"C19.S32.XMD1.m1bdec","tex":"$z(p)$"}}{"expression":{"context-references":{"sentence-num-in-corpus":"11676","sentence-xmlid":"C19.S32.p1.s3","chapter-title":"Elliptic Integrals","chapter-xmlid":"C19","section-title":"Conformal Map onto a Rectangle","sentence-num-in-chapter":"579","section-xmlid":"C19.S32","sentence-num-in-section":"3","para-num-of-sentences":"3","para-xmlid":"C19.S32.p1"},"xml-id":"C19.S32.p1.m5","tex":"$p$"}}{"expression":{"context-references":{"sentence-num-in-corpus":"11676","sentence-xmlid":"C19.S32.p1.s3","chapter-title":"Elliptic Integrals","chapter-xmlid":"C19","section-title":"Conformal Map onto a Rectangle","sentence-num-in-chapter":"579","section-xmlid":"C19.S32","sentence-num-in-section":"3","para-num-of-sentences":"3","para-xmlid":"C19.S32.p1"},"xml-id":"C19.S32.p1.m6","tex":"$z$"}}{"expression":{"context-references":{"sentence-num-in-corpus":"11676","sentence-xmlid":"C19.S32.p1.s3","chapter-title":"Elliptic Integrals","chapter-xmlid":"C19","section-title":"Conformal Map onto a Rectangle","sentence-num-in-chapter":"579","section-xmlid":"C19.S32","sentence-num-in-section":"3","para-num-of-sentences":"3","para-xmlid":"C19.S32.p1"},"xml-id":"C19.S32.p1.m7","tex":"$z(x_{3})$"}}