{"expression":{"xml-id":"C19.S36.SS1.p1.m1","tex":"$R_{F}$","context":{"sentence-num-in-corpus":"11705","subsection-xmlid":"C19.S36.SS1","sentence-xmlid":"C19.S36.SS1.p1.s2","chapter-title":"Elliptic Integrals","chapter-xmlid":"C19","section-title":"Methods of Computation","sentence-num-in-chapter":"608","section-xmlid":"C19.S36","sentence-num-in-section":"2","para-num-of-sentences":"3","para-xmlid":"C19.S36.SS1.p1","subsection-title":"Duplication Method"},"content-tex":"$\\CarlsonsymellintRF$"}}{"equation":{"symbols-used":[{"symbol":{"tex":"$E_{s}(\\mathbf{z})$","meaning":"symmetric function","idref":"C19.S19.E4"}}],"xml-id":"C19.S36.E1","tex":"$1-\\tfrac{1}{10}E_{2}+\\tfrac{1}{14}E_{3}+\\tfrac{1}{24}E_{2}^{2}-\\tfrac{3}{44}E_ {2}E_{3}-\\tfrac{5}{208}E_{2}^{3}+\\tfrac{3}{104}E_{3}^{2}+\\tfrac{1}{16}E_{2}^{2 }E_{3},$","context":{"sentence-num-in-corpus":"11705","subsection-xmlid":"C19.S36.SS1","sentence-xmlid":"C19.S36.SS1.p1.s2","chapter-title":"Elliptic Integrals","chapter-xmlid":"C19","section-title":"Methods of Computation","sentence-num-in-chapter":"608","section-xmlid":"C19.S36","sentence-num-in-section":"2","para-num-of-sentences":"3","para-xmlid":"C19.S36.SS1.p1","subsection-title":"Duplication Method"},"permalink":"http:\/\/dlmf.nist.gov\/19.36.E1","equation-number":"19.36.1"}}{"expression":{"xml-id":"C19.S36.SS1.p1.m2","tex":"$E_{s}$","context":{"sentence-num-in-corpus":"11705","subsection-xmlid":"C19.S36.SS1","sentence-xmlid":"C19.S36.SS1.p1.s2","chapter-title":"Elliptic Integrals","chapter-xmlid":"C19","section-title":"Methods of Computation","sentence-num-in-chapter":"608","section-xmlid":"C19.S36","sentence-num-in-section":"2","para-num-of-sentences":"3","para-xmlid":"C19.S36.SS1.p1","subsection-title":"Duplication Method"}}}{"expression":{"xml-id":"C19.S36.SS1.p1.m3","tex":"$(3r)^{-1\/6}$","context":{"sentence-num-in-corpus":"11706","subsection-xmlid":"C19.S36.SS1","sentence-xmlid":"C19.S36.SS1.p1.s3","chapter-title":"Elliptic Integrals","chapter-xmlid":"C19","section-title":"Methods of Computation","sentence-num-in-chapter":"609","section-xmlid":"C19.S36","sentence-num-in-section":"3","para-num-of-sentences":"3","para-xmlid":"C19.S36.SS1.p1","subsection-title":"Duplication Method"}}}{"expression":{"xml-id":"C19.S36.SS1.p1.m4","tex":"$(3r)^{-1\/8}$","context":{"sentence-num-in-corpus":"11706","subsection-xmlid":"C19.S36.SS1","sentence-xmlid":"C19.S36.SS1.p1.s3","chapter-title":"Elliptic Integrals","chapter-xmlid":"C19","section-title":"Methods of Computation","sentence-num-in-chapter":"609","section-xmlid":"C19.S36","sentence-num-in-section":"3","para-num-of-sentences":"3","para-xmlid":"C19.S36.SS1.p1","subsection-title":"Duplication Method"}}}{"expression":{"xml-id":"C19.S36.SS1.p3.m1","tex":"$R_{D}$","context":{"sentence-num-in-corpus":"11707","subsection-xmlid":"C19.S36.SS1","sentence-xmlid":"C19.S36.SS1.p3.s1","chapter-title":"Elliptic Integrals","chapter-xmlid":"C19","section-title":"Methods of Computation","sentence-num-in-chapter":"610","section-xmlid":"C19.S36","sentence-num-in-section":"4","para-num-of-sentences":"2","para-xmlid":"C19.S36.SS1.p3","subsection-title":"Duplication Method"},"content-tex":"$\\CarlsonsymellintRD$"}}{"expression":{"xml-id":"C19.S36.SS1.p3.m2","tex":"$R_{J}$","context":{"sentence-num-in-corpus":"11707","subsection-xmlid":"C19.S36.SS1","sentence-xmlid":"C19.S36.SS1.p3.s1","chapter-title":"Elliptic Integrals","chapter-xmlid":"C19","section-title":"Methods of Computation","sentence-num-in-chapter":"610","section-xmlid":"C19.S36","sentence-num-in-section":"4","para-num-of-sentences":"2","para-xmlid":"C19.S36.SS1.p3","subsection-title":"Duplication Method"},"content-tex":"$\\CarlsonsymellintRJ$"}}{"expression":{"xml-id":"C19.S36.SS1.p3.m3","tex":"$(r\/4)^{-1\/6}$","context":{"sentence-num-in-corpus":"11707","subsection-xmlid":"C19.S36.SS1","sentence-xmlid":"C19.S36.SS1.p3.s1","chapter-title":"Elliptic Integrals","chapter-xmlid":"C19","section-title":"Methods of Computation","sentence-num-in-chapter":"610","section-xmlid":"C19.S36","sentence-num-in-section":"4","para-num-of-sentences":"2","para-xmlid":"C19.S36.SS1.p3","subsection-title":"Duplication Method"}}}{"expression":{"xml-id":"C19.S36.SS1.p3.m4","tex":"$(r\/5)^{-1\/8}$","context":{"sentence-num-in-corpus":"11707","subsection-xmlid":"C19.S36.SS1","sentence-xmlid":"C19.S36.SS1.p3.s1","chapter-title":"Elliptic Integrals","chapter-xmlid":"C19","section-title":"Methods of Computation","sentence-num-in-chapter":"610","section-xmlid":"C19.S36","sentence-num-in-section":"4","para-num-of-sentences":"2","para-xmlid":"C19.S36.SS1.p3","subsection-title":"Duplication Method"}}}{"equation":{"symbols-used":[{"symbol":{"tex":"$E_{s}(\\mathbf{z})$","meaning":"symmetric function","idref":"C19.S19.E4"}}],"xml-id":"C19.S36.E2","tex":"$1-\\tfrac{3}{14}E_{2}+\\tfrac{1}{6}E_{3}+\\tfrac{9}{88}E_{2}^{2}-\\tfrac{3}{22}E_{ 4}-\\tfrac{9}{52}E_{2}E_{3}+\\tfrac{3}{26}E_{5}-\\tfrac{1}{16}E_{2}^{3}+\\tfrac{3} {40}E_{3}^{2}+\\tfrac{3}{20}E_{2}E_{4}+\\tfrac{45}{272}E_{2}^{2}E_{3}-\\tfrac{9}{ 68}(E_{3}E_{4}+E_{2}E_{5}).$","context":{"sentence-num-in-corpus":"11707","subsection-xmlid":"C19.S36.SS1","sentence-xmlid":"C19.S36.SS1.p3.s1","chapter-title":"Elliptic Integrals","chapter-xmlid":"C19","section-title":"Methods of Computation","sentence-num-in-chapter":"610","section-xmlid":"C19.S36","sentence-num-in-section":"4","para-num-of-sentences":"2","para-xmlid":"C19.S36.SS1.p3","subsection-title":"Duplication Method"},"permalink":"http:\/\/dlmf.nist.gov\/19.36.E2","equation-number":"19.36.2"}}{"expression":{"xml-id":"C19.S36.SS1.p4.m1","tex":"$\\lambda_{0}=\\sqrt{x}\\sqrt{y}+\\sqrt{y}\\sqrt{z}+\\sqrt{z}\\sqrt{x}$","context":{"sentence-num-in-corpus":"11709","subsection-xmlid":"C19.S36.SS1","sentence-xmlid":"C19.S36.SS1.p4.s1","chapter-title":"Elliptic Integrals","chapter-xmlid":"C19","section-title":"Methods of Computation","sentence-num-in-chapter":"612","section-xmlid":"C19.S36","sentence-num-in-section":"6","para-num-of-sentences":"5","para-xmlid":"C19.S36.SS1.p4","subsection-title":"Duplication Method"}}}{"expression":{"xml-id":"C19.S36.SS1.p4.m2","tex":"$x,y,z$","context":{"sentence-num-in-corpus":"11710","subsection-xmlid":"C19.S36.SS1","sentence-xmlid":"C19.S36.SS1.p4.s2","chapter-title":"Elliptic Integrals","chapter-xmlid":"C19","section-title":"Methods of Computation","sentence-num-in-chapter":"613","section-xmlid":"C19.S36","sentence-num-in-section":"7","para-num-of-sentences":"5","para-xmlid":"C19.S36.SS1.p4","subsection-title":"Duplication Method"}}}{"expression":{"xml-id":"C19.S36.SS1.p4.m3","tex":"$x=U_{12}^{2}$","context":{"sentence-num-in-corpus":"11710","subsection-xmlid":"C19.S36.SS1","sentence-xmlid":"C19.S36.SS1.p4.s2","chapter-title":"Elliptic Integrals","chapter-xmlid":"C19","section-title":"Methods of Computation","sentence-num-in-chapter":"613","section-xmlid":"C19.S36","sentence-num-in-section":"7","para-num-of-sentences":"5","para-xmlid":"C19.S36.SS1.p4","subsection-title":"Duplication Method"}}}{"expression":{"xml-id":"C19.S36.SS1.p4.m4","tex":"$U_{12}$","context":{"sentence-num-in-corpus":"11711","subsection-xmlid":"C19.S36.SS1","sentence-xmlid":"C19.S36.SS1.p4.s3","chapter-title":"Elliptic Integrals","chapter-xmlid":"C19","section-title":"Methods of Computation","sentence-num-in-chapter":"614","section-xmlid":"C19.S36","sentence-num-in-section":"8","para-num-of-sentences":"5","para-xmlid":"C19.S36.SS1.p4","subsection-title":"Duplication Method"}}}{"expression":{"xml-id":"C19.S36.SS1.p4.m5","tex":"$\\sqrt{x}=U_{12}$","context":{"sentence-num-in-corpus":"11711","subsection-xmlid":"C19.S36.SS1","sentence-xmlid":"C19.S36.SS1.p4.s3","chapter-title":"Elliptic Integrals","chapter-xmlid":"C19","section-title":"Methods of Computation","sentence-num-in-chapter":"614","section-xmlid":"C19.S36","sentence-num-in-section":"8","para-num-of-sentences":"5","para-xmlid":"C19.S36.SS1.p4","subsection-title":"Duplication Method"}}}{"expression":{"xml-id":"C19.S36.SS1.p4.m6","tex":"$y$","context":{"sentence-num-in-corpus":"11711","subsection-xmlid":"C19.S36.SS1","sentence-xmlid":"C19.S36.SS1.p4.s3","chapter-title":"Elliptic Integrals","chapter-xmlid":"C19","section-title":"Methods of Computation","sentence-num-in-chapter":"614","section-xmlid":"C19.S36","sentence-num-in-section":"8","para-num-of-sentences":"5","para-xmlid":"C19.S36.SS1.p4","subsection-title":"Duplication Method"}}}{"expression":{"xml-id":"C19.S36.SS1.p4.m7","tex":"$z$","context":{"sentence-num-in-corpus":"11711","subsection-xmlid":"C19.S36.SS1","sentence-xmlid":"C19.S36.SS1.p4.s3","chapter-title":"Elliptic Integrals","chapter-xmlid":"C19","section-title":"Methods of Computation","sentence-num-in-chapter":"614","section-xmlid":"C19.S36","sentence-num-in-section":"8","para-num-of-sentences":"5","para-xmlid":"C19.S36.SS1.p4","subsection-title":"Duplication Method"}}}{"expression":{"xml-id":"C19.S36.SS1.p4.m8","tex":"$\\lambda_{0}$","context":{"sentence-num-in-corpus":"11712","subsection-xmlid":"C19.S36.SS1","sentence-xmlid":"C19.S36.SS1.p4.s4","chapter-title":"Elliptic Integrals","chapter-xmlid":"C19","section-title":"Methods of Computation","sentence-num-in-chapter":"615","section-xmlid":"C19.S36","sentence-num-in-section":"9","para-num-of-sentences":"5","para-xmlid":"C19.S36.SS1.p4","subsection-title":"Duplication Method"}}}{"equation":{"symbols-used":[{"symbol":{"tex":"$R_{F}\\left(\\NVar{x},\\NVar{y},\\NVar{z}\\right)$","meaning":"symmetric elliptic integral of first kind","idref":"C19.S16.E1","content-tex":"$\\CarlsonsymellintRF@{\\NVar{x}}{\\NVar{y}}{\\NVar{z}}$"}}],"xml-id":"C19.S36.E3","tex":"$R_{F}\\left(1,2,4\\right)=R_{F}\\left(z_{1},z_{2},z_{3}\\right),$","context":{"sentence-num-in-corpus":"11714","sentence-xmlid":"C19.S36.Px1.p1.s1","chapter-title":"Elliptic Integrals","chapter-xmlid":"C19","paragraph-xmlid":"C19.S36.Px1","sentence-num-in-chapter":"617","section-xmlid":"C19.S36","sentence-num-in-section":"11","para-xmlid":"C19.S36.Px1.p1","subsection-title":"Duplication Method","subsection-xmlid":"C19.S36.SS1","paragraph-title":"Example","section-title":"Methods of Computation","para-num-of-sentences":"2"},"permalink":"http:\/\/dlmf.nist.gov\/19.36.E3","equation-number":"19.36.3","content-tex":"$\\CarlsonsymellintRF@{1}{2}{4}=\\CarlsonsymellintRF@{z_{1}}{z_{2}}{z_{3}},$"}}{"expression":{"xml-id":"C19.S36.Px1.p1.m1","tex":"$a=-\\frac{1}{2}$","context":{"sentence-num-in-corpus":"11714","sentence-xmlid":"C19.S36.Px1.p1.s1","chapter-title":"Elliptic Integrals","chapter-xmlid":"C19","paragraph-xmlid":"C19.S36.Px1","sentence-num-in-chapter":"617","section-xmlid":"C19.S36","sentence-num-in-section":"11","para-xmlid":"C19.S36.Px1.p1","subsection-title":"Duplication Method","subsection-xmlid":"C19.S36.SS1","paragraph-title":"Example","section-title":"Methods of Computation","para-num-of-sentences":"2"}}}{"expression":{"xml-id":"C19.S36.Px1.p1.m2","tex":"$n=3$","context":{"sentence-num-in-corpus":"11714","sentence-xmlid":"C19.S36.Px1.p1.s1","chapter-title":"Elliptic Integrals","chapter-xmlid":"C19","paragraph-xmlid":"C19.S36.Px1","sentence-num-in-chapter":"617","section-xmlid":"C19.S36","sentence-num-in-section":"11","para-xmlid":"C19.S36.Px1.p1","subsection-title":"Duplication Method","subsection-xmlid":"C19.S36.SS1","paragraph-title":"Example","section-title":"Methods of Computation","para-num-of-sentences":"2"}}}{"equation":{"symbols-used":[{"symbol":{"tex":"$E_{s}(\\mathbf{z})$","meaning":"symmetric function","idref":"C19.S19.E4"}},{"symbol":{"tex":"$Z_{j}$","meaning":"components","idref":"C19.S19.p5"}},null],"xml-id":"C19.S36.E4","tex":"$\\begin{aligned} \\displaystyle z_{1}&\\displaystyle=2.10985\\;99098\\;8,\\\\ \\displaystyle z_{3}&\\displaystyle=2.15673\\;49098\\;8,\\\\ \\displaystyle Z_{1}&\\displaystyle=0.00977\\;77253\\;5,\\end{aligned}\\quad\\begin{ aligned} \\displaystyle z_{2}&\\displaystyle=2.12548\\;49098\\;8,\\\\ \\displaystyle A&\\displaystyle=2.13069\\;32432\\;1,\\\\ \\displaystyle Z_{2}&\\displaystyle=0.00244\\;44313\\;4,\\end{aligned}\\\\ {Z_{3}=-Z_{1}-Z_{2}=-0.01222\\;21566\\;9,}\\\\ {E_{2}=\\Sci{-1.25480\\;14}{-4},\\quad E_{3}=\\Sci{-2.9212}{-7}.}$","context":{"sentence-num-in-corpus":"11714","sentence-xmlid":"C19.S36.Px1.p1.s1","chapter-title":"Elliptic Integrals","chapter-xmlid":"C19","paragraph-xmlid":"C19.S36.Px1","sentence-num-in-chapter":"617","section-xmlid":"C19.S36","sentence-num-in-section":"11","para-xmlid":"C19.S36.Px1.p1","subsection-title":"Duplication Method","subsection-xmlid":"C19.S36.SS1","paragraph-title":"Example","section-title":"Methods of Computation","para-num-of-sentences":"2"},"permalink":"http:\/\/dlmf.nist.gov\/19.36.E4","equation-number":"19.36.4"}}{"equation":{"symbols-used":[{"symbol":{"tex":"$R_{F}\\left(\\NVar{x},\\NVar{y},\\NVar{z}\\right)$","meaning":"symmetric elliptic integral of first kind","idref":"C19.S16.E1","content-tex":"$\\CarlsonsymellintRF@{\\NVar{x}}{\\NVar{y}}{\\NVar{z}}$"}}],"xml-id":"C19.S36.E5","tex":"$R_{F}\\left(1,2,4\\right)=0.68508\\;58166\\dots.$","context":{"sentence-num-in-corpus":"11715","sentence-xmlid":"C19.S36.Px1.p1.s2","chapter-title":"Elliptic Integrals","chapter-xmlid":"C19","paragraph-xmlid":"C19.S36.Px1","sentence-num-in-chapter":"618","section-xmlid":"C19.S36","sentence-num-in-section":"12","para-xmlid":"C19.S36.Px1.p1","subsection-title":"Duplication Method","subsection-xmlid":"C19.S36.SS1","paragraph-title":"Example","section-title":"Methods of Computation","para-num-of-sentences":"2"},"permalink":"http:\/\/dlmf.nist.gov\/19.36.E5","equation-number":"19.36.5","content-tex":"$\\CarlsonsymellintRF@{1}{2}{4}=0.68508\\;58166\\dots.$"}}{"expression":{"xml-id":"C19.S36.Px1.p2.m1","tex":"$R_{F}$","context":{"sentence-num-in-corpus":"11716","sentence-xmlid":"C19.S36.Px1.p2.s1","chapter-title":"Elliptic Integrals","chapter-xmlid":"C19","paragraph-xmlid":"C19.S36.Px1","sentence-num-in-chapter":"619","section-xmlid":"C19.S36","sentence-num-in-section":"13","para-xmlid":"C19.S36.Px1.p2","subsection-title":"Duplication Method","subsection-xmlid":"C19.S36.SS1","paragraph-title":"Example","section-title":"Methods of Computation","para-num-of-sentences":"6"},"content-tex":"$\\CarlsonsymellintRF$"}}{"expression":{"xml-id":"C19.S36.Px1.p2.m2","tex":"$R_{C}$","context":{"sentence-num-in-corpus":"11716","sentence-xmlid":"C19.S36.Px1.p2.s1","chapter-title":"Elliptic Integrals","chapter-xmlid":"C19","paragraph-xmlid":"C19.S36.Px1","sentence-num-in-chapter":"619","section-xmlid":"C19.S36","sentence-num-in-section":"13","para-xmlid":"C19.S36.Px1.p2","subsection-title":"Duplication Method","subsection-xmlid":"C19.S36.SS1","paragraph-title":"Example","section-title":"Methods of Computation","para-num-of-sentences":"6"},"content-tex":"$\\CarlsonellintRC$"}}{"expression":{"xml-id":"C19.S36.Px1.p2.m3","tex":"$R_{J}$","context":{"sentence-num-in-corpus":"11716","sentence-xmlid":"C19.S36.Px1.p2.s1","chapter-title":"Elliptic Integrals","chapter-xmlid":"C19","paragraph-xmlid":"C19.S36.Px1","sentence-num-in-chapter":"619","section-xmlid":"C19.S36","sentence-num-in-section":"13","para-xmlid":"C19.S36.Px1.p2","subsection-title":"Duplication Method","subsection-xmlid":"C19.S36.SS1","paragraph-title":"Example","section-title":"Methods of Computation","para-num-of-sentences":"6"},"content-tex":"$\\CarlsonsymellintRJ$"}}{"expression":{"xml-id":"C19.S36.Px1.p2.m4","tex":"$R_{D}$","context":{"sentence-num-in-corpus":"11716","sentence-xmlid":"C19.S36.Px1.p2.s1","chapter-title":"Elliptic Integrals","chapter-xmlid":"C19","paragraph-xmlid":"C19.S36.Px1","sentence-num-in-chapter":"619","section-xmlid":"C19.S36","sentence-num-in-section":"13","para-xmlid":"C19.S36.Px1.p2","subsection-title":"Duplication Method","subsection-xmlid":"C19.S36.SS1","paragraph-title":"Example","section-title":"Methods of Computation","para-num-of-sentences":"6"},"content-tex":"$\\CarlsonsymellintRD$"}}{"expression":{"xml-id":"C19.S36.Px1.p2.m5","tex":"$R_{J}$","context":{"sentence-num-in-corpus":"11717","sentence-xmlid":"C19.S36.Px1.p2.s2","chapter-title":"Elliptic Integrals","chapter-xmlid":"C19","paragraph-xmlid":"C19.S36.Px1","sentence-num-in-chapter":"620","section-xmlid":"C19.S36","sentence-num-in-section":"14","para-xmlid":"C19.S36.Px1.p2","subsection-title":"Duplication Method","subsection-xmlid":"C19.S36.SS1","paragraph-title":"Example","section-title":"Methods of Computation","para-num-of-sentences":"6"},"content-tex":"$\\CarlsonsymellintRJ$"}}{"expression":{"xml-id":"C19.S36.Px1.p2.m6","tex":"$R_{J}$","context":{"sentence-num-in-corpus":"11720","sentence-xmlid":"C19.S36.Px1.p2.s5","chapter-title":"Elliptic Integrals","chapter-xmlid":"C19","paragraph-xmlid":"C19.S36.Px1","sentence-num-in-chapter":"623","section-xmlid":"C19.S36","sentence-num-in-section":"17","para-xmlid":"C19.S36.Px1.p2","subsection-title":"Duplication Method","subsection-xmlid":"C19.S36.SS1","paragraph-title":"Example","section-title":"Methods of Computation","para-num-of-sentences":"6"},"content-tex":"$\\CarlsonsymellintRJ$"}}{"expression":{"xml-id":"C19.S36.Px1.p2.m7","tex":"$R_{C}$","context":{"sentence-num-in-corpus":"11720","sentence-xmlid":"C19.S36.Px1.p2.s5","chapter-title":"Elliptic Integrals","chapter-xmlid":"C19","paragraph-xmlid":"C19.S36.Px1","sentence-num-in-chapter":"623","section-xmlid":"C19.S36","sentence-num-in-section":"17","para-xmlid":"C19.S36.Px1.p2","subsection-title":"Duplication Method","subsection-xmlid":"C19.S36.SS1","paragraph-title":"Example","section-title":"Methods of Computation","para-num-of-sentences":"6"},"content-tex":"$\\CarlsonellintRC$"}}{"expression":{"xml-id":"C19.S36.Px1.p2.m8","tex":"$R_{G}$","context":{"sentence-num-in-corpus":"11721","sentence-xmlid":"C19.S36.Px1.p2.s6","chapter-title":"Elliptic Integrals","chapter-xmlid":"C19","paragraph-xmlid":"C19.S36.Px1","sentence-num-in-chapter":"624","section-xmlid":"C19.S36","sentence-num-in-section":"18","para-xmlid":"C19.S36.Px1.p2","subsection-title":"Duplication Method","subsection-xmlid":"C19.S36.SS1","paragraph-title":"Example","section-title":"Methods of Computation","para-num-of-sentences":"6"},"content-tex":"$\\CarlsonsymellintRG$"}}{"expression":{"xml-id":"C19.S36.Px1.p2.m9","tex":"$R_{F}$","context":{"sentence-num-in-corpus":"11721","sentence-xmlid":"C19.S36.Px1.p2.s6","chapter-title":"Elliptic Integrals","chapter-xmlid":"C19","paragraph-xmlid":"C19.S36.Px1","sentence-num-in-chapter":"624","section-xmlid":"C19.S36","sentence-num-in-section":"18","para-xmlid":"C19.S36.Px1.p2","subsection-title":"Duplication Method","subsection-xmlid":"C19.S36.SS1","paragraph-title":"Example","section-title":"Methods of Computation","para-num-of-sentences":"6"},"content-tex":"$\\CarlsonsymellintRF$"}}{"expression":{"xml-id":"C19.S36.Px1.p2.m10","tex":"$R_{D}$","context":{"sentence-num-in-corpus":"11721","sentence-xmlid":"C19.S36.Px1.p2.s6","chapter-title":"Elliptic Integrals","chapter-xmlid":"C19","paragraph-xmlid":"C19.S36.Px1","sentence-num-in-chapter":"624","section-xmlid":"C19.S36","sentence-num-in-section":"18","para-xmlid":"C19.S36.Px1.p2","subsection-title":"Duplication Method","subsection-xmlid":"C19.S36.SS1","paragraph-title":"Example","section-title":"Methods of Computation","para-num-of-sentences":"6"},"content-tex":"$\\CarlsonsymellintRD$"}}{"expression":{"xml-id":"C19.S36.Px1.p3.m1","tex":"$0\\leq k^{2}\\leq 1$","context":{"sentence-num-in-corpus":"11724","sentence-xmlid":"C19.S36.Px1.p3.s3","chapter-title":"Elliptic Integrals","chapter-xmlid":"C19","paragraph-xmlid":"C19.S36.Px1","sentence-num-in-chapter":"627","section-xmlid":"C19.S36","sentence-num-in-section":"21","para-xmlid":"C19.S36.Px1.p3","subsection-title":"Duplication Method","subsection-xmlid":"C19.S36.SS1","paragraph-title":"Example","section-title":"Methods of Computation","para-num-of-sentences":"4"}}}{"expression":{"xml-id":"C19.S36.Px1.p3.m2","tex":"$k^{2}$","context":{"sentence-num-in-corpus":"11724","sentence-xmlid":"C19.S36.Px1.p3.s3","chapter-title":"Elliptic Integrals","chapter-xmlid":"C19","paragraph-xmlid":"C19.S36.Px1","sentence-num-in-chapter":"627","section-xmlid":"C19.S36","sentence-num-in-section":"21","para-xmlid":"C19.S36.Px1.p3","subsection-title":"Duplication Method","subsection-xmlid":"C19.S36.SS1","paragraph-title":"Example","section-title":"Methods of Computation","para-num-of-sentences":"4"}}}{"expression":{"xml-id":"C19.S36.Px1.p3.m3","tex":"$\\phi>\\pi\/4$","context":{"sentence-num-in-corpus":"11724","sentence-xmlid":"C19.S36.Px1.p3.s3","chapter-title":"Elliptic Integrals","chapter-xmlid":"C19","paragraph-xmlid":"C19.S36.Px1","sentence-num-in-chapter":"627","section-xmlid":"C19.S36","sentence-num-in-section":"21","para-xmlid":"C19.S36.Px1.p3","subsection-title":"Duplication Method","subsection-xmlid":"C19.S36.SS1","paragraph-title":"Example","section-title":"Methods of Computation","para-num-of-sentences":"4"}}}{"expression":{"xml-id":"C19.S36.Px1.p4.m1","tex":"$F\\left(\\phi,k\\right)-E\\left(\\phi,k\\right)$","context":{"sentence-num-in-corpus":"11726","sentence-xmlid":"C19.S36.Px1.p4.s1","chapter-title":"Elliptic Integrals","chapter-xmlid":"C19","paragraph-xmlid":"C19.S36.Px1","sentence-num-in-chapter":"629","section-xmlid":"C19.S36","sentence-num-in-section":"23","para-xmlid":"C19.S36.Px1.p4","subsection-title":"Duplication Method","subsection-xmlid":"C19.S36.SS1","paragraph-title":"Example","section-title":"Methods of Computation","para-num-of-sentences":"1"},"content-tex":"$\\incellintFk@{\\phi}{k}-\\incellintEk@{\\phi}{k}$"}}{"expression":{"xml-id":"C19.S36.Px1.p4.m2","tex":"$k^{2}$","context":{"sentence-num-in-corpus":"11726","sentence-xmlid":"C19.S36.Px1.p4.s1","chapter-title":"Elliptic Integrals","chapter-xmlid":"C19","paragraph-xmlid":"C19.S36.Px1","sentence-num-in-chapter":"629","section-xmlid":"C19.S36","sentence-num-in-section":"23","para-xmlid":"C19.S36.Px1.p4","subsection-title":"Duplication Method","subsection-xmlid":"C19.S36.SS1","paragraph-title":"Example","section-title":"Methods of Computation","para-num-of-sentences":"1"}}}{"expression":{"xml-id":"C19.S36.Px1.p4.m3","tex":"$R_{D}$","context":{"sentence-num-in-corpus":"11726","sentence-xmlid":"C19.S36.Px1.p4.s1","chapter-title":"Elliptic Integrals","chapter-xmlid":"C19","paragraph-xmlid":"C19.S36.Px1","sentence-num-in-chapter":"629","section-xmlid":"C19.S36","sentence-num-in-section":"23","para-xmlid":"C19.S36.Px1.p4","subsection-title":"Duplication Method","subsection-xmlid":"C19.S36.SS1","paragraph-title":"Example","section-title":"Methods of Computation","para-num-of-sentences":"1"},"content-tex":"$\\CarlsonsymellintRD$"}}{"expression":{"xml-id":"C19.S36.SS2.info.m1","tex":"$(x^{2},y^{2},z^{2})=(t_{n}^{2},t_{n}^{2}+\\theta c_{n}^{2},t_{n}^{2}+\\theta a_{ n}^{2})$","context":{"chapter-title":"Elliptic Integrals","chapter-xmlid":"C19"}}}{"expression":{"xml-id":"C19.S36.SS2.info.m2","tex":"$(a^{2},z_{-}^{2},z_{+}^{2})=(t_{n+1}^{2},t_{n+1}^{2}+\\theta c_{n+1}^{2},t_{n+1 }^{2}+\\theta a_{n+1}^{2})$","context":{"chapter-title":"Elliptic Integrals","chapter-xmlid":"C19"}}}{"expression":{"xml-id":"C19.S36.SS2.info.m3","tex":"$z_{\\pm}^{2}-a^{2}$","context":{"chapter-title":"Elliptic Integrals","chapter-xmlid":"C19"}}}{"expression":{"xml-id":"C19.S36.SS2.info.m4","tex":"$a$","context":{"chapter-title":"Elliptic Integrals","chapter-xmlid":"C19"}}}{"expression":{"xml-id":"C19.S36.SS2.p2.m1","tex":"$R_{F}\\left(x,y,z\\right)$","context":{"sentence-num-in-corpus":"11728","subsection-xmlid":"C19.S36.SS2","sentence-xmlid":"C19.S36.SS2.p2.s1","chapter-title":"Elliptic Integrals","chapter-xmlid":"C19","section-title":"Methods of Computation","sentence-num-in-chapter":"631","section-xmlid":"C19.S36","sentence-num-in-section":"25","para-num-of-sentences":"5","para-xmlid":"C19.S36.SS2.p2","subsection-title":"Quadratic Transformations"},"content-tex":"$\\CarlsonsymellintRF@{x}{y}{z}$"}}{"expression":{"xml-id":"C19.S36.SS2.p2.m2","tex":"$R_{G}\\left(x,y,z\\right)$","context":{"sentence-num-in-corpus":"11728","subsection-xmlid":"C19.S36.SS2","sentence-xmlid":"C19.S36.SS2.p2.s1","chapter-title":"Elliptic Integrals","chapter-xmlid":"C19","section-title":"Methods of Computation","sentence-num-in-chapter":"631","section-xmlid":"C19.S36","sentence-num-in-section":"25","para-num-of-sentences":"5","para-xmlid":"C19.S36.SS2.p2","subsection-title":"Quadratic Transformations"},"content-tex":"$\\CarlsonsymellintRG@{x}{y}{z}$"}}{"expression":{"xml-id":"C19.S36.SS2.p2.m3","tex":"$R_{C}$","context":{"sentence-num-in-corpus":"11728","subsection-xmlid":"C19.S36.SS2","sentence-xmlid":"C19.S36.SS2.p2.s1","chapter-title":"Elliptic Integrals","chapter-xmlid":"C19","section-title":"Methods of Computation","sentence-num-in-chapter":"631","section-xmlid":"C19.S36","sentence-num-in-section":"25","para-num-of-sentences":"5","para-xmlid":"C19.S36.SS2.p2","subsection-title":"Quadratic Transformations"},"content-tex":"$\\CarlsonellintRC$"}}{"expression":{"xml-id":"C19.S36.SS2.p2.m4","tex":"$R_{G}$","context":{"sentence-num-in-corpus":"11728","subsection-xmlid":"C19.S36.SS2","sentence-xmlid":"C19.S36.SS2.p2.s1","chapter-title":"Elliptic Integrals","chapter-xmlid":"C19","section-title":"Methods of Computation","sentence-num-in-chapter":"631","section-xmlid":"C19.S36","sentence-num-in-section":"25","para-num-of-sentences":"5","para-xmlid":"C19.S36.SS2.p2","subsection-title":"Quadratic Transformations"},"content-tex":"$\\CarlsonsymellintRG$"}}{"expression":{"xml-id":"C19.S36.SS2.p2.m5","tex":"$k$","context":{"sentence-num-in-corpus":"11729","subsection-xmlid":"C19.S36.SS2","sentence-xmlid":"C19.S36.SS2.p2.s2","chapter-title":"Elliptic Integrals","chapter-xmlid":"C19","section-title":"Methods of Computation","sentence-num-in-chapter":"632","section-xmlid":"C19.S36","sentence-num-in-section":"26","para-num-of-sentences":"5","para-xmlid":"C19.S36.SS2.p2","subsection-title":"Quadratic Transformations"}}}{"equation":{"symbols-used":[{"symbol":{"tex":"$n$","meaning":"nonnegative integer","idref":"C19.S1.p1.t1.r1"}}],"context":{"sentence-num-in-corpus":"11729","subsection-xmlid":"C19.S36.SS2","sentence-xmlid":"C19.S36.SS2.p2.s2","chapter-title":"Elliptic Integrals","chapter-xmlid":"C19","section-title":"Methods of Computation","sentence-num-in-chapter":"632","section-xmlid":"C19.S36","sentence-num-in-section":"26","para-num-of-sentences":"5","para-xmlid":"C19.S36.SS2.p2","subsection-title":"Quadratic Transformations"},"permalink":"http:\/\/dlmf.nist.gov\/19.36.E6","equation-number":"19.36.6","subequations":[{"subequation":{"xml-id":"C19.S36.Ex1","tex":"$2a_{n+1}=a_{n}+\\sqrt{a_{n}^{2}-c_{n}^{2}},$","context":{"chapter-title":"Elliptic Integrals","chapter-xmlid":"C19"}}},{"subequation":{"xml-id":"C19.S36.Ex2","tex":"$2c_{n+1}=a_{n}-\\sqrt{a_{n}^{2}-c_{n}^{2}}=c_{n}^{2}\/(2a_{n+1}),$","context":{"chapter-title":"Elliptic Integrals","chapter-xmlid":"C19"}}},{"subequation":{"xml-id":"C19.S36.Ex3","tex":"$2t_{n+1}=t_{n}+\\sqrt{t_{n}^{2}+\\theta c_{n}^{2}},$","context":{"chapter-title":"Elliptic Integrals","chapter-xmlid":"C19"}}}]}}{"expression":{"xml-id":"C19.S1.XMD3.m1dec","tex":"$n$","context":{"chapter-title":"Elliptic Integrals","chapter-xmlid":"C19"}}}{"expression":{"xml-id":"C19.S36.SS2.p2.m6","tex":"$n=0,1,2,\\dots$","context":{"sentence-num-in-corpus":"11729","subsection-xmlid":"C19.S36.SS2","sentence-xmlid":"C19.S36.SS2.p2.s2","chapter-title":"Elliptic Integrals","chapter-xmlid":"C19","section-title":"Methods of Computation","sentence-num-in-chapter":"632","section-xmlid":"C19.S36","sentence-num-in-section":"26","para-num-of-sentences":"5","para-xmlid":"C19.S36.SS2.p2","subsection-title":"Quadratic Transformations"}}}{"equation":{"context":{"sentence-num-in-corpus":"11729","subsection-xmlid":"C19.S36.SS2","sentence-xmlid":"C19.S36.SS2.p2.s2","chapter-title":"Elliptic Integrals","chapter-xmlid":"C19","section-title":"Methods of Computation","sentence-num-in-chapter":"632","section-xmlid":"C19.S36","sentence-num-in-section":"26","para-num-of-sentences":"5","para-xmlid":"C19.S36.SS2.p2","subsection-title":"Quadratic Transformations"},"permalink":"http:\/\/dlmf.nist.gov\/19.36.E7","equation-number":"19.36.7","subequations":[{"subequation":{"xml-id":"C19.S36.Ex4","tex":"$0<c_{0}<a_{0},$","context":{"chapter-title":"Elliptic Integrals","chapter-xmlid":"C19"}}},{"subequation":{"xml-id":"C19.S36.Ex5","tex":"$t_{0}\\geq 0,$","context":{"chapter-title":"Elliptic Integrals","chapter-xmlid":"C19"}}},{"subequation":{"xml-id":"C19.S36.Ex6","tex":"$t_{0}^{2}+\\theta a_{0}^{2}\\geq 0,$","context":{"chapter-title":"Elliptic Integrals","chapter-xmlid":"C19"}}},{"subequation":{"xml-id":"C19.S36.Ex7","tex":"$\\theta=\\pm 1.$","context":{"chapter-title":"Elliptic Integrals","chapter-xmlid":"C19"}}}]}}{"equation":{"symbols-used":[{"symbol":{"tex":"$R_{F}\\left(\\NVar{x},\\NVar{y},\\NVar{z}\\right)$","meaning":"symmetric elliptic integral of first kind","idref":"C19.S16.E1","content-tex":"$\\CarlsonsymellintRF@{\\NVar{x}}{\\NVar{y}}{\\NVar{z}}$"}},{"symbol":{"tex":"$n$","meaning":"nonnegative integer","idref":"C19.S1.p1.t1.r1"}}],"xml-id":"C19.S36.E8","tex":"$R_{F}\\left(t_{n}^{2},t_{n}^{2}+\\theta c_{n}^{2},t_{n}^{2}+\\theta a_{n}^{2}\\right)$","context":{"sentence-num-in-corpus":"11730","subsection-xmlid":"C19.S36.SS2","sentence-xmlid":"C19.S36.SS2.p2.s3","chapter-title":"Elliptic Integrals","chapter-xmlid":"C19","section-title":"Methods of Computation","sentence-num-in-chapter":"633","section-xmlid":"C19.S36","sentence-num-in-section":"27","para-num-of-sentences":"5","para-xmlid":"C19.S36.SS2.p2","subsection-title":"Quadratic Transformations"},"permalink":"http:\/\/dlmf.nist.gov\/19.36.E8","equation-number":"19.36.8","content-tex":"$\\CarlsonsymellintRF@{t_{n}^{2}}{t_{n}^{2}+\\theta c_{n}^{2}}{t_{n}^{2}+\\theta a _{n}^{2}}$"}}{"expression":{"xml-id":"C19.S36.SS2.p2.m7","tex":"$n$","context":{"sentence-num-in-corpus":"11730","subsection-xmlid":"C19.S36.SS2","sentence-xmlid":"C19.S36.SS2.p2.s3","chapter-title":"Elliptic Integrals","chapter-xmlid":"C19","section-title":"Methods of Computation","sentence-num-in-chapter":"633","section-xmlid":"C19.S36","sentence-num-in-section":"27","para-num-of-sentences":"5","para-xmlid":"C19.S36.SS2.p2","subsection-title":"Quadratic Transformations"}}}{"expression":{"xml-id":"C19.S36.SS2.p2.m8","tex":"$n\\to\\infty$","context":{"sentence-num-in-corpus":"11731","subsection-xmlid":"C19.S36.SS2","sentence-xmlid":"C19.S36.SS2.p2.s4","chapter-title":"Elliptic Integrals","chapter-xmlid":"C19","section-title":"Methods of Computation","sentence-num-in-chapter":"634","section-xmlid":"C19.S36","sentence-num-in-section":"28","para-num-of-sentences":"5","para-xmlid":"C19.S36.SS2.p2","subsection-title":"Quadratic Transformations"}}}{"expression":{"xml-id":"C19.S36.SS2.p2.m9","tex":"$c_{n}$","context":{"sentence-num-in-corpus":"11731","subsection-xmlid":"C19.S36.SS2","sentence-xmlid":"C19.S36.SS2.p2.s4","chapter-title":"Elliptic Integrals","chapter-xmlid":"C19","section-title":"Methods of Computation","sentence-num-in-chapter":"634","section-xmlid":"C19.S36","sentence-num-in-section":"28","para-num-of-sentences":"5","para-xmlid":"C19.S36.SS2.p2","subsection-title":"Quadratic Transformations"}}}{"expression":{"xml-id":"C19.S36.SS2.p2.m10","tex":"$a_{n}$","context":{"sentence-num-in-corpus":"11731","subsection-xmlid":"C19.S36.SS2","sentence-xmlid":"C19.S36.SS2.p2.s4","chapter-title":"Elliptic Integrals","chapter-xmlid":"C19","section-title":"Methods of Computation","sentence-num-in-chapter":"634","section-xmlid":"C19.S36","sentence-num-in-section":"28","para-num-of-sentences":"5","para-xmlid":"C19.S36.SS2.p2","subsection-title":"Quadratic Transformations"}}}{"expression":{"xml-id":"C19.S36.SS2.p2.m11","tex":"$t_{n}$","context":{"sentence-num-in-corpus":"11731","subsection-xmlid":"C19.S36.SS2","sentence-xmlid":"C19.S36.SS2.p2.s4","chapter-title":"Elliptic Integrals","chapter-xmlid":"C19","section-title":"Methods of Computation","sentence-num-in-chapter":"634","section-xmlid":"C19.S36","sentence-num-in-section":"28","para-num-of-sentences":"5","para-xmlid":"C19.S36.SS2.p2","subsection-title":"Quadratic Transformations"}}}{"expression":{"xml-id":"C19.S36.XMD1.m1","tex":"$M$","context":{"chapter-title":"Elliptic Integrals","chapter-xmlid":"C19"}}}{"expression":{"xml-id":"C19.S36.XMD2.m1","tex":"$T$","context":{"chapter-title":"Elliptic Integrals","chapter-xmlid":"C19"}}}{"expression":{"xml-id":"C19.S36.SS2.p2.m12","tex":"$0$","context":{"sentence-num-in-corpus":"11731","subsection-xmlid":"C19.S36.SS2","sentence-xmlid":"C19.S36.SS2.p2.s4","chapter-title":"Elliptic Integrals","chapter-xmlid":"C19","section-title":"Methods of Computation","sentence-num-in-chapter":"634","section-xmlid":"C19.S36","sentence-num-in-section":"28","para-num-of-sentences":"5","para-xmlid":"C19.S36.SS2.p2","subsection-title":"Quadratic Transformations"}}}{"expression":{"xml-id":"C19.S36.SS2.p2.m13","tex":"$M$","context":{"sentence-num-in-corpus":"11731","subsection-xmlid":"C19.S36.SS2","sentence-xmlid":"C19.S36.SS2.p2.s4","chapter-title":"Elliptic Integrals","chapter-xmlid":"C19","section-title":"Methods of Computation","sentence-num-in-chapter":"634","section-xmlid":"C19.S36","sentence-num-in-section":"28","para-num-of-sentences":"5","para-xmlid":"C19.S36.SS2.p2","subsection-title":"Quadratic Transformations"}}}{"expression":{"xml-id":"C19.S36.SS2.p2.m14","tex":"$T$","context":{"sentence-num-in-corpus":"11731","subsection-xmlid":"C19.S36.SS2","sentence-xmlid":"C19.S36.SS2.p2.s4","chapter-title":"Elliptic Integrals","chapter-xmlid":"C19","section-title":"Methods of Computation","sentence-num-in-chapter":"634","section-xmlid":"C19.S36","sentence-num-in-section":"28","para-num-of-sentences":"5","para-xmlid":"C19.S36.SS2.p2","subsection-title":"Quadratic Transformations"}}}{"equation":{"symbols-used":[{"symbol":{"tex":"$R_{C}\\left(\\NVar{x},\\NVar{y}\\right)$","meaning":"Carlson\u2019s combination of inverse circular and inverse hyperbolic functions","idref":"C19.S2.E17","content-tex":"$\\CarlsonellintRC@{\\NVar{x}}{\\NVar{y}}$"}},{"symbol":{"tex":"$R_{F}\\left(\\NVar{x},\\NVar{y},\\NVar{z}\\right)$","meaning":"symmetric elliptic integral of first kind","idref":"C19.S16.E1","content-tex":"$\\CarlsonsymellintRF@{\\NVar{x}}{\\NVar{y}}{\\NVar{z}}$"}},{"symbol":{"tex":"$M$","meaning":"limit","idref":"C19.S36.SS2.p2"}},{"symbol":{"tex":"$T$","meaning":"limit","idref":"C19.S36.SS2.p2"}}],"xml-id":"C19.S36.E9","tex":"$R_{F}\\left(t_{0}^{2},t_{0}^{2}+\\theta c_{0}^{2},t_{0}^{2}+\\theta a_{0}^{2} \\right)=R_{F}\\left(T^{2},T^{2},T^{2}+\\theta M^{2}\\right)=R_{C}\\left(T^{2}+ \\theta M^{2},T^{2}\\right).$","context":{"sentence-num-in-corpus":"11731","subsection-xmlid":"C19.S36.SS2","sentence-xmlid":"C19.S36.SS2.p2.s4","chapter-title":"Elliptic Integrals","chapter-xmlid":"C19","section-title":"Methods of Computation","sentence-num-in-chapter":"634","section-xmlid":"C19.S36","sentence-num-in-section":"28","para-num-of-sentences":"5","para-xmlid":"C19.S36.SS2.p2","subsection-title":"Quadratic Transformations"},"permalink":"http:\/\/dlmf.nist.gov\/19.36.E9","equation-number":"19.36.9","content-tex":"$\\CarlsonsymellintRF@{t_{0}^{2}}{t_{0}^{2}+\\theta c_{0}^{2}}{t_{0}^{2}+\\theta a _{0}^{2}}=\\CarlsonsymellintRF@{T^{2}}{T^{2}}{T^{2}+\\theta M^{2}}= \\CarlsonellintRC@{T^{2}+\\theta M^{2}}{T^{2}}.$"}}{"expression":{"xml-id":"C19.S36.SS2.p2.m15","tex":"$t_{0}=a_{0}$","context":{"sentence-num-in-corpus":"11732","subsection-xmlid":"C19.S36.SS2","sentence-xmlid":"C19.S36.SS2.p2.s5","chapter-title":"Elliptic Integrals","chapter-xmlid":"C19","section-title":"Methods of Computation","sentence-num-in-chapter":"635","section-xmlid":"C19.S36","sentence-num-in-section":"29","para-num-of-sentences":"5","para-xmlid":"C19.S36.SS2.p2","subsection-title":"Quadratic Transformations"}}}{"expression":{"xml-id":"C19.S36.SS2.p2.m16","tex":"$\\theta=-1$","context":{"sentence-num-in-corpus":"11732","subsection-xmlid":"C19.S36.SS2","sentence-xmlid":"C19.S36.SS2.p2.s5","chapter-title":"Elliptic Integrals","chapter-xmlid":"C19","section-title":"Methods of Computation","sentence-num-in-chapter":"635","section-xmlid":"C19.S36","sentence-num-in-section":"29","para-num-of-sentences":"5","para-xmlid":"C19.S36.SS2.p2","subsection-title":"Quadratic Transformations"}}}{"expression":{"xml-id":"C19.S36.SS2.p2.m17","tex":"$t_{n}=a_{n}$","context":{"sentence-num-in-corpus":"11732","subsection-xmlid":"C19.S36.SS2","sentence-xmlid":"C19.S36.SS2.p2.s5","chapter-title":"Elliptic Integrals","chapter-xmlid":"C19","section-title":"Methods of Computation","sentence-num-in-chapter":"635","section-xmlid":"C19.S36","sentence-num-in-section":"29","para-num-of-sentences":"5","para-xmlid":"C19.S36.SS2.p2","subsection-title":"Quadratic Transformations"}}}{"expression":{"xml-id":"C19.S36.SS2.p3.m1","tex":"$n$","context":{"sentence-num-in-corpus":"11733","subsection-xmlid":"C19.S36.SS2","sentence-xmlid":"C19.S36.SS2.p3.s1","chapter-title":"Elliptic Integrals","chapter-xmlid":"C19","section-title":"Methods of Computation","sentence-num-in-chapter":"636","section-xmlid":"C19.S36","sentence-num-in-section":"30","para-num-of-sentences":"2","para-xmlid":"C19.S36.SS2.p3","subsection-title":"Quadratic Transformations"}}}{"expression":{"xml-id":"C19.S36.SS2.p3.m2","tex":"$n+1$","context":{"sentence-num-in-corpus":"11733","subsection-xmlid":"C19.S36.SS2","sentence-xmlid":"C19.S36.SS2.p3.s1","chapter-title":"Elliptic Integrals","chapter-xmlid":"C19","section-title":"Methods of Computation","sentence-num-in-chapter":"636","section-xmlid":"C19.S36","sentence-num-in-section":"30","para-num-of-sentences":"2","para-xmlid":"C19.S36.SS2.p3","subsection-title":"Quadratic Transformations"}}}{"expression":{"xml-id":"C19.S36.SS2.p3.m3","tex":"$\\theta=1$","context":{"sentence-num-in-corpus":"11733","subsection-xmlid":"C19.S36.SS2","sentence-xmlid":"C19.S36.SS2.p3.s1","chapter-title":"Elliptic Integrals","chapter-xmlid":"C19","section-title":"Methods of Computation","sentence-num-in-chapter":"636","section-xmlid":"C19.S36","sentence-num-in-section":"30","para-num-of-sentences":"2","para-xmlid":"C19.S36.SS2.p3","subsection-title":"Quadratic Transformations"}}}{"expression":{"xml-id":"C19.S36.SS2.p3.m4","tex":"$R_{C}$","context":{"sentence-num-in-corpus":"11733","subsection-xmlid":"C19.S36.SS2","sentence-xmlid":"C19.S36.SS2.p3.s1","chapter-title":"Elliptic Integrals","chapter-xmlid":"C19","section-title":"Methods of Computation","sentence-num-in-chapter":"636","section-xmlid":"C19.S36","sentence-num-in-section":"30","para-num-of-sentences":"2","para-xmlid":"C19.S36.SS2.p3","subsection-title":"Quadratic Transformations"},"content-tex":"$\\CarlsonellintRC$"}}{"expression":{"xml-id":"C19.S36.SS2.p3.m5","tex":"$\\theta=-1$","context":{"sentence-num-in-corpus":"11733","subsection-xmlid":"C19.S36.SS2","sentence-xmlid":"C19.S36.SS2.p3.s1","chapter-title":"Elliptic Integrals","chapter-xmlid":"C19","section-title":"Methods of Computation","sentence-num-in-chapter":"636","section-xmlid":"C19.S36","sentence-num-in-section":"30","para-num-of-sentences":"2","para-xmlid":"C19.S36.SS2.p3","subsection-title":"Quadratic Transformations"}}}{"expression":{"xml-id":"C19.S36.SS2.p3.m6","tex":"$R_{C}$","context":{"sentence-num-in-corpus":"11733","subsection-xmlid":"C19.S36.SS2","sentence-xmlid":"C19.S36.SS2.p3.s1","chapter-title":"Elliptic Integrals","chapter-xmlid":"C19","section-title":"Methods of Computation","sentence-num-in-chapter":"636","section-xmlid":"C19.S36","sentence-num-in-section":"30","para-num-of-sentences":"2","para-xmlid":"C19.S36.SS2.p3","subsection-title":"Quadratic Transformations"},"content-tex":"$\\CarlsonellintRC$"}}{"expression":{"xml-id":"C19.S36.SS2.p3.m7","tex":"$x$","context":{"sentence-num-in-corpus":"11734","subsection-xmlid":"C19.S36.SS2","sentence-xmlid":"C19.S36.SS2.p3.s2","chapter-title":"Elliptic Integrals","chapter-xmlid":"C19","section-title":"Methods of Computation","sentence-num-in-chapter":"637","section-xmlid":"C19.S36","sentence-num-in-section":"31","para-num-of-sentences":"2","para-xmlid":"C19.S36.SS2.p3","subsection-title":"Quadratic Transformations"}}}{"expression":{"xml-id":"C19.S36.SS2.p3.m8","tex":"$y$","context":{"sentence-num-in-corpus":"11734","subsection-xmlid":"C19.S36.SS2","sentence-xmlid":"C19.S36.SS2.p3.s2","chapter-title":"Elliptic Integrals","chapter-xmlid":"C19","section-title":"Methods of Computation","sentence-num-in-chapter":"637","section-xmlid":"C19.S36","sentence-num-in-section":"31","para-num-of-sentences":"2","para-xmlid":"C19.S36.SS2.p3","subsection-title":"Quadratic Transformations"}}}{"expression":{"xml-id":"C19.S36.SS2.p3.m9","tex":"$z$","context":{"sentence-num-in-corpus":"11734","subsection-xmlid":"C19.S36.SS2","sentence-xmlid":"C19.S36.SS2.p3.s2","chapter-title":"Elliptic Integrals","chapter-xmlid":"C19","section-title":"Methods of Computation","sentence-num-in-chapter":"637","section-xmlid":"C19.S36","sentence-num-in-section":"31","para-num-of-sentences":"2","para-xmlid":"C19.S36.SS2.p3","subsection-title":"Quadratic Transformations"}}}{"expression":{"xml-id":"C19.S36.SS2.p3.m10","tex":"$0\\leq x<y<z$","context":{"sentence-num-in-corpus":"11734","subsection-xmlid":"C19.S36.SS2","sentence-xmlid":"C19.S36.SS2.p3.s2","chapter-title":"Elliptic Integrals","chapter-xmlid":"C19","section-title":"Methods of Computation","sentence-num-in-chapter":"637","section-xmlid":"C19.S36","sentence-num-in-section":"31","para-num-of-sentences":"2","para-xmlid":"C19.S36.SS2.p3","subsection-title":"Quadratic Transformations"}}}{"expression":{"xml-id":"C19.S36.SS2.p3.m11","tex":"$R_{F}\\left(x,y,z\\right)$","context":{"sentence-num-in-corpus":"11734","subsection-xmlid":"C19.S36.SS2","sentence-xmlid":"C19.S36.SS2.p3.s2","chapter-title":"Elliptic Integrals","chapter-xmlid":"C19","section-title":"Methods of Computation","sentence-num-in-chapter":"637","section-xmlid":"C19.S36","sentence-num-in-section":"31","para-num-of-sentences":"2","para-xmlid":"C19.S36.SS2.p3","subsection-title":"Quadratic Transformations"},"content-tex":"$\\CarlsonsymellintRF@{x}{y}{z}$"}}{"expression":{"xml-id":"C19.S36.SS2.p3.m12","tex":"$c_{0}^{2}\\leq a_{0}^{2}\/2$","context":{"sentence-num-in-corpus":"11734","subsection-xmlid":"C19.S36.SS2","sentence-xmlid":"C19.S36.SS2.p3.s2","chapter-title":"Elliptic Integrals","chapter-xmlid":"C19","section-title":"Methods of Computation","sentence-num-in-chapter":"637","section-xmlid":"C19.S36","sentence-num-in-section":"31","para-num-of-sentences":"2","para-xmlid":"C19.S36.SS2.p3","subsection-title":"Quadratic Transformations"}}}{"expression":{"xml-id":"C19.S36.SS2.p3.m13","tex":"$\\theta=1$","context":{"sentence-num-in-corpus":"11734","subsection-xmlid":"C19.S36.SS2","sentence-xmlid":"C19.S36.SS2.p3.s2","chapter-title":"Elliptic Integrals","chapter-xmlid":"C19","section-title":"Methods of Computation","sentence-num-in-chapter":"637","section-xmlid":"C19.S36","sentence-num-in-section":"31","para-num-of-sentences":"2","para-xmlid":"C19.S36.SS2.p3","subsection-title":"Quadratic Transformations"}}}{"expression":{"xml-id":"C19.S36.SS2.p3.m14","tex":"$y<(x+z)\/2$","context":{"sentence-num-in-corpus":"11734","subsection-xmlid":"C19.S36.SS2","sentence-xmlid":"C19.S36.SS2.p3.s2","chapter-title":"Elliptic Integrals","chapter-xmlid":"C19","section-title":"Methods of Computation","sentence-num-in-chapter":"637","section-xmlid":"C19.S36","sentence-num-in-section":"31","para-num-of-sentences":"2","para-xmlid":"C19.S36.SS2.p3","subsection-title":"Quadratic Transformations"}}}{"expression":{"xml-id":"C19.S36.SS2.p3.m15","tex":"$\\theta=-1$","context":{"sentence-num-in-corpus":"11734","subsection-xmlid":"C19.S36.SS2","sentence-xmlid":"C19.S36.SS2.p3.s2","chapter-title":"Elliptic Integrals","chapter-xmlid":"C19","section-title":"Methods of Computation","sentence-num-in-chapter":"637","section-xmlid":"C19.S36","sentence-num-in-section":"31","para-num-of-sentences":"2","para-xmlid":"C19.S36.SS2.p3","subsection-title":"Quadratic Transformations"}}}{"expression":{"xml-id":"C19.S36.SS2.p3.m16","tex":"$y\\geq(x+z)\/2$","context":{"sentence-num-in-corpus":"11734","subsection-xmlid":"C19.S36.SS2","sentence-xmlid":"C19.S36.SS2.p3.s2","chapter-title":"Elliptic Integrals","chapter-xmlid":"C19","section-title":"Methods of Computation","sentence-num-in-chapter":"637","section-xmlid":"C19.S36","sentence-num-in-section":"31","para-num-of-sentences":"2","para-xmlid":"C19.S36.SS2.p3","subsection-title":"Quadratic Transformations"}}}{"expression":{"xml-id":"C19.S36.Px2.p1.m1","tex":"$R_{F}\\left(1,2,4\\right)$","context":{"sentence-num-in-corpus":"11735","sentence-xmlid":"C19.S36.Px2.p1.s1","chapter-title":"Elliptic Integrals","chapter-xmlid":"C19","paragraph-xmlid":"C19.S36.Px2","sentence-num-in-chapter":"638","section-xmlid":"C19.S36","sentence-num-in-section":"32","para-xmlid":"C19.S36.Px2.p1","subsection-title":"Quadratic Transformations","subsection-xmlid":"C19.S36.SS2","paragraph-title":"Example","section-title":"Methods of Computation","para-num-of-sentences":"4"},"content-tex":"$\\CarlsonsymellintRF@{1}{2}{4}$"}}{"expression":{"xml-id":"C19.S36.Px2.p1.m2","tex":"$\\theta=1$","context":{"sentence-num-in-corpus":"11735","sentence-xmlid":"C19.S36.Px2.p1.s1","chapter-title":"Elliptic Integrals","chapter-xmlid":"C19","paragraph-xmlid":"C19.S36.Px2","sentence-num-in-chapter":"638","section-xmlid":"C19.S36","sentence-num-in-section":"32","para-xmlid":"C19.S36.Px2.p1","subsection-title":"Quadratic Transformations","subsection-xmlid":"C19.S36.SS2","paragraph-title":"Example","section-title":"Methods of Computation","para-num-of-sentences":"4"}}}{"expression":{"xml-id":"C19.S36.Px2.p1.m3","tex":"$t_{0}=c_{0}=1$","context":{"sentence-num-in-corpus":"11735","sentence-xmlid":"C19.S36.Px2.p1.s1","chapter-title":"Elliptic Integrals","chapter-xmlid":"C19","paragraph-xmlid":"C19.S36.Px2","sentence-num-in-chapter":"638","section-xmlid":"C19.S36","sentence-num-in-section":"32","para-xmlid":"C19.S36.Px2.p1","subsection-title":"Quadratic Transformations","subsection-xmlid":"C19.S36.SS2","paragraph-title":"Example","section-title":"Methods of Computation","para-num-of-sentences":"4"}}}{"expression":{"xml-id":"C19.S36.Px2.p1.m4","tex":"$a_{0}=\\sqrt{3}$","context":{"sentence-num-in-corpus":"11735","sentence-xmlid":"C19.S36.Px2.p1.s1","chapter-title":"Elliptic Integrals","chapter-xmlid":"C19","paragraph-xmlid":"C19.S36.Px2","sentence-num-in-chapter":"638","section-xmlid":"C19.S36","sentence-num-in-section":"32","para-xmlid":"C19.S36.Px2.p1","subsection-title":"Quadratic Transformations","subsection-xmlid":"C19.S36.SS2","paragraph-title":"Example","section-title":"Methods of Computation","para-num-of-sentences":"4"}}}{"equation":{"symbols-used":[{"symbol":{"tex":"$M$","meaning":"limit","idref":"C19.S36.SS2.p2"}},{"symbol":{"tex":"$T$","meaning":"limit","idref":"C19.S36.SS2.p2"}}],"context":{"sentence-num-in-corpus":"11736","sentence-xmlid":"C19.S36.Px2.p1.s2","chapter-title":"Elliptic Integrals","chapter-xmlid":"C19","paragraph-xmlid":"C19.S36.Px2","sentence-num-in-chapter":"639","section-xmlid":"C19.S36","sentence-num-in-section":"33","para-xmlid":"C19.S36.Px2.p1","subsection-title":"Quadratic Transformations","subsection-xmlid":"C19.S36.SS2","paragraph-title":"Example","section-title":"Methods of Computation","para-num-of-sentences":"4"},"permalink":"http:\/\/dlmf.nist.gov\/19.36.E10","equation-number":"19.36.10","subequations":[{"subequation":{"xml-id":"C19.S36.Ex8","tex":"$c_{3}^{2}=\\Sci{6.65}{-12},$","context":{"chapter-title":"Elliptic Integrals","chapter-xmlid":"C19"}}},{"subequation":{"xml-id":"C19.S36.Ex9","tex":"$a_{3}^{2}=2.46209\\;30206\\;0=M^{2},$","context":{"chapter-title":"Elliptic Integrals","chapter-xmlid":"C19"}}},{"subequation":{"xml-id":"C19.S36.Ex10","tex":"$t_{3}^{2}=1.46971\\;53173\\;1=T^{2}.$","context":{"chapter-title":"Elliptic Integrals","chapter-xmlid":"C19"}}}]}}{"expression":{"xml-id":"C19.S36.XMD1.m1adec","tex":"$M$","context":{"chapter-title":"Elliptic Integrals","chapter-xmlid":"C19"}}}{"expression":{"xml-id":"C19.S36.XMD2.m1adec","tex":"$T$","context":{"chapter-title":"Elliptic Integrals","chapter-xmlid":"C19"}}}{"equation":{"symbols-used":[{"symbol":{"tex":"$R_{C}\\left(\\NVar{x},\\NVar{y}\\right)$","meaning":"Carlson\u2019s combination of inverse circular and inverse hyperbolic functions","idref":"C19.S2.E17","content-tex":"$\\CarlsonellintRC@{\\NVar{x}}{\\NVar{y}}$"}},{"symbol":{"tex":"$R_{F}\\left(\\NVar{x},\\NVar{y},\\NVar{z}\\right)$","meaning":"symmetric elliptic integral of first kind","idref":"C19.S16.E1","content-tex":"$\\CarlsonsymellintRF@{\\NVar{x}}{\\NVar{y}}{\\NVar{z}}$"}},{"symbol":{"tex":"$M$","meaning":"limit","idref":"C19.S36.SS2.p2"}},{"symbol":{"tex":"$T$","meaning":"limit","idref":"C19.S36.SS2.p2"}}],"xml-id":"C19.S36.E11","tex":"$R_{F}\\left(1,2,4\\right)=R_{C}\\left(T^{2}+M^{2},T^{2}\\right)=0.68508\\;58166,$","context":{"sentence-num-in-corpus":"11737","sentence-xmlid":"C19.S36.Px2.p1.s3","chapter-title":"Elliptic Integrals","chapter-xmlid":"C19","paragraph-xmlid":"C19.S36.Px2","sentence-num-in-chapter":"640","section-xmlid":"C19.S36","sentence-num-in-section":"34","para-xmlid":"C19.S36.Px2.p1","subsection-title":"Quadratic Transformations","subsection-xmlid":"C19.S36.SS2","paragraph-title":"Example","section-title":"Methods of Computation","para-num-of-sentences":"4"},"permalink":"http:\/\/dlmf.nist.gov\/19.36.E11","equation-number":"19.36.11","content-tex":"$\\CarlsonsymellintRF@{1}{2}{4}=\\CarlsonellintRC@{T^{2}+M^{2}}{T^{2}}=0.68508\\;5 8166,$"}}{"expression":{"xml-id":"C19.S36.Px2.p1.m5","tex":"$R_{C}$","context":{"sentence-num-in-corpus":"11738","sentence-xmlid":"C19.S36.Px2.p1.s4","chapter-title":"Elliptic Integrals","chapter-xmlid":"C19","paragraph-xmlid":"C19.S36.Px2","sentence-num-in-chapter":"641","section-xmlid":"C19.S36","sentence-num-in-section":"35","para-xmlid":"C19.S36.Px2.p1","subsection-title":"Quadratic Transformations","subsection-xmlid":"C19.S36.SS2","paragraph-title":"Example","section-title":"Methods of Computation","para-num-of-sentences":"4"},"content-tex":"$\\CarlsonellintRC$"}}{"expression":{"xml-id":"C19.S36.XMD3.m1","tex":"$h_{n}$","context":{"chapter-title":"Elliptic Integrals","chapter-xmlid":"C19"}}}{"equation":{"symbols-used":[{"symbol":{"tex":"$n$","meaning":"nonnegative integer","idref":"C19.S1.p1.t1.r1"}},null],"context":{"sentence-num-in-corpus":"11739","sentence-xmlid":"C19.S36.Px2.p3.s1","chapter-title":"Elliptic Integrals","chapter-xmlid":"C19","paragraph-xmlid":"C19.S36.Px2","sentence-num-in-chapter":"642","section-xmlid":"C19.S36","sentence-num-in-section":"36","para-xmlid":"C19.S36.Px2.p3","subsection-title":"Quadratic Transformations","subsection-xmlid":"C19.S36.SS2","paragraph-title":"Example","section-title":"Methods of Computation","para-num-of-sentences":"3"},"permalink":"http:\/\/dlmf.nist.gov\/19.36.E12","equation-number":"19.36.12","subequations":[{"subequation":{"xml-id":"C19.S36.Ex11","tex":"$h_{n}=\\sqrt{t_{n}^{2}+\\theta a_{n}^{2}},$","context":{"chapter-title":"Elliptic Integrals","chapter-xmlid":"C19"},"constraints":{"tex":"$n=0,1,2,\\dots$,"}}},{"subequation":{"xml-id":"C19.S36.Ex12","tex":"$h_{n}=h_{n-1}\\frac{t_{n}}{\\sqrt{t_{n}^{2}+\\theta c_{n}^{2}}},$","context":{"chapter-title":"Elliptic Integrals","chapter-xmlid":"C19"},"constraints":{"tex":"$n=1,2,\\dots$."}}}]}}{"expression":{"xml-id":"C19.S1.XMD3.m1bdec","tex":"$n$","context":{"chapter-title":"Elliptic Integrals","chapter-xmlid":"C19"}}}{"expression":{"xml-id":"C19.S36.XMD3.m1dec","tex":"$h_{n}$","context":{"chapter-title":"Elliptic Integrals","chapter-xmlid":"C19"}}}{"equation":{"symbols-used":[{"symbol":{"tex":"$R_{C}\\left(\\NVar{x},\\NVar{y}\\right)$","meaning":"Carlson\u2019s combination of inverse circular and inverse hyperbolic functions","idref":"C19.S2.E17","content-tex":"$\\CarlsonellintRC@{\\NVar{x}}{\\NVar{y}}$"}},{"symbol":{"tex":"$R_{G}\\left(\\NVar{x},\\NVar{y},\\NVar{z}\\right)$","meaning":"symmetric elliptic integral of second kind","idref":"C19.S16.E3","content-tex":"$\\CarlsonsymellintRG@{\\NVar{x}}{\\NVar{y}}{\\NVar{z}}$"}},{"symbol":{"tex":"$m$","meaning":"nonnegative integer","idref":"C19.S1.p1.t1.r1"}},{"symbol":{"tex":"$M$","meaning":"limit","idref":"C19.S36.SS2.p2"}},{"symbol":{"tex":"$T$","meaning":"limit","idref":"C19.S36.SS2.p2"}},null],"xml-id":"C19.S36.E13","tex":"$2R_{G}\\left(t_{0}^{2},t_{0}^{2}+\\theta c_{0}^{2},t_{0}^{2}+\\theta a_{0}^{2} \\right)=\\left(t_{0}^{2}+\\theta\\sum_{m=0}^{\\infty}2^{m-1}c_{m}^{2}\\right)R_{C} \\left(T^{2}+\\theta M^{2},T^{2}\\right)+h_{0}+\\sum_{m=1}^{\\infty}2^{m}(h_{m}-h_{ m-1}).$","context":{"sentence-num-in-corpus":"11740","sentence-xmlid":"C19.S36.Px2.p3.s2","chapter-title":"Elliptic Integrals","chapter-xmlid":"C19","paragraph-xmlid":"C19.S36.Px2","sentence-num-in-chapter":"643","section-xmlid":"C19.S36","sentence-num-in-section":"37","para-xmlid":"C19.S36.Px2.p3","subsection-title":"Quadratic Transformations","subsection-xmlid":"C19.S36.SS2","paragraph-title":"Example","section-title":"Methods of Computation","para-num-of-sentences":"3"},"permalink":"http:\/\/dlmf.nist.gov\/19.36.E13","equation-number":"19.36.13","content-tex":"$2\\CarlsonsymellintRG@{t_{0}^{2}}{t_{0}^{2}+\\theta c_{0}^{2}}{t_{0}^{2}+\\theta a _{0}^{2}}=\\left(t_{0}^{2}+\\theta\\sum_{m=0}^{\\infty}2^{m-1}c_{m}^{2}\\right) \\CarlsonellintRC@{T^{2}+\\theta M^{2}}{T^{2}}+h_{0}+\\sum_{m=1}^{\\infty}2^{m}(h_ {m}-h_{m-1}).$"}}{"expression":{"xml-id":"C19.S36.Px2.p3.m1","tex":"$c_{s}<\\sqrt{r}t_{s}$","context":{"sentence-num-in-corpus":"11741","sentence-xmlid":"C19.S36.Px2.p3.s3","chapter-title":"Elliptic Integrals","chapter-xmlid":"C19","paragraph-xmlid":"C19.S36.Px2","sentence-num-in-chapter":"644","section-xmlid":"C19.S36","sentence-num-in-section":"38","para-xmlid":"C19.S36.Px2.p3","subsection-title":"Quadratic Transformations","subsection-xmlid":"C19.S36.SS2","paragraph-title":"Example","section-title":"Methods of Computation","para-num-of-sentences":"3"}}}{"expression":{"xml-id":"C19.S36.Px2.p3.m2","tex":"$M$","context":{"sentence-num-in-corpus":"11741","sentence-xmlid":"C19.S36.Px2.p3.s3","chapter-title":"Elliptic Integrals","chapter-xmlid":"C19","paragraph-xmlid":"C19.S36.Px2","sentence-num-in-chapter":"644","section-xmlid":"C19.S36","sentence-num-in-section":"38","para-xmlid":"C19.S36.Px2.p3","subsection-title":"Quadratic Transformations","subsection-xmlid":"C19.S36.SS2","paragraph-title":"Example","section-title":"Methods of Computation","para-num-of-sentences":"3"}}}{"expression":{"xml-id":"C19.S36.Px2.p3.m3","tex":"$T$","context":{"sentence-num-in-corpus":"11741","sentence-xmlid":"C19.S36.Px2.p3.s3","chapter-title":"Elliptic Integrals","chapter-xmlid":"C19","paragraph-xmlid":"C19.S36.Px2","sentence-num-in-chapter":"644","section-xmlid":"C19.S36","sentence-num-in-section":"38","para-xmlid":"C19.S36.Px2.p3","subsection-title":"Quadratic Transformations","subsection-xmlid":"C19.S36.SS2","paragraph-title":"Example","section-title":"Methods of Computation","para-num-of-sentences":"3"}}}{"expression":{"xml-id":"C19.S36.Px2.p3.m4","tex":"$a_{s}$","context":{"sentence-num-in-corpus":"11741","sentence-xmlid":"C19.S36.Px2.p3.s3","chapter-title":"Elliptic Integrals","chapter-xmlid":"C19","paragraph-xmlid":"C19.S36.Px2","sentence-num-in-chapter":"644","section-xmlid":"C19.S36","sentence-num-in-section":"38","para-xmlid":"C19.S36.Px2.p3","subsection-title":"Quadratic Transformations","subsection-xmlid":"C19.S36.SS2","paragraph-title":"Example","section-title":"Methods of Computation","para-num-of-sentences":"3"}}}{"expression":{"xml-id":"C19.S36.Px2.p3.m5","tex":"$t_{s}$","context":{"sentence-num-in-corpus":"11741","sentence-xmlid":"C19.S36.Px2.p3.s3","chapter-title":"Elliptic Integrals","chapter-xmlid":"C19","paragraph-xmlid":"C19.S36.Px2","sentence-num-in-chapter":"644","section-xmlid":"C19.S36","sentence-num-in-section":"38","para-xmlid":"C19.S36.Px2.p3","subsection-title":"Quadratic Transformations","subsection-xmlid":"C19.S36.SS2","paragraph-title":"Example","section-title":"Methods of Computation","para-num-of-sentences":"3"}}}{"expression":{"xml-id":"C19.S36.Px2.p3.m6","tex":"$R_{F}$","context":{"sentence-num-in-corpus":"11741","sentence-xmlid":"C19.S36.Px2.p3.s3","chapter-title":"Elliptic Integrals","chapter-xmlid":"C19","paragraph-xmlid":"C19.S36.Px2","sentence-num-in-chapter":"644","section-xmlid":"C19.S36","sentence-num-in-section":"38","para-xmlid":"C19.S36.Px2.p3","subsection-title":"Quadratic Transformations","subsection-xmlid":"C19.S36.SS2","paragraph-title":"Example","section-title":"Methods of Computation","para-num-of-sentences":"3"},"content-tex":"$\\CarlsonsymellintRF$"}}{"expression":{"xml-id":"C19.S36.Px2.p3.m7","tex":"$R_{G}$","context":{"sentence-num-in-corpus":"11741","sentence-xmlid":"C19.S36.Px2.p3.s3","chapter-title":"Elliptic Integrals","chapter-xmlid":"C19","paragraph-xmlid":"C19.S36.Px2","sentence-num-in-chapter":"644","section-xmlid":"C19.S36","sentence-num-in-section":"38","para-xmlid":"C19.S36.Px2.p3","subsection-title":"Quadratic Transformations","subsection-xmlid":"C19.S36.SS2","paragraph-title":"Example","section-title":"Methods of Computation","para-num-of-sentences":"3"},"content-tex":"$\\CarlsonsymellintRG$"}}{"expression":{"xml-id":"C19.S36.Px2.p3.m8","tex":"$r$","context":{"sentence-num-in-corpus":"11741","sentence-xmlid":"C19.S36.Px2.p3.s3","chapter-title":"Elliptic Integrals","chapter-xmlid":"C19","paragraph-xmlid":"C19.S36.Px2","sentence-num-in-chapter":"644","section-xmlid":"C19.S36","sentence-num-in-section":"38","para-xmlid":"C19.S36.Px2.p3","subsection-title":"Quadratic Transformations","subsection-xmlid":"C19.S36.SS2","paragraph-title":"Example","section-title":"Methods of Computation","para-num-of-sentences":"3"}}}{"expression":{"xml-id":"C19.S36.Px2.p3.m9","tex":"$r^{2}$","context":{"sentence-num-in-corpus":"11741","sentence-xmlid":"C19.S36.Px2.p3.s3","chapter-title":"Elliptic Integrals","chapter-xmlid":"C19","paragraph-xmlid":"C19.S36.Px2","sentence-num-in-chapter":"644","section-xmlid":"C19.S36","sentence-num-in-section":"38","para-xmlid":"C19.S36.Px2.p3","subsection-title":"Quadratic Transformations","subsection-xmlid":"C19.S36.SS2","paragraph-title":"Example","section-title":"Methods of Computation","para-num-of-sentences":"3"}}}{"expression":{"xml-id":"C19.S36.Px2.p4.m1","tex":"$F\\left(\\phi,k\\right)$","context":{"sentence-num-in-corpus":"11742","sentence-xmlid":"C19.S36.Px2.p4.s1","chapter-title":"Elliptic Integrals","chapter-xmlid":"C19","paragraph-xmlid":"C19.S36.Px2","sentence-num-in-chapter":"645","section-xmlid":"C19.S36","sentence-num-in-section":"39","para-xmlid":"C19.S36.Px2.p4","subsection-title":"Quadratic Transformations","subsection-xmlid":"C19.S36.SS2","paragraph-title":"Example","section-title":"Methods of Computation","para-num-of-sentences":"5"},"content-tex":"$\\incellintFk@{\\phi}{k}$"}}{"expression":{"xml-id":"C19.S36.Px2.p4.m2","tex":"$E\\left(\\phi,k\\right)$","context":{"sentence-num-in-corpus":"11743","sentence-xmlid":"C19.S36.Px2.p4.s2","chapter-title":"Elliptic Integrals","chapter-xmlid":"C19","paragraph-xmlid":"C19.S36.Px2","sentence-num-in-chapter":"646","section-xmlid":"C19.S36","sentence-num-in-section":"40","para-xmlid":"C19.S36.Px2.p4","subsection-title":"Quadratic Transformations","subsection-xmlid":"C19.S36.SS2","paragraph-title":"Example","section-title":"Methods of Computation","para-num-of-sentences":"5"},"content-tex":"$\\incellintEk@{\\phi}{k}$"}}{"expression":{"xml-id":"C19.S36.Px2.p4.m3","tex":"$R_{D}$","context":{"sentence-num-in-corpus":"11743","sentence-xmlid":"C19.S36.Px2.p4.s2","chapter-title":"Elliptic Integrals","chapter-xmlid":"C19","paragraph-xmlid":"C19.S36.Px2","sentence-num-in-chapter":"646","section-xmlid":"C19.S36","sentence-num-in-section":"40","para-xmlid":"C19.S36.Px2.p4","subsection-title":"Quadratic Transformations","subsection-xmlid":"C19.S36.SS2","paragraph-title":"Example","section-title":"Methods of Computation","para-num-of-sentences":"5"},"content-tex":"$\\CarlsonsymellintRD$"}}{"expression":{"xml-id":"C19.S36.Px2.p4.m4","tex":"$F\\left(\\phi,k\\right)$","context":{"sentence-num-in-corpus":"11744","sentence-xmlid":"C19.S36.Px2.p4.s3","chapter-title":"Elliptic Integrals","chapter-xmlid":"C19","paragraph-xmlid":"C19.S36.Px2","sentence-num-in-chapter":"647","section-xmlid":"C19.S36","sentence-num-in-section":"41","para-xmlid":"C19.S36.Px2.p4","subsection-title":"Quadratic Transformations","subsection-xmlid":"C19.S36.SS2","paragraph-title":"Example","section-title":"Methods of Computation","para-num-of-sentences":"5"},"content-tex":"$\\incellintFk@{\\phi}{k}$"}}{"expression":{"xml-id":"C19.S36.Px2.p4.m5","tex":"$E\\left(\\phi,k\\right)$","context":{"sentence-num-in-corpus":"11744","sentence-xmlid":"C19.S36.Px2.p4.s3","chapter-title":"Elliptic Integrals","chapter-xmlid":"C19","paragraph-xmlid":"C19.S36.Px2","sentence-num-in-chapter":"647","section-xmlid":"C19.S36","sentence-num-in-section":"41","para-xmlid":"C19.S36.Px2.p4","subsection-title":"Quadratic Transformations","subsection-xmlid":"C19.S36.SS2","paragraph-title":"Example","section-title":"Methods of Computation","para-num-of-sentences":"5"},"content-tex":"$\\incellintEk@{\\phi}{k}$"}}{"expression":{"xml-id":"C19.S36.Px2.p4.m6","tex":"$F\\left(\\phi,k\\right)$","context":{"sentence-num-in-corpus":"11745","sentence-xmlid":"C19.S36.Px2.p4.s4","chapter-title":"Elliptic Integrals","chapter-xmlid":"C19","paragraph-xmlid":"C19.S36.Px2","sentence-num-in-chapter":"648","section-xmlid":"C19.S36","sentence-num-in-section":"42","para-xmlid":"C19.S36.Px2.p4","subsection-title":"Quadratic Transformations","subsection-xmlid":"C19.S36.SS2","paragraph-title":"Example","section-title":"Methods of Computation","para-num-of-sentences":"5"},"content-tex":"$\\incellintFk@{\\phi}{k}$"}}{"expression":{"xml-id":"C19.S36.Px2.p4.m7","tex":"$K\\left(k\\right)$","context":{"sentence-num-in-corpus":"11746","sentence-xmlid":"C19.S36.Px2.p4.s5","chapter-title":"Elliptic Integrals","chapter-xmlid":"C19","paragraph-xmlid":"C19.S36.Px2","sentence-num-in-chapter":"649","section-xmlid":"C19.S36","sentence-num-in-section":"43","para-xmlid":"C19.S36.Px2.p4","subsection-title":"Quadratic Transformations","subsection-xmlid":"C19.S36.SS2","paragraph-title":"Example","section-title":"Methods of Computation","para-num-of-sentences":"5"},"content-tex":"$\\compellintKk@{k}$"}}{"expression":{"xml-id":"C19.S36.Px2.p4.m8","tex":"$E\\left(k\\right)$","context":{"sentence-num-in-corpus":"11746","sentence-xmlid":"C19.S36.Px2.p4.s5","chapter-title":"Elliptic Integrals","chapter-xmlid":"C19","paragraph-xmlid":"C19.S36.Px2","sentence-num-in-chapter":"649","section-xmlid":"C19.S36","sentence-num-in-section":"43","para-xmlid":"C19.S36.Px2.p4","subsection-title":"Quadratic Transformations","subsection-xmlid":"C19.S36.SS2","paragraph-title":"Example","section-title":"Methods of Computation","para-num-of-sentences":"5"},"content-tex":"$\\compellintEk@{k}$"}}{"expression":{"xml-id":"C19.S36.Px2.p4.m9","tex":"$k$","context":{"sentence-num-in-corpus":"11746","sentence-xmlid":"C19.S36.Px2.p4.s5","chapter-title":"Elliptic Integrals","chapter-xmlid":"C19","paragraph-xmlid":"C19.S36.Px2","sentence-num-in-chapter":"649","section-xmlid":"C19.S36","sentence-num-in-section":"43","para-xmlid":"C19.S36.Px2.p4","subsection-title":"Quadratic Transformations","subsection-xmlid":"C19.S36.SS2","paragraph-title":"Example","section-title":"Methods of Computation","para-num-of-sentences":"5"}}}{"expression":{"xml-id":"C19.S36.Px2.p5.m1","tex":"$0=0$","context":{"sentence-num-in-corpus":"11747","sentence-xmlid":"C19.S36.Px2.p5.s1","chapter-title":"Elliptic Integrals","chapter-xmlid":"C19","paragraph-xmlid":"C19.S36.Px2","sentence-num-in-chapter":"650","section-xmlid":"C19.S36","sentence-num-in-section":"44","para-xmlid":"C19.S36.Px2.p5","subsection-title":"Quadratic Transformations","subsection-xmlid":"C19.S36.SS2","paragraph-title":"Example","section-title":"Methods of Computation","para-num-of-sentences":"2"}}}{"expression":{"xml-id":"C19.S36.Px2.p5.m2","tex":"$p=x$","context":{"sentence-num-in-corpus":"11747","sentence-xmlid":"C19.S36.Px2.p5.s1","chapter-title":"Elliptic Integrals","chapter-xmlid":"C19","paragraph-xmlid":"C19.S36.Px2","sentence-num-in-chapter":"650","section-xmlid":"C19.S36","sentence-num-in-section":"44","para-xmlid":"C19.S36.Px2.p5","subsection-title":"Quadratic Transformations","subsection-xmlid":"C19.S36.SS2","paragraph-title":"Example","section-title":"Methods of Computation","para-num-of-sentences":"2"}}}{"expression":{"xml-id":"C19.S36.Px2.p5.m3","tex":"$p=y$","context":{"sentence-num-in-corpus":"11747","sentence-xmlid":"C19.S36.Px2.p5.s1","chapter-title":"Elliptic Integrals","chapter-xmlid":"C19","paragraph-xmlid":"C19.S36.Px2","sentence-num-in-chapter":"650","section-xmlid":"C19.S36","sentence-num-in-section":"44","para-xmlid":"C19.S36.Px2.p5","subsection-title":"Quadratic Transformations","subsection-xmlid":"C19.S36.SS2","paragraph-title":"Example","section-title":"Methods of Computation","para-num-of-sentences":"2"}}}{"expression":{"xml-id":"C19.S36.Px2.p5.m4","tex":"$0=0$","context":{"sentence-num-in-corpus":"11747","sentence-xmlid":"C19.S36.Px2.p5.s1","chapter-title":"Elliptic Integrals","chapter-xmlid":"C19","paragraph-xmlid":"C19.S36.Px2","sentence-num-in-chapter":"650","section-xmlid":"C19.S36","sentence-num-in-section":"44","para-xmlid":"C19.S36.Px2.p5","subsection-title":"Quadratic Transformations","subsection-xmlid":"C19.S36.SS2","paragraph-title":"Example","section-title":"Methods of Computation","para-num-of-sentences":"2"}}}{"expression":{"xml-id":"C19.S36.Px2.p5.m5","tex":"$z=x$","context":{"sentence-num-in-corpus":"11747","sentence-xmlid":"C19.S36.Px2.p5.s1","chapter-title":"Elliptic Integrals","chapter-xmlid":"C19","paragraph-xmlid":"C19.S36.Px2","sentence-num-in-chapter":"650","section-xmlid":"C19.S36","sentence-num-in-section":"44","para-xmlid":"C19.S36.Px2.p5","subsection-title":"Quadratic Transformations","subsection-xmlid":"C19.S36.SS2","paragraph-title":"Example","section-title":"Methods of Computation","para-num-of-sentences":"2"}}}{"expression":{"xml-id":"C19.S36.Px2.p5.m6","tex":"$z=y$","context":{"sentence-num-in-corpus":"11747","sentence-xmlid":"C19.S36.Px2.p5.s1","chapter-title":"Elliptic Integrals","chapter-xmlid":"C19","paragraph-xmlid":"C19.S36.Px2","sentence-num-in-chapter":"650","section-xmlid":"C19.S36","sentence-num-in-section":"44","para-xmlid":"C19.S36.Px2.p5","subsection-title":"Quadratic Transformations","subsection-xmlid":"C19.S36.SS2","paragraph-title":"Example","section-title":"Methods of Computation","para-num-of-sentences":"2"}}}{"expression":{"xml-id":"C19.S36.Px2.p5.m7","tex":"$R_{J}$","context":{"sentence-num-in-corpus":"11748","sentence-xmlid":"C19.S36.Px2.p5.s2","chapter-title":"Elliptic Integrals","chapter-xmlid":"C19","paragraph-xmlid":"C19.S36.Px2","sentence-num-in-chapter":"651","section-xmlid":"C19.S36","sentence-num-in-section":"45","para-xmlid":"C19.S36.Px2.p5","subsection-title":"Quadratic Transformations","subsection-xmlid":"C19.S36.SS2","paragraph-title":"Example","section-title":"Methods of Computation","para-num-of-sentences":"2"},"content-tex":"$\\CarlsonsymellintRJ$"}}{"expression":{"xml-id":"C19.S36.Px2.p5.m8","tex":"$R_{D}$","context":{"sentence-num-in-corpus":"11748","sentence-xmlid":"C19.S36.Px2.p5.s2","chapter-title":"Elliptic Integrals","chapter-xmlid":"C19","paragraph-xmlid":"C19.S36.Px2","sentence-num-in-chapter":"651","section-xmlid":"C19.S36","sentence-num-in-section":"45","para-xmlid":"C19.S36.Px2.p5","subsection-title":"Quadratic Transformations","subsection-xmlid":"C19.S36.SS2","paragraph-title":"Example","section-title":"Methods of Computation","para-num-of-sentences":"2"},"content-tex":"$\\CarlsonsymellintRD$"}}{"expression":{"xml-id":"C19.S36.Px2.p6.m1","tex":"$\\Pi\\left(\\phi,\\alpha^{2},k\\right)$","context":{"sentence-num-in-corpus":"11749","sentence-xmlid":"C19.S36.Px2.p6.s1","chapter-title":"Elliptic Integrals","chapter-xmlid":"C19","paragraph-xmlid":"C19.S36.Px2","sentence-num-in-chapter":"652","section-xmlid":"C19.S36","sentence-num-in-section":"46","para-xmlid":"C19.S36.Px2.p6","subsection-title":"Quadratic Transformations","subsection-xmlid":"C19.S36.SS2","paragraph-title":"Example","section-title":"Methods of Computation","para-num-of-sentences":"3"},"content-tex":"$\\incellintPik@{\\phi}{\\alpha^{2}}{k}$"}}{"expression":{"xml-id":"C19.S36.Px2.p6.m2","tex":"$\\rho$","context":{"sentence-num-in-corpus":"11750","sentence-xmlid":"C19.S36.Px2.p6.s2","chapter-title":"Elliptic Integrals","chapter-xmlid":"C19","paragraph-xmlid":"C19.S36.Px2","sentence-num-in-chapter":"653","section-xmlid":"C19.S36","sentence-num-in-section":"47","para-xmlid":"C19.S36.Px2.p6","subsection-title":"Quadratic Transformations","subsection-xmlid":"C19.S36.SS2","paragraph-title":"Example","section-title":"Methods of Computation","para-num-of-sentences":"3"}}}{"expression":{"xml-id":"C19.S36.Px2.p6.m3","tex":"$\\alpha^{2}$","context":{"sentence-num-in-corpus":"11750","sentence-xmlid":"C19.S36.Px2.p6.s2","chapter-title":"Elliptic Integrals","chapter-xmlid":"C19","paragraph-xmlid":"C19.S36.Px2","sentence-num-in-chapter":"653","section-xmlid":"C19.S36","sentence-num-in-section":"47","para-xmlid":"C19.S36.Px2.p6","subsection-title":"Quadratic Transformations","subsection-xmlid":"C19.S36.SS2","paragraph-title":"Example","section-title":"Methods of Computation","para-num-of-sentences":"3"}}}{"expression":{"xml-id":"C19.S36.Px2.p6.m4","tex":"$k^{2}$","context":{"sentence-num-in-corpus":"11750","sentence-xmlid":"C19.S36.Px2.p6.s2","chapter-title":"Elliptic Integrals","chapter-xmlid":"C19","paragraph-xmlid":"C19.S36.Px2","sentence-num-in-chapter":"653","section-xmlid":"C19.S36","sentence-num-in-section":"47","para-xmlid":"C19.S36.Px2.p6","subsection-title":"Quadratic Transformations","subsection-xmlid":"C19.S36.SS2","paragraph-title":"Example","section-title":"Methods of Computation","para-num-of-sentences":"3"}}}{"expression":{"xml-id":"C19.S36.Px2.p6.m5","tex":"$\\alpha^{2}=k^{2}$","context":{"sentence-num-in-corpus":"11751","sentence-xmlid":"C19.S36.Px2.p6.s3","chapter-title":"Elliptic Integrals","chapter-xmlid":"C19","paragraph-xmlid":"C19.S36.Px2","sentence-num-in-chapter":"654","section-xmlid":"C19.S36","sentence-num-in-section":"48","para-xmlid":"C19.S36.Px2.p6","subsection-title":"Quadratic Transformations","subsection-xmlid":"C19.S36.SS2","paragraph-title":"Example","section-title":"Methods of Computation","para-num-of-sentences":"3"}}}{"expression":{"xml-id":"C19.S36.Px2.p6.m6","tex":"$E\\left(\\phi,k\\right)$","context":{"sentence-num-in-corpus":"11751","sentence-xmlid":"C19.S36.Px2.p6.s3","chapter-title":"Elliptic Integrals","chapter-xmlid":"C19","paragraph-xmlid":"C19.S36.Px2","sentence-num-in-chapter":"654","section-xmlid":"C19.S36","sentence-num-in-section":"48","para-xmlid":"C19.S36.Px2.p6","subsection-title":"Quadratic Transformations","subsection-xmlid":"C19.S36.SS2","paragraph-title":"Example","section-title":"Methods of Computation","para-num-of-sentences":"3"},"content-tex":"$\\incellintEk@{\\phi}{k}$"}}{"expression":{"xml-id":"C19.S36.Px2.p8.m1","tex":"$\\mathrm{cel}\\left(k_{c},p,a,b\\right)$","context":{"sentence-num-in-corpus":"11754","sentence-xmlid":"C19.S36.Px2.p8.s2","chapter-title":"Elliptic Integrals","chapter-xmlid":"C19","paragraph-xmlid":"C19.S36.Px2","sentence-num-in-chapter":"657","section-xmlid":"C19.S36","sentence-num-in-section":"51","para-xmlid":"C19.S36.Px2.p8","subsection-title":"Quadratic Transformations","subsection-xmlid":"C19.S36.SS2","paragraph-title":"Example","section-title":"Methods of Computation","para-num-of-sentences":"5"},"content-tex":"$\\Bulirschcompellintcel@{k_{c}}{p}{a}{b}$"}}{"expression":{"xml-id":"C19.S36.Px2.p8.m2","tex":"$\\mathrm{el2}\\left(x,k_{c},a,b\\right)$","context":{"sentence-num-in-corpus":"11755","sentence-xmlid":"C19.S36.Px2.p8.s3","chapter-title":"Elliptic Integrals","chapter-xmlid":"C19","paragraph-xmlid":"C19.S36.Px2","sentence-num-in-chapter":"658","section-xmlid":"C19.S36","sentence-num-in-section":"52","para-xmlid":"C19.S36.Px2.p8","subsection-title":"Quadratic Transformations","subsection-xmlid":"C19.S36.SS2","paragraph-title":"Example","section-title":"Methods of Computation","para-num-of-sentences":"5"},"content-tex":"$\\Bulirschincellintel{2}@{x}{k_{c}}{a}{b}$"}}{"expression":{"xml-id":"C19.S36.Px2.p8.m3","tex":"$x$","context":{"sentence-num-in-corpus":"11755","sentence-xmlid":"C19.S36.Px2.p8.s3","chapter-title":"Elliptic Integrals","chapter-xmlid":"C19","paragraph-xmlid":"C19.S36.Px2","sentence-num-in-chapter":"658","section-xmlid":"C19.S36","sentence-num-in-section":"52","para-xmlid":"C19.S36.Px2.p8","subsection-title":"Quadratic Transformations","subsection-xmlid":"C19.S36.SS2","paragraph-title":"Example","section-title":"Methods of Computation","para-num-of-sentences":"5"}}}{"expression":{"xml-id":"C19.S36.Px2.p8.m4","tex":"$x$","context":{"sentence-num-in-corpus":"11755","sentence-xmlid":"C19.S36.Px2.p8.s3","chapter-title":"Elliptic Integrals","chapter-xmlid":"C19","paragraph-xmlid":"C19.S36.Px2","sentence-num-in-chapter":"658","section-xmlid":"C19.S36","sentence-num-in-section":"52","para-xmlid":"C19.S36.Px2.p8","subsection-title":"Quadratic Transformations","subsection-xmlid":"C19.S36.SS2","paragraph-title":"Example","section-title":"Methods of Computation","para-num-of-sentences":"5"}}}{"expression":{"xml-id":"C19.S36.Px2.p8.m5","tex":"$x$","context":{"sentence-num-in-corpus":"11756","sentence-xmlid":"C19.S36.Px2.p8.s4","chapter-title":"Elliptic Integrals","chapter-xmlid":"C19","paragraph-xmlid":"C19.S36.Px2","sentence-num-in-chapter":"659","section-xmlid":"C19.S36","sentence-num-in-section":"53","para-xmlid":"C19.S36.Px2.p8","subsection-title":"Quadratic Transformations","subsection-xmlid":"C19.S36.SS2","paragraph-title":"Example","section-title":"Methods of Computation","para-num-of-sentences":"5"}}}{"expression":{"xml-id":"C19.S36.Px2.p9.m1","tex":"$\\mathrm{el3}\\left(x,k_{c},p\\right)$","context":{"sentence-num-in-corpus":"11758","sentence-xmlid":"C19.S36.Px2.p9.s1","chapter-title":"Elliptic Integrals","chapter-xmlid":"C19","paragraph-xmlid":"C19.S36.Px2","sentence-num-in-chapter":"661","section-xmlid":"C19.S36","sentence-num-in-section":"55","para-xmlid":"C19.S36.Px2.p9","subsection-title":"Quadratic Transformations","subsection-xmlid":"C19.S36.SS2","paragraph-title":"Example","section-title":"Methods of Computation","para-num-of-sentences":"1"},"content-tex":"$\\Bulirschincellintel{3}@{x}{k_{c}}{p}$"}}{"expression":{"xml-id":"C19.S36.Px2.p9.m2","tex":"$k_{c}^{2}\/2\\leq p<\\infty$","context":{"sentence-num-in-corpus":"11758","sentence-xmlid":"C19.S36.Px2.p9.s1","chapter-title":"Elliptic Integrals","chapter-xmlid":"C19","paragraph-xmlid":"C19.S36.Px2","sentence-num-in-chapter":"661","section-xmlid":"C19.S36","sentence-num-in-section":"55","para-xmlid":"C19.S36.Px2.p9","subsection-title":"Quadratic Transformations","subsection-xmlid":"C19.S36.SS2","paragraph-title":"Example","section-title":"Methods of Computation","para-num-of-sentences":"1"}}}{"expression":{"xml-id":"C19.S36.Px2.p9.m3","tex":"$-\\infty<p<k_{c}^{2}\/2$","context":{"sentence-num-in-corpus":"11758","sentence-xmlid":"C19.S36.Px2.p9.s1","chapter-title":"Elliptic Integrals","chapter-xmlid":"C19","paragraph-xmlid":"C19.S36.Px2","sentence-num-in-chapter":"661","section-xmlid":"C19.S36","sentence-num-in-section":"55","para-xmlid":"C19.S36.Px2.p9","subsection-title":"Quadratic Transformations","subsection-xmlid":"C19.S36.SS2","paragraph-title":"Example","section-title":"Methods of Computation","para-num-of-sentences":"1"}}}{"expression":{"xml-id":"C19.S36.SS3.p1.m1","tex":"$K\\left(k\\right)$","context":{"sentence-num-in-corpus":"11759","subsection-xmlid":"C19.S36.SS3","sentence-xmlid":"C19.S36.SS3.p1.s1","chapter-title":"Elliptic Integrals","chapter-xmlid":"C19","section-title":"Methods of Computation","sentence-num-in-chapter":"662","section-xmlid":"C19.S36","sentence-num-in-section":"56","para-num-of-sentences":"4","para-xmlid":"C19.S36.SS3.p1","subsection-title":"Via Theta Functions"},"content-tex":"$\\compellintKk@{k}$"}}{"expression":{"xml-id":"C19.S36.SS3.p1.m2","tex":"$E\\left(k\\right)$","context":{"sentence-num-in-corpus":"11759","subsection-xmlid":"C19.S36.SS3","sentence-xmlid":"C19.S36.SS3.p1.s1","chapter-title":"Elliptic Integrals","chapter-xmlid":"C19","section-title":"Methods of Computation","sentence-num-in-chapter":"662","section-xmlid":"C19.S36","sentence-num-in-section":"56","para-num-of-sentences":"4","para-xmlid":"C19.S36.SS3.p1","subsection-title":"Via Theta Functions"},"content-tex":"$\\compellintEk@{k}$"}}{"expression":{"xml-id":"C19.S36.SS3.p1.m3","tex":"$K\\left(k\\right)-E\\left(k\\right)$","context":{"sentence-num-in-corpus":"11759","subsection-xmlid":"C19.S36.SS3","sentence-xmlid":"C19.S36.SS3.p1.s1","chapter-title":"Elliptic Integrals","chapter-xmlid":"C19","section-title":"Methods of Computation","sentence-num-in-chapter":"662","section-xmlid":"C19.S36","sentence-num-in-section":"56","para-num-of-sentences":"4","para-xmlid":"C19.S36.SS3.p1","subsection-title":"Via Theta Functions"},"content-tex":"$\\compellintKk@{k}-\\compellintEk@{k}$"}}{"expression":{"xml-id":"C19.S36.SS3.p1.m4","tex":"$0\\leq k^{2}\\leq 1$","context":{"sentence-num-in-corpus":"11759","subsection-xmlid":"C19.S36.SS3","sentence-xmlid":"C19.S36.SS3.p1.s1","chapter-title":"Elliptic Integrals","chapter-xmlid":"C19","section-title":"Methods of Computation","sentence-num-in-chapter":"662","section-xmlid":"C19.S36","sentence-num-in-section":"56","para-num-of-sentences":"4","para-xmlid":"C19.S36.SS3.p1","subsection-title":"Via Theta Functions"}}}{"expression":{"xml-id":"C19.S36.SS3.p1.m5","tex":"$K\\left(k\\right)$","context":{"sentence-num-in-corpus":"11760","subsection-xmlid":"C19.S36.SS3","sentence-xmlid":"C19.S36.SS3.p1.s2","chapter-title":"Elliptic Integrals","chapter-xmlid":"C19","section-title":"Methods of Computation","sentence-num-in-chapter":"663","section-xmlid":"C19.S36","sentence-num-in-section":"57","para-num-of-sentences":"4","para-xmlid":"C19.S36.SS3.p1","subsection-title":"Via Theta Functions"},"content-tex":"$\\compellintKk@{k}$"}}{"expression":{"xml-id":"C19.S36.SS4.p2.m1","tex":"$K\\left(k\\right)$","context":{"sentence-num-in-corpus":"11766","subsection-xmlid":"C19.S36.SS4","sentence-xmlid":"C19.S36.SS4.p2.s2","chapter-title":"Elliptic Integrals","chapter-xmlid":"C19","section-title":"Methods of Computation","sentence-num-in-chapter":"669","section-xmlid":"C19.S36","sentence-num-in-section":"63","para-num-of-sentences":"3","para-xmlid":"C19.S36.SS4.p2","subsection-title":"Other Methods"},"content-tex":"$\\compellintKk@{k}$"}}{"expression":{"xml-id":"C19.S36.SS4.p2.m2","tex":"$E\\left(k\\right)$","context":{"sentence-num-in-corpus":"11766","subsection-xmlid":"C19.S36.SS4","sentence-xmlid":"C19.S36.SS4.p2.s2","chapter-title":"Elliptic Integrals","chapter-xmlid":"C19","section-title":"Methods of Computation","sentence-num-in-chapter":"669","section-xmlid":"C19.S36","sentence-num-in-section":"63","para-num-of-sentences":"3","para-xmlid":"C19.S36.SS4.p2","subsection-title":"Other Methods"},"content-tex":"$\\compellintEk@{k}$"}}{"expression":{"xml-id":"C19.S36.SS4.p2.m3","tex":"$\\Pi\\left(\\phi,\\alpha^{2},k\\right)$","context":{"sentence-num-in-corpus":"11767","subsection-xmlid":"C19.S36.SS4","sentence-xmlid":"C19.S36.SS4.p2.s3","chapter-title":"Elliptic Integrals","chapter-xmlid":"C19","section-title":"Methods of Computation","sentence-num-in-chapter":"670","section-xmlid":"C19.S36","sentence-num-in-section":"64","para-num-of-sentences":"3","para-xmlid":"C19.S36.SS4.p2","subsection-title":"Other Methods"},"content-tex":"$\\incellintPik@{\\phi}{\\alpha^{2}}{k}$"}}{"expression":{"xml-id":"C19.S36.SS4.p2.m4","tex":"$\\alpha^{2}<1$","context":{"sentence-num-in-corpus":"11767","subsection-xmlid":"C19.S36.SS4","sentence-xmlid":"C19.S36.SS4.p2.s3","chapter-title":"Elliptic Integrals","chapter-xmlid":"C19","section-title":"Methods of Computation","sentence-num-in-chapter":"670","section-xmlid":"C19.S36","sentence-num-in-section":"64","para-num-of-sentences":"3","para-xmlid":"C19.S36.SS4.p2","subsection-title":"Other Methods"}}}{"expression":{"xml-id":"C19.S36.SS4.p3.m1","tex":"$\\psi=\\pi\/2$","context":{"sentence-num-in-corpus":"11768","subsection-xmlid":"C19.S36.SS4","sentence-xmlid":"C19.S36.SS4.p3.s1","chapter-title":"Elliptic Integrals","chapter-xmlid":"C19","section-title":"Methods of Computation","sentence-num-in-chapter":"671","section-xmlid":"C19.S36","sentence-num-in-section":"65","para-num-of-sentences":"3","para-xmlid":"C19.S36.SS4.p3","subsection-title":"Other Methods"}}}{"expression":{"xml-id":"C19.S36.SS4.p3.m2","tex":"$F\\left(\\phi,k\\right)$","context":{"sentence-num-in-corpus":"11768","subsection-xmlid":"C19.S36.SS4","sentence-xmlid":"C19.S36.SS4.p3.s1","chapter-title":"Elliptic Integrals","chapter-xmlid":"C19","section-title":"Methods of Computation","sentence-num-in-chapter":"671","section-xmlid":"C19.S36","sentence-num-in-section":"65","para-num-of-sentences":"3","para-xmlid":"C19.S36.SS4.p3","subsection-title":"Other Methods"},"content-tex":"$\\incellintFk@{\\phi}{k}$"}}{"expression":{"xml-id":"C19.S36.SS4.p3.m3","tex":"$\\frac{1}{2}\\pi-\\phi$","context":{"sentence-num-in-corpus":"11768","subsection-xmlid":"C19.S36.SS4","sentence-xmlid":"C19.S36.SS4.p3.s1","chapter-title":"Elliptic Integrals","chapter-xmlid":"C19","section-title":"Methods of Computation","sentence-num-in-chapter":"671","section-xmlid":"C19.S36","sentence-num-in-section":"65","para-num-of-sentences":"3","para-xmlid":"C19.S36.SS4.p3","subsection-title":"Other Methods"}}}{"expression":{"xml-id":"C19.S36.SS4.p3.m4","tex":"$R_{F}\\left(x,y,z\\right)$","context":{"sentence-num-in-corpus":"11769","subsection-xmlid":"C19.S36.SS4","sentence-xmlid":"C19.S36.SS4.p3.s2","chapter-title":"Elliptic Integrals","chapter-xmlid":"C19","section-title":"Methods of Computation","sentence-num-in-chapter":"672","section-xmlid":"C19.S36","sentence-num-in-section":"66","para-num-of-sentences":"3","para-xmlid":"C19.S36.SS4.p3","subsection-title":"Other Methods"},"content-tex":"$\\CarlsonsymellintRF@{x}{y}{z}$"}}{"expression":{"xml-id":"C19.S36.SS4.p3.m5","tex":"$x$","context":{"sentence-num-in-corpus":"11769","subsection-xmlid":"C19.S36.SS4","sentence-xmlid":"C19.S36.SS4.p3.s2","chapter-title":"Elliptic Integrals","chapter-xmlid":"C19","section-title":"Methods of Computation","sentence-num-in-chapter":"672","section-xmlid":"C19.S36","sentence-num-in-section":"66","para-num-of-sentences":"3","para-xmlid":"C19.S36.SS4.p3","subsection-title":"Other Methods"}}}{"expression":{"xml-id":"C19.S36.SS4.p3.m6","tex":"$>0$","context":{"sentence-num-in-corpus":"11769","subsection-xmlid":"C19.S36.SS4","sentence-xmlid":"C19.S36.SS4.p3.s2","chapter-title":"Elliptic Integrals","chapter-xmlid":"C19","section-title":"Methods of Computation","sentence-num-in-chapter":"672","section-xmlid":"C19.S36","sentence-num-in-section":"66","para-num-of-sentences":"3","para-xmlid":"C19.S36.SS4.p3","subsection-title":"Other Methods"}}}{"expression":{"xml-id":"C19.S36.SS4.p3.m7","tex":"$\\min(y,z)$","context":{"sentence-num-in-corpus":"11769","subsection-xmlid":"C19.S36.SS4","sentence-xmlid":"C19.S36.SS4.p3.s2","chapter-title":"Elliptic Integrals","chapter-xmlid":"C19","section-title":"Methods of Computation","sentence-num-in-chapter":"672","section-xmlid":"C19.S36","sentence-num-in-section":"66","para-num-of-sentences":"3","para-xmlid":"C19.S36.SS4.p3","subsection-title":"Other Methods"}}}