{"expression":{"context-references":{"chapter-title":"Elliptic Integrals","chapter-xmlid":"C19"},"xml-id":"C19.S6.SS1.info.m1","tex":"$\\alpha=k$"}}{"expression":{"context-references":{"chapter-title":"Elliptic Integrals","chapter-xmlid":"C19"},"xml-id":"C19.S6.SS1.info.m2","tex":"$k^{2}\\rightarrow 1-$"}}{"equation":{"symbols-used":[{"symbol":{"tex":"$\\pi$","meaning":"the ratio of the circumference of a circle to its diameter","idref":"C3.S12.E1","content-tex":"$\\cpi$"}},{"symbol":{"tex":"${K^{\\prime}}\\left(\\NVar{k}\\right)$","meaning":"Legendre\u2019s complementary complete elliptic integral of the first kind","idref":"C19.S2.E9","content-tex":"$\\ccompellintKk@{\\NVar{k}}$"}},{"symbol":{"tex":"${E^{\\prime}}\\left(\\NVar{k}\\right)$","meaning":"Legendre\u2019s complementary complete elliptic integral of the second kind","idref":"C19.S2.E9","content-tex":"$\\ccompellintEk@{\\NVar{k}}$"}},{"symbol":{"tex":"$K\\left(\\NVar{k}\\right)$","meaning":"Legendre\u2019s complete elliptic integral of the first kind","idref":"C19.S2.E8","content-tex":"$\\compellintKk@{\\NVar{k}}$"}},{"symbol":{"tex":"$E\\left(\\NVar{k}\\right)$","meaning":"Legendre\u2019s complete elliptic integral of the second kind","idref":"C19.S2.E8","content-tex":"$\\compellintEk@{\\NVar{k}}$"}}],"context-references":{"sentence-num-in-corpus":"11186","subsection-xmlid":"C19.S6.SS1","sentence-xmlid":"C19.S6.SS1.p1.s1","chapter-title":"Elliptic Integrals","chapter-xmlid":"C19","section-title":"Special Cases","sentence-num-in-chapter":"89","section-xmlid":"C19.S6","sentence-num-in-section":"1","para-num-of-sentences":"2","para-xmlid":"C19.S6.SS1.p1","subsection-title":"Complete Elliptic Integrals"},"xml-id":"C19.S6.E1","permalink":"http:\/\/dlmf.nist.gov\/19.6.E1","equation-number":"19.6.1","subequations":[{"subequation":{"xml-id":"C19.S6.Ex1","tex":"$K\\left(0\\right)=E\\left(0\\right)={K^{\\prime}}\\left(1\\right)={E^{\\prime}}\\left(1 \\right)=\\tfrac{1}{2}\\pi,$","content-tex":"$\\compellintKk@{0}=\\compellintEk@{0}=\\ccompellintKk@{1}=\\ccompellintEk@{1}= \\tfrac{1}{2}\\pi,$"}},{"subequation":{"xml-id":"C19.S6.Ex2","tex":"$K\\left(1\\right)={K^{\\prime}}\\left(0\\right)=\\infty,$","content-tex":"$\\compellintKk@{1}=\\ccompellintKk@{0}=\\infty,$"}},{"subequation":{"xml-id":"C19.S6.Ex3","tex":"$E\\left(1\\right)={E^{\\prime}}\\left(0\\right)=1.$","content-tex":"$\\compellintEk@{1}=\\ccompellintEk@{0}=1.$"}}]}}{"expression":{"context-references":{"chapter-title":"Elliptic Integrals","chapter-xmlid":"C19"},"xml-id":"C3.S12.E1.m2adec","tex":"$\\pi$","content-tex":"$\\cpi$"}}{"expression":{"context-references":{"chapter-title":"Elliptic Integrals","chapter-xmlid":"C19"},"xml-id":"C19.S2.E9.m1adec","tex":"${K^{\\prime}}\\left(\\NVar{k}\\right)$","content-tex":"$\\ccompellintKk@{\\NVar{k}}$"}}{"expression":{"context-references":{"chapter-title":"Elliptic Integrals","chapter-xmlid":"C19"},"xml-id":"C19.S2.E9.m2adec","tex":"${E^{\\prime}}\\left(\\NVar{k}\\right)$","content-tex":"$\\ccompellintEk@{\\NVar{k}}$"}}{"expression":{"context-references":{"chapter-title":"Elliptic Integrals","chapter-xmlid":"C19"},"xml-id":"C19.S2.E8.m1adec","tex":"$K\\left(\\NVar{k}\\right)$","content-tex":"$\\compellintKk@{\\NVar{k}}$"}}{"expression":{"context-references":{"chapter-title":"Elliptic Integrals","chapter-xmlid":"C19"},"xml-id":"C19.S2.E8.m2adec","tex":"$E\\left(\\NVar{k}\\right)$","content-tex":"$\\compellintEk@{\\NVar{k}}$"}}{"equation":{"symbols-used":[{"symbol":{"tex":"$\\pi$","meaning":"the ratio of the circumference of a circle to its diameter","idref":"C3.S12.E1","content-tex":"$\\cpi$"}},{"symbol":{"tex":"$K\\left(\\NVar{k}\\right)$","meaning":"Legendre\u2019s complete elliptic integral of the first kind","idref":"C19.S2.E8","content-tex":"$\\compellintKk@{\\NVar{k}}$"}},{"symbol":{"tex":"$E\\left(\\NVar{k}\\right)$","meaning":"Legendre\u2019s complete elliptic integral of the second kind","idref":"C19.S2.E8","content-tex":"$\\compellintEk@{\\NVar{k}}$"}},{"symbol":{"tex":"$\\Pi\\left(\\NVar{\\alpha}^{2},\\NVar{k}\\right)$","meaning":"Legendre\u2019s complete elliptic integral of the third kind","idref":"C19.S2.E8","content-tex":"$\\compellintPik@{\\NVar{\\alpha}^{2}}{\\NVar{k}}$"}},{"symbol":{"tex":"$k$","meaning":"real or complex modulus","idref":"C19.S1.p1.t1.r3"}},{"symbol":{"tex":"$k^{\\prime}$","meaning":"complementary modulus","idref":"C19.S1.p1.t1.r4"}}],"context-references":{"sentence-num-in-corpus":"11187","subsection-xmlid":"C19.S6.SS1","sentence-xmlid":"C19.S6.SS1.p1.s2","chapter-title":"Elliptic Integrals","chapter-xmlid":"C19","section-title":"Special Cases","sentence-num-in-chapter":"90","section-xmlid":"C19.S6","sentence-num-in-section":"2","para-num-of-sentences":"2","para-xmlid":"C19.S6.SS1.p1","subsection-title":"Complete Elliptic Integrals"},"xml-id":"C19.S6.E2","permalink":"http:\/\/dlmf.nist.gov\/19.6.E2","equation-number":"19.6.2","subequations":[{"subequation":{"xml-id":"C19.S6.Ex4","tex":"$\\Pi\\left(k^{2},k\\right)=E\\left(k\\right)\/{k^{\\prime}}^{2},$","constraints":{"tex":"$k^{2}<1$,"},"content-tex":"$\\compellintPik@{k^{2}}{k}=\\compellintEk@{k}\/{k^{\\prime}}^{2},$"}},{"subequation":{"xml-id":"C19.S6.Ex5","tex":"$\\Pi\\left(-k,k\\right)=\\tfrac{1}{4}\\pi(1+k)^{-1}+\\tfrac{1}{2}K\\left(k\\right),$","constraints":{"tex":"$0\\leq k^{2}<1$."},"content-tex":"$\\compellintPik@{-k}{k}=\\tfrac{1}{4}\\pi(1+k)^{-1}+\\tfrac{1}{2}\\compellintKk@{k},$"}}]}}{"expression":{"context-references":{"chapter-title":"Elliptic Integrals","chapter-xmlid":"C19"},"xml-id":"C3.S12.E1.m2aadec","tex":"$\\pi$","content-tex":"$\\cpi$"}}{"expression":{"context-references":{"chapter-title":"Elliptic Integrals","chapter-xmlid":"C19"},"xml-id":"C19.S2.E8.m1aadec","tex":"$K\\left(\\NVar{k}\\right)$","content-tex":"$\\compellintKk@{\\NVar{k}}$"}}{"expression":{"context-references":{"chapter-title":"Elliptic Integrals","chapter-xmlid":"C19"},"xml-id":"C19.S2.E8.m2aadec","tex":"$E\\left(\\NVar{k}\\right)$","content-tex":"$\\compellintEk@{\\NVar{k}}$"}}{"expression":{"context-references":{"chapter-title":"Elliptic Integrals","chapter-xmlid":"C19"},"xml-id":"C19.S2.E8.m4adec","tex":"$\\Pi\\left(\\NVar{\\alpha}^{2},\\NVar{k}\\right)$","content-tex":"$\\compellintPik@{\\NVar{\\alpha}^{2}}{\\NVar{k}}$"}}{"expression":{"context-references":{"chapter-title":"Elliptic Integrals","chapter-xmlid":"C19"},"xml-id":"C19.S1.XMD5.m1dec","tex":"$k$"}}{"expression":{"context-references":{"chapter-title":"Elliptic Integrals","chapter-xmlid":"C19"},"xml-id":"C19.S1.XMD6.m1dec","tex":"$k^{\\prime}$"}}{"equation":{"symbols-used":[{"symbol":{"tex":"$\\pi$","meaning":"the ratio of the circumference of a circle to its diameter","idref":"C3.S12.E1","content-tex":"$\\cpi$"}},{"symbol":{"tex":"$K\\left(\\NVar{k}\\right)$","meaning":"Legendre\u2019s complete elliptic integral of the first kind","idref":"C19.S2.E8","content-tex":"$\\compellintKk@{\\NVar{k}}$"}},{"symbol":{"tex":"$\\Pi\\left(\\NVar{\\alpha}^{2},\\NVar{k}\\right)$","meaning":"Legendre\u2019s complete elliptic integral of the third kind","idref":"C19.S2.E8","content-tex":"$\\compellintPik@{\\NVar{\\alpha}^{2}}{\\NVar{k}}$"}},{"symbol":{"tex":"$k$","meaning":"real or complex modulus","idref":"C19.S1.p1.t1.r3"}},{"symbol":{"tex":"$\\alpha^{2}$","meaning":"real or complex parameter","idref":"C19.S1.p1.t1.r5"}}],"context-references":{"sentence-num-in-corpus":"11188","subsection-xmlid":"C19.S6.SS1","sentence-xmlid":"C19.S6.SS1.p2.s1","chapter-title":"Elliptic Integrals","chapter-xmlid":"C19","section-title":"Special Cases","sentence-num-in-chapter":"91","section-xmlid":"C19.S6","sentence-num-in-section":"3","para-num-of-sentences":"2","para-xmlid":"C19.S6.SS1.p2","subsection-title":"Complete Elliptic Integrals"},"xml-id":"C19.S6.E3","tex":"$\\Pi\\left(\\alpha^{2},0\\right)=\\pi\/(2\\sqrt{1-\\alpha^{2}}),\\quad\\Pi\\left(0,k \\right)=K\\left(k\\right),$","permalink":"http:\/\/dlmf.nist.gov\/19.6.E3","equation-number":"19.6.3","constraints":{"tex":"$-\\infty<\\alpha^{2}<1$."},"content-tex":"$\\compellintPik@{\\alpha^{2}}{0}=\\pi\/(2\\sqrt{1-\\alpha^{2}}),\\quad\\compellintPik@ {0}{k}=\\compellintKk@{k},$"}}{"equation":{"symbols-used":[{"symbol":{"tex":"$\\Pi\\left(\\NVar{\\alpha}^{2},\\NVar{k}\\right)$","meaning":"Legendre\u2019s complete elliptic integral of the third kind","idref":"C19.S2.E8","content-tex":"$\\compellintPik@{\\NVar{\\alpha}^{2}}{\\NVar{k}}$"}},{"symbol":{"tex":"$\\operatorname{sign}\\NVar{x}$","meaning":"sign of $x$","idref":"introduction.Sx4.p2.t1.r18","content-tex":"$\\sign@@{\\NVar{x}}$"}},{"symbol":{"tex":"$k$","meaning":"real or complex modulus","idref":"C19.S1.p1.t1.r3"}},{"symbol":{"tex":"$\\alpha^{2}$","meaning":"real or complex parameter","idref":"C19.S1.p1.t1.r5"}}],"context-references":{"sentence-num-in-corpus":"11189","subsection-xmlid":"C19.S6.SS1","sentence-xmlid":"C19.S6.SS1.p2.s2","chapter-title":"Elliptic Integrals","chapter-xmlid":"C19","section-title":"Special Cases","sentence-num-in-chapter":"92","section-xmlid":"C19.S6","sentence-num-in-section":"4","para-num-of-sentences":"2","para-xmlid":"C19.S6.SS1.p2","subsection-title":"Complete Elliptic Integrals"},"xml-id":"C19.S6.E4","permalink":"http:\/\/dlmf.nist.gov\/19.6.E4","equation-number":"19.6.4","subequations":[{"subequation":{"xml-id":"C19.S6.Ex6","tex":"$\\Pi\\left(\\alpha^{2},k\\right)\\to+\\infty,$","constraints":{"tex":"$\\alpha^{2}\\to 1-$,"},"content-tex":"$\\compellintPik@{\\alpha^{2}}{k}\\to+\\infty,$"}},{"subequation":{"xml-id":"C19.S6.Ex7","tex":"$\\Pi\\left(\\alpha^{2},k\\right)\\to\\infty\\operatorname{sign}\\left(1-\\alpha^{2} \\right),$","constraints":{"tex":"$k^{2}\\to 1-$."},"content-tex":"$\\compellintPik@{\\alpha^{2}}{k}\\to\\infty\\sign@{1-\\alpha^{2}},$"}}]}}{"expression":{"context-references":{"chapter-title":"Elliptic Integrals","chapter-xmlid":"C19"},"xml-id":"C19.S2.E8.m4abdec","tex":"$\\Pi\\left(\\NVar{\\alpha}^{2},\\NVar{k}\\right)$","content-tex":"$\\compellintPik@{\\NVar{\\alpha}^{2}}{\\NVar{k}}$"}}{"expression":{"context-references":{"chapter-title":"Elliptic Integrals","chapter-xmlid":"C19"},"xml-id":"introduction.Sx4.p2.t1.r18.m6adec","tex":"$\\operatorname{sign}\\NVar{x}$","content-tex":"$\\sign@@{\\NVar{x}}$"}}{"expression":{"context-references":{"chapter-title":"Elliptic Integrals","chapter-xmlid":"C19"},"xml-id":"introduction.Sx4.p2.t1.r18.m7adec","tex":"$x$"}}{"expression":{"context-references":{"chapter-title":"Elliptic Integrals","chapter-xmlid":"C19"},"xml-id":"C19.S1.XMD5.m1bdec","tex":"$k$"}}{"expression":{"context-references":{"chapter-title":"Elliptic Integrals","chapter-xmlid":"C19"},"xml-id":"C19.S1.XMD7.m1adec","tex":"$\\alpha^{2}$"}}{"expression":{"context-references":{"sentence-num-in-corpus":"11190","subsection-xmlid":"C19.S6.SS1","sentence-xmlid":"C19.S6.SS1.p3.s1","chapter-title":"Elliptic Integrals","chapter-xmlid":"C19","section-title":"Special Cases","sentence-num-in-chapter":"93","section-xmlid":"C19.S6","sentence-num-in-section":"5","para-num-of-sentences":"1","para-xmlid":"C19.S6.SS1.p3","subsection-title":"Complete Elliptic Integrals"},"xml-id":"C19.S6.SS1.p3.m1","tex":"$1<\\alpha^{2}<\\infty$"}}{"equation":{"symbols-used":[{"symbol":{"tex":"$K\\left(\\NVar{k}\\right)$","meaning":"Legendre\u2019s complete elliptic integral of the first kind","idref":"C19.S2.E8","content-tex":"$\\compellintKk@{\\NVar{k}}$"}},{"symbol":{"tex":"$\\Pi\\left(\\NVar{\\alpha}^{2},\\NVar{k}\\right)$","meaning":"Legendre\u2019s complete elliptic integral of the third kind","idref":"C19.S2.E8","content-tex":"$\\compellintPik@{\\NVar{\\alpha}^{2}}{\\NVar{k}}$"}},{"symbol":{"tex":"$k$","meaning":"real or complex modulus","idref":"C19.S1.p1.t1.r3"}},{"symbol":{"tex":"$\\alpha^{2}$","meaning":"real or complex parameter","idref":"C19.S1.p1.t1.r5"}}],"context-references":{"sentence-num-in-corpus":"11190","subsection-xmlid":"C19.S6.SS1","sentence-xmlid":"C19.S6.SS1.p3.s1","chapter-title":"Elliptic Integrals","chapter-xmlid":"C19","section-title":"Special Cases","sentence-num-in-chapter":"93","section-xmlid":"C19.S6","sentence-num-in-section":"5","para-num-of-sentences":"1","para-xmlid":"C19.S6.SS1.p3","subsection-title":"Complete Elliptic Integrals"},"xml-id":"C19.S6.E5","tex":"$\\Pi\\left(\\alpha^{2},k\\right)=K\\left(k\\right)-\\Pi\\left(k^{2}\/\\alpha^{2},k\\right),$","permalink":"http:\/\/dlmf.nist.gov\/19.6.E5","equation-number":"19.6.5","content-tex":"$\\compellintPik@{\\alpha^{2}}{k}=\\compellintKk@{k}-\\compellintPik@{k^{2}\/\\alpha^ {2}}{k},$"}}{"equation":{"symbols-used":[{"symbol":{"tex":"$K\\left(\\NVar{k}\\right)$","meaning":"Legendre\u2019s complete elliptic integral of the first kind","idref":"C19.S2.E8","content-tex":"$\\compellintKk@{\\NVar{k}}$"}},{"symbol":{"tex":"$E\\left(\\NVar{k}\\right)$","meaning":"Legendre\u2019s complete elliptic integral of the second kind","idref":"C19.S2.E8","content-tex":"$\\compellintEk@{\\NVar{k}}$"}},{"symbol":{"tex":"$\\Pi\\left(\\NVar{\\alpha}^{2},\\NVar{k}\\right)$","meaning":"Legendre\u2019s complete elliptic integral of the third kind","idref":"C19.S2.E8","content-tex":"$\\compellintPik@{\\NVar{\\alpha}^{2}}{\\NVar{k}}$"}},{"symbol":{"tex":"$k$","meaning":"real or complex modulus","idref":"C19.S1.p1.t1.r3"}},{"symbol":{"tex":"$k^{\\prime}$","meaning":"complementary modulus","idref":"C19.S1.p1.t1.r4"}},{"symbol":{"tex":"$\\alpha^{2}$","meaning":"real or complex parameter","idref":"C19.S1.p1.t1.r5"}}],"context-references":{"sentence-num-in-corpus":"11190","subsection-xmlid":"C19.S6.SS1","sentence-xmlid":"C19.S6.SS1.p3.s1","chapter-title":"Elliptic Integrals","chapter-xmlid":"C19","section-title":"Special Cases","sentence-num-in-chapter":"93","section-xmlid":"C19.S6","sentence-num-in-section":"5","para-num-of-sentences":"1","para-xmlid":"C19.S6.SS1.p3","subsection-title":"Complete Elliptic Integrals"},"xml-id":"C19.S6.E6","permalink":"http:\/\/dlmf.nist.gov\/19.6.E6","equation-number":"19.6.6","subequations":[{"subequation":{"xml-id":"C19.S6.Ex8","tex":"$\\Pi\\left(\\alpha^{2},0\\right)=0,$","content-tex":"$\\compellintPik@{\\alpha^{2}}{0}=0,$"}},{"subequation":{"xml-id":"C19.S6.Ex9","tex":"$\\Pi\\left(\\alpha^{2},k\\right)\\to K\\left(k\\right)-\\left(E\\left(k\\right)\/{k^{ \\prime}}^{2}\\right),$","constraints":{"tex":"$\\alpha^{2}\\to 1+$,"},"content-tex":"$\\compellintPik@{\\alpha^{2}}{k}\\to\\compellintKk@{k}-\\left(\\compellintEk@{k}\/{k^ {\\prime}}^{2}\\right),$"}},{"subequation":{"xml-id":"C19.S6.Ex10","tex":"$\\Pi\\left(\\alpha^{2},k\\right)\\to-\\infty,$","constraints":{"tex":"$k^{2}\\rightarrow 1-$."},"content-tex":"$\\compellintPik@{\\alpha^{2}}{k}\\to-\\infty,$"}}]}}{"expression":{"context-references":{"chapter-title":"Elliptic Integrals","chapter-xmlid":"C19"},"xml-id":"C19.S2.E8.m1addec","tex":"$K\\left(\\NVar{k}\\right)$","content-tex":"$\\compellintKk@{\\NVar{k}}$"}}{"expression":{"context-references":{"chapter-title":"Elliptic Integrals","chapter-xmlid":"C19"},"xml-id":"C19.S2.E8.m2abdec","tex":"$E\\left(\\NVar{k}\\right)$","content-tex":"$\\compellintEk@{\\NVar{k}}$"}}{"expression":{"context-references":{"chapter-title":"Elliptic Integrals","chapter-xmlid":"C19"},"xml-id":"C19.S2.E8.m4addec","tex":"$\\Pi\\left(\\NVar{\\alpha}^{2},\\NVar{k}\\right)$","content-tex":"$\\compellintPik@{\\NVar{\\alpha}^{2}}{\\NVar{k}}$"}}{"expression":{"context-references":{"chapter-title":"Elliptic Integrals","chapter-xmlid":"C19"},"xml-id":"C19.S1.XMD5.m1ddec","tex":"$k$"}}{"expression":{"context-references":{"chapter-title":"Elliptic Integrals","chapter-xmlid":"C19"},"xml-id":"C19.S1.XMD6.m1adec","tex":"$k^{\\prime}$"}}{"expression":{"context-references":{"chapter-title":"Elliptic Integrals","chapter-xmlid":"C19"},"xml-id":"C19.S1.XMD7.m1cdec","tex":"$\\alpha^{2}$"}}{"expression":{"context-references":{"sentence-num-in-corpus":"11191","subsection-xmlid":"C19.S6.SS1","sentence-xmlid":"C19.S6.SS1.p4.s1","chapter-title":"Elliptic Integrals","chapter-xmlid":"C19","section-title":"Special Cases","sentence-num-in-chapter":"94","section-xmlid":"C19.S6","sentence-num-in-section":"6","para-num-of-sentences":"1","para-xmlid":"C19.S6.SS1.p4","subsection-title":"Complete Elliptic Integrals"},"xml-id":"C19.S6.SS1.p4.m1","tex":"$K\\left(k\\right)$","content-tex":"$\\compellintKk@{k}$"}}{"expression":{"context-references":{"sentence-num-in-corpus":"11191","subsection-xmlid":"C19.S6.SS1","sentence-xmlid":"C19.S6.SS1.p4.s1","chapter-title":"Elliptic Integrals","chapter-xmlid":"C19","section-title":"Special Cases","sentence-num-in-chapter":"94","section-xmlid":"C19.S6","sentence-num-in-section":"6","para-num-of-sentences":"1","para-xmlid":"C19.S6.SS1.p4","subsection-title":"Complete Elliptic Integrals"},"xml-id":"C19.S6.SS1.p4.m2","tex":"$E\\left(k\\right)$","content-tex":"$\\compellintEk@{k}$"}}{"expression":{"context-references":{"sentence-num-in-corpus":"11191","subsection-xmlid":"C19.S6.SS1","sentence-xmlid":"C19.S6.SS1.p4.s1","chapter-title":"Elliptic Integrals","chapter-xmlid":"C19","section-title":"Special Cases","sentence-num-in-chapter":"94","section-xmlid":"C19.S6","sentence-num-in-section":"6","para-num-of-sentences":"1","para-xmlid":"C19.S6.SS1.p4","subsection-title":"Complete Elliptic Integrals"},"xml-id":"C19.S6.SS1.p4.m3","tex":"$k$"}}{"expression":{"context-references":{"subsection-xmlid":"C19.S6.SS2","chapter-title":"Elliptic Integrals","chapter-xmlid":"C19","section-title":"Special Cases","section-xmlid":"C19.S6","subsection-title":"<Math mode=\"inline\" xml:id=\"C19.S6.SS2.m1\">F\\left(\\phi,k\\right)<\/Math>"},"xml-id":"C19.S6.SS2.m1","tex":"$F\\left(\\phi,k\\right)$","content-tex":"$\\incellintFk@{\\phi}{k}$"}}{"expression":{"context-references":{"chapter-title":"Elliptic Integrals","chapter-xmlid":"C19"},"xml-id":"C19.S6.SS2.m2","tex":"$F\\left(\\phi,k\\right)$","content-tex":"$\\incellintFk@{\\phi}{k}$"}}{"expression":{"context-references":{"chapter-title":"Elliptic Integrals","chapter-xmlid":"C19"},"xml-id":"C19.S6.SS2.info.m1","tex":"$R_{C}$","content-tex":"$\\CarlsonellintRC$"}}{"expression":{"context-references":{"chapter-title":"Elliptic Integrals","chapter-xmlid":"C19"},"xml-id":"C19.S6.SS2.info.m2","tex":"$R_{C}$","content-tex":"$\\CarlsonellintRC$"}}{"equation":{"symbols-used":[{"symbol":{"tex":"$\\pi$","meaning":"the ratio of the circumference of a circle to its diameter","idref":"C3.S12.E1","content-tex":"$\\cpi$"}},{"symbol":{"tex":"$K\\left(\\NVar{k}\\right)$","meaning":"Legendre\u2019s complete elliptic integral of the first kind","idref":"C19.S2.E8","content-tex":"$\\compellintKk@{\\NVar{k}}$"}},{"symbol":{"tex":"$F\\left(\\NVar{\\phi},\\NVar{k}\\right)$","meaning":"Legendre\u2019s incomplete elliptic integral of the first kind","idref":"C19.S2.E4","content-tex":"$\\incellintFk@{\\NVar{\\phi}}{\\NVar{k}}$"}},{"symbol":{"tex":"$\\phi$","meaning":"real or complex argument","idref":"C19.S1.p1.t1.r2"}},{"symbol":{"tex":"$k$","meaning":"real or complex modulus","idref":"C19.S1.p1.t1.r3"}}],"context-references":{"sentence-num-in-corpus":"11192","subsection-xmlid":"C19.S6.SS2","sentence-xmlid":"C19.S6.SS2.p1.s1","chapter-title":"Elliptic Integrals","chapter-xmlid":"C19","section-title":"Special Cases","sentence-num-in-chapter":"95","section-xmlid":"C19.S6","sentence-num-in-section":"7","para-num-of-sentences":"4","para-xmlid":"C19.S6.SS2.p1","subsection-title":"<Math mode=\"inline\" xml:id=\"C19.S6.SS2.m1\">F\\left(\\phi,k\\right)<\/Math>"},"xml-id":"C19.S6.E7","permalink":"http:\/\/dlmf.nist.gov\/19.6.E7","equation-number":"19.6.7","subequations":[{"subequation":{"xml-id":"C19.S6.Ex11","tex":"$F\\left(0,k\\right)=0,$","content-tex":"$\\incellintFk@{0}{k}=0,$"}},{"subequation":{"xml-id":"C19.S6.Ex12","tex":"$F\\left(\\phi,0\\right)=\\phi,$","content-tex":"$\\incellintFk@{\\phi}{0}=\\phi,$"}},{"subequation":{"xml-id":"C19.S6.Ex13","tex":"$F\\left(\\tfrac{1}{2}\\pi,1\\right)=\\infty,$","content-tex":"$\\incellintFk@{\\tfrac{1}{2}\\pi}{1}=\\infty,$"}},{"subequation":{"xml-id":"C19.S6.Ex14","tex":"$F\\left(\\tfrac{1}{2}\\pi,k\\right)=K\\left(k\\right),$","content-tex":"$\\incellintFk@{\\tfrac{1}{2}\\pi}{k}=\\compellintKk@{k},$"}},{"subequation":{"xml-id":"C19.S6.Ex15","tex":"$\\lim_{\\phi\\to 0}\\ifrac{F\\left(\\phi,k\\right)}{\\phi}=1.$","content-tex":"$\\lim_{\\phi\\to 0}\\ifrac{\\incellintFk@{\\phi}{k}}{\\phi}=1.$"}}]}}{"expression":{"context-references":{"chapter-title":"Elliptic Integrals","chapter-xmlid":"C19"},"xml-id":"C3.S12.E1.m2acdec","tex":"$\\pi$","content-tex":"$\\cpi$"}}{"expression":{"context-references":{"chapter-title":"Elliptic Integrals","chapter-xmlid":"C19"},"xml-id":"C19.S2.E8.m1aedec","tex":"$K\\left(\\NVar{k}\\right)$","content-tex":"$\\compellintKk@{\\NVar{k}}$"}}{"expression":{"context-references":{"chapter-title":"Elliptic Integrals","chapter-xmlid":"C19"},"xml-id":"C19.S2.E4.m2adec","tex":"$F\\left(\\NVar{\\phi},\\NVar{k}\\right)$","content-tex":"$\\incellintFk@{\\NVar{\\phi}}{\\NVar{k}}$"}}{"expression":{"context-references":{"chapter-title":"Elliptic Integrals","chapter-xmlid":"C19"},"xml-id":"C19.S1.XMD4.m1dec","tex":"$\\phi$"}}{"expression":{"context-references":{"chapter-title":"Elliptic Integrals","chapter-xmlid":"C19"},"xml-id":"C19.S1.XMD5.m1edec","tex":"$k$"}}{"equation":{"symbols-used":[{"symbol":{"tex":"$R_{C}\\left(\\NVar{x},\\NVar{y}\\right)$","meaning":"Carlson\u2019s combination of inverse circular and inverse hyperbolic functions","idref":"C19.S2.E17","content-tex":"$\\CarlsonellintRC@{\\NVar{x}}{\\NVar{y}}$"}},{"symbol":{"tex":"$\\cos\\NVar{z}$","meaning":"cosine function","idref":"C4.S14.E2","content-tex":"$\\cos@@{\\NVar{z}}$"}},{"symbol":{"tex":"$F\\left(\\NVar{\\phi},\\NVar{k}\\right)$","meaning":"Legendre\u2019s incomplete elliptic integral of the first kind","idref":"C19.S2.E4","content-tex":"$\\incellintFk@{\\NVar{\\phi}}{\\NVar{k}}$"}},{"symbol":{"tex":"${\\operatorname{gd}^{-1}}\\left(\\NVar{x}\\right)$","meaning":"inverse Gudermannian function","idref":"C4.S23.E41","content-tex":"$\\aGudermannian@{\\NVar{x}}$"}},{"symbol":{"tex":"$\\sin\\NVar{z}$","meaning":"sine function","idref":"C4.S14.E1","content-tex":"$\\sin@@{\\NVar{z}}$"}},{"symbol":{"tex":"$\\phi$","meaning":"real or complex argument","idref":"C19.S1.p1.t1.r2"}}],"context-references":{"sentence-num-in-corpus":"11193","subsection-xmlid":"C19.S6.SS2","sentence-xmlid":"C19.S6.SS2.p1.s2","chapter-title":"Elliptic Integrals","chapter-xmlid":"C19","section-title":"Special Cases","sentence-num-in-chapter":"96","section-xmlid":"C19.S6","sentence-num-in-section":"8","para-num-of-sentences":"4","para-xmlid":"C19.S6.SS2.p1","subsection-title":"<Math mode=\"inline\" xml:id=\"C19.S6.SS2.m1\">F\\left(\\phi,k\\right)<\/Math>"},"xml-id":"C19.S6.E8","tex":"$F\\left(\\phi,1\\right)=(\\sin\\phi)R_{C}\\left(1,{\\cos^{2}}\\phi\\right)={ \\operatorname{gd}^{-1}}\\left(\\phi\\right).$","permalink":"http:\/\/dlmf.nist.gov\/19.6.E8","equation-number":"19.6.8","content-tex":"$\\incellintFk@{\\phi}{1}=(\\sin@@{\\phi})\\CarlsonellintRC@{1}{\\cos^{2}@@{\\phi}}= \\aGudermannian@{\\phi}.$"}}{"expression":{"context-references":{"chapter-title":"Elliptic Integrals","chapter-xmlid":"C19"},"xml-id":"C19.S6.SS2.p1.m1","tex":"$R_{C}$","content-tex":"$\\CarlsonellintRC$"}}{"expression":{"context-references":{"chapter-title":"Elliptic Integrals","chapter-xmlid":"C19"},"xml-id":"C19.S6.SS2.p1.m2","tex":"$R_{C}$","content-tex":"$\\CarlsonellintRC$"}}{"expression":{"context-references":{"sentence-num-in-corpus":"11194","subsection-xmlid":"C19.S6.SS2","sentence-xmlid":"C19.S6.SS2.p1.s3","chapter-title":"Elliptic Integrals","chapter-xmlid":"C19","section-title":"Special Cases","sentence-num-in-chapter":"97","section-xmlid":"C19.S6","sentence-num-in-section":"9","para-num-of-sentences":"4","para-xmlid":"C19.S6.SS2.p1","subsection-title":"<Math mode=\"inline\" xml:id=\"C19.S6.SS2.m1\">F\\left(\\phi,k\\right)<\/Math>"},"xml-id":"C19.S6.SS2.p1.m3","tex":"${\\operatorname{gd}^{-1}}\\left(\\phi\\right)$","content-tex":"$\\aGudermannian@{\\phi}$"}}{"expression":{"context-references":{"subsection-xmlid":"C19.S6.SS3","chapter-title":"Elliptic Integrals","chapter-xmlid":"C19","section-title":"Special Cases","section-xmlid":"C19.S6","subsection-title":"<Math mode=\"inline\" xml:id=\"C19.S6.SS3.m1\">E\\left(\\phi,k\\right)<\/Math>"},"xml-id":"C19.S6.SS3.m1","tex":"$E\\left(\\phi,k\\right)$","content-tex":"$\\incellintEk@{\\phi}{k}$"}}{"expression":{"context-references":{"chapter-title":"Elliptic Integrals","chapter-xmlid":"C19"},"xml-id":"C19.S6.SS3.m2","tex":"$E\\left(\\phi,k\\right)$","content-tex":"$\\incellintEk@{\\phi}{k}$"}}{"equation":{"symbols-used":[{"symbol":{"tex":"$\\pi$","meaning":"the ratio of the circumference of a circle to its diameter","idref":"C3.S12.E1","content-tex":"$\\cpi$"}},{"symbol":{"tex":"$E\\left(\\NVar{k}\\right)$","meaning":"Legendre\u2019s complete elliptic integral of the second kind","idref":"C19.S2.E8","content-tex":"$\\compellintEk@{\\NVar{k}}$"}},{"symbol":{"tex":"$E\\left(\\NVar{\\phi},\\NVar{k}\\right)$","meaning":"Legendre\u2019s incomplete elliptic integral of the second kind","idref":"C19.S2.E5","content-tex":"$\\incellintEk@{\\NVar{\\phi}}{\\NVar{k}}$"}},{"symbol":{"tex":"$\\sin\\NVar{z}$","meaning":"sine function","idref":"C4.S14.E1","content-tex":"$\\sin@@{\\NVar{z}}$"}},{"symbol":{"tex":"$\\phi$","meaning":"real or complex argument","idref":"C19.S1.p1.t1.r2"}},{"symbol":{"tex":"$k$","meaning":"real or complex modulus","idref":"C19.S1.p1.t1.r3"}}],"context-references":{"sentence-num-in-corpus":"11196","subsection-xmlid":"C19.S6.SS3","sentence-xmlid":"C19.S6.SS3.p1.s1","chapter-title":"Elliptic Integrals","chapter-xmlid":"C19","section-title":"Special Cases","sentence-num-in-chapter":"99","section-xmlid":"C19.S6","sentence-num-in-section":"11","para-num-of-sentences":"2","para-xmlid":"C19.S6.SS3.p1","subsection-title":"<Math mode=\"inline\" xml:id=\"C19.S6.SS3.m1\">E\\left(\\phi,k\\right)<\/Math>"},"xml-id":"C19.S6.E9","permalink":"http:\/\/dlmf.nist.gov\/19.6.E9","equation-number":"19.6.9","subequations":[{"subequation":{"xml-id":"C19.S6.Ex16","tex":"$E\\left(0,k\\right)=0,$","content-tex":"$\\incellintEk@{0}{k}=0,$"}},{"subequation":{"xml-id":"C19.S6.Ex17","tex":"$E\\left(\\phi,0\\right)=\\phi,$","content-tex":"$\\incellintEk@{\\phi}{0}=\\phi,$"}},{"subequation":{"xml-id":"C19.S6.Ex18","tex":"$E\\left(\\tfrac{1}{2}\\pi,1\\right)=1,$","content-tex":"$\\incellintEk@{\\tfrac{1}{2}\\pi}{1}=1,$"}},{"subequation":{"xml-id":"C19.S6.Ex19","tex":"$E\\left(\\phi,1\\right)=\\sin\\phi,$","content-tex":"$\\incellintEk@{\\phi}{1}=\\sin@@{\\phi},$"}},{"subequation":{"xml-id":"C19.S6.Ex20","tex":"$E\\left(\\tfrac{1}{2}\\pi,k\\right)=E\\left(k\\right).$","content-tex":"$\\incellintEk@{\\tfrac{1}{2}\\pi}{k}=\\compellintEk@{k}.$"}}]}}{"expression":{"context-references":{"chapter-title":"Elliptic Integrals","chapter-xmlid":"C19"},"xml-id":"C3.S12.E1.m2addec","tex":"$\\pi$","content-tex":"$\\cpi$"}}{"expression":{"context-references":{"chapter-title":"Elliptic Integrals","chapter-xmlid":"C19"},"xml-id":"C19.S2.E8.m2acdec","tex":"$E\\left(\\NVar{k}\\right)$","content-tex":"$\\compellintEk@{\\NVar{k}}$"}}{"expression":{"context-references":{"chapter-title":"Elliptic Integrals","chapter-xmlid":"C19"},"xml-id":"C19.S2.E5.m2adec","tex":"$E\\left(\\NVar{\\phi},\\NVar{k}\\right)$","content-tex":"$\\incellintEk@{\\NVar{\\phi}}{\\NVar{k}}$"}}{"expression":{"context-references":{"chapter-title":"Elliptic Integrals","chapter-xmlid":"C19"},"xml-id":"C4.S14.E1.m2aadec","tex":"$\\sin\\NVar{z}$","content-tex":"$\\sin@@{\\NVar{z}}$"}}{"expression":{"context-references":{"chapter-title":"Elliptic Integrals","chapter-xmlid":"C19"},"xml-id":"C19.S1.XMD4.m1bdec","tex":"$\\phi$"}}{"expression":{"context-references":{"chapter-title":"Elliptic Integrals","chapter-xmlid":"C19"},"xml-id":"C19.S1.XMD5.m1fdec","tex":"$k$"}}{"equation":{"symbols-used":[{"symbol":{"tex":"$E\\left(\\NVar{\\phi},\\NVar{k}\\right)$","meaning":"Legendre\u2019s incomplete elliptic integral of the second kind","idref":"C19.S2.E5","content-tex":"$\\incellintEk@{\\NVar{\\phi}}{\\NVar{k}}$"}},{"symbol":{"tex":"$\\phi$","meaning":"real or complex argument","idref":"C19.S1.p1.t1.r2"}},{"symbol":{"tex":"$k$","meaning":"real or complex modulus","idref":"C19.S1.p1.t1.r3"}}],"context-references":{"sentence-num-in-corpus":"11197","subsection-xmlid":"C19.S6.SS3","sentence-xmlid":"C19.S6.SS3.p1.s2","chapter-title":"Elliptic Integrals","chapter-xmlid":"C19","section-title":"Special Cases","sentence-num-in-chapter":"100","section-xmlid":"C19.S6","sentence-num-in-section":"12","para-num-of-sentences":"2","para-xmlid":"C19.S6.SS3.p1","subsection-title":"<Math mode=\"inline\" xml:id=\"C19.S6.SS3.m1\">E\\left(\\phi,k\\right)<\/Math>"},"xml-id":"C19.S6.E10","tex":"$\\lim_{\\phi\\to 0}\\ifrac{E\\left(\\phi,k\\right)}{\\phi}=1.$","permalink":"http:\/\/dlmf.nist.gov\/19.6.E10","equation-number":"19.6.10","content-tex":"$\\lim_{\\phi\\to 0}\\ifrac{\\incellintEk@{\\phi}{k}}{\\phi}=1.$"}}{"expression":{"context-references":{"subsection-xmlid":"C19.S6.SS4","chapter-title":"Elliptic Integrals","chapter-xmlid":"C19","section-title":"Special Cases","section-xmlid":"C19.S6","subsection-title":"<Math mode=\"inline\" xml:id=\"C19.S6.SS4.m1\">\\Pi\\left(\\phi,\\alpha^{2},k\\right)<\/Math>"},"xml-id":"C19.S6.SS4.m1","tex":"$\\Pi\\left(\\phi,\\alpha^{2},k\\right)$","content-tex":"$\\incellintPik@{\\phi}{\\alpha^{2}}{k}$"}}{"expression":{"context-references":{"chapter-title":"Elliptic Integrals","chapter-xmlid":"C19"},"xml-id":"C19.S6.SS4.m2","tex":"$\\Pi\\left(\\phi,\\alpha^{2},k\\right)$","content-tex":"$\\incellintPik@{\\phi}{\\alpha^{2}}{k}$"}}{"expression":{"context-references":{"chapter-title":"Elliptic Integrals","chapter-xmlid":"C19"},"xml-id":"C19.S6.SS4.info.m1","tex":"$\\alpha\\sin\\phi<1$","content-tex":"$\\alpha\\sin@@{\\phi}<1$"}}{"expression":{"context-references":{"sentence-num-in-corpus":"11198","subsection-xmlid":"C19.S6.SS4","sentence-xmlid":"C19.S6.SS4.p1.s1","chapter-title":"Elliptic Integrals","chapter-xmlid":"C19","section-title":"Special Cases","sentence-num-in-chapter":"101","section-xmlid":"C19.S6","sentence-num-in-section":"13","para-num-of-sentences":"6","para-xmlid":"C19.S6.SS4.p1","subsection-title":"<Math mode=\"inline\" xml:id=\"C19.S6.SS4.m1\">\\Pi\\left(\\phi,\\alpha^{2},k\\right)<\/Math>"},"xml-id":"C19.S6.SS4.p1.m1","tex":"$R_{C}\\left(x,y\\right)$","content-tex":"$\\CarlsonellintRC@{x}{y}$"}}{"expression":{"context-references":{"sentence-num-in-corpus":"11199","subsection-xmlid":"C19.S6.SS4","sentence-xmlid":"C19.S6.SS4.p1.s2","chapter-title":"Elliptic Integrals","chapter-xmlid":"C19","section-title":"Special Cases","sentence-num-in-chapter":"102","section-xmlid":"C19.S6","sentence-num-in-section":"14","para-num-of-sentences":"6","para-xmlid":"C19.S6.SS4.p1","subsection-title":"<Math mode=\"inline\" xml:id=\"C19.S6.SS4.m1\">\\Pi\\left(\\phi,\\alpha^{2},k\\right)<\/Math>"},"xml-id":"C19.S6.SS4.p1.m2","tex":"$c={\\csc^{2}}\\phi\\neq\\alpha^{2}$","content-tex":"$c=\\csc^{2}@@{\\phi}\\neq\\alpha^{2}$"}}{"expression":{"context-references":{"chapter-title":"Elliptic Integrals","chapter-xmlid":"C19"},"xml-id":"C19.S6.XMD1.m1","tex":"$\\Delta$"}}{"expression":{"context-references":{"sentence-num-in-corpus":"11199","subsection-xmlid":"C19.S6.SS4","sentence-xmlid":"C19.S6.SS4.p1.s2","chapter-title":"Elliptic Integrals","chapter-xmlid":"C19","section-title":"Special Cases","sentence-num-in-chapter":"102","section-xmlid":"C19.S6","sentence-num-in-section":"14","para-num-of-sentences":"6","para-xmlid":"C19.S6.SS4.p1","subsection-title":"<Math mode=\"inline\" xml:id=\"C19.S6.SS4.m1\">\\Pi\\left(\\phi,\\alpha^{2},k\\right)<\/Math>"},"xml-id":"C19.S6.SS4.p1.m3","tex":"$\\Delta=\\sqrt{1-k^{2}{\\sin^{2}}\\phi}$","content-tex":"$\\Delta=\\sqrt{1-k^{2}\\sin^{2}@@{\\phi}}$"}}{"equation":{"symbols-used":[{"symbol":{"tex":"$\\Pi\\left(\\NVar{\\phi},\\NVar{\\alpha}^{2},\\NVar{k}\\right)$","meaning":"Legendre\u2019s incomplete elliptic integral of the third kind","idref":"C19.S2.E7","content-tex":"$\\incellintPik@{\\NVar{\\phi}}{\\NVar{\\alpha}^{2}}{\\NVar{k}}$"}},{"symbol":{"tex":"$\\tan\\NVar{z}$","meaning":"tangent function","idref":"C4.S14.E4","content-tex":"$\\tan@@{\\NVar{z}}$"}},{"symbol":{"tex":"$\\phi$","meaning":"real or complex argument","idref":"C19.S1.p1.t1.r2"}},{"symbol":{"tex":"$k$","meaning":"real or complex modulus","idref":"C19.S1.p1.t1.r3"}},{"symbol":{"tex":"$\\alpha^{2}$","meaning":"real or complex parameter","idref":"C19.S1.p1.t1.r5"}}],"context-references":{"sentence-num-in-corpus":"11200","subsection-xmlid":"C19.S6.SS4","sentence-xmlid":"C19.S6.SS4.p1.s3","chapter-title":"Elliptic Integrals","chapter-xmlid":"C19","section-title":"Special Cases","sentence-num-in-chapter":"103","section-xmlid":"C19.S6","sentence-num-in-section":"15","para-num-of-sentences":"6","para-xmlid":"C19.S6.SS4.p1","subsection-title":"<Math mode=\"inline\" xml:id=\"C19.S6.SS4.m1\">\\Pi\\left(\\phi,\\alpha^{2},k\\right)<\/Math>"},"xml-id":"C19.S6.E11","permalink":"http:\/\/dlmf.nist.gov\/19.6.E11","equation-number":"19.6.11","subequations":[{"subequation":{"xml-id":"C19.S6.Ex21","tex":"$\\Pi\\left(0,\\alpha^{2},k\\right)=0,$","content-tex":"$\\incellintPik@{0}{\\alpha^{2}}{k}=0,$"}},{"subequation":{"xml-id":"C19.S6.Ex22","tex":"$\\Pi\\left(\\phi,0,0\\right)=\\phi,$","content-tex":"$\\incellintPik@{\\phi}{0}{0}=\\phi,$"}},{"subequation":{"xml-id":"C19.S6.Ex23","tex":"$\\Pi\\left(\\phi,1,0\\right)=\\tan\\phi.$","content-tex":"$\\incellintPik@{\\phi}{1}{0}=\\tan@@{\\phi}.$"}}]}}{"expression":{"context-references":{"chapter-title":"Elliptic Integrals","chapter-xmlid":"C19"},"xml-id":"C19.S2.E7.m2adec","tex":"$\\Pi\\left(\\NVar{\\phi},\\NVar{\\alpha}^{2},\\NVar{k}\\right)$","content-tex":"$\\incellintPik@{\\NVar{\\phi}}{\\NVar{\\alpha}^{2}}{\\NVar{k}}$"}}{"expression":{"context-references":{"chapter-title":"Elliptic Integrals","chapter-xmlid":"C19"},"xml-id":"C4.S14.E4.m2adec","tex":"$\\tan\\NVar{z}$","content-tex":"$\\tan@@{\\NVar{z}}$"}}{"expression":{"context-references":{"chapter-title":"Elliptic Integrals","chapter-xmlid":"C19"},"xml-id":"C19.S1.XMD4.m1ddec","tex":"$\\phi$"}}{"expression":{"context-references":{"chapter-title":"Elliptic Integrals","chapter-xmlid":"C19"},"xml-id":"C19.S1.XMD5.m1hdec","tex":"$k$"}}{"expression":{"context-references":{"chapter-title":"Elliptic Integrals","chapter-xmlid":"C19"},"xml-id":"C19.S1.XMD7.m1ddec","tex":"$\\alpha^{2}$"}}{"equation":{"symbols-used":[{"symbol":{"tex":"$R_{C}\\left(\\NVar{x},\\NVar{y}\\right)$","meaning":"Carlson\u2019s combination of inverse circular and inverse hyperbolic functions","idref":"C19.S2.E17","content-tex":"$\\CarlsonellintRC@{\\NVar{x}}{\\NVar{y}}$"}},{"symbol":{"tex":"$\\Pi\\left(\\NVar{\\phi},\\NVar{\\alpha}^{2},\\NVar{k}\\right)$","meaning":"Legendre\u2019s incomplete elliptic integral of the third kind","idref":"C19.S2.E7","content-tex":"$\\incellintPik@{\\NVar{\\phi}}{\\NVar{\\alpha}^{2}}{\\NVar{k}}$"}},{"symbol":{"tex":"$\\phi$","meaning":"real or complex argument","idref":"C19.S1.p1.t1.r2"}},{"symbol":{"tex":"$\\alpha^{2}$","meaning":"real or complex parameter","idref":"C19.S1.p1.t1.r5"}}],"context-references":{"sentence-num-in-corpus":"11201","subsection-xmlid":"C19.S6.SS4","sentence-xmlid":"C19.S6.SS4.p1.s4","chapter-title":"Elliptic Integrals","chapter-xmlid":"C19","section-title":"Special Cases","sentence-num-in-chapter":"104","section-xmlid":"C19.S6","sentence-num-in-section":"16","para-num-of-sentences":"6","para-xmlid":"C19.S6.SS4.p1","subsection-title":"<Math mode=\"inline\" xml:id=\"C19.S6.SS4.m1\">\\Pi\\left(\\phi,\\alpha^{2},k\\right)<\/Math>"},"xml-id":"C19.S6.E12","permalink":"http:\/\/dlmf.nist.gov\/19.6.E12","equation-number":"19.6.12","subequations":[{"subequation":{"xml-id":"C19.S6.Ex24","tex":"$\\Pi\\left(\\phi,\\alpha^{2},0\\right)=R_{C}\\left(c-1,c-\\alpha^{2}\\right),$","content-tex":"$\\incellintPik@{\\phi}{\\alpha^{2}}{0}=\\CarlsonellintRC@{c-1}{c-\\alpha^{2}},$"}},{"subequation":{"xml-id":"C19.S6.Ex25","tex":"$\\Pi\\left(\\phi,\\alpha^{2},1\\right)=\\frac{1}{1-\\alpha^{2}}\\left(R_{C}\\left(c,c-1 \\right)-\\alpha^{2}R_{C}\\left(c,c-\\alpha^{2}\\right)\\right),$","content-tex":"$\\incellintPik@{\\phi}{\\alpha^{2}}{1}=\\frac{1}{1-\\alpha^{2}}\\left( \\CarlsonellintRC@{c}{c-1}-\\alpha^{2}\\CarlsonellintRC@{c}{c-\\alpha^{2}}\\right),$"}},{"subequation":{"xml-id":"C19.S6.Ex26","tex":"$\\Pi\\left(\\phi,1,1\\right)=\\tfrac{1}{2}(R_{C}\\left(c,c-1\\right)+\\sqrt{c}(c-1)^{- 1}).$","content-tex":"$\\incellintPik@{\\phi}{1}{1}=\\tfrac{1}{2}(\\CarlsonellintRC@{c}{c-1}+\\sqrt{c}(c-1 )^{-1}).$"}}]}}{"expression":{"context-references":{"chapter-title":"Elliptic Integrals","chapter-xmlid":"C19"},"xml-id":"C19.S2.E17.m2aadec","tex":"$R_{C}\\left(\\NVar{x},\\NVar{y}\\right)$","content-tex":"$\\CarlsonellintRC@{\\NVar{x}}{\\NVar{y}}$"}}{"expression":{"context-references":{"chapter-title":"Elliptic Integrals","chapter-xmlid":"C19"},"xml-id":"C19.S2.E7.m2aadec","tex":"$\\Pi\\left(\\NVar{\\phi},\\NVar{\\alpha}^{2},\\NVar{k}\\right)$","content-tex":"$\\incellintPik@{\\NVar{\\phi}}{\\NVar{\\alpha}^{2}}{\\NVar{k}}$"}}{"expression":{"context-references":{"chapter-title":"Elliptic Integrals","chapter-xmlid":"C19"},"xml-id":"C19.S1.XMD4.m1edec","tex":"$\\phi$"}}{"expression":{"context-references":{"chapter-title":"Elliptic Integrals","chapter-xmlid":"C19"},"xml-id":"C19.S1.XMD7.m1edec","tex":"$\\alpha^{2}$"}}{"equation":{"symbols-used":[{"symbol":{"tex":"$\\cos\\NVar{z}$","meaning":"cosine function","idref":"C4.S14.E2","content-tex":"$\\cos@@{\\NVar{z}}$"}},{"symbol":{"tex":"$F\\left(\\NVar{\\phi},\\NVar{k}\\right)$","meaning":"Legendre\u2019s incomplete elliptic integral of the first kind","idref":"C19.S2.E4","content-tex":"$\\incellintFk@{\\NVar{\\phi}}{\\NVar{k}}$"}},{"symbol":{"tex":"$E\\left(\\NVar{\\phi},\\NVar{k}\\right)$","meaning":"Legendre\u2019s incomplete elliptic integral of the second kind","idref":"C19.S2.E5","content-tex":"$\\incellintEk@{\\NVar{\\phi}}{\\NVar{k}}$"}},{"symbol":{"tex":"$\\Pi\\left(\\NVar{\\phi},\\NVar{\\alpha}^{2},\\NVar{k}\\right)$","meaning":"Legendre\u2019s incomplete elliptic integral of the third kind","idref":"C19.S2.E7","content-tex":"$\\incellintPik@{\\NVar{\\phi}}{\\NVar{\\alpha}^{2}}{\\NVar{k}}$"}},{"symbol":{"tex":"$\\sin\\NVar{z}$","meaning":"sine function","idref":"C4.S14.E1","content-tex":"$\\sin@@{\\NVar{z}}$"}},{"symbol":{"tex":"$\\tan\\NVar{z}$","meaning":"tangent function","idref":"C4.S14.E4","content-tex":"$\\tan@@{\\NVar{z}}$"}},{"symbol":{"tex":"$\\phi$","meaning":"real or complex argument","idref":"C19.S1.p1.t1.r2"}},{"symbol":{"tex":"$k$","meaning":"real or complex modulus","idref":"C19.S1.p1.t1.r3"}},{"symbol":{"tex":"$k^{\\prime}$","meaning":"complementary modulus","idref":"C19.S1.p1.t1.r4"}},null],"context-references":{"sentence-num-in-corpus":"11202","subsection-xmlid":"C19.S6.SS4","sentence-xmlid":"C19.S6.SS4.p1.s5","chapter-title":"Elliptic Integrals","chapter-xmlid":"C19","section-title":"Special Cases","sentence-num-in-chapter":"105","section-xmlid":"C19.S6","sentence-num-in-section":"17","para-num-of-sentences":"6","para-xmlid":"C19.S6.SS4.p1","subsection-title":"<Math mode=\"inline\" xml:id=\"C19.S6.SS4.m1\">\\Pi\\left(\\phi,\\alpha^{2},k\\right)<\/Math>"},"xml-id":"C19.S6.E13","permalink":"http:\/\/dlmf.nist.gov\/19.6.E13","equation-number":"19.6.13","subequations":[{"subequation":{"xml-id":"C19.S6.Ex27","tex":"$\\Pi\\left(\\phi,0,k\\right)=F\\left(\\phi,k\\right),$","content-tex":"$\\incellintPik@{\\phi}{0}{k}=\\incellintFk@{\\phi}{k},$"}},{"subequation":{"xml-id":"C19.S6.Ex28","tex":"$\\Pi\\left(\\phi,k^{2},k\\right)=\\frac{1}{{k^{\\prime}}^{2}}\\left(E\\left(\\phi,k \\right)-\\frac{k^{2}}{\\Delta}\\sin\\phi\\cos\\phi\\right),$","content-tex":"$\\incellintPik@{\\phi}{k^{2}}{k}=\\frac{1}{{k^{\\prime}}^{2}}\\left(\\incellintEk@{ \\phi}{k}-\\frac{k^{2}}{\\Delta}\\sin@@{\\phi}\\cos@@{\\phi}\\right),$"}},{"subequation":{"xml-id":"C19.S6.Ex29","tex":"$\\Pi\\left(\\phi,1,k\\right)=F\\left(\\phi,k\\right)-\\frac{1}{{k^{\\prime}}^{2}}(E \\left(\\phi,k\\right)-\\Delta\\tan\\phi).$","content-tex":"$\\incellintPik@{\\phi}{1}{k}=\\incellintFk@{\\phi}{k}-\\frac{1}{{k^{\\prime}}^{2}}( \\incellintEk@{\\phi}{k}-\\Delta\\tan@@{\\phi}).$"}}]}}{"expression":{"context-references":{"chapter-title":"Elliptic Integrals","chapter-xmlid":"C19"},"xml-id":"C4.S14.E2.m2aadec","tex":"$\\cos\\NVar{z}$","content-tex":"$\\cos@@{\\NVar{z}}$"}}{"expression":{"context-references":{"chapter-title":"Elliptic Integrals","chapter-xmlid":"C19"},"xml-id":"C19.S2.E4.m2abdec","tex":"$F\\left(\\NVar{\\phi},\\NVar{k}\\right)$","content-tex":"$\\incellintFk@{\\NVar{\\phi}}{\\NVar{k}}$"}}{"expression":{"context-references":{"chapter-title":"Elliptic Integrals","chapter-xmlid":"C19"},"xml-id":"C19.S2.E5.m2abdec","tex":"$E\\left(\\NVar{\\phi},\\NVar{k}\\right)$","content-tex":"$\\incellintEk@{\\NVar{\\phi}}{\\NVar{k}}$"}}{"expression":{"context-references":{"chapter-title":"Elliptic Integrals","chapter-xmlid":"C19"},"xml-id":"C19.S2.E7.m2abdec","tex":"$\\Pi\\left(\\NVar{\\phi},\\NVar{\\alpha}^{2},\\NVar{k}\\right)$","content-tex":"$\\incellintPik@{\\NVar{\\phi}}{\\NVar{\\alpha}^{2}}{\\NVar{k}}$"}}{"expression":{"context-references":{"chapter-title":"Elliptic Integrals","chapter-xmlid":"C19"},"xml-id":"C4.S14.E1.m2abdec","tex":"$\\sin\\NVar{z}$","content-tex":"$\\sin@@{\\NVar{z}}$"}}{"expression":{"context-references":{"chapter-title":"Elliptic Integrals","chapter-xmlid":"C19"},"xml-id":"C4.S14.E4.m2aadec","tex":"$\\tan\\NVar{z}$","content-tex":"$\\tan@@{\\NVar{z}}$"}}{"expression":{"context-references":{"chapter-title":"Elliptic Integrals","chapter-xmlid":"C19"},"xml-id":"C19.S1.XMD4.m1fdec","tex":"$\\phi$"}}{"expression":{"context-references":{"chapter-title":"Elliptic Integrals","chapter-xmlid":"C19"},"xml-id":"C19.S1.XMD5.m1idec","tex":"$k$"}}{"expression":{"context-references":{"chapter-title":"Elliptic Integrals","chapter-xmlid":"C19"},"xml-id":"C19.S1.XMD6.m1bdec","tex":"$k^{\\prime}$"}}{"expression":{"context-references":{"chapter-title":"Elliptic Integrals","chapter-xmlid":"C19"},"xml-id":"C19.S6.XMD1.m1dec","tex":"$\\Delta$"}}{"equation":{"symbols-used":[{"symbol":{"tex":"$\\pi$","meaning":"the ratio of the circumference of a circle to its diameter","idref":"C3.S12.E1","content-tex":"$\\cpi$"}},{"symbol":{"tex":"$\\Pi\\left(\\NVar{\\alpha}^{2},\\NVar{k}\\right)$","meaning":"Legendre\u2019s complete elliptic integral of the third kind","idref":"C19.S2.E8","content-tex":"$\\compellintPik@{\\NVar{\\alpha}^{2}}{\\NVar{k}}$"}},{"symbol":{"tex":"$\\Pi\\left(\\NVar{\\phi},\\NVar{\\alpha}^{2},\\NVar{k}\\right)$","meaning":"Legendre\u2019s incomplete elliptic integral of the third kind","idref":"C19.S2.E7","content-tex":"$\\incellintPik@{\\NVar{\\phi}}{\\NVar{\\alpha}^{2}}{\\NVar{k}}$"}},{"symbol":{"tex":"$\\phi$","meaning":"real or complex argument","idref":"C19.S1.p1.t1.r2"}},{"symbol":{"tex":"$k$","meaning":"real or complex modulus","idref":"C19.S1.p1.t1.r3"}},{"symbol":{"tex":"$\\alpha^{2}$","meaning":"real or complex parameter","idref":"C19.S1.p1.t1.r5"}}],"context-references":{"sentence-num-in-corpus":"11203","subsection-xmlid":"C19.S6.SS4","sentence-xmlid":"C19.S6.SS4.p1.s6","chapter-title":"Elliptic Integrals","chapter-xmlid":"C19","section-title":"Special Cases","sentence-num-in-chapter":"106","section-xmlid":"C19.S6","sentence-num-in-section":"18","para-num-of-sentences":"6","para-xmlid":"C19.S6.SS4.p1","subsection-title":"<Math mode=\"inline\" xml:id=\"C19.S6.SS4.m1\">\\Pi\\left(\\phi,\\alpha^{2},k\\right)<\/Math>"},"xml-id":"C19.S6.E14","permalink":"http:\/\/dlmf.nist.gov\/19.6.E14","equation-number":"19.6.14","subequations":[{"subequation":{"xml-id":"C19.S6.Ex30","tex":"$\\Pi\\left(\\tfrac{1}{2}\\pi,\\alpha^{2},k\\right)=\\Pi\\left(\\alpha^{2},k\\right),$","content-tex":"$\\incellintPik@{\\tfrac{1}{2}\\pi}{\\alpha^{2}}{k}=\\compellintPik@{\\alpha^{2}}{k},$"}},{"subequation":{"xml-id":"C19.S6.Ex31","tex":"$\\lim_{\\phi\\to 0}\\ifrac{\\Pi\\left(\\phi,\\alpha^{2},k\\right)}{\\phi}=1.$","content-tex":"$\\lim_{\\phi\\to 0}\\ifrac{\\incellintPik@{\\phi}{\\alpha^{2}}{k}}{\\phi}=1.$"}}]}}{"expression":{"context-references":{"chapter-title":"Elliptic Integrals","chapter-xmlid":"C19"},"xml-id":"C3.S12.E1.m2aedec","tex":"$\\pi$","content-tex":"$\\cpi$"}}{"expression":{"context-references":{"chapter-title":"Elliptic Integrals","chapter-xmlid":"C19"},"xml-id":"C19.S2.E8.m4aedec","tex":"$\\Pi\\left(\\NVar{\\alpha}^{2},\\NVar{k}\\right)$","content-tex":"$\\compellintPik@{\\NVar{\\alpha}^{2}}{\\NVar{k}}$"}}{"expression":{"context-references":{"chapter-title":"Elliptic Integrals","chapter-xmlid":"C19"},"xml-id":"C19.S2.E7.m2acdec","tex":"$\\Pi\\left(\\NVar{\\phi},\\NVar{\\alpha}^{2},\\NVar{k}\\right)$","content-tex":"$\\incellintPik@{\\NVar{\\phi}}{\\NVar{\\alpha}^{2}}{\\NVar{k}}$"}}{"expression":{"context-references":{"chapter-title":"Elliptic Integrals","chapter-xmlid":"C19"},"xml-id":"C19.S1.XMD4.m1gdec","tex":"$\\phi$"}}{"expression":{"context-references":{"chapter-title":"Elliptic Integrals","chapter-xmlid":"C19"},"xml-id":"C19.S1.XMD5.m1jdec","tex":"$k$"}}{"expression":{"context-references":{"chapter-title":"Elliptic Integrals","chapter-xmlid":"C19"},"xml-id":"C19.S1.XMD7.m1fdec","tex":"$\\alpha^{2}$"}}{"expression":{"context-references":{"sentence-num-in-corpus":"11204","subsection-xmlid":"C19.S6.SS4","sentence-xmlid":"C19.S6.SS4.p2.s1","chapter-title":"Elliptic Integrals","chapter-xmlid":"C19","section-title":"Special Cases","sentence-num-in-chapter":"107","section-xmlid":"C19.S6","sentence-num-in-section":"19","para-num-of-sentences":"1","para-xmlid":"C19.S6.SS4.p2","subsection-title":"<Math mode=\"inline\" xml:id=\"C19.S6.SS4.m1\">\\Pi\\left(\\phi,\\alpha^{2},k\\right)<\/Math>"},"xml-id":"C19.S6.SS4.p2.m1","tex":"$\\Pi\\left(\\phi,\\alpha^{2},k\\right)$","content-tex":"$\\incellintPik@{\\phi}{\\alpha^{2}}{k}$"}}{"expression":{"context-references":{"sentence-num-in-corpus":"11204","subsection-xmlid":"C19.S6.SS4","sentence-xmlid":"C19.S6.SS4.p2.s1","chapter-title":"Elliptic Integrals","chapter-xmlid":"C19","section-title":"Special Cases","sentence-num-in-chapter":"107","section-xmlid":"C19.S6","sentence-num-in-section":"19","para-num-of-sentences":"1","para-xmlid":"C19.S6.SS4.p2","subsection-title":"<Math mode=\"inline\" xml:id=\"C19.S6.SS4.m1\">\\Pi\\left(\\phi,\\alpha^{2},k\\right)<\/Math>"},"xml-id":"C19.S6.SS4.p2.m2","tex":"$\\alpha^{2}>c$"}}{"expression":{"context-references":{"subsection-xmlid":"C19.S6.SS5","chapter-title":"Elliptic Integrals","chapter-xmlid":"C19","section-title":"Special Cases","section-xmlid":"C19.S6","subsection-title":"<Math mode=\"inline\" xml:id=\"C19.S6.SS5.m1\">R_{C}\\left(x,y\\right)<\/Math>"},"xml-id":"C19.S6.SS5.m1","tex":"$R_{C}\\left(x,y\\right)$","content-tex":"$\\CarlsonellintRC@{x}{y}$"}}{"expression":{"context-references":{"chapter-title":"Elliptic Integrals","chapter-xmlid":"C19"},"xml-id":"C19.S6.SS5.m2","tex":"$R_{C}\\left(x,y\\right)$","content-tex":"$\\CarlsonellintRC@{x}{y}$"}}{"expression":{"context-references":{"chapter-title":"Elliptic Integrals","chapter-xmlid":"C19"},"xml-id":"C19.S6.SS5.info.m1","tex":"$R_{C}$","content-tex":"$\\CarlsonellintRC$"}}{"expression":{"context-references":{"chapter-title":"Elliptic Integrals","chapter-xmlid":"C19"},"xml-id":"C19.S6.SS5.info.m2","tex":"$R_{C}$","content-tex":"$\\CarlsonellintRC$"}}{"expression":{"context-references":{"chapter-title":"Elliptic Integrals","chapter-xmlid":"C19"},"xml-id":"C19.S6.SS5.m3","tex":"$R_{C}$","content-tex":"$\\CarlsonellintRC$"}}{"expression":{"context-references":{"chapter-title":"Elliptic Integrals","chapter-xmlid":"C19"},"xml-id":"C19.S6.SS5.m4","tex":"$R_{C}$","content-tex":"$\\CarlsonellintRC$"}}{"equation":{"symbols-used":[{"symbol":{"tex":"$R_{C}\\left(\\NVar{x},\\NVar{y}\\right)$","meaning":"Carlson\u2019s combination of inverse circular and inverse hyperbolic functions","idref":"C19.S2.E17","content-tex":"$\\CarlsonellintRC@{\\NVar{x}}{\\NVar{y}}$"}},{"symbol":{"tex":"$\\pi$","meaning":"the ratio of the circumference of a circle to its diameter","idref":"C3.S12.E1","content-tex":"$\\cpi$"}},{"symbol":{"tex":"$\\operatorname{ph}$","meaning":"phase","idref":"C1.S9.E7","content-tex":"$\\phase$"}}],"context-references":{"sentence-num-in-corpus":"11205","subsection-xmlid":"C19.S6.SS5","sentence-xmlid":"C19.S6.SS5.p1.s1","chapter-title":"Elliptic Integrals","chapter-xmlid":"C19","section-title":"Special Cases","sentence-num-in-chapter":"108","section-xmlid":"C19.S6","sentence-num-in-section":"20","para-num-of-sentences":"1","para-xmlid":"C19.S6.SS5.p1","subsection-title":"<Math mode=\"inline\" xml:id=\"C19.S6.SS5.m1\">R_{C}\\left(x,y\\right)<\/Math>"},"xml-id":"C19.S6.E15","permalink":"http:\/\/dlmf.nist.gov\/19.6.E15","equation-number":"19.6.15","subequations":[{"subequation":{"xml-id":"C19.S6.Ex32","tex":"$R_{C}\\left(x,x\\right)=x^{-1\/2},$","content-tex":"$\\CarlsonellintRC@{x}{x}=x^{-1\/2},$"}},{"subequation":{"xml-id":"C19.S6.Ex33","tex":"$R_{C}\\left(\\lambda x,\\lambda y\\right)=\\lambda^{-1\/2}R_{C}\\left(x,y\\right),$","content-tex":"$\\CarlsonellintRC@{\\lambda x}{\\lambda y}=\\lambda^{-1\/2}\\CarlsonellintRC@{x}{y},$"}},{"subequation":{"xml-id":"C19.S6.Ex34","tex":"$R_{C}\\left(x,y\\right)\\to+\\infty,$","constraints":{"tex":"$y\\to 0+$ or $y\\to 0-$, $x>0$,"},"content-tex":"$\\CarlsonellintRC@{x}{y}\\to+\\infty,$"}},{"subequation":{"xml-id":"C19.S6.Ex35","tex":"$R_{C}\\left(0,y\\right)=\\tfrac{1}{2}\\pi y^{-1\/2},$","constraints":{"tex":"$|\\operatorname{ph}y|<\\pi$,","content-tex":"$|\\phase@@{y}|<\\pi$,"},"content-tex":"$\\CarlsonellintRC@{0}{y}=\\tfrac{1}{2}\\pi y^{-1\/2},$"}},{"subequation":{"xml-id":"C19.S6.Ex36","tex":"$R_{C}\\left(0,y\\right)=0,$","constraints":{"tex":"$y<0$."},"content-tex":"$\\CarlsonellintRC@{0}{y}=0,$"}}]}}{"expression":{"context-references":{"chapter-title":"Elliptic Integrals","chapter-xmlid":"C19"},"xml-id":"C19.S2.E17.m2abdec","tex":"$R_{C}\\left(\\NVar{x},\\NVar{y}\\right)$","content-tex":"$\\CarlsonellintRC@{\\NVar{x}}{\\NVar{y}}$"}}{"expression":{"context-references":{"chapter-title":"Elliptic Integrals","chapter-xmlid":"C19"},"xml-id":"C3.S12.E1.m2afdec","tex":"$\\pi$","content-tex":"$\\cpi$"}}{"expression":{"context-references":{"chapter-title":"Elliptic Integrals","chapter-xmlid":"C19"},"xml-id":"C1.S9.E7.m1adec","tex":"$\\operatorname{ph}$","content-tex":"$\\phase$"}}