<?xml version="1.0" encoding="UTF-8"?>
<section xml:id="C11.S14">
<title>Tables</title>        
 
<subsection xml:id="C11.S14.SS1">
<title>Introduction</title>        
 
<para xml:id="C11.S14.SS1.p1">

<sentence sentence-num-in-para="1" sentence-num-in-section="1" xml:id="C11.S14.SS1.p1.s1">
For tables before 1961 see Fletcher et al. (1962) andLebedev and Fedorova (1960).
</sentence>

<sentence sentence-num-in-para="2" sentence-num-in-section="2" xml:id="C11.S14.SS1.p1.s2">
Tables listed in these Indices are omitted from the subsections that follow.
</sentence>

</para>

 
</subsection>
 
<subsection xml:id="C11.S14.SS2">
<title>Struve Functions</title>        
  
<para xml:id="C11.S14.SS2.p1">

<sentence sentence-num-in-para="1" sentence-num-in-section="3" xml:id="C11.S14.SS2.p1.s1">
Abramowitz and Stegun (1964, Chapter 12) tabulates <Math mode="inline" xml:id="C11.S14.I1.i1.p1.m1">\mathbf{H}_{n}\left(x\right)</Math> , <Math mode="inline" xml:id="C11.S14.I1.i1.p1.m2">\mathbf{H}_{n}\left(x\right)-Y_{n}\left(x\right)</Math> , and <Math mode="inline" xml:id="C11.S14.I1.i1.p1.m3">I_{n}\left(x\right)-\mathbf{L}_{n}\left(x\right)</Math> for <Math mode="inline" xml:id="C11.S14.I1.i1.p1.m4">n=0,1</Math> and <Math mode="inline" xml:id="C11.S14.I1.i1.p1.m5">x=0(.1)</Math> 5, <Math mode="inline" xml:id="C11.S14.I1.i1.p1.m6">x^{-1}=0(.01)0.</Math>
</sentence>

<sentence sentence-num-in-para="2" sentence-num-in-section="4" xml:id="C11.S14.SS2.p1.s2">
2 to 6D or 7D.
</sentence>

<sentence sentence-num-in-para="3" sentence-num-in-section="5" xml:id="C11.S14.SS2.p1.s3">
Agrest et al. (1982) tabulates <Math mode="inline" xml:id="C11.S14.I1.i2.p1.m1">\mathbf{H}_{n}\left(x\right)</Math> and <Math mode="inline" xml:id="C11.S14.I1.i2.p1.m2">e^{-x}\mathbf{L}_{n}\left(x\right)</Math> for <Math mode="inline" xml:id="C11.S14.I1.i2.p1.m3">n=0,1</Math> and <Math mode="inline" xml:id="C11.S14.I1.i2.p1.m4">x=0(.001)5(.005)15(.01)10</Math> 0 to 11D.
</sentence>

<sentence sentence-num-in-para="4" sentence-num-in-section="6" xml:id="C11.S14.SS2.p1.s4">
Barrett (1964) tabulates <Math mode="inline" xml:id="C11.S14.I1.i3.p1.m1">\mathbf{L}_{n}\left(x\right)</Math> for <Math mode="inline" xml:id="C11.S14.I1.i3.p1.m2">n=0,1</Math> and <Math mode="inline" xml:id="C11.S14.I1.i3.p1.m3">x=0.2(.005)4(.05)10(.1)19.</Math>
</sentence>

<sentence sentence-num-in-para="5" sentence-num-in-section="7" xml:id="C11.S14.SS2.p1.s5">
2 to 5 or 6S, <Math mode="inline" xml:id="C11.S14.I1.i3.p1.m4">x=6(.25)59.5(.5)10</Math> 0 to 2S. Zanovello (1975) tabulates <Math mode="inline" xml:id="C11.S14.I1.i4.p1.m1">\mathbf{H}_{n}\left(x\right)</Math> for <Math mode="inline" xml:id="C11.S14.I1.i4.p1.m2">n=-4(1)15</Math> and <Math mode="inline" xml:id="C11.S14.I1.i4.p1.m3">x=0.5(.5)2</Math> 6 to 8D or 9S. Zhang and Jin (1996) tabulates <Math mode="inline" xml:id="C11.S14.I1.i5.p1.m1">\mathbf{H}_{n}\left(x\right)</Math> and <Math mode="inline" xml:id="C11.S14.I1.i5.p1.m2">\mathbf{L}_{n}\left(x\right)</Math> for <Math mode="inline" xml:id="C11.S14.I1.i5.p1.m3">n=-4(1)3</Math> and <Math mode="inline" xml:id="C11.S14.I1.i5.p1.m4">x=0(1)20</Math> to 8D or 7S.
</sentence>

</para>
 
</subsection>
 
<subsection xml:id="C11.S14.SS3">
<title>Integrals</title>        
 
 
<para xml:id="C11.S14.SS3.p1">

<sentence sentence-num-in-para="1" sentence-num-in-section="8" xml:id="C11.S14.SS3.p1.s1">
Abramowitz and Stegun (1964, Chapter 12) tabulates <Math mode="inline" xml:id="C11.S14.I2.i1.p1.m1">\int_{0}^{x}(I_{0}\left(t\right)-\mathbf{L}_{0}\left(t\right))\mathrm{d}t</Math> and <Math mode="inline" xml:id="C11.S14.I2.i1.p1.m2">(2/\pi)\int_{x}^{\infty}t^{-1}\mathbf{H}_{0}\left(t\right)\mathrm{d}t</Math> for <Math mode="inline" xml:id="C11.S14.I2.i1.p1.m3">x=0(.1)</Math> 5 to 5D or7D; <Math mode="inline" xml:id="C11.S14.I2.i1.p1.m4">\int_{0}^{x}(\mathbf{H}_{0}\left(t\right)-Y_{0}\left(t\right))\mathrm{d}t-(2/ \pi)\ln x</Math> , <Math mode="inline" xml:id="C11.S14.I2.i1.p1.m5">\int_{0}^{x}(I_{0}\left(t\right)-\mathbf{L}_{0}\left(t\right))\mathrm{d}t-(2/ \pi)\ln x</Math> , and <Math mode="inline" xml:id="C11.S14.I2.i1.p1.m6">\int_{x}^{\infty}t^{-1}(\mathbf{H}_{0}\left(t\right)-Y_{0}\left(t\right)) \mathrm{d}t</Math> for <Math mode="inline" xml:id="C11.S14.I2.i1.p1.m7">x^{-1}=0(.01)0.</Math>
</sentence>

<sentence sentence-num-in-para="2" sentence-num-in-section="9" xml:id="C11.S14.SS3.p1.s2">
2 to 6D.
</sentence>

<sentence sentence-num-in-para="3" sentence-num-in-section="10" xml:id="C11.S14.SS3.p1.s3">
Agrest et al. (1982) tabulates <Math mode="inline" xml:id="C11.S14.I2.i2.p1.m1">\int_{0}^{x}\mathbf{H}_{0}\left(t\right)\mathrm{d}t</Math> and <Math mode="inline" xml:id="C11.S14.I2.i2.p1.m2">e^{-x}\int_{0}^{x}\mathbf{L}_{0}\left(t\right)\mathrm{d}t</Math> for <Math mode="inline" xml:id="C11.S14.I2.i2.p1.m3">x=0(.001)5(.005)15(.01)10</Math> 0 to 11D.
</sentence>

</para>

 
</subsection>
 
<subsection xml:id="C11.S14.SS4">
<title>Anger–Weber Functions</title>        
  
<para xml:id="C11.S14.SS4.p1">

<sentence sentence-num-in-para="1" sentence-num-in-section="11" xml:id="C11.S14.SS4.p1.s1">
Bernard and Ishimaru (1962) tabulates <Math mode="inline" xml:id="C11.S14.I3.i1.p1.m1">\mathbf{J}_{\nu}\left(x\right)</Math> and <Math mode="inline" xml:id="C11.S14.I3.i1.p1.m2">\mathbf{E}_{\nu}\left(x\right)</Math> for <Math mode="inline" xml:id="C11.S14.I3.i1.p1.m3">\nu=-10(.1)1</Math> 0 and <Math mode="inline" xml:id="C11.S14.I3.i1.p1.m4">x=0(.1)1</Math> 0 to 5D.
</sentence>

<sentence sentence-num-in-para="2" sentence-num-in-section="12" xml:id="C11.S14.SS4.p1.s2">
Jahnke and Emde (1945) tabulates <Math mode="inline" xml:id="C11.S14.I3.i2.p1.m1">\mathbf{E}_{n}\left(x\right)</Math> for <Math mode="inline" xml:id="C11.S14.I3.i2.p1.m2">n=1,2</Math> and <Math mode="inline" xml:id="C11.S14.I3.i2.p1.m3">x=0(.01)14.9</Math> 9 to 4D.
</sentence>

</para>

 
</subsection>
 
<subsection xml:id="C11.S14.SS5">
<title>Incomplete Functions</title>        
   
<para xml:id="C11.S14.SS5.p1">

<sentence sentence-num-in-para="1" sentence-num-in-section="13" xml:id="C11.S14.SS5.p1.s1">
Agrest and Maksimov (1971, Chapter 11) defines incomplete Struve, Anger, and Weber functions and includes tables of an incomplete Struve function <Math mode="inline" xml:id="C11.S14.I4.i1.p1.m1">\mathbf{H}_{n}\left(x,\alpha\right)</Math> for <Math mode="inline" xml:id="C11.S14.I4.i1.p1.m2">n=0,1</Math> , <Math mode="inline" xml:id="C11.S14.I4.i1.p1.m3">x=0(.2)1</Math> 0, and <Math mode="inline" xml:id="C11.S14.I4.i1.p1.m4">\alpha=0(.2)1.4,\tfrac{1}{2}\p</Math> i, together with surface plots.
</sentence>

</para>

 
</subsection>
 
</section>
