<?xml version="1.0" encoding="UTF-8"?>
<section xml:id="C11.S16">
<title>Software</title>        
 
<para xml:id="C11.S16.p1">

</para>
 
<subsection xml:id="C11.S16.SS1">
<title>Introduction</title>         
<para xml:id="C11.S16.SS1.p1">

<sentence sentence-num-in-para="1" sentence-num-in-section="1" xml:id="C11.S16.SS1.p1.s1">
In this section we provide links to the research literature describingthe implementation of algorithms in software for the evaluation of functions described in this chapter.
</sentence>

<sentence sentence-num-in-para="2" sentence-num-in-section="2" xml:id="C11.S16.SS1.p1.s2">
Citations in bulleted lists refer to papers for which research software has been made available and can be downloaded via the Web.
</sentence>

<sentence sentence-num-in-para="3" sentence-num-in-section="3" xml:id="C11.S16.SS1.p1.s3">
References to research software that is available in other ways is listed separately.
</sentence>

</para>
 
<para xml:id="C11.S16.SS1.p2">

<sentence sentence-num-in-para="1" sentence-num-in-section="4" xml:id="C11.S16.SS1.p2.s1">
A more complete list of available software for computing these functions is found in the Software Index.
</sentence>

<sentence sentence-num-in-para="2" sentence-num-in-section="5" xml:id="C11.S16.SS1.p2.s2">
For another listing of Web-accessible software for the functions in this chapter, see .
</sentence>

</para>
 
</subsection>
 
<subsection xml:id="C11.S16.SS2">
<title>Struve Functions</title>        
 
<para xml:id="C11.S16.SS2.p1">

<sentence sentence-num-in-para="1" sentence-num-in-section="6" xml:id="C11.S16.SS2.p1.s1">
MacLeod (1996a).
</sentence>

<sentence sentence-num-in-para="2" sentence-num-in-section="7" xml:id="C11.S16.SS2.p1.s2">
Fortran.
</sentence>

</para>
 
</subsection>
 
<subsection xml:id="C11.S16.SS3">
<title>Integrals of Struve Functions</title>        
 
<para xml:id="C11.S16.SS3.p1">

<sentence sentence-num-in-para="1" sentence-num-in-section="8" xml:id="C11.S16.SS3.p1.s1">
No research software has been found for these functions.
</sentence>

<sentence sentence-num-in-para="2" sentence-num-in-section="9" xml:id="C11.S16.SS3.p1.s2">
For other software see the Software Index.
</sentence>

</para>
 
</subsection>
 
<subsection xml:id="C11.S16.SS4">
<title>Lommel Functions</title>        
 
<para xml:id="C11.S16.SS4.p1">

<sentence sentence-num-in-para="1" sentence-num-in-section="10" xml:id="C11.S16.SS4.p1.s1">
No research software has been found for these functions.
</sentence>

<sentence sentence-num-in-para="2" sentence-num-in-section="11" xml:id="C11.S16.SS4.p1.s2">
For other software see the Software Index.
</sentence>

</para>
 
</subsection>
 
<subsection xml:id="C11.S16.SS5">
<title>Anger and Weber Functions</title>        
 
<para xml:id="C11.S16.SS5.p1">

<sentence sentence-num-in-para="1" sentence-num-in-section="12" xml:id="C11.S16.SS5.p1.s1">
No research software has been found for these functions.
</sentence>

<sentence sentence-num-in-para="2" sentence-num-in-section="13" xml:id="C11.S16.SS5.p1.s2">
For other software see the Software Index.
</sentence>

</para>
 
</subsection>
 
<subsection xml:id="C11.S16.SS6">
<title>Integrals of Anger and Weber Functions</title>        
 
<para xml:id="C11.S16.SS6.p1">

<sentence sentence-num-in-para="1" sentence-num-in-section="14" xml:id="C11.S16.SS6.p1.s1">
No research software has been found for these functions.
</sentence>

<sentence sentence-num-in-para="2" sentence-num-in-section="15" xml:id="C11.S16.SS6.p1.s2">
For other software see the Software Index.
</sentence>

</para>

 
</subsection>
 
</section>
