<?xml version="1.0" encoding="UTF-8"?>
<section xml:id="C11.S1">
<title>Special Notation</title>           
<para xml:id="C11.S1.p1">

<sentence sentence-num-in-para="1" sentence-num-in-section="1" xml:id="C11.S1.p1.s1">
(For other notation see Notation for the Special Functions.)
</sentence>

<sentence sentence-num-in-para="2" sentence-num-in-section="2" sentence-num-in-table="1" xml:id="C11.S1.p1.t1.s1">
<Math mode="inline" xml:id="C11.S1.p1.t1.r1.m1">x</Math>
</sentence>

<sentence sentence-num-in-para="3" sentence-num-in-section="3" sentence-num-in-table="2" xml:id="C11.S1.p1.t1.s2">
real variable.  
</sentence>

<sentence sentence-num-in-para="4" sentence-num-in-section="4" sentence-num-in-table="3" xml:id="C11.S1.p1.t1.s3">
<Math mode="inline" xml:id="C11.S1.p1.t1.r2.m1">z</Math>
</sentence>

<sentence sentence-num-in-para="5" sentence-num-in-section="5" sentence-num-in-table="4" xml:id="C11.S1.p1.t1.s4">
complex variable.  
</sentence>

<sentence sentence-num-in-para="6" sentence-num-in-section="6" sentence-num-in-table="5" xml:id="C11.S1.p1.t1.s5">
<Math mode="inline" xml:id="C11.S1.p1.t1.r3.m1">\nu</Math>
</sentence>

<sentence sentence-num-in-para="7" sentence-num-in-section="7" sentence-num-in-table="6" xml:id="C11.S1.p1.t1.s6">
real or complex order.  
</sentence>

<sentence sentence-num-in-para="8" sentence-num-in-section="8" sentence-num-in-table="7" xml:id="C11.S1.p1.t1.s7">
<Math mode="inline" xml:id="C11.S1.p1.t1.r4.m1">n</Math>
</sentence>

<sentence sentence-num-in-para="9" sentence-num-in-section="9" sentence-num-in-table="8" xml:id="C11.S1.p1.t1.s8">
integer order.  
</sentence>

<sentence sentence-num-in-para="10" sentence-num-in-section="10" sentence-num-in-table="9" xml:id="C11.S1.p1.t1.s9">
<Math mode="inline" xml:id="C11.S1.p1.t1.r5.m1">k</Math>
</sentence>

<sentence sentence-num-in-para="11" sentence-num-in-section="11" sentence-num-in-table="10" xml:id="C11.S1.p1.t1.s10">
nonnegative integer.  
</sentence>

<sentence sentence-num-in-para="12" sentence-num-in-section="12" sentence-num-in-table="11" xml:id="C11.S1.p1.t1.s11">
<Math mode="inline" xml:id="C11.S1.p1.t1.r6.m1">\delta</Math>
</sentence>

<sentence sentence-num-in-para="13" sentence-num-in-section="13" sentence-num-in-table="12" xml:id="C11.S1.p1.t1.s12">
arbitrary small positive constant.  
</sentence>

</para>
 
<para xml:id="C11.S1.p2">

<sentence sentence-num-in-para="1" sentence-num-in-section="14" xml:id="C11.S1.p2.s1">
Unless indicated otherwise, primes denote derivatives with respect to the argument.
</sentence>

<sentence sentence-num-in-para="2" sentence-num-in-section="15" xml:id="C11.S1.p2.s2">
For the functions <Math mode="inline" xml:id="C11.S1.p2.m1">J_{\nu}\left(z\right)</Math> , <Math mode="inline" xml:id="C11.S1.p2.m2">Y_{\nu}\left(z\right)</Math> , <Math mode="inline" xml:id="C11.S1.p2.m3">{H^{(1)}_{\nu}}\left(z\right)</Math> , <Math mode="inline" xml:id="C11.S1.p2.m4">{H^{(2)}_{\nu}}\left(z\right)</Math> , <Math mode="inline" xml:id="C11.S1.p2.m5">I_{\nu}\left(z\right)</Math> , and <Math mode="inline" xml:id="C11.S1.p2.m6">K_{\nu}\left(z\right)</Math> see §§10.2(ii), 10.25(ii).
</sentence>

</para>

    
<para xml:id="C11.S1.p3">

<sentence sentence-num-in-para="1" sentence-num-in-section="16" xml:id="C11.S1.p3.s1">
The functions treated in this chapter are the Struve functions <Math mode="inline" xml:id="C11.S1.p3.m1">\mathbf{H}_{\nu}\left(z\right)</Math> and <Math mode="inline" xml:id="C11.S1.p3.m2">\mathbf{K}_{\nu}\left(z\right)</Math> , the modified Struve functions <Math mode="inline" xml:id="C11.S1.p3.m3">\mathbf{L}_{\nu}\left(z\right)</Math> and <Math mode="inline" xml:id="C11.S1.p3.m4">\mathbf{M}_{\nu}\left(z\right)</Math> , the Lommel functions <Math mode="inline" xml:id="C11.S1.p3.m5">s_{{\mu},{\nu}}\left(z\right)</Math> and <Math mode="inline" xml:id="C11.S1.p3.m6">S_{{\mu},{\nu}}\left(z\right)</Math> , the Anger function <Math mode="inline" xml:id="C11.S1.p3.m7">\mathbf{J}_{\nu}\left(z\right)</Math> , the Weber function <Math mode="inline" xml:id="C11.S1.p3.m8">\mathbf{E}_{\nu}\left(z\right)</Math> , and the associated Anger–Weber function <Math mode="inline" xml:id="C11.S1.p3.m9">\mathbf{A}_{\nu}\left(z\right)</Math>.
</sentence>

</para>
 
</section>
