<?xml version="1.0" encoding="UTF-8"?>
<section xml:id="C11.S15">
<title>Approximations</title>        
 
<subsection xml:id="C11.S15.SS1">
<title>Expansions in Chebyshev Series</title>        
   
<para xml:id="C11.S15.SS1.p1">

<sentence sentence-num-in-para="1" sentence-num-in-section="1" xml:id="C11.S15.SS1.p1.s1">
Luke (1975, pp. 416–421) gives Chebyshev-series expansions for <Math mode="inline" xml:id="C11.S15.I1.i1.p1.m1">\mathbf{H}_{n}\left(x\right)</Math> , <Math mode="inline" xml:id="C11.S15.I1.i1.p1.m2">\mathbf{L}_{n}\left(x\right)</Math> , <Math mode="inline" xml:id="C11.S15.I1.i1.p1.m3">0\leq\left|x\right|\leq 8</Math> , and <Math mode="inline" xml:id="C11.S15.I1.i1.p1.m4">\mathbf{H}_{n}\left(x\right)-Y_{n}\left(x\right)</Math> , <Math mode="inline" xml:id="C11.S15.I1.i1.p1.m5">x\geq 8</Math> , for <Math mode="inline" xml:id="C11.S15.I1.i1.p1.m6">n=0,1</Math> ; <Math mode="inline" xml:id="C11.S15.I1.i1.p1.m7">\int_{0}^{x}t^{-m}\mathbf{H}_{0}\left(t\right)\mathrm{d}t</Math> , <Math mode="inline" xml:id="C11.S15.I1.i1.p1.m8">\int_{0}^{x}t^{-m}\mathbf{L}_{0}\left(t\right)\mathrm{d}t</Math> , <Math mode="inline" xml:id="C11.S15.I1.i1.p1.m9">0\leq\left|x\right|\leq 8</Math> , <Math mode="inline" xml:id="C11.S15.I1.i1.p1.m10">m=0,1</Math> and <Math mode="inline" xml:id="C11.S15.I1.i1.p1.m11">\int_{0}^{x}(\mathbf{H}_{0}\left(t\right)-Y_{0}\left(t\right))\mathrm{d}t</Math> , <Math mode="inline" xml:id="C11.S15.I1.i1.p1.m12">\int_{x}^{\infty}t^{-1}(\mathbf{H}_{0}\left(t\right)-Y_{0}\left(t\right)) \mathrm{d}t</Math> , <Math mode="inline" xml:id="C11.S15.I1.i1.p1.m13">x\geq 8</Math> ; the coefficients are to 20D.
</sentence>

<sentence sentence-num-in-para="2" sentence-num-in-section="2" xml:id="C11.S15.SS1.p1.s2">
MacLeod (1993) gives Chebyshev-series expansions for <Math mode="inline" xml:id="C11.S15.I1.i2.p1.m1">\mathbf{L}_{0}\left(x\right)</Math> , <Math mode="inline" xml:id="C11.S15.I1.i2.p1.m2">\mathbf{L}_{1}\left(x\right)</Math> , <Math mode="inline" xml:id="C11.S15.I1.i2.p1.m3">0\leq x\leq 16</Math> , and <Math mode="inline" xml:id="C11.S15.I1.i2.p1.m4">I_{0}\left(x\right)-\mathbf{L}_{0}\left(x\right)</Math> , <Math mode="inline" xml:id="C11.S15.I1.i2.p1.m5">I_{1}\left(x\right)-\mathbf{L}_{1}\left(x\right)</Math> , <Math mode="inline" xml:id="C11.S15.I1.i2.p1.m6">x\geq 16</Math> ; the coefficients are to 20D.
</sentence>

</para>

 
</subsection>
 
<subsection xml:id="C11.S15.SS2">
<title>Rational and Polynomial Approximations</title>        
 
<para xml:id="C11.S15.SS2.p1">

<sentence sentence-num-in-para="1" sentence-num-in-section="3" xml:id="C11.S15.SS2.p1.s1">
Newman (1984) gives polynomial approximations for <Math mode="inline" xml:id="C11.S15.I2.i1.p1.m1">\mathbf{H}_{n}\left(x\right)</Math> for <Math mode="inline" xml:id="C11.S15.I2.i1.p1.m2">n=0,1</Math> , <Math mode="inline" xml:id="C11.S15.I2.i1.p1.m3">0\leq x\leq 3</Math> , and rational-fraction approximations for <Math mode="inline" xml:id="C11.S15.I2.i1.p1.m4">\mathbf{H}_{n}\left(x\right)-Y_{n}\left(x\right)</Math> for <Math mode="inline" xml:id="C11.S15.I2.i1.p1.m5">n=0,1</Math> , <Math mode="inline" xml:id="C11.S15.I2.i1.p1.m6">x\geq 3</Math>.
</sentence>

<sentence sentence-num-in-para="2" sentence-num-in-section="4" xml:id="C11.S15.SS2.p1.s2">
The maximum errors do not exceed 1.2×10⁻⁸ for the former and 2.5×10⁻⁸ for the latter.
</sentence>

</para>

 
</subsection>
 
</section>
