<?xml version="1.0" encoding="UTF-8"?>
<section xml:id="C11.S3">
<title>Graphics</title>        
 
<subsection xml:id="C11.S3.SS1">
<title>Struve Functions</title>                
     
<sentence sentence-num-in-section="1" xml:id="C11.S3.F1.s1">
Figure 11.3.1: <Math mode="inline" xml:id="C11.S3.F1.m4">\mathbf{H}_{\nu}\left(x\right)</Math> for <Math mode="inline" xml:id="C11.S3.F1.m5">0\leq x\leq 12</Math> and <Math mode="inline" xml:id="C11.S3.F1.m6">\nu=0,\frac{1}{2},1,\frac{3}{2},2,3</Math> .
</sentence>        
    
<sentence sentence-num-in-section="2" xml:id="C11.S3.F2.s1">
Figure 11.3.2: <Math mode="inline" xml:id="C11.S3.F2.m4">\mathbf{K}_{\nu}\left(x\right)</Math> for <Math mode="inline" xml:id="C11.S3.F2.m5">0&amp;lt;x\leq 16</Math> and <Math mode="inline" xml:id="C11.S3.F2.m6">\nu=0,\frac{1}{2},1,\frac{3}{2},2,3</Math> .
</sentence>          
     
<sentence sentence-num-in-section="3" xml:id="C11.S3.F3.s1">
Figure 11.3.3: <Math mode="inline" xml:id="C11.S3.F3.m4">\mathbf{H}_{\nu}\left(x\right)</Math> for <Math mode="inline" xml:id="C11.S3.F3.m5">0\leq x\leq 12</Math> and <Math mode="inline" xml:id="C11.S3.F3.m6">\nu=-3,-2,-\frac{3}{2},-1,-\frac{1}{2}</Math> .
</sentence>        
    
<sentence sentence-num-in-section="4" xml:id="C11.S3.F4.s1">
Figure 11.3.4: <Math mode="inline" xml:id="C11.S3.F4.m4">\mathbf{K}_{\nu}\left(x\right)</Math> for <Math mode="inline" xml:id="C11.S3.F4.m5">0&amp;lt;x\leq 16</Math> and <Math mode="inline" xml:id="C11.S3.F4.m6">\nu=-4,-3,-2,-1,0</Math> . If <Math mode="inline" xml:id="C11.S3.F4.m7">\nu=-\frac{1}{2},-\frac{3}{2}</Math> , …, then <Math mode="inline" xml:id="C11.S3.F4.m8">\mathbf{K}_{\nu}\left(x\right)</Math> is identically zero.
</sentence>  
        
    
<sentence sentence-num-in-section="5" xml:id="C11.S3.F5.s1">
Figure 11.3.5: <Math mode="inline" xml:id="C11.S3.F5.m4">\mathbf{H}_{\nu}\left(x\right)</Math> for <Math mode="inline" xml:id="C11.S3.F5.m5">0\leq x\leq 8</Math> and <Math mode="inline" xml:id="C11.S3.F5.m6">-4\leq\nu\leq 4</Math> .
</sentence>        
    
<sentence sentence-num-in-section="6" xml:id="C11.S3.F6.s1">
Figure 11.3.6: <Math mode="inline" xml:id="C11.S3.F6.m4">\mathbf{K}_{\nu}\left(x\right)</Math> for <Math mode="inline" xml:id="C11.S3.F6.m5">0\leq x\leq 8</Math> and <Math mode="inline" xml:id="C11.S3.F6.m6">-4\leq\nu\leq 4</Math> .
</sentence>  
            
<sentence sentence-num-in-section="7" xml:id="C11.S3.F7.s1">
Figure 11.3.7: <Math mode="inline" xml:id="C11.S3.F7.m4">\left|\mathbf{H}_{0}\left(x+iy\right)\right|</Math> for <Math mode="inline" xml:id="C11.S3.F7.m5">-8\leq x\leq 8</Math> and <Math mode="inline" xml:id="C11.S3.F7.m6">-3\leq y\leq 3</Math> .
</sentence>            
<sentence sentence-num-in-section="8" xml:id="C11.S3.F8.s1">
Figure 11.3.8: <Math mode="inline" xml:id="C11.S3.F8.m4">\left|\mathbf{K}_{0}\left(x+iy\right)\right|</Math> (principal value) for <Math mode="inline" xml:id="C11.S3.F8.m5">-8\leq x\leq 8</Math> and <Math mode="inline" xml:id="C11.S3.F8.m6">-3\leq y\leq 3</Math> . There is a cut along the negative real axis.
</sentence>   
<para xml:id="C11.S3.SS1.p1">

</para>
            
<sentence sentence-num-in-section="9" xml:id="C11.S3.F9.s1">
Figure 11.3.9: <Math mode="inline" xml:id="C11.S3.F9.m4">|\mathbf{H}_{\frac{1}{2}}\left(x+iy\right)|</Math> (principal value) for <Math mode="inline" xml:id="C11.S3.F9.m5">-8\leq x\leq 8</Math> and <Math mode="inline" xml:id="C11.S3.F9.m6">-3\leq y\leq 3</Math> . There is a cut along the negative real axis.
</sentence>            
<sentence sentence-num-in-section="10" xml:id="C11.S3.F10.s1">
Figure 11.3.10: <Math mode="inline" xml:id="C11.S3.F10.m4">|\mathbf{K}_{\frac{1}{2}}\left(x+iy\right)|</Math> (principal value) for <Math mode="inline" xml:id="C11.S3.F10.m5">-8\leq x\leq 8</Math> and <Math mode="inline" xml:id="C11.S3.F10.m6">-3\leq y\leq 3</Math> . There is a cut along the negative real axis.
</sentence>              
<sentence sentence-num-in-section="11" xml:id="C11.S3.F11.s1">
Figure 11.3.11: <Math mode="inline" xml:id="C11.S3.F11.m4">\left|\mathbf{H}_{1}\left(x+iy\right)\right|</Math> for <Math mode="inline" xml:id="C11.S3.F11.m5">-8.5\leq x\leq 8.5</Math> and <Math mode="inline" xml:id="C11.S3.F11.m6">-3\leq y\leq 3</Math> .
</sentence> 
           
<sentence sentence-num-in-section="12" xml:id="C11.S3.F12.s1">
Figure 11.3.12: <Math mode="inline" xml:id="C11.S3.F12.m4">\left|\mathbf{K}_{1}\left(x+iy\right)\right|</Math> (principal value) for <Math mode="inline" xml:id="C11.S3.F12.m5">-8\leq x\leq 8</Math> and <Math mode="inline" xml:id="C11.S3.F12.m6">-3\leq y\leq 3</Math> . There is a cut along the negative real axis.
</sentence>   
</subsection>
 
<subsection xml:id="C11.S3.SS2">
<title>Modified Struve Functions</title>        
        
    
<sentence sentence-num-in-section="13" xml:id="C11.S3.F13.s1">
Figure 11.3.13: <Math mode="inline" xml:id="C11.S3.F13.m4">\mathbf{L}_{\nu}\left(x\right)</Math> for <Math mode="inline" xml:id="C11.S3.F13.m5">0\leq x&amp;lt;4.3</Math>8 and <Math mode="inline" xml:id="C11.S3.F13.m6">\nu=0,\frac{1}{2},1,\frac{3}{2},2,3</Math> .
</sentence>        
    
<sentence sentence-num-in-section="14" xml:id="C11.S3.F14.s1">
Figure 11.3.14: <Math mode="inline" xml:id="C11.S3.F14.m4">\mathbf{M}_{\nu}\left(x\right)</Math> for <Math mode="inline" xml:id="C11.S3.F14.m5">0\leq x\leq 16</Math> and <Math mode="inline" xml:id="C11.S3.F14.m6">\nu=0,\frac{1}{2},1,\frac{3}{2},2,3</Math> .
</sentence>          
    
<sentence sentence-num-in-section="15" xml:id="C11.S3.F15.s1">
Figure 11.3.15: <Math mode="inline" xml:id="C11.S3.F15.m4">\mathbf{L}_{\nu}\left(x\right)</Math> for <Math mode="inline" xml:id="C11.S3.F15.m5">0\leq x&amp;lt;4.2</Math>5 and <Math mode="inline" xml:id="C11.S3.F15.m6">\nu=-3,-2,-\frac{3}{2},-1,-\frac{1}{2}</Math> .
</sentence>        
    
<sentence sentence-num-in-section="16" xml:id="C11.S3.F16.s1">
Figure 11.3.16: <Math mode="inline" xml:id="C11.S3.F16.m4">\mathbf{M}_{\nu}\left(x\right)</Math> for <Math mode="inline" xml:id="C11.S3.F16.m5">0&amp;lt;x\leq 16</Math> and <Math mode="inline" xml:id="C11.S3.F16.m6">\nu=-3,-2,-\frac{3}{2},-1,-\frac{1}{2}</Math> .
</sentence>  
        
    
<sentence sentence-num-in-section="17" xml:id="C11.S3.F17.s1">
Figure 11.3.17: <Math mode="inline" xml:id="C11.S3.F17.m4">\mathbf{L}_{\nu}\left(x\right)</Math> for <Math mode="inline" xml:id="C11.S3.F17.m5">0\leq x\leq 5.6</Math> and <Math mode="inline" xml:id="C11.S3.F17.m6">-4\leq\nu\leq 4</Math> .
</sentence>        
    
<sentence sentence-num-in-section="18" xml:id="C11.S3.F18.s1">
Figure 11.3.18: <Math mode="inline" xml:id="C11.S3.F18.m4">\mathbf{M}_{\nu}\left(x\right)</Math> for <Math mode="inline" xml:id="C11.S3.F18.m5">0\leq x\leq 8</Math> and <Math mode="inline" xml:id="C11.S3.F18.m6">-4\leq\nu\leq 4</Math> .
</sentence>   
<para xml:id="C11.S3.SS2.p1">

</para>
            
<sentence sentence-num-in-section="19" xml:id="C11.S3.F19.s1">
Figure 11.3.19: <Math mode="inline" xml:id="C11.S3.F19.m4">|\mathbf{M}_{-\frac{1}{2}}\left(x+iy\right)|</Math> (principal value) for <Math mode="inline" xml:id="C11.S3.F19.m5">-3\leq x\leq 3</Math> and <Math mode="inline" xml:id="C11.S3.F19.m6">-3\leq y\leq 3</Math> . There is a cut along the negative real axis.
</sentence>            
<sentence sentence-num-in-section="20" xml:id="C11.S3.F20.s1">
Figure 11.3.20: <Math mode="inline" xml:id="C11.S3.F20.m4">|\mathbf{M}_{\frac{1}{2}}\left(x+iy\right)|</Math> (principal value) for <Math mode="inline" xml:id="C11.S3.F20.m5">-3\leq x\leq 3</Math> and <Math mode="inline" xml:id="C11.S3.F20.m6">-3\leq y\leq 3</Math> . There is a cut along the negative real axis.
</sentence> 
 
  
</subsection>
 
</section>
