<?xml version="1.0" encoding="UTF-8"?>
<section xml:id="C11.S4">
<title>Basic Properties</title>        
 
<subsection xml:id="C11.S4.SS1">
<title>Half-Integer Orders</title>        
  
<para xml:id="C11.S4.SS1.p1">

<sentence sentence-num-in-para="1" sentence-num-in-section="1" xml:id="C11.S4.SS1.p1.s1">
For <Math mode="inline" xml:id="C11.S4.SS1.p1.m1">n=0,1,2,\dots</Math> , <Math equation-number="11.4.1" mode="display" xml:id="C11.S4.E1">\mathbf{K}_{n+\frac{1}{2}}\left(z\right)=\left(\frac{2}{\pi z}\right)^{\frac{1 }{2}}\sum_{m=0}^{n}\frac{(2m)!\,2^{-2m}}{m!\,(n-m)!}\,(\tfrac{1}{2}z)^{n-2m}</Math> , <Math equation-number="11.4.2" mode="display" xml:id="C11.S4.E2">\mathbf{L}_{n+\frac{1}{2}}\left(z\right)=I_{-n-\frac{1}{2}}\left(z\right)- \left(\frac{2}{\pi z}\right)^{\frac{1}{2}}\sum_{m=0}^{n}\frac{(-1)^{m}(2m)!\,2 ^{-2m}}{m!\,(n-m)!}\,(\tfrac{1}{2}z)^{n-2m}</Math> , <Math equation-number="11.4.3" mode="display" xml:id="C11.S4.E3">\mathbf{H}_{-n-\frac{1}{2}}\left(z\right)=(-1)^{n}J_{n+\frac{1}{2}}\left(z \right),</Math> , <Math equation-number="11.4.4" mode="display" xml:id="C11.S4.E4">\mathbf{L}_{-n-\frac{1}{2}}\left(z\right)=I_{n+\frac{1}{2}}\left(z\right)</Math>.
</sentence>

<sentence sentence-num-in-para="2" sentence-num-in-section="2" xml:id="C11.S4.SS1.p1.s2">
<Math equation-number="11.4.5" mode="display" xml:id="C11.S4.E5">\mathbf{H}_{\frac{1}{2}}\left(z\right)=\left(\frac{2}{\pi z}\right)^{\frac{1}{ 2}}(1-\cos z),</Math> , <Math equation-number="11.4.6" mode="display" xml:id="C11.S4.E6">\mathbf{H}_{-\frac{1}{2}}\left(z\right)=\left(\frac{2}{\pi z}\right)^{\frac{1} {2}}\sin z,</Math> <Math equation-number="11.4.7" mode="display" xml:id="C11.S4.E7">\mathbf{L}_{\frac{1}{2}}\left(z\right)=\left(\frac{2}{\pi z}\right)^{\frac{1}{ 2}}(\cosh z-1),</Math> , <Math equation-number="11.4.8" mode="display" xml:id="C11.S4.E8">\mathbf{L}_{-\frac{1}{2}}\left(z\right)=\left(\frac{2}{\pi z}\right)^{\frac{1} {2}}\sinh z,</Math> 
</sentence>

</para>

 
<para xml:id="C11.S4.SS1.p2">

<sentence sentence-num-in-para="1" sentence-num-in-section="3" xml:id="C11.S4.SS1.p2.s1">
 <Math equation-number="11.4.9" mode="display" xml:id="C11.S4.E9">\mathbf{H}_{\frac{3}{2}}\left(z\right)=\left(\frac{z}{2\pi}\right)^{\frac{1}{2 }}\left(1+\frac{2}{z^{2}}\right)-\left(\frac{2}{\pi z}\right)^{\frac{1}{2}} \left(\sin z+\frac{\cos z}{z}\right),</Math> <Math equation-number="11.4.10" mode="display" xml:id="C11.S4.E10">\mathbf{H}_{-\frac{3}{2}}\left(z\right)=\left(\frac{2}{\pi z}\right)^{\frac{1} {2}}\left(\cos z-\frac{\sin z}{z}\right),</Math> <Math equation-number="11.4.11" mode="display" xml:id="C11.S4.E11">\mathbf{L}_{\frac{3}{2}}\left(z\right)=-\left(\frac{z}{2\pi}\right)^{\frac{1}{ 2}}\left(1-\frac{2}{z^{2}}\right)+\left(\frac{2}{\pi z}\right)^{\frac{1}{2}} \left(\sinh z-\frac{\cosh z}{z}\right),</Math> <Math equation-number="11.4.12" mode="display" xml:id="C11.S4.E12">\mathbf{L}_{-\frac{3}{2}}\left(z\right)=\left(\frac{2}{\pi z}\right)^{\frac{1} {2}}\left(\cosh z-\frac{\sinh z}{z}\right)</Math>.
</sentence>

</para>

 
</subsection>
 
<subsection xml:id="C11.S4.SS2">
<title>Inequalities</title>        
  
<para xml:id="C11.S4.SS2.p1">

<sentence sentence-num-in-para="1" sentence-num-in-section="4" xml:id="C11.S4.SS2.p1.s1">
 <Math equation-number="11.4.13" mode="display" xml:id="C11.S4.E13">\mathbf{H}_{\nu}\left(x\right)\geq 0, if x&gt;0, \nu\geq\tfrac{1}{2}</Math>.
</sentence>

<sentence sentence-num-in-para="2" sentence-num-in-section="5" xml:id="C11.S4.SS2.p1.s2">
<Math equation-number="11.4.14" mode="display" xml:id="C11.S4.E14">\mathbf{H}_{\nu}\left(z\right)=\frac{2(\tfrac{1}{2}z)^{\nu+1}}{\sqrt{\pi} \Gamma\left(\nu+\tfrac{3}{2}\right)}(1+\vartheta), if \nu\neq-\tfrac{3}{2},-\tfrac{5}{2},-\tfrac{7}{2},\dots,</Math> where <Math equation-number="11.4.15" mode="display" xml:id="C11.S4.E15">|\vartheta|&lt;\frac{2}{3}\exp\left(\frac{\tfrac{1}{4}|z|^{2}}{|\nu_{0}+\tfrac{3} {2}|}-1\right),</Math> and <Math mode="inline" xml:id="C11.S4.SS2.p1.m1">|\nu_{0}+\tfrac{3}{2}|</Math> is the smallest of the numbers <Math mode="inline" xml:id="C11.S4.SS2.p1.m2">|\nu+\tfrac{3}{2}|</Math> , <Math mode="inline" xml:id="C11.S4.SS2.p1.m3">|\nu+\tfrac{5}{2}|</Math> , <Math mode="inline" xml:id="C11.S4.SS2.p1.m4">|\nu+\tfrac{9}{2}|,\dots</Math>.
</sentence>

</para>

 
</subsection>
 
<subsection xml:id="C11.S4.SS3">
<title>Analytic Continuation</title>        
 
 
<para xml:id="C11.S4.SS3.p1">

<sentence sentence-num-in-para="1" sentence-num-in-section="6" xml:id="C11.S4.SS3.p1.s1">
 <Math equation-number="11.4.16" mode="display" xml:id="C11.S4.E16">\mathbf{H}_{\nu}\left(ze^{m\pi i}\right)=e^{m\pi i(\nu+1)}\mathbf{H}_{\nu} \left(z\right), if m\in\mathbb{Z},</Math> <Math equation-number="11.4.17" mode="display" xml:id="C11.S4.E17">\mathbf{L}_{\nu}\left(ze^{m\pi i}\right)=e^{m\pi i(\nu+1)}\mathbf{L}_{\nu} \left(z\right), if m\in\mathbb{Z}</Math>.
</sentence>

</para>

 
</subsection>
 
<subsection xml:id="C11.S4.SS4">
<title>Expansions in Series of Bessel Functions</title>        
 
 
<para xml:id="C11.S4.SS4.p1">

<sentence sentence-num-in-para="1" sentence-num-in-section="7" xml:id="C11.S4.SS4.p1.s1">
 <Math equation-number="11.4.18" mode="display" xml:id="C11.S4.E18">\mathbf{H}_{\nu}\left(z\right)=\frac{4}{\pi^{1/2}\Gamma\left(\nu+\tfrac{1}{2} \right)}\*\sum_{k=0}^{\infty}\frac{(2k+\nu+1)\Gamma\left(k+\nu+1\right)}{k!(2k +1)(2k+2\nu+1)}J_{2k+\nu+1}\left(z\right), if \nu\neq-1,-2,-3,\dots,</Math> <Math equation-number="11.4.19" mode="display" xml:id="C11.S4.E19">\mathbf{H}_{\nu}\left(z\right)=\left(\frac{z}{2\pi}\right)^{1/2}\sum_{k=0}^{ \infty}\frac{(\tfrac{1}{2}z)^{k}}{k!(k+\tfrac{1}{2})}J_{k+\nu+\frac{1}{2}} \left(z\right),</Math> <Math equation-number="11.4.20" mode="display" xml:id="C11.S4.E20">\mathbf{H}_{\nu}\left(z\right)=\frac{(\tfrac{1}{2}z)^{\nu+\frac{1}{2}}}{\Gamma \left(\nu+\tfrac{1}{2}\right)}\sum_{k=0}^{\infty}\frac{(\tfrac{1}{2}z)^{k}}{k! (k+\nu+\tfrac{1}{2})}J_{k+\frac{1}{2}}\left(z\right),</Math> <Math equation-number="11.4.21" mode="display" xml:id="C11.S4.E21">\mathbf{H}_{0}\left(z\right)=\frac{4}{\pi}\sum_{k=0}^{\infty}\frac{J_{2k+1} \left(z\right)}{2k+1}=2\sum_{k=0}^{\infty}(-1)^{k}{J_{k+\frac{1}{2}}^{2}}\left (\tfrac{1}{2}z\right),</Math> <Math equation-number="11.4.22" mode="display" xml:id="C11.S4.E22">\mathbf{H}_{1}\left(z\right)=\frac{2}{\pi}(1-J_{0}\left(z\right))+\frac{4}{\pi }\sum_{k=1}^{\infty}\frac{J_{2k}\left(z\right)}{4k^{2}-1}=4\sum_{k=0}^{\infty} J_{2k+\frac{1}{2}}\left(\tfrac{1}{2}z\right)J_{2k+\frac{3}{2}}\left(\tfrac{1}{ 2}z\right)</Math>.
</sentence>

<sentence sentence-num-in-para="2" sentence-num-in-section="8" xml:id="C11.S4.SS4.p1.s2">
For these and further results see Luke (1969b, §9.4.5), and §10.23(iii).
</sentence>

</para>
 
</subsection>
 
<subsection xml:id="C11.S4.SS5">
<title>Recurrence Relations and Derivatives</title>        
   
<para xml:id="C11.S4.SS5.p1">

<sentence sentence-num-in-para="1" sentence-num-in-section="9" xml:id="C11.S4.SS5.p1.s1">
 <Math equation-number="11.4.23" mode="display" xml:id="C11.S4.E23">\mathbf{H}_{\nu-1}\left(z\right)+\mathbf{H}_{\nu+1}\left(z\right)=\frac{2\nu}{ z}\mathbf{H}_{\nu}\left(z\right)+\frac{(\tfrac{1}{2}z)^{\nu}}{\sqrt{\pi}\Gamma \left(\nu+\tfrac{3}{2}\right)},</Math> , <Math equation-number="11.4.24" mode="display" xml:id="C11.S4.E24">\mathbf{H}_{\nu-1}\left(z\right)-\mathbf{H}_{\nu+1}\left(z\right)=2\!\mathbf{H }_{\nu}'\left(z\right)-\frac{(\tfrac{1}{2}z)^{\nu}}{\sqrt{\pi}\Gamma\left(\nu+ \tfrac{3}{2}\right)},</Math> , <Math equation-number="11.4.25" mode="display" xml:id="C11.S4.E25">\mathbf{L}_{\nu-1}\left(z\right)-\mathbf{L}_{\nu+1}\left(z\right)=\frac{2\nu}{ z}\mathbf{L}_{\nu}\left(z\right)+\frac{(\tfrac{1}{2}z)^{\nu}}{\sqrt{\pi}\Gamma \left(\nu+\tfrac{3}{2}\right)},</Math> , <Math equation-number="11.4.26" mode="display" xml:id="C11.S4.E26">\mathbf{L}_{\nu-1}\left(z\right)+\mathbf{L}_{\nu+1}\left(z\right)=2\!\mathbf{L }_{\nu}'\left(z\right)-\frac{(\tfrac{1}{2}z)^{\nu}}{\sqrt{\pi}\Gamma\left(\nu+ \tfrac{3}{2}\right)}</Math>.
</sentence>

<sentence sentence-num-in-para="2" sentence-num-in-section="10" xml:id="C11.S4.SS5.p1.s2">
<Math equation-number="11.4.27" mode="display" xml:id="C11.S4.E27">\frac{\mathrm{d}}{\mathrm{d}z}\left(z^{\nu}\mathbf{H}_{\nu}\left(z\right) \right)=z^{\nu}\mathbf{H}_{\nu-1}\left(z\right),</Math> <Math equation-number="11.4.28" mode="display" xml:id="C11.S4.E28">\frac{\mathrm{d}}{\mathrm{d}z}\left(z^{-\nu}\mathbf{H}_{\nu}\left(z\right) \right)=\frac{2^{-\nu}}{\sqrt{\pi}\Gamma\left(\nu+\tfrac{3}{2}\right)}-z^{-\nu }\mathbf{H}_{\nu+1}\left(z\right),</Math> <Math equation-number="11.4.29" mode="display" xml:id="C11.S4.E29">\frac{\mathrm{d}}{\mathrm{d}z}\left(z^{\nu}\mathbf{L}_{\nu}\left(z\right) \right)=z^{\nu}\mathbf{L}_{\nu-1}\left(z\right),</Math> <Math equation-number="11.4.30" mode="display" xml:id="C11.S4.E30">\frac{\mathrm{d}}{\mathrm{d}z}\left(z^{-\nu}\mathbf{L}_{\nu}\left(z\right) \right)=\frac{2^{-\nu}}{\sqrt{\pi}\Gamma\left(\nu+\tfrac{3}{2}\right)}+z^{-\nu }\mathbf{L}_{\nu+1}\left(z\right)</Math>.
</sentence>

<sentence sentence-num-in-para="3" sentence-num-in-section="11" xml:id="C11.S4.SS5.p1.s3">
<Math equation-number="11.4.31" mode="display" xml:id="C11.S4.E31">{\cal H}_{\nu-m}(z)=z^{m-\nu}\left(\frac{1}{z}\frac{\mathrm{d}}{\mathrm{d}z} \right)^{m}(z^{\nu}{\cal H}_{\nu}(z)), if m=1,2,3,\dots,</Math> where <Math mode="inline" xml:id="C11.S4.SS5.p1.m1">{\cal H}_{\nu}(z)</Math> denotes either <Math mode="inline" xml:id="C11.S4.SS5.p1.m2">\mathbf{H}_{\nu}\left(z\right)</Math> or <Math mode="inline" xml:id="C11.S4.SS5.p1.m3">\mathbf{L}_{\nu}\left(z\right)</Math>.
</sentence>

<sentence sentence-num-in-para="4" sentence-num-in-section="12" xml:id="C11.S4.SS5.p1.s4">
<Math equation-number="11.4.32" mode="display" xml:id="C11.S4.E32">\mathbf{H}_{0}'\left(z\right)=\frac{2}{\pi}-\mathbf{H}_{1}\left(z\right),\frac{\mathrm{d}}{\mathrm{d}z}(z\mathbf{H}_{1}\left(z\right))=z\mathbf{H}_{0} \left(z\right),</Math> <Math equation-number="11.4.33" mode="display" xml:id="C11.S4.E33">\mathbf{L}_{0}'\left(z\right)=\frac{2}{\pi}+\mathbf{L}_{1}\left(z\right),\frac{\mathrm{d}}{\mathrm{d}z}(z\mathbf{L}_{1}\left(z\right))=z\mathbf{L}_{0} \left(z\right)</Math>.
</sentence>

</para>
 
</subsection>
 
<subsection xml:id="C11.S4.SS6">
<title>Derivatives with Respect to Order</title>          
<para xml:id="C11.S4.SS6.p1">

<sentence sentence-num-in-para="1" sentence-num-in-section="13" xml:id="C11.S4.SS6.p1.s1">
For derivatives with respect to the order <Math mode="inline" xml:id="C11.S4.SS6.p1.m1">\nu</Math> , see Apelblat (1989) and Brychkov and Geddes (2005).
</sentence>

</para>
 
</subsection>
 
<subsection xml:id="C11.S4.SS7">
<title>Zeros</title>        
  
<para xml:id="C11.S4.SS7.p1">

<sentence sentence-num-in-para="1" sentence-num-in-section="14" xml:id="C11.S4.SS7.p1.s1">
For properties of zeros of <Math mode="inline" xml:id="C11.S4.SS7.p1.m1">\mathbf{H}_{\nu}\left(x\right)</Math> see Steinig (1970).
</sentence>

</para>
 
<para xml:id="C11.S4.SS7.p2">

<sentence sentence-num-in-para="1" sentence-num-in-section="15" xml:id="C11.S4.SS7.p2.s1">
For asymptotic expansions of zeros of <Math mode="inline" xml:id="C11.S4.SS7.p2.m1">\mathbf{H}_{0}\left(x\right)</Math> see MacLeod (2002a).
</sentence>

</para>
 
</subsection>
 
</section>
