<?xml version="1.0" encoding="UTF-8"?>
<section xml:id="C11.S7">
<title>Integrals and Sums</title>        
 
<subsection xml:id="C11.S7.SS1">
<title>Indefinite Integrals</title>        
 
 
<para xml:id="C11.S7.SS1.p1">

<sentence sentence-num-in-para="1" sentence-num-in-section="1" xml:id="C11.S7.SS1.p1.s1">
 <Math equation-number="11.7.1" mode="display" xml:id="C11.S7.E1">\int z^{\nu}\mathbf{H}_{\nu-1}\left(z\right)\mathrm{d}z=z^{\nu}\mathbf{H}_{\nu }\left(z\right),</Math> <Math equation-number="11.7.2" mode="display" xml:id="C11.S7.E2">\int z^{-\nu}\mathbf{H}_{\nu+1}\left(z\right)\mathrm{d}z=-z^{-\nu}\mathbf{H}_{ \nu}\left(z\right)+\frac{2^{-\nu}z}{\sqrt{\pi}\Gamma\left(\nu+\tfrac{3}{2} \right)},</Math> <Math equation-number="11.7.3" mode="display" xml:id="C11.S7.E3">\int z^{\nu}\mathbf{L}_{\nu-1}\left(z\right)\mathrm{d}z=z^{\nu}\mathbf{L}_{\nu }\left(z\right),</Math> <Math equation-number="11.7.4" mode="display" xml:id="C11.S7.E4">\int z^{-\nu}\mathbf{L}_{\nu+1}\left(z\right)\mathrm{d}z=z^{-\nu}\mathbf{L}_{ \nu}\left(z\right)-\frac{2^{-\nu}z}{\sqrt{\pi}\Gamma\left(\nu+\tfrac{3}{2} \right)}</Math>.
</sentence>

</para>
 
<para xml:id="C11.S7.SS1.p2">

<sentence sentence-num-in-para="1" sentence-num-in-section="2" xml:id="C11.S7.SS1.p2.s1">
If <Math equation-number="11.7.5" mode="display" xml:id="C11.S7.E5">f_{\nu}(z)=\int_{0}^{z}t^{\nu}\mathbf{H}_{\nu}\left(t\right)\mathrm{d}t,</Math> then <Math equation-number="11.7.6" mode="display" xml:id="C11.S7.E6">f_{\nu+1}(z)=(2\nu+1)f_{\nu}(z)-z^{\nu+1}\mathbf{H}_{\nu}\left(z\right)+\frac{ (\tfrac{1}{2}z^{2})^{\nu+1}}{(\nu+1)\sqrt{\pi}\Gamma\left(\nu+\tfrac{3}{2} \right)}, if \Re\nu&gt;-1</Math>.
</sentence>

</para>

 
</subsection>
 
<subsection xml:id="C11.S7.SS2">
<title>Definite Integrals</title>        
 
 
<para xml:id="C11.S7.SS2.p1">

<sentence sentence-num-in-para="1" sentence-num-in-section="3" xml:id="C11.S7.SS2.p1.s1">
 <Math equation-number="11.7.7" mode="display" xml:id="C11.S7.E7">\int_{0}^{\pi/2}\mathbf{H}_{\nu}\left(z\sin\theta\right)\frac{(\sin\theta)^{ \nu+1}}{(\cos\theta)^{2\nu}}\mathrm{d}\theta=\frac{2^{-\nu}}{\sqrt{\pi}}\Gamma \left(\tfrac{1}{2}-\nu\right)z^{\nu-1}(1-\cos z), if -\tfrac{3}{2}&lt;\Re\nu&lt;\tfrac{1}{2},</Math> <Math equation-number="11.7.8" mode="display" xml:id="C11.S7.E8">\int_{0}^{\infty}\mathbf{H}_{0}\left(t\right)\,\frac{\mathrm{d}t}{t}=\tfrac{1} {2}\pi,\int_{0}^{\infty}\mathbf{H}_{1}\left(t\right)\,\frac{\mathrm{d}t}{t^{2}}= \tfrac{1}{4}\pi,</Math> <Math equation-number="11.7.9" mode="display" xml:id="C11.S7.E9">\int_{0}^{\infty}\mathbf{H}_{\nu}\left(t\right)\mathrm{d}t=-\cot\left(\tfrac{1 }{2}\pi\nu\right), if -2&lt;\Re\nu&lt;0,</Math> <Math equation-number="11.7.10" mode="display" xml:id="C11.S7.E10">\int_{0}^{\infty}t^{-\nu-1}\mathbf{H}_{\nu}\left(t\right)\mathrm{d}t=\frac{\pi }{2^{\nu+1}\Gamma\left(\nu+1\right)}, if \Re\nu&gt;-\tfrac{3}{2},</Math> <Math equation-number="11.7.11" mode="display" xml:id="C11.S7.E11">\int_{0}^{\infty}t^{\mu-\nu-1}\mathbf{H}_{\nu}\left(t\right)\mathrm{d}t=\frac{ \Gamma\left(\tfrac{1}{2}\mu\right)2^{\mu-\nu-1}\tan\left(\tfrac{1}{2}\pi\mu \right)}{\Gamma\left(\nu-\tfrac{1}{2}\mu+1\right)}, if |\Re\mu|&lt;1, \Re\nu&gt;\Re\mu-\tfrac{3}{2},</Math> <Math equation-number="11.7.12" mode="display" xml:id="C11.S7.E12">\int_{0}^{\infty}t^{-\mu-\nu}\mathbf{H}_{\mu}\left(t\right)\mathbf{H}_{\nu} \left(t\right)\mathrm{d}t=\frac{\sqrt{\pi}\Gamma\left(\mu+\nu\right)}{2^{\mu+ \nu}\Gamma\left(\mu+\nu+\tfrac{1}{2}\right)\Gamma\left(\mu+\tfrac{1}{2}\right) \Gamma\left(\nu+\tfrac{1}{2}\right)}, if \Re(\mu+\nu)&gt;0</Math>.
</sentence>

</para>
 
<para xml:id="C11.S7.SS2.p2">

<sentence sentence-num-in-para="1" sentence-num-in-section="4" xml:id="C11.S7.SS2.p2.s1">
For other integrals involving products of Struve functions seeZanovello (1978, 1995).
</sentence>

<sentence sentence-num-in-para="2" sentence-num-in-section="5" xml:id="C11.S7.SS2.p2.s2">
For integrals involving products of <Math mode="inline" xml:id="C11.S7.SS2.p2.m1">\mathbf{M}_{\nu}\left(t\right)</Math> functions, seeParis and Sy (1983, Appendix).
</sentence>

</para>
 
</subsection>
 
<subsection xml:id="C11.S7.SS3">
<title>Laplace Transforms</title>        
     
<para xml:id="C11.S7.SS3.p1">

<sentence sentence-num-in-para="1" sentence-num-in-section="6" xml:id="C11.S7.SS3.p1.s1">
The following Laplace transforms of <Math mode="inline" xml:id="C11.S7.SS3.p1.m1">\mathbf{H}_{\nu}\left(t\right)</Math> require <Math mode="inline" xml:id="C11.S7.SS3.p1.m2">\Re a&gt;0</Math> for convergence, while those of <Math mode="inline" xml:id="C11.S7.SS3.p1.m3">\mathbf{L}_{\nu}\left(t\right)</Math> require <Math mode="inline" xml:id="C11.S7.SS3.p1.m4">\Re a&gt;1</Math>.
</sentence>

</para>
 
<para xml:id="C11.S7.SS3.p2">

<sentence sentence-num-in-para="1" sentence-num-in-section="7" xml:id="C11.S7.SS3.p2.s1">
 <Math equation-number="11.7.13" mode="display" xml:id="C11.S7.E13">\int_{0}^{\infty}e^{-at}\mathbf{H}_{0}\left(t\right)\mathrm{d}t=\frac{2}{\pi \sqrt{1+a^{2}}}\ln\left(\frac{1+\sqrt{1+a^{2}}}{a}\right),</Math> <Math equation-number="11.7.14" mode="display" xml:id="C11.S7.E14">\int_{0}^{\infty}e^{-at}\mathbf{H}_{1}\left(t\right)\mathrm{d}t=\frac{2}{\pi a }-\frac{2a}{\pi\sqrt{1+a^{2}}}\ln\left(\frac{1+\sqrt{1+a^{2}}}{a}\right),</Math> <Math equation-number="11.7.15" mode="display" xml:id="C11.S7.E15">\int_{0}^{\infty}e^{-at}\mathbf{L}_{0}\left(t\right)\mathrm{d}t=\frac{2}{\pi \sqrt{a^{2}\!-\!1}}\operatorname{arcsin}\left(\frac{1}{a}\right)</Math> , <Math equation-number="11.7.16" mode="display" xml:id="C11.S7.E16">\int_{0}^{\infty}e^{-at}\mathbf{L}_{1}\left(t\right)\mathrm{d}t=\frac{2a}{\pi\sqrt{a^{2}\!-\!1}}\operatorname{arctan}\left(\frac{1}{\sqrt{a^{ 2}\!-\!1}}\right)-\frac{2}{\pi a}</Math>.
</sentence>

</para>

 
</subsection>
 
<subsection xml:id="C11.S7.SS4">
<title>Integrals with Respect to Order</title>        
 
 
<para xml:id="C11.S7.SS4.p1">

<sentence sentence-num-in-para="1" sentence-num-in-section="8" xml:id="C11.S7.SS4.p1.s1">
For integrals of <Math mode="inline" xml:id="C11.S7.SS4.p1.m1">\mathbf{H}_{\nu}\left(x\right)</Math> and <Math mode="inline" xml:id="C11.S7.SS4.p1.m2">\mathbf{L}_{\nu}\left(x\right)</Math> with respect to the order <Math mode="inline" xml:id="C11.S7.SS4.p1.m3">\nu</Math> , see Apelblat (1989).
</sentence>

</para>

 
</subsection>
 
<subsection xml:id="C11.S7.SS5">
<title>Compendia</title>        
  
<para xml:id="C11.S7.SS5.p1">

<sentence sentence-num-in-para="1" sentence-num-in-section="9" xml:id="C11.S7.SS5.p1.s1">
For further integrals seeApelblat (1983, §12.16),Babister (1967, Chapter 3),Erdélyi et al. (1954a, §§4.19, 6.8, 8.15, 9.4, 10.3, 11.3, and 15.3),Luke (1962, Chapters 9, 11),Gradshteyn and Ryzhik (2000, §6.8),Marichev (1983, pp. 192–193 and 215–216),Oberhettinger (1972),Oberhettinger (1974, §1.12),Oberhettinger (1990, §§1.21 and 2.21),Oberhettinger and Badii (1973, §1.16),Prudnikov et al. (1990, §§1.4 and 2.7),Prudnikov et al. (1992a, §3.17), andPrudnikov et al. (1992b, §3.17).
</sentence>

</para>
 
<para xml:id="C11.S7.SS5.p2">

<sentence sentence-num-in-para="1" sentence-num-in-section="10" xml:id="C11.S7.SS5.p2.s1">
For sums of Struve functions see Hansen (1975, p. 456) andPrudnikov et al. (1990, §6.4.1).
</sentence>

<sentence sentence-num-in-para="2" sentence-num-in-section="11" xml:id="C11.S7.SS5.p2.s2">
See also Baricz and Pogány (2013)
</sentence>

</para>

 
</subsection>
 
</section>
