<?xml version="1.0" encoding="UTF-8"?>
<section xml:id="C11.S9">
<title>Lommel Functions</title>        
   
<subsection xml:id="C11.S9.SS1">
<title>Definitions</title>        
 
<para xml:id="C11.S9.SS1.p1">

<sentence sentence-num-in-para="1" sentence-num-in-section="1" xml:id="C11.S9.SS1.p1.s1">
The inhomogeneous Bessel differential equation <Math equation-number="11.9.1" mode="display" xml:id="C11.S9.E1">\frac{{\mathrm{d}}^{2}w}{{\mathrm{d}z}^{2}}+\frac{1}{z}\frac{\mathrm{d}w}{ \mathrm{d}z}+\left(1-\frac{\nu^{2}}{z^{2}}\right)w=z^{\mu-1}</Math> can be regarded as a generalization of (11.2.7).
</sentence>

<sentence sentence-num-in-para="2" sentence-num-in-section="2" xml:id="C11.S9.SS1.p1.s2">
Provided that <Math mode="inline" xml:id="C11.S9.SS1.p1.m1">\mu\pm\nu\neq-1,-3,-5,\dots</Math> , (11.9.1) has the general solution <Math equation-number="11.9.2" mode="display" xml:id="C11.S9.E2">w=s_{{\mu},{\nu}}\left(z\right)+AJ_{\nu}\left(z\right)+BY_{\nu}\left(z\right),</Math> where <Math mode="inline" xml:id="C11.S9.SS1.p1.m2">A</Math> , <Math mode="inline" xml:id="C11.S9.SS1.p1.m3">B</Math> are arbitrary constants, <Math mode="inline" xml:id="C11.S9.SS1.p1.m4">s_{{\mu},{\nu}}\left(z\right)</Math> is theLommel function defined by <Math equation-number="11.9.3" mode="display" xml:id="C11.S9.E3">s_{{\mu},{\nu}}\left(z\right)=z^{\mu+1}\sum_{k=0}^{\infty}(-1)^{k}\frac{z^{2k} }{a_{k+1}(\mu,\nu)},</Math> and <Math equation-number="11.9.4" mode="display" xml:id="C11.S9.E4">a_{k}(\mu,\nu)=\prod_{m=1}^{k}\left((\mu+2m-1)^{2}-\nu^{2}\right), if k=0,1,2,\dots</Math>.
</sentence>

</para>
  
<para xml:id="C11.S9.SS1.p2">

<sentence sentence-num-in-para="1" sentence-num-in-section="3" xml:id="C11.S9.SS1.p2.s1">
Another solution of (11.9.1) that is defined for all values of <Math mode="inline" xml:id="C11.S9.SS1.p2.m1">\mu</Math> and <Math mode="inline" xml:id="C11.S9.SS1.p2.m2">\nu</Math> is <Math mode="inline" xml:id="C11.S9.SS1.p2.m3">S_{{\mu},{\nu}}\left(z\right)</Math> , where <Math equation-number="11.9.5" mode="display" xml:id="C11.S9.E5">S_{{\mu},{\nu}}\left(z\right)=s_{{\mu},{\nu}}\left(z\right)+2^{\mu-1}\Gamma \left(\tfrac{1}{2}\mu+\tfrac{1}{2}\nu+\tfrac{1}{2}\right)\Gamma\left(\tfrac{1} {2}\mu-\tfrac{1}{2}\nu+\tfrac{1}{2}\right)\*\left(\sin\left(\tfrac{1}{2}(\mu- \nu)\pi\right)\,J_{\nu}\left(z\right)-\cos\left(\tfrac{1}{2}(\mu-\nu)\pi\right )\,Y_{\nu}\left(z\right)\right),</Math> the right-hand side being replaced by its limiting form when <Math mode="inline" xml:id="C11.S9.SS1.p2.m4">\mu\pm\nu</Math> is an odd negative integer.
</sentence>

</para>
 
<paragraph xml:id="C11.S9.Px1">
<title>Reflection Formulas</title>    
<para xml:id="C11.S9.Px1.p1">

<sentence sentence-num-in-para="1" sentence-num-in-section="4" xml:id="C11.S9.Px1.p1.s1">
 <Math equation-number="11.9.6" mode="display" xml:id="C11.S9.E6">s_{{\mu},{-\nu}}\left(z\right)=s_{{\mu},{\nu}}\left(z\right),S_{{\mu},{-\nu}}\left(z\right)=S_{{\mu},{\nu}}\left(z\right)</Math>.
</sentence>

</para>
 
<para xml:id="C11.S9.Px1.p2">

<sentence sentence-num-in-para="1" sentence-num-in-section="5" xml:id="C11.S9.Px1.p2.s1">
For the foregoing results and further information see Watson (1944, §§10.7–10.73)andBabister (1967, §3.16).
</sentence>

</para>

 
</paragraph>
 
</subsection>
 
<subsection xml:id="C11.S9.SS2">
<title>Expansions in Series of Bessel Functions</title>        
  
<para xml:id="C11.S9.SS2.p1">

<sentence sentence-num-in-para="1" sentence-num-in-section="6" xml:id="C11.S9.SS2.p1.s1">
When <Math mode="inline" xml:id="C11.S9.SS2.p1.m1">\mu\pm\nu\neq-1,-2,-3,\dots</Math> , <Math equation-number="11.9.7" mode="display" xml:id="C11.S9.E7">s_{{\mu},{\nu}}\left(z\right)=2^{\mu+1}\sum_{k=0}^{\infty}\*\frac{(2k+\mu+1) \Gamma\left(k+\mu+1\right)}{k!(2k+\mu-\nu+1)(2k+\mu+\nu+1)}J_{2k+\mu+1}\left(z \right),</Math> <Math equation-number="11.9.8" mode="display" xml:id="C11.S9.E8">s_{{\mu},{\nu}}\left(z\right)=2^{(\mu+\nu-1)/2}\Gamma\left(\tfrac{1}{2}\mu+ \tfrac{1}{2}\nu+\tfrac{1}{2}\right)z^{(\mu+1-\nu)/2}\*\sum_{k=0}^{\infty}\frac {(\tfrac{1}{2}z)^{k}}{k!(2k+\mu-\nu+1)}J_{k+\frac{1}{2}(\mu+\nu+1)}\left(z \right)</Math>.
</sentence>

<sentence sentence-num-in-para="2" sentence-num-in-section="7" xml:id="C11.S9.SS2.p1.s2">
For these and further results see Luke (1969b, §9.4.5).
</sentence>

</para>
 
 
</subsection>
 
<subsection xml:id="C11.S9.SS3">
<title>Asymptotic Expansion</title>        
  
<para xml:id="C11.S9.SS3.p1">

<sentence sentence-num-in-para="1" sentence-num-in-section="8" xml:id="C11.S9.SS3.p1.s1">
For fixed <Math mode="inline" xml:id="C11.S9.SS3.p1.m1">\mu</Math> and <Math mode="inline" xml:id="C11.S9.SS3.p1.m2">\nu</Math> , <Math equation-number="11.9.9" mode="display" xml:id="C11.S9.E9">S_{{\mu},{\nu}}\left(z\right)\sim z^{\mu-1}\sum_{k=0}^{\infty}(-1)^{k}a_{k}(- \mu,\nu)z^{-2k}, if z\to\infty, |\operatorname{ph}z|\leq\pi-\delta(&lt;\pi)</Math>.
</sentence>

<sentence sentence-num-in-para="2" sentence-num-in-section="9" xml:id="C11.S9.SS3.p1.s2">
For <Math mode="inline" xml:id="C11.S9.SS3.p1.m3">a_{k}(\mu,\nu)</Math> see (11.9.4).
</sentence>

<sentence sentence-num-in-para="3" sentence-num-in-section="10" xml:id="C11.S9.SS3.p1.s3">
If either of <Math mode="inline" xml:id="C11.S9.SS3.p1.m4">\mu\pm\nu</Math> equals an odd positive integer, then the right-hand side of (11.9.9) terminates and represents <Math mode="inline" xml:id="C11.S9.SS3.p1.m5">S_{{\mu},{\nu}}\left(z\right)</Math> exactly.
</sentence>

</para>
 
<para xml:id="C11.S9.SS3.p2">

<sentence sentence-num-in-para="1" sentence-num-in-section="11" xml:id="C11.S9.SS3.p2.s1">
For uniform asymptotic expansions, for large <Math mode="inline" xml:id="C11.S9.SS3.p2.m1">\nu</Math> and fixed <Math mode="inline" xml:id="C11.S9.SS3.p2.m2">\mu=-1,0,1,2,\dots</Math> , of solutions of the inhomogeneous modified Bessel differential equation that corresponds to (11.9.1) seeOlver (1997b, pp. 388–390).
</sentence>

<sentence sentence-num-in-para="2" sentence-num-in-section="12" xml:id="C11.S9.SS3.p2.s2">
For an error bound for (11.9.9) and an exponentially-improved extension see Nemes (2015b).
</sentence>

</para>

 
</subsection>
 
<subsection xml:id="C11.S9.SS4">
<title>References</title>        
 
<para xml:id="C11.S9.SS4.p1">

<sentence sentence-num-in-para="1" sentence-num-in-section="13" xml:id="C11.S9.SS4.p1.s1">
For further information on Lommel functions seeWatson (1944, §§10.7–10.75)andBabister (1967, Chapter 3).
</sentence>

<sentence sentence-num-in-para="2" sentence-num-in-section="14" xml:id="C11.S9.SS4.p1.s2">
For descriptive properties of <Math mode="inline" xml:id="C11.S9.SS4.p1.m1">s_{{\mu},{\nu}}\left(x\right)</Math> see Steinig (1972).
</sentence>

</para>
 
<para xml:id="C11.S9.SS4.p2">

<sentence sentence-num-in-para="1" sentence-num-in-section="15" xml:id="C11.S9.SS4.p2.s1">
For collections of integral representations and integrals seeApelblat (1983, §12.17),Babister (1967, p. 85),Erdélyi et al. (1954a, §§4.19 and 5.17),Gradshteyn and Ryzhik (2000, §6.86), Marichev (1983, p. 193),Oberhettinger (1972, pp. 127–128, 168–169, and 188–189),Oberhettinger (1974, §§1.12 and 2.7),Oberhettinger (1990, pp. 105–106 and 191–192),Oberhettinger and Badii (1973, §2.14),Prudnikov et al. (1990, §§1.6 and 2.9),Prudnikov et al. (1992a, §3.34), and Prudnikov et al. (1992b, §3.32).
</sentence>

</para>

 
</subsection>
 
</section>
