{"expression":{"xml-id":"C23.S16.p2.m1","tex":"$\\lambda$","context":{"sentence-num-in-corpus":"13150","sentence-xmlid":"C23.S16.p2.s1","chapter-title":"Weierstrass Elliptic and Modular Functions","chapter-xmlid":"C23","section-title":"Graphics","sentence-num-in-chapter":"196","section-xmlid":"C23.S16","sentence-num-in-section":"1","para-num-of-sentences":"3","para-xmlid":"C23.S16.p2"},"content-tex":"$\\modularlambdatau$"}}{"expression":{"xml-id":"C23.S16.p2.m2","tex":"$J$","context":{"sentence-num-in-corpus":"13150","sentence-xmlid":"C23.S16.p2.s1","chapter-title":"Weierstrass Elliptic and Modular Functions","chapter-xmlid":"C23","section-title":"Graphics","sentence-num-in-chapter":"196","section-xmlid":"C23.S16","sentence-num-in-section":"1","para-num-of-sentences":"3","para-xmlid":"C23.S16.p2"},"content-tex":"$\\KleincompinvarJtau$"}}{"expression":{"xml-id":"C23.S16.p2.m3","tex":"$\\eta$","context":{"sentence-num-in-corpus":"13150","sentence-xmlid":"C23.S16.p2.s1","chapter-title":"Weierstrass Elliptic and Modular Functions","chapter-xmlid":"C23","section-title":"Graphics","sentence-num-in-chapter":"196","section-xmlid":"C23.S16","sentence-num-in-section":"1","para-num-of-sentences":"3","para-xmlid":"C23.S16.p2"},"content-tex":"$\\Dedekindeta$"}}{"expression":{"xml-id":"C27.S14.E12.m2adec","tex":"$\\eta\\left(\\NVar{\\tau}\\right)$","context":{"chapter-title":"Weierstrass Elliptic and Modular Functions","chapter-xmlid":"C23"},"content-tex":"$\\Dedekindeta@{\\NVar{\\tau}}$"}}{"expression":{"xml-id":"C23.S15.E7.m2adec","tex":"$J\\left(\\NVar{\\tau}\\right)$","context":{"chapter-title":"Weierstrass Elliptic and Modular Functions","chapter-xmlid":"C23"},"content-tex":"$\\KleincompinvarJtau@{\\NVar{\\tau}}$"}}{"expression":{"xml-id":"C1.S9.E1.m2adec","tex":"$\\mathrm{i}$","context":{"chapter-title":"Weierstrass Elliptic and Modular Functions","chapter-xmlid":"C23"},"content-tex":"$\\iunit$"}}{"expression":{"xml-id":"C23.S15.E6.m2adec","tex":"$\\lambda\\left(\\NVar{\\tau}\\right)$","context":{"chapter-title":"Weierstrass Elliptic and Modular Functions","chapter-xmlid":"C23"},"content-tex":"$\\modularlambdatau@{\\NVar{\\tau}}$"}}{"expression":{"xml-id":"C23.S1.XMD6.m1dec","tex":"$y$","context":{"chapter-title":"Weierstrass Elliptic and Modular Functions","chapter-xmlid":"C23"}}}{"expression":{"xml-id":"C23.S1.XMD6.m2dec","tex":"$z$","context":{"chapter-title":"Weierstrass Elliptic and Modular Functions","chapter-xmlid":"C23"}}}{"expression":{"xml-id":"C23.S16.F1.m1","tex":"$\\lambda\\left(iy\\right)$","context":{"chapter-title":"Weierstrass Elliptic and Modular Functions","chapter-xmlid":"C23"},"content-tex":"$\\modularlambdatau@{iy}$"}}{"expression":{"xml-id":"C23.S16.F1.m2","tex":"$J\\left(iy\\right)$","context":{"chapter-title":"Weierstrass Elliptic and Modular Functions","chapter-xmlid":"C23"},"content-tex":"$\\KleincompinvarJtau@{iy}$"}}{"expression":{"xml-id":"C23.S16.F1.m3","tex":"$\\eta\\left(iy\\right)$","context":{"chapter-title":"Weierstrass Elliptic and Modular Functions","chapter-xmlid":"C23"},"content-tex":"$\\Dedekindeta@{iy}$"}}{"expression":{"xml-id":"C23.S16.F1.m4","tex":"$0\\leq y\\leq 3$","context":{"chapter-title":"Weierstrass Elliptic and Modular Functions","chapter-xmlid":"C23"}}}{"expression":{"xml-id":"C23.S16.F1.m5","tex":"$\\lambda\\left(iy\\right)$","context":{"sentence-num-in-corpus":"13153","sentence-xmlid":"C23.S16.F1.s1","chapter-title":"Weierstrass Elliptic and Modular Functions","chapter-xmlid":"C23","section-title":"Graphics","sentence-num-in-chapter":"199","section-xmlid":"C23.S16","sentence-num-in-section":"4"},"content-tex":"$\\modularlambdatau@{iy}$"}}{"expression":{"xml-id":"C23.S16.F1.m6","tex":"$J\\left(iy\\right)$","context":{"sentence-num-in-corpus":"13153","sentence-xmlid":"C23.S16.F1.s1","chapter-title":"Weierstrass Elliptic and Modular Functions","chapter-xmlid":"C23","section-title":"Graphics","sentence-num-in-chapter":"199","section-xmlid":"C23.S16","sentence-num-in-section":"4"},"content-tex":"$\\KleincompinvarJtau@{iy}$"}}{"expression":{"xml-id":"C23.S16.F1.m7","tex":"$\\eta\\left(iy\\right)$","context":{"sentence-num-in-corpus":"13153","sentence-xmlid":"C23.S16.F1.s1","chapter-title":"Weierstrass Elliptic and Modular Functions","chapter-xmlid":"C23","section-title":"Graphics","sentence-num-in-chapter":"199","section-xmlid":"C23.S16","sentence-num-in-section":"4"},"content-tex":"$\\Dedekindeta@{iy}$"}}{"expression":{"xml-id":"C23.S16.F1.m8","tex":"$0\\leq y\\leq 3$","context":{"sentence-num-in-corpus":"13153","sentence-xmlid":"C23.S16.F1.s1","chapter-title":"Weierstrass Elliptic and Modular Functions","chapter-xmlid":"C23","section-title":"Graphics","sentence-num-in-chapter":"199","section-xmlid":"C23.S16","sentence-num-in-section":"4"}}}{"expression":{"xml-id":"C1.S9.E1.m2aadec","tex":"$\\mathrm{i}$","context":{"chapter-title":"Weierstrass Elliptic and Modular Functions","chapter-xmlid":"C23"},"content-tex":"$\\iunit$"}}{"expression":{"xml-id":"C23.S15.E6.m2aadec","tex":"$\\lambda\\left(\\NVar{\\tau}\\right)$","context":{"chapter-title":"Weierstrass Elliptic and Modular Functions","chapter-xmlid":"C23"},"content-tex":"$\\modularlambdatau@{\\NVar{\\tau}}$"}}{"expression":{"xml-id":"C23.S1.XMD5.m1dec","tex":"$x$","context":{"chapter-title":"Weierstrass Elliptic and Modular Functions","chapter-xmlid":"C23"}}}{"expression":{"xml-id":"C23.S1.XMD5.m2dec","tex":"$z$","context":{"chapter-title":"Weierstrass Elliptic and Modular Functions","chapter-xmlid":"C23"}}}{"expression":{"xml-id":"C23.S1.XMD6.m1adec","tex":"$y$","context":{"chapter-title":"Weierstrass Elliptic and Modular Functions","chapter-xmlid":"C23"}}}{"expression":{"xml-id":"C23.S1.XMD6.m2adec","tex":"$z$","context":{"chapter-title":"Weierstrass Elliptic and Modular Functions","chapter-xmlid":"C23"}}}{"expression":{"xml-id":"C23.S16.F2.m1","tex":"$\\lambda\\left(x+iy\\right)$","context":{"chapter-title":"Weierstrass Elliptic and Modular Functions","chapter-xmlid":"C23"},"content-tex":"$\\modularlambdatau@{x+iy}$"}}{"expression":{"xml-id":"C23.S16.F2.m2","tex":"$-0.25\\leq x\\leq 0.25$","context":{"chapter-title":"Weierstrass Elliptic and Modular Functions","chapter-xmlid":"C23"}}}{"expression":{"xml-id":"C23.S16.F2.m3","tex":"$0.005\\leq y\\leq 0.1$","context":{"chapter-title":"Weierstrass Elliptic and Modular Functions","chapter-xmlid":"C23"}}}{"expression":{"xml-id":"C23.S16.F2.m4","tex":"$\\lambda\\left(x+iy\\right)$","context":{"sentence-num-in-corpus":"13154","sentence-xmlid":"C23.S16.F2.s1","chapter-title":"Weierstrass Elliptic and Modular Functions","chapter-xmlid":"C23","section-title":"Graphics","sentence-num-in-chapter":"200","section-xmlid":"C23.S16","sentence-num-in-section":"5"},"content-tex":"$\\modularlambdatau@{x+iy}$"}}{"expression":{"xml-id":"C23.S16.F2.m5","tex":"$-0.25\\leq x\\leq 0.25$","context":{"sentence-num-in-corpus":"13154","sentence-xmlid":"C23.S16.F2.s1","chapter-title":"Weierstrass Elliptic and Modular Functions","chapter-xmlid":"C23","section-title":"Graphics","sentence-num-in-chapter":"200","section-xmlid":"C23.S16","sentence-num-in-section":"5"}}}{"expression":{"xml-id":"C23.S16.F2.m6","tex":"$0.005\\leq y\\leq 0.1$","context":{"sentence-num-in-corpus":"13154","sentence-xmlid":"C23.S16.F2.s1","chapter-title":"Weierstrass Elliptic and Modular Functions","chapter-xmlid":"C23","section-title":"Graphics","sentence-num-in-chapter":"200","section-xmlid":"C23.S16","sentence-num-in-section":"5"}}}{"expression":{"xml-id":"C27.S14.E12.m2aadec","tex":"$\\eta\\left(\\NVar{\\tau}\\right)$","context":{"chapter-title":"Weierstrass Elliptic and Modular Functions","chapter-xmlid":"C23"},"content-tex":"$\\Dedekindeta@{\\NVar{\\tau}}$"}}{"expression":{"xml-id":"C1.S9.E1.m2abdec","tex":"$\\mathrm{i}$","context":{"chapter-title":"Weierstrass Elliptic and Modular Functions","chapter-xmlid":"C23"},"content-tex":"$\\iunit$"}}{"expression":{"xml-id":"C23.S1.XMD5.m1adec","tex":"$x$","context":{"chapter-title":"Weierstrass Elliptic and Modular Functions","chapter-xmlid":"C23"}}}{"expression":{"xml-id":"C23.S1.XMD5.m2adec","tex":"$z$","context":{"chapter-title":"Weierstrass Elliptic and Modular Functions","chapter-xmlid":"C23"}}}{"expression":{"xml-id":"C23.S1.XMD6.m1bdec","tex":"$y$","context":{"chapter-title":"Weierstrass Elliptic and Modular Functions","chapter-xmlid":"C23"}}}{"expression":{"xml-id":"C23.S1.XMD6.m2bdec","tex":"$z$","context":{"chapter-title":"Weierstrass Elliptic and Modular Functions","chapter-xmlid":"C23"}}}{"expression":{"xml-id":"C23.S16.F3.m1","tex":"$\\eta\\left(x+iy\\right)$","context":{"chapter-title":"Weierstrass Elliptic and Modular Functions","chapter-xmlid":"C23"},"content-tex":"$\\Dedekindeta@{x+iy}$"}}{"expression":{"xml-id":"C23.S16.F3.m2","tex":"$-0.0625\\leq x\\leq 0.0625$","context":{"chapter-title":"Weierstrass Elliptic and Modular Functions","chapter-xmlid":"C23"}}}{"expression":{"xml-id":"C23.S16.F3.m3","tex":"$0.0001\\leq y\\leq 0.07$","context":{"chapter-title":"Weierstrass Elliptic and Modular Functions","chapter-xmlid":"C23"}}}{"expression":{"xml-id":"C23.S16.F3.m4","tex":"$\\eta\\left(x+iy\\right)$","context":{"sentence-num-in-corpus":"13155","sentence-xmlid":"C23.S16.F3.s1","chapter-title":"Weierstrass Elliptic and Modular Functions","chapter-xmlid":"C23","section-title":"Graphics","sentence-num-in-chapter":"201","section-xmlid":"C23.S16","sentence-num-in-section":"6"},"content-tex":"$\\Dedekindeta@{x+iy}$"}}{"expression":{"xml-id":"C23.S16.F3.m5","tex":"$-0.0625\\leq x\\leq 0.0625$","context":{"sentence-num-in-corpus":"13155","sentence-xmlid":"C23.S16.F3.s1","chapter-title":"Weierstrass Elliptic and Modular Functions","chapter-xmlid":"C23","section-title":"Graphics","sentence-num-in-chapter":"201","section-xmlid":"C23.S16","sentence-num-in-section":"6"}}}{"expression":{"xml-id":"C23.S16.F3.m6","tex":"$0.0001\\leq y\\leq 0.07$","context":{"sentence-num-in-corpus":"13155","sentence-xmlid":"C23.S16.F3.s1","chapter-title":"Weierstrass Elliptic and Modular Functions","chapter-xmlid":"C23","section-title":"Graphics","sentence-num-in-chapter":"201","section-xmlid":"C23.S16","sentence-num-in-section":"6"}}}{"expression":{"xml-id":"C23.S16.F1.m1.maga","tex":"$\\lambda\\left(iy\\right)$","context":{"chapter-title":"Weierstrass Elliptic and Modular Functions","chapter-xmlid":"C23"},"content-tex":"$\\modularlambdatau@{iy}$"}}{"expression":{"xml-id":"C23.S16.F1.m2.maga","tex":"$J\\left(iy\\right)$","context":{"chapter-title":"Weierstrass Elliptic and Modular Functions","chapter-xmlid":"C23"},"content-tex":"$\\KleincompinvarJtau@{iy}$"}}{"expression":{"xml-id":"C23.S16.F1.m3.maga","tex":"$\\eta\\left(iy\\right)$","context":{"chapter-title":"Weierstrass Elliptic and Modular Functions","chapter-xmlid":"C23"},"content-tex":"$\\Dedekindeta@{iy}$"}}{"expression":{"xml-id":"C23.S16.F1.m4.maga","tex":"$0\\leq y\\leq 3$","context":{"chapter-title":"Weierstrass Elliptic and Modular Functions","chapter-xmlid":"C23"}}}{"expression":{"xml-id":"C23.S16.F2.m1.maga","tex":"$\\lambda\\left(x+iy\\right)$","context":{"chapter-title":"Weierstrass Elliptic and Modular Functions","chapter-xmlid":"C23"},"content-tex":"$\\modularlambdatau@{x+iy}$"}}{"expression":{"xml-id":"C23.S16.F2.m2.maga","tex":"$-0.25\\leq x\\leq 0.25$","context":{"chapter-title":"Weierstrass Elliptic and Modular Functions","chapter-xmlid":"C23"}}}{"expression":{"xml-id":"C23.S16.F2.m3.maga","tex":"$0.005\\leq y\\leq 0.1$","context":{"chapter-title":"Weierstrass Elliptic and Modular Functions","chapter-xmlid":"C23"}}}{"expression":{"xml-id":"C23.S16.F3.m1.maga","tex":"$\\eta\\left(x+iy\\right)$","context":{"chapter-title":"Weierstrass Elliptic and Modular Functions","chapter-xmlid":"C23"},"content-tex":"$\\Dedekindeta@{x+iy}$"}}{"expression":{"xml-id":"C23.S16.F3.m2.maga","tex":"$-0.0625\\leq x\\leq 0.0625$","context":{"chapter-title":"Weierstrass Elliptic and Modular Functions","chapter-xmlid":"C23"}}}{"expression":{"xml-id":"C23.S16.F3.m3.maga","tex":"$0.0001\\leq y\\leq 0.07$","context":{"chapter-title":"Weierstrass Elliptic and Modular Functions","chapter-xmlid":"C23"}}}