{"equation":{"symbols-used":[{"symbol":{"tex":"$\\eta\\left(\\NVar{\\tau}\\right)$","meaning":"Dedekind\u2019s eta function (or Dedekind modular function)","idref":"C27.S14.E12","content-tex":"$\\Dedekindeta@{\\NVar{\\tau}}$"}},{"symbol":{"tex":"$\\lambda\\left(\\NVar{\\tau}\\right)$","meaning":"elliptic modular function","idref":"C23.S15.E6","content-tex":"$\\modularlambdatau@{\\NVar{\\tau}}$"}},{"symbol":{"tex":"$\\tau$","meaning":"complex variable","idref":"C23.S1.p2.t1.r10"}}],"xml-id":"C23.S19.E1","tex":"$\\lambda\\left(\\tau\\right)=16\\left(\\frac{{\\eta^{2}}\\left(2\\tau\\right)\\eta\\left( \\tfrac{1}{2}\\tau\\right)}{{\\eta^{3}}\\left(\\tau\\right)}\\right)^{8},$","context":{"sentence-num-in-corpus":"13171","sentence-xmlid":"C23.S19.p1.s1","chapter-title":"Weierstrass Elliptic and Modular Functions","chapter-xmlid":"C23","section-title":"Interrelations","sentence-num-in-chapter":"217","section-xmlid":"C23.S19","sentence-num-in-section":"1","para-num-of-sentences":"1","para-xmlid":"C23.S19.p1"},"permalink":"http:\/\/dlmf.nist.gov\/23.19.E1","equation-number":"23.19.1","content-tex":"$\\modularlambdatau@{\\tau}=16\\left(\\frac{\\Dedekindeta^{2}@{2\\tau}\\Dedekindeta@{ \\tfrac{1}{2}\\tau}}{\\Dedekindeta^{3}@{\\tau}}\\right)^{8},$"}}{"equation":{"symbols-used":[{"symbol":{"tex":"$J\\left(\\NVar{\\tau}\\right)$","meaning":"Klein\u2019s complete invariant","idref":"C23.S15.E7","content-tex":"$\\KleincompinvarJtau@{\\NVar{\\tau}}$"}},{"symbol":{"tex":"$\\lambda\\left(\\NVar{\\tau}\\right)$","meaning":"elliptic modular function","idref":"C23.S15.E6","content-tex":"$\\modularlambdatau@{\\NVar{\\tau}}$"}},{"symbol":{"tex":"$\\tau$","meaning":"complex variable","idref":"C23.S1.p2.t1.r10"}}],"xml-id":"C23.S19.E2","tex":"$J\\left(\\tau\\right)=\\frac{4}{27}\\frac{\\left(1-\\lambda\\left(\\tau\\right)+{\\lambda ^{2}}\\left(\\tau\\right)\\right)^{3}}{\\left(\\lambda\\left(\\tau\\right)\\left(1- \\lambda\\left(\\tau\\right)\\right)\\right)^{2}},$","context":{"sentence-num-in-corpus":"13171","sentence-xmlid":"C23.S19.p1.s1","chapter-title":"Weierstrass Elliptic and Modular Functions","chapter-xmlid":"C23","section-title":"Interrelations","sentence-num-in-chapter":"217","section-xmlid":"C23.S19","sentence-num-in-section":"1","para-num-of-sentences":"1","para-xmlid":"C23.S19.p1"},"permalink":"http:\/\/dlmf.nist.gov\/23.19.E2","equation-number":"23.19.2","content-tex":"$\\KleincompinvarJtau@{\\tau}=\\frac{4}{27}\\frac{\\left(1-\\modularlambdatau@{\\tau}+ \\modularlambdatau^{2}@{\\tau}\\right)^{3}}{\\left(\\modularlambdatau@{\\tau}\\left(1 -\\modularlambdatau@{\\tau}\\right)\\right)^{2}},$"}}{"equation":{"symbols-used":[{"symbol":{"tex":"$J\\left(\\NVar{\\tau}\\right)$","meaning":"Klein\u2019s complete invariant","idref":"C23.S15.E7","content-tex":"$\\KleincompinvarJtau@{\\NVar{\\tau}}$"}},{"symbol":{"tex":"$g_{\\NVar{j}}$","meaning":"Weierstrass lattice invariants $g_{2}$ , $g_{3}$","idref":"C23.S3.EGx1","content-tex":"$\\Weierstrassinvarlatt{\\NVar{j}}@@{\\NVar{\\mathbb{L}}}$"}},{"symbol":{"tex":"$\\mathbb{L}$","meaning":"lattice","idref":"C23.S1.p2.t1.r1"}},{"symbol":{"tex":"$\\tau$","meaning":"complex variable","idref":"C23.S1.p2.t1.r10"}}],"xml-id":"C23.S19.E3","tex":"$J\\left(\\tau\\right)=\\frac{{g_{2}^{3}}}{{g_{2}^{3}}-27{g_{3}^{2}}},$","context":{"sentence-num-in-corpus":"13171","sentence-xmlid":"C23.S19.p1.s1","chapter-title":"Weierstrass Elliptic and Modular Functions","chapter-xmlid":"C23","section-title":"Interrelations","sentence-num-in-chapter":"217","section-xmlid":"C23.S19","sentence-num-in-section":"1","para-num-of-sentences":"1","para-xmlid":"C23.S19.p1"},"permalink":"http:\/\/dlmf.nist.gov\/23.19.E3","equation-number":"23.19.3","content-tex":"$\\KleincompinvarJtau@{\\tau}=\\frac{\\Weierstrassinvarlatt{2}^{3}@@{\\mathbb{L}}}{ \\Weierstrassinvarlatt{2}^{3}@@{\\mathbb{L}}-27\\Weierstrassinvarlatt{3}^{2}@@{ \\mathbb{L}}},$"}}{"expression":{"xml-id":"C23.S19.p1.m1","tex":"$g_{2},g_{3}$","context":{"sentence-num-in-corpus":"13171","sentence-xmlid":"C23.S19.p1.s1","chapter-title":"Weierstrass Elliptic and Modular Functions","chapter-xmlid":"C23","section-title":"Interrelations","sentence-num-in-chapter":"217","section-xmlid":"C23.S19","sentence-num-in-section":"1","para-num-of-sentences":"1","para-xmlid":"C23.S19.p1"},"content-tex":"$\\Weierstrassinvarlatt{2}@@{\\mathbb{L}},\\Weierstrassinvarlatt{3}@@{\\mathbb{L}}$"}}{"expression":{"xml-id":"C23.S19.p1.m2","tex":"$\\mathbb{L}$","context":{"sentence-num-in-corpus":"13171","sentence-xmlid":"C23.S19.p1.s1","chapter-title":"Weierstrass Elliptic and Modular Functions","chapter-xmlid":"C23","section-title":"Interrelations","sentence-num-in-chapter":"217","section-xmlid":"C23.S19","sentence-num-in-section":"1","para-num-of-sentences":"1","para-xmlid":"C23.S19.p1"}}}{"expression":{"xml-id":"C23.S19.p1.m3","tex":"$1$","context":{"sentence-num-in-corpus":"13171","sentence-xmlid":"C23.S19.p1.s1","chapter-title":"Weierstrass Elliptic and Modular Functions","chapter-xmlid":"C23","section-title":"Interrelations","sentence-num-in-chapter":"217","section-xmlid":"C23.S19","sentence-num-in-section":"1","para-num-of-sentences":"1","para-xmlid":"C23.S19.p1"}}}{"expression":{"xml-id":"C23.S19.p1.m4","tex":"$\\tau$","context":{"sentence-num-in-corpus":"13171","sentence-xmlid":"C23.S19.p1.s1","chapter-title":"Weierstrass Elliptic and Modular Functions","chapter-xmlid":"C23","section-title":"Interrelations","sentence-num-in-chapter":"217","section-xmlid":"C23.S19","sentence-num-in-section":"1","para-num-of-sentences":"1","para-xmlid":"C23.S19.p1"}}}{"expression":{"xml-id":"C23.S19.p2.m1","tex":"$\\Delta$","context":{"sentence-num-in-corpus":"13172","sentence-xmlid":"C23.S19.p2.s1","chapter-title":"Weierstrass Elliptic and Modular Functions","chapter-xmlid":"C23","section-title":"Interrelations","sentence-num-in-chapter":"218","section-xmlid":"C23.S19","sentence-num-in-section":"2","para-num-of-sentences":"2","para-xmlid":"C23.S19.p2"}}}{"equation":{"symbols-used":[{"symbol":{"tex":"$\\eta\\left(\\NVar{\\tau}\\right)$","meaning":"Dedekind\u2019s eta function (or Dedekind modular function)","idref":"C27.S14.E12","content-tex":"$\\Dedekindeta@{\\NVar{\\tau}}$"}},{"symbol":{"tex":"$\\pi$","meaning":"the ratio of the circumference of a circle to its diameter","idref":"C3.S12.E1","content-tex":"$\\cpi$"}},{"symbol":{"tex":"$\\Delta$","meaning":"discriminant","idref":"C23.S1.p2.t1.r13"}},{"symbol":{"tex":"$\\tau$","meaning":"complex variable","idref":"C23.S1.p2.t1.r10"}}],"xml-id":"C23.S19.E4","tex":"$\\Delta=(2\\pi)^{12}{\\eta^{24}}\\left(\\tau\\right).$","context":{"sentence-num-in-corpus":"13173","sentence-xmlid":"C23.S19.p2.s2","chapter-title":"Weierstrass Elliptic and Modular Functions","chapter-xmlid":"C23","section-title":"Interrelations","sentence-num-in-chapter":"219","section-xmlid":"C23.S19","sentence-num-in-section":"3","para-num-of-sentences":"2","para-xmlid":"C23.S19.p2"},"permalink":"http:\/\/dlmf.nist.gov\/23.19.E4","equation-number":"23.19.4","content-tex":"$\\Delta=(2\\pi)^{12}\\Dedekindeta^{24}@{\\tau}.$"}}