{"expression":{"xml-id":"C23.S2.SS1.m1","tex":"$\\mathbb{L}$","context":{"chapter-title":"Weierstrass Elliptic and Modular Functions","chapter-xmlid":"C23"}}}{"expression":{"xml-id":"C23.S2.SS1.m2","tex":"$\\mathbb{C}$","context":{"chapter-title":"Weierstrass Elliptic and Modular Functions","chapter-xmlid":"C23"},"content-tex":"$\\Complexes$"}}{"expression":{"xml-id":"C23.S2.SS1.p1.m1","tex":"$\\omega_{1}$","context":{"sentence-num-in-corpus":"12994","subsection-xmlid":"C23.S2.SS1","sentence-xmlid":"C23.S2.SS1.p1.s1","chapter-title":"Weierstrass Elliptic and Modular Functions","chapter-xmlid":"C23","section-title":"Definitions and Periodic Properties","sentence-num-in-chapter":"40","section-xmlid":"C23.S2","sentence-num-in-section":"1","para-num-of-sentences":"1","para-xmlid":"C23.S2.SS1.p1","subsection-title":"Lattices"}}}{"expression":{"xml-id":"C23.S2.SS1.p1.m2","tex":"$\\omega_{3}$","context":{"sentence-num-in-corpus":"12994","subsection-xmlid":"C23.S2.SS1","sentence-xmlid":"C23.S2.SS1.p1.s1","chapter-title":"Weierstrass Elliptic and Modular Functions","chapter-xmlid":"C23","section-title":"Definitions and Periodic Properties","sentence-num-in-chapter":"40","section-xmlid":"C23.S2","sentence-num-in-section":"1","para-num-of-sentences":"1","para-xmlid":"C23.S2.SS1.p1","subsection-title":"Lattices"}}}{"expression":{"xml-id":"C23.S2.SS1.p1.m3","tex":"$\\Im(\\omega_{3}\/\\omega_{1})>0$","context":{"sentence-num-in-corpus":"12994","subsection-xmlid":"C23.S2.SS1","sentence-xmlid":"C23.S2.SS1.p1.s1","chapter-title":"Weierstrass Elliptic and Modular Functions","chapter-xmlid":"C23","section-title":"Definitions and Periodic Properties","sentence-num-in-chapter":"40","section-xmlid":"C23.S2","sentence-num-in-section":"1","para-num-of-sentences":"1","para-xmlid":"C23.S2.SS1.p1","subsection-title":"Lattices"},"content-tex":"$\\imagpart@@{(\\omega_{3}\/\\omega_{1})}>0$"}}{"expression":{"xml-id":"C23.S2.SS1.p1.m4","tex":"$2m\\omega_{1}+2n\\omega_{3}$","context":{"sentence-num-in-corpus":"12994","subsection-xmlid":"C23.S2.SS1","sentence-xmlid":"C23.S2.SS1.p1.s1","chapter-title":"Weierstrass Elliptic and Modular Functions","chapter-xmlid":"C23","section-title":"Definitions and Periodic Properties","sentence-num-in-chapter":"40","section-xmlid":"C23.S2","sentence-num-in-section":"1","para-num-of-sentences":"1","para-xmlid":"C23.S2.SS1.p1","subsection-title":"Lattices"}}}{"expression":{"xml-id":"C23.S2.SS1.p1.m5","tex":"$m,n\\in\\mathbb{Z}$","context":{"sentence-num-in-corpus":"12994","subsection-xmlid":"C23.S2.SS1","sentence-xmlid":"C23.S2.SS1.p1.s1","chapter-title":"Weierstrass Elliptic and Modular Functions","chapter-xmlid":"C23","section-title":"Definitions and Periodic Properties","sentence-num-in-chapter":"40","section-xmlid":"C23.S2","sentence-num-in-section":"1","para-num-of-sentences":"1","para-xmlid":"C23.S2.SS1.p1","subsection-title":"Lattices"},"content-tex":"$m,n\\in\\Integers$"}}{"expression":{"xml-id":"C23.S2.SS1.p1.m6","tex":"$\\mathbb{L}$","context":{"sentence-num-in-corpus":"12994","subsection-xmlid":"C23.S2.SS1","sentence-xmlid":"C23.S2.SS1.p1.s1","chapter-title":"Weierstrass Elliptic and Modular Functions","chapter-xmlid":"C23","section-title":"Definitions and Periodic Properties","sentence-num-in-chapter":"40","section-xmlid":"C23.S2","sentence-num-in-section":"1","para-num-of-sentences":"1","para-xmlid":"C23.S2.SS1.p1","subsection-title":"Lattices"}}}{"expression":{"xml-id":"C23.S2.SS1.p1.m7","tex":"$2\\omega_{1}$","context":{"sentence-num-in-corpus":"12994","subsection-xmlid":"C23.S2.SS1","sentence-xmlid":"C23.S2.SS1.p1.s1","chapter-title":"Weierstrass Elliptic and Modular Functions","chapter-xmlid":"C23","section-title":"Definitions and Periodic Properties","sentence-num-in-chapter":"40","section-xmlid":"C23.S2","sentence-num-in-section":"1","para-num-of-sentences":"1","para-xmlid":"C23.S2.SS1.p1","subsection-title":"Lattices"}}}{"expression":{"xml-id":"C23.S2.SS1.p1.m8","tex":"$2\\omega_{3}$","context":{"sentence-num-in-corpus":"12994","subsection-xmlid":"C23.S2.SS1","sentence-xmlid":"C23.S2.SS1.p1.s1","chapter-title":"Weierstrass Elliptic and Modular Functions","chapter-xmlid":"C23","section-title":"Definitions and Periodic Properties","sentence-num-in-chapter":"40","section-xmlid":"C23.S2","sentence-num-in-section":"1","para-num-of-sentences":"1","para-xmlid":"C23.S2.SS1.p1","subsection-title":"Lattices"}}}{"expression":{"xml-id":"C23.S2.SS1.p2.m1","tex":"$\\mathbb{L}$","context":{"sentence-num-in-corpus":"12995","subsection-xmlid":"C23.S2.SS1","sentence-xmlid":"C23.S2.SS1.p2.s1","chapter-title":"Weierstrass Elliptic and Modular Functions","chapter-xmlid":"C23","section-title":"Definitions and Periodic Properties","sentence-num-in-chapter":"41","section-xmlid":"C23.S2","sentence-num-in-section":"2","para-num-of-sentences":"3","para-xmlid":"C23.S2.SS1.p2","subsection-title":"Lattices"}}}{"equation":{"symbols-used":[{"symbol":{"tex":"$\\omega_{1}$","meaning":"lattice generators","idref":"C23.S1.p2.t1.r8"}}],"xml-id":"C23.S2.E1","tex":"$\\omega_{1}+\\omega_{2}+\\omega_{3}=0,$","context":{"sentence-num-in-corpus":"12996","subsection-xmlid":"C23.S2.SS1","sentence-xmlid":"C23.S2.SS1.p2.s2","chapter-title":"Weierstrass Elliptic and Modular Functions","chapter-xmlid":"C23","section-title":"Definitions and Periodic Properties","sentence-num-in-chapter":"42","section-xmlid":"C23.S2","sentence-num-in-section":"3","para-num-of-sentences":"3","para-xmlid":"C23.S2.SS1.p2","subsection-title":"Lattices"},"permalink":"http:\/\/dlmf.nist.gov\/23.2.E1","equation-number":"23.2.1"}}{"expression":{"xml-id":"C23.S2.SS1.p2.m2","tex":"$2\\omega_{2}$","context":{"sentence-num-in-corpus":"12996","subsection-xmlid":"C23.S2.SS1","sentence-xmlid":"C23.S2.SS1.p2.s2","chapter-title":"Weierstrass Elliptic and Modular Functions","chapter-xmlid":"C23","section-title":"Definitions and Periodic Properties","sentence-num-in-chapter":"42","section-xmlid":"C23.S2","sentence-num-in-section":"3","para-num-of-sentences":"3","para-xmlid":"C23.S2.SS1.p2","subsection-title":"Lattices"}}}{"expression":{"xml-id":"C23.S2.SS1.p2.m3","tex":"$2\\omega_{3}$","context":{"sentence-num-in-corpus":"12996","subsection-xmlid":"C23.S2.SS1","sentence-xmlid":"C23.S2.SS1.p2.s2","chapter-title":"Weierstrass Elliptic and Modular Functions","chapter-xmlid":"C23","section-title":"Definitions and Periodic Properties","sentence-num-in-chapter":"42","section-xmlid":"C23.S2","sentence-num-in-section":"3","para-num-of-sentences":"3","para-xmlid":"C23.S2.SS1.p2","subsection-title":"Lattices"}}}{"expression":{"xml-id":"C23.S2.SS1.p2.m4","tex":"$2\\omega_{2}$","context":{"sentence-num-in-corpus":"12996","subsection-xmlid":"C23.S2.SS1","sentence-xmlid":"C23.S2.SS1.p2.s2","chapter-title":"Weierstrass Elliptic and Modular Functions","chapter-xmlid":"C23","section-title":"Definitions and Periodic Properties","sentence-num-in-chapter":"42","section-xmlid":"C23.S2","sentence-num-in-section":"3","para-num-of-sentences":"3","para-xmlid":"C23.S2.SS1.p2","subsection-title":"Lattices"}}}{"expression":{"xml-id":"C23.S2.SS1.p2.m5","tex":"$2\\omega_{1}$","context":{"sentence-num-in-corpus":"12996","subsection-xmlid":"C23.S2.SS1","sentence-xmlid":"C23.S2.SS1.p2.s2","chapter-title":"Weierstrass Elliptic and Modular Functions","chapter-xmlid":"C23","section-title":"Definitions and Periodic Properties","sentence-num-in-chapter":"42","section-xmlid":"C23.S2","sentence-num-in-section":"3","para-num-of-sentences":"3","para-xmlid":"C23.S2.SS1.p2","subsection-title":"Lattices"}}}{"expression":{"xml-id":"C23.S2.XMD1.m1","tex":"$\\chi_{j}$","context":{"chapter-title":"Weierstrass Elliptic and Modular Functions","chapter-xmlid":"C23"}}}{"equation":{"symbols-used":[{"symbol":{"tex":"$\\omega_{1}$","meaning":"lattice generators","idref":"C23.S1.p2.t1.r8"}},{"symbol":{"tex":"$\\chi_{j}$","meaning":"lattice generators","idref":"C23.S2.SS1.p2"}},{"symbol":{"tex":"$a$","meaning":"integer","idref":"C23.S2.SS1.p2"}},{"symbol":{"tex":"$b$","meaning":"integer","idref":"C23.S2.SS1.p2"}},{"symbol":{"tex":"$c$","meaning":"integer","idref":"C23.S2.SS1.p2"}},{"symbol":{"tex":"$d$","meaning":"integer","idref":"C23.S2.SS1.p2"}}],"context":{"sentence-num-in-corpus":"12997","subsection-xmlid":"C23.S2.SS1","sentence-xmlid":"C23.S2.SS1.p2.s3","chapter-title":"Weierstrass Elliptic and Modular Functions","chapter-xmlid":"C23","section-title":"Definitions and Periodic Properties","sentence-num-in-chapter":"43","section-xmlid":"C23.S2","sentence-num-in-section":"4","para-num-of-sentences":"3","para-xmlid":"C23.S2.SS1.p2","subsection-title":"Lattices"},"permalink":"http:\/\/dlmf.nist.gov\/23.2.E2","equation-number":"23.2.2","subequations":[{"subequation":{"xml-id":"C23.S2.Ex1","tex":"$\\chi_{1}=a\\omega_{1}+b\\omega_{3},$","context":{"chapter-title":"Weierstrass Elliptic and Modular Functions","chapter-xmlid":"C23"}}},{"subequation":{"xml-id":"C23.S2.Ex2","tex":"$\\chi_{3}=c\\omega_{1}+d\\omega_{3},$","context":{"chapter-title":"Weierstrass Elliptic and Modular Functions","chapter-xmlid":"C23"}}}]}}{"expression":{"xml-id":"C23.S1.XMD8.m1adec","tex":"$\\omega_{1}$","context":{"chapter-title":"Weierstrass Elliptic and Modular Functions","chapter-xmlid":"C23"}}}{"expression":{"xml-id":"C23.S1.XMD8.m2adec","tex":"$\\omega_{3}$","context":{"chapter-title":"Weierstrass Elliptic and Modular Functions","chapter-xmlid":"C23"}}}{"expression":{"xml-id":"C23.S1.XMD8.m3adec","tex":"$\\omega_{2}=-\\omega_{1}-\\omega_{3}$","context":{"chapter-title":"Weierstrass Elliptic and Modular Functions","chapter-xmlid":"C23"}}}{"expression":{"xml-id":"C23.S2.XMD1.m1dec","tex":"$\\chi_{j}$","context":{"chapter-title":"Weierstrass Elliptic and Modular Functions","chapter-xmlid":"C23"}}}{"expression":{"xml-id":"C23.S2.XMD2.m1dec","tex":"$a$","context":{"chapter-title":"Weierstrass Elliptic and Modular Functions","chapter-xmlid":"C23"}}}{"expression":{"xml-id":"C23.S2.XMD3.m1dec","tex":"$b$","context":{"chapter-title":"Weierstrass Elliptic and Modular Functions","chapter-xmlid":"C23"}}}{"expression":{"xml-id":"C23.S2.XMD4.m1dec","tex":"$c$","context":{"chapter-title":"Weierstrass Elliptic and Modular Functions","chapter-xmlid":"C23"}}}{"expression":{"xml-id":"C23.S2.XMD5.m1dec","tex":"$d$","context":{"chapter-title":"Weierstrass Elliptic and Modular Functions","chapter-xmlid":"C23"}}}{"expression":{"xml-id":"C23.S2.XMD2.m1","tex":"$a$","context":{"chapter-title":"Weierstrass Elliptic and Modular Functions","chapter-xmlid":"C23"}}}{"expression":{"xml-id":"C23.S2.XMD3.m1","tex":"$b$","context":{"chapter-title":"Weierstrass Elliptic and Modular Functions","chapter-xmlid":"C23"}}}{"expression":{"xml-id":"C23.S2.XMD4.m1","tex":"$c$","context":{"chapter-title":"Weierstrass Elliptic and Modular Functions","chapter-xmlid":"C23"}}}{"expression":{"xml-id":"C23.S2.XMD5.m1","tex":"$d$","context":{"chapter-title":"Weierstrass Elliptic and Modular Functions","chapter-xmlid":"C23"}}}{"expression":{"xml-id":"C23.S2.SS1.p2.m6","tex":"$a,b,c,d$","context":{"sentence-num-in-corpus":"12997","subsection-xmlid":"C23.S2.SS1","sentence-xmlid":"C23.S2.SS1.p2.s3","chapter-title":"Weierstrass Elliptic and Modular Functions","chapter-xmlid":"C23","section-title":"Definitions and Periodic Properties","sentence-num-in-chapter":"43","section-xmlid":"C23.S2","sentence-num-in-section":"4","para-num-of-sentences":"3","para-xmlid":"C23.S2.SS1.p2","subsection-title":"Lattices"}}}{"expression":{"xml-id":"C23.S2.SS1.p2.m7","tex":"$2\\chi_{1}$","context":{"sentence-num-in-corpus":"12997","subsection-xmlid":"C23.S2.SS1","sentence-xmlid":"C23.S2.SS1.p2.s3","chapter-title":"Weierstrass Elliptic and Modular Functions","chapter-xmlid":"C23","section-title":"Definitions and Periodic Properties","sentence-num-in-chapter":"43","section-xmlid":"C23.S2","sentence-num-in-section":"4","para-num-of-sentences":"3","para-xmlid":"C23.S2.SS1.p2","subsection-title":"Lattices"}}}{"expression":{"xml-id":"C23.S2.SS1.p2.m8","tex":"$2\\chi_{3}$","context":{"sentence-num-in-corpus":"12997","subsection-xmlid":"C23.S2.SS1","sentence-xmlid":"C23.S2.SS1.p2.s3","chapter-title":"Weierstrass Elliptic and Modular Functions","chapter-xmlid":"C23","section-title":"Definitions and Periodic Properties","sentence-num-in-chapter":"43","section-xmlid":"C23.S2","sentence-num-in-section":"4","para-num-of-sentences":"3","para-xmlid":"C23.S2.SS1.p2","subsection-title":"Lattices"}}}{"expression":{"xml-id":"C23.S2.SS1.p2.m9","tex":"$\\mathbb{L}$","context":{"sentence-num-in-corpus":"12997","subsection-xmlid":"C23.S2.SS1","sentence-xmlid":"C23.S2.SS1.p2.s3","chapter-title":"Weierstrass Elliptic and Modular Functions","chapter-xmlid":"C23","section-title":"Definitions and Periodic Properties","sentence-num-in-chapter":"43","section-xmlid":"C23.S2","sentence-num-in-section":"4","para-num-of-sentences":"3","para-xmlid":"C23.S2.SS1.p2","subsection-title":"Lattices"}}}{"equation":{"symbols-used":[{"symbol":{"tex":"$a$","meaning":"integer","idref":"C23.S2.SS1.p2"}},{"symbol":{"tex":"$b$","meaning":"integer","idref":"C23.S2.SS1.p2"}},{"symbol":{"tex":"$c$","meaning":"integer","idref":"C23.S2.SS1.p2"}},{"symbol":{"tex":"$d$","meaning":"integer","idref":"C23.S2.SS1.p2"}}],"xml-id":"C23.S2.E3","tex":"$ad-bc=1.$","context":{"sentence-num-in-corpus":"12997","subsection-xmlid":"C23.S2.SS1","sentence-xmlid":"C23.S2.SS1.p2.s3","chapter-title":"Weierstrass Elliptic and Modular Functions","chapter-xmlid":"C23","section-title":"Definitions and Periodic Properties","sentence-num-in-chapter":"43","section-xmlid":"C23.S2","sentence-num-in-section":"4","para-num-of-sentences":"3","para-xmlid":"C23.S2.SS1.p2","subsection-title":"Lattices"},"permalink":"http:\/\/dlmf.nist.gov\/23.2.E3","equation-number":"23.2.3"}}{"expression":{"xml-id":"C23.S2.SS2.info.m1","tex":"$\\wp$","context":{"chapter-title":"Weierstrass Elliptic and Modular Functions","chapter-xmlid":"C23"},"content-tex":"$\\Weierstrassplatt$"}}{"expression":{"xml-id":"C23.S2.SS2.m1","tex":"$\\wp$","context":{"chapter-title":"Weierstrass Elliptic and Modular Functions","chapter-xmlid":"C23"},"content-tex":"$\\Weierstrassplatt$"}}{"equation":{"symbols-used":[{"symbol":{"tex":"$\\wp\\left(\\NVar{z};\\NVar{g_{2}},\\NVar{g_{3}}\\right)$","meaning":"Weierstrass $\\wp$ -function","idref":"C23.S3.E8","content-tex":"$\\Weierstrasspinvar@{\\NVar{z}}{\\NVar{\\Weierstrassinvarlatt{2}@@{\\mathbb{L}}}}{ \\NVar{\\Weierstrassinvarlatt{3}@@{\\mathbb{L}}}}$"}},{"symbol":{"tex":"$g_{\\NVar{j}}$","meaning":"Weierstrass lattice invariants $g_{2}$ , $g_{3}$","idref":"C23.S3.EGx1","content-tex":"$\\Weierstrassinvarlatt{\\NVar{j}}@@{\\NVar{\\mathbb{L}}}$"}},{"symbol":{"tex":"$\\in$","meaning":"element of","idref":"introduction.Sx4.p1.t1.r10"}},{"symbol":{"tex":"$\\setminus$","meaning":"set subtraction","idref":"introduction.Sx4.p2.t1.r19"}},{"symbol":{"tex":"$\\mathbb{L}$","meaning":"lattice","idref":"C23.S1.p2.t1.r1"}},{"symbol":{"tex":"$z$","meaning":"complex","idref":"C23.S1.p2.t1.r4"}}],"xml-id":"C23.S2.E4","tex":"${}\\wp\\left(z\\right)=\\frac{1}{z^{2}}+\\sum_{w\\in\\mathbb{L}\\setminus\\{0\\}}\\left( \\frac{1}{(z-w)^{2}}-\\frac{1}{w^{2}}\\right),$","symbols-defined":[null],"context":{"sentence-num-in-corpus":"12998","subsection-xmlid":"C23.S2.SS2","sentence-xmlid":"C23.S2.SS2.p1.s1","chapter-title":"Weierstrass Elliptic and Modular Functions","chapter-xmlid":"C23","section-title":"Definitions and Periodic Properties","sentence-num-in-chapter":"44","section-xmlid":"C23.S2","sentence-num-in-section":"5","para-num-of-sentences":"3","para-xmlid":"C23.S2.SS2.p1","subsection-title":"Weierstrass Elliptic Functions"},"permalink":"http:\/\/dlmf.nist.gov\/23.2.E4","equation-number":"23.2.4","content-tex":"${}\\Weierstrassplatt@@{z}{\\mathbb{L}}=\\frac{1}{z^{2}}+\\sum_{w\\in\\mathbb{L} \\setminus\\{0\\}}\\left(\\frac{1}{(z-w)^{2}}-\\frac{1}{w^{2}}\\right),$"}}{"equation":{"symbols-used":[{"symbol":{"tex":"$g_{\\NVar{j}}$","meaning":"Weierstrass lattice invariants $g_{2}$ , $g_{3}$","idref":"C23.S3.EGx1","content-tex":"$\\Weierstrassinvarlatt{\\NVar{j}}@@{\\NVar{\\mathbb{L}}}$"}},{"symbol":{"tex":"$\\zeta\\left(\\NVar{z};\\NVar{g_{2}},\\NVar{g_{3}}\\right)$","meaning":"Weierstrass zeta function","idref":"C23.S3.SS1.p3","content-tex":"$\\Weierstrasszetainvar@{\\NVar{z}}{\\NVar{\\Weierstrassinvarlatt{2}@@{\\mathbb{L}}} }{\\NVar{\\Weierstrassinvarlatt{3}@@{\\mathbb{L}}}}$"}},{"symbol":{"tex":"$\\in$","meaning":"element of","idref":"introduction.Sx4.p1.t1.r10"}},{"symbol":{"tex":"$\\setminus$","meaning":"set subtraction","idref":"introduction.Sx4.p2.t1.r19"}},{"symbol":{"tex":"$\\mathbb{L}$","meaning":"lattice","idref":"C23.S1.p2.t1.r1"}},{"symbol":{"tex":"$z$","meaning":"complex","idref":"C23.S1.p2.t1.r4"}}],"xml-id":"C23.S2.E5","tex":"${}\\zeta\\left(z\\right)=\\frac{1}{z}+\\sum_{w\\in\\mathbb{L}\\setminus\\{0\\}}\\left( \\frac{1}{z-w}+\\frac{1}{w}+\\frac{z}{w^{2}}\\right),$","symbols-defined":[null],"context":{"sentence-num-in-corpus":"12998","subsection-xmlid":"C23.S2.SS2","sentence-xmlid":"C23.S2.SS2.p1.s1","chapter-title":"Weierstrass Elliptic and Modular Functions","chapter-xmlid":"C23","section-title":"Definitions and Periodic Properties","sentence-num-in-chapter":"44","section-xmlid":"C23.S2","sentence-num-in-section":"5","para-num-of-sentences":"3","para-xmlid":"C23.S2.SS2.p1","subsection-title":"Weierstrass Elliptic Functions"},"permalink":"http:\/\/dlmf.nist.gov\/23.2.E5","equation-number":"23.2.5","content-tex":"${}\\Weierstrasszetalatt@@{z}{\\mathbb{L}}=\\frac{1}{z}+\\sum_{w\\in\\mathbb{L} \\setminus\\{0\\}}\\left(\\frac{1}{z-w}+\\frac{1}{w}+\\frac{z}{w^{2}}\\right),$"}}{"equation":{"symbols-used":[{"symbol":{"tex":"$g_{\\NVar{j}}$","meaning":"Weierstrass lattice invariants $g_{2}$ , $g_{3}$","idref":"C23.S3.EGx1","content-tex":"$\\Weierstrassinvarlatt{\\NVar{j}}@@{\\NVar{\\mathbb{L}}}$"}},{"symbol":{"tex":"$\\sigma\\left(\\NVar{z};\\NVar{g_{2}},\\NVar{g_{3}}\\right)$","meaning":"Weierstrass sigma function","idref":"C23.S3.SS1.p3","content-tex":"$\\Weierstrasssigmainvar@{\\NVar{z}}{\\NVar{\\Weierstrassinvarlatt{2}@@{\\mathbb{L}} }}{\\NVar{\\Weierstrassinvarlatt{3}@@{\\mathbb{L}}}}$"}},{"symbol":{"tex":"$\\in$","meaning":"element of","idref":"introduction.Sx4.p1.t1.r10"}},{"symbol":{"tex":"$\\exp\\NVar{z}$","meaning":"exponential function","idref":"C4.S2.E19","content-tex":"$\\exp@@{\\NVar{z}}$"}},{"symbol":{"tex":"$\\setminus$","meaning":"set subtraction","idref":"introduction.Sx4.p2.t1.r19"}},{"symbol":{"tex":"$\\mathbb{L}$","meaning":"lattice","idref":"C23.S1.p2.t1.r1"}},{"symbol":{"tex":"$z$","meaning":"complex","idref":"C23.S1.p2.t1.r4"}}],"xml-id":"C23.S2.E6","tex":"${}\\sigma\\left(z\\right)=z\\prod_{w\\in\\mathbb{L}\\setminus\\{0\\}}\\left(\\left(1- \\frac{z}{w}\\right)\\exp\\left(\\frac{z}{w}+\\frac{z^{2}}{2w^{2}}\\right)\\right).$","symbols-defined":[null],"context":{"sentence-num-in-corpus":"12998","subsection-xmlid":"C23.S2.SS2","sentence-xmlid":"C23.S2.SS2.p1.s1","chapter-title":"Weierstrass Elliptic and Modular Functions","chapter-xmlid":"C23","section-title":"Definitions and Periodic Properties","sentence-num-in-chapter":"44","section-xmlid":"C23.S2","sentence-num-in-section":"5","para-num-of-sentences":"3","para-xmlid":"C23.S2.SS2.p1","subsection-title":"Weierstrass Elliptic Functions"},"permalink":"http:\/\/dlmf.nist.gov\/23.2.E6","equation-number":"23.2.6","content-tex":"${}\\Weierstrasssigmalatt@@{z}{\\mathbb{L}}=z\\prod_{w\\in\\mathbb{L}\\setminus\\{0\\}} \\left(\\left(1-\\frac{z}{w}\\right)\\exp@{\\frac{z}{w}+\\frac{z^{2}}{2w^{2}}}\\right).$"}}{"expression":{"xml-id":"C23.S2.SS2.p1.m1","tex":"$\\mathbb{C}$","context":{"sentence-num-in-corpus":"12999","subsection-xmlid":"C23.S2.SS2","sentence-xmlid":"C23.S2.SS2.p1.s2","chapter-title":"Weierstrass Elliptic and Modular Functions","chapter-xmlid":"C23","section-title":"Definitions and Periodic Properties","sentence-num-in-chapter":"45","section-xmlid":"C23.S2","sentence-num-in-section":"6","para-num-of-sentences":"3","para-xmlid":"C23.S2.SS2.p1","subsection-title":"Weierstrass Elliptic Functions"},"content-tex":"$\\Complexes$"}}{"expression":{"xml-id":"C23.S2.SS2.p2.m1","tex":"$z\\notin\\mathbb{L}$","context":{"sentence-num-in-corpus":"13001","subsection-xmlid":"C23.S2.SS2","sentence-xmlid":"C23.S2.SS2.p2.s1","chapter-title":"Weierstrass Elliptic and Modular Functions","chapter-xmlid":"C23","section-title":"Definitions and Periodic Properties","sentence-num-in-chapter":"47","section-xmlid":"C23.S2","sentence-num-in-section":"8","para-num-of-sentences":"1","para-xmlid":"C23.S2.SS2.p2","subsection-title":"Weierstrass Elliptic Functions"}}}{"equation":{"symbols-used":[null,null,{"symbol":{"tex":"$\\mathbb{L}$","meaning":"lattice","idref":"C23.S1.p2.t1.r1"}},{"symbol":{"tex":"$z$","meaning":"complex","idref":"C23.S1.p2.t1.r4"}}],"xml-id":"C23.S2.E7","tex":"$\\wp\\left(z\\right)=-\\zeta'\\left(z\\right),$","context":{"sentence-num-in-corpus":"13001","subsection-xmlid":"C23.S2.SS2","sentence-xmlid":"C23.S2.SS2.p2.s1","chapter-title":"Weierstrass Elliptic and Modular Functions","chapter-xmlid":"C23","section-title":"Definitions and Periodic Properties","sentence-num-in-chapter":"47","section-xmlid":"C23.S2","sentence-num-in-section":"8","para-num-of-sentences":"1","para-xmlid":"C23.S2.SS2.p2","subsection-title":"Weierstrass Elliptic Functions"},"permalink":"http:\/\/dlmf.nist.gov\/23.2.E7","equation-number":"23.2.7","content-tex":"$\\Weierstrassplatt@@{z}{\\mathbb{L}}=-\\Weierstrasszetalatt'@@{z}{\\mathbb{L}},$"}}{"equation":{"symbols-used":[null,null,{"symbol":{"tex":"$\\mathbb{L}$","meaning":"lattice","idref":"C23.S1.p2.t1.r1"}},{"symbol":{"tex":"$z$","meaning":"complex","idref":"C23.S1.p2.t1.r4"}}],"xml-id":"C23.S2.E8","tex":"$\\zeta\\left(z\\right)=\\ifrac{\\sigma'\\left(z\\right)}{\\sigma\\left(z\\right)}.$","context":{"sentence-num-in-corpus":"13001","subsection-xmlid":"C23.S2.SS2","sentence-xmlid":"C23.S2.SS2.p2.s1","chapter-title":"Weierstrass Elliptic and Modular Functions","chapter-xmlid":"C23","section-title":"Definitions and Periodic Properties","sentence-num-in-chapter":"47","section-xmlid":"C23.S2","sentence-num-in-section":"8","para-num-of-sentences":"1","para-xmlid":"C23.S2.SS2.p2","subsection-title":"Weierstrass Elliptic Functions"},"permalink":"http:\/\/dlmf.nist.gov\/23.2.E8","equation-number":"23.2.8","content-tex":"$\\Weierstrasszetalatt@@{z}{\\mathbb{L}}=\\ifrac{\\Weierstrasssigmalatt'@@{z}{ \\mathbb{L}}}{\\Weierstrasssigmalatt@@{z}{\\mathbb{L}}}.$"}}{"expression":{"xml-id":"C23.S2.SS2.p3.m1","tex":"$\\wp\\left(z\\right)$","context":{"sentence-num-in-corpus":"13002","subsection-xmlid":"C23.S2.SS2","sentence-xmlid":"C23.S2.SS2.p3.s1","chapter-title":"Weierstrass Elliptic and Modular Functions","chapter-xmlid":"C23","section-title":"Definitions and Periodic Properties","sentence-num-in-chapter":"48","section-xmlid":"C23.S2","sentence-num-in-section":"9","para-num-of-sentences":"5","para-xmlid":"C23.S2.SS2.p3","subsection-title":"Weierstrass Elliptic Functions"},"content-tex":"$\\Weierstrassplatt@@{z}{\\mathbb{L}}$"}}{"expression":{"xml-id":"C23.S2.SS2.p3.m2","tex":"$\\zeta\\left(z\\right)$","context":{"sentence-num-in-corpus":"13002","subsection-xmlid":"C23.S2.SS2","sentence-xmlid":"C23.S2.SS2.p3.s1","chapter-title":"Weierstrass Elliptic and Modular Functions","chapter-xmlid":"C23","section-title":"Definitions and Periodic Properties","sentence-num-in-chapter":"48","section-xmlid":"C23.S2","sentence-num-in-section":"9","para-num-of-sentences":"5","para-xmlid":"C23.S2.SS2.p3","subsection-title":"Weierstrass Elliptic Functions"},"content-tex":"$\\Weierstrasszetalatt@@{z}{\\mathbb{L}}$"}}{"expression":{"xml-id":"C23.S2.SS2.p3.m3","tex":"$\\wp\\left(z\\right)$","context":{"sentence-num-in-corpus":"13003","subsection-xmlid":"C23.S2.SS2","sentence-xmlid":"C23.S2.SS2.p3.s2","chapter-title":"Weierstrass Elliptic and Modular Functions","chapter-xmlid":"C23","section-title":"Definitions and Periodic Properties","sentence-num-in-chapter":"49","section-xmlid":"C23.S2","sentence-num-in-section":"10","para-num-of-sentences":"5","para-xmlid":"C23.S2.SS2.p3","subsection-title":"Weierstrass Elliptic Functions"},"content-tex":"$\\Weierstrassplatt@@{z}{\\mathbb{L}}$"}}{"expression":{"xml-id":"C23.S2.SS2.p3.m4","tex":"$\\zeta\\left(z\\right)$","context":{"sentence-num-in-corpus":"13003","subsection-xmlid":"C23.S2.SS2","sentence-xmlid":"C23.S2.SS2.p3.s2","chapter-title":"Weierstrass Elliptic and Modular Functions","chapter-xmlid":"C23","section-title":"Definitions and Periodic Properties","sentence-num-in-chapter":"49","section-xmlid":"C23.S2","sentence-num-in-section":"10","para-num-of-sentences":"5","para-xmlid":"C23.S2.SS2.p3","subsection-title":"Weierstrass Elliptic Functions"},"content-tex":"$\\Weierstrasszetalatt@@{z}{\\mathbb{L}}$"}}{"expression":{"xml-id":"C23.S2.SS2.p3.m5","tex":"$\\wp\\left(z\\right)$","context":{"sentence-num-in-corpus":"13004","subsection-xmlid":"C23.S2.SS2","sentence-xmlid":"C23.S2.SS2.p3.s3","chapter-title":"Weierstrass Elliptic and Modular Functions","chapter-xmlid":"C23","section-title":"Definitions and Periodic Properties","sentence-num-in-chapter":"50","section-xmlid":"C23.S2","sentence-num-in-section":"11","para-num-of-sentences":"5","para-xmlid":"C23.S2.SS2.p3","subsection-title":"Weierstrass Elliptic Functions"},"content-tex":"$\\Weierstrassplatt@@{z}{\\mathbb{L}}$"}}{"expression":{"xml-id":"C23.S2.SS2.p3.m6","tex":"$0$","context":{"sentence-num-in-corpus":"13004","subsection-xmlid":"C23.S2.SS2","sentence-xmlid":"C23.S2.SS2.p3.s3","chapter-title":"Weierstrass Elliptic and Modular Functions","chapter-xmlid":"C23","section-title":"Definitions and Periodic Properties","sentence-num-in-chapter":"50","section-xmlid":"C23.S2","sentence-num-in-section":"11","para-num-of-sentences":"5","para-xmlid":"C23.S2.SS2.p3","subsection-title":"Weierstrass Elliptic Functions"}}}{"expression":{"xml-id":"C23.S2.SS2.p3.m7","tex":"$\\zeta\\left(z\\right)$","context":{"sentence-num-in-corpus":"13004","subsection-xmlid":"C23.S2.SS2","sentence-xmlid":"C23.S2.SS2.p3.s3","chapter-title":"Weierstrass Elliptic and Modular Functions","chapter-xmlid":"C23","section-title":"Definitions and Periodic Properties","sentence-num-in-chapter":"50","section-xmlid":"C23.S2","sentence-num-in-section":"11","para-num-of-sentences":"5","para-xmlid":"C23.S2.SS2.p3","subsection-title":"Weierstrass Elliptic Functions"},"content-tex":"$\\Weierstrasszetalatt@@{z}{\\mathbb{L}}$"}}{"expression":{"xml-id":"C23.S2.SS2.p3.m8","tex":"$1$","context":{"sentence-num-in-corpus":"13004","subsection-xmlid":"C23.S2.SS2","sentence-xmlid":"C23.S2.SS2.p3.s3","chapter-title":"Weierstrass Elliptic and Modular Functions","chapter-xmlid":"C23","section-title":"Definitions and Periodic Properties","sentence-num-in-chapter":"50","section-xmlid":"C23.S2","sentence-num-in-section":"11","para-num-of-sentences":"5","para-xmlid":"C23.S2.SS2.p3","subsection-title":"Weierstrass Elliptic Functions"}}}{"expression":{"xml-id":"C23.S2.SS2.p3.m9","tex":"$\\sigma\\left(z\\right)$","context":{"sentence-num-in-corpus":"13005","subsection-xmlid":"C23.S2.SS2","sentence-xmlid":"C23.S2.SS2.p3.s4","chapter-title":"Weierstrass Elliptic and Modular Functions","chapter-xmlid":"C23","section-title":"Definitions and Periodic Properties","sentence-num-in-chapter":"51","section-xmlid":"C23.S2","sentence-num-in-section":"12","para-num-of-sentences":"5","para-xmlid":"C23.S2.SS2.p3","subsection-title":"Weierstrass Elliptic Functions"},"content-tex":"$\\Weierstrasssigmalatt@@{z}{\\mathbb{L}}$"}}{"expression":{"xml-id":"C23.S2.SS2.p3.m10","tex":"$\\wp\\left(z|\\mathbb{L}\\right)$","context":{"sentence-num-in-corpus":"13006","subsection-xmlid":"C23.S2.SS2","sentence-xmlid":"C23.S2.SS2.p3.s5","chapter-title":"Weierstrass Elliptic and Modular Functions","chapter-xmlid":"C23","section-title":"Definitions and Periodic Properties","sentence-num-in-chapter":"52","section-xmlid":"C23.S2","sentence-num-in-section":"13","para-num-of-sentences":"5","para-xmlid":"C23.S2.SS2.p3","subsection-title":"Weierstrass Elliptic Functions"},"content-tex":"$\\Weierstrassplatt@{z}{\\mathbb{L}}$"}}{"expression":{"xml-id":"C23.S2.SS2.p3.m11","tex":"$\\zeta\\left(z|\\mathbb{L}\\right)$","context":{"sentence-num-in-corpus":"13006","subsection-xmlid":"C23.S2.SS2","sentence-xmlid":"C23.S2.SS2.p3.s5","chapter-title":"Weierstrass Elliptic and Modular Functions","chapter-xmlid":"C23","section-title":"Definitions and Periodic Properties","sentence-num-in-chapter":"52","section-xmlid":"C23.S2","sentence-num-in-section":"13","para-num-of-sentences":"5","para-xmlid":"C23.S2.SS2.p3","subsection-title":"Weierstrass Elliptic Functions"},"content-tex":"$\\Weierstrasszetalatt@{z}{\\mathbb{L}}$"}}{"expression":{"xml-id":"C23.S2.SS2.p3.m12","tex":"$\\sigma\\left(z|\\mathbb{L}\\right)$","context":{"sentence-num-in-corpus":"13006","subsection-xmlid":"C23.S2.SS2","sentence-xmlid":"C23.S2.SS2.p3.s5","chapter-title":"Weierstrass Elliptic and Modular Functions","chapter-xmlid":"C23","section-title":"Definitions and Periodic Properties","sentence-num-in-chapter":"52","section-xmlid":"C23.S2","sentence-num-in-section":"13","para-num-of-sentences":"5","para-xmlid":"C23.S2.SS2.p3","subsection-title":"Weierstrass Elliptic Functions"},"content-tex":"$\\Weierstrasssigmalatt@{z}{\\mathbb{L}}$"}}{"expression":{"xml-id":"C23.S2.SS3.p1.m1","tex":"$2\\omega_{1}$","context":{"sentence-num-in-corpus":"13007","subsection-xmlid":"C23.S2.SS3","sentence-xmlid":"C23.S2.SS3.p1.s1","chapter-title":"Weierstrass Elliptic and Modular Functions","chapter-xmlid":"C23","section-title":"Definitions and Periodic Properties","sentence-num-in-chapter":"53","section-xmlid":"C23.S2","sentence-num-in-section":"14","para-num-of-sentences":"3","para-xmlid":"C23.S2.SS3.p1","subsection-title":"Periodicity"}}}{"expression":{"xml-id":"C23.S2.SS3.p1.m2","tex":"$2\\omega_{3}$","context":{"sentence-num-in-corpus":"13007","subsection-xmlid":"C23.S2.SS3","sentence-xmlid":"C23.S2.SS3.p1.s1","chapter-title":"Weierstrass Elliptic and Modular Functions","chapter-xmlid":"C23","section-title":"Definitions and Periodic Properties","sentence-num-in-chapter":"53","section-xmlid":"C23.S2","sentence-num-in-section":"14","para-num-of-sentences":"3","para-xmlid":"C23.S2.SS3.p1","subsection-title":"Periodicity"}}}{"expression":{"xml-id":"C23.S2.SS3.p1.m3","tex":"$\\mathbb{L}$","context":{"sentence-num-in-corpus":"13007","subsection-xmlid":"C23.S2.SS3","sentence-xmlid":"C23.S2.SS3.p1.s1","chapter-title":"Weierstrass Elliptic and Modular Functions","chapter-xmlid":"C23","section-title":"Definitions and Periodic Properties","sentence-num-in-chapter":"53","section-xmlid":"C23.S2","sentence-num-in-section":"14","para-num-of-sentences":"3","para-xmlid":"C23.S2.SS3.p1","subsection-title":"Periodicity"}}}{"expression":{"xml-id":"C23.S2.SS3.p1.m4","tex":"$\\omega_{2}$","context":{"sentence-num-in-corpus":"13007","subsection-xmlid":"C23.S2.SS3","sentence-xmlid":"C23.S2.SS3.p1.s1","chapter-title":"Weierstrass Elliptic and Modular Functions","chapter-xmlid":"C23","section-title":"Definitions and Periodic Properties","sentence-num-in-chapter":"53","section-xmlid":"C23.S2","sentence-num-in-section":"14","para-num-of-sentences":"3","para-xmlid":"C23.S2.SS3.p1","subsection-title":"Periodicity"}}}{"equation":{"symbols-used":[null,{"symbol":{"tex":"$\\mathbb{L}$","meaning":"lattice","idref":"C23.S1.p2.t1.r1"}},{"symbol":{"tex":"$z$","meaning":"complex","idref":"C23.S1.p2.t1.r4"}},{"symbol":{"tex":"$\\omega_{1}$","meaning":"lattice generators","idref":"C23.S1.p2.t1.r8"}}],"xml-id":"C23.S2.E9","tex":"$\\wp\\left(z+2\\omega_{j}\\right)=\\wp\\left(z\\right),$","context":{"sentence-num-in-corpus":"13007","subsection-xmlid":"C23.S2.SS3","sentence-xmlid":"C23.S2.SS3.p1.s1","chapter-title":"Weierstrass Elliptic and Modular Functions","chapter-xmlid":"C23","section-title":"Definitions and Periodic Properties","sentence-num-in-chapter":"53","section-xmlid":"C23.S2","sentence-num-in-section":"14","para-num-of-sentences":"3","para-xmlid":"C23.S2.SS3.p1","subsection-title":"Periodicity"},"permalink":"http:\/\/dlmf.nist.gov\/23.2.E9","equation-number":"23.2.9","constraints":{"tex":"$j=1,2,3$."},"content-tex":"$\\Weierstrassplatt@@{z+2\\omega_{j}}{\\mathbb{L}}=\\Weierstrassplatt@@{z}{\\mathbb{ L}},$"}}{"expression":{"xml-id":"C23.S2.SS3.p1.m5","tex":"$\\wp\\left(z\\right)$","context":{"sentence-num-in-corpus":"13008","subsection-xmlid":"C23.S2.SS3","sentence-xmlid":"C23.S2.SS3.p1.s2","chapter-title":"Weierstrass Elliptic and Modular Functions","chapter-xmlid":"C23","section-title":"Definitions and Periodic Properties","sentence-num-in-chapter":"54","section-xmlid":"C23.S2","sentence-num-in-section":"15","para-num-of-sentences":"3","para-xmlid":"C23.S2.SS3.p1","subsection-title":"Periodicity"},"content-tex":"$\\Weierstrassplatt@@{z}{\\mathbb{L}}$"}}{"expression":{"xml-id":"C23.S2.SS3.p1.m6","tex":"$\\wp\\left(z\\right)$","context":{"sentence-num-in-corpus":"13008","subsection-xmlid":"C23.S2.SS3","sentence-xmlid":"C23.S2.SS3.p1.s2","chapter-title":"Weierstrass Elliptic and Modular Functions","chapter-xmlid":"C23","section-title":"Definitions and Periodic Properties","sentence-num-in-chapter":"54","section-xmlid":"C23.S2","sentence-num-in-section":"15","para-num-of-sentences":"3","para-xmlid":"C23.S2.SS3.p1","subsection-title":"Periodicity"},"content-tex":"$\\Weierstrassplatt@@{z}{\\mathbb{L}}$"}}{"expression":{"xml-id":"C23.S2.SS3.p1.m7","tex":"$\\wp\\left(z\\right)$","context":{"sentence-num-in-corpus":"13008","subsection-xmlid":"C23.S2.SS3","sentence-xmlid":"C23.S2.SS3.p1.s2","chapter-title":"Weierstrass Elliptic and Modular Functions","chapter-xmlid":"C23","section-title":"Definitions and Periodic Properties","sentence-num-in-chapter":"54","section-xmlid":"C23.S2","sentence-num-in-section":"15","para-num-of-sentences":"3","para-xmlid":"C23.S2.SS3.p1","subsection-title":"Periodicity"},"content-tex":"$\\Weierstrassplatt@@{z}{\\mathbb{L}}$"}}{"equation":{"symbols-used":[null,{"symbol":{"tex":"$\\mathbb{L}$","meaning":"lattice","idref":"C23.S1.p2.t1.r1"}},{"symbol":{"tex":"$\\omega_{1}$","meaning":"lattice generators","idref":"C23.S1.p2.t1.r8"}}],"xml-id":"C23.S2.E10","tex":"$\\wp'\\left(\\omega_{j}\\right)=0,$","context":{"sentence-num-in-corpus":"13009","subsection-xmlid":"C23.S2.SS3","sentence-xmlid":"C23.S2.SS3.p1.s3","chapter-title":"Weierstrass Elliptic and Modular Functions","chapter-xmlid":"C23","section-title":"Definitions and Periodic Properties","sentence-num-in-chapter":"55","section-xmlid":"C23.S2","sentence-num-in-section":"16","para-num-of-sentences":"3","para-xmlid":"C23.S2.SS3.p1","subsection-title":"Periodicity"},"permalink":"http:\/\/dlmf.nist.gov\/23.2.E10","equation-number":"23.2.10","constraints":{"tex":"$j=1,2,3$."},"content-tex":"$\\Weierstrassplatt'@@{\\omega_{j}}{\\mathbb{L}}=0,$"}}{"expression":{"xml-id":"C23.S2.SS3.p2.m1","tex":"$\\zeta\\left(z\\right)$","context":{"sentence-num-in-corpus":"13010","subsection-xmlid":"C23.S2.SS3","sentence-xmlid":"C23.S2.SS3.p2.s1","chapter-title":"Weierstrass Elliptic and Modular Functions","chapter-xmlid":"C23","section-title":"Definitions and Periodic Properties","sentence-num-in-chapter":"56","section-xmlid":"C23.S2","sentence-num-in-section":"17","para-num-of-sentences":"2","para-xmlid":"C23.S2.SS3.p2","subsection-title":"Periodicity"},"content-tex":"$\\Weierstrasszetalatt@@{z}{\\mathbb{L}}$"}}{"expression":{"xml-id":"C23.S2.SS3.p2.m2","tex":"$j=1,2,3$","context":{"sentence-num-in-corpus":"13010","subsection-xmlid":"C23.S2.SS3","sentence-xmlid":"C23.S2.SS3.p2.s1","chapter-title":"Weierstrass Elliptic and Modular Functions","chapter-xmlid":"C23","section-title":"Definitions and Periodic Properties","sentence-num-in-chapter":"56","section-xmlid":"C23.S2","sentence-num-in-section":"17","para-num-of-sentences":"2","para-xmlid":"C23.S2.SS3.p2","subsection-title":"Periodicity"}}}{"equation":{"symbols-used":[null,{"symbol":{"tex":"$\\mathbb{L}$","meaning":"lattice","idref":"C23.S1.p2.t1.r1"}},{"symbol":{"tex":"$z$","meaning":"complex","idref":"C23.S1.p2.t1.r4"}},{"symbol":{"tex":"$\\omega_{1}$","meaning":"lattice generators","idref":"C23.S1.p2.t1.r8"}},{"symbol":{"tex":"$\\eta_{j}$","meaning":"complex number","idref":"C23.S2.SS3.p2"}}],"xml-id":"C23.S2.E11","tex":"$\\zeta\\left(z+2\\omega_{j}\\right)=\\zeta\\left(z\\right)+2\\eta_{j},$","context":{"sentence-num-in-corpus":"13010","subsection-xmlid":"C23.S2.SS3","sentence-xmlid":"C23.S2.SS3.p2.s1","chapter-title":"Weierstrass Elliptic and Modular Functions","chapter-xmlid":"C23","section-title":"Definitions and Periodic Properties","sentence-num-in-chapter":"56","section-xmlid":"C23.S2","sentence-num-in-section":"17","para-num-of-sentences":"2","para-xmlid":"C23.S2.SS3.p2","subsection-title":"Periodicity"},"permalink":"http:\/\/dlmf.nist.gov\/23.2.E11","equation-number":"23.2.11","content-tex":"$\\Weierstrasszetalatt@@{z+2\\omega_{j}}{\\mathbb{L}}=\\Weierstrasszetalatt@@{z}{ \\mathbb{L}}+2\\eta_{j},$"}}{"expression":{"xml-id":"C23.S2.XMD6.m1","tex":"$\\eta_{j}$","context":{"chapter-title":"Weierstrass Elliptic and Modular Functions","chapter-xmlid":"C23"}}}{"equation":{"symbols-used":[null,{"symbol":{"tex":"$\\mathbb{L}$","meaning":"lattice","idref":"C23.S1.p2.t1.r1"}},{"symbol":{"tex":"$\\omega_{1}$","meaning":"lattice generators","idref":"C23.S1.p2.t1.r8"}},{"symbol":{"tex":"$\\eta_{j}$","meaning":"complex number","idref":"C23.S2.SS3.p2"}}],"xml-id":"C23.S2.E12","tex":"$\\eta_{j}=\\zeta\\left(\\omega_{j}\\right).$","context":{"sentence-num-in-corpus":"13010","subsection-xmlid":"C23.S2.SS3","sentence-xmlid":"C23.S2.SS3.p2.s1","chapter-title":"Weierstrass Elliptic and Modular Functions","chapter-xmlid":"C23","section-title":"Definitions and Periodic Properties","sentence-num-in-chapter":"56","section-xmlid":"C23.S2","sentence-num-in-section":"17","para-num-of-sentences":"2","para-xmlid":"C23.S2.SS3.p2","subsection-title":"Periodicity"},"permalink":"http:\/\/dlmf.nist.gov\/23.2.E12","equation-number":"23.2.12","content-tex":"$\\eta_{j}=\\Weierstrasszetalatt@@{\\omega_{j}}{\\mathbb{L}}.$"}}{"equation":{"symbols-used":[{"symbol":{"tex":"$\\eta_{j}$","meaning":"complex number","idref":"C23.S2.SS3.p2"}}],"xml-id":"C23.S2.E13","tex":"$\\eta_{1}+\\eta_{2}+\\eta_{3}=0,$","context":{"sentence-num-in-corpus":"13011","subsection-xmlid":"C23.S2.SS3","sentence-xmlid":"C23.S2.SS3.p2.s2","chapter-title":"Weierstrass Elliptic and Modular Functions","chapter-xmlid":"C23","section-title":"Definitions and Periodic Properties","sentence-num-in-chapter":"57","section-xmlid":"C23.S2","sentence-num-in-section":"18","para-num-of-sentences":"2","para-xmlid":"C23.S2.SS3.p2","subsection-title":"Periodicity"},"permalink":"http:\/\/dlmf.nist.gov\/23.2.E13","equation-number":"23.2.13"}}{"equation":{"symbols-used":[{"symbol":{"tex":"$\\pi$","meaning":"the ratio of the circumference of a circle to its diameter","idref":"C3.S12.E1","content-tex":"$\\cpi$"}},{"symbol":{"tex":"$\\mathrm{i}$","meaning":"imaginary unit","idref":"C1.S9.E1","content-tex":"$\\iunit$"}},{"symbol":{"tex":"$\\omega_{1}$","meaning":"lattice generators","idref":"C23.S1.p2.t1.r8"}},{"symbol":{"tex":"$\\eta_{j}$","meaning":"complex number","idref":"C23.S2.SS3.p2"}}],"xml-id":"C23.S2.E14","tex":"$\\eta_{3}\\omega_{2}-\\eta_{2}\\omega_{3}=\\eta_{2}\\omega_{1}-\\eta_{1}\\omega_{2}= \\eta_{1}\\omega_{3}-\\eta_{3}\\omega_{1}=\\tfrac{1}{2}\\pi i.$","context":{"sentence-num-in-corpus":"13011","subsection-xmlid":"C23.S2.SS3","sentence-xmlid":"C23.S2.SS3.p2.s2","chapter-title":"Weierstrass Elliptic and Modular Functions","chapter-xmlid":"C23","section-title":"Definitions and Periodic Properties","sentence-num-in-chapter":"57","section-xmlid":"C23.S2","sentence-num-in-section":"18","para-num-of-sentences":"2","para-xmlid":"C23.S2.SS3.p2","subsection-title":"Periodicity"},"permalink":"http:\/\/dlmf.nist.gov\/23.2.E14","equation-number":"23.2.14"}}{"expression":{"xml-id":"C23.S2.SS3.p3.m1","tex":"$j=1,2,3$","context":{"sentence-num-in-corpus":"13012","subsection-xmlid":"C23.S2.SS3","sentence-xmlid":"C23.S2.SS3.p3.s1","chapter-title":"Weierstrass Elliptic and Modular Functions","chapter-xmlid":"C23","section-title":"Definitions and Periodic Properties","sentence-num-in-chapter":"58","section-xmlid":"C23.S2","sentence-num-in-section":"19","para-num-of-sentences":"2","para-xmlid":"C23.S2.SS3.p3","subsection-title":"Periodicity"}}}{"expression":{"xml-id":"C23.S2.SS3.p3.m2","tex":"$\\sigma\\left(z\\right)$","context":{"sentence-num-in-corpus":"13012","subsection-xmlid":"C23.S2.SS3","sentence-xmlid":"C23.S2.SS3.p3.s1","chapter-title":"Weierstrass Elliptic and Modular Functions","chapter-xmlid":"C23","section-title":"Definitions and Periodic Properties","sentence-num-in-chapter":"58","section-xmlid":"C23.S2","sentence-num-in-section":"19","para-num-of-sentences":"2","para-xmlid":"C23.S2.SS3.p3","subsection-title":"Periodicity"},"content-tex":"$\\Weierstrasssigmalatt@@{z}{\\mathbb{L}}$"}}{"equation":{"symbols-used":[null,{"symbol":{"tex":"$\\mathrm{e}$","meaning":"base of natural logarithm","idref":"C4.S2.E11","content-tex":"$\\expe$"}},{"symbol":{"tex":"$\\mathbb{L}$","meaning":"lattice","idref":"C23.S1.p2.t1.r1"}},{"symbol":{"tex":"$z$","meaning":"complex","idref":"C23.S1.p2.t1.r4"}},{"symbol":{"tex":"$\\omega_{1}$","meaning":"lattice generators","idref":"C23.S1.p2.t1.r8"}},{"symbol":{"tex":"$\\eta_{j}$","meaning":"complex number","idref":"C23.S2.SS3.p2"}}],"xml-id":"C23.S2.E15","tex":"$\\sigma\\left(z+2\\omega_{j}\\right)=-e^{2\\eta_{j}(z+\\omega_{j})}\\sigma\\left(z \\right),$","context":{"sentence-num-in-corpus":"13012","subsection-xmlid":"C23.S2.SS3","sentence-xmlid":"C23.S2.SS3.p3.s1","chapter-title":"Weierstrass Elliptic and Modular Functions","chapter-xmlid":"C23","section-title":"Definitions and Periodic Properties","sentence-num-in-chapter":"58","section-xmlid":"C23.S2","sentence-num-in-section":"19","para-num-of-sentences":"2","para-xmlid":"C23.S2.SS3.p3","subsection-title":"Periodicity"},"permalink":"http:\/\/dlmf.nist.gov\/23.2.E15","equation-number":"23.2.15","content-tex":"$\\Weierstrasssigmalatt@@{z+2\\omega_{j}}{\\mathbb{L}}=-e^{2\\eta_{j}(z+\\omega_{j}) }\\Weierstrasssigmalatt@@{z}{\\mathbb{L}},$"}}{"equation":{"symbols-used":[null,{"symbol":{"tex":"$\\mathrm{e}$","meaning":"base of natural logarithm","idref":"C4.S2.E11","content-tex":"$\\expe$"}},{"symbol":{"tex":"$\\mathbb{L}$","meaning":"lattice","idref":"C23.S1.p2.t1.r1"}},{"symbol":{"tex":"$\\omega_{1}$","meaning":"lattice generators","idref":"C23.S1.p2.t1.r8"}},{"symbol":{"tex":"$\\eta_{j}$","meaning":"complex number","idref":"C23.S2.SS3.p2"}}],"xml-id":"C23.S2.E16","tex":"$\\sigma'\\left(2\\omega_{j}\\right)=-e^{2\\eta_{j}\\omega_{j}}.$","context":{"sentence-num-in-corpus":"13012","subsection-xmlid":"C23.S2.SS3","sentence-xmlid":"C23.S2.SS3.p3.s1","chapter-title":"Weierstrass Elliptic and Modular Functions","chapter-xmlid":"C23","section-title":"Definitions and Periodic Properties","sentence-num-in-chapter":"58","section-xmlid":"C23.S2","sentence-num-in-section":"19","para-num-of-sentences":"2","para-xmlid":"C23.S2.SS3.p3","subsection-title":"Periodicity"},"permalink":"http:\/\/dlmf.nist.gov\/23.2.E16","equation-number":"23.2.16","content-tex":"$\\Weierstrasssigmalatt'@@{2\\omega_{j}}{\\mathbb{L}}=-e^{2\\eta_{j}\\omega_{j}}.$"}}{"expression":{"xml-id":"C23.S2.SS3.p3.m3","tex":"$j=1,2,3$","context":{"sentence-num-in-corpus":"13013","subsection-xmlid":"C23.S2.SS3","sentence-xmlid":"C23.S2.SS3.p3.s2","chapter-title":"Weierstrass Elliptic and Modular Functions","chapter-xmlid":"C23","section-title":"Definitions and Periodic Properties","sentence-num-in-chapter":"59","section-xmlid":"C23.S2","sentence-num-in-section":"20","para-num-of-sentences":"2","para-xmlid":"C23.S2.SS3.p3","subsection-title":"Periodicity"}}}{"expression":{"xml-id":"C23.S2.SS3.p3.m4","tex":"$k=1,2,3$","context":{"sentence-num-in-corpus":"13013","subsection-xmlid":"C23.S2.SS3","sentence-xmlid":"C23.S2.SS3.p3.s2","chapter-title":"Weierstrass Elliptic and Modular Functions","chapter-xmlid":"C23","section-title":"Definitions and Periodic Properties","sentence-num-in-chapter":"59","section-xmlid":"C23.S2","sentence-num-in-section":"20","para-num-of-sentences":"2","para-xmlid":"C23.S2.SS3.p3","subsection-title":"Periodicity"}}}{"expression":{"xml-id":"C23.S2.SS3.p3.m5","tex":"$j\\neq k$","context":{"sentence-num-in-corpus":"13013","subsection-xmlid":"C23.S2.SS3","sentence-xmlid":"C23.S2.SS3.p3.s2","chapter-title":"Weierstrass Elliptic and Modular Functions","chapter-xmlid":"C23","section-title":"Definitions and Periodic Properties","sentence-num-in-chapter":"59","section-xmlid":"C23.S2","sentence-num-in-section":"20","para-num-of-sentences":"2","para-xmlid":"C23.S2.SS3.p3","subsection-title":"Periodicity"}}}{"expression":{"xml-id":"C23.S2.SS3.p3.m6","tex":"$m,n\\in\\mathbb{Z}$","context":{"sentence-num-in-corpus":"13013","subsection-xmlid":"C23.S2.SS3","sentence-xmlid":"C23.S2.SS3.p3.s2","chapter-title":"Weierstrass Elliptic and Modular Functions","chapter-xmlid":"C23","section-title":"Definitions and Periodic Properties","sentence-num-in-chapter":"59","section-xmlid":"C23.S2","sentence-num-in-section":"20","para-num-of-sentences":"2","para-xmlid":"C23.S2.SS3.p3","subsection-title":"Periodicity"},"content-tex":"$m,n\\in\\Integers$"}}{"equation":{"symbols-used":[null,{"symbol":{"tex":"$\\exp\\NVar{z}$","meaning":"exponential function","idref":"C4.S2.E19","content-tex":"$\\exp@@{\\NVar{z}}$"}},{"symbol":{"tex":"$\\mathbb{L}$","meaning":"lattice","idref":"C23.S1.p2.t1.r1"}},{"symbol":{"tex":"$n$","meaning":"integer","idref":"C23.S1.p2.t1.r2"}},{"symbol":{"tex":"$m$","meaning":"integer","idref":"C23.S1.p2.t1.r3"}},{"symbol":{"tex":"$z$","meaning":"complex","idref":"C23.S1.p2.t1.r4"}},{"symbol":{"tex":"$\\omega_{1}$","meaning":"lattice generators","idref":"C23.S1.p2.t1.r8"}},{"symbol":{"tex":"$\\eta_{j}$","meaning":"complex number","idref":"C23.S2.SS3.p2"}},{"symbol":{"tex":"$k$","meaning":"modulus","idref":"C23.S6.SS2.p1"}}],"xml-id":"C23.S2.E17","tex":"$\\ifrac{\\sigma\\left(z+2m\\omega_{j}+2n\\omega_{k}\\right)}{\\sigma\\left(z\\right)}=( -1)^{m+n+mn}\\exp\\left((2m\\eta_{j}+2n\\eta_{k})(m\\omega_{j}+n\\omega_{k}+z)\\right).$","context":{"sentence-num-in-corpus":"13013","subsection-xmlid":"C23.S2.SS3","sentence-xmlid":"C23.S2.SS3.p3.s2","chapter-title":"Weierstrass Elliptic and Modular Functions","chapter-xmlid":"C23","section-title":"Definitions and Periodic Properties","sentence-num-in-chapter":"59","section-xmlid":"C23.S2","sentence-num-in-section":"20","para-num-of-sentences":"2","para-xmlid":"C23.S2.SS3.p3","subsection-title":"Periodicity"},"permalink":"http:\/\/dlmf.nist.gov\/23.2.E17","equation-number":"23.2.17","content-tex":"$\\ifrac{\\Weierstrasssigmalatt@@{z+2m\\omega_{j}+2n\\omega_{k}}{\\mathbb{L}}}{ \\Weierstrasssigmalatt@@{z}{\\mathbb{L}}}=(-1)^{m+n+mn}\\exp@{(2m\\eta_{j}+2n\\eta_ {k})(m\\omega_{j}+n\\omega_{k}+z)}.$"}}{"expression":{"xml-id":"C23.S2.SS3.p4.m1","tex":"$\\sigma$","context":{"sentence-num-in-corpus":"13014","subsection-xmlid":"C23.S2.SS3","sentence-xmlid":"C23.S2.SS3.p4.s1","chapter-title":"Weierstrass Elliptic and Modular Functions","chapter-xmlid":"C23","section-title":"Definitions and Periodic Properties","sentence-num-in-chapter":"60","section-xmlid":"C23.S2","sentence-num-in-section":"21","para-num-of-sentences":"1","para-xmlid":"C23.S2.SS3.p4","subsection-title":"Periodicity"},"content-tex":"$\\Weierstrasssigmalatt$"}}