{"expression":{"context-references":{"sentence-num-in-corpus":"13218","subsection-xmlid":"C23.S21.SS1","sentence-xmlid":"C23.S21.SS1.p1.s1","chapter-title":"Weierstrass Elliptic and Modular Functions","chapter-xmlid":"C23","section-title":"Physical Applications","sentence-num-in-chapter":"264","section-xmlid":"C23.S21","sentence-num-in-section":"1","para-num-of-sentences":"3","para-xmlid":"C23.S21.SS1.p1","subsection-title":"Classical Dynamics"},"xml-id":"C23.S21.SS1.p1.m1","tex":"$(1-x^{2})(1-k^{2}x^{2})$"}}{"expression":{"context-references":{"sentence-num-in-corpus":"13219","subsection-xmlid":"C23.S21.SS1","sentence-xmlid":"C23.S21.SS1.p1.s2","chapter-title":"Weierstrass Elliptic and Modular Functions","chapter-xmlid":"C23","section-title":"Physical Applications","sentence-num-in-chapter":"265","section-xmlid":"C23.S21","sentence-num-in-section":"2","para-num-of-sentences":"3","para-xmlid":"C23.S21.SS1.p1","subsection-title":"Classical Dynamics"},"xml-id":"C23.S21.SS1.p1.m2","tex":"$\\wp$","content-tex":"$\\Weierstrassplatt$"}}{"expression":{"context-references":{"sentence-num-in-corpus":"13219","subsection-xmlid":"C23.S21.SS1","sentence-xmlid":"C23.S21.SS1.p1.s2","chapter-title":"Weierstrass Elliptic and Modular Functions","chapter-xmlid":"C23","section-title":"Physical Applications","sentence-num-in-chapter":"265","section-xmlid":"C23.S21","sentence-num-in-section":"2","para-num-of-sentences":"3","para-xmlid":"C23.S21.SS1.p1","subsection-title":"Classical Dynamics"},"xml-id":"C23.S21.SS1.p1.m3","tex":"$g_{3}+g_{2}x-4x^{3}$","content-tex":"$\\Weierstrassinvarlatt{3}@@{\\mathbb{L}}+\\Weierstrassinvarlatt{2}@@{\\mathbb{L}}x -4x^{3}$"}}{"expression":{"context-references":{"sentence-num-in-corpus":"13221","subsection-xmlid":"C23.S21.SS2","sentence-xmlid":"C23.S21.SS2.p1.s1","chapter-title":"Weierstrass Elliptic and Modular Functions","chapter-xmlid":"C23","section-title":"Physical Applications","sentence-num-in-chapter":"267","section-xmlid":"C23.S21","sentence-num-in-section":"4","para-num-of-sentences":"2","para-xmlid":"C23.S21.SS2.p1","subsection-title":"Nonlinear Evolution Equations"},"xml-id":"C23.S21.SS2.p1.m1","tex":"$\\wp$","content-tex":"$\\Weierstrassplatt$"}}{"expression":{"context-references":{"sentence-num-in-corpus":"13223","subsection-xmlid":"C23.S21.SS3","sentence-xmlid":"C23.S21.SS3.p1.s1","chapter-title":"Weierstrass Elliptic and Modular Functions","chapter-xmlid":"C23","section-title":"Physical Applications","sentence-num-in-chapter":"269","section-xmlid":"C23.S21","sentence-num-in-section":"6","para-num-of-sentences":"2","para-xmlid":"C23.S21.SS3.p1","subsection-title":"Ellipsoidal Coordinates"},"xml-id":"C23.S21.SS3.p1.m1","tex":"$(\\xi,\\eta,\\zeta)$"}}{"expression":{"context-references":{"chapter-title":"Weierstrass Elliptic and Modular Functions","chapter-xmlid":"C23"},"xml-id":"C23.S21.XMD1.m1","tex":"$\\xi$"}}{"expression":{"context-references":{"chapter-title":"Weierstrass Elliptic and Modular Functions","chapter-xmlid":"C23"},"xml-id":"C23.S21.XMD2.m1","tex":"$\\eta$"}}{"expression":{"context-references":{"chapter-title":"Weierstrass Elliptic and Modular Functions","chapter-xmlid":"C23"},"xml-id":"C23.S21.XMD3.m1","tex":"$\\zeta$"}}{"expression":{"context-references":{"sentence-num-in-corpus":"13223","subsection-xmlid":"C23.S21.SS3","sentence-xmlid":"C23.S21.SS3.p1.s1","chapter-title":"Weierstrass Elliptic and Modular Functions","chapter-xmlid":"C23","section-title":"Physical Applications","sentence-num-in-chapter":"269","section-xmlid":"C23.S21","sentence-num-in-section":"6","para-num-of-sentences":"2","para-xmlid":"C23.S21.SS3.p1","subsection-title":"Ellipsoidal Coordinates"},"xml-id":"C23.S21.SS3.p1.m2","tex":"$\\rho$"}}{"expression":{"context-references":{"chapter-title":"Weierstrass Elliptic and Modular Functions","chapter-xmlid":"C23"},"xml-id":"C23.S21.XMD4.m1","tex":"$\\rho$"}}{"equation":{"symbols-used":[{"symbol":{"tex":"$e_{\\NVar{j}}$","meaning":"Weierstrass lattice roots","idref":"C23.S3.SS1","content-tex":"$\\Weierstrasselatt{\\NVar{j}}@@{\\NVar{\\mathbb{L}}}$"}},{"symbol":{"tex":"$\\mathbb{L}$","meaning":"lattice","idref":"C23.S1.p2.t1.r1"}},{"symbol":{"tex":"$x$","meaning":"real part of $z$","idref":"C23.S1.p2.t1.r4"}},{"symbol":{"tex":"$y$","meaning":"imaginary part of $z$","idref":"C23.S1.p2.t1.r4"}},{"symbol":{"tex":"$z$","meaning":"complex","idref":"C23.S1.p2.t1.r4"}},{"symbol":{"tex":"$\\rho$","meaning":"roots","idref":"C23.S21.SS3.p1"}}],"context-references":{"sentence-num-in-corpus":"13223","subsection-xmlid":"C23.S21.SS3","sentence-xmlid":"C23.S21.SS3.p1.s1","chapter-title":"Weierstrass Elliptic and Modular Functions","chapter-xmlid":"C23","section-title":"Physical Applications","sentence-num-in-chapter":"269","section-xmlid":"C23.S21","sentence-num-in-section":"6","para-num-of-sentences":"2","para-xmlid":"C23.S21.SS3.p1","subsection-title":"Ellipsoidal Coordinates"},"xml-id":"C23.S21.E1","tex":"$\\frac{x^{2}}{\\rho-e_{1}}+\\frac{y^{2}}{\\rho-e_{2}}+\\frac{z^{2}}{\\rho-e_{3}}=1,$","permalink":"http:\/\/dlmf.nist.gov\/23.21.E1","equation-number":"23.21.1","content-tex":"$\\frac{x^{2}}{\\rho-\\Weierstrasselatt{1}@@{\\mathbb{L}}}+\\frac{y^{2}}{\\rho- \\Weierstrasselatt{2}@@{\\mathbb{L}}}+\\frac{z^{2}}{\\rho-\\Weierstrasselatt{3}@@{ \\mathbb{L}}}=1,$"}}{"expression":{"context-references":{"sentence-num-in-corpus":"13223","subsection-xmlid":"C23.S21.SS3","sentence-xmlid":"C23.S21.SS3.p1.s1","chapter-title":"Weierstrass Elliptic and Modular Functions","chapter-xmlid":"C23","section-title":"Physical Applications","sentence-num-in-chapter":"269","section-xmlid":"C23.S21","sentence-num-in-section":"6","para-num-of-sentences":"2","para-xmlid":"C23.S21.SS3.p1","subsection-title":"Ellipsoidal Coordinates"},"xml-id":"C23.S21.SS3.p1.m3","tex":"$x,y,z$"}}{"expression":{"context-references":{"sentence-num-in-corpus":"13223","subsection-xmlid":"C23.S21.SS3","sentence-xmlid":"C23.S21.SS3.p1.s1","chapter-title":"Weierstrass Elliptic and Modular Functions","chapter-xmlid":"C23","section-title":"Physical Applications","sentence-num-in-chapter":"269","section-xmlid":"C23.S21","sentence-num-in-section":"6","para-num-of-sentences":"2","para-xmlid":"C23.S21.SS3.p1","subsection-title":"Ellipsoidal Coordinates"},"xml-id":"C23.S21.SS3.p1.m4","tex":"$e_{1}$","content-tex":"$\\Weierstrasselatt{1}@@{\\mathbb{L}}$"}}{"expression":{"context-references":{"sentence-num-in-corpus":"13223","subsection-xmlid":"C23.S21.SS3","sentence-xmlid":"C23.S21.SS3.p1.s1","chapter-title":"Weierstrass Elliptic and Modular Functions","chapter-xmlid":"C23","section-title":"Physical Applications","sentence-num-in-chapter":"269","section-xmlid":"C23.S21","sentence-num-in-section":"6","para-num-of-sentences":"2","para-xmlid":"C23.S21.SS3.p1","subsection-title":"Ellipsoidal Coordinates"},"xml-id":"C23.S21.SS3.p1.m5","tex":"$e_{2}$","content-tex":"$\\Weierstrasselatt{2}@@{\\mathbb{L}}$"}}{"expression":{"context-references":{"sentence-num-in-corpus":"13223","subsection-xmlid":"C23.S21.SS3","sentence-xmlid":"C23.S21.SS3.p1.s1","chapter-title":"Weierstrass Elliptic and Modular Functions","chapter-xmlid":"C23","section-title":"Physical Applications","sentence-num-in-chapter":"269","section-xmlid":"C23.S21","sentence-num-in-section":"6","para-num-of-sentences":"2","para-xmlid":"C23.S21.SS3.p1","subsection-title":"Ellipsoidal Coordinates"},"xml-id":"C23.S21.SS3.p1.m6","tex":"$e_{3}$","content-tex":"$\\Weierstrasselatt{3}@@{\\mathbb{L}}$"}}{"expression":{"context-references":{"sentence-num-in-corpus":"13224","subsection-xmlid":"C23.S21.SS3","sentence-xmlid":"C23.S21.SS3.p1.s2","chapter-title":"Weierstrass Elliptic and Modular Functions","chapter-xmlid":"C23","section-title":"Physical Applications","sentence-num-in-chapter":"270","section-xmlid":"C23.S21","sentence-num-in-section":"7","para-num-of-sentences":"2","para-xmlid":"C23.S21.SS3.p1","subsection-title":"Ellipsoidal Coordinates"},"xml-id":"C23.S21.SS3.p1.m7","tex":"$\\nabla^{2}$"}}{"equation":{"symbols-used":[{"symbol":{"tex":"$\\frac{\\partial\\NVar{f}}{\\partial\\NVar{x}}$","meaning":"partial derivative of $f$ with respect to $x$","idref":"C1.S5.E3","content-tex":"$\\pderiv{\\NVar{f}}{\\NVar{x}}$"}},{"symbol":{"tex":"$\\partial\\NVar{x}$","meaning":"partial differential of $x$","idref":"C1.S5.E3","content-tex":"$\\pdiff{\\NVar{x}}$"}},{"symbol":{"tex":"$\\xi$","meaning":"ellipsoidal coordinate","idref":"C23.S21.SS3.p1"}},{"symbol":{"tex":"$\\eta$","meaning":"ellipsoidal coordinate","idref":"C23.S21.SS3.p1"}},{"symbol":{"tex":"$\\zeta$","meaning":"ellipsoidal coordinate","idref":"C23.S21.SS3.p1"}},{"symbol":{"tex":"$f(\\rho)$","meaning":"function","idref":"C23.S21.SS3.p1"}}],"context-references":{"sentence-num-in-corpus":"13224","subsection-xmlid":"C23.S21.SS3","sentence-xmlid":"C23.S21.SS3.p1.s2","chapter-title":"Weierstrass Elliptic and Modular Functions","chapter-xmlid":"C23","section-title":"Physical Applications","sentence-num-in-chapter":"270","section-xmlid":"C23.S21","sentence-num-in-section":"7","para-num-of-sentences":"2","para-xmlid":"C23.S21.SS3.p1","subsection-title":"Ellipsoidal Coordinates"},"xml-id":"C23.S21.E2","tex":"$(\\eta-\\zeta)(\\zeta-\\xi)(\\xi-\\eta)\\nabla^{2}=(\\zeta-\\eta)f(\\xi)f^{\\prime}(\\xi) \\frac{\\partial}{\\partial\\xi}+(\\xi-\\zeta)f(\\eta)f^{\\prime}(\\eta)\\frac{\\partial} {\\partial\\eta}+(\\eta-\\xi)f(\\zeta)f^{\\prime}(\\zeta)\\frac{\\partial}{\\partial \\zeta},$","permalink":"http:\/\/dlmf.nist.gov\/23.21.E2","equation-number":"23.21.2","content-tex":"$(\\eta-\\zeta)(\\zeta-\\xi)(\\xi-\\eta)\\nabla^{2}=(\\zeta-\\eta)f(\\xi)f^{\\prime}(\\xi) \\pderiv{}{\\xi}+(\\xi-\\zeta)f(\\eta)f^{\\prime}(\\eta)\\pderiv{}{\\eta}+(\\eta-\\xi)f( \\zeta)f^{\\prime}(\\zeta)\\pderiv{}{\\zeta},$"}}{"expression":{"context-references":{"chapter-title":"Weierstrass Elliptic and Modular Functions","chapter-xmlid":"C23"},"xml-id":"C23.S21.XMD5.m1","tex":"$f(\\rho)$"}}{"equation":{"symbols-used":[{"symbol":{"tex":"$e_{\\NVar{j}}$","meaning":"Weierstrass lattice roots","idref":"C23.S3.SS1","content-tex":"$\\Weierstrasselatt{\\NVar{j}}@@{\\NVar{\\mathbb{L}}}$"}},{"symbol":{"tex":"$\\mathbb{L}$","meaning":"lattice","idref":"C23.S1.p2.t1.r1"}},{"symbol":{"tex":"$\\rho$","meaning":"roots","idref":"C23.S21.SS3.p1"}},{"symbol":{"tex":"$f(\\rho)$","meaning":"function","idref":"C23.S21.SS3.p1"}}],"context-references":{"sentence-num-in-corpus":"13224","subsection-xmlid":"C23.S21.SS3","sentence-xmlid":"C23.S21.SS3.p1.s2","chapter-title":"Weierstrass Elliptic and Modular Functions","chapter-xmlid":"C23","section-title":"Physical Applications","sentence-num-in-chapter":"270","section-xmlid":"C23.S21","sentence-num-in-section":"7","para-num-of-sentences":"2","para-xmlid":"C23.S21.SS3.p1","subsection-title":"Ellipsoidal Coordinates"},"xml-id":"C23.S21.E3","tex":"$f(\\rho)=2\\left((\\rho-e_{1})(\\rho-e_{2})(\\rho-e_{3})\\right)^{1\/2}.$","permalink":"http:\/\/dlmf.nist.gov\/23.21.E3","equation-number":"23.21.3","content-tex":"$f(\\rho)=2\\left((\\rho-\\Weierstrasselatt{1}@@{\\mathbb{L}})(\\rho- \\Weierstrasselatt{2}@@{\\mathbb{L}})(\\rho-\\Weierstrasselatt{3}@@{\\mathbb{L}}) \\right)^{1\/2}.$"}}{"expression":{"context-references":{"sentence-num-in-corpus":"13225","subsection-xmlid":"C23.S21.SS3","sentence-xmlid":"C23.S21.SS3.p2.s1","chapter-title":"Weierstrass Elliptic and Modular Functions","chapter-xmlid":"C23","section-title":"Physical Applications","sentence-num-in-chapter":"271","section-xmlid":"C23.S21","sentence-num-in-section":"8","para-num-of-sentences":"2","para-xmlid":"C23.S21.SS3.p2","subsection-title":"Ellipsoidal Coordinates"},"xml-id":"C23.S21.SS3.p2.m1","tex":"$e_{1}$","content-tex":"$\\Weierstrasselatt{1}@@{\\mathbb{L}}$"}}{"expression":{"context-references":{"sentence-num-in-corpus":"13225","subsection-xmlid":"C23.S21.SS3","sentence-xmlid":"C23.S21.SS3.p2.s1","chapter-title":"Weierstrass Elliptic and Modular Functions","chapter-xmlid":"C23","section-title":"Physical Applications","sentence-num-in-chapter":"271","section-xmlid":"C23.S21","sentence-num-in-section":"8","para-num-of-sentences":"2","para-xmlid":"C23.S21.SS3.p2","subsection-title":"Ellipsoidal Coordinates"},"xml-id":"C23.S21.SS3.p2.m2","tex":"$e_{2}$","content-tex":"$\\Weierstrasselatt{2}@@{\\mathbb{L}}$"}}{"expression":{"context-references":{"sentence-num-in-corpus":"13225","subsection-xmlid":"C23.S21.SS3","sentence-xmlid":"C23.S21.SS3.p2.s1","chapter-title":"Weierstrass Elliptic and Modular Functions","chapter-xmlid":"C23","section-title":"Physical Applications","sentence-num-in-chapter":"271","section-xmlid":"C23.S21","sentence-num-in-section":"8","para-num-of-sentences":"2","para-xmlid":"C23.S21.SS3.p2","subsection-title":"Ellipsoidal Coordinates"},"xml-id":"C23.S21.SS3.p2.m3","tex":"$e_{3}$","content-tex":"$\\Weierstrasselatt{3}@@{\\mathbb{L}}$"}}{"expression":{"context-references":{"chapter-title":"Weierstrass Elliptic and Modular Functions","chapter-xmlid":"C23"},"xml-id":"C23.S21.XMD6.m1","tex":"$u$"}}{"expression":{"context-references":{"chapter-title":"Weierstrass Elliptic and Modular Functions","chapter-xmlid":"C23"},"xml-id":"C23.S21.XMD7.m1","tex":"$v$"}}{"expression":{"context-references":{"chapter-title":"Weierstrass Elliptic and Modular Functions","chapter-xmlid":"C23"},"xml-id":"C23.S21.XMD8.m1","tex":"$w$"}}{"equation":{"symbols-used":[null,{"symbol":{"tex":"$\\mathbb{L}$","meaning":"lattice","idref":"C23.S1.p2.t1.r1"}},{"symbol":{"tex":"$\\xi$","meaning":"ellipsoidal coordinate","idref":"C23.S21.SS3.p1"}},{"symbol":{"tex":"$\\eta$","meaning":"ellipsoidal coordinate","idref":"C23.S21.SS3.p1"}},{"symbol":{"tex":"$\\zeta$","meaning":"ellipsoidal coordinate","idref":"C23.S21.SS3.p1"}},{"symbol":{"tex":"$u$","meaning":"change of variable","idref":"C23.S21.SS3.p2"}},{"symbol":{"tex":"$v$","meaning":"change of variable","idref":"C23.S21.SS3.p2"}},{"symbol":{"tex":"$w$","meaning":"change of variable","idref":"C23.S21.SS3.p2"}}],"context-references":{"sentence-num-in-corpus":"13225","subsection-xmlid":"C23.S21.SS3","sentence-xmlid":"C23.S21.SS3.p2.s1","chapter-title":"Weierstrass Elliptic and Modular Functions","chapter-xmlid":"C23","section-title":"Physical Applications","sentence-num-in-chapter":"271","section-xmlid":"C23.S21","sentence-num-in-section":"8","para-num-of-sentences":"2","para-xmlid":"C23.S21.SS3.p2","subsection-title":"Ellipsoidal Coordinates"},"xml-id":"C23.S21.E4","permalink":"http:\/\/dlmf.nist.gov\/23.21.E4","equation-number":"23.21.4","subequations":[{"subequation":{"xml-id":"C23.S21.Ex1","tex":"$\\xi=\\wp\\left(u\\right),$","content-tex":"$\\xi=\\Weierstrassplatt@@{u}{\\mathbb{L}},$"}},{"subequation":{"xml-id":"C23.S21.Ex2","tex":"$\\eta=\\wp\\left(v\\right),$","content-tex":"$\\eta=\\Weierstrassplatt@@{v}{\\mathbb{L}},$"}},{"subequation":{"xml-id":"C23.S21.Ex3","tex":"$\\zeta=\\wp\\left(w\\right).$","content-tex":"$\\zeta=\\Weierstrassplatt@@{w}{\\mathbb{L}}.$"}}]}}{"expression":{"context-references":{"chapter-title":"Weierstrass Elliptic and Modular Functions","chapter-xmlid":"C23"},"xml-id":"C23.S2.E4.m2adec","tex":"$\\wp\\left(\\NVar{z}\\right)$","content-tex":"$\\Weierstrassplatt@@{\\NVar{z}}{\\NVar{\\mathbb{L}}}$"}}{"expression":{"context-references":{"chapter-title":"Weierstrass Elliptic and Modular Functions","chapter-xmlid":"C23"},"xml-id":"C23.S2.E4.m3adec","tex":"$\\wp\\left(z|\\mathbb{L}\\right)$","content-tex":"$\\Weierstrassplatt@{z}{\\mathbb{L}}$"}}{"expression":{"context-references":{"chapter-title":"Weierstrass Elliptic and Modular Functions","chapter-xmlid":"C23"},"xml-id":"C23.S2.E4.m4adec","tex":"$\\wp\\left(z;g_{2},g_{3}\\right)$","content-tex":"$\\Weierstrasspinvar@{z}{\\Weierstrassinvarlatt{2}@@{\\mathbb{L}}}{ \\Weierstrassinvarlatt{3}@@{\\mathbb{L}}}$"}}{"expression":{"context-references":{"chapter-title":"Weierstrass Elliptic and Modular Functions","chapter-xmlid":"C23"},"xml-id":"C23.S2.E4.m5adec","tex":"$\\wp$","content-tex":"$\\Weierstrassplatt$"}}{"expression":{"context-references":{"chapter-title":"Weierstrass Elliptic and Modular Functions","chapter-xmlid":"C23"},"xml-id":"C23.S1.XMD1.m1bdec","tex":"$\\mathbb{L}$"}}{"expression":{"context-references":{"chapter-title":"Weierstrass Elliptic and Modular Functions","chapter-xmlid":"C23"},"xml-id":"C23.S21.XMD1.m1adec","tex":"$\\xi$"}}{"expression":{"context-references":{"chapter-title":"Weierstrass Elliptic and Modular Functions","chapter-xmlid":"C23"},"xml-id":"C23.S21.XMD2.m1adec","tex":"$\\eta$"}}{"expression":{"context-references":{"chapter-title":"Weierstrass Elliptic and Modular Functions","chapter-xmlid":"C23"},"xml-id":"C23.S21.XMD3.m1adec","tex":"$\\zeta$"}}{"expression":{"context-references":{"chapter-title":"Weierstrass Elliptic and Modular Functions","chapter-xmlid":"C23"},"xml-id":"C23.S21.XMD6.m1dec","tex":"$u$"}}{"expression":{"context-references":{"chapter-title":"Weierstrass Elliptic and Modular Functions","chapter-xmlid":"C23"},"xml-id":"C23.S21.XMD7.m1dec","tex":"$v$"}}{"expression":{"context-references":{"chapter-title":"Weierstrass Elliptic and Modular Functions","chapter-xmlid":"C23"},"xml-id":"C23.S21.XMD8.m1dec","tex":"$w$"}}{"equation":{"symbols-used":[null,{"symbol":{"tex":"$\\frac{\\partial\\NVar{f}}{\\partial\\NVar{x}}$","meaning":"partial derivative of $f$ with respect to $x$","idref":"C1.S5.E3","content-tex":"$\\pderiv{\\NVar{f}}{\\NVar{x}}$"}},{"symbol":{"tex":"$\\partial\\NVar{x}$","meaning":"partial differential of $x$","idref":"C1.S5.E3","content-tex":"$\\pdiff{\\NVar{x}}$"}},{"symbol":{"tex":"$\\mathbb{L}$","meaning":"lattice","idref":"C23.S1.p2.t1.r1"}},{"symbol":{"tex":"$u$","meaning":"change of variable","idref":"C23.S21.SS3.p2"}},{"symbol":{"tex":"$v$","meaning":"change of variable","idref":"C23.S21.SS3.p2"}},{"symbol":{"tex":"$w$","meaning":"change of variable","idref":"C23.S21.SS3.p2"}}],"context-references":{"sentence-num-in-corpus":"13226","subsection-xmlid":"C23.S21.SS3","sentence-xmlid":"C23.S21.SS3.p2.s2","chapter-title":"Weierstrass Elliptic and Modular Functions","chapter-xmlid":"C23","section-title":"Physical Applications","sentence-num-in-chapter":"272","section-xmlid":"C23.S21","sentence-num-in-section":"9","para-num-of-sentences":"2","para-xmlid":"C23.S21.SS3.p2","subsection-title":"Ellipsoidal Coordinates"},"xml-id":"C23.S21.E5","tex":"$\\left(\\wp\\left(v\\right)-\\wp\\left(w\\right)\\right)\\left(\\wp\\left(w\\right)-\\wp \\left(u\\right)\\right)\\left(\\wp\\left(u\\right)-\\wp\\left(v\\right)\\right)\\nabla^{2 }=\\left(\\wp\\left(w\\right)-\\wp\\left(v\\right)\\right)\\frac{{\\partial}^{2}}{{ \\partial u}^{2}}+\\left(\\wp\\left(u\\right)-\\wp\\left(w\\right)\\right)\\frac{{ \\partial}^{2}}{{\\partial v}^{2}}+\\left(\\wp\\left(v\\right)-\\wp\\left(u\\right) \\right)\\frac{{\\partial}^{2}}{{\\partial w}^{2}}.$","permalink":"http:\/\/dlmf.nist.gov\/23.21.E5","equation-number":"23.21.5","content-tex":"$\\left(\\Weierstrassplatt@@{v}{\\mathbb{L}}-\\Weierstrassplatt@@{w}{\\mathbb{L}} \\right)\\left(\\Weierstrassplatt@@{w}{\\mathbb{L}}-\\Weierstrassplatt@@{u}{\\mathbb {L}}\\right)\\left(\\Weierstrassplatt@@{u}{\\mathbb{L}}-\\Weierstrassplatt@@{v}{ \\mathbb{L}}\\right)\\nabla^{2}=\\left(\\Weierstrassplatt@@{w}{\\mathbb{L}}- \\Weierstrassplatt@@{v}{\\mathbb{L}}\\right)\\pderiv[2]{}{u}+\\left( \\Weierstrassplatt@@{u}{\\mathbb{L}}-\\Weierstrassplatt@@{w}{\\mathbb{L}}\\right) \\pderiv[2]{}{v}+\\left(\\Weierstrassplatt@@{v}{\\mathbb{L}}-\\Weierstrassplatt@@{u }{\\mathbb{L}}\\right)\\pderiv[2]{}{w}.$"}}