{"expression":{"context-references":{"sentence-num-in-corpus":"13266","sentence-xmlid":"C23.S23.p1.s1","chapter-title":"Weierstrass Elliptic and Modular Functions","chapter-xmlid":"C23","section-title":"Tables","sentence-num-in-chapter":"312","section-xmlid":"C23.S23","sentence-num-in-section":"1","para-num-of-sentences":"1","para-xmlid":"C23.S23.p1"},"xml-id":"C23.S23.p1.m1","tex":"$\\wp\\left(z\\right)$","content-tex":"$\\Weierstrassplatt@@{z}{\\mathbb{L}}$"}}{"expression":{"context-references":{"sentence-num-in-corpus":"13266","sentence-xmlid":"C23.S23.p1.s1","chapter-title":"Weierstrass Elliptic and Modular Functions","chapter-xmlid":"C23","section-title":"Tables","sentence-num-in-chapter":"312","section-xmlid":"C23.S23","sentence-num-in-section":"1","para-num-of-sentences":"1","para-xmlid":"C23.S23.p1"},"xml-id":"C23.S23.p1.m2","tex":"$\\wp'\\left(z\\right)$","content-tex":"$\\Weierstrassplatt'@@{z}{\\mathbb{L}}$"}}{"expression":{"context-references":{"sentence-num-in-corpus":"13266","sentence-xmlid":"C23.S23.p1.s1","chapter-title":"Weierstrass Elliptic and Modular Functions","chapter-xmlid":"C23","section-title":"Tables","sentence-num-in-chapter":"312","section-xmlid":"C23.S23","sentence-num-in-section":"1","para-num-of-sentences":"1","para-xmlid":"C23.S23.p1"},"xml-id":"C23.S23.p1.m3","tex":"$\\zeta\\left(z\\right)$","content-tex":"$\\Weierstrasszetalatt@@{z}{\\mathbb{L}}$"}}{"expression":{"context-references":{"sentence-num-in-corpus":"13266","sentence-xmlid":"C23.S23.p1.s1","chapter-title":"Weierstrass Elliptic and Modular Functions","chapter-xmlid":"C23","section-title":"Tables","sentence-num-in-chapter":"312","section-xmlid":"C23.S23","sentence-num-in-section":"1","para-num-of-sentences":"1","para-xmlid":"C23.S23.p1"},"xml-id":"C23.S23.p1.m4","tex":"$\\omega_{1}=1$"}}{"expression":{"context-references":{"sentence-num-in-corpus":"13266","sentence-xmlid":"C23.S23.p1.s1","chapter-title":"Weierstrass Elliptic and Modular Functions","chapter-xmlid":"C23","section-title":"Tables","sentence-num-in-chapter":"312","section-xmlid":"C23.S23","sentence-num-in-section":"1","para-num-of-sentences":"1","para-xmlid":"C23.S23.p1"},"xml-id":"C23.S23.p1.m5","tex":"$\\omega_{3}=ia$"}}{"expression":{"context-references":{"sentence-num-in-corpus":"13266","sentence-xmlid":"C23.S23.p1.s1","chapter-title":"Weierstrass Elliptic and Modular Functions","chapter-xmlid":"C23","section-title":"Tables","sentence-num-in-chapter":"312","section-xmlid":"C23.S23","sentence-num-in-section":"1","para-num-of-sentences":"1","para-xmlid":"C23.S23.p1"},"xml-id":"C23.S23.p1.m6","tex":"$\\omega_{1}=1$"}}{"expression":{"context-references":{"sentence-num-in-corpus":"13266","sentence-xmlid":"C23.S23.p1.s1","chapter-title":"Weierstrass Elliptic and Modular Functions","chapter-xmlid":"C23","section-title":"Tables","sentence-num-in-chapter":"312","section-xmlid":"C23.S23","sentence-num-in-section":"1","para-num-of-sentences":"1","para-xmlid":"C23.S23.p1"},"xml-id":"C23.S23.p1.m7","tex":"$\\omega_{3}=\\tfrac{1}{2}+ia$"}}{"expression":{"context-references":{"sentence-num-in-corpus":"13266","sentence-xmlid":"C23.S23.p1.s1","chapter-title":"Weierstrass Elliptic and Modular Functions","chapter-xmlid":"C23","section-title":"Tables","sentence-num-in-chapter":"312","section-xmlid":"C23.S23","sentence-num-in-section":"1","para-num-of-sentences":"1","para-xmlid":"C23.S23.p1"},"xml-id":"C23.S23.p1.m8","tex":"$a$"}}{"expression":{"context-references":{"sentence-num-in-corpus":"13266","sentence-xmlid":"C23.S23.p1.s1","chapter-title":"Weierstrass Elliptic and Modular Functions","chapter-xmlid":"C23","section-title":"Tables","sentence-num-in-chapter":"312","section-xmlid":"C23.S23","sentence-num-in-section":"1","para-num-of-sentences":"1","para-xmlid":"C23.S23.p1"},"xml-id":"C23.S23.p1.m9","tex":"$z$"}}{"expression":{"context-references":{"sentence-num-in-corpus":"13266","sentence-xmlid":"C23.S23.p1.s1","chapter-title":"Weierstrass Elliptic and Modular Functions","chapter-xmlid":"C23","section-title":"Tables","sentence-num-in-chapter":"312","section-xmlid":"C23.S23","sentence-num-in-section":"1","para-num-of-sentences":"1","para-xmlid":"C23.S23.p1"},"xml-id":"C23.S23.p1.m10","tex":"$i$"}}{"expression":{"context-references":{"sentence-num-in-corpus":"13266","sentence-xmlid":"C23.S23.p1.s1","chapter-title":"Weierstrass Elliptic and Modular Functions","chapter-xmlid":"C23","section-title":"Tables","sentence-num-in-chapter":"312","section-xmlid":"C23.S23","sentence-num-in-section":"1","para-num-of-sentences":"1","para-xmlid":"C23.S23.p1"},"xml-id":"C23.S23.p1.m11","tex":"$\\wp\\left(z\\right)$","content-tex":"$\\Weierstrassplatt@@{z}{\\mathbb{L}}$"}}{"expression":{"context-references":{"sentence-num-in-corpus":"13266","sentence-xmlid":"C23.S23.p1.s1","chapter-title":"Weierstrass Elliptic and Modular Functions","chapter-xmlid":"C23","section-title":"Tables","sentence-num-in-chapter":"312","section-xmlid":"C23.S23","sentence-num-in-section":"1","para-num-of-sentences":"1","para-xmlid":"C23.S23.p1"},"xml-id":"C23.S23.p1.m12","tex":"$z$"}}{"expression":{"context-references":{"sentence-num-in-corpus":"13267","sentence-xmlid":"C23.S23.p2.s1","chapter-title":"Weierstrass Elliptic and Modular Functions","chapter-xmlid":"C23","section-title":"Tables","sentence-num-in-chapter":"313","section-xmlid":"C23.S23","sentence-num-in-section":"2","para-num-of-sentences":"1","para-xmlid":"C23.S23.p2"},"xml-id":"C23.S23.p2.m1","tex":"$g_{2}$","content-tex":"$\\Weierstrassinvarlatt{2}@@{\\mathbb{L}}$"}}{"expression":{"context-references":{"sentence-num-in-corpus":"13267","sentence-xmlid":"C23.S23.p2.s1","chapter-title":"Weierstrass Elliptic and Modular Functions","chapter-xmlid":"C23","section-title":"Tables","sentence-num-in-chapter":"313","section-xmlid":"C23.S23","sentence-num-in-section":"2","para-num-of-sentences":"1","para-xmlid":"C23.S23.p2"},"xml-id":"C23.S23.p2.m2","tex":"$g_{3}$","content-tex":"$\\Weierstrassinvarlatt{3}@@{\\mathbb{L}}$"}}