{"expression":{"xml-id":"C23.S6.SS1.p1.m1","tex":"$2\\omega_{1}$","context":{"sentence-num-in-corpus":"13072","subsection-xmlid":"C23.S6.SS1","sentence-xmlid":"C23.S6.SS1.p1.s1","chapter-title":"Weierstrass Elliptic and Modular Functions","chapter-xmlid":"C23","section-title":"Relations to Other Functions","sentence-num-in-chapter":"118","section-xmlid":"C23.S6","sentence-num-in-section":"1","para-num-of-sentences":"7","para-xmlid":"C23.S6.SS1.p1","subsection-title":"Theta Functions"}}}{"expression":{"xml-id":"C23.S6.SS1.p1.m2","tex":"$2\\omega_{3}$","context":{"sentence-num-in-corpus":"13072","subsection-xmlid":"C23.S6.SS1","sentence-xmlid":"C23.S6.SS1.p1.s1","chapter-title":"Weierstrass Elliptic and Modular Functions","chapter-xmlid":"C23","section-title":"Relations to Other Functions","sentence-num-in-chapter":"118","section-xmlid":"C23.S6","sentence-num-in-section":"1","para-num-of-sentences":"7","para-xmlid":"C23.S6.SS1.p1","subsection-title":"Theta Functions"}}}{"expression":{"xml-id":"C23.S6.SS1.p1.m3","tex":"$\\mathbb{L}$","context":{"sentence-num-in-corpus":"13072","subsection-xmlid":"C23.S6.SS1","sentence-xmlid":"C23.S6.SS1.p1.s1","chapter-title":"Weierstrass Elliptic and Modular Functions","chapter-xmlid":"C23","section-title":"Relations to Other Functions","sentence-num-in-chapter":"118","section-xmlid":"C23.S6","sentence-num-in-section":"1","para-num-of-sentences":"7","para-xmlid":"C23.S6.SS1.p1","subsection-title":"Theta Functions"}}}{"expression":{"xml-id":"C23.S6.SS1.p1.m4","tex":"$e_{1}$","context":{"sentence-num-in-corpus":"13072","subsection-xmlid":"C23.S6.SS1","sentence-xmlid":"C23.S6.SS1.p1.s1","chapter-title":"Weierstrass Elliptic and Modular Functions","chapter-xmlid":"C23","section-title":"Relations to Other Functions","sentence-num-in-chapter":"118","section-xmlid":"C23.S6","sentence-num-in-section":"1","para-num-of-sentences":"7","para-xmlid":"C23.S6.SS1.p1","subsection-title":"Theta Functions"},"content-tex":"$\\Weierstrasselatt{1}@@{\\mathbb{L}}$"}}{"expression":{"xml-id":"C23.S6.SS1.p1.m5","tex":"$e_{2}$","context":{"sentence-num-in-corpus":"13072","subsection-xmlid":"C23.S6.SS1","sentence-xmlid":"C23.S6.SS1.p1.s1","chapter-title":"Weierstrass Elliptic and Modular Functions","chapter-xmlid":"C23","section-title":"Relations to Other Functions","sentence-num-in-chapter":"118","section-xmlid":"C23.S6","sentence-num-in-section":"1","para-num-of-sentences":"7","para-xmlid":"C23.S6.SS1.p1","subsection-title":"Theta Functions"},"content-tex":"$\\Weierstrasselatt{2}@@{\\mathbb{L}}$"}}{"expression":{"xml-id":"C23.S6.SS1.p1.m6","tex":"$e_{3}$","context":{"sentence-num-in-corpus":"13072","subsection-xmlid":"C23.S6.SS1","sentence-xmlid":"C23.S6.SS1.p1.s1","chapter-title":"Weierstrass Elliptic and Modular Functions","chapter-xmlid":"C23","section-title":"Relations to Other Functions","sentence-num-in-chapter":"118","section-xmlid":"C23.S6","sentence-num-in-section":"1","para-num-of-sentences":"7","para-xmlid":"C23.S6.SS1.p1","subsection-title":"Theta Functions"},"content-tex":"$\\Weierstrasselatt{3}@@{\\mathbb{L}}$"}}{"equation":{"symbols-used":[{"symbol":{"tex":"$\\pi$","meaning":"the ratio of the circumference of a circle to its diameter","idref":"C3.S12.E1","content-tex":"$\\cpi$"}},{"symbol":{"tex":"$\\mathrm{e}$","meaning":"base of natural logarithm","idref":"C4.S2.E11","content-tex":"$\\expe$"}},{"symbol":{"tex":"$\\mathrm{i}$","meaning":"imaginary unit","idref":"C1.S9.E1","content-tex":"$\\iunit$"}},{"symbol":{"tex":"$q$","meaning":"nome","idref":"C23.S1.p2.t1.r12"}},{"symbol":{"tex":"$\\omega_{1}$","meaning":"lattice generators","idref":"C23.S1.p2.t1.r8"}},{"symbol":{"tex":"$\\tau$","meaning":"complex variable","idref":"C23.S1.p2.t1.r10"}}],"context":{"sentence-num-in-corpus":"13073","subsection-xmlid":"C23.S6.SS1","sentence-xmlid":"C23.S6.SS1.p1.s2","chapter-title":"Weierstrass Elliptic and Modular Functions","chapter-xmlid":"C23","section-title":"Relations to Other Functions","sentence-num-in-chapter":"119","section-xmlid":"C23.S6","sentence-num-in-section":"2","para-num-of-sentences":"7","para-xmlid":"C23.S6.SS1.p1","subsection-title":"Theta Functions"},"permalink":"http:\/\/dlmf.nist.gov\/23.6.E1","equation-number":"23.6.1","subequations":[{"subequation":{"xml-id":"C23.S6.Ex1","tex":"$q=e^{i\\pi\\tau},$","context":{"chapter-title":"Weierstrass Elliptic and Modular Functions","chapter-xmlid":"C23"}}},{"subequation":{"xml-id":"C23.S6.Ex2","tex":"$\\tau=\\omega_{3}\/\\omega_{1}.$","context":{"chapter-title":"Weierstrass Elliptic and Modular Functions","chapter-xmlid":"C23"}}}]}}{"expression":{"xml-id":"C3.S12.E1.m2adec","tex":"$\\pi$","context":{"chapter-title":"Weierstrass Elliptic and Modular Functions","chapter-xmlid":"C23"},"content-tex":"$\\cpi$"}}{"expression":{"xml-id":"C4.S2.E11.m2adec","tex":"$\\mathrm{e}$","context":{"chapter-title":"Weierstrass Elliptic and Modular Functions","chapter-xmlid":"C23"},"content-tex":"$\\expe$"}}{"expression":{"xml-id":"C1.S9.E1.m2adec","tex":"$\\mathrm{i}$","context":{"chapter-title":"Weierstrass Elliptic and Modular Functions","chapter-xmlid":"C23"},"content-tex":"$\\iunit$"}}{"expression":{"xml-id":"C23.S1.XMD10.m1dec","tex":"$q$","context":{"chapter-title":"Weierstrass Elliptic and Modular Functions","chapter-xmlid":"C23"}}}{"expression":{"xml-id":"C23.S1.XMD8.m1dec","tex":"$\\omega_{1}$","context":{"chapter-title":"Weierstrass Elliptic and Modular Functions","chapter-xmlid":"C23"}}}{"expression":{"xml-id":"C23.S1.XMD8.m2dec","tex":"$\\omega_{3}$","context":{"chapter-title":"Weierstrass Elliptic and Modular Functions","chapter-xmlid":"C23"}}}{"expression":{"xml-id":"C23.S1.XMD8.m3dec","tex":"$\\omega_{2}=-\\omega_{1}-\\omega_{3}$","context":{"chapter-title":"Weierstrass Elliptic and Modular Functions","chapter-xmlid":"C23"}}}{"expression":{"xml-id":"C23.S1.XMD9.m1dec","tex":"$\\tau$","context":{"chapter-title":"Weierstrass Elliptic and Modular Functions","chapter-xmlid":"C23"}}}{"equation":{"symbols-used":[{"symbol":{"tex":"$\\theta_{\\NVar{j}}\\left(\\NVar{z},\\NVar{q}\\right)$","meaning":"theta function","idref":"C20.S2.SS1","content-tex":"$\\Jacobithetaq{\\NVar{j}}@{\\NVar{z}}{\\NVar{q}}$"}},{"symbol":{"tex":"$e_{\\NVar{j}}$","meaning":"Weierstrass lattice roots","idref":"C23.S3.SS1","content-tex":"$\\Weierstrasselatt{\\NVar{j}}@@{\\NVar{\\mathbb{L}}}$"}},{"symbol":{"tex":"$\\pi$","meaning":"the ratio of the circumference of a circle to its diameter","idref":"C3.S12.E1","content-tex":"$\\cpi$"}},{"symbol":{"tex":"$\\mathbb{L}$","meaning":"lattice","idref":"C23.S1.p2.t1.r1"}},{"symbol":{"tex":"$q$","meaning":"nome","idref":"C23.S1.p2.t1.r12"}},{"symbol":{"tex":"$\\omega_{1}$","meaning":"lattice generators","idref":"C23.S1.p2.t1.r8"}}],"xml-id":"C23.S6.E2","tex":"$e_{1}=\\frac{\\pi^{2}}{12\\omega_{1}^{2}}\\left({\\theta_{2}^{4}}\\left(0,q\\right)+2 {\\theta_{4}^{4}}\\left(0,q\\right)\\right),$","context":{"sentence-num-in-corpus":"13074","subsection-xmlid":"C23.S6.SS1","sentence-xmlid":"C23.S6.SS1.p1.s3","chapter-title":"Weierstrass Elliptic and Modular Functions","chapter-xmlid":"C23","section-title":"Relations to Other Functions","sentence-num-in-chapter":"120","section-xmlid":"C23.S6","sentence-num-in-section":"3","para-num-of-sentences":"7","para-xmlid":"C23.S6.SS1.p1","subsection-title":"Theta Functions"},"permalink":"http:\/\/dlmf.nist.gov\/23.6.E2","equation-number":"23.6.2","content-tex":"$\\Weierstrasselatt{1}@@{\\mathbb{L}}=\\frac{\\pi^{2}}{12\\omega_{1}^{2}}\\left( \\Jacobithetaq{2}^{4}@{0}{q}+2\\Jacobithetaq{4}^{4}@{0}{q}\\right),$"}}{"equation":{"symbols-used":[{"symbol":{"tex":"$\\theta_{\\NVar{j}}\\left(\\NVar{z},\\NVar{q}\\right)$","meaning":"theta function","idref":"C20.S2.SS1","content-tex":"$\\Jacobithetaq{\\NVar{j}}@{\\NVar{z}}{\\NVar{q}}$"}},{"symbol":{"tex":"$e_{\\NVar{j}}$","meaning":"Weierstrass lattice roots","idref":"C23.S3.SS1","content-tex":"$\\Weierstrasselatt{\\NVar{j}}@@{\\NVar{\\mathbb{L}}}$"}},{"symbol":{"tex":"$\\pi$","meaning":"the ratio of the circumference of a circle to its diameter","idref":"C3.S12.E1","content-tex":"$\\cpi$"}},{"symbol":{"tex":"$\\mathbb{L}$","meaning":"lattice","idref":"C23.S1.p2.t1.r1"}},{"symbol":{"tex":"$q$","meaning":"nome","idref":"C23.S1.p2.t1.r12"}},{"symbol":{"tex":"$\\omega_{1}$","meaning":"lattice generators","idref":"C23.S1.p2.t1.r8"}}],"xml-id":"C23.S6.E3","tex":"$e_{2}=\\frac{\\pi^{2}}{12\\omega_{1}^{2}}\\left({\\theta_{2}^{4}}\\left(0,q\\right)-{ \\theta_{4}^{4}}\\left(0,q\\right)\\right),$","context":{"sentence-num-in-corpus":"13074","subsection-xmlid":"C23.S6.SS1","sentence-xmlid":"C23.S6.SS1.p1.s3","chapter-title":"Weierstrass Elliptic and Modular Functions","chapter-xmlid":"C23","section-title":"Relations to Other Functions","sentence-num-in-chapter":"120","section-xmlid":"C23.S6","sentence-num-in-section":"3","para-num-of-sentences":"7","para-xmlid":"C23.S6.SS1.p1","subsection-title":"Theta Functions"},"permalink":"http:\/\/dlmf.nist.gov\/23.6.E3","equation-number":"23.6.3","content-tex":"$\\Weierstrasselatt{2}@@{\\mathbb{L}}=\\frac{\\pi^{2}}{12\\omega_{1}^{2}}\\left( \\Jacobithetaq{2}^{4}@{0}{q}-\\Jacobithetaq{4}^{4}@{0}{q}\\right),$"}}{"equation":{"symbols-used":[{"symbol":{"tex":"$\\theta_{\\NVar{j}}\\left(\\NVar{z},\\NVar{q}\\right)$","meaning":"theta function","idref":"C20.S2.SS1","content-tex":"$\\Jacobithetaq{\\NVar{j}}@{\\NVar{z}}{\\NVar{q}}$"}},{"symbol":{"tex":"$e_{\\NVar{j}}$","meaning":"Weierstrass lattice roots","idref":"C23.S3.SS1","content-tex":"$\\Weierstrasselatt{\\NVar{j}}@@{\\NVar{\\mathbb{L}}}$"}},{"symbol":{"tex":"$\\pi$","meaning":"the ratio of the circumference of a circle to its diameter","idref":"C3.S12.E1","content-tex":"$\\cpi$"}},{"symbol":{"tex":"$\\mathbb{L}$","meaning":"lattice","idref":"C23.S1.p2.t1.r1"}},{"symbol":{"tex":"$q$","meaning":"nome","idref":"C23.S1.p2.t1.r12"}},{"symbol":{"tex":"$\\omega_{1}$","meaning":"lattice generators","idref":"C23.S1.p2.t1.r8"}}],"xml-id":"C23.S6.E4","tex":"$e_{3}=-\\frac{\\pi^{2}}{12\\omega_{1}^{2}}\\left(2{\\theta_{2}^{4}}\\left(0,q\\right) +{\\theta_{4}^{4}}\\left(0,q\\right)\\right).$","context":{"sentence-num-in-corpus":"13074","subsection-xmlid":"C23.S6.SS1","sentence-xmlid":"C23.S6.SS1.p1.s3","chapter-title":"Weierstrass Elliptic and Modular Functions","chapter-xmlid":"C23","section-title":"Relations to Other Functions","sentence-num-in-chapter":"120","section-xmlid":"C23.S6","sentence-num-in-section":"3","para-num-of-sentences":"7","para-xmlid":"C23.S6.SS1.p1","subsection-title":"Theta Functions"},"permalink":"http:\/\/dlmf.nist.gov\/23.6.E4","equation-number":"23.6.4","content-tex":"$\\Weierstrasselatt{3}@@{\\mathbb{L}}=-\\frac{\\pi^{2}}{12\\omega_{1}^{2}}\\left(2 \\Jacobithetaq{2}^{4}@{0}{q}+\\Jacobithetaq{4}^{4}@{0}{q}\\right).$"}}{"equation":{"symbols-used":[{"symbol":{"tex":"$\\theta_{\\NVar{j}}\\left(\\NVar{z},\\NVar{q}\\right)$","meaning":"theta function","idref":"C20.S2.SS1","content-tex":"$\\Jacobithetaq{\\NVar{j}}@{\\NVar{z}}{\\NVar{q}}$"}},null,{"symbol":{"tex":"$e_{\\NVar{j}}$","meaning":"Weierstrass lattice roots","idref":"C23.S3.SS1","content-tex":"$\\Weierstrasselatt{\\NVar{j}}@@{\\NVar{\\mathbb{L}}}$"}},{"symbol":{"tex":"$\\pi$","meaning":"the ratio of the circumference of a circle to its diameter","idref":"C3.S12.E1","content-tex":"$\\cpi$"}},{"symbol":{"tex":"$\\mathbb{L}$","meaning":"lattice","idref":"C23.S1.p2.t1.r1"}},{"symbol":{"tex":"$q$","meaning":"nome","idref":"C23.S1.p2.t1.r12"}},{"symbol":{"tex":"$z$","meaning":"complex","idref":"C23.S1.p2.t1.r4"}},{"symbol":{"tex":"$\\omega_{1}$","meaning":"lattice generators","idref":"C23.S1.p2.t1.r8"}}],"xml-id":"C23.S6.E5","tex":"$\\wp\\left(z\\right)-e_{1}=\\left(\\frac{\\pi\\theta_{3}\\left(0,q\\right)\\theta_{4} \\left(0,q\\right)\\theta_{2}\\left(\\pi z\/(2\\omega_{1}),q\\right)}{2\\omega_{1} \\theta_{1}\\left(\\pi z\/(2\\omega_{1}),q\\right)}\\right)^{2},$","context":{"sentence-num-in-corpus":"13075","subsection-xmlid":"C23.S6.SS1","sentence-xmlid":"C23.S6.SS1.p1.s4","chapter-title":"Weierstrass Elliptic and Modular Functions","chapter-xmlid":"C23","section-title":"Relations to Other Functions","sentence-num-in-chapter":"121","section-xmlid":"C23.S6","sentence-num-in-section":"4","para-num-of-sentences":"7","para-xmlid":"C23.S6.SS1.p1","subsection-title":"Theta Functions"},"permalink":"http:\/\/dlmf.nist.gov\/23.6.E5","equation-number":"23.6.5","content-tex":"$\\Weierstrassplatt@@{z}{\\mathbb{L}}-\\Weierstrasselatt{1}@@{\\mathbb{L}}=\\left( \\frac{\\pi\\Jacobithetaq{3}@{0}{q}\\Jacobithetaq{4}@{0}{q}\\Jacobithetaq{2}@{\\pi z \/(2\\omega_{1})}{q}}{2\\omega_{1}\\Jacobithetaq{1}@{\\pi z\/(2\\omega_{1})}{q}} \\right)^{2},$"}}{"equation":{"symbols-used":[{"symbol":{"tex":"$\\theta_{\\NVar{j}}\\left(\\NVar{z},\\NVar{q}\\right)$","meaning":"theta function","idref":"C20.S2.SS1","content-tex":"$\\Jacobithetaq{\\NVar{j}}@{\\NVar{z}}{\\NVar{q}}$"}},null,{"symbol":{"tex":"$e_{\\NVar{j}}$","meaning":"Weierstrass lattice roots","idref":"C23.S3.SS1","content-tex":"$\\Weierstrasselatt{\\NVar{j}}@@{\\NVar{\\mathbb{L}}}$"}},{"symbol":{"tex":"$\\pi$","meaning":"the ratio of the circumference of a circle to its diameter","idref":"C3.S12.E1","content-tex":"$\\cpi$"}},{"symbol":{"tex":"$\\mathbb{L}$","meaning":"lattice","idref":"C23.S1.p2.t1.r1"}},{"symbol":{"tex":"$q$","meaning":"nome","idref":"C23.S1.p2.t1.r12"}},{"symbol":{"tex":"$z$","meaning":"complex","idref":"C23.S1.p2.t1.r4"}},{"symbol":{"tex":"$\\omega_{1}$","meaning":"lattice generators","idref":"C23.S1.p2.t1.r8"}}],"xml-id":"C23.S6.E6","tex":"$\\wp\\left(z\\right)-e_{2}=\\left(\\frac{\\pi\\theta_{2}\\left(0,q\\right)\\theta_{4} \\left(0,q\\right)\\theta_{3}\\left(\\pi z\/(2\\omega_{1}),q\\right)}{2\\omega_{1} \\theta_{1}\\left(\\pi z\/(2\\omega_{1}),q\\right)}\\right)^{2},$","context":{"sentence-num-in-corpus":"13075","subsection-xmlid":"C23.S6.SS1","sentence-xmlid":"C23.S6.SS1.p1.s4","chapter-title":"Weierstrass Elliptic and Modular Functions","chapter-xmlid":"C23","section-title":"Relations to Other Functions","sentence-num-in-chapter":"121","section-xmlid":"C23.S6","sentence-num-in-section":"4","para-num-of-sentences":"7","para-xmlid":"C23.S6.SS1.p1","subsection-title":"Theta Functions"},"permalink":"http:\/\/dlmf.nist.gov\/23.6.E6","equation-number":"23.6.6","content-tex":"$\\Weierstrassplatt@@{z}{\\mathbb{L}}-\\Weierstrasselatt{2}@@{\\mathbb{L}}=\\left( \\frac{\\pi\\Jacobithetaq{2}@{0}{q}\\Jacobithetaq{4}@{0}{q}\\Jacobithetaq{3}@{\\pi z \/(2\\omega_{1})}{q}}{2\\omega_{1}\\Jacobithetaq{1}@{\\pi z\/(2\\omega_{1})}{q}} \\right)^{2},$"}}{"equation":{"symbols-used":[{"symbol":{"tex":"$\\theta_{\\NVar{j}}\\left(\\NVar{z},\\NVar{q}\\right)$","meaning":"theta function","idref":"C20.S2.SS1","content-tex":"$\\Jacobithetaq{\\NVar{j}}@{\\NVar{z}}{\\NVar{q}}$"}},null,{"symbol":{"tex":"$e_{\\NVar{j}}$","meaning":"Weierstrass lattice roots","idref":"C23.S3.SS1","content-tex":"$\\Weierstrasselatt{\\NVar{j}}@@{\\NVar{\\mathbb{L}}}$"}},{"symbol":{"tex":"$\\pi$","meaning":"the ratio of the circumference of a circle to its diameter","idref":"C3.S12.E1","content-tex":"$\\cpi$"}},{"symbol":{"tex":"$\\mathbb{L}$","meaning":"lattice","idref":"C23.S1.p2.t1.r1"}},{"symbol":{"tex":"$q$","meaning":"nome","idref":"C23.S1.p2.t1.r12"}},{"symbol":{"tex":"$z$","meaning":"complex","idref":"C23.S1.p2.t1.r4"}},{"symbol":{"tex":"$\\omega_{1}$","meaning":"lattice generators","idref":"C23.S1.p2.t1.r8"}}],"xml-id":"C23.S6.E7","tex":"$\\wp\\left(z\\right)-e_{3}=\\left(\\frac{\\pi\\theta_{2}\\left(0,q\\right)\\theta_{3} \\left(0,q\\right)\\theta_{4}\\left(\\pi z\/(2\\omega_{1}),q\\right)}{2\\omega_{1} \\theta_{1}\\left(\\pi z\/(2\\omega_{1}),q\\right)}\\right)^{2}.$","context":{"sentence-num-in-corpus":"13075","subsection-xmlid":"C23.S6.SS1","sentence-xmlid":"C23.S6.SS1.p1.s4","chapter-title":"Weierstrass Elliptic and Modular Functions","chapter-xmlid":"C23","section-title":"Relations to Other Functions","sentence-num-in-chapter":"121","section-xmlid":"C23.S6","sentence-num-in-section":"4","para-num-of-sentences":"7","para-xmlid":"C23.S6.SS1.p1","subsection-title":"Theta Functions"},"permalink":"http:\/\/dlmf.nist.gov\/23.6.E7","equation-number":"23.6.7","content-tex":"$\\Weierstrassplatt@@{z}{\\mathbb{L}}-\\Weierstrasselatt{3}@@{\\mathbb{L}}=\\left( \\frac{\\pi\\Jacobithetaq{2}@{0}{q}\\Jacobithetaq{3}@{0}{q}\\Jacobithetaq{4}@{\\pi z \/(2\\omega_{1})}{q}}{2\\omega_{1}\\Jacobithetaq{1}@{\\pi z\/(2\\omega_{1})}{q}} \\right)^{2}.$"}}{"expression":{"xml-id":"C23.S6.XMD1.m1","tex":"$\\eta_{j}$","context":{"chapter-title":"Weierstrass Elliptic and Modular Functions","chapter-xmlid":"C23"}}}{"equation":{"symbols-used":[{"symbol":{"tex":"$\\theta_{\\NVar{j}}\\left(\\NVar{z},\\NVar{q}\\right)$","meaning":"theta function","idref":"C20.S2.SS1","content-tex":"$\\Jacobithetaq{\\NVar{j}}@{\\NVar{z}}{\\NVar{q}}$"}},{"symbol":{"tex":"$\\pi$","meaning":"the ratio of the circumference of a circle to its diameter","idref":"C3.S12.E1","content-tex":"$\\cpi$"}},{"symbol":{"tex":"$q$","meaning":"nome","idref":"C23.S1.p2.t1.r12"}},{"symbol":{"tex":"$\\omega_{1}$","meaning":"lattice generators","idref":"C23.S1.p2.t1.r8"}},{"symbol":{"tex":"$\\eta_{j}$","meaning":"complex number","idref":"C23.S6.SS1.p1"}}],"xml-id":"C23.S6.E8","tex":"$\\eta_{1}=-\\frac{\\pi^{2}}{12\\omega_{1}}\\frac{\\theta_{1}'''\\left(0,q\\right)}{ \\theta_{1}'\\left(0,q\\right)}.$","context":{"sentence-num-in-corpus":"13076","subsection-xmlid":"C23.S6.SS1","sentence-xmlid":"C23.S6.SS1.p1.s5","chapter-title":"Weierstrass Elliptic and Modular Functions","chapter-xmlid":"C23","section-title":"Relations to Other Functions","sentence-num-in-chapter":"122","section-xmlid":"C23.S6","sentence-num-in-section":"5","para-num-of-sentences":"7","para-xmlid":"C23.S6.SS1.p1","subsection-title":"Theta Functions"},"permalink":"http:\/\/dlmf.nist.gov\/23.6.E8","equation-number":"23.6.8","content-tex":"$\\eta_{1}=-\\frac{\\pi^{2}}{12\\omega_{1}}\\frac{\\Jacobithetaq{1}'''@{0}{q}}{ \\Jacobithetaq{1}'@{0}{q}}.$"}}{"equation":{"symbols-used":[{"symbol":{"tex":"$\\theta_{\\NVar{j}}\\left(\\NVar{z},\\NVar{q}\\right)$","meaning":"theta function","idref":"C20.S2.SS1","content-tex":"$\\Jacobithetaq{\\NVar{j}}@{\\NVar{z}}{\\NVar{q}}$"}},null,{"symbol":{"tex":"$\\pi$","meaning":"the ratio of the circumference of a circle to its diameter","idref":"C3.S12.E1","content-tex":"$\\cpi$"}},{"symbol":{"tex":"$\\exp\\NVar{z}$","meaning":"exponential function","idref":"C4.S2.E19","content-tex":"$\\exp@@{\\NVar{z}}$"}},{"symbol":{"tex":"$\\mathbb{L}$","meaning":"lattice","idref":"C23.S1.p2.t1.r1"}},{"symbol":{"tex":"$q$","meaning":"nome","idref":"C23.S1.p2.t1.r12"}},{"symbol":{"tex":"$z$","meaning":"complex","idref":"C23.S1.p2.t1.r4"}},{"symbol":{"tex":"$\\omega_{1}$","meaning":"lattice generators","idref":"C23.S1.p2.t1.r8"}},{"symbol":{"tex":"$\\eta_{j}$","meaning":"complex number","idref":"C23.S6.SS1.p1"}}],"xml-id":"C23.S6.E9","tex":"$\\sigma\\left(z\\right)=2\\omega_{1}\\exp\\left(\\frac{\\eta_{1}z^{2}}{2\\omega_{1}} \\right)\\frac{\\theta_{1}\\left(\\pi z\/(2\\omega_{1}),q\\right)}{\\pi\\theta_{1}'\\left (0,q\\right)},$","context":{"sentence-num-in-corpus":"13077","subsection-xmlid":"C23.S6.SS1","sentence-xmlid":"C23.S6.SS1.p1.s6","chapter-title":"Weierstrass Elliptic and Modular Functions","chapter-xmlid":"C23","section-title":"Relations to Other Functions","sentence-num-in-chapter":"123","section-xmlid":"C23.S6","sentence-num-in-section":"6","para-num-of-sentences":"7","para-xmlid":"C23.S6.SS1.p1","subsection-title":"Theta Functions"},"permalink":"http:\/\/dlmf.nist.gov\/23.6.E9","equation-number":"23.6.9","content-tex":"$\\Weierstrasssigmalatt@@{z}{\\mathbb{L}}=2\\omega_{1}\\exp@{\\frac{\\eta_{1}z^{2}}{2 \\omega_{1}}}\\frac{\\Jacobithetaq{1}@{\\pi z\/(2\\omega_{1})}{q}}{\\pi\\Jacobithetaq{ 1}'@{0}{q}},$"}}{"equation":{"symbols-used":[{"symbol":{"tex":"$\\theta_{\\NVar{j}}\\left(\\NVar{z},\\NVar{q}\\right)$","meaning":"theta function","idref":"C20.S2.SS1","content-tex":"$\\Jacobithetaq{\\NVar{j}}@{\\NVar{z}}{\\NVar{q}}$"}},null,{"symbol":{"tex":"$\\pi$","meaning":"the ratio of the circumference of a circle to its diameter","idref":"C3.S12.E1","content-tex":"$\\cpi$"}},{"symbol":{"tex":"$\\exp\\NVar{z}$","meaning":"exponential function","idref":"C4.S2.E19","content-tex":"$\\exp@@{\\NVar{z}}$"}},{"symbol":{"tex":"$\\mathbb{L}$","meaning":"lattice","idref":"C23.S1.p2.t1.r1"}},{"symbol":{"tex":"$q$","meaning":"nome","idref":"C23.S1.p2.t1.r12"}},{"symbol":{"tex":"$\\omega_{1}$","meaning":"lattice generators","idref":"C23.S1.p2.t1.r8"}},{"symbol":{"tex":"$\\eta_{j}$","meaning":"complex number","idref":"C23.S6.SS1.p1"}}],"xml-id":"C23.S6.E10","tex":"$\\sigma\\left(\\omega_{1}\\right)=2\\omega_{1}\\frac{\\exp\\left(\\tfrac{1}{2}\\eta_{1} \\omega_{1}\\right)\\theta_{2}\\left(0,q\\right)}{\\pi\\theta_{1}'\\left(0,q\\right)},$","context":{"sentence-num-in-corpus":"13077","subsection-xmlid":"C23.S6.SS1","sentence-xmlid":"C23.S6.SS1.p1.s6","chapter-title":"Weierstrass Elliptic and Modular Functions","chapter-xmlid":"C23","section-title":"Relations to Other Functions","sentence-num-in-chapter":"123","section-xmlid":"C23.S6","sentence-num-in-section":"6","para-num-of-sentences":"7","para-xmlid":"C23.S6.SS1.p1","subsection-title":"Theta Functions"},"permalink":"http:\/\/dlmf.nist.gov\/23.6.E10","equation-number":"23.6.10","content-tex":"$\\Weierstrasssigmalatt@@{\\omega_{1}}{\\mathbb{L}}=2\\omega_{1}\\frac{\\exp@{\\tfrac{ 1}{2}\\eta_{1}\\omega_{1}}\\Jacobithetaq{2}@{0}{q}}{\\pi\\Jacobithetaq{1}'@{0}{q}},$"}}{"equation":{"symbols-used":[{"symbol":{"tex":"$\\theta_{\\NVar{j}}\\left(\\NVar{z},\\NVar{q}\\right)$","meaning":"theta function","idref":"C20.S2.SS1","content-tex":"$\\Jacobithetaq{\\NVar{j}}@{\\NVar{z}}{\\NVar{q}}$"}},null,{"symbol":{"tex":"$\\pi$","meaning":"the ratio of the circumference of a circle to its diameter","idref":"C3.S12.E1","content-tex":"$\\cpi$"}},{"symbol":{"tex":"$\\exp\\NVar{z}$","meaning":"exponential function","idref":"C4.S2.E19","content-tex":"$\\exp@@{\\NVar{z}}$"}},{"symbol":{"tex":"$\\mathrm{i}$","meaning":"imaginary unit","idref":"C1.S9.E1","content-tex":"$\\iunit$"}},{"symbol":{"tex":"$\\mathbb{L}$","meaning":"lattice","idref":"C23.S1.p2.t1.r1"}},{"symbol":{"tex":"$q$","meaning":"nome","idref":"C23.S1.p2.t1.r12"}},{"symbol":{"tex":"$\\omega_{1}$","meaning":"lattice generators","idref":"C23.S1.p2.t1.r8"}},{"symbol":{"tex":"$\\tau$","meaning":"complex variable","idref":"C23.S1.p2.t1.r10"}},{"symbol":{"tex":"$\\eta_{j}$","meaning":"complex number","idref":"C23.S6.SS1.p1"}}],"xml-id":"C23.S6.E11","tex":"$\\sigma\\left(\\omega_{2}\\right)=2\\omega_{1}i\\frac{\\exp\\left(\\tfrac{1}{2}\\eta_{1} \\omega_{1}\\tau^{2}\\right)\\theta_{3}\\left(0,q\\right)}{\\pi q^{1\/4}\\theta_{1}' \\left(0,q\\right)},$","context":{"sentence-num-in-corpus":"13077","subsection-xmlid":"C23.S6.SS1","sentence-xmlid":"C23.S6.SS1.p1.s6","chapter-title":"Weierstrass Elliptic and Modular Functions","chapter-xmlid":"C23","section-title":"Relations to Other Functions","sentence-num-in-chapter":"123","section-xmlid":"C23.S6","sentence-num-in-section":"6","para-num-of-sentences":"7","para-xmlid":"C23.S6.SS1.p1","subsection-title":"Theta Functions"},"permalink":"http:\/\/dlmf.nist.gov\/23.6.E11","equation-number":"23.6.11","content-tex":"$\\Weierstrasssigmalatt@@{\\omega_{2}}{\\mathbb{L}}=2\\omega_{1}i\\frac{\\exp@{\\tfrac {1}{2}\\eta_{1}\\omega_{1}\\tau^{2}}\\Jacobithetaq{3}@{0}{q}}{\\pi q^{1\/4} \\Jacobithetaq{1}'@{0}{q}},$"}}{"equation":{"symbols-used":[{"symbol":{"tex":"$\\theta_{\\NVar{j}}\\left(\\NVar{z},\\NVar{q}\\right)$","meaning":"theta function","idref":"C20.S2.SS1","content-tex":"$\\Jacobithetaq{\\NVar{j}}@{\\NVar{z}}{\\NVar{q}}$"}},null,{"symbol":{"tex":"$\\pi$","meaning":"the ratio of the circumference of a circle to its diameter","idref":"C3.S12.E1","content-tex":"$\\cpi$"}},{"symbol":{"tex":"$\\exp\\NVar{z}$","meaning":"exponential function","idref":"C4.S2.E19","content-tex":"$\\exp@@{\\NVar{z}}$"}},{"symbol":{"tex":"$\\mathbb{L}$","meaning":"lattice","idref":"C23.S1.p2.t1.r1"}},{"symbol":{"tex":"$q$","meaning":"nome","idref":"C23.S1.p2.t1.r12"}},{"symbol":{"tex":"$\\omega_{1}$","meaning":"lattice generators","idref":"C23.S1.p2.t1.r8"}},{"symbol":{"tex":"$\\eta_{j}$","meaning":"complex number","idref":"C23.S6.SS1.p1"}}],"xml-id":"C23.S6.E12","tex":"$\\sigma\\left(\\omega_{3}\\right)=-2\\omega_{1}\\frac{\\exp\\left(\\tfrac{1}{2}\\eta_{1} \\omega_{1}\\right)\\theta_{4}\\left(0,q\\right)}{\\pi q^{1\/4}\\theta_{1}'\\left(0,q \\right)}.$","context":{"sentence-num-in-corpus":"13077","subsection-xmlid":"C23.S6.SS1","sentence-xmlid":"C23.S6.SS1.p1.s6","chapter-title":"Weierstrass Elliptic and Modular Functions","chapter-xmlid":"C23","section-title":"Relations to Other Functions","sentence-num-in-chapter":"123","section-xmlid":"C23.S6","sentence-num-in-section":"6","para-num-of-sentences":"7","para-xmlid":"C23.S6.SS1.p1","subsection-title":"Theta Functions"},"permalink":"http:\/\/dlmf.nist.gov\/23.6.E12","equation-number":"23.6.12","content-tex":"$\\Weierstrasssigmalatt@@{\\omega_{3}}{\\mathbb{L}}=-2\\omega_{1}\\frac{\\exp@{\\tfrac {1}{2}\\eta_{1}\\omega_{1}}\\Jacobithetaq{4}@{0}{q}}{\\pi q^{1\/4}\\Jacobithetaq{1}' @{0}{q}}.$"}}{"expression":{"xml-id":"C23.S6.SS1.p1.m7","tex":"$z=\\ifrac{\\pi u}{(2\\omega_{1})}$","context":{"sentence-num-in-corpus":"13078","subsection-xmlid":"C23.S6.SS1","sentence-xmlid":"C23.S6.SS1.p1.s7","chapter-title":"Weierstrass Elliptic and Modular Functions","chapter-xmlid":"C23","section-title":"Relations to Other Functions","sentence-num-in-chapter":"124","section-xmlid":"C23.S6","sentence-num-in-section":"7","para-num-of-sentences":"7","para-xmlid":"C23.S6.SS1.p1","subsection-title":"Theta Functions"}}}{"expression":{"xml-id":"C23.S6.XMD2.m1","tex":"$u$","context":{"chapter-title":"Weierstrass Elliptic and Modular Functions","chapter-xmlid":"C23"}}}{"equation":{"symbols-used":[{"symbol":{"tex":"$\\theta_{\\NVar{j}}\\left(\\NVar{z},\\NVar{q}\\right)$","meaning":"theta function","idref":"C20.S2.SS1","content-tex":"$\\Jacobithetaq{\\NVar{j}}@{\\NVar{z}}{\\NVar{q}}$"}},null,{"symbol":{"tex":"$\\pi$","meaning":"the ratio of the circumference of a circle to its diameter","idref":"C3.S12.E1","content-tex":"$\\cpi$"}},{"symbol":{"tex":"$\\frac{\\mathrm{d}\\NVar{f}}{\\mathrm{d}\\NVar{x}}$","meaning":"derivative of $f$ with respect to $x$","idref":"C1.S4.E4","content-tex":"$\\deriv{\\NVar{f}}{\\NVar{x}}$"}},{"symbol":{"tex":"$\\ln\\NVar{z}$","meaning":"principal branch of logarithm function","idref":"C4.S2.E2","content-tex":"$\\ln@@{\\NVar{z}}$"}},{"symbol":{"tex":"$\\mathbb{L}$","meaning":"lattice","idref":"C23.S1.p2.t1.r1"}},{"symbol":{"tex":"$q$","meaning":"nome","idref":"C23.S1.p2.t1.r12"}},{"symbol":{"tex":"$z$","meaning":"complex","idref":"C23.S1.p2.t1.r4"}},{"symbol":{"tex":"$\\omega_{1}$","meaning":"lattice generators","idref":"C23.S1.p2.t1.r8"}},{"symbol":{"tex":"$\\eta_{j}$","meaning":"complex number","idref":"C23.S6.SS1.p1"}},{"symbol":{"tex":"$u$","meaning":"change of variable","idref":"C23.S6.SS1.p1"}}],"xml-id":"C23.S6.E13","tex":"$\\zeta\\left(u\\right)=\\frac{\\eta_{1}}{\\omega_{1}}u+\\frac{\\pi}{2\\omega_{1}}\\frac{ \\mathrm{d}}{\\mathrm{d}z}\\ln\\theta_{1}\\left(z,q\\right),$","context":{"sentence-num-in-corpus":"13078","subsection-xmlid":"C23.S6.SS1","sentence-xmlid":"C23.S6.SS1.p1.s7","chapter-title":"Weierstrass Elliptic and Modular Functions","chapter-xmlid":"C23","section-title":"Relations to Other Functions","sentence-num-in-chapter":"124","section-xmlid":"C23.S6","sentence-num-in-section":"7","para-num-of-sentences":"7","para-xmlid":"C23.S6.SS1.p1","subsection-title":"Theta Functions"},"permalink":"http:\/\/dlmf.nist.gov\/23.6.E13","equation-number":"23.6.13","content-tex":"$\\Weierstrasszetalatt@@{u}{\\mathbb{L}}=\\frac{\\eta_{1}}{\\omega_{1}}u+\\frac{\\pi}{ 2\\omega_{1}}\\deriv{}{z}\\ln@@{\\Jacobithetaq{1}@{z}{q}},$"}}{"equation":{"symbols-used":[{"symbol":{"tex":"$\\theta_{\\NVar{j}}\\left(\\NVar{z},\\NVar{q}\\right)$","meaning":"theta function","idref":"C20.S2.SS1","content-tex":"$\\Jacobithetaq{\\NVar{j}}@{\\NVar{z}}{\\NVar{q}}$"}},null,{"symbol":{"tex":"$\\pi$","meaning":"the ratio of the circumference of a circle to its diameter","idref":"C3.S12.E1","content-tex":"$\\cpi$"}},{"symbol":{"tex":"$\\frac{\\mathrm{d}\\NVar{f}}{\\mathrm{d}\\NVar{x}}$","meaning":"derivative of $f$ with respect to $x$","idref":"C1.S4.E4","content-tex":"$\\deriv{\\NVar{f}}{\\NVar{x}}$"}},{"symbol":{"tex":"$\\ln\\NVar{z}$","meaning":"principal branch of logarithm function","idref":"C4.S2.E2","content-tex":"$\\ln@@{\\NVar{z}}$"}},{"symbol":{"tex":"$\\mathbb{L}$","meaning":"lattice","idref":"C23.S1.p2.t1.r1"}},{"symbol":{"tex":"$q$","meaning":"nome","idref":"C23.S1.p2.t1.r12"}},{"symbol":{"tex":"$z$","meaning":"complex","idref":"C23.S1.p2.t1.r4"}},{"symbol":{"tex":"$\\omega_{1}$","meaning":"lattice generators","idref":"C23.S1.p2.t1.r8"}},{"symbol":{"tex":"$u$","meaning":"change of variable","idref":"C23.S6.SS1.p1"}}],"xml-id":"C23.S6.E14","tex":"$\\wp\\left(u\\right)=\\left(\\frac{\\pi}{2\\omega_{1}}\\right)^{2}\\left(\\frac{\\theta_{ 1}'''\\left(0,q\\right)}{3\\theta_{1}'\\left(0,q\\right)}-\\frac{{\\mathrm{d}}^{2}}{{ \\mathrm{d}z}^{2}}\\ln\\theta_{1}\\left(z,q\\right)\\right),$","context":{"sentence-num-in-corpus":"13078","subsection-xmlid":"C23.S6.SS1","sentence-xmlid":"C23.S6.SS1.p1.s7","chapter-title":"Weierstrass Elliptic and Modular Functions","chapter-xmlid":"C23","section-title":"Relations to Other Functions","sentence-num-in-chapter":"124","section-xmlid":"C23.S6","sentence-num-in-section":"7","para-num-of-sentences":"7","para-xmlid":"C23.S6.SS1.p1","subsection-title":"Theta Functions"},"permalink":"http:\/\/dlmf.nist.gov\/23.6.E14","equation-number":"23.6.14","content-tex":"$\\Weierstrassplatt@@{u}{\\mathbb{L}}=\\left(\\frac{\\pi}{2\\omega_{1}}\\right)^{2} \\left(\\frac{\\Jacobithetaq{1}'''@{0}{q}}{3\\Jacobithetaq{1}'@{0}{q}}-\\deriv[2]{} {z}\\ln@@{\\Jacobithetaq{1}@{z}{q}}\\right),$"}}{"equation":{"symbols-used":[{"symbol":{"tex":"$\\theta_{\\NVar{j}}\\left(\\NVar{z},\\NVar{q}\\right)$","meaning":"theta function","idref":"C20.S2.SS1","content-tex":"$\\Jacobithetaq{\\NVar{j}}@{\\NVar{z}}{\\NVar{q}}$"}},null,{"symbol":{"tex":"$\\exp\\NVar{z}$","meaning":"exponential function","idref":"C4.S2.E19","content-tex":"$\\exp@@{\\NVar{z}}$"}},{"symbol":{"tex":"$\\mathbb{L}$","meaning":"lattice","idref":"C23.S1.p2.t1.r1"}},{"symbol":{"tex":"$q$","meaning":"nome","idref":"C23.S1.p2.t1.r12"}},{"symbol":{"tex":"$z$","meaning":"complex","idref":"C23.S1.p2.t1.r4"}},{"symbol":{"tex":"$\\omega_{1}$","meaning":"lattice generators","idref":"C23.S1.p2.t1.r8"}},{"symbol":{"tex":"$\\eta_{j}$","meaning":"complex number","idref":"C23.S6.SS1.p1"}},{"symbol":{"tex":"$u$","meaning":"change of variable","idref":"C23.S6.SS1.p1"}}],"xml-id":"C23.S6.E15","tex":"$\\frac{\\sigma\\left(u+\\omega_{j}\\right)}{\\sigma\\left(\\omega_{j}\\right)}=\\exp \\left(\\eta_{j}u+\\frac{\\eta_{j}u^{2}}{2\\omega_{1}}\\right)\\frac{\\theta_{j+1} \\left(z,q\\right)}{\\theta_{j+1}\\left(0,q\\right)},$","context":{"sentence-num-in-corpus":"13078","subsection-xmlid":"C23.S6.SS1","sentence-xmlid":"C23.S6.SS1.p1.s7","chapter-title":"Weierstrass Elliptic and Modular Functions","chapter-xmlid":"C23","section-title":"Relations to Other Functions","sentence-num-in-chapter":"124","section-xmlid":"C23.S6","sentence-num-in-section":"7","para-num-of-sentences":"7","para-xmlid":"C23.S6.SS1.p1","subsection-title":"Theta Functions"},"permalink":"http:\/\/dlmf.nist.gov\/23.6.E15","equation-number":"23.6.15","constraints":{"tex":"$j=1,2,3$."},"content-tex":"$\\frac{\\Weierstrasssigmalatt@@{u+\\omega_{j}}{\\mathbb{L}}}{\\Weierstrasssigmalatt @@{\\omega_{j}}{\\mathbb{L}}}=\\exp@{\\eta_{j}u+\\frac{\\eta_{j}u^{2}}{2\\omega_{1}}} \\frac{\\Jacobithetaq{j+1}@{z}{q}}{\\Jacobithetaq{j+1}@{0}{q}},$"}}{"expression":{"xml-id":"C23.S6.SS1.p2.m1","tex":"$\\sigma$","context":{"sentence-num-in-corpus":"13079","subsection-xmlid":"C23.S6.SS1","sentence-xmlid":"C23.S6.SS1.p2.s1","chapter-title":"Weierstrass Elliptic and Modular Functions","chapter-xmlid":"C23","section-title":"Relations to Other Functions","sentence-num-in-chapter":"125","section-xmlid":"C23.S6","sentence-num-in-section":"8","para-num-of-sentences":"1","para-xmlid":"C23.S6.SS1.p2","subsection-title":"Theta Functions"},"content-tex":"$\\Weierstrasssigmalatt$"}}{"expression":{"xml-id":"C23.S6.SS2.p1.m1","tex":"$2\\omega_{1},2\\omega_{3}$","context":{"sentence-num-in-corpus":"13081","subsection-xmlid":"C23.S6.SS2","sentence-xmlid":"C23.S6.SS2.p1.s2","chapter-title":"Weierstrass Elliptic and Modular Functions","chapter-xmlid":"C23","section-title":"Relations to Other Functions","sentence-num-in-chapter":"127","section-xmlid":"C23.S6","sentence-num-in-section":"10","para-num-of-sentences":"6","para-xmlid":"C23.S6.SS2.p1","subsection-title":"Jacobian Elliptic Functions"}}}{"expression":{"xml-id":"C23.S6.SS2.p1.m2","tex":"$\\mathbb{L}$","context":{"sentence-num-in-corpus":"13081","subsection-xmlid":"C23.S6.SS2","sentence-xmlid":"C23.S6.SS2.p1.s2","chapter-title":"Weierstrass Elliptic and Modular Functions","chapter-xmlid":"C23","section-title":"Relations to Other Functions","sentence-num-in-chapter":"127","section-xmlid":"C23.S6","sentence-num-in-section":"10","para-num-of-sentences":"6","para-xmlid":"C23.S6.SS2.p1","subsection-title":"Jacobian Elliptic Functions"}}}{"expression":{"xml-id":"C23.S6.SS2.p1.m3","tex":"$e_{1},e_{2},e_{3}$","context":{"sentence-num-in-corpus":"13081","subsection-xmlid":"C23.S6.SS2","sentence-xmlid":"C23.S6.SS2.p1.s2","chapter-title":"Weierstrass Elliptic and Modular Functions","chapter-xmlid":"C23","section-title":"Relations to Other Functions","sentence-num-in-chapter":"127","section-xmlid":"C23.S6","sentence-num-in-section":"10","para-num-of-sentences":"6","para-xmlid":"C23.S6.SS2.p1","subsection-title":"Jacobian Elliptic Functions"},"content-tex":"$\\Weierstrasselatt{1}@@{\\mathbb{L}},\\Weierstrasselatt{2}@@{\\mathbb{L}}, \\Weierstrasselatt{3}@@{\\mathbb{L}}$"}}{"expression":{"xml-id":"C23.S6.XMD3.m1","tex":"$k$","context":{"chapter-title":"Weierstrass Elliptic and Modular Functions","chapter-xmlid":"C23"}}}{"expression":{"xml-id":"C23.S6.XMD4.m1","tex":"$k^{\\prime}$","context":{"chapter-title":"Weierstrass Elliptic and Modular Functions","chapter-xmlid":"C23"}}}{"equation":{"symbols-used":[{"symbol":{"tex":"$e_{\\NVar{j}}$","meaning":"Weierstrass lattice roots","idref":"C23.S3.SS1","content-tex":"$\\Weierstrasselatt{\\NVar{j}}@@{\\NVar{\\mathbb{L}}}$"}},{"symbol":{"tex":"$\\mathbb{L}$","meaning":"lattice","idref":"C23.S1.p2.t1.r1"}},{"symbol":{"tex":"$k$","meaning":"modulus","idref":"C23.S6.SS2.p1"}},{"symbol":{"tex":"$k^{\\prime}$","meaning":"complementary modulus","idref":"C23.S6.SS2.p1"}}],"context":{"sentence-num-in-corpus":"13082","subsection-xmlid":"C23.S6.SS2","sentence-xmlid":"C23.S6.SS2.p1.s3","chapter-title":"Weierstrass Elliptic and Modular Functions","chapter-xmlid":"C23","section-title":"Relations to Other Functions","sentence-num-in-chapter":"128","section-xmlid":"C23.S6","sentence-num-in-section":"11","para-num-of-sentences":"6","para-xmlid":"C23.S6.SS2.p1","subsection-title":"Jacobian Elliptic Functions"},"permalink":"http:\/\/dlmf.nist.gov\/23.6.E16","equation-number":"23.6.16","subequations":[{"subequation":{"xml-id":"C23.S6.Ex3","tex":"$k^{2}=\\frac{e_{2}-e_{3}}{e_{1}-e_{3}},$","context":{"chapter-title":"Weierstrass Elliptic and Modular Functions","chapter-xmlid":"C23"},"content-tex":"$k^{2}=\\frac{\\Weierstrasselatt{2}@@{\\mathbb{L}}-\\Weierstrasselatt{3}@@{\\mathbb{ L}}}{\\Weierstrasselatt{1}@@{\\mathbb{L}}-\\Weierstrasselatt{3}@@{\\mathbb{L}}},$"}},{"subequation":{"xml-id":"C23.S6.Ex4","tex":"${k^{\\prime}}^{2}=\\frac{e_{1}-e_{2}}{e_{1}-e_{3}},$","context":{"chapter-title":"Weierstrass Elliptic and Modular Functions","chapter-xmlid":"C23"},"content-tex":"${k^{\\prime}}^{2}=\\frac{\\Weierstrasselatt{1}@@{\\mathbb{L}}-\\Weierstrasselatt{2} @@{\\mathbb{L}}}{\\Weierstrasselatt{1}@@{\\mathbb{L}}-\\Weierstrasselatt{3}@@{ \\mathbb{L}}},$"}}]}}{"expression":{"xml-id":"C23.S3.SS1.m1afdec","tex":"$e_{\\NVar{j}}$","context":{"chapter-title":"Weierstrass Elliptic and Modular Functions","chapter-xmlid":"C23"},"content-tex":"$\\Weierstrasselatt{\\NVar{j}}@@{\\NVar{\\mathbb{L}}}$"}}{"expression":{"xml-id":"C23.S1.XMD1.m1mdec","tex":"$\\mathbb{L}$","context":{"chapter-title":"Weierstrass Elliptic and Modular Functions","chapter-xmlid":"C23"}}}{"expression":{"xml-id":"C23.S6.XMD3.m1dec","tex":"$k$","context":{"chapter-title":"Weierstrass Elliptic and Modular Functions","chapter-xmlid":"C23"}}}{"expression":{"xml-id":"C23.S6.XMD4.m1dec","tex":"$k^{\\prime}$","context":{"chapter-title":"Weierstrass Elliptic and Modular Functions","chapter-xmlid":"C23"}}}{"equation":{"symbols-used":[{"symbol":{"tex":"$e_{\\NVar{j}}$","meaning":"Weierstrass lattice roots","idref":"C23.S3.SS1","content-tex":"$\\Weierstrasselatt{\\NVar{j}}@@{\\NVar{\\mathbb{L}}}$"}},{"symbol":{"tex":"${K^{\\prime}}\\left(\\NVar{k}\\right)$","meaning":"Legendre\u2019s complementary complete elliptic integral of the first kind","idref":"C19.S2.E9","content-tex":"$\\ccompellintKk@{\\NVar{k}}$"}},{"symbol":{"tex":"$K\\left(\\NVar{k}\\right)$","meaning":"Legendre\u2019s complete elliptic integral of the first kind","idref":"C19.S2.E8","content-tex":"$\\compellintKk@{\\NVar{k}}$"}},{"symbol":{"tex":"$\\mathbb{L}$","meaning":"lattice","idref":"C23.S1.p2.t1.r1"}},{"symbol":{"tex":"$\\omega_{1}$","meaning":"lattice generators","idref":"C23.S1.p2.t1.r8"}},{"symbol":{"tex":"$k$","meaning":"modulus","idref":"C23.S6.SS2.p1"}},{"symbol":{"tex":"$k^{\\prime}$","meaning":"complementary modulus","idref":"C23.S6.SS2.p1"}}],"context":{"sentence-num-in-corpus":"13082","subsection-xmlid":"C23.S6.SS2","sentence-xmlid":"C23.S6.SS2.p1.s3","chapter-title":"Weierstrass Elliptic and Modular Functions","chapter-xmlid":"C23","section-title":"Relations to Other Functions","sentence-num-in-chapter":"128","section-xmlid":"C23.S6","sentence-num-in-section":"11","para-num-of-sentences":"6","para-xmlid":"C23.S6.SS2.p1","subsection-title":"Jacobian Elliptic Functions"},"permalink":"http:\/\/dlmf.nist.gov\/23.6.E17","equation-number":"23.6.17","subequations":[{"subequation":{"xml-id":"C23.S6.Ex5","tex":"${K^{2}}=(K\\left(k\\right))^{2}=\\omega_{1}^{2}(e_{1}-e_{3}),$","context":{"chapter-title":"Weierstrass Elliptic and Modular Functions","chapter-xmlid":"C23"},"content-tex":"$\\compellintKk^{2}@@{k}=(\\compellintKk@{k})^{2}=\\omega_{1}^{2}( \\Weierstrasselatt{1}@@{\\mathbb{L}}-\\Weierstrasselatt{3}@@{\\mathbb{L}}),$"}},{"subequation":{"xml-id":"C23.S6.Ex6","tex":"${{K^{\\prime}}^{2}}=(K\\left(k^{\\prime}\\right))^{2}=\\omega_{3}^{2}(e_{3}-e_{1}).$","context":{"chapter-title":"Weierstrass Elliptic and Modular Functions","chapter-xmlid":"C23"},"content-tex":"$\\ccompellintKk^{2}@@{k}=(\\compellintKk@{k^{\\prime}})^{2}=\\omega_{3}^{2}( \\Weierstrasselatt{3}@@{\\mathbb{L}}-\\Weierstrasselatt{1}@@{\\mathbb{L}}).$"}}]}}{"expression":{"xml-id":"C23.S3.SS1.m1agdec","tex":"$e_{\\NVar{j}}$","context":{"chapter-title":"Weierstrass Elliptic and Modular Functions","chapter-xmlid":"C23"},"content-tex":"$\\Weierstrasselatt{\\NVar{j}}@@{\\NVar{\\mathbb{L}}}$"}}{"expression":{"xml-id":"C19.S2.E9.m1adec","tex":"${K^{\\prime}}\\left(\\NVar{k}\\right)$","context":{"chapter-title":"Weierstrass Elliptic and Modular Functions","chapter-xmlid":"C23"},"content-tex":"$\\ccompellintKk@{\\NVar{k}}$"}}{"expression":{"xml-id":"C19.S2.E8.m1adec","tex":"$K\\left(\\NVar{k}\\right)$","context":{"chapter-title":"Weierstrass Elliptic and Modular Functions","chapter-xmlid":"C23"},"content-tex":"$\\compellintKk@{\\NVar{k}}$"}}{"expression":{"xml-id":"C23.S1.XMD1.m1ndec","tex":"$\\mathbb{L}$","context":{"chapter-title":"Weierstrass Elliptic and Modular Functions","chapter-xmlid":"C23"}}}{"expression":{"xml-id":"C23.S1.XMD8.m1odec","tex":"$\\omega_{1}$","context":{"chapter-title":"Weierstrass Elliptic and Modular Functions","chapter-xmlid":"C23"}}}{"expression":{"xml-id":"C23.S1.XMD8.m2odec","tex":"$\\omega_{3}$","context":{"chapter-title":"Weierstrass Elliptic and Modular Functions","chapter-xmlid":"C23"}}}{"expression":{"xml-id":"C23.S1.XMD8.m3odec","tex":"$\\omega_{2}=-\\omega_{1}-\\omega_{3}$","context":{"chapter-title":"Weierstrass Elliptic and Modular Functions","chapter-xmlid":"C23"}}}{"expression":{"xml-id":"C23.S6.XMD3.m1adec","tex":"$k$","context":{"chapter-title":"Weierstrass Elliptic and Modular Functions","chapter-xmlid":"C23"}}}{"expression":{"xml-id":"C23.S6.XMD4.m1adec","tex":"$k^{\\prime}$","context":{"chapter-title":"Weierstrass Elliptic and Modular Functions","chapter-xmlid":"C23"}}}{"equation":{"symbols-used":[{"symbol":{"tex":"$e_{\\NVar{j}}$","meaning":"Weierstrass lattice roots","idref":"C23.S3.SS1","content-tex":"$\\Weierstrasselatt{\\NVar{j}}@@{\\NVar{\\mathbb{L}}}$"}},{"symbol":{"tex":"$K\\left(\\NVar{k}\\right)$","meaning":"Legendre\u2019s complete elliptic integral of the first kind","idref":"C19.S2.E8","content-tex":"$\\compellintKk@{\\NVar{k}}$"}},{"symbol":{"tex":"$\\mathbb{L}$","meaning":"lattice","idref":"C23.S1.p2.t1.r1"}},{"symbol":{"tex":"$\\omega_{1}$","meaning":"lattice generators","idref":"C23.S1.p2.t1.r8"}},{"symbol":{"tex":"$k$","meaning":"modulus","idref":"C23.S6.SS2.p1"}},{"symbol":{"tex":"$k^{\\prime}$","meaning":"complementary modulus","idref":"C23.S6.SS2.p1"}}],"xml-id":"C23.S6.E18","tex":"$e_{1}=\\frac{{K^{2}}}{3\\omega_{1}^{2}}(1+{k^{\\prime}}^{2}),$","context":{"sentence-num-in-corpus":"13083","subsection-xmlid":"C23.S6.SS2","sentence-xmlid":"C23.S6.SS2.p1.s4","chapter-title":"Weierstrass Elliptic and Modular Functions","chapter-xmlid":"C23","section-title":"Relations to Other Functions","sentence-num-in-chapter":"129","section-xmlid":"C23.S6","sentence-num-in-section":"12","para-num-of-sentences":"6","para-xmlid":"C23.S6.SS2.p1","subsection-title":"Jacobian Elliptic Functions"},"permalink":"http:\/\/dlmf.nist.gov\/23.6.E18","equation-number":"23.6.18","content-tex":"$\\Weierstrasselatt{1}@@{\\mathbb{L}}=\\frac{\\compellintKk^{2}@@{k}}{3\\omega_{1}^{ 2}}(1+{k^{\\prime}}^{2}),$"}}{"equation":{"symbols-used":[{"symbol":{"tex":"$e_{\\NVar{j}}$","meaning":"Weierstrass lattice roots","idref":"C23.S3.SS1","content-tex":"$\\Weierstrasselatt{\\NVar{j}}@@{\\NVar{\\mathbb{L}}}$"}},{"symbol":{"tex":"$K\\left(\\NVar{k}\\right)$","meaning":"Legendre\u2019s complete elliptic integral of the first kind","idref":"C19.S2.E8","content-tex":"$\\compellintKk@{\\NVar{k}}$"}},{"symbol":{"tex":"$\\mathbb{L}$","meaning":"lattice","idref":"C23.S1.p2.t1.r1"}},{"symbol":{"tex":"$\\omega_{1}$","meaning":"lattice generators","idref":"C23.S1.p2.t1.r8"}},{"symbol":{"tex":"$k$","meaning":"modulus","idref":"C23.S6.SS2.p1"}},{"symbol":{"tex":"$k^{\\prime}$","meaning":"complementary modulus","idref":"C23.S6.SS2.p1"}}],"xml-id":"C23.S6.E19","tex":"$e_{2}=\\frac{{K^{2}}}{3\\omega_{1}^{2}}(k^{2}-{k^{\\prime}}^{2}),$","context":{"sentence-num-in-corpus":"13083","subsection-xmlid":"C23.S6.SS2","sentence-xmlid":"C23.S6.SS2.p1.s4","chapter-title":"Weierstrass Elliptic and Modular Functions","chapter-xmlid":"C23","section-title":"Relations to Other Functions","sentence-num-in-chapter":"129","section-xmlid":"C23.S6","sentence-num-in-section":"12","para-num-of-sentences":"6","para-xmlid":"C23.S6.SS2.p1","subsection-title":"Jacobian Elliptic Functions"},"permalink":"http:\/\/dlmf.nist.gov\/23.6.E19","equation-number":"23.6.19","content-tex":"$\\Weierstrasselatt{2}@@{\\mathbb{L}}=\\frac{\\compellintKk^{2}@@{k}}{3\\omega_{1}^{ 2}}(k^{2}-{k^{\\prime}}^{2}),$"}}{"equation":{"symbols-used":[{"symbol":{"tex":"$e_{\\NVar{j}}$","meaning":"Weierstrass lattice roots","idref":"C23.S3.SS1","content-tex":"$\\Weierstrasselatt{\\NVar{j}}@@{\\NVar{\\mathbb{L}}}$"}},{"symbol":{"tex":"$K\\left(\\NVar{k}\\right)$","meaning":"Legendre\u2019s complete elliptic integral of the first kind","idref":"C19.S2.E8","content-tex":"$\\compellintKk@{\\NVar{k}}$"}},{"symbol":{"tex":"$\\mathbb{L}$","meaning":"lattice","idref":"C23.S1.p2.t1.r1"}},{"symbol":{"tex":"$\\omega_{1}$","meaning":"lattice generators","idref":"C23.S1.p2.t1.r8"}},{"symbol":{"tex":"$k$","meaning":"modulus","idref":"C23.S6.SS2.p1"}}],"xml-id":"C23.S6.E20","tex":"$e_{3}=-\\frac{{K^{2}}}{3\\omega_{1}^{2}}(1+k^{2}).$","context":{"sentence-num-in-corpus":"13083","subsection-xmlid":"C23.S6.SS2","sentence-xmlid":"C23.S6.SS2.p1.s4","chapter-title":"Weierstrass Elliptic and Modular Functions","chapter-xmlid":"C23","section-title":"Relations to Other Functions","sentence-num-in-chapter":"129","section-xmlid":"C23.S6","sentence-num-in-section":"12","para-num-of-sentences":"6","para-xmlid":"C23.S6.SS2.p1","subsection-title":"Jacobian Elliptic Functions"},"permalink":"http:\/\/dlmf.nist.gov\/23.6.E20","equation-number":"23.6.20","content-tex":"$\\Weierstrasselatt{3}@@{\\mathbb{L}}=-\\frac{\\compellintKk^{2}@@{k}}{3\\omega_{1}^ {2}}(1+k^{2}).$"}}{"equation":{"symbols-used":[{"symbol":{"tex":"$\\operatorname{cs}\\left(\\NVar{z},\\NVar{k}\\right)$","meaning":"Jacobian elliptic function","idref":"C22.S2.E9","content-tex":"$\\Jacobiellcsk@{\\NVar{z}}{\\NVar{k}}$"}},null,{"symbol":{"tex":"$e_{\\NVar{j}}$","meaning":"Weierstrass lattice roots","idref":"C23.S3.SS1","content-tex":"$\\Weierstrasselatt{\\NVar{j}}@@{\\NVar{\\mathbb{L}}}$"}},{"symbol":{"tex":"$K\\left(\\NVar{k}\\right)$","meaning":"Legendre\u2019s complete elliptic integral of the first kind","idref":"C19.S2.E8","content-tex":"$\\compellintKk@{\\NVar{k}}$"}},{"symbol":{"tex":"$\\mathbb{L}$","meaning":"lattice","idref":"C23.S1.p2.t1.r1"}},{"symbol":{"tex":"$z$","meaning":"complex","idref":"C23.S1.p2.t1.r4"}},{"symbol":{"tex":"$\\omega_{1}$","meaning":"lattice generators","idref":"C23.S1.p2.t1.r8"}},{"symbol":{"tex":"$k$","meaning":"modulus","idref":"C23.S6.SS2.p1"}}],"xml-id":"C23.S6.E21","tex":"$\\wp\\left(z\\right)-e_{1}=\\frac{{K^{2}}}{\\omega_{1}^{2}}{\\operatorname{cs}^{2}} \\left(\\frac{K\\!z}{\\omega_{1}},k\\right),$","context":{"sentence-num-in-corpus":"13084","subsection-xmlid":"C23.S6.SS2","sentence-xmlid":"C23.S6.SS2.p1.s5","chapter-title":"Weierstrass Elliptic and Modular Functions","chapter-xmlid":"C23","section-title":"Relations to Other Functions","sentence-num-in-chapter":"130","section-xmlid":"C23.S6","sentence-num-in-section":"13","para-num-of-sentences":"6","para-xmlid":"C23.S6.SS2.p1","subsection-title":"Jacobian Elliptic Functions"},"permalink":"http:\/\/dlmf.nist.gov\/23.6.E21","equation-number":"23.6.21","content-tex":"$\\Weierstrassplatt@@{z}{\\mathbb{L}}-\\Weierstrasselatt{1}@@{\\mathbb{L}}=\\frac{ \\compellintKk^{2}@@{k}}{\\omega_{1}^{2}}\\Jacobiellcsk^{2}@{\\frac{\\compellintKk @@{k}\\!z}{\\omega_{1}}}{k},$"}}{"equation":{"symbols-used":[{"symbol":{"tex":"$\\operatorname{ds}\\left(\\NVar{z},\\NVar{k}\\right)$","meaning":"Jacobian elliptic function","idref":"C22.S2.E7","content-tex":"$\\Jacobielldsk@{\\NVar{z}}{\\NVar{k}}$"}},null,{"symbol":{"tex":"$e_{\\NVar{j}}$","meaning":"Weierstrass lattice roots","idref":"C23.S3.SS1","content-tex":"$\\Weierstrasselatt{\\NVar{j}}@@{\\NVar{\\mathbb{L}}}$"}},{"symbol":{"tex":"$K\\left(\\NVar{k}\\right)$","meaning":"Legendre\u2019s complete elliptic integral of the first kind","idref":"C19.S2.E8","content-tex":"$\\compellintKk@{\\NVar{k}}$"}},{"symbol":{"tex":"$\\mathbb{L}$","meaning":"lattice","idref":"C23.S1.p2.t1.r1"}},{"symbol":{"tex":"$z$","meaning":"complex","idref":"C23.S1.p2.t1.r4"}},{"symbol":{"tex":"$\\omega_{1}$","meaning":"lattice generators","idref":"C23.S1.p2.t1.r8"}},{"symbol":{"tex":"$k$","meaning":"modulus","idref":"C23.S6.SS2.p1"}}],"xml-id":"C23.S6.E22","tex":"$\\wp\\left(z\\right)-e_{2}=\\frac{{K^{2}}}{\\omega_{1}^{2}}{\\operatorname{ds}^{2}} \\left(\\frac{K\\!z}{\\omega_{1}},k\\right),$","context":{"sentence-num-in-corpus":"13084","subsection-xmlid":"C23.S6.SS2","sentence-xmlid":"C23.S6.SS2.p1.s5","chapter-title":"Weierstrass Elliptic and Modular Functions","chapter-xmlid":"C23","section-title":"Relations to Other Functions","sentence-num-in-chapter":"130","section-xmlid":"C23.S6","sentence-num-in-section":"13","para-num-of-sentences":"6","para-xmlid":"C23.S6.SS2.p1","subsection-title":"Jacobian Elliptic Functions"},"permalink":"http:\/\/dlmf.nist.gov\/23.6.E22","equation-number":"23.6.22","content-tex":"$\\Weierstrassplatt@@{z}{\\mathbb{L}}-\\Weierstrasselatt{2}@@{\\mathbb{L}}=\\frac{ \\compellintKk^{2}@@{k}}{\\omega_{1}^{2}}\\Jacobielldsk^{2}@{\\frac{\\compellintKk @@{k}\\!z}{\\omega_{1}}}{k},$"}}{"equation":{"symbols-used":[{"symbol":{"tex":"$\\operatorname{ns}\\left(\\NVar{z},\\NVar{k}\\right)$","meaning":"Jacobian elliptic function","idref":"C22.S2.E4","content-tex":"$\\Jacobiellnsk@{\\NVar{z}}{\\NVar{k}}$"}},null,{"symbol":{"tex":"$e_{\\NVar{j}}$","meaning":"Weierstrass lattice roots","idref":"C23.S3.SS1","content-tex":"$\\Weierstrasselatt{\\NVar{j}}@@{\\NVar{\\mathbb{L}}}$"}},{"symbol":{"tex":"$K\\left(\\NVar{k}\\right)$","meaning":"Legendre\u2019s complete elliptic integral of the first kind","idref":"C19.S2.E8","content-tex":"$\\compellintKk@{\\NVar{k}}$"}},{"symbol":{"tex":"$\\mathbb{L}$","meaning":"lattice","idref":"C23.S1.p2.t1.r1"}},{"symbol":{"tex":"$z$","meaning":"complex","idref":"C23.S1.p2.t1.r4"}},{"symbol":{"tex":"$\\omega_{1}$","meaning":"lattice generators","idref":"C23.S1.p2.t1.r8"}},{"symbol":{"tex":"$k$","meaning":"modulus","idref":"C23.S6.SS2.p1"}}],"xml-id":"C23.S6.E23","tex":"$\\wp\\left(z\\right)-e_{3}=\\frac{{K^{2}}}{\\omega_{1}^{2}}{\\operatorname{ns}^{2}} \\left(\\frac{K\\!z}{\\omega_{1}},k\\right).$","context":{"sentence-num-in-corpus":"13084","subsection-xmlid":"C23.S6.SS2","sentence-xmlid":"C23.S6.SS2.p1.s5","chapter-title":"Weierstrass Elliptic and Modular Functions","chapter-xmlid":"C23","section-title":"Relations to Other Functions","sentence-num-in-chapter":"130","section-xmlid":"C23.S6","sentence-num-in-section":"13","para-num-of-sentences":"6","para-xmlid":"C23.S6.SS2.p1","subsection-title":"Jacobian Elliptic Functions"},"permalink":"http:\/\/dlmf.nist.gov\/23.6.E23","equation-number":"23.6.23","content-tex":"$\\Weierstrassplatt@@{z}{\\mathbb{L}}-\\Weierstrasselatt{3}@@{\\mathbb{L}}=\\frac{ \\compellintKk^{2}@@{k}}{\\omega_{1}^{2}}\\Jacobiellnsk^{2}@{\\frac{\\compellintKk @@{k}\\!z}{\\omega_{1}}}{k}.$"}}{"equation":{"symbols-used":[{"symbol":{"tex":"$\\operatorname{sc}\\left(\\NVar{z},\\NVar{k}\\right)$","meaning":"Jacobian elliptic function","idref":"C22.S2.E9","content-tex":"$\\Jacobiellsck@{\\NVar{z}}{\\NVar{k}}$"}},null,{"symbol":{"tex":"$e_{\\NVar{j}}$","meaning":"Weierstrass lattice roots","idref":"C23.S3.SS1","content-tex":"$\\Weierstrasselatt{\\NVar{j}}@@{\\NVar{\\mathbb{L}}}$"}},{"symbol":{"tex":"$K\\left(\\NVar{k}\\right)$","meaning":"Legendre\u2019s complete elliptic integral of the first kind","idref":"C19.S2.E8","content-tex":"$\\compellintKk@{\\NVar{k}}$"}},{"symbol":{"tex":"$\\mathbb{L}$","meaning":"lattice","idref":"C23.S1.p2.t1.r1"}},{"symbol":{"tex":"$z$","meaning":"complex","idref":"C23.S1.p2.t1.r4"}},{"symbol":{"tex":"$\\omega_{1}$","meaning":"lattice generators","idref":"C23.S1.p2.t1.r8"}},{"symbol":{"tex":"$k$","meaning":"modulus","idref":"C23.S6.SS2.p1"}},{"symbol":{"tex":"$k^{\\prime}$","meaning":"complementary modulus","idref":"C23.S6.SS2.p1"}}],"xml-id":"C23.S6.E24","tex":"$\\wp\\left(z+\\omega_{1}\\right)-e_{1}=\\left(\\frac{Kk^{\\prime}}{\\omega_{1}}\\right) ^{2}{\\operatorname{sc}^{2}}\\left(\\frac{K\\!z}{\\omega_{1}},k\\right),$","context":{"sentence-num-in-corpus":"13085","subsection-xmlid":"C23.S6.SS2","sentence-xmlid":"C23.S6.SS2.p1.s6","chapter-title":"Weierstrass Elliptic and Modular Functions","chapter-xmlid":"C23","section-title":"Relations to Other Functions","sentence-num-in-chapter":"131","section-xmlid":"C23.S6","sentence-num-in-section":"14","para-num-of-sentences":"6","para-xmlid":"C23.S6.SS2.p1","subsection-title":"Jacobian Elliptic Functions"},"permalink":"http:\/\/dlmf.nist.gov\/23.6.E24","equation-number":"23.6.24","content-tex":"$\\Weierstrassplatt@@{z+\\omega_{1}}{\\mathbb{L}}-\\Weierstrasselatt{1}@@{\\mathbb{L }}=\\left(\\frac{\\compellintKk@@{k}k^{\\prime}}{\\omega_{1}}\\right)^{2} \\Jacobiellsck^{2}@{\\frac{\\compellintKk@@{k}\\!z}{\\omega_{1}}}{k},$"}}{"equation":{"symbols-used":[{"symbol":{"tex":"$\\operatorname{sd}\\left(\\NVar{z},\\NVar{k}\\right)$","meaning":"Jacobian elliptic function","idref":"C22.S2.E7","content-tex":"$\\Jacobiellsdk@{\\NVar{z}}{\\NVar{k}}$"}},null,{"symbol":{"tex":"$e_{\\NVar{j}}$","meaning":"Weierstrass lattice roots","idref":"C23.S3.SS1","content-tex":"$\\Weierstrasselatt{\\NVar{j}}@@{\\NVar{\\mathbb{L}}}$"}},{"symbol":{"tex":"$K\\left(\\NVar{k}\\right)$","meaning":"Legendre\u2019s complete elliptic integral of the first kind","idref":"C19.S2.E8","content-tex":"$\\compellintKk@{\\NVar{k}}$"}},{"symbol":{"tex":"$\\mathbb{L}$","meaning":"lattice","idref":"C23.S1.p2.t1.r1"}},{"symbol":{"tex":"$z$","meaning":"complex","idref":"C23.S1.p2.t1.r4"}},{"symbol":{"tex":"$\\omega_{1}$","meaning":"lattice generators","idref":"C23.S1.p2.t1.r8"}},{"symbol":{"tex":"$k$","meaning":"modulus","idref":"C23.S6.SS2.p1"}},{"symbol":{"tex":"$k^{\\prime}$","meaning":"complementary modulus","idref":"C23.S6.SS2.p1"}}],"xml-id":"C23.S6.E25","tex":"$\\wp\\left(z+\\omega_{2}\\right)-e_{2}=-\\left(\\frac{Kkk^{\\prime}}{\\omega_{1}} \\right)^{2}{\\operatorname{sd}^{2}}\\left(\\frac{K\\!z}{\\omega_{1}},k\\right),$","context":{"sentence-num-in-corpus":"13085","subsection-xmlid":"C23.S6.SS2","sentence-xmlid":"C23.S6.SS2.p1.s6","chapter-title":"Weierstrass Elliptic and Modular Functions","chapter-xmlid":"C23","section-title":"Relations to Other Functions","sentence-num-in-chapter":"131","section-xmlid":"C23.S6","sentence-num-in-section":"14","para-num-of-sentences":"6","para-xmlid":"C23.S6.SS2.p1","subsection-title":"Jacobian Elliptic Functions"},"permalink":"http:\/\/dlmf.nist.gov\/23.6.E25","equation-number":"23.6.25","content-tex":"$\\Weierstrassplatt@@{z+\\omega_{2}}{\\mathbb{L}}-\\Weierstrasselatt{2}@@{\\mathbb{L }}=-\\left(\\frac{\\compellintKk@@{k}kk^{\\prime}}{\\omega_{1}}\\right)^{2} \\Jacobiellsdk^{2}@{\\frac{\\compellintKk@@{k}\\!z}{\\omega_{1}}}{k},$"}}{"equation":{"symbols-used":[{"symbol":{"tex":"$\\operatorname{sn}\\left(\\NVar{z},\\NVar{k}\\right)$","meaning":"Jacobian elliptic function","idref":"C22.S2.E4","content-tex":"$\\Jacobiellsnk@{\\NVar{z}}{\\NVar{k}}$"}},null,{"symbol":{"tex":"$e_{\\NVar{j}}$","meaning":"Weierstrass lattice roots","idref":"C23.S3.SS1","content-tex":"$\\Weierstrasselatt{\\NVar{j}}@@{\\NVar{\\mathbb{L}}}$"}},{"symbol":{"tex":"$K\\left(\\NVar{k}\\right)$","meaning":"Legendre\u2019s complete elliptic integral of the first kind","idref":"C19.S2.E8","content-tex":"$\\compellintKk@{\\NVar{k}}$"}},{"symbol":{"tex":"$\\mathbb{L}$","meaning":"lattice","idref":"C23.S1.p2.t1.r1"}},{"symbol":{"tex":"$z$","meaning":"complex","idref":"C23.S1.p2.t1.r4"}},{"symbol":{"tex":"$\\omega_{1}$","meaning":"lattice generators","idref":"C23.S1.p2.t1.r8"}},{"symbol":{"tex":"$k$","meaning":"modulus","idref":"C23.S6.SS2.p1"}}],"xml-id":"C23.S6.E26","tex":"$\\wp\\left(z+\\omega_{3}\\right)-e_{3}=\\left(\\frac{Kk}{\\omega_{1}}\\right)^{2}{ \\operatorname{sn}^{2}}\\left(\\frac{K\\!z}{\\omega_{1}},k\\right).$","context":{"sentence-num-in-corpus":"13085","subsection-xmlid":"C23.S6.SS2","sentence-xmlid":"C23.S6.SS2.p1.s6","chapter-title":"Weierstrass Elliptic and Modular Functions","chapter-xmlid":"C23","section-title":"Relations to Other Functions","sentence-num-in-chapter":"131","section-xmlid":"C23.S6","sentence-num-in-section":"14","para-num-of-sentences":"6","para-xmlid":"C23.S6.SS2.p1","subsection-title":"Jacobian Elliptic Functions"},"permalink":"http:\/\/dlmf.nist.gov\/23.6.E26","equation-number":"23.6.26","content-tex":"$\\Weierstrassplatt@@{z+\\omega_{3}}{\\mathbb{L}}-\\Weierstrasselatt{3}@@{\\mathbb{L }}=\\left(\\frac{\\compellintKk@@{k}k}{\\omega_{1}}\\right)^{2}\\Jacobiellsnk^{2}@{ \\frac{\\compellintKk@@{k}\\!z}{\\omega_{1}}}{k}.$"}}{"expression":{"xml-id":"C23.S6.SS2.p2.m1","tex":"$k$","context":{"sentence-num-in-corpus":"13086","subsection-xmlid":"C23.S6.SS2","sentence-xmlid":"C23.S6.SS2.p2.s1","chapter-title":"Weierstrass Elliptic and Modular Functions","chapter-xmlid":"C23","section-title":"Relations to Other Functions","sentence-num-in-chapter":"132","section-xmlid":"C23.S6","sentence-num-in-section":"15","para-num-of-sentences":"3","para-xmlid":"C23.S6.SS2.p2","subsection-title":"Jacobian Elliptic Functions"}}}{"expression":{"xml-id":"C23.S6.SS2.p2.m2","tex":"$K=K\\left(k\\right)$","context":{"sentence-num-in-corpus":"13086","subsection-xmlid":"C23.S6.SS2","sentence-xmlid":"C23.S6.SS2.p2.s1","chapter-title":"Weierstrass Elliptic and Modular Functions","chapter-xmlid":"C23","section-title":"Relations to Other Functions","sentence-num-in-chapter":"132","section-xmlid":"C23.S6","sentence-num-in-section":"15","para-num-of-sentences":"3","para-xmlid":"C23.S6.SS2.p2","subsection-title":"Jacobian Elliptic Functions"},"content-tex":"$\\compellintKk@@{k}=\\compellintKk@{k}$"}}{"expression":{"xml-id":"C23.S6.SS2.p2.m3","tex":"${K^{\\prime}}=K\\left(k^{\\prime}\\right)$","context":{"sentence-num-in-corpus":"13086","subsection-xmlid":"C23.S6.SS2","sentence-xmlid":"C23.S6.SS2.p2.s1","chapter-title":"Weierstrass Elliptic and Modular Functions","chapter-xmlid":"C23","section-title":"Relations to Other Functions","sentence-num-in-chapter":"132","section-xmlid":"C23.S6","sentence-num-in-section":"15","para-num-of-sentences":"3","para-xmlid":"C23.S6.SS2.p2","subsection-title":"Jacobian Elliptic Functions"},"content-tex":"$\\ccompellintKk@@{k}=\\compellintKk@{k^{\\prime}}$"}}{"expression":{"xml-id":"C23.S6.SS2.p2.m4","tex":"$\\mathbb{L}_{\\mspace{1.0mu }1}$","context":{"sentence-num-in-corpus":"13087","subsection-xmlid":"C23.S6.SS2","sentence-xmlid":"C23.S6.SS2.p2.s2","chapter-title":"Weierstrass Elliptic and Modular Functions","chapter-xmlid":"C23","section-title":"Relations to Other Functions","sentence-num-in-chapter":"133","section-xmlid":"C23.S6","sentence-num-in-section":"16","para-num-of-sentences":"3","para-xmlid":"C23.S6.SS2.p2","subsection-title":"Jacobian Elliptic Functions"}}}{"expression":{"xml-id":"C23.S6.SS2.p2.m5","tex":"$\\mathbb{L}_{\\mspace{1.0mu }2}$","context":{"sentence-num-in-corpus":"13087","subsection-xmlid":"C23.S6.SS2","sentence-xmlid":"C23.S6.SS2.p2.s2","chapter-title":"Weierstrass Elliptic and Modular Functions","chapter-xmlid":"C23","section-title":"Relations to Other Functions","sentence-num-in-chapter":"133","section-xmlid":"C23.S6","sentence-num-in-section":"16","para-num-of-sentences":"3","para-xmlid":"C23.S6.SS2.p2","subsection-title":"Jacobian Elliptic Functions"}}}{"expression":{"xml-id":"C23.S6.SS2.p2.m6","tex":"$\\mathbb{L}_{\\mspace{1.0mu }3}$","context":{"sentence-num-in-corpus":"13087","subsection-xmlid":"C23.S6.SS2","sentence-xmlid":"C23.S6.SS2.p2.s2","chapter-title":"Weierstrass Elliptic and Modular Functions","chapter-xmlid":"C23","section-title":"Relations to Other Functions","sentence-num-in-chapter":"133","section-xmlid":"C23.S6","sentence-num-in-section":"16","para-num-of-sentences":"3","para-xmlid":"C23.S6.SS2.p2","subsection-title":"Jacobian Elliptic Functions"}}}{"expression":{"xml-id":"C23.S6.SS2.p2.m7","tex":"$(4K,2\\mathrm{i}{K^{\\prime}})$","context":{"sentence-num-in-corpus":"13087","subsection-xmlid":"C23.S6.SS2","sentence-xmlid":"C23.S6.SS2.p2.s2","chapter-title":"Weierstrass Elliptic and Modular Functions","chapter-xmlid":"C23","section-title":"Relations to Other Functions","sentence-num-in-chapter":"133","section-xmlid":"C23.S6","sentence-num-in-section":"16","para-num-of-sentences":"3","para-xmlid":"C23.S6.SS2.p2","subsection-title":"Jacobian Elliptic Functions"},"content-tex":"$(4\\compellintKk@@{k},2\\iunit\\ccompellintKk@@{k})$"}}{"expression":{"xml-id":"C23.S6.SS2.p2.m8","tex":"$(2K-2\\mathrm{i}{K^{\\prime}},2K+2\\mathrm{i}{K^{\\prime}})$","context":{"sentence-num-in-corpus":"13087","subsection-xmlid":"C23.S6.SS2","sentence-xmlid":"C23.S6.SS2.p2.s2","chapter-title":"Weierstrass Elliptic and Modular Functions","chapter-xmlid":"C23","section-title":"Relations to Other Functions","sentence-num-in-chapter":"133","section-xmlid":"C23.S6","sentence-num-in-section":"16","para-num-of-sentences":"3","para-xmlid":"C23.S6.SS2.p2","subsection-title":"Jacobian Elliptic Functions"},"content-tex":"$(2\\compellintKk@@{k}-2\\iunit\\ccompellintKk@@{k},2\\compellintKk@@{k}+2\\iunit \\ccompellintKk@@{k})$"}}{"expression":{"xml-id":"C23.S6.SS2.p2.m9","tex":"$(2K,4\\mathrm{i}{K^{\\prime}})$","context":{"sentence-num-in-corpus":"13087","subsection-xmlid":"C23.S6.SS2","sentence-xmlid":"C23.S6.SS2.p2.s2","chapter-title":"Weierstrass Elliptic and Modular Functions","chapter-xmlid":"C23","section-title":"Relations to Other Functions","sentence-num-in-chapter":"133","section-xmlid":"C23.S6","sentence-num-in-section":"16","para-num-of-sentences":"3","para-xmlid":"C23.S6.SS2.p2","subsection-title":"Jacobian Elliptic Functions"},"content-tex":"$(2\\compellintKk@@{k},4\\iunit\\ccompellintKk@@{k})$"}}{"equation":{"symbols-used":[{"symbol":{"tex":"$\\operatorname{ns}\\left(\\NVar{z},\\NVar{k}\\right)$","meaning":"Jacobian elliptic function","idref":"C22.S2.E4","content-tex":"$\\Jacobiellnsk@{\\NVar{z}}{\\NVar{k}}$"}},null,{"symbol":{"tex":"$K\\left(\\NVar{k}\\right)$","meaning":"Legendre\u2019s complete elliptic integral of the first kind","idref":"C19.S2.E8","content-tex":"$\\compellintKk@{\\NVar{k}}$"}},{"symbol":{"tex":"$\\mathbb{L}$","meaning":"lattice","idref":"C23.S1.p2.t1.r1"}},{"symbol":{"tex":"$z$","meaning":"complex","idref":"C23.S1.p2.t1.r4"}},{"symbol":{"tex":"$k$","meaning":"modulus","idref":"C23.S6.SS2.p1"}}],"xml-id":"C23.S6.E27","tex":"$\\zeta\\left(z|\\mathbb{L}_{\\mspace{1.0mu }1}\\right)-\\zeta\\left(z+2K|\\mathbb{L}_{ \\mspace{1.0mu }1}\\right)+\\zeta\\left(2K|\\mathbb{L}_{\\mspace{1.0mu }1}\\right)= \\operatorname{ns}\\left(z,k\\right),$","context":{"sentence-num-in-corpus":"13088","subsection-xmlid":"C23.S6.SS2","sentence-xmlid":"C23.S6.SS2.p2.s3","chapter-title":"Weierstrass Elliptic and Modular Functions","chapter-xmlid":"C23","section-title":"Relations to Other Functions","sentence-num-in-chapter":"134","section-xmlid":"C23.S6","sentence-num-in-section":"17","para-num-of-sentences":"3","para-xmlid":"C23.S6.SS2.p2","subsection-title":"Jacobian Elliptic Functions"},"permalink":"http:\/\/dlmf.nist.gov\/23.6.E27","equation-number":"23.6.27","content-tex":"$\\Weierstrasszetalatt@{z}{\\mathbb{L}_{\\mspace{1.0mu }1}}-\\Weierstrasszetalatt@{ z+2\\compellintKk@@{k}}{\\mathbb{L}_{\\mspace{1.0mu }1}}+\\Weierstrasszetalatt@{2 \\compellintKk@@{k}}{\\mathbb{L}_{\\mspace{1.0mu }1}}=\\Jacobiellnsk@{z}{k},$"}}{"equation":{"symbols-used":[{"symbol":{"tex":"$\\operatorname{ds}\\left(\\NVar{z},\\NVar{k}\\right)$","meaning":"Jacobian elliptic function","idref":"C22.S2.E7","content-tex":"$\\Jacobielldsk@{\\NVar{z}}{\\NVar{k}}$"}},null,{"symbol":{"tex":"$K\\left(\\NVar{k}\\right)$","meaning":"Legendre\u2019s complete elliptic integral of the first kind","idref":"C19.S2.E8","content-tex":"$\\compellintKk@{\\NVar{k}}$"}},{"symbol":{"tex":"$\\mathbb{L}$","meaning":"lattice","idref":"C23.S1.p2.t1.r1"}},{"symbol":{"tex":"$z$","meaning":"complex","idref":"C23.S1.p2.t1.r4"}},{"symbol":{"tex":"$k$","meaning":"modulus","idref":"C23.S6.SS2.p1"}}],"xml-id":"C23.S6.E28","tex":"$\\zeta\\left(z|\\mathbb{L}_{\\mspace{1.0mu }2}\\right)-\\zeta\\left(z+2K|\\mathbb{L}_{ \\mspace{1.0mu }2}\\right)+\\zeta\\left(2K|\\mathbb{L}_{\\mspace{1.0mu }2}\\right)= \\operatorname{ds}\\left(z,k\\right),$","context":{"sentence-num-in-corpus":"13088","subsection-xmlid":"C23.S6.SS2","sentence-xmlid":"C23.S6.SS2.p2.s3","chapter-title":"Weierstrass Elliptic and Modular Functions","chapter-xmlid":"C23","section-title":"Relations to Other Functions","sentence-num-in-chapter":"134","section-xmlid":"C23.S6","sentence-num-in-section":"17","para-num-of-sentences":"3","para-xmlid":"C23.S6.SS2.p2","subsection-title":"Jacobian Elliptic Functions"},"permalink":"http:\/\/dlmf.nist.gov\/23.6.E28","equation-number":"23.6.28","content-tex":"$\\Weierstrasszetalatt@{z}{\\mathbb{L}_{\\mspace{1.0mu }2}}-\\Weierstrasszetalatt@{ z+2\\compellintKk@@{k}}{\\mathbb{L}_{\\mspace{1.0mu }2}}+\\Weierstrasszetalatt@{2 \\compellintKk@@{k}}{\\mathbb{L}_{\\mspace{1.0mu }2}}=\\Jacobielldsk@{z}{k},$"}}{"equation":{"symbols-used":[{"symbol":{"tex":"$\\operatorname{cs}\\left(\\NVar{z},\\NVar{k}\\right)$","meaning":"Jacobian elliptic function","idref":"C22.S2.E9","content-tex":"$\\Jacobiellcsk@{\\NVar{z}}{\\NVar{k}}$"}},null,{"symbol":{"tex":"${K^{\\prime}}\\left(\\NVar{k}\\right)$","meaning":"Legendre\u2019s complementary complete elliptic integral of the first kind","idref":"C19.S2.E9","content-tex":"$\\ccompellintKk@{\\NVar{k}}$"}},{"symbol":{"tex":"$\\mathrm{i}$","meaning":"imaginary unit","idref":"C1.S9.E1","content-tex":"$\\iunit$"}},{"symbol":{"tex":"$\\mathbb{L}$","meaning":"lattice","idref":"C23.S1.p2.t1.r1"}},{"symbol":{"tex":"$z$","meaning":"complex","idref":"C23.S1.p2.t1.r4"}},{"symbol":{"tex":"$k$","meaning":"modulus","idref":"C23.S6.SS2.p1"}}],"xml-id":"C23.S6.E29","tex":"$\\zeta\\left(z|\\mathbb{L}_{\\mspace{1.0mu }3}\\right)-\\zeta\\left(z+2\\mathrm{i}{K^{ \\prime}}|\\mathbb{L}_{\\mspace{1.0mu }3}\\right)-\\zeta\\left(2\\mathrm{i}{K^{\\prime }}|\\mathbb{L}_{\\mspace{1.0mu }3}\\right)=\\operatorname{cs}\\left(z,k\\right).$","context":{"sentence-num-in-corpus":"13088","subsection-xmlid":"C23.S6.SS2","sentence-xmlid":"C23.S6.SS2.p2.s3","chapter-title":"Weierstrass Elliptic and Modular Functions","chapter-xmlid":"C23","section-title":"Relations to Other Functions","sentence-num-in-chapter":"134","section-xmlid":"C23.S6","sentence-num-in-section":"17","para-num-of-sentences":"3","para-xmlid":"C23.S6.SS2.p2","subsection-title":"Jacobian Elliptic Functions"},"permalink":"http:\/\/dlmf.nist.gov\/23.6.E29","equation-number":"23.6.29","content-tex":"$\\Weierstrasszetalatt@{z}{\\mathbb{L}_{\\mspace{1.0mu }3}}-\\Weierstrasszetalatt@{ z+2\\iunit\\ccompellintKk@@{k}}{\\mathbb{L}_{\\mspace{1.0mu }3}}- \\Weierstrasszetalatt@{2\\iunit\\ccompellintKk@@{k}}{\\mathbb{L}_{\\mspace{1.0mu }3 }}=\\Jacobiellcsk@{z}{k}.$"}}{"expression":{"xml-id":"C23.S6.SS2.p5.m1","tex":"$\\operatorname{sn}$","context":{"sentence-num-in-corpus":"13090","subsection-xmlid":"C23.S6.SS2","sentence-xmlid":"C23.S6.SS2.p5.s1","chapter-title":"Weierstrass Elliptic and Modular Functions","chapter-xmlid":"C23","section-title":"Relations to Other Functions","sentence-num-in-chapter":"136","section-xmlid":"C23.S6","sentence-num-in-section":"19","para-num-of-sentences":"1","para-xmlid":"C23.S6.SS2.p5","subsection-title":"Jacobian Elliptic Functions"},"content-tex":"$\\Jacobiellsnk$"}}{"expression":{"xml-id":"C23.S6.SS2.p5.m2","tex":"$\\operatorname{cn}$","context":{"sentence-num-in-corpus":"13090","subsection-xmlid":"C23.S6.SS2","sentence-xmlid":"C23.S6.SS2.p5.s1","chapter-title":"Weierstrass Elliptic and Modular Functions","chapter-xmlid":"C23","section-title":"Relations to Other Functions","sentence-num-in-chapter":"136","section-xmlid":"C23.S6","sentence-num-in-section":"19","para-num-of-sentences":"1","para-xmlid":"C23.S6.SS2.p5","subsection-title":"Jacobian Elliptic Functions"},"content-tex":"$\\Jacobiellcnk$"}}{"expression":{"xml-id":"C23.S6.SS2.p5.m3","tex":"$\\operatorname{dn}$","context":{"sentence-num-in-corpus":"13090","subsection-xmlid":"C23.S6.SS2","sentence-xmlid":"C23.S6.SS2.p5.s1","chapter-title":"Weierstrass Elliptic and Modular Functions","chapter-xmlid":"C23","section-title":"Relations to Other Functions","sentence-num-in-chapter":"136","section-xmlid":"C23.S6","sentence-num-in-section":"19","para-num-of-sentences":"1","para-xmlid":"C23.S6.SS2.p5","subsection-title":"Jacobian Elliptic Functions"},"content-tex":"$\\Jacobielldnk$"}}{"expression":{"xml-id":"C23.S6.SS2.p5.m4","tex":"$\\sigma$","context":{"sentence-num-in-corpus":"13090","subsection-xmlid":"C23.S6.SS2","sentence-xmlid":"C23.S6.SS2.p5.s1","chapter-title":"Weierstrass Elliptic and Modular Functions","chapter-xmlid":"C23","section-title":"Relations to Other Functions","sentence-num-in-chapter":"136","section-xmlid":"C23.S6","sentence-num-in-section":"19","para-num-of-sentences":"1","para-xmlid":"C23.S6.SS2.p5","subsection-title":"Jacobian Elliptic Functions"},"content-tex":"$\\Weierstrasssigmalatt$"}}{"expression":{"xml-id":"C23.S6.SS3.p1.m1","tex":"$\\sigma\\left(z\\right)$","context":{"sentence-num-in-corpus":"13091","subsection-xmlid":"C23.S6.SS3","sentence-xmlid":"C23.S6.SS3.p1.s1","chapter-title":"Weierstrass Elliptic and Modular Functions","chapter-xmlid":"C23","section-title":"Relations to Other Functions","sentence-num-in-chapter":"137","section-xmlid":"C23.S6","sentence-num-in-section":"20","para-num-of-sentences":"1","para-xmlid":"C23.S6.SS3.p1","subsection-title":"General Elliptic Functions"},"content-tex":"$\\Weierstrasssigmalatt@@{z}{\\mathbb{L}}$"}}{"expression":{"xml-id":"C23.S6.SS3.p1.m2","tex":"$\\wp\\left(z\\right)$","context":{"sentence-num-in-corpus":"13091","subsection-xmlid":"C23.S6.SS3","sentence-xmlid":"C23.S6.SS3.p1.s1","chapter-title":"Weierstrass Elliptic and Modular Functions","chapter-xmlid":"C23","section-title":"Relations to Other Functions","sentence-num-in-chapter":"137","section-xmlid":"C23.S6","sentence-num-in-section":"20","para-num-of-sentences":"1","para-xmlid":"C23.S6.SS3.p1","subsection-title":"General Elliptic Functions"},"content-tex":"$\\Weierstrassplatt@@{z}{\\mathbb{L}}$"}}{"expression":{"xml-id":"C23.S6.SS3.p1.m3","tex":"$\\zeta\\left(z\\right)$","context":{"sentence-num-in-corpus":"13091","subsection-xmlid":"C23.S6.SS3","sentence-xmlid":"C23.S6.SS3.p1.s1","chapter-title":"Weierstrass Elliptic and Modular Functions","chapter-xmlid":"C23","section-title":"Relations to Other Functions","sentence-num-in-chapter":"137","section-xmlid":"C23.S6","sentence-num-in-section":"20","para-num-of-sentences":"1","para-xmlid":"C23.S6.SS3.p1","subsection-title":"General Elliptic Functions"},"content-tex":"$\\Weierstrasszetalatt@@{z}{\\mathbb{L}}$"}}{"expression":{"xml-id":"C23.S6.Px1.p1.m1","tex":"$z$","context":{"sentence-num-in-corpus":"13092","sentence-xmlid":"C23.S6.Px1.p1.s1","chapter-title":"Weierstrass Elliptic and Modular Functions","chapter-xmlid":"C23","paragraph-xmlid":"C23.S6.Px1","sentence-num-in-chapter":"138","section-xmlid":"C23.S6","sentence-num-in-section":"21","para-xmlid":"C23.S6.Px1.p1","subsection-title":"Elliptic Integrals","subsection-xmlid":"C23.S6.SS4","paragraph-title":"Rectangular Lattice","section-title":"Relations to Other Functions","para-num-of-sentences":"5"}}}{"expression":{"xml-id":"C23.S6.Px1.p1.m2","tex":"$0,2\\omega_{1},2\\omega_{1}+2\\omega_{3},2\\omega_{3}$","context":{"sentence-num-in-corpus":"13092","sentence-xmlid":"C23.S6.Px1.p1.s1","chapter-title":"Weierstrass Elliptic and Modular Functions","chapter-xmlid":"C23","paragraph-xmlid":"C23.S6.Px1","sentence-num-in-chapter":"138","section-xmlid":"C23.S6","sentence-num-in-section":"21","para-xmlid":"C23.S6.Px1.p1","subsection-title":"Elliptic Integrals","subsection-xmlid":"C23.S6.SS4","paragraph-title":"Rectangular Lattice","section-title":"Relations to Other Functions","para-num-of-sentences":"5"}}}{"expression":{"xml-id":"C23.S6.Px1.p1.m3","tex":"$t=\\wp\\left(z\\right)$","context":{"sentence-num-in-corpus":"13093","sentence-xmlid":"C23.S6.Px1.p1.s2","chapter-title":"Weierstrass Elliptic and Modular Functions","chapter-xmlid":"C23","paragraph-xmlid":"C23.S6.Px1","sentence-num-in-chapter":"139","section-xmlid":"C23.S6","sentence-num-in-section":"22","para-xmlid":"C23.S6.Px1.p1","subsection-title":"Elliptic Integrals","subsection-xmlid":"C23.S6.SS4","paragraph-title":"Rectangular Lattice","section-title":"Relations to Other Functions","para-num-of-sentences":"5"},"content-tex":"$t=\\Weierstrassplatt@@{z}{\\mathbb{L}}$"}}{"expression":{"xml-id":"C23.S6.XMD5.m1","tex":"$t$","context":{"chapter-title":"Weierstrass Elliptic and Modular Functions","chapter-xmlid":"C23"}}}{"equation":{"symbols-used":[{"symbol":{"tex":"$e_{\\NVar{j}}$","meaning":"Weierstrass lattice roots","idref":"C23.S3.SS1","content-tex":"$\\Weierstrasselatt{\\NVar{j}}@@{\\NVar{\\mathbb{L}}}$"}},{"symbol":{"tex":"$\\mathrm{d}\\NVar{x}$","meaning":"differential of $x$","idref":"C1.S4.SS4","content-tex":"$\\diff{\\NVar{x}}$"}},{"symbol":{"tex":"$\\in$","meaning":"element of","idref":"introduction.Sx4.p1.t1.r10"}},{"symbol":{"tex":"$\\int$","meaning":"integral","idref":"C1.S4.SS4"}},{"symbol":{"tex":"$(\\NVar{a},\\NVar{b}]$","meaning":"half-closed interval","idref":"introduction.Sx4.p2.t1.r1"}},{"symbol":{"tex":"$\\mathbb{L}$","meaning":"lattice","idref":"C23.S1.p2.t1.r1"}},{"symbol":{"tex":"$z$","meaning":"complex","idref":"C23.S1.p2.t1.r4"}},{"symbol":{"tex":"$\\omega_{1}$","meaning":"lattice generators","idref":"C23.S1.p2.t1.r8"}},null],"xml-id":"C23.S6.E30","tex":"$z=\\frac{1}{2}\\int_{t}^{\\infty}\\frac{\\mathrm{d}u}{\\sqrt{(u-e_{1})(u-e_{2})(u-e_ {3})}},$","context":{"sentence-num-in-corpus":"13094","sentence-xmlid":"C23.S6.Px1.p1.s3","chapter-title":"Weierstrass Elliptic and Modular Functions","chapter-xmlid":"C23","paragraph-xmlid":"C23.S6.Px1","sentence-num-in-chapter":"140","section-xmlid":"C23.S6","sentence-num-in-section":"23","para-xmlid":"C23.S6.Px1.p1","subsection-title":"Elliptic Integrals","subsection-xmlid":"C23.S6.SS4","paragraph-title":"Rectangular Lattice","section-title":"Relations to Other Functions","para-num-of-sentences":"5"},"permalink":"http:\/\/dlmf.nist.gov\/23.6.E30","equation-number":"23.6.30","constraints":{"tex":"$t\\geq e_{1}$, $z\\in(0,\\omega_{1}]$,","content-tex":"$t\\geq\\Weierstrasselatt{1}@@{\\mathbb{L}}$, $z\\in(0,\\omega_{1}]$,"},"content-tex":"$z=\\frac{1}{2}\\int_{t}^{\\infty}\\frac{\\diff{u}}{\\sqrt{(u-\\Weierstrasselatt{1}@@{ \\mathbb{L}})(u-\\Weierstrasselatt{2}@@{\\mathbb{L}})(u-\\Weierstrasselatt{3}@@{ \\mathbb{L}})}},$"}}{"equation":{"symbols-used":[{"symbol":{"tex":"$e_{\\NVar{j}}$","meaning":"Weierstrass lattice roots","idref":"C23.S3.SS1","content-tex":"$\\Weierstrasselatt{\\NVar{j}}@@{\\NVar{\\mathbb{L}}}$"}},{"symbol":{"tex":"$[\\NVar{a},\\NVar{b}]$","meaning":"closed interval","idref":"introduction.Sx4.p1.t1.r30"}},{"symbol":{"tex":"$\\mathrm{d}\\NVar{x}$","meaning":"differential of $x$","idref":"C1.S4.SS4","content-tex":"$\\diff{\\NVar{x}}$"}},{"symbol":{"tex":"$\\in$","meaning":"element of","idref":"introduction.Sx4.p1.t1.r10"}},{"symbol":{"tex":"$\\mathrm{i}$","meaning":"imaginary unit","idref":"C1.S9.E1","content-tex":"$\\iunit$"}},{"symbol":{"tex":"$\\int$","meaning":"integral","idref":"C1.S4.SS4"}},{"symbol":{"tex":"$\\mathbb{L}$","meaning":"lattice","idref":"C23.S1.p2.t1.r1"}},{"symbol":{"tex":"$z$","meaning":"complex","idref":"C23.S1.p2.t1.r4"}},{"symbol":{"tex":"$\\omega_{1}$","meaning":"lattice generators","idref":"C23.S1.p2.t1.r8"}},null],"xml-id":"C23.S6.E31","tex":"$z-\\omega_{1}=\\frac{i}{2}\\int_{t}^{e_{1}}\\frac{\\mathrm{d}u}{\\sqrt{(e_{1}-u)(u-e _{2})(u-e_{3})}},$","context":{"sentence-num-in-corpus":"13094","sentence-xmlid":"C23.S6.Px1.p1.s3","chapter-title":"Weierstrass Elliptic and Modular Functions","chapter-xmlid":"C23","paragraph-xmlid":"C23.S6.Px1","sentence-num-in-chapter":"140","section-xmlid":"C23.S6","sentence-num-in-section":"23","para-xmlid":"C23.S6.Px1.p1","subsection-title":"Elliptic Integrals","subsection-xmlid":"C23.S6.SS4","paragraph-title":"Rectangular Lattice","section-title":"Relations to Other Functions","para-num-of-sentences":"5"},"permalink":"http:\/\/dlmf.nist.gov\/23.6.E31","equation-number":"23.6.31","constraints":{"tex":"$e_{2}\\leq t\\leq e_{1}$, $z\\in[\\omega_{1},\\omega_{1}+\\omega_{3}]$,","content-tex":"$\\Weierstrasselatt{2}@@{\\mathbb{L}}\\leq t\\leq\\Weierstrasselatt{1}@@{\\mathbb{L}}$, $z\\in[\\omega_{1},\\omega_{1}+\\omega_{3}]$,"},"content-tex":"$z-\\omega_{1}=\\frac{i}{2}\\int_{t}^{\\Weierstrasselatt{1}@@{\\mathbb{L}}}\\frac{ \\diff{u}}{\\sqrt{(\\Weierstrasselatt{1}@@{\\mathbb{L}}-u)(u-\\Weierstrasselatt{2} @@{\\mathbb{L}})(u-\\Weierstrasselatt{3}@@{\\mathbb{L}})}},$"}}{"equation":{"symbols-used":[{"symbol":{"tex":"$e_{\\NVar{j}}$","meaning":"Weierstrass lattice roots","idref":"C23.S3.SS1","content-tex":"$\\Weierstrasselatt{\\NVar{j}}@@{\\NVar{\\mathbb{L}}}$"}},{"symbol":{"tex":"$[\\NVar{a},\\NVar{b}]$","meaning":"closed interval","idref":"introduction.Sx4.p1.t1.r30"}},{"symbol":{"tex":"$\\mathrm{d}\\NVar{x}$","meaning":"differential of $x$","idref":"C1.S4.SS4","content-tex":"$\\diff{\\NVar{x}}$"}},{"symbol":{"tex":"$\\in$","meaning":"element of","idref":"introduction.Sx4.p1.t1.r10"}},{"symbol":{"tex":"$\\int$","meaning":"integral","idref":"C1.S4.SS4"}},{"symbol":{"tex":"$\\mathbb{L}$","meaning":"lattice","idref":"C23.S1.p2.t1.r1"}},{"symbol":{"tex":"$z$","meaning":"complex","idref":"C23.S1.p2.t1.r4"}},{"symbol":{"tex":"$\\omega_{1}$","meaning":"lattice generators","idref":"C23.S1.p2.t1.r8"}},null],"xml-id":"C23.S6.E32","tex":"$z-\\omega_{3}=\\frac{1}{2}\\int_{e_{3}}^{t}\\frac{\\mathrm{d}u}{\\sqrt{(e_{1}-u)(e_{ 2}-u)(u-e_{3})}},$","context":{"sentence-num-in-corpus":"13094","sentence-xmlid":"C23.S6.Px1.p1.s3","chapter-title":"Weierstrass Elliptic and Modular Functions","chapter-xmlid":"C23","paragraph-xmlid":"C23.S6.Px1","sentence-num-in-chapter":"140","section-xmlid":"C23.S6","sentence-num-in-section":"23","para-xmlid":"C23.S6.Px1.p1","subsection-title":"Elliptic Integrals","subsection-xmlid":"C23.S6.SS4","paragraph-title":"Rectangular Lattice","section-title":"Relations to Other Functions","para-num-of-sentences":"5"},"permalink":"http:\/\/dlmf.nist.gov\/23.6.E32","equation-number":"23.6.32","constraints":{"tex":"$e_{3}\\leq t\\leq e_{2}$, $z\\in[\\omega_{3},\\omega_{1}+\\omega_{3}]$,","content-tex":"$\\Weierstrasselatt{3}@@{\\mathbb{L}}\\leq t\\leq\\Weierstrasselatt{2}@@{\\mathbb{L}}$, $z\\in[\\omega_{3},\\omega_{1}+\\omega_{3}]$,"},"content-tex":"$z-\\omega_{3}=\\frac{1}{2}\\int_{\\Weierstrasselatt{3}@@{\\mathbb{L}}}^{t}\\frac{ \\diff{u}}{\\sqrt{(\\Weierstrasselatt{1}@@{\\mathbb{L}}-u)(\\Weierstrasselatt{2}@@{ \\mathbb{L}}-u)(u-\\Weierstrasselatt{3}@@{\\mathbb{L}})}},$"}}{"equation":{"symbols-used":[{"symbol":{"tex":"$e_{\\NVar{j}}$","meaning":"Weierstrass lattice roots","idref":"C23.S3.SS1","content-tex":"$\\Weierstrasselatt{\\NVar{j}}@@{\\NVar{\\mathbb{L}}}$"}},{"symbol":{"tex":"$\\mathrm{d}\\NVar{x}$","meaning":"differential of $x$","idref":"C1.S4.SS4","content-tex":"$\\diff{\\NVar{x}}$"}},{"symbol":{"tex":"$\\in$","meaning":"element of","idref":"introduction.Sx4.p1.t1.r10"}},{"symbol":{"tex":"$\\mathrm{i}$","meaning":"imaginary unit","idref":"C1.S9.E1","content-tex":"$\\iunit$"}},{"symbol":{"tex":"$\\int$","meaning":"integral","idref":"C1.S4.SS4"}},{"symbol":{"tex":"$(\\NVar{a},\\NVar{b}]$","meaning":"half-closed interval","idref":"introduction.Sx4.p2.t1.r1"}},{"symbol":{"tex":"$\\mathbb{L}$","meaning":"lattice","idref":"C23.S1.p2.t1.r1"}},{"symbol":{"tex":"$z$","meaning":"complex","idref":"C23.S1.p2.t1.r4"}},{"symbol":{"tex":"$\\omega_{1}$","meaning":"lattice generators","idref":"C23.S1.p2.t1.r8"}},null],"xml-id":"C23.S6.E33","tex":"$z=\\frac{i}{2}\\int_{-\\infty}^{t}\\frac{\\mathrm{d}u}{\\sqrt{(e_{1}-u)(e_{2}-u)(e_{ 3}-u)}},$","context":{"sentence-num-in-corpus":"13094","sentence-xmlid":"C23.S6.Px1.p1.s3","chapter-title":"Weierstrass Elliptic and Modular Functions","chapter-xmlid":"C23","paragraph-xmlid":"C23.S6.Px1","sentence-num-in-chapter":"140","section-xmlid":"C23.S6","sentence-num-in-section":"23","para-xmlid":"C23.S6.Px1.p1","subsection-title":"Elliptic Integrals","subsection-xmlid":"C23.S6.SS4","paragraph-title":"Rectangular Lattice","section-title":"Relations to Other Functions","para-num-of-sentences":"5"},"permalink":"http:\/\/dlmf.nist.gov\/23.6.E33","equation-number":"23.6.33","constraints":{"tex":"$t\\leq e_{3}$, $z\\in(0,\\omega_{3}]$.","content-tex":"$t\\leq\\Weierstrasselatt{3}@@{\\mathbb{L}}$, $z\\in(0,\\omega_{3}]$."},"content-tex":"$z=\\frac{i}{2}\\int_{-\\infty}^{t}\\frac{\\diff{u}}{\\sqrt{(\\Weierstrasselatt{1}@@{ \\mathbb{L}}-u)(\\Weierstrasselatt{2}@@{\\mathbb{L}}-u)(\\Weierstrasselatt{3}@@{ \\mathbb{L}}-u)}},$"}}{"equation":{"symbols-used":[{"symbol":{"tex":"$e_{\\NVar{j}}$","meaning":"Weierstrass lattice roots","idref":"C23.S3.SS1","content-tex":"$\\Weierstrasselatt{\\NVar{j}}@@{\\NVar{\\mathbb{L}}}$"}},{"symbol":{"tex":"$\\mathrm{d}\\NVar{x}$","meaning":"differential of $x$","idref":"C1.S4.SS4","content-tex":"$\\diff{\\NVar{x}}$"}},{"symbol":{"tex":"$\\int$","meaning":"integral","idref":"C1.S4.SS4"}},{"symbol":{"tex":"$\\mathbb{L}$","meaning":"lattice","idref":"C23.S1.p2.t1.r1"}},{"symbol":{"tex":"$\\omega_{1}$","meaning":"lattice generators","idref":"C23.S1.p2.t1.r8"}}],"xml-id":"C23.S6.E34","tex":"$2\\omega_{1}=\\int_{e_{1}}^{\\infty}\\frac{\\mathrm{d}u}{\\sqrt{(u-e_{1})(u-e_{2})(u -e_{3})}}=\\int_{e_{3}}^{e_{2}}\\frac{\\mathrm{d}u}{\\sqrt{(e_{1}-u)(e_{2}-u)(u-e_ {3})}},$","context":{"sentence-num-in-corpus":"13095","sentence-xmlid":"C23.S6.Px1.p1.s4","chapter-title":"Weierstrass Elliptic and Modular Functions","chapter-xmlid":"C23","paragraph-xmlid":"C23.S6.Px1","sentence-num-in-chapter":"141","section-xmlid":"C23.S6","sentence-num-in-section":"24","para-xmlid":"C23.S6.Px1.p1","subsection-title":"Elliptic Integrals","subsection-xmlid":"C23.S6.SS4","paragraph-title":"Rectangular Lattice","section-title":"Relations to Other Functions","para-num-of-sentences":"5"},"permalink":"http:\/\/dlmf.nist.gov\/23.6.E34","equation-number":"23.6.34","content-tex":"$2\\omega_{1}=\\int_{\\Weierstrasselatt{1}@@{\\mathbb{L}}}^{\\infty}\\frac{\\diff{u}}{ \\sqrt{(u-\\Weierstrasselatt{1}@@{\\mathbb{L}})(u-\\Weierstrasselatt{2}@@{\\mathbb{ L}})(u-\\Weierstrasselatt{3}@@{\\mathbb{L}})}}=\\int_{\\Weierstrasselatt{3}@@{ \\mathbb{L}}}^{\\Weierstrasselatt{2}@@{\\mathbb{L}}}\\frac{\\diff{u}}{\\sqrt{( \\Weierstrasselatt{1}@@{\\mathbb{L}}-u)(\\Weierstrasselatt{2}@@{\\mathbb{L}}-u)(u- \\Weierstrasselatt{3}@@{\\mathbb{L}})}},$"}}{"equation":{"symbols-used":[{"symbol":{"tex":"$e_{\\NVar{j}}$","meaning":"Weierstrass lattice roots","idref":"C23.S3.SS1","content-tex":"$\\Weierstrasselatt{\\NVar{j}}@@{\\NVar{\\mathbb{L}}}$"}},{"symbol":{"tex":"$\\mathrm{d}\\NVar{x}$","meaning":"differential of $x$","idref":"C1.S4.SS4","content-tex":"$\\diff{\\NVar{x}}$"}},{"symbol":{"tex":"$\\mathrm{i}$","meaning":"imaginary unit","idref":"C1.S9.E1","content-tex":"$\\iunit$"}},{"symbol":{"tex":"$\\int$","meaning":"integral","idref":"C1.S4.SS4"}},{"symbol":{"tex":"$\\mathbb{L}$","meaning":"lattice","idref":"C23.S1.p2.t1.r1"}},{"symbol":{"tex":"$\\omega_{1}$","meaning":"lattice generators","idref":"C23.S1.p2.t1.r8"}}],"xml-id":"C23.S6.E35","tex":"$2\\omega_{3}=i\\int_{e_{2}}^{e_{1}}\\frac{\\mathrm{d}u}{\\sqrt{(e_{1}-u)(u-e_{2})(u -e_{3})}}=i\\int_{-\\infty}^{e_{3}}\\frac{\\mathrm{d}u}{\\sqrt{(e_{1}-u)(e_{2}-u)(e _{3}-u)}}.$","context":{"sentence-num-in-corpus":"13095","sentence-xmlid":"C23.S6.Px1.p1.s4","chapter-title":"Weierstrass Elliptic and Modular Functions","chapter-xmlid":"C23","paragraph-xmlid":"C23.S6.Px1","sentence-num-in-chapter":"141","section-xmlid":"C23.S6","sentence-num-in-section":"24","para-xmlid":"C23.S6.Px1.p1","subsection-title":"Elliptic Integrals","subsection-xmlid":"C23.S6.SS4","paragraph-title":"Rectangular Lattice","section-title":"Relations to Other Functions","para-num-of-sentences":"5"},"permalink":"http:\/\/dlmf.nist.gov\/23.6.E35","equation-number":"23.6.35","content-tex":"$2\\omega_{3}=i\\int_{\\Weierstrasselatt{2}@@{\\mathbb{L}}}^{\\Weierstrasselatt{1}@@ {\\mathbb{L}}}\\frac{\\diff{u}}{\\sqrt{(\\Weierstrasselatt{1}@@{\\mathbb{L}}-u)(u- \\Weierstrasselatt{2}@@{\\mathbb{L}})(u-\\Weierstrasselatt{3}@@{\\mathbb{L}})}}=i \\int_{-\\infty}^{\\Weierstrasselatt{3}@@{\\mathbb{L}}}\\frac{\\diff{u}}{\\sqrt{( \\Weierstrasselatt{1}@@{\\mathbb{L}}-u)(\\Weierstrasselatt{2}@@{\\mathbb{L}}-u)( \\Weierstrasselatt{3}@@{\\mathbb{L}}-u)}}.$"}}{"expression":{"xml-id":"C23.S6.Px2.p1.m1","tex":"$z$","context":{"sentence-num-in-corpus":"13099","sentence-xmlid":"C23.S6.Px2.p1.s1","chapter-title":"Weierstrass Elliptic and Modular Functions","chapter-xmlid":"C23","paragraph-xmlid":"C23.S6.Px2","sentence-num-in-chapter":"145","section-xmlid":"C23.S6","sentence-num-in-section":"28","para-xmlid":"C23.S6.Px2.p1","subsection-title":"Elliptic Integrals","subsection-xmlid":"C23.S6.SS4","paragraph-title":"General Lattice","section-title":"Relations to Other Functions","para-num-of-sentences":"2"}}}{"expression":{"xml-id":"C23.S6.Px2.p1.m2","tex":"$\\mathbb{C}$","context":{"sentence-num-in-corpus":"13099","sentence-xmlid":"C23.S6.Px2.p1.s1","chapter-title":"Weierstrass Elliptic and Modular Functions","chapter-xmlid":"C23","paragraph-xmlid":"C23.S6.Px2","sentence-num-in-chapter":"145","section-xmlid":"C23.S6","sentence-num-in-section":"28","para-xmlid":"C23.S6.Px2.p1","subsection-title":"Elliptic Integrals","subsection-xmlid":"C23.S6.SS4","paragraph-title":"General Lattice","section-title":"Relations to Other Functions","para-num-of-sentences":"2"},"content-tex":"$\\Complexes$"}}{"expression":{"xml-id":"C23.S6.Px2.p1.m3","tex":"$e_{1},e_{2},e_{3}$","context":{"sentence-num-in-corpus":"13099","sentence-xmlid":"C23.S6.Px2.p1.s1","chapter-title":"Weierstrass Elliptic and Modular Functions","chapter-xmlid":"C23","paragraph-xmlid":"C23.S6.Px2","sentence-num-in-chapter":"145","section-xmlid":"C23.S6","sentence-num-in-section":"28","para-xmlid":"C23.S6.Px2.p1","subsection-title":"Elliptic Integrals","subsection-xmlid":"C23.S6.SS4","paragraph-title":"General Lattice","section-title":"Relations to Other Functions","para-num-of-sentences":"2"},"content-tex":"$\\Weierstrasselatt{1}@@{\\mathbb{L}},\\Weierstrasselatt{2}@@{\\mathbb{L}}, \\Weierstrasselatt{3}@@{\\mathbb{L}}$"}}{"expression":{"xml-id":"C23.S6.Px2.p1.m4","tex":"$w$","context":{"sentence-num-in-corpus":"13099","sentence-xmlid":"C23.S6.Px2.p1.s1","chapter-title":"Weierstrass Elliptic and Modular Functions","chapter-xmlid":"C23","paragraph-xmlid":"C23.S6.Px2","sentence-num-in-chapter":"145","section-xmlid":"C23.S6","sentence-num-in-section":"28","para-xmlid":"C23.S6.Px2.p1","subsection-title":"Elliptic Integrals","subsection-xmlid":"C23.S6.SS4","paragraph-title":"General Lattice","section-title":"Relations to Other Functions","para-num-of-sentences":"2"}}}{"equation":{"symbols-used":[{"symbol":{"tex":"$e_{\\NVar{j}}$","meaning":"Weierstrass lattice roots","idref":"C23.S3.SS1","content-tex":"$\\Weierstrasselatt{\\NVar{j}}@@{\\NVar{\\mathbb{L}}}$"}},{"symbol":{"tex":"$g_{\\NVar{j}}$","meaning":"Weierstrass lattice invariants $g_{2}$ , $g_{3}$","idref":"C23.S3.EGx1","content-tex":"$\\Weierstrassinvarlatt{\\NVar{j}}@@{\\NVar{\\mathbb{L}}}$"}},{"symbol":{"tex":"$\\mathrm{d}\\NVar{x}$","meaning":"differential of $x$","idref":"C1.S4.SS4","content-tex":"$\\diff{\\NVar{x}}$"}},{"symbol":{"tex":"$\\int$","meaning":"integral","idref":"C1.S4.SS4"}},{"symbol":{"tex":"$\\mathbb{L}$","meaning":"lattice","idref":"C23.S1.p2.t1.r1"}},{"symbol":{"tex":"$z$","meaning":"complex","idref":"C23.S1.p2.t1.r4"}}],"xml-id":"C23.S6.E36","tex":"$w=\\int_{z}^{\\infty}\\frac{\\mathrm{d}u}{\\sqrt{4u^{3}-g_{2}u-g_{3}}}=\\frac{1}{2} \\int_{z}^{\\infty}\\frac{\\mathrm{d}u}{\\sqrt{(u-e_{1})(u-e_{2})(u-e_{3})}},$","context":{"sentence-num-in-corpus":"13099","sentence-xmlid":"C23.S6.Px2.p1.s1","chapter-title":"Weierstrass Elliptic and Modular Functions","chapter-xmlid":"C23","paragraph-xmlid":"C23.S6.Px2","sentence-num-in-chapter":"145","section-xmlid":"C23.S6","sentence-num-in-section":"28","para-xmlid":"C23.S6.Px2.p1","subsection-title":"Elliptic Integrals","subsection-xmlid":"C23.S6.SS4","paragraph-title":"General Lattice","section-title":"Relations to Other Functions","para-num-of-sentences":"2"},"permalink":"http:\/\/dlmf.nist.gov\/23.6.E36","equation-number":"23.6.36","content-tex":"$w=\\int_{z}^{\\infty}\\frac{\\diff{u}}{\\sqrt{4u^{3}-\\Weierstrassinvarlatt{2}@@{ \\mathbb{L}}u-\\Weierstrassinvarlatt{3}@@{\\mathbb{L}}}}=\\frac{1}{2}\\int_{z}^{ \\infty}\\frac{\\diff{u}}{\\sqrt{(u-\\Weierstrasselatt{1}@@{\\mathbb{L}})(u- \\Weierstrasselatt{2}@@{\\mathbb{L}})(u-\\Weierstrasselatt{3}@@{\\mathbb{L}})}},$"}}{"expression":{"xml-id":"C23.S6.Px2.p1.m5","tex":"$z$","context":{"sentence-num-in-corpus":"13099","sentence-xmlid":"C23.S6.Px2.p1.s1","chapter-title":"Weierstrass Elliptic and Modular Functions","chapter-xmlid":"C23","paragraph-xmlid":"C23.S6.Px2","sentence-num-in-chapter":"145","section-xmlid":"C23.S6","sentence-num-in-section":"28","para-xmlid":"C23.S6.Px2.p1","subsection-title":"Elliptic Integrals","subsection-xmlid":"C23.S6.SS4","paragraph-title":"General Lattice","section-title":"Relations to Other Functions","para-num-of-sentences":"2"}}}{"expression":{"xml-id":"C23.S6.Px2.p1.m6","tex":"$\\infty$","context":{"sentence-num-in-corpus":"13099","sentence-xmlid":"C23.S6.Px2.p1.s1","chapter-title":"Weierstrass Elliptic and Modular Functions","chapter-xmlid":"C23","paragraph-xmlid":"C23.S6.Px2","sentence-num-in-chapter":"145","section-xmlid":"C23.S6","sentence-num-in-section":"28","para-xmlid":"C23.S6.Px2.p1","subsection-title":"Elliptic Integrals","subsection-xmlid":"C23.S6.SS4","paragraph-title":"General Lattice","section-title":"Relations to Other Functions","para-num-of-sentences":"2"}}}{"expression":{"xml-id":"C23.S6.Px2.p1.m7","tex":"$e_{1},e_{2},e_{3}$","context":{"sentence-num-in-corpus":"13099","sentence-xmlid":"C23.S6.Px2.p1.s1","chapter-title":"Weierstrass Elliptic and Modular Functions","chapter-xmlid":"C23","paragraph-xmlid":"C23.S6.Px2","sentence-num-in-chapter":"145","section-xmlid":"C23.S6","sentence-num-in-section":"28","para-xmlid":"C23.S6.Px2.p1","subsection-title":"Elliptic Integrals","subsection-xmlid":"C23.S6.SS4","paragraph-title":"General Lattice","section-title":"Relations to Other Functions","para-num-of-sentences":"2"},"content-tex":"$\\Weierstrasselatt{1}@@{\\mathbb{L}},\\Weierstrasselatt{2}@@{\\mathbb{L}}, \\Weierstrasselatt{3}@@{\\mathbb{L}}$"}}{"expression":{"xml-id":"C23.S6.Px2.p1.m8","tex":"$z=\\wp\\left(w\\right)$","context":{"sentence-num-in-corpus":"13100","sentence-xmlid":"C23.S6.Px2.p1.s2","chapter-title":"Weierstrass Elliptic and Modular Functions","chapter-xmlid":"C23","paragraph-xmlid":"C23.S6.Px2","sentence-num-in-chapter":"146","section-xmlid":"C23.S6","sentence-num-in-section":"29","para-xmlid":"C23.S6.Px2.p1","subsection-title":"Elliptic Integrals","subsection-xmlid":"C23.S6.SS4","paragraph-title":"General Lattice","section-title":"Relations to Other Functions","para-num-of-sentences":"2"},"content-tex":"$z=\\Weierstrassplatt@@{w}{\\mathbb{L}}$"}}{"expression":{"xml-id":"C23.S6.Px2.p1.m9","tex":"$w$","context":{"sentence-num-in-corpus":"13100","sentence-xmlid":"C23.S6.Px2.p1.s2","chapter-title":"Weierstrass Elliptic and Modular Functions","chapter-xmlid":"C23","paragraph-xmlid":"C23.S6.Px2","sentence-num-in-chapter":"146","section-xmlid":"C23.S6","sentence-num-in-section":"29","para-xmlid":"C23.S6.Px2.p1","subsection-title":"Elliptic Integrals","subsection-xmlid":"C23.S6.SS4","paragraph-title":"General Lattice","section-title":"Relations to Other Functions","para-num-of-sentences":"2"}}}