{"equation":{"symbols-used":[null,{"symbol":{"tex":"$e_{\\NVar{j}}$","meaning":"Weierstrass lattice roots","idref":"C23.S3.SS1","content-tex":"$\\Weierstrasselatt{\\NVar{j}}@@{\\NVar{\\mathbb{L}}}$"}},{"symbol":{"tex":"$K\\left(\\NVar{k}\\right)$","meaning":"Legendre\u2019s complete elliptic integral of the first kind","idref":"C19.S2.E8","content-tex":"$\\compellintKk@{\\NVar{k}}$"}},{"symbol":{"tex":"$\\mathbb{L}$","meaning":"lattice","idref":"C23.S1.p2.t1.r1"}},{"symbol":{"tex":"$\\omega_{1}$","meaning":"lattice generators","idref":"C23.S1.p2.t1.r8"}},{"symbol":{"tex":"$k$","meaning":"modulus","idref":"C23.S6.SS2.p1"}},{"symbol":{"tex":"$k^{\\prime}$","meaning":"complementary modulus","idref":"C23.S6.SS2.p1"}}],"context-references":{"sentence-num-in-corpus":"13101","sentence-xmlid":"C23.S7.p1.s1","chapter-title":"Weierstrass Elliptic and Modular Functions","chapter-xmlid":"C23","section-title":"Quarter Periods","sentence-num-in-chapter":"147","section-xmlid":"C23.S7","sentence-num-in-section":"1","para-num-of-sentences":"1","para-xmlid":"C23.S7.p1"},"xml-id":"C23.S7.E1","tex":"$\\wp\\left(\\tfrac{1}{2}\\omega_{1}\\right)=e_{1}+\\sqrt{(e_{1}-e_{3})(e_{1}-e_{2})} =e_{1}+\\omega_{1}^{-2}(K\\left(k\\right))^{2}k^{\\prime},$","permalink":"http:\/\/dlmf.nist.gov\/23.7.E1","equation-number":"23.7.1","content-tex":"$\\Weierstrassplatt@@{\\tfrac{1}{2}\\omega_{1}}{\\mathbb{L}}=\\Weierstrasselatt{1}@@ {\\mathbb{L}}+\\sqrt{(\\Weierstrasselatt{1}@@{\\mathbb{L}}-\\Weierstrasselatt{3}@@{ \\mathbb{L}})(\\Weierstrasselatt{1}@@{\\mathbb{L}}-\\Weierstrasselatt{2}@@{\\mathbb {L}})}=\\Weierstrasselatt{1}@@{\\mathbb{L}}+\\omega_{1}^{-2}(\\compellintKk@{k})^{ 2}k^{\\prime},$"}}{"equation":{"symbols-used":[null,{"symbol":{"tex":"$e_{\\NVar{j}}$","meaning":"Weierstrass lattice roots","idref":"C23.S3.SS1","content-tex":"$\\Weierstrasselatt{\\NVar{j}}@@{\\NVar{\\mathbb{L}}}$"}},{"symbol":{"tex":"$K\\left(\\NVar{k}\\right)$","meaning":"Legendre\u2019s complete elliptic integral of the first kind","idref":"C19.S2.E8","content-tex":"$\\compellintKk@{\\NVar{k}}$"}},{"symbol":{"tex":"$\\mathrm{i}$","meaning":"imaginary unit","idref":"C1.S9.E1","content-tex":"$\\iunit$"}},{"symbol":{"tex":"$\\mathbb{L}$","meaning":"lattice","idref":"C23.S1.p2.t1.r1"}},{"symbol":{"tex":"$\\omega_{1}$","meaning":"lattice generators","idref":"C23.S1.p2.t1.r8"}},{"symbol":{"tex":"$k$","meaning":"modulus","idref":"C23.S6.SS2.p1"}},{"symbol":{"tex":"$k^{\\prime}$","meaning":"complementary modulus","idref":"C23.S6.SS2.p1"}}],"context-references":{"sentence-num-in-corpus":"13101","sentence-xmlid":"C23.S7.p1.s1","chapter-title":"Weierstrass Elliptic and Modular Functions","chapter-xmlid":"C23","section-title":"Quarter Periods","sentence-num-in-chapter":"147","section-xmlid":"C23.S7","sentence-num-in-section":"1","para-num-of-sentences":"1","para-xmlid":"C23.S7.p1"},"xml-id":"C23.S7.E2","tex":"$\\wp\\left(\\tfrac{1}{2}\\omega_{2}\\right)=e_{2}-i\\sqrt{(e_{1}-e_{2})(e_{2}-e_{3}) }=e_{2}-i\\omega_{1}^{-2}(K\\left(k\\right))^{2}kk^{\\prime},$","permalink":"http:\/\/dlmf.nist.gov\/23.7.E2","equation-number":"23.7.2","content-tex":"$\\Weierstrassplatt@@{\\tfrac{1}{2}\\omega_{2}}{\\mathbb{L}}=\\Weierstrasselatt{2}@@ {\\mathbb{L}}-i\\sqrt{(\\Weierstrasselatt{1}@@{\\mathbb{L}}-\\Weierstrasselatt{2}@@ {\\mathbb{L}})(\\Weierstrasselatt{2}@@{\\mathbb{L}}-\\Weierstrasselatt{3}@@{ \\mathbb{L}})}=\\Weierstrasselatt{2}@@{\\mathbb{L}}-i\\omega_{1}^{-2}( \\compellintKk@{k})^{2}kk^{\\prime},$"}}{"equation":{"symbols-used":[null,{"symbol":{"tex":"$e_{\\NVar{j}}$","meaning":"Weierstrass lattice roots","idref":"C23.S3.SS1","content-tex":"$\\Weierstrasselatt{\\NVar{j}}@@{\\NVar{\\mathbb{L}}}$"}},{"symbol":{"tex":"$K\\left(\\NVar{k}\\right)$","meaning":"Legendre\u2019s complete elliptic integral of the first kind","idref":"C19.S2.E8","content-tex":"$\\compellintKk@{\\NVar{k}}$"}},{"symbol":{"tex":"$\\mathbb{L}$","meaning":"lattice","idref":"C23.S1.p2.t1.r1"}},{"symbol":{"tex":"$\\omega_{1}$","meaning":"lattice generators","idref":"C23.S1.p2.t1.r8"}},{"symbol":{"tex":"$k$","meaning":"modulus","idref":"C23.S6.SS2.p1"}}],"context-references":{"sentence-num-in-corpus":"13101","sentence-xmlid":"C23.S7.p1.s1","chapter-title":"Weierstrass Elliptic and Modular Functions","chapter-xmlid":"C23","section-title":"Quarter Periods","sentence-num-in-chapter":"147","section-xmlid":"C23.S7","sentence-num-in-section":"1","para-num-of-sentences":"1","para-xmlid":"C23.S7.p1"},"xml-id":"C23.S7.E3","tex":"$\\wp\\left(\\tfrac{1}{2}\\omega_{3}\\right)=e_{3}-\\sqrt{(e_{1}-e_{3})(e_{2}-e_{3})} =e_{3}-\\omega_{1}^{-2}(K\\left(k\\right))^{2}k,$","permalink":"http:\/\/dlmf.nist.gov\/23.7.E3","equation-number":"23.7.3","content-tex":"$\\Weierstrassplatt@@{\\tfrac{1}{2}\\omega_{3}}{\\mathbb{L}}=\\Weierstrasselatt{3}@@ {\\mathbb{L}}-\\sqrt{(\\Weierstrasselatt{1}@@{\\mathbb{L}}-\\Weierstrasselatt{3}@@{ \\mathbb{L}})(\\Weierstrasselatt{2}@@{\\mathbb{L}}-\\Weierstrasselatt{3}@@{\\mathbb {L}})}=\\Weierstrasselatt{3}@@{\\mathbb{L}}-\\omega_{1}^{-2}(\\compellintKk@{k})^{ 2}k,$"}}{"expression":{"context-references":{"sentence-num-in-corpus":"13101","sentence-xmlid":"C23.S7.p1.s1","chapter-title":"Weierstrass Elliptic and Modular Functions","chapter-xmlid":"C23","section-title":"Quarter Periods","sentence-num-in-chapter":"147","section-xmlid":"C23.S7","sentence-num-in-section":"1","para-num-of-sentences":"1","para-xmlid":"C23.S7.p1"},"xml-id":"C23.S7.p1.m1","tex":"$k,k^{\\prime}$"}}